229,229,230,27,229,229,230,187,229,229,87,37,27,27,41,41,41,41,27,29,27,41,27,27,27,41,27,27,27,41,41,41,27,27,41,41,27,41,27,41,41,29,41,27,41,27,41,27,41,27,27,41,41,41,41,41,27,41,41,41,41,27,41,41,27,27,27,41,27,41,27,27,41,35,27,41,27,27,41,41,199,27,27,229,41,27,230,27,229,229,27,27,41,27,41,41,27,41,41,27,41,41,27,41,47,41,27,27,41,41,27,27,41,38,30,27,41,41,27,203,41,27,44,27,27,41,41,41,41,27,39,41,39,27,38,27,37,41,41,40,27,27,91,27,27,27,59,41,41,229,84,36,223,27,187,27,41,154,41,41,41,27,27,41,27,60,41,27,39,27,29,184,27,29,229,230,27,27,230,230,229,41,27,41,27,27,39,223,41,27,27,41,41,41,27,30,41,27,27,38,41,229,41,27,41,41,229,41,41,27,41,29,41,41,41,27,41,27,41,27,41,41,27,27,27,27,27,41,41,132,27,27,27,27,54,229,27,27,27,27,27,27,230,76,230,27,230,158,230,228,43,41,41,27,27,41,195,27,40,40,39,78,150,230,230,27,230,214,214,230,27,41,230,27,27,27,27,41,41,27,41,27,27,27,41,41,37,41,41,41,63,229,230,27,27,115,41,27,41,230,190,27,229,27,27,160,27,203,27,223,230,27,230,37,230,41,224,192,27,229,27,41,41,27,27,41,229,27,27,212,41,41,27,41,41,27,27,41,41,41,27,41,27,27,41,41,41,41,27,27,27,41,41,27,31,27,41,27,27,41,41,41,27,27,41,27,41,41,41,27,27,41,27,41,230,41,89,230,230,179,41,41,27,29,27,27,194,230,230,27,41,229,27,41,41,41,41,41,37,41,27,230,29,41,27,47,27,39,27,198,41,41,41,41,40,35,41,41,27,27,27,31,27,27,27,27,41,41,41,27,41,27,41,41,41,41,31,41,33,33,27,37,38,41,27,27,27,27,27,96,35,41,41,42,41,27,27,27,41,230,41,229,41,27,41,27,29,229,27,27,41,27,230,86,29,27,27,229,230,124,41,229,27,229,27,38,27,27,27,183,41,41,41,41,41,41,41,41,41,27,27,41,41,29,41,209,27,27,41,27,27,27,41,41,40,27,29,41,41,27,34,28,41,27,41,27,27,30,41,95,27,41,27,105,221,27,27,229,41,28,182,214,27,27,41,86,230,229,160,27,80,41,41,41,41,41,27,27,27,41,41,41,230,27,27,230,41,27,27,168,41,41,34,41,27,41,41,41,41,40,41,41,27,41,27,27,41,41,27,41,41,38,41,41,41,27,41,41,27,41,112,27,178,86,79,27,27,41,230,161,27,41,27,41,27,27,29,27,41,27,27,27,27,27,225,229,27,230,229,41,27,28,27,41,55,27,37,41,41,41,27,39,27,35,41,28,41,41,27,41,41,27,27,27,41,36,27,27,41,41,38,41,27,27,27,35,27,38,41,27,41,41,27,41,41,41,41,27,27,41,36,41,38,41,27,30,41,41,39,41,41,41,27,40,41,41,41,41,41,41,41,41,41,41,41,41,41,41,41,41,27,41,27,29,41,41,41,86,27,27,31,230,215,41,41,41,27,27,41,27,41,27,27,37,41,41,41,27,30,30,41,41,29,27,27,41,41,27,41,27,27,41,27,39,27,27,35,27,41,41,41,41,40,27,27,41,41,27,41,27,41,27,41,41,41,41,41,41,41,37,27,88,27,27,41,27,41,27,190,27,41,41,41,27,41,27,41,32,41,41,27,41,41,30,41,27,41,41,27,41,41,41,41,27,41,27,41,41,41,41,41,27,41,41,27,27,41,27,41,27,41,41,41,41,41,41,41,41,41,41,29,41,27,35,41,41,41,27,41,41,41,27,41,41,41,27,41,27,41,27,41,27,41,41,40,27,27,27,35,36,41,41,41,41,27,27,27,30,27,41,27,41,41,41,40,41,41,29,27,27,41,41,31,41,27,41,27,41,27,39,27,41,41,27,41,27,41,27,27,41,41,37,41,41,41,41,41,27,40,41,27,41,41,27,27,41,27,27,27,41,41,41,27,41,41,41,39,41,27,27,27,27,41,41,27,41,40,35,27,41,27,41,27,35,27,41,38,41,27,41,27,41,41,27,41,41,27,41,27,41,27,41,41,41,27,27,27,41,27,39,41,41,27,39,41,27,113,27,41,41,41,41,41,27,27,41,41,184,230,41
229,229,230,27,229,229,230,187,229,229,87,37,27,27,41,41,41,41,27,29,27,41,27,27,27,41,27,27,27,41,41,41,27,27,41,41,27,41,27,41,41,29,41,27,41,27,41,27,41,27,27,41,41,41,41,41,27,41,41,41,41,27,41,41,27,27,27,41,27,41,27,27,41,35,27,41,27,27,41,41,199,27,27,229,41,27,230,27,229,229,27,27,41,27,41,41,27,41,41,27,41,41,27,41,47,41,27,27,41,41,27,27,41,38,30,27,41,41,27,203,41,27,44,27,27,41,41,41,41,27,39,41,39,27,38,27,37,41,41,40,27,27,91,27,27,27,59,41,41,229,84,36,223,27,187,27,41,154,41,41,41,27,27,41,27,60,41,27,39,27,29,184,27,29,229,230,27,27,230,230,229,41,27,41,27,27,39,223,41,27,27,41,41,41,27,30,41,27,27,38,41,229,41,27,41,41,229,41,41,27,41,29,41,41,41,27,41,27,41,27,41,41,27,27,27,27,27,41,41,132,27,27,27,27,54,229,27,27,27,27,27,27,230,76,230,27,230,158,230,228,43,41,41,27,27,41,195,27,40,40,39,78,150,230,230,27,230,214,214,230,27,41,230,27,27,27,27,41,41,27,41,27,27,27,41,41,37,41,41,41,63,229,230,27,27,115,41,27,41,230,190,27,229,27,27,160,27,203,27,223,230,27,230,37,230,41,224,192,27,229,27,41,41,27,27,41,229,27,27,212,41,41,27,41,41,27,27,41,41,41,27,41,27,27,41,41,41,41,27,27,27,41,41,27,31,27,41,27,27,41,41,41,27,27,41,27,41,41,41,27,27,41,27,41,230,41,89,230,230,179,41,41,27,29,27,27,194,230,230,27,41,229,27,41,41,41,41,41,37,41,27,230,29,41,27,47,27,39,27,198,41,41,41,41,40,35,41,41,27,27,27,31,27,27,27,27,41,41,41,27,41,27,41,41,41,41,31,41,33,33,27,37,38,41,27,27,27,27,27,96,35,41,41,42,41,27,27,27,41,230,41,229,41,27,41,27,29,229,27,27,41,27,230,86,29,27,27,229,230,124,41,229,27,229,27,38,27,27,27,183,41,41,41,41,41,41,41,41,41,27,27,41,41,29,41,209,27,27,41,27,27,27,41,41,40,27,29,41,41,27,34,28,41,27,41,27,27,30,41,95,27,41,27,105,221,27,27,229,41,28,182,214,27,27,41,86,230,229,160,27,80,41,41,41,41,41,27,27,27,41,41,41,230,27,27,230,41,27,27,168,41,41,34,41,27,41,41,41,41,40,41,41,27,41,27,27,41,41,27,41,41,38,41,41,41,27,41,41,27,41,112,27,178,86,79,27,27,41,230,161,27,41,27,41,27,27,29,27,41,27,27,27,27,27,225,229,27,230,229,41,27,28,27,41,55,27,37,41,41,41,27,39,27,35,41,28,41,41,27,41,41,27,27,27,41,36,27,27,41,41,38,41,27,27,27,35,27,38,41,27,41,41,27,41,41,41,41,27,27,41,36,41,38,41,27,30,41,41,39,41,41,41,27,40,41,41,41,41,41,41,41,41,41,41,41,41,41,41,41,41,27,41,27,29,41,41,41,86,27,27,31,230,215,41,41,41,27,27,41,27,41,27,27,37,41,41,41,27,30,30,41,41,29,27,27,41,41,27,41,27,27,41,27,39,27,27,35,27,41,41,41,41,40,27,27,41,41,27,41,27,41,27,41,41,41,41,41,41,41,37,27,88,27,27,41,27,41,27,190,27,41,41,41,27,41,27,41,32,41,41,27,41,41,30,41,27,41,41,27,41,41,41,41,27,41,27,41,41,41,41,41,27,41,41,27,27,41,27,41,27,41,41,41,41,41,41,41,41,41,41,29,41,27,35,41,41,41,27,41,41,41,27,41,41,41,27,41,27,41,27,41,27,41,41,40,27,27,27,35,36,41,41,41,41,27,27,27,30,27,41,27,41,41,41,40,41,41,29,27,27,41,41,31,41,27,41,27,41,27,39,27,41,41,27,41,27,41,27,27,41,41,37,41,41,41,41,41,27,40,41,27,41,41,27,27,41,27,27,27,41,41,41,27,41,41,41,39,41,27,27,27,27,41,41,27,41,40,35,27,41,27,41,27,35,27,41,38,41,27,41,27,41,41,27,41,41,27,41,27,41,27,41,41,41,27,27,27,41,27,39,41,41,27,39,41,27,113,27,41,41,41,41,41,27,27,41,41,184,230,41
185,229,229,27,229,229,215,72,229,229,87,30,27,27,41,41,41,41,27,36,27,41,27,27,27,39,27,27,27,41,41,39,27,27,41,41,27,41,27,41,40,27,41,27,41,27,41,27,41,27,27,41,41,41,41,41,27,41,41,41,41,27,41,41,27,29,27,41,27,41,27,27,41,40,27,41,27,27,41,41,229,27,41,229,106,27,230,27,229,229,29,41,41,27,41,41,27,41,41,28,41,41,27,41,41,41,27,27,41,41,27,27,41,30,27,27,41,41,27,203,41,27,27,27,27,41,41,41,41,27,41,41,41,27,30,27,41,41,41,41,27,27,183,27,27,27,215,80,41,229,41,41,229,27,89,27,41,41,41,41,41,27,27,41,27,216,41,27,41,27,34,84,27,35,229,230,27,27,230,230,229,74,28,41,27,27,41,229,41,27,27,41,41,41,27,38,41,27,27,38,41,229,41,27,41,40,229,41,41,27,41,35,41,41,41,27,41,27,41,27,41,49,27,27,27,27,27,41,41,132,27,27,27,27,27,230,27,27,27,27,27,27,230,182,230,27,230,32,230,228,43,41,62,27,27,41,230,27,41,28,174,27,65,230,230,27,230,150,150,230,27,41,230,27,27,27,27,41,41,27,40,27,27,27,41,41,41,38,41,41,199,229,230,27,27,200,41,27,41,230,190,27,229,27,27,160,27,229,27,230,230,27,230,41,230,41,230,229,27,229,27,41,83,27,27,41,184,27,27,212,41,41,27,41,41,27,27,41,41,41,27,41,27,27,41,41,41,41,27,27,27,41,36,27,27,27,41,27,27,41,41,41,27,27,41,27,41,41,41,36,27,222,27,41,230,41,42,230,214,230,41,41,27,39,27,41,228,230,230,27,41,229,27,41,41,41,41,41,41,41,27,230,39,41,27,41,27,30,27,198,41,40,41,41,37,40,41,41,27,27,27,38,27,27,27,27,41,41,41,27,32,27,41,41,41,41,30,41,28,33,27,41,41,41,27,29,27,27,27,43,30,41,41,41,41,29,27,27,38,230,41,229,41,27,41,27,27,223,27,27,41,27,230,178,39,27,27,229,230,124,41,229,27,229,41,41,27,27,27,183,41,41,41,41,41,41,41,41,41,27,27,41,41,27,41,72,27,27,41,27,27,27,41,41,41,27,27,41,41,27,34,27,41,27,41,27,27,27,41,95,27,41,27,221,229,27,27,229,41,28,229,146,27,27,38,178,230,229,27,30,75,41,41,41,41,41,27,27,27,28,41,41,230,27,27,230,41,27,27,168,41,41,39,41,27,41,41,41,41,40,41,41,27,41,27,27,41,41,41,41,41,41,41,41,34,27,27,41,27,41,33,27,229,180,184,27,27,42,225,161,27,41,27,41,27,27,27,27,41,41,27,27,27,27,100,229,27,230,229,41,27,39,27,41,115,27,41,41,41,41,27,30,27,40,41,27,41,41,27,41,41,27,27,27,36,41,27,27,41,41,31,41,27,30,27,40,30,30,41,27,41,41,27,41,41,41,41,27,27,41,36,41,31,41,27,37,41,41,41,41,41,41,27,41,41,41,41,41,41,41,41,41,41,41,40,41,41,41,41,38,27,41,27,34,41,41,41,178,27,27,31,230,230,57,41,41,27,27,41,27,41,27,27,41,41,41,41,27,38,30,41,41,27,27,27,41,41,27,41,27,27,41,27,41,27,27,29,27,41,41,41,41,28,27,27,41,41,27,41,27,41,27,41,41,41,41,36,41,41,37,27,88,27,27,41,27,41,27,96,27,41,41,41,27,39,27,27,27,41,41,27,41,41,27,41,27,41,41,27,41,41,41,41,27,41,27,41,41,41,41,41,27,41,41,27,27,41,27,41,27,41,41,41,41,41,41,41,41,41,41,29,41,27,40,41,41,41,27,41,41,41,27,41,41,40,27,41,27,41,27,27,27,36,41,41,27,30,27,36,27,41,41,41,41,27,27,27,38,27,41,27,41,41,41,41,41,41,27,27,27,41,41,27,41,27,41,27,41,27,41,30,41,41,27,41,27,41,27,27,41,41,41,41,35,41,41,41,27,35,41,27,41,41,27,27,41,27,27,27,41,41,41,27,41,41,41,29,41,27,27,27,27,37,41,27,38,35,29,27,41,27,41,27,28,27,41,30,41,27,41,27,41,41,27,41,41,27,41,27,41,27,41,41,41,29,27,27,41,27,41,41,41,41,41,41,27,44,27,41,41,41,41,41,27,27,41,41,73,230,41
74,229,229,160,229,229,148,27,229,229,87,27,27,27,27,41,41,41,27,40,27,41,27,27,27,33,27,27,27,41,41,29,27,27,41,41,27,41,27,41,36,27,41,27,41,27,41,30,41,27,27,41,41,41,41,40,27,41,41,41,41,27,41,41,27,35,27,40,27,41,27,27,41,41,27,41,36,27,41,41,229,27,41,229,229,27,230,29,229,209,39,41,41,27,41,41,27,41,41,40,41,41,30,41,41,41,27,27,41,41,27,27,41,27,27,27,41,41,27,203,41,27,27,27,27,41,41,41,41,27,41,41,41,27,27,27,41,41,41,41,27,27,229,27,27,27,229,186,41,229,41,41,229,27,42,27,41,27,39,41,41,27,27,41,27,230,41,27,41,27,39,27,27,40,229,215,27,27,230,230,229,189,40,41,27,27,41,229,53,27,27,41,41,41,27,41,41,27,27,38,41,184,41,27,41,34,196,41,41,28,41,40,41,41,41,27,41,27,41,27,41,111,27,27,27,27,41,41,41,132,27,27,27,27,27,230,27,27,27,27,27,38,230,230,230,27,230,27,230,228,44,41,203,27,27,41,230,27,41,27,183,27,27,227,230,27,230,65,65,230,27,41,230,27,41,27,27,41,41,28,28,27,27,27,41,41,41,31,41,41,228,229,230,27,27,229,41,27,41,230,190,27,229,28,27,27,27,229,27,230,160,27,229,41,230,41,230,229,27,229,27,41,176,27,27,41,84,30,27,27,41,41,27,41,41,27,27,41,41,41,27,41,27,29,41,41,41,41,27,27,27,41,27,27,27,27,41,27,27,41,41,41,27,27,41,36,41,41,41,41,27,230,27,42,230,224,41,214,146,230,41,41,30,41,27,41,229,197,230,27,46,229,27,41,41,41,41,41,41,41,27,230,41,40,27,41,27,27,27,164,41,35,41,41,34,41,41,41,27,27,27,41,27,27,27,27,41,41,41,27,27,27,41,41,41,41,38,41,27,33,27,41,41,41,27,35,27,27,29,41,27,41,41,41,41,35,27,27,30,230,41,229,41,27,41,27,27,155,27,27,41,27,230,230,41,27,27,229,230,111,41,229,27,229,41,41,27,27,27,183,38,41,41,41,38,41,41,41,41,27,27,38,43,27,41,42,27,27,41,27,27,29,41,41,41,27,27,41,41,27,34,27,41,27,41,27,27,27,41,95,27,41,27,229,229,27,27,229,41,28,230,59,27,27,31,230,230,229,27,37,57,41,41,41,39,36,27,27,27,27,41,41,230,27,27,230,41,27,27,168,41,41,41,55,27,41,41,41,41,40,41,41,27,41,29,27,41,41,41,41,39,41,41,41,41,41,27,41,27,41,33,27,230,229,229,27,27,80,156,161,27,41,27,41,27,27,27,27,41,41,41,27,27,27,30,229,40,230,229,41,27,41,27,41,194,27,41,41,41,41,27,27,27,41,41,27,41,41,27,41,41,27,27,27,27,41,27,27,41,41,27,40,27,37,27,41,38,27,41,27,41,41,27,41,41,40,40,27,27,41,36,41,27,41,27,41,41,41,41,41,41,41,27,41,41,41,41,38,41,41,41,41,41,41,35,41,41,41,41,30,27,41,27,37,41,42,41,229,27,27,31,230,230,120,41,41,30,27,41,27,41,41,27,41,41,41,41,27,41,30,41,41,27,27,27,27,41,27,41,27,27,41,27,41,27,27,27,27,41,41,41,41,27,27,27,41,41,27,41,27,41,27,41,41,41,41,27,41,41,37,27,27,27,27,55,27,41,27,35,27,41,41,41,27,30,27,27,27,41,41,27,41,41,27,41,27,41,41,27,41,41,41,41,27,41,27,41,41,41,41,41,27,41,41,27,27,41,27,41,27,41,41,41,41,41,41,41,41,41,41,29,41,27,41,41,41,41,27,41,41,41,27,41,41,35,27,41,27,41,29,27,27,27,41,41,27,37,27,41,27,41,41,41,41,29,27,27,41,27,41,27,41,41,41,41,41,28,27,27,27,41,41,27,41,27,41,27,41,27,41,38,41,41,27,40,27,41,41,27,41,41,41,41,28,41,41,41,27,29,41,27,41,41,27,27,41,27,27,27,41,41,41,27,41,41,41,27,41,27,27,27,27,30,41,29,31,29,27,27,41,27,41,27,27,27,41,27,41,27,41,27,41,41,27,41,41,27,41,27,41,27,41,41,41,28,27,27,41,28,41,41,27,41,41,41,27,27,27,41,41,41,41,41,27,27,41,41,27,200,41
74,229,229,160,229,229,148,27,229,229,87,27,27,27,27,41,41,41,27,40,27,41,27,27,27,33,27,27,27,41,41,29,27,27,41,41,27,41,27,41,36,27,41,27,41,27,41,30,41,27,27,41,41,41,41,40,27,41,41,41,41,27,41,41,27,35,27,40,27,41,27,27,41,41,27,41,36,27,41,41,229,27,41,229,229,27,230,29,229,209,39,41,41,27,41,41,27,41,41,40,41,41,30,41,41,41,27,27,41,41,27,27,41,27,27,27,41,41,27,203,41,27,27,27,27,41,41,41,41,27,41,41,41,27,27,27,41,41,41,41,27,27,229,27,27,27,229,186,41,229,41,41,229,27,42,27,41,27,39,41,41,27,27,41,27,230,41,27,41,27,39,27,27,40,229,215,27,27,230,230,229,189,40,41,27,27,41,229,53,27,27,41,41,41,27,41,41,27,27,38,41,184,41,27,41,34,196,41,41,28,41,40,41,41,41,27,41,27,41,27,41,111,27,27,27,27,41,41,41,132,27,27,27,27,27,230,27,27,27,27,27,38,230,230,230,27,230,27,230,228,44,41,203,27,27,41,230,27,41,27,183,27,27,227,230,27,230,65,65,230,27,41,230,27,41,27,27,41,41,28,28,27,27,27,41,41,41,31,41,41,228,229,230,27,27,229,41,27,41,230,190,27,229,28,27,27,27,229,27,230,160,27,229,41,230,41,230,229,27,229,27,41,176,27,27,41,84,30,27,27,41,41,27,41,41,27,27,41,41,41,27,41,27,29,41,41,41,41,27,27,27,41,27,27,27,27,41,27,27,41,41,41,27,27,41,36,41,41,41,41,27,230,27,42,230,224,41,214,146,230,41,41,30,41,27,41,229,197,230,27,46,229,27,41,41,41,41,41,41,41,27,230,41,40,27,41,27,27,27,164,41,35,41,41,34,41,41,41,27,27,27,41,27,27,27,27,41,41,41,27,27,27,41,41,41,41,38,41,27,33,27,41,41,41,27,35,27,27,29,41,27,41,41,41,41,35,27,27,30,230,41,229,41,27,41,27,27,155,27,27,41,27,230,230,41,27,27,229,230,111,41,229,27,229,41,41,27,27,27,183,38,41,41,41,38,41,41,41,41,27,27,38,43,27,41,42,27,27,41,27,27,29,41,41,41,27,27,41,41,27,34,27,41,27,41,27,27,27,41,95,27,41,27,229,229,27,27,229,41,28,230,59,27,27,31,230,230,229,27,37,57,41,41,41,39,36,27,27,27,27,41,41,230,27,27,230,41,27,27,168,41,41,41,55,27,41,41,41,41,40,41,41,27,41,29,27,41,41,41,41,39,41,41,41,41,41,27,41,27,41,33,27,230,229,229,27,27,80,156,161,27,41,27,41,27,27,27,27,41,41,41,27,27,27,30,229,40,230,229,41,27,41,27,41,194,27,41,41,41,41,27,27,27,41,41,27,41,41,27,41,41,27,27,27,27,41,27,27,41,41,27,40,27,37,27,41,38,27,41,27,41,41,27,41,41,40,40,27,27,41,36,41,27,41,27,41,41,41,41,41,41,41,27,41,41,41,41,38,41,41,41,41,41,41,35,41,41,41,41,30,27,41,27,37,41,42,41,229,27,27,31,230,230,120,41,41,30,27,41,27,41,41,27,41,41,41,41,27,41,30,41,41,27,27,27,27,41,27,41,27,27,41,27,41,27,27,27,27,41,41,41,41,27,27,27,41,41,27,41,27,41,27,41,41,41,41,27,41,41,37,27,27,27,27,55,27,41,27,35,27,41,41,41,27,30,27,27,27,41,41,27,41,41,27,41,27,41,41,27,41,41,41,41,27,41,27,41,41,41,41,41,27,41,41,27,27,41,27,41,27,41,41,41,41,41,41,41,41,41,41,29,41,27,41,41,41,41,27,41,41,41,27,41,41,35,27,41,27,41,29,27,27,27,41,41,27,37,27,41,27,41,41,41,41,29,27,27,41,27,41,27,41,41,41,41,41,28,27,27,27,41,41,27,41,27,41,27,41,27,41,38,41,41,27,40,27,41,41,27,41,41,41,41,28,41,41,41,27,29,41,27,41,41,27,27,41,27,27,27,41,41,41,27,41,41,41,27,41,27,27,27,27,30,41,29,31,29,27,27,41,27,41,27,27,27,41,27,41,27,41,27,41,41,27,41,41,27,41,27,41,27,41,41,41,28,27,27,41,28,41,41,27,41,41,41,27,27,27,41,41,41,41,41,27,27,41,41,27,200,41
27,185,229,229,229,27,57,27,229,229,87,27,27,27,27,41,41,41,27,41,27,41,27,27,27,28,27,27,27,41,41,27,27,27,41,41,27,41,27,41,30,27,41,27,41,27,41,38,41,27,27,41,38,41,41,35,27,41,41,41,41,27,41,41,27,40,27,35,29,41,27,27,41,41,27,41,41,27,41,42,229,27,41,229,229,27,230,39,229,116,41,41,41,27,41,41,27,41,41,41,41,41,38,41,41,41,27,27,41,41,27,29,41,27,27,27,41,41,27,203,41,27,27,27,27,83,41,41,41,27,41,41,41,27,27,28,41,41,41,41,33,29,229,27,27,28,229,228,41,229,41,41,229,27,41,28,41,27,28,41,41,28,27,41,36,230,41,29,41,27,41,27,27,41,229,150,28,36,160,230,225,227,41,54,29,27,41,229,114,27,27,41,41,41,27,41,41,27,27,38,41,92,41,27,41,33,86,41,41,39,41,41,41,41,27,27,41,27,41,27,41,212,27,27,27,27,41,41,41,132,27,41,27,27,27,230,27,27,27,29,27,147,230,230,230,27,228,27,230,228,68,41,229,27,27,41,230,27,41,27,183,27,27,160,230,27,230,27,27,230,27,41,230,27,41,27,27,41,41,40,27,27,27,27,41,41,41,27,41,41,229,229,230,27,27,229,41,27,41,230,193,27,229,71,27,27,27,229,27,230,27,27,229,41,229,80,230,229,27,229,27,41,229,27,27,41,27,37,27,27,41,32,27,32,41,27,29,41,41,41,27,41,29,35,41,40,41,41,40,27,29,41,27,27,27,28,41,27,27,41,41,41,27,40,41,41,41,41,41,41,27,230,27,87,230,230,41,146,58,230,41,55,37,41,27,41,229,60,230,27,68,229,27,38,41,41,41,41,41,41,27,230,41,35,27,41,27,27,27,87,41,29,41,41,29,41,41,41,27,27,27,41,27,27,27,27,41,41,41,41,27,27,41,41,41,41,41,41,27,33,29,41,41,41,27,40,27,27,34,41,27,41,41,41,41,40,27,27,27,230,41,230,41,27,223,27,27,41,41,27,41,29,229,230,41,27,27,229,229,77,55,201,27,229,41,41,27,30,27,160,30,41,41,41,31,41,41,41,41,27,27,31,89,27,41,41,27,27,41,27,27,39,41,41,41,27,27,41,41,27,34,27,41,27,41,27,27,27,41,95,27,41,27,229,229,27,27,202,41,37,230,27,27,27,27,230,230,229,27,41,36,41,41,41,29,27,27,27,27,27,41,41,230,27,27,220,41,27,27,168,41,41,41,208,27,41,41,41,41,40,41,41,27,41,39,29,41,41,41,41,29,41,41,41,41,41,27,41,27,41,33,27,213,230,230,27,27,185,37,161,27,41,27,41,27,27,27,27,41,41,41,27,27,27,27,229,41,230,230,41,27,41,27,41,229,27,41,41,32,41,30,27,27,41,41,27,41,41,27,41,41,27,27,27,27,41,27,27,41,41,27,36,29,41,27,41,41,27,41,27,41,41,29,41,41,35,35,27,27,41,36,41,27,41,27,41,41,41,41,41,41,41,27,41,41,27,41,31,41,41,41,41,41,41,29,36,41,41,41,27,27,41,27,40,41,70,39,229,27,27,31,230,230,199,41,41,37,27,41,27,33,41,27,41,41,41,41,27,41,30,41,40,27,27,27,27,41,27,41,27,27,41,27,41,27,27,27,27,41,41,36,41,27,27,27,41,41,27,41,27,41,27,41,41,41,41,27,41,41,41,27,205,229,30,118,27,41,27,27,27,41,41,41,27,27,27,27,27,41,41,40,27,41,27,41,29,41,41,27,41,41,41,41,27,41,27,41,41,41,41,41,27,41,41,41,27,41,27,41,27,41,41,41,41,41,41,41,41,41,41,29,41,27,41,41,41,41,27,41,41,41,27,41,41,30,27,41,27,41,35,27,27,27,41,41,27,41,27,41,27,41,41,41,41,34,27,27,41,27,41,27,41,41,41,41,41,27,27,27,41,41,41,27,41,27,41,27,41,27,41,41,41,40,27,36,27,41,41,27,41,41,41,41,27,41,41,39,27,27,41,27,41,41,27,27,41,27,27,27,41,38,41,27,41,39,41,27,41,27,27,27,27,27,41,35,27,27,27,27,41,27,41,27,27,27,41,27,41,27,41,27,41,41,27,41,41,27,41,27,41,27,41,41,41,34,27,27,41,39,41,41,27,41,41,41,27,27,27,41,41,41,41,38,27,27,41,41,27,111,41
27,185,229,229,229,27,57,27,229,229,87,27,27,27,27,41,41,41,27,41,27,41,27,27,27,28,27,27,27,41,41,27,27,27,41,41,27,41,27,41,30,27,41,27,41,27,41,38,41,27,27,41,38,41,41,35,27,41,41,41,41,27,41,41,27,40,27,35,29,41,27,27,41,41,27,41,41,27,41,42,229,27,41,229,229,27,230,39,229,116,41,41,41,27,41,41,27,41,41,41,41,41,38,41,41,41,27,27,41,41,27,29,41,27,27,27,41,41,27,203,41,27,27,27,27,83,41,41,41,27,41,41,41,27,27,28,41,41,41,41,33,29,229,27,27,28,229,228,41,229,41,41,229,27,41,28,41,27,28,41,41,28,27,41,36,230,41,29,41,27,41,27,27,41,229,150,28,36,160,230,225,227,41,54,29,27,41,229,114,27,27,41,41,41,27,41,41,27,27,38,41,92,41,27,41,33,86,41,41,39,41,41,41,41,27,27,41,27,41,27,41,212,27,27,27,27,41,41,41,132,27,41,27,27,27,230,27,27,27,29,27,147,230,230,230,27,228,27,230,228,68,41,229,27,27,41,230,27,41,27,183,27,27,160,230,27,230,27,27,230,27,41,230,27,41,27,27,41,41,40,27,27,27,27,41,41,41,27,41,41,229,229,230,27,27,229,41,27,41,230,193,27,229,71,27,27,27,229,27,230,27,27,229,41,229,80,230,229,27,229,27,41,229,27,27,41,27,37,27,27,41,32,27,32,41,27,29,41,41,41,27,41,29,35,41,40,41,41,40,27,29,41,27,27,27,28,41,27,27,41,41,41,27,40,41,41,41,41,41,41,27,230,27,87,230,230,41,146,58,230,41,55,37,41,27,41,229,60,230,27,68,229,27,38,41,41,41,41,41,41,27,230,41,35,27,41,27,27,27,87,41,29,41,41,29,41,41,41,27,27,27,41,27,27,27,27,41,41,41,41,27,27,41,41,41,41,41,41,27,33,29,41,41,41,27,40,27,27,34,41,27,41,41,41,41,40,27,27,27,230,41,230,41,27,223,27,27,41,41,27,41,29,229,230,41,27,27,229,229,77,55,201,27,229,41,41,27,30,27,160,30,41,41,41,31,41,41,41,41,27,27,31,89,27,41,41,27,27,41,27,27,39,41,41,41,27,27,41,41,27,34,27,41,27,41,27,27,27,41,95,27,41,27,229,229,27,27,202,41,37,230,27,27,27,27,230,230,229,27,41,36,41,41,41,29,27,27,27,27,27,41,41,230,27,27,220,41,27,27,168,41,41,41,208,27,41,41,41,41,40,41,41,27,41,39,29,41,41,41,41,29,41,41,41,41,41,27,41,27,41,33,27,213,230,230,27,27,185,37,161,27,41,27,41,27,27,27,27,41,41,41,27,27,27,27,229,41,230,230,41,27,41,27,41,229,27,41,41,32,41,30,27,27,41,41,27,41,41,27,41,41,27,27,27,27,41,27,27,41,41,27,36,29,41,27,41,41,27,41,27,41,41,29,41,41,35,35,27,27,41,36,41,27,41,27,41,41,41,41,41,41,41,27,41,41,27,41,31,41,41,41,41,41,41,29,36,41,41,41,27,27,41,27,40,41,70,39,229,27,27,31,230,230,199,41,41,37,27,41,27,33,41,27,41,41,41,41,27,41,30,41,40,27,27,27,27,41,27,41,27,27,41,27,41,27,27,27,27,41,41,36,41,27,27,27,41,41,27,41,27,41,27,41,41,41,41,27,41,41,41,27,205,229,30,118,27,41,27,27,27,41,41,41,27,27,27,27,27,41,41,40,27,41,27,41,29,41,41,27,41,41,41,41,27,41,27,41,41,41,41,41,27,41,41,41,27,41,27,41,27,41,41,41,41,41,41,41,41,41,41,29,41,27,41,41,41,41,27,41,41,41,27,41,41,30,27,41,27,41,35,27,27,27,41,41,27,41,27,41,27,41,41,41,41,34,27,27,41,27,41,27,41,41,41,41,41,27,27,27,41,41,41,27,41,27,41,27,41,27,41,41,41,40,27,36,27,41,41,27,41,41,41,41,27,41,41,39,27,27,41,27,41,41,27,27,41,27,27,27,41,38,41,27,41,39,41,27,41,27,27,27,27,27,41,35,27,27,27,27,41,27,41,27,27,27,41,27,41,27,41,27,41,41,27,41,41,27,41,27,41,27,41,41,41,34,27,27,41,39,41,41,27,41,41,41,27,27,27,41,41,41,41,38,27,27,41,41,27,111,41
27,74,229,229,229,27,27,27,229,229,87,27,27,29,27,41,41,41,28,41,27,38,27,27,27,27,27,27,27,41,41,27,27,27,41,41,27,41,27,41,27,27,41,27,41,27,41,41,41,27,27,41,30,41,41,29,27,41,41,41,41,30,41,41,27,41,27,29,33,41,27,27,41,41,27,41,41,27,41,44,180,27,41,229,229,27,230,41,209,52,41,41,41,27,41,41,27,41,41,41,41,41,41,38,41,41,27,27,41,41,27,34,41,27,27,27,41,41,27,203,41,27,27,27,27,176,41,41,41,27,41,41,41,27,27,39,41,41,41,41,36,35,229,27,27,35,229,229,41,47,41,41,229,27,41,35,41,27,27,41,41,35,27,41,41,230,41,39,41,27,41,27,27,41,229,60,71,41,27,230,203,229,41,208,39,27,49,229,199,27,27,41,41,41,27,41,41,27,27,38,41,42,41,27,41,29,42,36,40,41,37,41,41,41,27,27,41,27,41,27,41,229,27,27,27,27,41,41,41,132,27,41,27,27,27,230,27,27,27,87,27,220,230,230,230,57,159,27,230,229,205,41,230,27,27,224,230,27,42,27,183,27,27,39,230,36,230,27,27,230,27,41,27,27,41,27,27,41,41,41,27,27,27,29,41,41,41,27,41,41,229,214,230,27,27,229,50,28,223,199,205,27,229,185,27,27,52,229,27,230,27,27,229,41,229,185,230,229,27,27,27,83,229,27,27,41,27,41,27,27,41,27,27,27,41,30,39,41,41,41,27,41,35,40,41,34,41,41,41,27,39,41,27,41,27,39,41,27,27,41,41,41,27,41,41,41,41,41,41,41,27,230,27,179,160,230,41,59,27,230,41,115,41,41,27,41,229,27,225,27,97,216,30,31,41,41,41,41,41,41,27,201,41,29,29,41,27,27,36,42,41,27,41,41,27,41,41,41,27,27,27,41,27,30,27,27,41,41,41,41,27,27,39,41,41,41,41,41,27,33,35,41,41,41,27,41,27,27,39,41,27,55,41,41,41,41,27,27,27,230,41,230,41,27,229,27,27,27,41,27,41,38,229,230,41,27,27,229,229,49,116,125,27,229,41,41,27,37,27,102,27,27,41,41,27,41,41,41,41,27,27,27,182,27,41,41,36,27,41,27,27,41,41,41,41,27,27,41,41,27,34,27,41,27,41,27,27,27,41,95,27,41,27,229,229,27,27,112,41,37,230,27,27,27,27,230,229,229,27,41,27,41,41,41,27,27,36,27,27,27,41,41,208,41,27,153,41,27,27,168,41,41,41,229,41,41,41,41,41,40,41,41,27,41,41,39,41,41,41,41,27,41,41,41,41,41,27,41,27,41,33,27,147,230,230,27,27,230,27,161,27,41,27,41,27,27,27,27,41,41,41,27,30,27,27,229,41,230,230,223,27,41,27,53,229,30,41,41,27,41,37,27,27,41,41,27,41,41,27,41,41,27,27,27,27,41,32,27,41,41,27,29,34,41,27,41,41,27,37,27,41,41,34,41,27,29,29,27,27,41,36,41,27,41,30,41,41,41,41,41,41,41,27,41,41,27,41,27,41,41,41,41,41,41,27,27,41,41,41,27,27,41,27,41,41,204,29,229,30,27,38,230,230,230,57,41,41,27,41,27,27,41,27,41,41,41,41,27,41,31,41,29,27,27,27,27,41,27,41,27,27,41,27,41,27,27,27,27,41,41,27,41,27,27,27,41,38,27,41,27,41,27,41,41,41,41,27,41,27,41,27,205,166,38,202,27,41,30,27,27,41,41,41,27,27,27,27,27,41,41,41,27,41,27,41,35,27,41,27,41,41,41,41,27,41,27,41,41,41,41,41,27,41,41,41,27,41,27,41,27,41,41,41,41,41,41,41,41,41,41,29,41,27,41,41,41,41,27,41,41,41,27,41,40,27,27,41,27,41,40,27,27,27,41,41,27,41,27,41,27,41,41,40,41,39,27,30,41,27,41,27,41,41,41,41,41,27,27,27,41,41,38,27,41,27,41,27,41,27,41,41,41,29,27,28,27,41,41,27,41,41,41,41,27,41,41,29,27,27,41,29,41,41,27,27,41,27,29,27,41,31,41,27,38,33,41,27,41,27,27,27,27,27,41,40,27,27,27,27,41,27,41,27,27,27,41,27,41,27,41,27,41,41,27,41,41,27,41,27,41,30,41,41,41,39,41,27,41,41,41,41,27,41,41,41,27,27,27,41,27,41,41,31,27,27,41,41,27,43,41
27,27,229,229,229,27,27,27,229,230,87,27,27,39,27,41,41,40,35,41,27,31,27,27,27,27,30,27,27,41,41,27,27,30,41,41,28,41,27,41,27,27,41,27,41,27,41,41,41,27,27,41,27,41,41,27,27,41,41,41,41,37,41,41,27,41,30,27,37,41,27,27,27,41,27,41,41,27,41,45,76,27,41,229,229,27,230,41,106,41,41,41,41,27,41,41,27,41,41,41,41,41,41,30,41,41,27,27,41,41,27,39,41,27,27,55,41,41,27,203,41,30,27,27,27,229,41,41,41,27,41,41,41,27,27,41,41,41,41,41,36,40,229,27,27,40,229,229,41,41,41,41,229,27,41,40,41,27,27,41,41,40,27,223,41,215,41,41,41,27,41,27,27,41,229,27,181,41,27,230,172,229,41,228,41,27,113,229,230,30,27,41,41,41,27,41,41,27,27,38,41,41,41,27,41,27,41,27,29,41,30,41,41,41,27,27,41,27,41,27,41,229,29,27,27,27,41,41,41,132,27,41,27,27,27,230,27,27,27,87,27,230,230,230,230,138,31,27,230,230,230,41,230,27,27,230,194,28,86,27,185,27,27,27,230,41,230,27,27,230,30,41,27,27,41,27,27,41,38,41,27,27,27,39,41,41,41,27,41,41,229,155,205,29,27,229,210,40,229,111,222,72,229,229,27,27,146,230,27,230,27,27,229,83,229,229,230,229,27,27,27,176,229,27,27,41,27,41,27,27,32,27,28,27,41,37,41,41,41,41,27,41,40,41,41,29,41,41,41,27,41,41,27,41,27,41,41,27,28,41,41,41,27,41,41,41,41,41,41,41,27,229,27,230,27,230,41,27,27,230,81,195,41,41,27,41,229,27,210,27,110,110,37,27,41,41,41,41,41,41,27,77,41,27,36,43,32,27,41,41,41,27,41,41,27,41,41,39,27,27,27,41,27,38,30,27,41,41,41,41,27,27,34,41,41,27,41,41,27,33,40,41,80,41,27,41,27,27,41,41,27,221,41,41,41,41,27,29,27,230,41,230,41,27,229,27,27,27,41,27,41,41,229,229,41,27,27,229,229,41,196,58,27,229,41,41,27,41,27,53,27,27,41,41,27,41,41,41,41,27,27,27,229,27,41,41,41,27,41,29,27,41,41,41,41,27,27,41,41,27,34,27,41,27,41,27,27,27,41,95,27,41,27,229,229,27,30,43,41,37,214,27,27,27,27,230,229,229,27,41,27,37,41,41,27,27,41,27,27,27,41,41,79,41,27,48,41,27,46,169,41,41,41,230,41,41,41,41,41,40,41,41,27,41,41,41,41,41,41,41,27,41,41,41,41,41,27,41,27,41,33,36,62,230,215,27,27,230,27,161,27,41,27,41,27,27,27,27,41,41,41,27,37,27,27,229,41,230,230,223,27,48,27,93,229,37,41,41,27,41,41,27,27,41,41,27,41,41,27,41,41,27,27,27,27,41,27,27,41,38,27,27,39,41,27,41,41,27,31,27,38,41,39,41,27,27,27,27,27,41,36,41,27,41,37,41,41,41,41,41,41,41,27,41,41,27,41,27,41,41,41,41,41,41,27,27,41,41,41,27,27,42,27,41,41,229,27,189,37,41,79,230,230,230,120,41,41,27,55,27,27,41,27,41,41,41,41,27,41,40,41,27,27,28,27,27,41,27,41,27,27,41,27,41,27,29,27,27,41,41,27,41,27,27,27,41,30,27,41,27,41,27,41,41,41,41,27,41,27,41,27,205,64,41,229,29,41,37,27,27,41,41,41,27,27,27,27,27,27,41,41,27,41,27,41,40,27,41,27,41,41,41,41,27,41,36,41,40,41,41,41,27,41,41,41,27,41,27,41,27,41,41,41,41,41,41,41,41,41,41,29,38,27,41,41,41,41,27,41,41,41,27,41,36,27,27,41,27,41,41,27,27,27,41,41,27,41,27,41,27,41,41,36,41,41,27,37,41,27,41,27,41,41,41,41,41,27,27,27,41,41,30,27,38,27,41,27,41,27,41,41,41,27,27,27,27,41,41,27,41,41,41,41,27,41,41,27,27,27,41,38,41,41,27,27,41,27,38,27,41,27,41,27,30,28,41,27,41,41,27,27,27,27,41,41,27,27,27,27,41,27,41,27,27,27,41,27,41,27,41,27,41,41,27,41,41,27,41,27,41,37,41,41,41,41,41,27,41,41,41,41,27,41,41,41,27,27,41,41,27,41,41,27,27,27,41,41,27,27,41
27,27,229,229,229,27,27,27,229,230,87,27,27,39,27,41,41,40,35,41,27,31,27,27,27,27,30,27,27,41,41,27,27,30,41,41,28,41,27,41,27,27,41,27,41,27,41,41,41,27,27,41,27,41,41,27,27,41,41,41,41,37,41,41,27,41,30,27,37,41,27,27,27,41,27,41,41,27,41,45,76,27,41,229,229,27,230,41,106,41,41,41,41,27,41,41,27,41,41,41,41,41,41,30,41,41,27,27,41,41,27,39,41,27,27,55,41,41,27,203,41,30,27,27,27,229,41,41,41,27,41,41,41,27,27,41,41,41,41,41,36,40,229,27,27,40,229,229,41,41,41,41,229,27,41,40,41,27,27,41,41,40,27,223,41,215,41,41,41,27,41,27,27,41,229,27,181,41,27,230,172,229,41,228,41,27,113,229,230,30,27,41,41,41,27,41,41,27,27,38,41,41,41,27,41,27,41,27,29,41,30,41,41,41,27,27,41,27,41,27,41,229,29,27,27,27,41,41,41,132,27,41,27,27,27,230,27,27,27,87,27,230,230,230,230,138,31,27,230,230,230,41,230,27,27,230,194,28,86,27,185,27,27,27,230,41,230,27,27,230,30,41,27,27,41,27,27,41,38,41,27,27,27,39,41,41,41,27,41,41,229,155,205,29,27,229,210,40,229,111,222,72,229,229,27,27,146,230,27,230,27,27,229,83,229,229,230,229,27,27,27,176,229,27,27,41,27,41,27,27,32,27,28,27,41,37,41,41,41,41,27,41,40,41,41,29,41,41,41,27,41,41,27,41,27,41,41,27,28,41,41,41,27,41,41,41,41,41,41,41,27,229,27,230,27,230,41,27,27,230,81,195,41,41,27,41,229,27,210,27,110,110,37,27,41,41,41,41,41,41,27,77,41,27,36,43,32,27,41,41,41,27,41,41,27,41,41,39,27,27,27,41,27,38,30,27,41,41,41,41,27,27,34,41,41,27,41,41,27,33,40,41,80,41,27,41,27,27,41,41,27,221,41,41,41,41,27,29,27,230,41,230,41,27,229,27,27,27,41,27,41,41,229,229,41,27,27,229,229,41,196,58,27,229,41,41,27,41,27,53,27,27,41,41,27,41,41,41,41,27,27,27,229,27,41,41,41,27,41,29,27,41,41,41,41,27,27,41,41,27,34,27,41,27,41,27,27,27,41,95,27,41,27,229,229,27,30,43,41,37,214,27,27,27,27,230,229,229,27,41,27,37,41,41,27,27,41,27,27,27,41,41,79,41,27,48,41,27,46,169,41,41,41,230,41,41,41,41,41,40,41,41,27,41,41,41,41,41,41,41,27,41,41,41,41,41,27,41,27,41,33,36,62,230,215,27,27,230,27,161,27,41,27,41,27,27,27,27,41,41,41,27,37,27,27,229,41,230,230,223,27,48,27,93,229,37,41,41,27,41,41,27,27,41,41,27,41,41,27,41,41,27,27,27,27,41,27,27,41,38,27,27,39,41,27,41,41,27,31,27,38,41,39,41,27,27,27,27,27,41,36,41,27,41,37,41,41,41,41,41,41,41,27,41,41,27,41,27,41,41,41,41,41,41,27,27,41,41,41,27,27,42,27,41,41,229,27,189,37,41,79,230,230,230,120,41,41,27,55,27,27,41,27,41,41,41,41,27,41,40,41,27,27,28,27,27,41,27,41,27,27,41,27,41,27,29,27,27,41,41,27,41,27,27,27,41,30,27,41,27,41,27,41,41,41,41,27,41,27,41,27,205,64,41,229,29,41,37,27,27,41,41,41,27,27,27,27,27,27,41,41,27,41,27,41,40,27,41,27,41,41,41,41,27,41,36,41,40,41,41,41,27,41,41,41,27,41,27,41,27,41,41,41,41,41,41,41,41,41,41,29,38,27,41,41,41,41,27,41,41,41,27,41,36,27,27,41,27,41,41,27,27,27,41,41,27,41,27,41,27,41,41,36,41,41,27,37,41,27,41,27,41,41,41,41,41,27,27,27,41,41,30,27,38,27,41,27,41,27,41,41,41,27,27,27,27,41,41,27,41,41,41,41,27,41,41,27,27,27,41,38,41,41,27,27,41,27,38,27,41,27,41,27,30,28,41,27,41,41,27,27,27,27,41,41,27,27,27,27,41,27,41,27,27,27,41,27,41,27,41,27,41,41,27,41,41,27,41,27,41,37,41,41,41,41,41,27,41,41,41,41,27,41,41,41,27,27,41,41,27,41,41,27,27,27,41,41,27,27,41
27,27,229,229,229,27,27,27,229,230,87,27,27,41,27,41,41,36,40,41,27,27,27,27,27,27,37,27,27,41,41,27,27,38,41,41,39,41,30,41,27,27,41,27,41,27,41,41,41,27,36,41,27,41,37,27,27,41,41,41,41,41,41,41,30,41,38,27,39,41,30,27,27,41,27,41,41,27,41,45,27,27,41,229,229,27,230,41,106,41,41,41,41,27,41,41,27,41,41,41,41,41,41,27,41,41,27,27,41,41,27,41,41,27,27,27,41,41,27,203,41,37,27,27,27,229,41,41,37,27,41,41,41,27,27,41,41,41,41,41,36,41,229,27,27,41,214,215,41,41,41,41,160,27,41,41,41,27,27,41,41,41,27,229,41,60,41,41,67,27,42,27,27,41,229,27,229,41,27,160,164,229,41,229,41,27,214,229,230,37,30,41,41,41,27,41,41,27,27,38,41,41,38,27,41,27,41,27,27,41,27,41,41,41,27,27,41,28,41,27,41,229,39,27,27,27,41,41,41,132,27,41,27,27,27,230,41,27,27,87,27,230,230,230,230,210,27,27,230,230,230,41,230,27,27,230,82,35,186,27,226,27,27,27,230,41,202,27,27,230,30,41,27,27,41,27,27,41,30,41,27,27,27,41,41,41,41,27,41,44,220,76,115,37,27,192,228,41,229,43,229,172,229,229,27,27,215,230,27,230,27,27,229,177,229,230,230,230,27,27,27,230,229,27,27,41,27,41,27,27,27,27,40,27,41,41,41,41,41,41,27,41,41,41,41,27,41,41,41,27,41,40,27,41,27,41,41,27,39,41,41,41,27,41,41,41,41,41,41,41,27,50,27,230,27,230,41,27,27,230,171,230,41,52,27,41,229,27,205,27,110,38,41,27,41,41,41,41,41,41,27,42,41,27,41,79,39,27,41,41,41,27,41,41,27,41,40,37,30,30,27,41,27,41,37,27,41,41,41,41,27,27,29,41,41,27,41,41,27,33,41,82,179,41,36,41,28,27,41,41,27,230,41,41,41,41,27,34,27,230,41,230,41,27,229,27,27,27,41,27,224,41,229,229,58,27,30,184,229,41,230,41,27,229,41,41,27,41,27,41,27,27,41,41,27,41,41,41,41,27,29,27,229,27,41,41,41,29,41,35,27,41,41,41,41,27,27,41,41,27,34,27,41,29,41,27,27,27,41,95,27,41,27,229,229,27,38,27,41,37,146,27,27,27,27,230,229,229,27,41,27,30,41,41,27,27,41,27,27,27,28,41,42,41,27,27,41,27,151,169,41,41,41,230,41,41,41,41,41,41,41,41,27,41,41,41,41,41,41,41,27,41,41,41,27,41,27,41,27,41,33,41,27,213,147,27,27,230,27,161,36,41,27,41,27,27,27,27,41,41,41,27,41,27,27,229,45,209,230,229,27,106,27,130,229,41,41,41,27,41,41,27,27,41,41,27,41,41,27,41,41,27,27,29,27,41,27,27,41,31,27,27,41,41,30,41,41,27,27,40,31,41,41,41,27,27,27,27,27,41,36,41,27,41,41,41,41,41,67,41,41,41,27,41,41,27,41,27,41,41,41,41,41,41,27,27,41,41,40,27,36,46,27,41,41,229,27,97,41,41,85,230,230,230,199,41,41,27,119,27,27,41,30,41,41,41,41,30,41,41,41,27,27,36,27,27,41,27,41,27,27,41,29,41,27,39,27,28,41,41,27,41,27,28,27,41,27,27,41,27,39,27,41,41,41,41,27,41,27,41,27,205,27,41,229,38,41,41,27,27,41,41,41,27,27,27,27,27,27,41,41,27,41,27,41,41,27,41,27,41,41,41,41,27,41,41,41,36,41,41,41,27,41,41,41,27,41,27,41,27,41,41,41,41,41,41,41,41,41,41,29,31,27,41,41,41,36,36,41,41,41,27,41,30,27,27,41,27,41,41,27,27,27,41,41,27,41,27,41,27,41,41,29,41,41,27,41,41,27,41,30,41,41,41,41,41,27,27,27,41,41,27,27,31,27,41,27,41,27,41,41,41,27,27,27,27,41,41,27,41,41,41,41,27,41,41,27,27,27,41,41,38,38,27,27,41,29,41,27,41,27,41,27,27,27,41,27,41,41,41,27,27,27,41,41,27,27,27,27,41,27,41,27,27,27,41,27,41,27,41,29,41,41,27,41,41,27,41,27,41,41,41,41,41,41,41,27,41,41,41,41,27,41,41,39,27,27,41,41,27,38,41,27,27,27,41,41,27,27,41
27,27,229,229,181,27,27,27,229,230,87,27,27,41,27,41,41,30,41,41,27,27,27,41,27,27,41,30,27,41,41,27,27,41,39,41,41,41,37,41,27,27,41,27,41,29,41,41,41,27,41,41,27,41,30,27,27,41,41,41,41,41,41,40,38,41,41,27,41,41,37,27,27,41,27,41,41,27,41,45,27,27,41,229,229,29,215,41,41,41,41,41,41,27,41,41,27,41,41,41,41,41,41,27,41,41,27,27,41,41,27,41,41,27,27,95,35,41,27,203,41,41,27,27,27,229,41,220,30,27,41,41,41,27,27,41,41,41,41,41,36,41,184,27,27,41,57,147,41,41,41,41,27,27,41,41,41,27,27,27,41,41,27,229,41,41,41,41,196,27,81,27,27,42,229,27,229,41,27,27,164,229,41,229,41,27,230,229,230,41,39,41,41,41,27,41,41,27,27,38,41,41,31,27,41,27,41,27,27,41,27,41,41,41,27,27,41,39,41,27,41,229,41,27,41,27,41,41,41,118,224,41,27,27,27,230,41,27,27,87,160,230,230,230,217,230,27,27,230,230,230,41,221,27,27,230,42,40,230,27,230,27,27,27,230,41,55,27,27,230,132,41,27,27,224,27,27,41,27,41,27,27,27,41,41,41,41,27,41,50,156,41,43,41,30,71,229,41,229,27,229,229,229,229,27,27,230,230,27,230,27,27,229,228,229,230,230,230,27,27,27,230,184,27,27,55,27,41,27,27,27,27,41,27,41,41,41,41,41,41,30,41,41,41,41,27,41,36,41,27,41,35,27,41,27,41,41,27,41,41,41,41,27,41,41,41,27,41,41,41,27,41,30,230,27,160,41,27,27,189,224,230,41,114,27,106,230,27,205,27,91,27,41,27,41,41,41,41,41,41,27,41,41,27,41,93,41,27,41,41,41,27,41,41,27,41,36,34,37,37,41,41,30,41,41,27,41,41,41,41,27,40,27,41,41,27,41,41,27,33,41,173,227,41,41,41,35,27,41,41,27,230,41,41,41,42,27,39,27,47,41,230,41,27,229,27,27,27,41,27,230,41,229,229,201,27,38,74,229,41,230,41,27,229,106,41,27,41,27,41,27,27,41,41,27,41,41,41,41,27,34,27,229,27,41,41,41,35,38,40,27,41,41,41,41,27,27,41,41,29,34,27,41,39,41,27,27,27,41,95,27,41,28,229,229,27,41,27,41,37,59,27,27,29,27,230,229,229,27,87,27,27,41,38,27,27,41,27,27,27,27,41,41,41,27,27,41,27,219,169,41,41,41,230,41,41,41,41,41,41,41,41,27,40,41,41,41,41,41,41,27,41,41,28,27,41,27,41,27,41,33,41,27,144,58,41,27,193,27,161,41,41,27,41,27,27,27,27,41,64,223,27,41,27,27,230,218,110,230,229,27,229,27,205,184,41,41,41,27,41,41,27,27,41,41,27,41,41,27,41,41,27,27,35,27,41,27,27,41,27,27,27,41,41,37,41,41,27,27,41,27,41,41,41,27,27,27,36,27,41,37,41,27,41,41,41,41,41,202,41,41,41,28,41,41,27,41,27,41,41,41,41,41,41,27,27,41,41,35,27,27,41,27,41,38,229,27,43,41,41,85,230,230,230,230,41,41,30,202,30,27,41,38,41,41,41,41,38,41,41,41,27,27,40,27,27,41,28,41,27,27,41,34,41,27,41,27,35,41,41,27,35,27,40,27,41,27,27,41,27,29,27,41,41,41,41,27,41,41,37,27,205,27,41,229,41,41,41,27,27,41,41,41,27,27,27,27,27,27,41,41,27,41,27,41,41,27,41,27,41,41,41,40,27,41,41,41,30,41,41,41,27,41,41,41,27,39,27,41,27,41,41,41,41,41,41,41,41,41,41,32,27,30,41,41,41,27,41,41,41,41,27,41,27,27,27,41,27,41,41,27,27,27,41,41,27,41,27,41,27,41,40,27,41,41,30,41,41,27,41,37,41,41,41,41,41,27,27,27,41,41,27,27,27,30,41,27,27,29,41,41,41,27,27,27,27,41,41,27,41,41,41,41,27,41,41,27,27,27,40,41,31,31,27,27,41,39,41,27,41,27,41,27,27,27,41,27,41,41,41,29,27,27,41,41,27,27,27,27,41,27,36,27,27,27,41,27,41,27,41,34,41,41,30,41,41,29,41,27,41,41,41,41,41,41,41,27,41,41,41,41,27,41,41,30,27,27,41,41,27,31,41,27,27,27,41,41,27,27,41
27,27,229,229,181,27,27,27,229,230,87,27,27,41,27,41,41,30,41,41,27,27,27,41,27,27,41,30,27,41,41,27,27,41,39,41,41,41,37,41,27,27,41,27,41,29,41,41,41,27,41,41,27,41,30,27,27,41,41,41,41,41,41,40,38,41,41,27,41,41,37,27,27,41,27,41,41,27,41,45,27,27,41,229,229,29,215,41,41,41,41,41,41,27,41,41,27,41,41,41,41,41,41,27,41,41,27,27,41,41,27,41,41,27,27,95,35,41,27,203,41,41,27,27,27,229,41,220,30,27,41,41,41,27,27,41,41,41,41,41,36,41,184,27,27,41,57,147,41,41,41,41,27,27,41,41,41,27,27,27,41,41,27,229,41,41,41,41,196,27,81,27,27,42,229,27,229,41,27,27,164,229,41,229,41,27,230,229,230,41,39,41,41,41,27,41,41,27,27,38,41,41,31,27,41,27,41,27,27,41,27,41,41,41,27,27,41,39,41,27,41,229,41,27,41,27,41,41,41,118,224,41,27,27,27,230,41,27,27,87,160,230,230,230,217,230,27,27,230,230,230,41,221,27,27,230,42,40,230,27,230,27,27,27,230,41,55,27,27,230,132,41,27,27,224,27,27,41,27,41,27,27,27,41,41,41,41,27,41,50,156,41,43,41,30,71,229,41,229,27,229,229,229,229,27,27,230,230,27,230,27,27,229,228,229,230,230,230,27,27,27,230,184,27,27,55,27,41,27,27,27,27,41,27,41,41,41,41,41,41,30,41,41,41,41,27,41,36,41,27,41,35,27,41,27,41,41,27,41,41,41,41,27,41,41,41,27,41,41,41,27,41,30,230,27,160,41,27,27,189,224,230,41,114,27,106,230,27,205,27,91,27,41,27,41,41,41,41,41,41,27,41,41,27,41,93,41,27,41,41,41,27,41,41,27,41,36,34,37,37,41,41,30,41,41,27,41,41,41,41,27,40,27,41,41,27,41,41,27,33,41,173,227,41,41,41,35,27,41,41,27,230,41,41,41,42,27,39,27,47,41,230,41,27,229,27,27,27,41,27,230,41,229,229,201,27,38,74,229,41,230,41,27,229,106,41,27,41,27,41,27,27,41,41,27,41,41,41,41,27,34,27,229,27,41,41,41,35,38,40,27,41,41,41,41,27,27,41,41,29,34,27,41,39,41,27,27,27,41,95,27,41,28,229,229,27,41,27,41,37,59,27,27,29,27,230,229,229,27,87,27,27,41,38,27,27,41,27,27,27,27,41,41,41,27,27,41,27,219,169,41,41,41,230,41,41,41,41,41,41,41,41,27,40,41,41,41,41,41,41,27,41,41,28,27,41,27,41,27,41,33,41,27,144,58,41,27,193,27,161,41,41,27,41,27,27,27,27,41,64,223,27,41,27,27,230,218,110,230,229,27,229,27,205,184,41,41,41,27,41,41,27,27,41,41,27,41,41,27,41,41,27,27,35,27,41,27,27,41,27,27,27,41,41,37,41,41,27,27,41,27,41,41,41,27,27,27,36,27,41,37,41,27,41,41,41,41,41,202,41,41,41,28,41,41,27,41,27,41,41,41,41,41,41,27,27,41,41,35,27,27,41,27,41,38,229,27,43,41,41,85,230,230,230,230,41,41,30,202,30,27,41,38,41,41,41,41,38,41,41,41,27,27,40,27,27,41,28,41,27,27,41,34,41,27,41,27,35,41,41,27,35,27,40,27,41,27,27,41,27,29,27,41,41,41,41,27,41,41,37,27,205,27,41,229,41,41,41,27,27,41,41,41,27,27,27,27,27,27,41,41,27,41,27,41,41,27,41,27,41,41,41,40,27,41,41,41,30,41,41,41,27,41,41,41,27,39,27,41,27,41,41,41,41,41,41,41,41,41,41,32,27,30,41,41,41,27,41,41,41,41,27,41,27,27,27,41,27,41,41,27,27,27,41,41,27,41,27,41,27,41,40,27,41,41,30,41,41,27,41,37,41,41,41,41,41,27,27,27,41,41,27,27,27,30,41,27,27,29,41,41,41,27,27,27,27,41,41,27,41,41,41,41,27,41,41,27,27,27,40,41,31,31,27,27,41,39,41,27,41,27,41,27,27,27,41,27,41,41,41,29,27,27,41,41,27,27,27,27,41,27,36,27,27,27,41,27,41,27,41,34,41,41,30,41,41,29,41,27,41,41,41,41,41,41,41,27,41,41,41,41,27,41,41,30,27,27,41,41,27,31,41,27,27,27,41,41,27,27,41
27,27,229,230,76,27,27,27,27,230,87,27,27,41,27,41,41,27,41,41,27,27,27,41,27,27,41,37,27,41,41,27,27,41,33,41,41,41,41,40,27,27,41,27,38,34,41,41,41,27,41,41,27,41,27,27,36,41,41,41,41,41,40,28,41,41,41,27,41,41,41,27,27,41,27,41,41,27,40,45,27,27,41,106,229,39,108,41,129,41,41,41,40,27,41,27,27,41,41,41,41,41,41,27,41,41,27,27,38,36,30,41,41,27,27,184,27,41,27,203,41,41,27,27,27,229,41,229,27,27,41,41,41,27,27,41,41,41,41,41,36,42,93,27,28,41,41,55,41,41,41,41,27,27,41,41,41,27,27,27,41,41,27,229,41,41,41,66,228,27,165,27,27,89,229,27,229,47,27,27,164,230,46,229,41,27,230,230,230,41,41,41,41,41,27,41,41,27,27,38,41,41,27,27,41,27,41,27,27,41,27,41,41,41,27,27,41,41,41,30,27,229,41,27,41,27,41,41,41,42,230,224,27,27,27,230,41,27,27,87,160,230,230,230,151,230,27,27,230,230,230,38,152,28,27,230,41,41,230,27,230,28,27,27,230,41,27,27,27,230,132,41,27,27,230,28,27,41,27,41,27,27,27,41,41,41,41,27,41,50,60,41,27,41,38,27,229,41,229,27,229,229,229,229,27,27,230,230,43,230,27,30,229,230,229,230,160,230,27,27,27,230,84,27,27,118,27,41,27,27,27,27,41,27,41,41,41,41,41,41,37,41,41,41,41,27,35,27,41,27,41,28,27,41,27,41,41,27,41,41,36,41,27,41,41,41,27,41,41,42,27,41,37,230,27,27,41,27,27,98,227,230,55,207,27,230,230,27,205,27,50,27,41,27,27,41,41,38,41,38,27,41,41,27,41,43,41,27,41,41,38,27,41,41,27,41,35,30,41,41,41,41,38,41,41,27,39,27,41,41,27,41,27,41,41,27,41,41,27,33,41,227,229,41,41,41,40,27,42,41,27,230,41,41,41,84,27,41,27,41,41,230,82,27,229,36,27,27,41,27,230,41,229,229,229,27,41,27,229,65,230,41,27,229,230,53,27,41,28,41,27,27,41,41,27,41,41,41,41,27,41,27,229,27,38,41,41,40,30,41,27,41,41,41,41,36,27,41,41,34,34,27,41,41,41,27,29,27,27,95,27,41,40,229,229,27,41,27,41,37,27,27,27,39,27,230,229,164,27,180,27,27,41,31,27,27,41,36,27,27,27,41,41,41,27,27,41,27,229,169,41,38,41,224,41,41,41,41,41,41,41,41,27,28,41,41,41,41,41,41,27,41,41,27,27,41,27,41,27,41,33,41,27,60,27,41,30,93,27,161,41,41,29,41,29,30,27,27,41,65,229,27,41,27,27,230,229,40,230,229,41,229,30,229,84,41,41,41,27,41,41,27,36,41,41,27,41,41,27,41,41,29,27,40,27,41,27,27,38,27,27,27,41,41,41,41,41,27,27,41,27,41,41,41,27,27,27,41,27,41,40,41,27,41,41,41,41,41,230,41,41,41,40,41,40,27,41,27,41,41,28,41,41,41,27,27,36,41,29,27,27,41,27,41,30,229,27,41,41,41,85,230,230,230,230,41,41,37,230,37,27,41,41,41,41,41,41,41,41,41,40,27,27,41,27,27,36,35,41,27,27,40,37,41,27,41,27,40,41,41,27,28,27,41,27,41,27,30,41,27,27,27,41,37,41,41,27,41,41,37,27,131,27,41,229,41,41,41,27,29,41,41,41,27,27,29,27,27,27,41,41,27,41,27,41,41,27,41,27,41,41,41,37,27,41,41,41,27,40,40,41,27,41,41,41,27,33,27,41,27,41,41,41,41,41,41,41,41,41,41,38,27,37,41,41,41,27,41,41,41,41,27,41,27,27,27,41,30,41,41,27,36,27,41,41,27,41,27,41,27,41,36,27,41,41,37,41,41,27,41,41,41,41,41,41,41,27,27,30,41,41,27,27,27,37,41,27,27,39,41,41,41,27,27,27,27,36,41,27,41,41,41,41,27,41,41,27,27,27,35,41,27,27,27,41,41,41,41,27,41,27,41,41,27,27,41,27,41,41,41,35,27,27,41,41,27,27,27,27,41,27,27,27,27,27,41,27,41,28,41,39,41,41,37,41,41,34,41,27,41,41,41,41,41,41,41,27,27,41,41,41,27,41,41,27,27,27,41,41,27,27,41,27,27,27,41,41,27,27,41
27,27,229,230,27,27,27,27,27,230,87,27,27,41,27,41,38,27,41,41,27,27,27,41,27,27,41,41,27,41,41,27,27,41,28,41,41,41,41,40,27,27,41,27,31,39,41,41,27,27,41,41,27,41,27,27,41,41,41,41,41,41,28,27,41,41,41,27,41,41,41,27,27,41,27,41,41,27,35,45,27,27,41,41,229,41,37,41,103,41,41,41,29,27,41,27,41,41,41,41,41,41,41,27,41,41,27,29,30,36,37,41,41,27,30,223,27,27,27,203,38,41,27,27,27,199,41,229,27,27,41,41,41,30,27,41,41,41,41,41,40,91,46,27,34,41,41,27,41,41,41,41,27,29,41,41,41,27,27,27,41,41,27,229,47,41,40,197,229,27,212,27,28,185,229,27,229,229,27,27,164,230,111,229,49,27,230,230,230,41,41,41,41,37,27,41,41,27,27,38,38,41,27,27,40,27,41,27,27,41,27,41,41,41,27,31,41,41,41,37,27,229,41,27,41,41,41,41,41,27,230,230,30,27,28,230,41,27,224,87,230,230,230,230,55,230,27,27,230,213,230,30,44,36,27,160,41,41,230,27,230,74,27,27,230,41,27,27,27,230,132,39,27,27,230,35,30,41,27,48,27,29,29,41,41,41,41,27,41,50,41,41,27,41,41,27,229,41,229,27,27,230,60,230,160,27,230,221,148,230,27,37,229,230,229,230,27,230,30,27,27,230,27,27,27,203,27,41,27,27,27,27,41,27,41,41,41,41,39,41,41,41,41,41,41,27,27,27,41,27,41,27,27,41,30,41,41,27,41,41,27,41,27,41,41,41,27,41,41,41,27,41,41,189,27,27,41,27,27,46,229,230,115,230,27,230,230,27,205,41,27,27,41,27,27,41,41,30,41,31,27,41,41,27,41,41,41,29,41,41,31,27,41,41,27,41,28,27,41,41,41,41,41,41,41,32,32,27,41,41,27,41,27,41,41,27,41,41,27,33,41,229,229,41,41,41,41,29,86,41,27,224,41,41,38,190,27,41,27,41,41,189,181,27,160,36,27,27,223,36,230,60,229,229,230,28,41,27,229,114,186,41,27,229,230,92,27,83,39,41,27,27,41,41,27,41,41,41,41,30,41,27,185,27,31,41,41,41,27,41,27,41,41,41,41,41,27,41,41,39,34,27,41,41,41,27,38,27,27,95,41,41,41,229,229,27,41,27,41,37,27,27,27,41,27,230,229,41,27,228,27,27,41,27,27,27,41,41,27,27,27,41,41,224,27,27,41,29,229,169,41,31,41,155,41,41,41,41,41,41,41,41,27,27,41,41,41,41,41,41,27,41,41,27,27,41,27,41,27,41,33,41,27,27,27,41,38,43,27,161,41,41,35,41,35,37,27,27,41,65,229,27,41,27,27,230,229,27,230,229,41,229,38,229,27,41,41,41,27,41,41,27,36,41,41,27,41,41,36,41,41,39,29,41,27,41,27,32,31,27,27,27,41,41,41,41,41,27,27,41,27,40,41,41,27,27,27,41,27,41,41,41,27,41,41,41,41,41,230,41,41,41,41,41,28,27,41,27,41,41,27,41,41,41,27,27,28,41,27,27,27,41,27,41,27,208,27,41,80,41,85,230,230,230,230,27,41,41,230,41,27,41,41,41,41,41,41,41,38,41,36,27,27,41,28,27,27,41,41,27,27,35,40,41,29,41,27,41,41,41,27,27,27,41,27,38,27,38,41,27,27,27,41,30,41,41,27,41,41,37,27,88,27,41,229,41,41,41,27,39,39,41,41,27,27,39,27,27,27,41,41,27,41,27,41,41,27,41,27,41,41,41,34,27,41,41,41,27,35,37,41,27,41,41,41,27,28,27,41,30,41,41,41,41,41,41,41,41,41,41,41,27,41,41,41,41,27,41,41,41,41,27,41,27,27,27,41,38,41,41,27,41,27,41,41,27,41,27,41,27,36,29,27,41,41,41,41,41,30,41,41,41,41,41,41,41,27,30,39,41,41,27,27,27,41,41,27,27,41,41,41,41,27,28,27,27,41,41,27,41,40,41,41,27,41,39,27,29,27,29,41,27,27,27,41,41,41,41,27,41,27,41,41,27,27,40,27,41,41,41,40,27,27,40,41,27,27,27,27,27,30,27,27,27,35,41,27,39,36,41,41,41,41,41,41,41,37,37,41,41,41,41,41,41,41,41,27,27,41,41,41,27,41,41,27,27,27,41,41,27,27,41,27,27,30,38,41,27,27,41
27,27,229,230,27,27,27,27,27,230,87,27,27,41,27,41,38,27,41,41,27,27,27,41,27,27,41,41,27,41,41,27,27,41,28,41,41,41,41,40,27,27,41,27,31,39,41,41,27,27,41,41,27,41,27,27,41,41,41,41,41,41,28,27,41,41,41,27,41,41,41,27,27,41,27,41,41,27,35,45,27,27,41,41,229,41,37,41,103,41,41,41,29,27,41,27,41,41,41,41,41,41,41,27,41,41,27,29,30,36,37,41,41,27,30,223,27,27,27,203,38,41,27,27,27,199,41,229,27,27,41,41,41,30,27,41,41,41,41,41,40,91,46,27,34,41,41,27,41,41,41,41,27,29,41,41,41,27,27,27,41,41,27,229,47,41,40,197,229,27,212,27,28,185,229,27,229,229,27,27,164,230,111,229,49,27,230,230,230,41,41,41,41,37,27,41,41,27,27,38,38,41,27,27,40,27,41,27,27,41,27,41,41,41,27,31,41,41,41,37,27,229,41,27,41,41,41,41,41,27,230,230,30,27,28,230,41,27,224,87,230,230,230,230,55,230,27,27,230,213,230,30,44,36,27,160,41,41,230,27,230,74,27,27,230,41,27,27,27,230,132,39,27,27,230,35,30,41,27,48,27,29,29,41,41,41,41,27,41,50,41,41,27,41,41,27,229,41,229,27,27,230,60,230,160,27,230,221,148,230,27,37,229,230,229,230,27,230,30,27,27,230,27,27,27,203,27,41,27,27,27,27,41,27,41,41,41,41,39,41,41,41,41,41,41,27,27,27,41,27,41,27,27,41,30,41,41,27,41,41,27,41,27,41,41,41,27,41,41,41,27,41,41,189,27,27,41,27,27,46,229,230,115,230,27,230,230,27,205,41,27,27,41,27,27,41,41,30,41,31,27,41,41,27,41,41,41,29,41,41,31,27,41,41,27,41,28,27,41,41,41,41,41,41,41,32,32,27,41,41,27,41,27,41,41,27,41,41,27,33,41,229,229,41,41,41,41,29,86,41,27,224,41,41,38,190,27,41,27,41,41,189,181,27,160,36,27,27,223,36,230,60,229,229,230,28,41,27,229,114,186,41,27,229,230,92,27,83,39,41,27,27,41,41,27,41,41,41,41,30,41,27,185,27,31,41,41,41,27,41,27,41,41,41,41,41,27,41,41,39,34,27,41,41,41,27,38,27,27,95,41,41,41,229,229,27,41,27,41,37,27,27,27,41,27,230,229,41,27,228,27,27,41,27,27,27,41,41,27,27,27,41,41,224,27,27,41,29,229,169,41,31,41,155,41,41,41,41,41,41,41,41,27,27,41,41,41,41,41,41,27,41,41,27,27,41,27,41,27,41,33,41,27,27,27,41,38,43,27,161,41,41,35,41,35,37,27,27,41,65,229,27,41,27,27,230,229,27,230,229,41,229,38,229,27,41,41,41,27,41,41,27,36,41,41,27,41,41,36,41,41,39,29,41,27,41,27,32,31,27,27,27,41,41,41,41,41,27,27,41,27,40,41,41,27,27,27,41,27,41,41,41,27,41,41,41,41,41,230,41,41,41,41,41,28,27,41,27,41,41,27,41,41,41,27,27,28,41,27,27,27,41,27,41,27,208,27,41,80,41,85,230,230,230,230,27,41,41,230,41,27,41,41,41,41,41,41,41,38,41,36,27,27,41,28,27,27,41,41,27,27,35,40,41,29,41,27,41,41,41,27,27,27,41,27,38,27,38,41,27,27,27,41,30,41,41,27,41,41,37,27,88,27,41,229,41,41,41,27,39,39,41,41,27,27,39,27,27,27,41,41,27,41,27,41,41,27,41,27,41,41,41,34,27,41,41,41,27,35,37,41,27,41,41,41,27,28,27,41,30,41,41,41,41,41,41,41,41,41,41,41,27,41,41,41,41,27,41,41,41,41,27,41,27,27,27,41,38,41,41,27,41,27,41,41,27,41,27,41,27,36,29,27,41,41,41,41,41,30,41,41,41,41,41,41,41,27,30,39,41,41,27,27,27,41,41,27,27,41,41,41,41,27,28,27,27,41,41,27,41,40,41,41,27,41,39,27,29,27,29,41,27,27,27,41,41,41,41,27,41,27,41,41,27,27,40,27,41,41,41,40,27,27,40,41,27,27,27,27,27,30,27,27,27,35,41,27,39,36,41,41,41,41,41,41,41,37,37,41,41,41,41,41,41,41,41,27,27,41,41,41,27,41,41,27,27,27,41,41,27,27,41,27,27,30,38,41,27,27,41
28,27,229,230,27,27,27,27,27,230,87,27,29,41,27,41,31,27,41,41,27,27,27,41,27,27,41,41,27,41,41,27,27,41,27,41,41,41,41,40,27,27,41,27,27,41,41,41,27,27,41,41,27,41,27,27,41,41,41,41,41,41,27,27,41,41,41,27,41,41,41,27,27,41,27,41,41,27,30,45,27,27,41,41,229,41,27,41,57,41,70,41,27,28,41,27,41,41,41,41,41,41,41,27,41,41,27,35,27,27,41,41,41,27,38,229,27,27,27,203,30,41,27,27,30,117,41,229,27,27,41,41,41,38,27,41,41,40,41,40,156,183,43,27,40,41,41,27,41,41,41,41,27,35,41,42,39,27,27,27,41,41,41,229,230,41,28,228,229,27,212,27,75,229,27,27,230,229,27,27,164,230,218,229,113,27,206,230,230,41,41,41,41,30,30,41,41,41,30,38,31,41,27,27,35,27,41,27,27,41,27,41,41,41,27,38,41,41,41,41,27,229,41,27,41,41,41,27,39,27,230,230,37,27,40,230,41,27,230,226,230,230,184,230,27,230,27,27,230,145,230,27,27,40,36,27,41,42,230,27,228,182,27,27,230,47,27,27,27,230,132,29,27,27,230,40,37,41,27,163,27,39,39,41,41,41,41,27,41,50,41,41,27,73,41,27,229,41,164,27,153,229,27,230,229,27,230,153,218,230,27,41,229,230,229,230,27,230,38,27,27,230,27,27,27,230,27,41,27,27,27,27,41,27,27,41,41,41,29,41,41,41,41,41,41,29,27,27,41,41,41,27,27,41,37,41,41,27,41,41,27,41,27,41,41,41,27,41,41,46,33,41,41,97,27,27,41,27,27,43,229,184,195,230,29,230,230,27,186,41,27,27,41,27,27,41,41,27,41,27,41,41,39,27,41,41,41,39,41,41,27,27,41,41,27,41,27,27,41,41,41,41,41,41,41,30,41,27,41,41,27,41,27,41,41,27,41,39,27,33,41,229,229,41,41,41,41,38,179,41,27,54,41,41,29,229,30,41,27,41,41,90,229,27,27,41,28,27,229,41,230,199,229,229,230,39,41,27,229,139,81,41,27,229,230,130,27,177,41,41,27,27,41,41,27,41,41,41,41,37,41,27,93,27,27,41,41,41,27,41,27,41,41,41,41,41,27,41,41,41,34,27,41,41,41,27,41,27,27,95,41,41,41,219,229,27,41,27,41,37,27,27,27,41,27,230,215,41,36,230,27,27,41,27,27,27,41,41,27,27,27,41,41,230,27,27,41,39,229,169,41,27,41,41,41,41,41,41,41,41,41,41,27,27,41,41,41,41,41,41,27,41,41,27,27,41,27,41,27,41,33,41,27,27,27,41,41,41,27,161,41,41,40,41,40,41,27,27,41,65,229,30,56,27,27,230,229,27,230,229,41,229,41,229,27,55,41,41,27,41,41,27,41,41,41,28,41,41,41,27,36,41,39,41,27,41,27,39,27,27,27,27,41,41,41,41,41,30,27,41,27,35,41,41,27,27,27,41,27,41,41,41,27,41,41,41,41,41,230,41,41,41,41,40,27,27,41,27,41,41,27,41,41,41,27,27,27,41,27,27,27,41,27,41,27,69,27,41,175,41,85,230,230,230,230,27,41,41,230,41,27,41,41,41,41,41,32,41,30,41,28,27,27,41,35,27,27,41,41,27,27,29,41,41,35,41,27,41,41,41,27,27,27,41,27,30,27,41,41,27,27,27,41,27,41,41,27,41,39,41,27,50,27,41,185,41,41,41,27,41,29,41,41,27,27,41,27,27,27,41,41,27,41,27,41,41,27,41,27,41,41,41,29,27,41,41,41,27,29,34,41,27,41,41,41,27,27,27,41,37,41,41,41,41,41,41,41,41,41,41,41,27,41,41,37,41,27,41,41,36,41,30,41,27,27,27,41,41,41,41,27,41,27,27,41,27,41,27,41,27,27,27,27,41,41,41,41,41,38,41,41,41,41,41,41,41,27,39,41,41,41,27,30,27,41,41,27,27,41,41,41,41,27,39,27,27,41,41,27,41,28,41,41,27,27,29,27,39,27,27,41,27,27,27,41,41,41,41,27,41,27,41,41,27,27,33,27,41,41,41,41,27,27,35,41,27,27,27,27,27,37,27,27,27,41,41,27,29,40,41,41,41,41,41,41,41,40,30,41,41,41,38,41,41,41,41,41,27,41,38,41,27,41,41,27,30,27,41,41,27,27,41,27,30,37,30,41,27,27,41
28,27,229,230,27,27,27,27,27,230,87,27,29,41,27,41,31,27,41,41,27,27,27,41,27,27,41,41,27,41,41,27,27,41,27,41,41,41,41,40,27,27,41,27,27,41,41,41,27,27,41,41,27,41,27,27,41,41,41,41,41,41,27,27,41,41,41,27,41,41,41,27,27,41,27,41,41,27,30,45,27,27,41,41,229,41,27,41,57,41,70,41,27,28,41,27,41,41,41,41,41,41,41,27,41,41,27,35,27,27,41,41,41,27,38,229,27,27,27,203,30,41,27,27,30,117,41,229,27,27,41,41,41,38,27,41,41,40,41,40,156,183,43,27,40,41,41,27,41,41,41,41,27,35,41,42,39,27,27,27,41,41,41,229,230,41,28,228,229,27,212,27,75,229,27,27,230,229,27,27,164,230,218,229,113,27,206,230,230,41,41,41,41,30,30,41,41,41,30,38,31,41,27,27,35,27,41,27,27,41,27,41,41,41,27,38,41,41,41,41,27,229,41,27,41,41,41,27,39,27,230,230,37,27,40,230,41,27,230,226,230,230,184,230,27,230,27,27,230,145,230,27,27,40,36,27,41,42,230,27,228,182,27,27,230,47,27,27,27,230,132,29,27,27,230,40,37,41,27,163,27,39,39,41,41,41,41,27,41,50,41,41,27,73,41,27,229,41,164,27,153,229,27,230,229,27,230,153,218,230,27,41,229,230,229,230,27,230,38,27,27,230,27,27,27,230,27,41,27,27,27,27,41,27,27,41,41,41,29,41,41,41,41,41,41,29,27,27,41,41,41,27,27,41,37,41,41,27,41,41,27,41,27,41,41,41,27,41,41,46,33,41,41,97,27,27,41,27,27,43,229,184,195,230,29,230,230,27,186,41,27,27,41,27,27,41,41,27,41,27,41,41,39,27,41,41,41,39,41,41,27,27,41,41,27,41,27,27,41,41,41,41,41,41,41,30,41,27,41,41,27,41,27,41,41,27,41,39,27,33,41,229,229,41,41,41,41,38,179,41,27,54,41,41,29,229,30,41,27,41,41,90,229,27,27,41,28,27,229,41,230,199,229,229,230,39,41,27,229,139,81,41,27,229,230,130,27,177,41,41,27,27,41,41,27,41,41,41,41,37,41,27,93,27,27,41,41,41,27,41,27,41,41,41,41,41,27,41,41,41,34,27,41,41,41,27,41,27,27,95,41,41,41,219,229,27,41,27,41,37,27,27,27,41,27,230,215,41,36,230,27,27,41,27,27,27,41,41,27,27,27,41,41,230,27,27,41,39,229,169,41,27,41,41,41,41,41,41,41,41,41,41,27,27,41,41,41,41,41,41,27,41,41,27,27,41,27,41,27,41,33,41,27,27,27,41,41,41,27,161,41,41,40,41,40,41,27,27,41,65,229,30,56,27,27,230,229,27,230,229,41,229,41,229,27,55,41,41,27,41,41,27,41,41,41,28,41,41,41,27,36,41,39,41,27,41,27,39,27,27,27,27,41,41,41,41,41,30,27,41,27,35,41,41,27,27,27,41,27,41,41,41,27,41,41,41,41,41,230,41,41,41,41,40,27,27,41,27,41,41,27,41,41,41,27,27,27,41,27,27,27,41,27,41,27,69,27,41,175,41,85,230,230,230,230,27,41,41,230,41,27,41,41,41,41,41,32,41,30,41,28,27,27,41,35,27,27,41,41,27,27,29,41,41,35,41,27,41,41,41,27,27,27,41,27,30,27,41,41,27,27,27,41,27,41,41,27,41,39,41,27,50,27,41,185,41,41,41,27,41,29,41,41,27,27,41,27,27,27,41,41,27,41,27,41,41,27,41,27,41,41,41,29,27,41,41,41,27,29,34,41,27,41,41,41,27,27,27,41,37,41,41,41,41,41,41,41,41,41,41,41,27,41,41,37,41,27,41,41,36,41,30,41,27,27,27,41,41,41,41,27,41,27,27,41,27,41,27,41,27,27,27,27,41,41,41,41,41,38,41,41,41,41,41,41,41,27,39,41,41,41,27,30,27,41,41,27,27,41,41,41,41,27,39,27,27,41,41,27,41,28,41,41,27,27,29,27,39,27,27,41,27,27,27,41,41,41,41,27,41,27,41,41,27,27,33,27,41,41,41,41,27,27,35,41,27,27,27,27,27,37,27,27,27,41,41,27,29,40,41,41,41,41,41,41,41,40,30,41,41,41,38,41,41,41,41,41,27,41,38,41,27,41,41,27,30,27,41,41,27,27,41,27,30,37,30,41,27,27,41
72,27,229,230,27,27,27,27,27,230,87,27,39,41,27,41,27,27,41,41,27,27,27,41,27,27,41,41,27,41,41,27,27,41,27,41,41,41,41,40,27,27,41,29,27,41,40,41,27,36,41,41,27,41,27,27,41,27,41,41,41,41,27,27,41,41,41,27,41,41,41,27,27,41,30,41,41,36,27,45,27,27,41,41,229,41,27,41,106,41,73,41,27,39,41,27,41,41,41,41,38,41,41,27,41,41,27,40,27,27,41,41,41,27,41,229,27,27,27,203,27,41,27,27,37,46,41,229,27,27,41,41,41,41,27,41,41,28,41,28,156,229,41,27,41,41,41,27,41,41,41,41,27,40,41,46,29,27,27,27,38,41,41,160,230,41,27,229,229,27,212,27,174,229,27,27,230,229,27,27,164,230,230,229,215,27,52,230,230,41,41,41,41,27,37,41,41,41,37,38,27,41,27,27,29,27,41,27,27,41,27,41,41,41,27,41,41,41,41,41,27,229,41,29,41,41,41,27,29,27,230,230,41,27,41,183,224,27,230,230,230,230,83,230,27,230,27,28,230,60,230,27,27,41,41,27,41,82,230,27,158,230,27,27,230,230,27,27,27,230,132,27,27,27,230,41,41,41,27,172,28,41,41,41,41,41,41,27,41,50,41,41,27,184,41,27,224,41,41,27,181,229,27,230,229,27,230,49,229,229,27,41,229,214,229,214,27,230,41,27,27,230,27,27,27,230,27,41,27,27,27,27,41,27,27,41,41,41,27,41,41,41,41,41,41,35,27,27,41,41,41,27,36,41,41,41,41,27,41,27,27,41,27,36,41,41,27,41,41,65,41,41,41,43,27,27,41,27,29,41,229,83,230,230,38,230,230,27,99,41,27,27,41,27,27,41,41,27,41,27,41,41,29,27,41,41,41,41,41,41,27,27,41,41,27,41,27,27,41,41,41,41,41,41,41,37,41,27,41,41,27,41,27,41,41,27,41,33,27,33,41,229,214,41,47,41,41,41,230,41,29,41,37,41,27,229,37,42,27,41,41,42,230,27,27,41,40,27,229,41,230,229,229,229,230,41,41,27,229,139,27,41,27,229,41,202,27,230,41,41,27,27,41,41,27,41,41,41,41,41,41,27,42,29,27,41,41,41,27,41,27,41,41,41,41,41,30,41,41,41,34,27,41,41,41,27,41,27,41,95,41,41,41,106,229,27,47,27,41,37,27,27,27,41,27,230,179,41,41,230,27,27,41,27,27,27,41,41,41,27,27,39,41,230,27,27,224,41,229,45,41,27,41,27,41,41,41,41,41,41,41,41,28,27,41,41,41,41,41,41,27,41,41,27,27,41,27,41,27,41,33,55,27,27,27,41,41,41,27,161,41,41,41,41,41,41,27,27,40,65,229,37,118,27,27,230,229,27,230,229,41,229,41,229,27,115,41,40,27,41,41,27,41,41,40,36,41,41,41,27,27,41,41,41,27,41,29,41,27,27,27,27,41,41,41,41,40,38,27,41,27,29,41,41,27,27,27,41,27,41,41,41,27,41,41,41,41,41,230,41,41,41,41,28,27,27,41,27,41,41,27,41,41,41,27,27,27,41,27,27,27,41,33,41,27,42,27,41,227,41,80,215,230,230,230,27,41,41,230,41,27,41,41,41,41,40,27,41,27,41,27,27,27,41,40,27,27,41,41,36,41,27,41,41,40,41,27,41,41,41,27,27,27,41,27,27,27,41,41,29,27,30,41,27,41,41,27,41,27,41,36,27,33,55,71,41,41,41,27,41,27,41,41,40,27,41,27,27,27,41,41,27,41,27,41,41,27,41,27,41,41,41,27,30,41,41,41,27,27,32,41,27,41,41,41,27,27,27,41,41,41,41,41,41,41,41,41,41,41,41,41,27,41,41,30,41,27,41,41,27,41,38,41,27,27,27,38,41,41,41,41,41,27,27,41,27,41,27,41,36,27,27,27,38,41,41,41,41,41,41,41,41,41,41,41,41,27,41,41,41,41,27,37,27,41,41,27,27,41,41,41,40,27,41,27,27,39,41,27,27,27,40,41,27,27,27,27,41,27,27,41,27,27,27,41,41,41,41,27,41,27,40,41,27,27,28,27,41,41,41,41,29,27,29,41,27,29,27,27,27,41,27,36,27,41,41,29,27,41,41,41,41,41,41,41,41,41,27,41,41,41,31,41,41,41,41,41,27,41,34,41,27,41,41,27,38,27,41,41,27,27,41,27,31,41,37,41,27,27,41
186,27,229,230,27,29,52,27,27,160,87,27,41,41,27,41,27,27,41,41,27,27,27,41,41,27,41,41,27,41,41,27,27,41,27,41,41,41,41,40,27,30,41,34,27,41,35,41,27,41,41,41,27,41,27,27,41,27,37,41,41,41,27,27,41,41,41,27,41,41,41,27,27,41,38,41,41,41,27,45,27,27,106,41,229,41,27,41,103,41,73,41,27,41,41,27,41,41,41,41,33,41,41,27,27,41,27,41,27,27,41,41,41,27,41,229,27,41,27,203,27,41,27,27,41,27,41,229,27,27,41,41,41,41,27,41,41,27,40,27,156,229,41,27,41,41,41,27,41,41,27,41,27,41,41,75,27,27,29,27,30,41,41,27,230,41,27,229,220,27,212,27,229,229,60,27,230,229,27,27,164,230,230,230,230,27,27,230,187,63,41,41,41,27,41,41,41,41,41,40,27,41,27,29,27,27,41,27,27,41,27,41,41,41,27,41,41,41,41,41,27,229,41,39,41,41,41,27,27,27,230,230,41,27,41,76,230,27,230,230,230,230,27,230,27,230,27,159,230,27,230,27,27,41,41,27,41,192,230,41,31,230,27,27,230,230,27,27,27,230,132,27,27,27,230,41,41,41,27,176,40,41,41,41,41,41,41,27,41,50,41,41,27,227,41,27,160,55,41,27,74,230,27,230,229,27,230,27,229,229,27,41,229,148,229,146,27,230,41,27,27,230,27,27,27,230,27,41,27,27,27,27,41,27,27,41,41,41,27,41,41,41,41,41,41,40,27,27,41,41,41,27,41,41,41,41,41,27,41,27,27,41,27,28,41,41,27,41,41,65,41,41,41,41,27,27,38,27,35,41,229,27,230,230,41,230,230,27,38,41,27,27,41,27,27,41,41,27,41,27,41,41,27,27,41,41,41,41,41,41,27,27,41,41,27,41,27,27,41,41,41,41,41,41,41,41,39,27,27,41,27,41,27,41,41,27,41,28,27,33,41,229,148,41,230,41,41,41,230,41,35,41,27,38,27,229,41,85,27,41,41,41,230,27,27,41,41,27,229,41,160,230,229,229,230,41,81,27,229,139,27,41,27,229,41,230,30,230,41,41,27,27,41,41,27,41,41,27,41,41,41,27,41,34,27,41,41,41,27,41,27,41,41,41,41,41,38,41,41,41,34,27,41,41,41,27,41,27,34,95,41,41,41,35,219,27,99,27,53,37,27,27,27,41,30,230,138,41,41,230,27,27,41,27,27,27,41,41,41,35,27,30,41,230,29,27,230,41,229,41,41,27,41,27,224,41,41,41,41,41,41,41,39,27,41,41,41,41,41,41,27,41,41,27,27,41,27,41,27,41,33,217,27,27,27,41,41,41,27,161,41,41,41,41,41,41,28,28,28,65,229,41,197,27,27,230,229,27,230,229,41,27,41,229,27,195,41,33,27,41,41,30,41,41,37,40,41,41,41,27,27,41,41,41,27,41,35,41,27,27,30,27,41,41,41,41,35,41,27,41,27,27,41,41,27,27,27,41,27,41,41,41,31,41,41,41,41,41,230,41,41,41,41,27,27,27,41,27,41,40,27,41,41,41,28,27,27,41,27,27,33,45,41,41,27,41,27,41,229,41,47,104,230,230,230,27,41,41,230,41,27,41,41,41,41,28,27,41,27,41,27,27,28,41,41,27,27,41,41,41,41,27,41,41,41,41,28,41,36,41,27,27,27,41,27,27,27,41,41,34,27,37,41,27,41,41,27,41,27,41,41,27,41,118,27,41,41,41,27,41,27,41,41,41,27,41,27,27,27,41,41,27,41,27,41,41,27,41,41,41,38,41,27,37,41,41,28,27,27,32,41,27,41,41,41,27,27,27,41,41,41,41,41,41,41,41,41,41,41,41,41,27,41,41,27,41,27,41,41,27,41,41,41,27,27,27,30,41,41,41,27,41,27,27,41,29,40,27,41,41,27,27,27,31,41,41,41,38,41,40,41,41,41,41,41,41,27,41,41,41,41,27,41,27,41,41,41,27,41,38,41,35,27,41,27,27,33,41,27,27,27,35,41,35,27,27,27,41,27,27,41,27,27,27,41,41,41,41,27,41,27,33,41,27,27,27,27,41,41,41,41,35,27,27,41,27,35,27,40,27,41,27,41,27,41,41,35,27,41,41,41,41,41,41,41,41,41,27,41,41,41,27,39,41,41,41,41,27,41,34,41,27,41,41,27,41,27,41,41,27,27,41,27,39,41,29,41,30,27,41
186,27,229,230,27,29,52,27,27,160,87,27,41,41,27,41,27,27,41,41,27,27,27,41,41,27,41,41,27,41,41,27,27,41,27,41,41,41,41,40,27,30,41,34,27,41,35,41,27,41,41,41,27,41,27,27,41,27,37,41,41,41,27,27,41,41,41,27,41,41,41,27,27,41,38,41,41,41,27,45,27,27,106,41,229,41,27,41,103,41,73,41,27,41,41,27,41,41,41,41,33,41,41,27,27,41,27,41,27,27,41,41,41,27,41,229,27,41,27,203,27,41,27,27,41,27,41,229,27,27,41,41,41,41,27,41,41,27,40,27,156,229,41,27,41,41,41,27,41,41,27,41,27,41,41,75,27,27,29,27,30,41,41,27,230,41,27,229,220,27,212,27,229,229,60,27,230,229,27,27,164,230,230,230,230,27,27,230,187,63,41,41,41,27,41,41,41,41,41,40,27,41,27,29,27,27,41,27,27,41,27,41,41,41,27,41,41,41,41,41,27,229,41,39,41,41,41,27,27,27,230,230,41,27,41,76,230,27,230,230,230,230,27,230,27,230,27,159,230,27,230,27,27,41,41,27,41,192,230,41,31,230,27,27,230,230,27,27,27,230,132,27,27,27,230,41,41,41,27,176,40,41,41,41,41,41,41,27,41,50,41,41,27,227,41,27,160,55,41,27,74,230,27,230,229,27,230,27,229,229,27,41,229,148,229,146,27,230,41,27,27,230,27,27,27,230,27,41,27,27,27,27,41,27,27,41,41,41,27,41,41,41,41,41,41,40,27,27,41,41,41,27,41,41,41,41,41,27,41,27,27,41,27,28,41,41,27,41,41,65,41,41,41,41,27,27,38,27,35,41,229,27,230,230,41,230,230,27,38,41,27,27,41,27,27,41,41,27,41,27,41,41,27,27,41,41,41,41,41,41,27,27,41,41,27,41,27,27,41,41,41,41,41,41,41,41,39,27,27,41,27,41,27,41,41,27,41,28,27,33,41,229,148,41,230,41,41,41,230,41,35,41,27,38,27,229,41,85,27,41,41,41,230,27,27,41,41,27,229,41,160,230,229,229,230,41,81,27,229,139,27,41,27,229,41,230,30,230,41,41,27,27,41,41,27,41,41,27,41,41,41,27,41,34,27,41,41,41,27,41,27,41,41,41,41,41,38,41,41,41,34,27,41,41,41,27,41,27,34,95,41,41,41,35,219,27,99,27,53,37,27,27,27,41,30,230,138,41,41,230,27,27,41,27,27,27,41,41,41,35,27,30,41,230,29,27,230,41,229,41,41,27,41,27,224,41,41,41,41,41,41,41,39,27,41,41,41,41,41,41,27,41,41,27,27,41,27,41,27,41,33,217,27,27,27,41,41,41,27,161,41,41,41,41,41,41,28,28,28,65,229,41,197,27,27,230,229,27,230,229,41,27,41,229,27,195,41,33,27,41,41,30,41,41,37,40,41,41,41,27,27,41,41,41,27,41,35,41,27,27,30,27,41,41,41,41,35,41,27,41,27,27,41,41,27,27,27,41,27,41,41,41,31,41,41,41,41,41,230,41,41,41,41,27,27,27,41,27,41,40,27,41,41,41,28,27,27,41,27,27,33,45,41,41,27,41,27,41,229,41,47,104,230,230,230,27,41,41,230,41,27,41,41,41,41,28,27,41,27,41,27,27,28,41,41,27,27,41,41,41,41,27,41,41,41,41,28,41,36,41,27,27,27,41,27,27,27,41,41,34,27,37,41,27,41,41,27,41,27,41,41,27,41,118,27,41,41,41,27,41,27,41,41,41,27,41,27,27,27,41,41,27,41,27,41,41,27,41,41,41,38,41,27,37,41,41,28,27,27,32,41,27,41,41,41,27,27,27,41,41,41,41,41,41,41,41,41,41,41,41,41,27,41,41,27,41,27,41,41,27,41,41,41,27,27,27,30,41,41,41,27,41,27,27,41,29,40,27,41,41,27,27,27,31,41,41,41,38,41,40,41,41,41,41,41,41,27,41,41,41,41,27,41,27,41,41,41,27,41,38,41,35,27,41,27,27,33,41,27,27,27,35,41,35,27,27,27,41,27,27,41,27,27,27,41,41,41,41,27,41,27,33,41,27,27,27,27,41,41,41,41,35,27,27,41,27,35,27,40,27,41,27,41,27,41,41,35,27,41,41,41,41,41,41,41,41,41,27,41,41,41,27,39,41,41,41,41,27,41,34,41,27,41,41,27,41,27,41,41,27,27,41,27,39,41,29,41,30,27,41
229,27,229,230,27,79,146,28,27,27,87,30,41,41,27,41,27,27,41,41,30,27,27,41,41,27,41,41,27,41,41,27,27,41,27,41,41,41,41,40,29,38,41,37,27,41,29,40,27,41,41,41,27,41,27,27,41,27,30,41,28,41,27,27,41,41,41,27,41,41,41,36,27,41,41,41,41,41,27,45,27,30,229,41,229,41,27,41,41,41,73,41,27,41,41,27,41,40,41,41,33,36,40,27,27,27,27,41,27,27,41,41,36,27,41,229,27,29,27,46,27,41,27,27,41,27,41,227,27,27,41,41,41,41,27,41,41,27,28,27,156,229,41,27,41,41,41,27,41,41,27,41,27,41,41,201,27,27,39,27,27,41,41,27,230,41,27,220,152,27,216,28,229,229,76,27,230,229,27,27,164,230,230,230,230,27,27,230,81,116,41,41,41,27,41,37,41,41,41,41,27,41,27,39,27,27,41,27,27,41,27,41,41,41,27,41,41,41,41,41,27,229,41,41,41,41,41,27,27,27,230,230,41,27,41,27,230,27,230,230,230,230,27,214,27,230,27,229,230,27,230,27,27,41,41,27,41,230,230,41,27,230,29,27,230,230,27,27,27,27,132,27,36,27,160,41,41,38,27,176,41,41,41,41,41,41,41,27,41,27,41,41,27,229,55,27,53,205,41,27,27,230,27,230,229,27,230,27,229,229,27,41,229,61,229,56,27,230,41,27,27,230,27,28,27,230,27,41,27,27,27,27,41,27,27,41,41,41,27,41,41,41,41,41,41,41,27,27,41,41,41,27,41,41,41,41,41,27,41,27,27,27,35,27,41,41,27,41,41,65,41,41,41,41,27,27,31,27,40,41,227,27,230,230,41,27,230,29,27,41,27,27,41,27,27,41,41,27,41,27,41,41,27,27,41,41,40,41,41,41,27,29,41,41,27,41,27,27,41,41,41,41,41,41,41,41,34,27,27,41,27,41,27,41,41,27,41,27,27,33,41,214,61,27,230,41,41,41,230,41,40,41,27,31,27,229,41,179,30,41,41,41,230,27,27,41,41,27,229,41,27,230,229,229,200,41,183,27,229,139,27,41,27,229,41,230,38,230,41,41,27,27,27,41,27,41,41,27,40,41,41,27,41,39,27,41,41,41,27,41,29,41,41,41,41,41,41,41,41,41,34,27,41,41,41,27,41,27,27,50,41,44,41,27,112,27,198,27,92,37,27,29,27,66,37,230,69,41,41,212,27,27,41,27,27,36,41,41,41,40,27,27,41,230,39,27,230,41,230,41,41,27,41,27,230,27,41,41,41,41,41,41,41,27,41,41,41,41,41,41,27,41,41,27,27,41,27,41,27,41,38,230,30,27,27,224,41,41,27,161,41,41,41,40,41,41,40,40,27,61,230,41,230,27,27,230,229,27,230,229,41,27,41,190,27,229,41,27,27,41,41,38,41,41,35,41,41,41,41,27,27,41,41,41,27,41,40,41,27,27,37,28,41,41,41,41,29,41,27,41,27,27,41,41,27,27,27,41,27,41,41,41,37,41,41,41,41,41,214,41,41,41,41,27,27,27,41,27,41,39,27,41,41,41,35,27,27,41,27,30,39,47,41,41,27,41,28,41,229,223,41,35,230,230,230,27,41,41,230,41,27,27,41,41,41,27,27,41,27,41,27,27,39,41,41,27,27,41,41,41,41,27,41,41,41,41,35,41,27,41,27,27,27,41,27,27,27,41,41,39,27,41,41,27,41,28,27,41,28,47,41,30,41,202,27,41,41,41,29,41,27,41,41,41,27,41,27,27,27,41,41,28,41,27,41,41,27,41,41,41,31,41,27,41,41,41,27,27,27,32,41,27,41,41,41,27,27,27,41,41,41,41,41,41,41,41,41,41,41,41,41,27,41,41,27,41,27,41,41,27,41,41,41,27,29,27,27,41,40,41,27,41,27,27,41,35,35,27,41,41,27,27,27,27,41,41,41,30,41,37,41,41,41,41,41,41,27,41,41,41,41,27,41,27,41,41,41,27,41,31,40,29,27,41,27,41,27,41,27,27,27,29,41,41,27,27,27,41,27,27,41,27,27,27,41,41,41,41,30,41,27,28,41,27,27,27,28,41,41,41,41,40,27,27,41,27,40,27,41,27,41,27,41,27,41,41,40,27,41,41,41,41,41,41,41,41,41,27,41,41,41,27,29,41,41,41,41,27,36,34,41,27,41,41,27,41,30,41,41,27,27,41,27,41,41,27,41,38,27,41
229,27,27,229,27,181,216,68,27,27,87,38,41,41,27,41,27,27,41,41,37,27,27,41,41,27,41,41,27,41,41,27,27,41,27,40,41,41,41,40,35,41,41,40,27,41,27,35,27,41,41,41,27,41,27,27,41,27,27,41,27,37,27,27,41,41,41,27,41,41,41,41,27,41,41,41,41,41,27,45,27,38,229,41,229,41,27,41,41,41,69,41,27,41,41,27,41,28,41,41,33,27,35,27,27,27,27,41,27,27,41,81,36,27,41,229,27,27,27,41,27,41,27,27,41,27,41,104,27,27,28,41,41,41,27,41,41,27,27,27,156,184,41,27,41,41,41,27,41,41,27,41,27,41,37,229,27,27,41,27,27,41,41,27,230,41,27,153,45,36,224,74,229,229,27,27,230,229,27,27,164,230,230,230,230,29,27,230,27,145,41,41,41,27,41,30,41,41,41,41,27,41,27,41,27,27,41,27,27,41,27,41,41,41,27,41,41,41,41,41,27,229,41,41,41,41,41,27,27,27,230,230,41,27,43,27,230,27,230,230,230,230,27,146,27,230,27,230,230,27,230,27,27,42,41,27,41,230,230,41,27,230,35,27,230,230,27,29,27,27,132,27,41,27,27,41,81,31,27,176,41,41,41,41,41,41,41,27,41,27,41,41,27,229,118,27,41,224,41,27,27,230,27,215,229,27,230,27,229,229,91,41,184,27,229,27,27,230,41,27,27,201,27,39,27,230,27,41,27,27,27,27,41,27,27,41,41,27,27,37,41,41,41,41,41,41,27,27,41,41,41,27,41,41,41,41,41,35,41,27,27,27,40,27,41,41,27,41,41,65,45,40,41,41,27,27,27,27,41,41,223,27,230,193,41,27,230,39,27,41,27,27,41,27,27,27,41,27,41,27,41,41,27,27,41,41,35,41,41,41,27,34,41,41,27,41,27,27,41,41,41,41,41,41,41,41,31,27,27,41,27,41,27,41,41,27,41,27,27,32,41,179,27,27,230,41,41,41,190,41,41,41,27,27,27,190,41,230,37,41,27,41,230,27,27,41,41,27,229,41,27,230,229,229,106,41,229,27,229,137,27,41,27,229,41,230,41,230,60,41,27,27,27,41,30,41,41,27,29,41,41,27,41,41,27,40,41,41,27,41,39,41,41,41,41,41,41,38,41,41,34,27,41,41,41,27,41,27,27,27,41,108,41,27,90,27,229,27,128,37,27,35,27,196,41,230,41,41,47,144,27,27,41,27,27,41,41,41,41,41,27,27,41,230,41,27,230,41,230,41,41,27,41,27,230,27,41,41,41,41,41,41,41,27,41,41,41,41,41,41,27,40,41,27,27,41,41,41,29,41,41,230,37,27,27,230,80,41,28,161,41,41,41,28,41,41,41,41,27,53,230,41,230,27,27,230,230,27,207,230,106,27,41,67,27,229,41,27,27,41,40,41,41,41,28,41,41,28,41,27,27,41,41,41,27,41,41,41,27,27,41,35,41,41,41,41,27,41,27,41,27,27,41,41,27,27,28,41,28,40,41,41,41,41,41,41,41,41,114,41,41,41,41,27,27,27,41,27,41,38,27,41,41,41,40,27,27,41,27,38,41,219,41,41,27,41,39,41,214,229,41,27,215,230,230,27,41,41,230,41,27,27,41,41,41,27,27,41,27,41,27,27,41,41,41,27,27,41,41,41,41,27,41,41,41,41,40,41,27,41,27,27,27,41,27,27,27,41,41,41,27,41,41,27,41,27,27,41,39,95,41,37,41,229,27,41,41,41,39,48,27,41,41,41,29,41,27,27,27,41,41,40,41,27,41,41,27,41,41,41,27,41,27,41,41,41,27,27,27,32,41,27,41,41,41,27,27,27,41,41,41,41,41,41,41,41,41,41,41,41,41,27,41,41,27,27,27,41,41,27,27,41,41,27,35,27,27,41,37,41,27,41,27,27,41,40,29,27,41,41,27,27,27,27,41,41,41,27,41,34,41,41,41,41,41,41,27,41,41,41,41,27,41,27,41,41,41,27,41,27,35,27,27,41,27,41,27,41,27,27,27,27,41,41,27,27,27,41,28,27,41,27,27,27,41,41,41,41,37,41,27,27,41,27,27,27,39,39,41,41,41,41,27,27,41,27,41,27,41,27,41,27,41,36,41,41,41,27,41,39,41,41,38,41,41,41,41,27,41,41,41,27,27,41,41,41,41,27,28,34,41,27,41,41,27,41,38,41,41,27,27,41,27,41,41,27,41,41,27,41
229,27,27,229,27,181,216,68,27,27,87,38,41,41,27,41,27,27,41,41,37,27,27,41,41,27,41,41,27,41,41,27,27,41,27,40,41,41,41,40,35,41,41,40,27,41,27,35,27,41,41,41,27,41,27,27,41,27,27,41,27,37,27,27,41,41,41,27,41,41,41,41,27,41,41,41,41,41,27,45,27,38,229,41,229,41,27,41,41,41,69,41,27,41,41,27,41,28,41,41,33,27,35,27,27,27,27,41,27,27,41,81,36,27,41,229,27,27,27,41,27,41,27,27,41,27,41,104,27,27,28,41,41,41,27,41,41,27,27,27,156,184,41,27,41,41,41,27,41,41,27,41,27,41,37,229,27,27,41,27,27,41,41,27,230,41,27,153,45,36,224,74,229,229,27,27,230,229,27,27,164,230,230,230,230,29,27,230,27,145,41,41,41,27,41,30,41,41,41,41,27,41,27,41,27,27,41,27,27,41,27,41,41,41,27,41,41,41,41,41,27,229,41,41,41,41,41,27,27,27,230,230,41,27,43,27,230,27,230,230,230,230,27,146,27,230,27,230,230,27,230,27,27,42,41,27,41,230,230,41,27,230,35,27,230,230,27,29,27,27,132,27,41,27,27,41,81,31,27,176,41,41,41,41,41,41,41,27,41,27,41,41,27,229,118,27,41,224,41,27,27,230,27,215,229,27,230,27,229,229,91,41,184,27,229,27,27,230,41,27,27,201,27,39,27,230,27,41,27,27,27,27,41,27,27,41,41,27,27,37,41,41,41,41,41,41,27,27,41,41,41,27,41,41,41,41,41,35,41,27,27,27,40,27,41,41,27,41,41,65,45,40,41,41,27,27,27,27,41,41,223,27,230,193,41,27,230,39,27,41,27,27,41,27,27,27,41,27,41,27,41,41,27,27,41,41,35,41,41,41,27,34,41,41,27,41,27,27,41,41,41,41,41,41,41,41,31,27,27,41,27,41,27,41,41,27,41,27,27,32,41,179,27,27,230,41,41,41,190,41,41,41,27,27,27,190,41,230,37,41,27,41,230,27,27,41,41,27,229,41,27,230,229,229,106,41,229,27,229,137,27,41,27,229,41,230,41,230,60,41,27,27,27,41,30,41,41,27,29,41,41,27,41,41,27,40,41,41,27,41,39,41,41,41,41,41,41,38,41,41,34,27,41,41,41,27,41,27,27,27,41,108,41,27,90,27,229,27,128,37,27,35,27,196,41,230,41,41,47,144,27,27,41,27,27,41,41,41,41,41,27,27,41,230,41,27,230,41,230,41,41,27,41,27,230,27,41,41,41,41,41,41,41,27,41,41,41,41,41,41,27,40,41,27,27,41,41,41,29,41,41,230,37,27,27,230,80,41,28,161,41,41,41,28,41,41,41,41,27,53,230,41,230,27,27,230,230,27,207,230,106,27,41,67,27,229,41,27,27,41,40,41,41,41,28,41,41,28,41,27,27,41,41,41,27,41,41,41,27,27,41,35,41,41,41,41,27,41,27,41,27,27,41,41,27,27,28,41,28,40,41,41,41,41,41,41,41,41,114,41,41,41,41,27,27,27,41,27,41,38,27,41,41,41,40,27,27,41,27,38,41,219,41,41,27,41,39,41,214,229,41,27,215,230,230,27,41,41,230,41,27,27,41,41,41,27,27,41,27,41,27,27,41,41,41,27,27,41,41,41,41,27,41,41,41,41,40,41,27,41,27,27,27,41,27,27,27,41,41,41,27,41,41,27,41,27,27,41,39,95,41,37,41,229,27,41,41,41,39,48,27,41,41,41,29,41,27,27,27,41,41,40,41,27,41,41,27,41,41,41,27,41,27,41,41,41,27,27,27,32,41,27,41,41,41,27,27,27,41,41,41,41,41,41,41,41,41,41,41,41,41,27,41,41,27,27,27,41,41,27,27,41,41,27,35,27,27,41,37,41,27,41,27,27,41,40,29,27,41,41,27,27,27,27,41,41,41,27,41,34,41,41,41,41,41,41,27,41,41,41,41,27,41,27,41,41,41,27,41,27,35,27,27,41,27,41,27,41,27,27,27,27,41,41,27,27,27,41,28,27,41,27,27,27,41,41,41,41,37,41,27,27,41,27,27,27,39,39,41,41,41,41,27,27,41,27,41,27,41,27,41,27,41,36,41,41,41,27,41,39,41,41,38,41,41,41,41,27,41,41,41,27,27,41,41,41,41,27,28,34,41,27,41,41,27,41,38,41,41,27,27,41,27,41,41,27,41,41,27,41
229,27,27,229,27,229,230,189,27,27,87,41,41,41,27,41,27,27,41,41,41,30,27,41,41,27,41,41,27,41,40,27,27,41,27,33,41,41,41,40,40,41,41,41,27,41,27,29,27,41,41,41,27,41,27,27,41,27,27,41,27,30,27,27,41,41,41,29,41,41,41,41,27,41,41,41,41,41,27,44,30,41,229,41,106,41,27,45,41,41,31,41,27,41,41,27,41,27,41,41,33,27,29,27,27,27,27,41,27,27,41,174,27,30,41,229,27,27,27,41,27,41,27,27,41,27,41,32,27,27,27,41,28,41,27,41,41,27,27,27,156,91,41,41,41,41,41,27,38,41,27,41,27,41,30,229,27,28,41,27,27,41,41,27,230,41,27,45,27,41,229,175,229,229,27,27,230,229,27,27,164,230,211,230,230,39,27,230,27,146,41,41,41,27,41,27,41,41,41,41,27,41,27,41,27,29,41,27,27,41,27,41,38,41,27,41,41,41,41,41,27,220,41,41,41,41,41,27,27,27,230,230,41,27,214,27,230,27,230,213,230,230,27,60,27,230,27,230,230,27,230,27,27,71,41,27,41,230,230,41,27,230,40,40,230,230,27,35,29,27,227,27,41,27,27,41,175,27,27,176,41,41,41,41,41,41,41,27,41,27,41,41,27,218,202,27,41,228,41,27,27,230,27,147,229,160,230,27,229,229,124,81,82,27,229,27,27,230,41,27,27,119,27,41,27,230,30,41,27,41,27,27,41,27,27,41,41,27,27,30,41,41,41,41,37,41,27,27,36,41,39,27,41,41,41,36,41,41,41,27,27,27,41,27,41,41,27,41,41,62,119,28,41,41,36,27,27,29,41,41,217,27,186,69,41,27,230,41,27,221,27,27,41,27,27,27,41,27,41,27,41,41,27,27,40,41,29,41,41,41,27,39,27,39,27,41,27,27,41,40,41,41,41,41,41,41,29,27,27,41,27,41,27,41,41,27,41,27,27,29,41,131,27,27,230,41,41,41,96,38,41,41,27,27,27,86,41,230,41,41,27,41,230,27,27,41,50,35,160,41,27,224,213,229,34,51,230,27,229,134,27,41,27,229,75,230,41,186,197,38,27,27,27,41,38,41,41,27,27,41,41,27,41,41,27,28,41,41,27,41,41,41,41,41,41,41,41,30,41,41,34,27,41,41,41,27,41,27,27,27,41,224,41,27,36,27,229,27,204,37,27,40,27,229,41,230,41,41,230,60,29,27,41,27,29,41,41,41,41,41,27,27,41,160,41,27,230,65,230,41,41,27,41,27,230,27,41,41,41,41,41,41,41,27,41,41,41,41,41,41,27,29,41,27,27,41,41,41,38,41,41,230,41,27,27,230,176,41,40,161,41,41,41,27,41,41,41,41,27,53,230,41,230,27,27,230,230,27,111,230,229,27,54,27,27,229,41,27,27,41,37,41,41,41,27,41,41,27,41,27,27,41,41,41,36,41,41,41,27,27,41,40,41,41,41,41,27,41,27,41,27,27,41,41,27,27,35,41,41,27,41,41,41,41,41,41,41,41,89,41,41,41,41,27,27,27,41,27,41,38,27,41,41,41,41,27,27,41,27,41,41,225,81,41,27,41,41,41,150,229,41,27,104,197,230,27,41,41,230,41,27,27,41,41,41,27,27,41,27,41,27,27,41,41,41,27,27,41,41,41,41,27,41,41,41,41,41,41,27,41,36,27,28,41,27,27,30,41,41,41,27,41,41,27,41,27,35,41,41,89,41,41,41,229,27,41,41,41,41,110,27,41,41,41,38,41,41,27,27,41,41,41,41,29,41,41,27,41,41,41,27,37,27,41,41,41,27,27,27,32,41,30,41,41,41,30,27,27,41,41,41,41,39,41,41,41,41,41,41,41,41,27,41,41,27,27,27,41,41,27,27,41,41,27,40,41,27,41,34,41,27,41,27,27,41,41,27,27,41,41,27,27,29,27,41,41,41,27,41,29,41,41,41,41,41,41,28,41,41,41,41,30,41,27,41,41,41,27,41,27,29,27,27,41,27,41,27,40,36,27,27,27,38,41,27,27,27,41,35,27,40,27,27,27,41,41,41,41,41,41,27,27,41,27,27,27,41,33,41,41,41,41,30,27,41,27,41,29,41,27,41,27,41,41,41,41,41,27,41,29,41,41,31,41,41,27,41,27,41,41,40,27,27,41,41,36,41,27,27,34,41,27,41,41,27,41,41,41,41,27,27,41,30,41,41,27,41,41,30,41
230,27,27,229,27,229,230,229,27,27,87,41,41,41,27,41,27,27,41,41,41,37,27,41,41,27,41,41,27,41,28,28,27,41,27,27,41,41,41,40,41,41,41,41,27,41,27,27,27,41,41,41,27,41,27,27,41,27,27,41,27,27,27,27,41,41,41,35,41,41,41,41,27,41,41,41,41,41,27,42,38,41,229,41,41,41,27,121,41,27,27,41,27,41,41,27,41,27,41,41,33,27,27,27,27,27,41,41,27,27,41,227,27,38,41,229,27,27,39,41,27,41,27,27,41,27,41,27,27,27,27,41,27,41,30,39,41,27,27,27,44,43,41,41,41,41,41,27,30,27,27,41,27,41,27,229,27,36,41,27,27,41,223,229,115,41,27,27,27,41,229,229,229,229,27,36,27,229,36,27,164,209,48,230,208,41,27,230,27,146,41,41,41,27,41,27,41,41,41,41,27,38,27,41,27,35,41,36,29,41,27,41,31,41,27,41,38,41,41,41,27,104,41,41,41,41,41,27,27,27,230,230,41,27,230,27,230,27,230,180,230,230,27,27,27,230,27,230,230,27,230,27,27,205,47,27,41,230,230,44,27,230,41,148,230,230,28,40,35,27,227,27,41,27,27,41,228,27,27,176,41,41,41,41,41,41,41,27,41,27,41,41,27,158,229,27,41,229,41,27,27,230,27,59,230,230,230,27,230,229,124,176,27,27,185,27,27,230,78,41,27,46,27,41,27,230,37,55,29,41,27,27,41,27,27,41,41,27,27,27,41,41,41,41,31,41,30,27,27,41,30,27,41,41,41,28,41,41,41,27,27,27,41,27,41,41,27,41,41,45,226,27,41,41,41,27,27,35,41,41,209,27,83,27,75,27,230,41,27,229,27,27,41,27,27,27,39,27,41,27,41,41,27,29,35,41,27,41,41,38,27,41,27,30,27,41,27,27,41,35,41,41,41,41,41,41,27,27,27,41,27,41,27,41,41,27,41,27,27,27,41,64,27,27,230,41,41,75,43,31,42,41,27,27,29,42,41,230,41,41,27,41,230,27,27,41,212,41,27,41,27,158,50,229,27,208,230,27,186,132,27,41,27,229,171,230,41,83,228,30,30,27,27,41,41,41,41,27,27,41,41,27,41,41,27,27,41,41,27,41,41,41,41,38,41,41,41,27,41,41,34,27,40,41,41,27,41,35,27,27,41,229,41,27,27,27,229,27,229,37,27,41,27,230,41,230,41,41,230,27,35,27,41,27,39,41,41,41,41,41,27,27,41,27,41,27,230,224,230,41,41,27,41,27,230,27,41,41,41,41,41,41,41,27,41,41,41,41,27,41,27,27,41,27,27,41,41,41,41,41,41,230,41,27,27,230,228,41,41,161,41,41,41,27,41,41,41,41,27,53,230,41,230,27,27,230,230,27,41,230,229,27,117,27,27,229,41,27,27,41,34,41,41,41,27,41,41,27,41,27,27,41,41,41,41,41,41,41,27,27,41,41,41,40,41,41,27,41,27,36,30,27,41,41,27,27,40,41,41,27,41,41,41,41,41,38,41,41,36,41,41,41,41,27,27,41,41,27,41,38,27,41,41,41,41,27,27,41,27,41,41,58,174,41,27,41,41,41,64,229,41,27,35,113,197,27,35,41,230,41,27,27,41,41,41,27,27,41,27,41,27,27,41,41,41,27,27,41,41,41,41,27,41,41,41,40,41,41,27,41,41,27,40,41,27,27,38,41,41,41,27,41,38,27,41,27,41,41,41,35,41,41,41,229,27,41,41,41,41,205,27,41,41,41,41,41,41,41,41,41,41,41,27,38,41,41,41,41,41,41,27,30,27,41,41,41,27,27,27,32,41,37,41,41,41,37,27,27,41,41,41,41,33,41,41,41,41,32,41,41,41,27,41,41,27,27,27,41,41,27,27,41,41,27,41,41,27,41,28,41,27,41,36,27,41,41,27,27,41,41,27,27,35,27,41,41,41,27,41,27,41,41,41,41,41,41,39,41,41,41,41,38,41,27,41,41,41,27,41,27,27,27,27,41,27,41,27,36,41,27,27,27,31,41,27,27,27,41,40,27,40,27,27,27,41,41,41,41,41,41,27,27,41,27,27,27,41,28,41,39,41,41,38,27,41,30,41,34,41,27,41,27,41,41,41,41,41,27,41,27,41,41,27,41,41,27,41,27,41,41,35,27,27,39,41,27,41,27,27,34,41,41,41,41,27,41,41,41,41,27,27,41,37,41,41,27,41,41,38,41
230,27,27,229,27,229,230,229,27,27,87,41,41,41,27,41,27,27,41,41,41,37,27,41,41,27,41,41,27,41,28,28,27,41,27,27,41,41,41,40,41,41,41,41,27,41,27,27,27,41,41,41,27,41,27,27,41,27,27,41,27,27,27,27,41,41,41,35,41,41,41,41,27,41,41,41,41,41,27,42,38,41,229,41,41,41,27,121,41,27,27,41,27,41,41,27,41,27,41,41,33,27,27,27,27,27,41,41,27,27,41,227,27,38,41,229,27,27,39,41,27,41,27,27,41,27,41,27,27,27,27,41,27,41,30,39,41,27,27,27,44,43,41,41,41,41,41,27,30,27,27,41,27,41,27,229,27,36,41,27,27,41,223,229,115,41,27,27,27,41,229,229,229,229,27,36,27,229,36,27,164,209,48,230,208,41,27,230,27,146,41,41,41,27,41,27,41,41,41,41,27,38,27,41,27,35,41,36,29,41,27,41,31,41,27,41,38,41,41,41,27,104,41,41,41,41,41,27,27,27,230,230,41,27,230,27,230,27,230,180,230,230,27,27,27,230,27,230,230,27,230,27,27,205,47,27,41,230,230,44,27,230,41,148,230,230,28,40,35,27,227,27,41,27,27,41,228,27,27,176,41,41,41,41,41,41,41,27,41,27,41,41,27,158,229,27,41,229,41,27,27,230,27,59,230,230,230,27,230,229,124,176,27,27,185,27,27,230,78,41,27,46,27,41,27,230,37,55,29,41,27,27,41,27,27,41,41,27,27,27,41,41,41,41,31,41,30,27,27,41,30,27,41,41,41,28,41,41,41,27,27,27,41,27,41,41,27,41,41,45,226,27,41,41,41,27,27,35,41,41,209,27,83,27,75,27,230,41,27,229,27,27,41,27,27,27,39,27,41,27,41,41,27,29,35,41,27,41,41,38,27,41,27,30,27,41,27,27,41,35,41,41,41,41,41,41,27,27,27,41,27,41,27,41,41,27,41,27,27,27,41,64,27,27,230,41,41,75,43,31,42,41,27,27,29,42,41,230,41,41,27,41,230,27,27,41,212,41,27,41,27,158,50,229,27,208,230,27,186,132,27,41,27,229,171,230,41,83,228,30,30,27,27,41,41,41,41,27,27,41,41,27,41,41,27,27,41,41,27,41,41,41,41,38,41,41,41,27,41,41,34,27,40,41,41,27,41,35,27,27,41,229,41,27,27,27,229,27,229,37,27,41,27,230,41,230,41,41,230,27,35,27,41,27,39,41,41,41,41,41,27,27,41,27,41,27,230,224,230,41,41,27,41,27,230,27,41,41,41,41,41,41,41,27,41,41,41,41,27,41,27,27,41,27,27,41,41,41,41,41,41,230,41,27,27,230,228,41,41,161,41,41,41,27,41,41,41,41,27,53,230,41,230,27,27,230,230,27,41,230,229,27,117,27,27,229,41,27,27,41,34,41,41,41,27,41,41,27,41,27,27,41,41,41,41,41,41,41,27,27,41,41,41,40,41,41,27,41,27,36,30,27,41,41,27,27,40,41,41,27,41,41,41,41,41,38,41,41,36,41,41,41,41,27,27,41,41,27,41,38,27,41,41,41,41,27,27,41,27,41,41,58,174,41,27,41,41,41,64,229,41,27,35,113,197,27,35,41,230,41,27,27,41,41,41,27,27,41,27,41,27,27,41,41,41,27,27,41,41,41,41,27,41,41,41,40,41,41,27,41,41,27,40,41,27,27,38,41,41,41,27,41,38,27,41,27,41,41,41,35,41,41,41,229,27,41,41,41,41,205,27,41,41,41,41,41,41,41,41,41,41,41,27,38,41,41,41,41,41,41,27,30,27,41,41,41,27,27,27,32,41,37,41,41,41,37,27,27,41,41,41,41,33,41,41,41,41,32,41,41,41,27,41,41,27,27,27,41,41,27,27,41,41,27,41,41,27,41,28,41,27,41,36,27,41,41,27,27,41,41,27,27,35,27,41,41,41,27,41,27,41,41,41,41,41,41,39,41,41,41,41,38,41,27,41,41,41,27,41,27,27,27,27,41,27,41,27,36,41,27,27,27,31,41,27,27,27,41,40,27,40,27,27,27,41,41,41,41,41,41,27,27,41,27,27,27,41,28,41,39,41,41,38,27,41,30,41,34,41,27,41,27,41,41,41,41,41,27,41,27,41,41,27,41,41,27,41,27,41,41,35,27,27,39,41,27,41,27,27,34,41,41,41,41,27,41,41,41,41,27,27,41,37,41,41,27,41,41,38,41
230,28,27,229,27,229,230,229,27,27,87,41,41,41,41,39,27,27,41,41,41,41,27,41,41,27,41,41,27,39,27,40,27,41,27,27,41,41,41,40,41,41,27,41,27,41,27,27,27,41,41,41,27,41,27,29,41,27,27,41,27,27,27,27,41,41,41,40,41,41,41,41,41,41,41,41,41,41,27,41,41,41,229,41,41,41,27,229,41,27,27,41,27,41,41,27,41,27,41,41,33,27,27,27,27,27,41,41,27,27,41,229,27,41,40,229,30,27,41,41,27,41,27,27,41,27,41,27,27,27,27,41,27,41,38,29,41,27,27,27,41,41,41,41,41,41,39,29,27,27,27,41,27,41,27,229,27,40,64,27,27,76,229,204,230,40,27,27,27,41,229,229,230,229,27,41,27,229,41,27,164,117,27,230,50,41,27,230,27,146,41,41,41,27,41,27,41,41,41,41,27,31,27,41,27,40,41,41,39,41,27,41,27,41,27,41,30,41,41,41,27,33,41,41,27,41,41,27,27,27,230,230,84,27,230,27,230,224,230,180,230,230,27,27,27,230,27,230,230,27,230,27,27,230,230,27,38,230,230,220,27,230,41,220,230,230,57,41,40,27,230,27,41,27,27,41,230,27,27,174,41,41,41,41,41,41,41,27,41,27,41,41,29,66,229,27,41,229,41,27,27,213,27,27,230,230,230,27,230,229,124,228,27,27,72,27,27,188,180,41,41,27,27,41,27,230,41,115,39,41,27,27,41,27,27,41,41,27,27,27,41,41,41,41,27,41,41,27,27,41,27,29,41,41,41,27,41,41,41,27,27,27,41,27,40,41,41,41,41,41,230,27,41,41,41,27,27,40,41,41,204,27,27,27,186,27,230,41,27,229,27,29,41,27,27,27,29,27,41,27,41,39,27,35,29,41,27,41,41,31,27,41,27,27,27,41,27,27,41,29,41,41,41,41,41,41,27,27,27,27,27,41,27,39,41,27,41,27,27,27,41,27,27,27,47,41,41,181,41,27,85,41,27,27,38,41,41,230,41,41,27,41,230,40,27,41,229,41,27,41,27,42,27,185,27,229,230,27,72,132,27,38,27,229,230,230,41,27,229,27,37,41,27,41,41,41,41,27,27,41,41,27,41,41,27,27,41,41,27,41,41,40,41,30,41,41,41,27,41,41,34,27,33,41,41,27,41,40,27,27,41,229,41,27,27,27,213,27,229,37,29,41,27,230,41,230,41,27,230,27,40,30,41,27,41,41,41,41,41,41,27,27,41,27,41,28,230,230,230,41,41,27,41,27,230,27,41,41,41,40,41,41,41,27,41,41,41,41,27,41,27,27,41,27,27,41,41,41,41,41,41,230,42,27,29,230,230,41,41,161,41,41,41,27,41,41,41,41,27,53,230,41,230,27,27,230,230,27,27,230,229,27,204,27,27,185,41,27,27,38,32,41,41,41,37,40,41,27,41,27,27,41,41,41,41,41,41,41,27,27,41,41,41,35,41,41,27,41,27,27,37,27,41,39,27,27,41,41,41,27,41,41,41,41,41,31,41,41,27,41,41,41,41,27,27,41,41,30,41,38,27,41,41,41,41,27,27,41,27,41,41,41,227,41,27,41,59,38,27,229,41,27,230,230,230,27,29,41,200,41,27,27,41,41,41,27,27,41,27,41,27,27,41,41,41,30,27,41,40,41,41,27,41,41,41,36,41,41,27,41,41,27,41,41,36,27,41,41,41,41,27,41,31,27,41,27,41,41,41,27,41,41,41,229,27,41,41,41,41,219,27,41,41,41,41,41,41,41,41,41,41,41,27,41,39,41,41,41,41,41,27,27,27,41,41,41,27,29,27,32,41,41,39,41,41,41,27,27,41,41,39,41,28,41,41,41,41,27,41,41,41,27,40,41,27,27,27,41,41,27,27,41,41,29,41,41,27,41,27,41,27,41,36,27,41,41,27,27,41,41,27,27,40,27,41,41,41,27,41,27,41,41,41,41,41,41,41,41,41,41,41,41,41,27,41,41,41,27,41,27,27,27,28,41,35,41,27,29,41,27,27,27,27,41,27,27,29,41,41,27,40,27,30,27,41,41,41,41,41,41,27,27,41,27,27,27,41,27,41,35,41,41,41,27,41,37,41,37,41,27,41,28,41,41,41,41,41,27,41,27,41,41,27,41,41,27,41,27,41,41,29,27,27,29,41,27,41,27,27,34,41,41,41,41,27,41,41,27,41,41,27,41,41,41,41,27,41,41,41,41
230,70,27,229,27,229,230,229,27,27,87,41,41,36,41,29,27,27,41,41,41,41,27,41,41,27,38,41,27,33,27,41,27,41,27,27,41,41,41,40,41,41,27,41,27,41,27,27,27,41,41,41,30,41,27,35,41,27,27,41,27,27,27,27,40,41,41,41,41,41,41,41,41,41,41,41,41,41,27,41,41,41,229,41,41,41,27,229,41,27,27,41,27,41,41,27,41,27,41,41,33,27,27,27,27,27,41,41,30,27,41,229,27,41,35,192,38,27,41,41,27,41,27,27,41,27,48,27,27,27,27,41,27,41,41,27,41,27,27,27,41,41,41,41,41,41,28,35,27,27,27,41,29,41,27,201,27,41,199,27,27,189,229,112,230,28,27,27,27,41,229,229,230,229,27,41,27,229,41,36,164,52,27,230,27,41,27,230,27,146,41,41,41,27,41,27,41,41,41,41,27,27,27,41,27,41,38,41,41,38,27,41,27,41,28,41,27,41,41,41,27,27,39,41,27,41,106,27,27,28,230,230,180,27,230,27,230,230,230,180,230,230,27,27,27,230,159,230,181,27,219,27,27,230,230,27,30,230,230,230,27,230,41,230,230,230,204,41,41,27,230,27,41,41,27,41,230,27,27,125,41,41,41,41,41,41,41,30,41,27,41,41,39,41,229,29,41,229,41,30,27,145,27,27,230,230,229,27,230,229,124,230,27,27,27,27,27,77,229,41,41,27,30,41,27,230,41,196,41,41,27,27,41,27,27,41,39,27,27,27,41,41,41,41,27,41,41,27,27,41,27,35,41,41,41,27,28,41,36,27,27,27,41,27,29,41,41,27,41,41,230,27,41,41,41,36,27,41,41,41,204,27,27,27,228,27,230,69,27,229,30,38,41,27,27,27,27,27,41,27,41,29,27,40,27,41,27,41,41,27,27,41,27,27,29,41,27,27,41,27,41,41,41,41,41,41,27,27,27,27,27,41,27,33,41,41,41,27,27,27,41,27,27,27,41,41,41,140,41,27,179,41,27,27,41,41,41,191,41,41,27,41,230,41,27,41,229,41,27,41,27,27,27,82,27,230,215,27,27,132,27,30,27,229,230,230,41,27,229,27,41,41,27,38,41,41,41,27,27,41,41,27,41,41,27,27,41,41,27,41,41,37,41,27,41,41,41,27,41,41,34,27,28,41,41,27,41,41,27,27,41,229,44,27,27,27,49,27,229,37,35,41,27,230,80,230,41,27,230,27,41,37,38,27,41,41,41,41,41,41,27,27,41,27,61,35,230,230,230,41,41,27,41,27,230,27,41,41,41,28,41,41,41,27,41,41,41,41,27,41,32,27,41,27,27,41,41,41,41,41,41,230,89,27,35,230,230,41,41,156,41,41,41,27,41,41,41,41,27,53,230,56,182,27,27,230,230,27,27,230,229,27,229,27,27,82,41,27,27,31,32,41,41,41,33,41,41,27,41,27,27,41,41,41,41,41,41,41,27,27,41,41,41,29,41,41,27,41,27,27,41,27,41,29,27,28,41,41,41,27,39,41,41,41,41,27,41,41,27,41,41,41,41,27,27,41,41,37,41,38,27,41,41,41,41,27,27,41,29,41,41,41,229,41,27,41,204,31,27,229,41,27,230,230,230,27,27,41,112,41,27,27,41,41,41,27,27,41,27,41,27,29,41,41,41,38,27,41,28,41,41,27,41,41,41,28,41,41,27,41,41,27,41,41,36,29,41,41,41,41,27,41,27,27,27,27,41,27,41,27,41,41,41,229,27,41,41,41,41,219,27,41,41,41,41,41,41,41,41,41,41,41,27,41,30,41,41,41,41,41,27,27,27,41,41,41,27,35,27,32,41,41,34,41,41,41,27,27,41,41,33,41,27,41,41,41,41,27,41,41,41,27,36,41,27,27,36,41,41,27,27,41,41,35,41,41,27,38,27,41,27,41,41,27,41,41,27,27,41,41,27,27,41,27,41,41,41,27,41,27,41,41,41,41,41,41,41,41,41,41,41,41,41,27,38,41,41,27,41,27,27,27,40,41,41,41,27,27,41,27,27,27,27,41,27,27,38,40,41,27,40,27,37,30,41,41,41,41,41,32,27,27,41,27,27,27,41,27,41,35,41,41,41,27,41,41,41,40,41,27,41,35,41,41,41,41,41,27,41,27,41,41,27,41,41,27,41,27,41,41,27,27,27,27,41,27,41,27,27,34,41,41,41,41,28,41,41,27,41,41,30,41,41,41,41,27,41,41,41,41
230,70,27,229,27,229,230,229,27,27,87,41,41,36,41,29,27,27,41,41,41,41,27,41,41,27,38,41,27,33,27,41,27,41,27,27,41,41,41,40,41,41,27,41,27,41,27,27,27,41,41,41,30,41,27,35,41,27,27,41,27,27,27,27,40,41,41,41,41,41,41,41,41,41,41,41,41,41,27,41,41,41,229,41,41,41,27,229,41,27,27,41,27,41,41,27,41,27,41,41,33,27,27,27,27,27,41,41,30,27,41,229,27,41,35,192,38,27,41,41,27,41,27,27,41,27,48,27,27,27,27,41,27,41,41,27,41,27,27,27,41,41,41,41,41,41,28,35,27,27,27,41,29,41,27,201,27,41,199,27,27,189,229,112,230,28,27,27,27,41,229,229,230,229,27,41,27,229,41,36,164,52,27,230,27,41,27,230,27,146,41,41,41,27,41,27,41,41,41,41,27,27,27,41,27,41,38,41,41,38,27,41,27,41,28,41,27,41,41,41,27,27,39,41,27,41,106,27,27,28,230,230,180,27,230,27,230,230,230,180,230,230,27,27,27,230,159,230,181,27,219,27,27,230,230,27,30,230,230,230,27,230,41,230,230,230,204,41,41,27,230,27,41,41,27,41,230,27,27,125,41,41,41,41,41,41,41,30,41,27,41,41,39,41,229,29,41,229,41,30,27,145,27,27,230,230,229,27,230,229,124,230,27,27,27,27,27,77,229,41,41,27,30,41,27,230,41,196,41,41,27,27,41,27,27,41,39,27,27,27,41,41,41,41,27,41,41,27,27,41,27,35,41,41,41,27,28,41,36,27,27,27,41,27,29,41,41,27,41,41,230,27,41,41,41,36,27,41,41,41,204,27,27,27,228,27,230,69,27,229,30,38,41,27,27,27,27,27,41,27,41,29,27,40,27,41,27,41,41,27,27,41,27,27,29,41,27,27,41,27,41,41,41,41,41,41,27,27,27,27,27,41,27,33,41,41,41,27,27,27,41,27,27,27,41,41,41,140,41,27,179,41,27,27,41,41,41,191,41,41,27,41,230,41,27,41,229,41,27,41,27,27,27,82,27,230,215,27,27,132,27,30,27,229,230,230,41,27,229,27,41,41,27,38,41,41,41,27,27,41,41,27,41,41,27,27,41,41,27,41,41,37,41,27,41,41,41,27,41,41,34,27,28,41,41,27,41,41,27,27,41,229,44,27,27,27,49,27,229,37,35,41,27,230,80,230,41,27,230,27,41,37,38,27,41,41,41,41,41,41,27,27,41,27,61,35,230,230,230,41,41,27,41,27,230,27,41,41,41,28,41,41,41,27,41,41,41,41,27,41,32,27,41,27,27,41,41,41,41,41,41,230,89,27,35,230,230,41,41,156,41,41,41,27,41,41,41,41,27,53,230,56,182,27,27,230,230,27,27,230,229,27,229,27,27,82,41,27,27,31,32,41,41,41,33,41,41,27,41,27,27,41,41,41,41,41,41,41,27,27,41,41,41,29,41,41,27,41,27,27,41,27,41,29,27,28,41,41,41,27,39,41,41,41,41,27,41,41,27,41,41,41,41,27,27,41,41,37,41,38,27,41,41,41,41,27,27,41,29,41,41,41,229,41,27,41,204,31,27,229,41,27,230,230,230,27,27,41,112,41,27,27,41,41,41,27,27,41,27,41,27,29,41,41,41,38,27,41,28,41,41,27,41,41,41,28,41,41,27,41,41,27,41,41,36,29,41,41,41,41,27,41,27,27,27,27,41,27,41,27,41,41,41,229,27,41,41,41,41,219,27,41,41,41,41,41,41,41,41,41,41,41,27,41,30,41,41,41,41,41,27,27,27,41,41,41,27,35,27,32,41,41,34,41,41,41,27,27,41,41,33,41,27,41,41,41,41,27,41,41,41,27,36,41,27,27,36,41,41,27,27,41,41,35,41,41,27,38,27,41,27,41,41,27,41,41,27,27,41,41,27,27,41,27,41,41,41,27,41,27,41,41,41,41,41,41,41,41,41,41,41,41,41,27,38,41,41,27,41,27,27,27,40,41,41,41,27,27,41,27,27,27,27,41,27,27,38,40,41,27,40,27,37,30,41,41,41,41,41,32,27,27,41,27,27,27,41,27,41,35,41,41,41,27,41,41,41,40,41,27,41,35,41,41,41,41,41,27,41,27,41,41,27,41,41,27,41,27,41,41,27,27,27,27,41,27,41,27,27,34,41,41,41,41,28,41,41,27,41,41,30,41,41,41,41,27,41,41,41,41
230,188,27,229,27,230,230,229,27,27,87,41,41,27,41,27,27,27,41,41,41,41,27,41,41,27,31,41,27,28,27,41,27,41,27,27,41,41,41,40,41,41,27,41,27,41,27,27,27,41,41,41,37,41,27,40,41,27,27,37,27,27,28,27,35,41,40,41,41,41,41,41,41,41,41,41,41,41,27,41,41,41,229,41,41,41,27,229,41,27,27,41,27,41,41,27,41,27,41,41,33,27,27,27,27,27,41,41,38,27,40,229,27,41,28,85,41,27,41,41,27,41,27,27,41,27,211,27,30,27,27,41,27,41,41,27,41,27,27,27,41,41,41,41,41,41,27,40,27,27,27,41,35,41,27,75,27,41,228,27,27,228,229,27,230,27,27,27,27,41,229,229,230,229,27,41,27,229,41,41,151,41,27,230,27,41,27,230,27,146,41,41,41,27,41,27,41,41,41,41,27,27,27,41,27,41,30,41,41,32,32,41,27,40,40,41,27,36,41,41,27,27,30,41,27,27,229,27,27,27,230,230,229,27,230,27,230,230,230,180,230,230,27,27,27,230,160,230,77,27,43,27,27,230,230,27,27,230,230,230,27,189,41,230,27,230,230,41,41,27,230,27,41,41,27,41,230,27,27,35,41,41,41,41,41,27,41,37,41,27,41,41,41,41,229,39,41,229,41,27,27,58,27,27,230,230,229,48,230,229,127,230,27,27,27,27,27,27,230,41,41,27,37,47,27,200,41,230,41,41,27,27,41,27,27,41,29,27,27,27,41,41,41,41,27,41,41,27,27,41,27,40,41,36,41,27,27,41,27,27,27,27,41,27,27,41,41,27,41,41,215,27,41,41,41,41,27,41,41,41,204,27,27,27,229,27,229,195,27,229,37,41,41,27,27,27,27,27,41,27,41,27,27,41,27,38,27,41,41,27,27,41,27,27,35,41,27,29,41,27,41,41,41,41,41,41,27,27,27,27,27,41,27,28,41,41,41,27,27,27,41,27,27,27,41,41,41,224,41,27,229,41,27,27,41,41,41,96,41,41,27,41,230,41,27,41,229,41,27,41,27,27,27,27,27,230,147,27,27,132,27,27,34,134,128,188,41,27,229,27,41,41,27,30,41,41,41,27,27,41,41,27,41,41,27,27,41,41,27,41,41,34,41,27,41,41,41,27,41,41,34,27,27,41,41,27,41,41,27,27,41,229,109,27,27,27,27,27,229,37,40,42,30,230,175,230,38,27,230,27,41,41,31,27,41,41,41,41,41,41,27,27,39,27,202,36,230,230,47,41,41,27,41,27,160,27,38,41,41,27,41,41,41,27,41,41,41,41,27,41,40,27,41,27,27,41,164,41,41,41,45,230,182,27,40,160,230,38,41,33,41,41,41,27,41,41,41,41,27,53,230,88,81,27,27,230,230,27,27,230,229,27,229,27,27,27,41,27,27,27,32,41,41,41,28,41,41,27,41,27,27,41,41,41,41,41,41,41,27,27,41,41,41,27,41,41,27,40,27,27,41,27,41,27,27,35,41,41,41,27,34,41,41,41,38,27,41,41,27,41,41,41,41,27,27,41,41,41,41,38,27,41,38,38,41,27,27,41,35,41,41,41,229,41,30,41,228,27,27,229,41,27,230,230,230,27,27,41,43,41,27,27,41,41,41,27,27,41,30,41,27,38,41,41,41,41,27,41,27,41,41,27,41,41,41,27,41,41,27,41,41,28,41,35,41,38,41,41,41,41,29,28,27,27,27,27,41,27,41,27,41,55,41,229,27,41,41,41,48,219,27,41,41,41,41,41,41,41,41,41,41,41,27,41,27,41,41,41,41,41,27,27,27,41,41,41,27,40,27,32,41,41,29,41,41,41,27,32,41,41,29,41,27,41,41,41,41,27,41,41,41,27,30,41,27,27,41,41,41,27,27,41,41,40,41,41,27,31,27,41,34,41,41,27,41,41,27,30,41,41,27,27,41,27,41,40,41,27,41,27,41,41,41,41,41,41,41,41,41,41,41,41,41,30,31,41,41,27,39,27,27,27,41,41,41,41,27,27,41,27,27,27,27,41,27,29,41,35,41,27,40,27,41,37,41,41,41,41,41,27,27,27,41,27,27,27,41,27,41,35,41,41,41,27,41,41,41,41,41,27,41,41,41,41,41,38,41,27,41,27,41,41,27,41,27,27,41,27,41,41,27,27,27,27,41,27,41,27,27,34,41,41,41,41,39,41,41,27,41,41,38,41,41,41,41,27,41,41,41,41
230,188,27,229,27,230,230,229,27,27,87,41,41,27,41,27,27,27,41,41,41,41,27,41,41,27,31,41,27,28,27,41,27,41,27,27,41,41,41,40,41,41,27,41,27,41,27,27,27,41,41,41,37,41,27,40,41,27,27,37,27,27,28,27,35,41,40,41,41,41,41,41,41,41,41,41,41,41,27,41,41,41,229,41,41,41,27,229,41,27,27,41,27,41,41,27,41,27,41,41,33,27,27,27,27,27,41,41,38,27,40,229,27,41,28,85,41,27,41,41,27,41,27,27,41,27,211,27,30,27,27,41,27,41,41,27,41,27,27,27,41,41,41,41,41,41,27,40,27,27,27,41,35,41,27,75,27,41,228,27,27,228,229,27,230,27,27,27,27,41,229,229,230,229,27,41,27,229,41,41,151,41,27,230,27,41,27,230,27,146,41,41,41,27,41,27,41,41,41,41,27,27,27,41,27,41,30,41,41,32,32,41,27,40,40,41,27,36,41,41,27,27,30,41,27,27,229,27,27,27,230,230,229,27,230,27,230,230,230,180,230,230,27,27,27,230,160,230,77,27,43,27,27,230,230,27,27,230,230,230,27,189,41,230,27,230,230,41,41,27,230,27,41,41,27,41,230,27,27,35,41,41,41,41,41,27,41,37,41,27,41,41,41,41,229,39,41,229,41,27,27,58,27,27,230,230,229,48,230,229,127,230,27,27,27,27,27,27,230,41,41,27,37,47,27,200,41,230,41,41,27,27,41,27,27,41,29,27,27,27,41,41,41,41,27,41,41,27,27,41,27,40,41,36,41,27,27,41,27,27,27,27,41,27,27,41,41,27,41,41,215,27,41,41,41,41,27,41,41,41,204,27,27,27,229,27,229,195,27,229,37,41,41,27,27,27,27,27,41,27,41,27,27,41,27,38,27,41,41,27,27,41,27,27,35,41,27,29,41,27,41,41,41,41,41,41,27,27,27,27,27,41,27,28,41,41,41,27,27,27,41,27,27,27,41,41,41,224,41,27,229,41,27,27,41,41,41,96,41,41,27,41,230,41,27,41,229,41,27,41,27,27,27,27,27,230,147,27,27,132,27,27,34,134,128,188,41,27,229,27,41,41,27,30,41,41,41,27,27,41,41,27,41,41,27,27,41,41,27,41,41,34,41,27,41,41,41,27,41,41,34,27,27,41,41,27,41,41,27,27,41,229,109,27,27,27,27,27,229,37,40,42,30,230,175,230,38,27,230,27,41,41,31,27,41,41,41,41,41,41,27,27,39,27,202,36,230,230,47,41,41,27,41,27,160,27,38,41,41,27,41,41,41,27,41,41,41,41,27,41,40,27,41,27,27,41,164,41,41,41,45,230,182,27,40,160,230,38,41,33,41,41,41,27,41,41,41,41,27,53,230,88,81,27,27,230,230,27,27,230,229,27,229,27,27,27,41,27,27,27,32,41,41,41,28,41,41,27,41,27,27,41,41,41,41,41,41,41,27,27,41,41,41,27,41,41,27,40,27,27,41,27,41,27,27,35,41,41,41,27,34,41,41,41,38,27,41,41,27,41,41,41,41,27,27,41,41,41,41,38,27,41,38,38,41,27,27,41,35,41,41,41,229,41,30,41,228,27,27,229,41,27,230,230,230,27,27,41,43,41,27,27,41,41,41,27,27,41,30,41,27,38,41,41,41,41,27,41,27,41,41,27,41,41,41,27,41,41,27,41,41,28,41,35,41,38,41,41,41,41,29,28,27,27,27,27,41,27,41,27,41,55,41,229,27,41,41,41,48,219,27,41,41,41,41,41,41,41,41,41,41,41,27,41,27,41,41,41,41,41,27,27,27,41,41,41,27,40,27,32,41,41,29,41,41,41,27,32,41,41,29,41,27,41,41,41,41,27,41,41,41,27,30,41,27,27,41,41,41,27,27,41,41,40,41,41,27,31,27,41,34,41,41,27,41,41,27,30,41,41,27,27,41,27,41,40,41,27,41,27,41,41,41,41,41,41,41,41,41,41,41,41,41,30,31,41,41,27,39,27,27,27,41,41,41,41,27,27,41,27,27,27,27,41,27,29,41,35,41,27,40,27,41,37,41,41,41,41,41,27,27,27,41,27,27,27,41,27,41,35,41,41,41,27,41,41,41,41,41,27,41,41,41,41,41,38,41,27,41,27,41,41,27,41,27,27,41,27,41,41,27,27,27,27,41,27,41,27,27,34,41,41,41,41,39,41,41,27,41,41,38,41,41,41,41,27,41,41,41,41
216,229,27,229,27,230,230,229,33,27,87,41,41,27,41,27,27,29,41,41,41,41,27,41,41,27,27,41,27,27,27,41,27,41,27,27,41,41,41,40,41,41,27,41,30,41,27,27,27,41,41,41,41,41,27,41,41,27,27,31,27,27,40,27,28,41,35,41,41,38,40,41,41,41,41,41,41,41,27,41,41,41,229,41,41,51,29,229,41,27,27,41,27,41,41,27,41,27,41,41,33,27,27,30,27,27,41,41,41,27,35,229,27,41,27,42,41,29,41,41,27,41,27,41,41,27,229,27,38,27,27,41,27,41,41,27,41,27,27,28,41,41,41,41,41,41,27,41,27,27,27,41,40,41,27,46,27,41,229,27,27,229,229,27,230,27,27,27,27,41,229,229,230,229,27,41,27,229,41,41,90,41,27,230,27,41,27,106,27,146,41,41,41,27,41,27,41,41,41,50,27,27,30,41,27,41,27,41,41,27,41,41,27,28,41,41,27,27,38,40,27,27,27,41,27,27,229,27,27,27,230,230,230,27,230,27,230,230,230,180,230,230,27,27,27,230,229,230,27,27,27,27,27,230,230,27,27,230,230,230,27,73,42,230,27,230,230,41,41,27,230,29,41,41,27,41,215,27,27,31,41,41,41,41,41,27,41,41,41,27,41,41,41,41,185,41,41,229,41,27,27,27,27,27,230,230,229,146,230,229,229,230,27,27,27,27,27,27,230,41,41,27,41,109,27,111,41,230,41,41,27,27,41,27,27,41,27,27,29,27,41,41,41,41,27,41,41,27,27,41,27,41,41,27,41,27,27,41,27,27,27,27,41,28,27,41,41,27,27,41,151,27,41,41,41,41,27,41,41,41,204,27,27,27,229,27,229,228,27,229,41,41,41,27,27,27,27,30,41,27,41,27,29,41,27,30,27,41,41,27,27,41,27,27,40,41,28,35,41,27,40,41,41,41,41,41,27,27,27,27,27,41,27,27,41,41,41,27,27,27,41,27,27,27,41,41,41,226,41,27,229,41,29,27,41,41,40,43,41,41,27,41,230,41,36,41,227,41,27,224,27,27,27,27,27,230,56,30,27,132,27,27,41,41,27,76,55,27,229,27,41,41,27,27,41,41,41,27,27,41,41,29,41,41,27,27,41,41,27,41,41,28,41,27,41,41,41,27,41,41,34,27,27,41,32,27,41,41,27,27,41,229,223,27,27,27,27,27,229,37,41,87,38,221,228,187,30,27,230,27,41,41,27,30,41,41,41,41,41,41,27,27,30,27,229,40,230,230,41,41,41,27,41,29,160,27,31,41,41,27,41,41,41,28,41,41,41,41,27,41,41,27,41,28,28,41,229,41,41,41,154,230,230,27,41,27,230,31,53,27,41,41,41,27,41,40,41,41,27,53,230,135,27,27,27,230,230,27,27,230,229,27,229,27,30,27,41,27,27,27,32,41,41,41,27,41,27,27,41,27,27,41,40,41,41,41,41,41,27,27,41,41,41,27,40,41,27,35,31,27,41,27,41,27,27,40,41,41,41,27,32,41,41,41,31,27,41,41,27,41,41,41,41,27,27,41,41,41,27,38,27,41,31,31,41,28,28,41,40,41,41,41,229,41,37,41,229,27,27,160,41,27,230,230,230,27,27,41,27,38,27,27,39,41,41,27,27,38,38,41,27,41,41,41,41,41,28,41,27,41,41,27,41,41,41,27,41,41,27,41,41,35,41,28,41,41,41,40,38,41,39,27,27,30,27,27,41,27,41,27,41,115,41,186,27,41,38,41,112,219,27,41,41,41,41,39,41,41,41,41,41,41,27,41,27,41,41,41,41,41,27,27,27,41,28,41,27,41,27,32,41,41,27,41,41,41,27,41,41,41,27,41,27,41,41,41,41,27,32,41,41,30,27,41,30,27,41,41,41,27,27,41,41,41,41,41,27,27,27,41,37,41,41,27,41,41,27,37,41,41,27,27,41,27,41,35,41,27,40,27,40,41,41,41,41,41,41,41,41,41,41,41,41,37,27,41,41,41,30,27,27,27,41,41,41,41,29,27,41,27,27,27,27,41,41,38,41,29,41,27,40,27,41,41,41,41,41,41,41,27,30,27,41,27,27,27,41,27,41,35,41,41,41,27,41,41,41,41,41,28,41,41,41,41,41,31,41,27,41,27,41,41,27,41,27,27,41,27,41,38,27,27,27,27,41,27,41,41,27,34,41,41,41,41,41,41,41,27,41,41,41,41,41,41,41,27,41,41,41,41
149,229,27,229,27,230,230,229,229,27,87,41,41,27,41,27,36,41,41,41,41,41,27,41,41,27,27,38,27,27,27,41,27,41,27,27,41,41,41,38,41,41,27,41,37,41,27,27,27,41,41,41,41,38,27,41,41,27,27,27,27,27,41,27,27,41,28,41,41,31,35,41,41,41,41,41,41,41,29,41,41,41,229,27,41,113,38,229,41,27,27,41,27,41,41,41,41,27,41,41,33,27,27,38,27,27,41,41,41,27,30,229,27,41,27,41,41,39,41,41,27,41,27,41,41,27,229,27,41,27,27,41,27,41,41,27,41,27,27,40,41,41,41,41,41,41,27,41,27,27,27,38,41,41,27,42,27,41,229,27,27,229,229,27,230,27,27,27,27,41,229,230,230,229,27,41,27,229,41,41,48,41,27,230,27,59,27,41,27,147,41,41,41,27,41,27,41,41,41,70,27,27,37,41,27,42,27,41,41,27,41,41,27,27,41,41,27,27,31,35,27,27,27,41,30,27,229,27,27,27,230,230,230,27,230,27,230,230,230,180,230,230,27,27,46,230,230,230,27,59,27,27,28,230,230,36,27,230,230,230,27,27,84,230,27,230,230,42,41,27,230,39,41,41,27,41,150,27,27,31,41,41,41,41,41,27,41,41,41,27,41,41,41,41,71,41,41,222,41,27,27,27,27,27,230,230,229,216,230,229,229,214,27,27,27,27,27,27,230,165,41,27,41,211,27,43,41,230,41,41,27,27,41,27,27,41,27,27,38,27,37,41,41,41,27,41,41,27,27,41,27,41,41,27,41,27,27,41,27,27,27,27,41,39,27,41,41,27,27,41,63,27,41,41,41,41,27,41,41,41,204,27,27,27,229,27,229,229,27,229,41,41,41,27,27,27,27,38,41,27,36,27,39,41,27,27,27,40,41,27,27,41,27,27,41,41,36,40,40,27,40,41,41,41,41,41,27,27,27,27,27,41,27,27,41,41,41,27,27,27,41,27,27,27,41,41,41,229,41,27,229,27,35,27,41,41,35,41,41,41,27,41,189,41,41,41,159,41,27,230,27,27,27,27,27,228,27,38,27,132,27,27,41,41,27,27,90,27,229,27,41,41,27,27,41,41,41,27,27,41,41,38,41,41,30,27,41,41,27,41,41,27,41,27,41,41,41,27,41,41,34,27,27,41,27,27,41,41,27,27,41,229,229,27,27,27,27,27,229,37,41,188,41,154,230,81,27,27,230,27,42,41,27,37,41,41,41,41,41,41,29,27,27,27,230,41,230,160,41,41,41,27,41,39,27,27,27,38,41,27,41,41,41,40,41,41,41,41,27,41,41,27,41,40,40,41,229,41,41,41,154,230,230,27,41,27,214,27,223,27,41,41,41,27,41,35,41,41,27,53,230,197,27,27,27,230,230,27,27,230,27,27,229,27,37,27,41,27,27,27,32,41,41,41,27,41,27,27,41,27,27,41,36,41,41,41,41,41,30,27,41,41,41,27,35,41,27,29,38,27,41,27,41,27,41,41,41,41,41,27,32,41,41,41,27,27,41,41,27,41,41,41,41,27,28,41,41,41,27,38,27,40,27,27,41,36,36,39,41,41,41,41,214,41,41,41,229,27,27,160,41,27,188,207,230,27,27,36,27,31,27,27,29,41,41,27,27,30,41,41,27,41,41,41,41,41,35,41,27,41,41,27,41,41,41,27,41,41,27,27,41,41,41,27,41,41,41,35,31,41,41,38,27,37,27,27,41,27,41,27,41,195,41,71,27,41,31,41,215,198,27,41,41,41,41,29,41,41,41,41,36,41,27,41,27,41,41,28,41,41,27,27,27,41,27,41,27,41,29,32,41,41,27,41,41,41,27,41,41,41,27,41,27,41,41,41,41,27,27,41,40,37,27,41,37,27,41,41,41,27,27,41,41,41,41,41,27,27,27,41,30,41,41,27,41,41,27,41,41,41,27,29,41,27,41,30,38,27,35,27,39,41,41,41,41,41,41,41,41,41,41,41,41,41,27,41,41,41,27,27,27,27,41,41,41,41,35,27,41,27,28,27,27,41,41,41,41,27,41,28,40,27,41,41,41,41,41,41,41,27,37,27,41,27,27,27,41,27,41,35,41,41,41,27,41,41,41,41,41,40,41,41,41,41,41,27,41,27,41,27,41,41,27,40,27,27,41,27,41,31,27,27,27,27,41,27,41,41,27,38,41,41,41,41,41,41,41,27,27,41,41,41,67,41,41,27,41,41,41,41
149,229,27,229,27,230,230,229,229,27,87,41,41,27,41,27,36,41,41,41,41,41,27,41,41,27,27,38,27,27,27,41,27,41,27,27,41,41,41,38,41,41,27,41,37,41,27,27,27,41,41,41,41,38,27,41,41,27,27,27,27,27,41,27,27,41,28,41,41,31,35,41,41,41,41,41,41,41,29,41,41,41,229,27,41,113,38,229,41,27,27,41,27,41,41,41,41,27,41,41,33,27,27,38,27,27,41,41,41,27,30,229,27,41,27,41,41,39,41,41,27,41,27,41,41,27,229,27,41,27,27,41,27,41,41,27,41,27,27,40,41,41,41,41,41,41,27,41,27,27,27,38,41,41,27,42,27,41,229,27,27,229,229,27,230,27,27,27,27,41,229,230,230,229,27,41,27,229,41,41,48,41,27,230,27,59,27,41,27,147,41,41,41,27,41,27,41,41,41,70,27,27,37,41,27,42,27,41,41,27,41,41,27,27,41,41,27,27,31,35,27,27,27,41,30,27,229,27,27,27,230,230,230,27,230,27,230,230,230,180,230,230,27,27,46,230,230,230,27,59,27,27,28,230,230,36,27,230,230,230,27,27,84,230,27,230,230,42,41,27,230,39,41,41,27,41,150,27,27,31,41,41,41,41,41,27,41,41,41,27,41,41,41,41,71,41,41,222,41,27,27,27,27,27,230,230,229,216,230,229,229,214,27,27,27,27,27,27,230,165,41,27,41,211,27,43,41,230,41,41,27,27,41,27,27,41,27,27,38,27,37,41,41,41,27,41,41,27,27,41,27,41,41,27,41,27,27,41,27,27,27,27,41,39,27,41,41,27,27,41,63,27,41,41,41,41,27,41,41,41,204,27,27,27,229,27,229,229,27,229,41,41,41,27,27,27,27,38,41,27,36,27,39,41,27,27,27,40,41,27,27,41,27,27,41,41,36,40,40,27,40,41,41,41,41,41,27,27,27,27,27,41,27,27,41,41,41,27,27,27,41,27,27,27,41,41,41,229,41,27,229,27,35,27,41,41,35,41,41,41,27,41,189,41,41,41,159,41,27,230,27,27,27,27,27,228,27,38,27,132,27,27,41,41,27,27,90,27,229,27,41,41,27,27,41,41,41,27,27,41,41,38,41,41,30,27,41,41,27,41,41,27,41,27,41,41,41,27,41,41,34,27,27,41,27,27,41,41,27,27,41,229,229,27,27,27,27,27,229,37,41,188,41,154,230,81,27,27,230,27,42,41,27,37,41,41,41,41,41,41,29,27,27,27,230,41,230,160,41,41,41,27,41,39,27,27,27,38,41,27,41,41,41,40,41,41,41,41,27,41,41,27,41,40,40,41,229,41,41,41,154,230,230,27,41,27,214,27,223,27,41,41,41,27,41,35,41,41,27,53,230,197,27,27,27,230,230,27,27,230,27,27,229,27,37,27,41,27,27,27,32,41,41,41,27,41,27,27,41,27,27,41,36,41,41,41,41,41,30,27,41,41,41,27,35,41,27,29,38,27,41,27,41,27,41,41,41,41,41,27,32,41,41,41,27,27,41,41,27,41,41,41,41,27,28,41,41,41,27,38,27,40,27,27,41,36,36,39,41,41,41,41,214,41,41,41,229,27,27,160,41,27,188,207,230,27,27,36,27,31,27,27,29,41,41,27,27,30,41,41,27,41,41,41,41,41,35,41,27,41,41,27,41,41,41,27,41,41,27,27,41,41,41,27,41,41,41,35,31,41,41,38,27,37,27,27,41,27,41,27,41,195,41,71,27,41,31,41,215,198,27,41,41,41,41,29,41,41,41,41,36,41,27,41,27,41,41,28,41,41,27,27,27,41,27,41,27,41,29,32,41,41,27,41,41,41,27,41,41,41,27,41,27,41,41,41,41,27,27,41,40,37,27,41,37,27,41,41,41,27,27,41,41,41,41,41,27,27,27,41,30,41,41,27,41,41,27,41,41,41,27,29,41,27,41,30,38,27,35,27,39,41,41,41,41,41,41,41,41,41,41,41,41,41,27,41,41,41,27,27,27,27,41,41,41,41,35,27,41,27,28,27,27,41,41,41,41,27,41,28,40,27,41,41,41,41,41,41,41,27,37,27,41,27,27,27,41,27,41,35,41,41,41,27,41,41,41,41,41,40,41,41,41,41,41,27,41,27,41,27,41,41,27,40,27,27,41,27,41,31,27,27,27,27,41,27,41,41,27,38,41,41,41,41,41,41,41,27,27,41,41,41,67,41,41,27,41,41,41,41
54,229,27,229,29,230,230,230,229,27,87,41,41,27,41,27,41,41,41,41,41,41,27,41,41,27,27,31,27,27,27,41,27,41,27,27,41,41,41,33,41,41,27,41,41,41,27,27,27,41,41,41,41,31,30,41,41,27,27,27,27,27,41,27,28,41,27,41,41,27,30,41,41,41,41,41,41,41,35,41,41,41,229,27,41,206,41,229,41,27,27,41,40,41,41,41,41,27,41,41,33,27,27,41,27,27,41,41,41,27,27,229,27,41,27,41,41,41,41,41,27,41,27,41,41,27,229,27,41,27,27,41,27,41,41,27,41,27,27,41,41,41,37,41,41,41,27,41,27,27,27,30,41,41,27,41,27,41,201,27,27,229,160,30,166,27,27,27,27,41,229,230,215,229,27,47,27,229,47,41,41,41,27,230,27,205,28,41,27,147,41,41,41,27,41,27,41,27,41,80,30,27,41,41,29,85,27,47,41,27,41,41,27,27,41,41,27,27,27,29,41,27,27,41,27,27,229,27,28,27,230,230,230,27,230,27,230,230,27,180,230,230,27,27,146,230,230,230,27,143,27,30,35,230,230,41,27,230,230,160,27,27,181,230,27,230,230,84,42,27,230,41,41,41,27,41,62,27,30,31,41,41,41,41,41,27,41,41,41,27,41,41,50,41,27,41,41,159,41,27,27,27,27,27,230,230,229,229,230,213,229,150,27,27,27,27,27,27,215,169,41,27,41,229,41,27,41,230,49,41,27,27,41,27,27,41,27,27,41,27,29,41,41,41,27,41,41,36,27,41,27,41,41,27,41,27,27,41,27,27,27,27,41,41,27,41,41,27,27,41,27,27,41,38,41,41,27,41,41,41,204,30,27,27,229,27,229,229,27,230,55,41,41,27,27,27,27,41,41,27,27,27,41,41,27,27,27,34,41,27,27,41,27,27,41,41,40,41,35,27,40,41,38,41,41,41,27,41,27,27,27,41,27,27,41,41,39,27,27,27,41,27,27,27,41,41,41,229,41,27,229,27,40,27,41,41,29,41,41,41,27,38,74,41,41,41,33,41,27,230,27,27,27,27,27,161,27,41,27,132,30,27,41,41,27,27,132,27,229,27,41,41,27,27,41,41,41,27,27,41,41,41,38,41,37,27,41,41,27,41,41,27,41,27,38,41,41,27,41,41,34,27,27,41,27,27,41,41,30,27,106,229,229,27,27,27,27,27,229,27,41,230,41,45,230,27,27,27,230,27,91,41,27,41,41,41,41,41,41,41,39,27,27,27,230,41,230,27,41,41,41,27,41,41,27,27,27,31,38,27,41,41,41,41,41,41,41,41,27,41,41,27,41,41,41,41,229,41,41,41,154,230,230,29,41,27,150,27,230,27,41,41,41,27,41,29,41,41,27,53,230,230,27,27,27,230,230,27,27,230,27,27,188,27,41,27,41,27,27,27,32,41,41,41,27,41,27,27,41,27,36,40,29,41,41,41,41,41,37,27,41,41,41,27,30,41,29,27,41,27,41,27,41,27,41,41,41,41,41,27,32,41,41,41,27,27,41,41,27,41,41,41,41,28,40,41,41,41,27,38,28,29,27,27,41,40,40,29,41,41,41,41,150,41,41,40,223,27,27,27,41,27,87,131,208,41,27,29,27,27,27,27,27,39,41,27,27,27,41,39,27,41,41,41,41,41,40,41,27,41,41,27,41,41,41,27,41,41,27,27,41,41,41,27,41,41,41,28,27,41,41,41,27,41,27,27,41,27,41,27,41,229,41,27,27,41,27,41,229,49,27,41,41,41,41,27,41,41,41,41,31,41,27,41,27,41,41,27,41,41,27,27,27,41,27,41,27,41,35,32,41,41,27,41,41,41,27,41,41,41,27,41,27,41,41,41,41,27,27,41,36,41,27,41,41,27,41,41,41,29,27,41,41,41,41,41,27,27,27,41,27,41,41,28,41,41,27,41,41,41,36,35,41,27,41,27,30,27,29,27,39,41,41,41,41,39,41,41,41,41,41,41,41,41,27,41,41,41,27,27,27,27,41,41,41,41,40,27,41,41,39,27,27,41,41,41,41,27,41,35,40,27,41,41,41,32,41,41,41,27,41,27,41,27,27,27,41,27,41,35,41,41,41,29,41,41,41,41,41,41,41,41,41,41,41,27,41,29,41,27,41,41,27,35,27,27,41,27,36,27,27,27,27,27,41,27,41,41,27,41,41,41,41,41,41,41,41,27,27,41,41,41,146,41,41,30,41,41,41,41
27,229,27,229,78,213,230,230,229,27,87,41,41,27,41,27,41,41,41,41,41,41,27,41,41,27,27,27,27,27,27,41,27,41,27,27,41,32,41,29,41,41,27,41,41,41,27,27,27,41,41,41,41,27,37,41,41,27,27,27,27,27,41,27,27,41,27,41,41,27,27,41,41,41,41,38,41,41,40,41,41,41,229,27,41,229,41,229,27,27,27,41,41,41,41,41,41,27,41,41,38,27,27,41,27,27,41,41,41,27,27,229,27,41,27,41,41,41,41,41,30,41,27,41,41,27,229,27,41,27,27,32,27,38,41,27,41,27,27,41,41,41,30,223,41,41,27,41,27,27,27,27,41,41,27,41,29,41,57,27,27,229,27,38,41,27,27,27,27,41,229,230,151,229,27,229,27,229,229,41,41,41,27,230,27,228,39,41,27,147,41,41,41,31,41,27,41,27,41,80,37,27,41,41,34,181,27,229,41,27,41,41,27,27,41,41,27,27,27,27,41,27,27,41,27,27,229,27,39,32,170,176,230,214,230,27,230,230,27,180,230,230,27,27,218,230,230,230,27,211,27,38,40,230,230,41,27,230,230,28,36,27,230,230,27,230,230,181,83,27,230,41,41,41,27,41,27,27,38,31,41,41,40,41,41,27,41,41,41,27,41,41,111,41,27,41,41,57,41,27,27,27,27,27,230,230,229,229,230,43,229,64,27,27,27,27,27,27,150,169,41,27,41,229,41,27,41,230,110,41,27,27,41,27,27,41,27,27,41,27,29,41,41,41,27,41,41,41,27,36,27,41,41,27,41,27,27,41,27,27,27,27,41,41,27,41,41,27,27,41,27,28,41,31,41,41,27,41,41,41,204,37,27,27,229,27,229,229,29,230,90,41,41,27,41,27,27,41,41,27,27,27,41,41,27,27,27,28,41,27,30,41,27,27,41,41,41,41,29,27,40,41,31,41,41,41,27,41,27,27,27,41,27,27,32,41,33,27,27,27,41,27,27,27,41,41,41,229,41,27,191,27,41,27,41,41,27,41,41,41,27,31,27,41,41,41,27,41,27,230,27,27,27,27,27,34,27,41,27,132,37,27,82,41,27,27,199,27,229,27,41,41,27,27,41,41,41,27,27,41,41,41,31,41,41,27,41,41,41,41,41,27,41,27,30,41,41,27,41,41,34,27,27,41,27,27,41,41,37,27,106,229,229,27,27,27,27,27,229,27,83,230,41,27,216,27,27,27,230,27,184,41,27,41,41,41,41,41,41,41,41,27,27,27,230,41,230,27,41,41,41,27,41,41,27,27,27,27,31,27,41,41,41,41,41,41,41,27,27,41,41,27,41,41,41,41,229,41,41,41,154,230,230,35,42,27,64,27,230,27,41,41,41,27,41,27,41,41,27,53,230,230,27,27,27,228,230,27,27,230,27,41,69,27,41,27,41,27,27,27,32,40,41,41,27,41,27,27,41,27,41,36,27,41,41,41,41,41,41,30,38,41,41,27,27,41,35,27,41,27,41,27,41,27,41,41,41,41,41,27,32,41,41,41,27,27,41,41,27,41,41,41,41,40,41,41,41,41,27,38,39,27,27,27,41,41,41,27,41,41,41,41,62,41,41,28,155,27,27,27,41,27,33,51,132,41,27,27,27,27,27,27,27,34,41,27,27,27,41,30,29,41,41,41,41,41,41,41,27,41,41,29,41,41,41,27,41,41,27,27,41,41,41,27,41,41,41,27,27,41,41,40,27,41,27,27,41,27,41,27,41,229,41,27,30,41,27,41,229,27,27,41,41,41,41,27,41,41,41,41,30,41,27,41,27,41,41,27,41,41,27,27,27,41,27,41,27,41,40,32,41,41,27,41,41,41,27,41,41,41,27,41,27,41,41,41,41,27,27,41,31,41,27,38,41,27,41,41,27,35,27,41,38,41,41,41,27,27,27,41,27,41,41,40,41,41,27,41,41,41,41,40,41,27,41,27,27,27,27,27,39,41,41,41,41,29,41,41,41,41,41,41,41,41,27,41,41,41,27,27,27,27,41,41,41,41,41,27,41,41,41,27,27,41,41,41,41,27,41,40,39,27,41,41,41,27,41,41,41,27,41,27,41,27,27,27,41,27,41,35,41,41,41,38,41,41,41,41,41,41,41,41,41,41,41,27,41,39,41,27,41,41,27,29,27,27,41,27,27,27,27,27,27,27,41,27,36,41,27,41,41,41,41,41,41,41,41,27,27,41,41,41,213,41,41,37,41,41,41,41
27,229,27,229,78,213,230,230,229,27,87,41,41,27,41,27,41,41,41,41,41,41,27,41,41,27,27,27,27,27,27,41,27,41,27,27,41,32,41,29,41,41,27,41,41,41,27,27,27,41,41,41,41,27,37,41,41,27,27,27,27,27,41,27,27,41,27,41,41,27,27,41,41,41,41,38,41,41,40,41,41,41,229,27,41,229,41,229,27,27,27,41,41,41,41,41,41,27,41,41,38,27,27,41,27,27,41,41,41,27,27,229,27,41,27,41,41,41,41,41,30,41,27,41,41,27,229,27,41,27,27,32,27,38,41,27,41,27,27,41,41,41,30,223,41,41,27,41,27,27,27,27,41,41,27,41,29,41,57,27,27,229,27,38,41,27,27,27,27,41,229,230,151,229,27,229,27,229,229,41,41,41,27,230,27,228,39,41,27,147,41,41,41,31,41,27,41,27,41,80,37,27,41,41,34,181,27,229,41,27,41,41,27,27,41,41,27,27,27,27,41,27,27,41,27,27,229,27,39,32,170,176,230,214,230,27,230,230,27,180,230,230,27,27,218,230,230,230,27,211,27,38,40,230,230,41,27,230,230,28,36,27,230,230,27,230,230,181,83,27,230,41,41,41,27,41,27,27,38,31,41,41,40,41,41,27,41,41,41,27,41,41,111,41,27,41,41,57,41,27,27,27,27,27,230,230,229,229,230,43,229,64,27,27,27,27,27,27,150,169,41,27,41,229,41,27,41,230,110,41,27,27,41,27,27,41,27,27,41,27,29,41,41,41,27,41,41,41,27,36,27,41,41,27,41,27,27,41,27,27,27,27,41,41,27,41,41,27,27,41,27,28,41,31,41,41,27,41,41,41,204,37,27,27,229,27,229,229,29,230,90,41,41,27,41,27,27,41,41,27,27,27,41,41,27,27,27,28,41,27,30,41,27,27,41,41,41,41,29,27,40,41,31,41,41,41,27,41,27,27,27,41,27,27,32,41,33,27,27,27,41,27,27,27,41,41,41,229,41,27,191,27,41,27,41,41,27,41,41,41,27,31,27,41,41,41,27,41,27,230,27,27,27,27,27,34,27,41,27,132,37,27,82,41,27,27,199,27,229,27,41,41,27,27,41,41,41,27,27,41,41,41,31,41,41,27,41,41,41,41,41,27,41,27,30,41,41,27,41,41,34,27,27,41,27,27,41,41,37,27,106,229,229,27,27,27,27,27,229,27,83,230,41,27,216,27,27,27,230,27,184,41,27,41,41,41,41,41,41,41,41,27,27,27,230,41,230,27,41,41,41,27,41,41,27,27,27,27,31,27,41,41,41,41,41,41,41,27,27,41,41,27,41,41,41,41,229,41,41,41,154,230,230,35,42,27,64,27,230,27,41,41,41,27,41,27,41,41,27,53,230,230,27,27,27,228,230,27,27,230,27,41,69,27,41,27,41,27,27,27,32,40,41,41,27,41,27,27,41,27,41,36,27,41,41,41,41,41,41,30,38,41,41,27,27,41,35,27,41,27,41,27,41,27,41,41,41,41,41,27,32,41,41,41,27,27,41,41,27,41,41,41,41,40,41,41,41,41,27,38,39,27,27,27,41,41,41,27,41,41,41,41,62,41,41,28,155,27,27,27,41,27,33,51,132,41,27,27,27,27,27,27,27,34,41,27,27,27,41,30,29,41,41,41,41,41,41,41,27,41,41,29,41,41,41,27,41,41,27,27,41,41,41,27,41,41,41,27,27,41,41,40,27,41,27,27,41,27,41,27,41,229,41,27,30,41,27,41,229,27,27,41,41,41,41,27,41,41,41,41,30,41,27,41,27,41,41,27,41,41,27,27,27,41,27,41,27,41,40,32,41,41,27,41,41,41,27,41,41,41,27,41,27,41,41,41,41,27,27,41,31,41,27,38,41,27,41,41,27,35,27,41,38,41,41,41,27,27,27,41,27,41,41,40,41,41,27,41,41,41,41,40,41,27,41,27,27,27,27,27,39,41,41,41,41,29,41,41,41,41,41,41,41,41,27,41,41,41,27,27,27,27,41,41,41,41,41,27,41,41,41,27,27,41,41,41,41,27,41,40,39,27,41,41,41,27,41,41,41,27,41,27,41,27,27,27,41,27,41,35,41,41,41,38,41,41,41,41,41,41,41,41,41,41,41,27,41,39,41,27,41,41,27,29,27,27,41,27,27,27,27,27,27,27,41,27,36,41,27,41,41,41,41,41,41,41,41,27,27,41,41,41,213,41,41,37,41,41,41,41
27,229,27,229,182,145,230,230,229,27,87,40,41,27,41,27,41,41,41,41,41,41,27,41,41,27,27,27,27,27,27,41,27,41,27,27,41,27,41,28,41,41,27,41,41,41,27,27,27,41,41,41,41,27,41,41,41,41,27,27,27,27,41,33,27,38,27,41,41,27,27,41,41,38,41,30,27,41,41,41,57,41,106,27,41,229,41,229,27,27,27,41,41,41,41,41,41,29,41,41,41,27,27,41,41,27,41,41,41,27,27,229,27,41,27,41,41,41,41,41,38,81,27,41,41,27,229,27,41,27,27,32,27,30,41,27,41,27,27,41,41,41,27,229,41,41,27,41,27,27,30,27,41,41,27,41,39,41,27,41,27,229,27,41,41,27,27,28,27,41,229,230,62,229,27,229,27,229,229,47,41,41,27,215,27,229,41,41,27,147,41,41,41,38,41,27,41,27,41,80,41,27,41,41,40,229,27,229,41,27,41,41,27,27,41,41,27,27,27,27,41,27,27,41,27,27,229,27,41,40,27,43,230,230,230,27,230,230,27,180,230,230,28,27,230,230,230,230,27,228,27,41,41,230,230,41,27,230,182,27,41,27,230,230,27,230,230,230,182,27,160,41,41,41,36,41,27,27,41,31,41,41,28,41,41,27,41,41,41,27,41,41,207,41,27,65,41,41,41,33,27,27,27,27,230,230,229,229,230,27,229,27,27,27,27,27,36,27,61,169,41,27,41,229,41,27,41,230,207,41,27,27,41,27,41,41,27,27,41,27,29,41,41,41,27,41,41,41,27,27,27,41,41,27,41,27,27,41,27,27,27,27,41,41,27,41,41,27,27,41,27,39,41,27,41,41,27,41,41,38,204,41,27,27,230,41,229,229,39,230,108,41,41,27,41,27,27,41,41,27,27,27,41,41,27,27,27,27,41,27,37,41,27,27,41,40,41,41,27,27,40,39,27,41,41,41,27,41,27,27,27,41,27,27,27,41,28,27,27,27,41,27,29,27,41,41,41,229,41,27,93,27,41,27,41,41,27,41,40,41,27,27,27,49,41,224,27,41,27,230,27,27,27,27,27,27,27,41,27,132,41,27,172,41,27,27,230,27,229,27,41,41,41,27,41,41,41,27,27,41,41,41,27,41,41,27,41,41,41,41,41,27,38,27,27,41,41,27,41,41,34,27,27,41,27,27,41,41,41,27,229,229,229,27,27,27,27,27,229,27,186,230,41,27,151,27,27,27,230,27,230,41,27,41,41,41,41,41,36,41,41,27,27,27,224,41,27,27,41,41,41,27,41,41,27,27,27,27,27,27,41,41,41,41,41,41,41,27,27,38,41,27,41,41,41,41,229,41,41,41,154,230,230,40,88,27,27,27,230,27,41,37,41,27,41,27,41,41,27,53,97,230,27,27,27,99,228,27,27,230,27,41,27,27,41,27,41,27,27,27,32,35,41,41,27,41,27,27,41,41,41,29,27,41,41,41,41,41,41,37,31,41,41,27,27,41,40,27,41,27,41,27,41,27,41,41,41,41,41,27,32,41,41,41,27,27,41,27,27,41,41,41,41,41,41,41,41,41,27,38,41,27,27,27,41,41,41,27,41,41,41,41,27,41,82,27,39,27,27,27,40,27,27,27,51,41,27,27,27,27,27,41,27,28,41,27,27,27,41,27,35,41,41,41,41,41,41,41,27,41,41,35,41,41,41,27,41,41,36,27,41,41,41,27,41,41,41,27,27,41,41,35,27,41,27,27,41,27,36,27,41,229,41,27,38,41,27,41,229,27,27,41,41,28,41,27,41,41,41,41,30,36,27,41,27,41,41,27,41,28,30,27,27,41,27,41,27,41,41,32,41,41,27,41,41,41,27,41,41,41,27,41,27,41,41,39,41,27,27,41,29,41,27,31,41,27,41,41,27,40,27,41,30,41,41,41,27,27,27,41,27,41,41,41,41,41,27,41,41,41,41,41,41,30,41,27,27,27,27,27,39,41,41,41,41,27,41,41,41,41,41,41,41,41,27,41,41,41,27,30,27,27,41,41,41,41,41,27,41,41,41,27,27,41,41,41,41,27,41,41,33,27,41,41,41,27,41,41,41,27,41,27,41,27,27,27,41,27,41,35,41,41,41,41,39,41,41,41,36,41,41,41,41,41,41,27,41,41,41,27,41,41,27,27,27,27,41,27,27,27,27,27,29,27,41,27,27,41,28,41,41,41,41,41,41,38,41,27,27,41,41,41,230,41,41,41,41,37,41,41
27,229,27,229,229,58,230,230,229,27,87,35,41,27,41,27,41,41,41,41,41,41,27,41,41,27,27,27,27,27,27,41,27,41,27,27,41,27,41,28,41,40,27,41,41,41,27,27,27,41,41,41,41,27,41,41,41,41,30,27,28,29,41,41,27,30,27,41,41,27,27,41,41,30,41,27,27,41,41,41,120,41,41,27,41,229,41,204,27,27,27,41,41,41,41,41,41,41,39,41,41,27,29,41,41,27,41,41,41,27,27,229,27,41,27,41,41,41,41,41,41,187,27,41,41,27,219,27,41,27,27,27,27,27,41,27,41,27,27,41,41,41,27,229,41,41,27,41,27,27,38,27,41,41,27,41,41,41,27,41,30,229,27,41,41,27,28,39,27,41,229,230,27,229,27,229,27,229,229,229,41,41,27,113,27,229,41,41,27,147,41,41,41,41,37,31,27,27,41,80,41,27,41,41,41,229,27,229,41,29,41,38,27,27,41,40,27,27,27,27,41,27,27,41,29,27,229,41,41,41,27,27,230,230,230,30,230,230,27,180,230,230,72,27,230,230,230,230,27,228,27,41,41,230,230,41,27,230,78,27,41,27,230,230,27,230,230,230,230,27,27,41,41,41,41,41,27,27,41,31,41,41,27,41,41,27,41,41,41,27,41,41,229,41,27,194,41,41,41,55,27,27,27,27,230,230,229,229,230,27,229,27,27,29,27,27,41,27,27,169,106,27,41,229,41,27,41,230,229,41,27,27,41,27,41,41,27,27,41,27,29,27,41,41,27,41,41,41,27,27,27,41,41,27,41,27,27,41,27,27,36,27,41,41,27,41,41,27,27,41,27,41,41,27,41,41,30,41,41,30,204,41,27,27,230,41,228,230,41,230,109,41,41,30,41,27,27,41,41,30,27,27,41,41,27,27,27,27,41,27,41,41,27,27,41,28,41,41,27,27,40,33,27,41,41,41,27,41,27,27,27,41,27,27,27,41,27,27,27,27,41,27,35,27,41,41,41,222,41,27,42,27,42,27,41,41,27,41,35,27,27,27,27,215,41,230,27,41,27,230,27,27,27,27,29,27,27,41,27,132,41,27,224,41,27,27,230,27,229,27,41,41,41,27,41,41,41,27,27,41,41,41,27,41,41,27,41,41,41,41,41,27,30,27,27,41,41,27,41,41,34,27,27,41,27,27,41,41,41,27,229,229,229,27,27,27,27,27,229,27,230,230,41,27,62,27,27,27,230,27,230,41,27,41,41,41,41,41,27,41,41,27,27,27,156,41,27,27,41,27,41,27,41,41,27,27,27,27,27,27,41,41,41,41,41,41,41,27,27,30,41,27,41,41,41,41,223,41,41,41,154,230,230,41,184,27,27,27,230,27,41,30,41,27,41,27,36,41,40,53,27,230,27,27,27,29,99,27,27,230,27,41,27,27,41,27,41,27,27,27,32,29,41,36,27,41,27,27,41,41,41,27,27,41,41,41,41,41,41,41,27,41,41,27,27,38,41,27,41,27,41,29,41,27,41,41,41,41,41,27,32,41,41,41,27,27,38,27,27,41,41,27,41,41,41,41,41,41,27,38,41,27,27,27,41,41,41,27,41,40,41,41,27,41,178,27,27,27,30,27,29,27,27,27,27,41,27,27,27,27,27,41,27,27,41,29,27,27,41,27,40,41,36,41,41,41,41,41,27,41,41,40,41,41,41,27,41,41,41,27,41,41,41,27,41,41,41,27,27,41,41,29,27,41,27,28,41,27,28,27,41,229,41,27,41,41,27,41,229,27,35,41,41,27,41,27,41,41,41,41,30,28,27,41,27,41,41,27,36,27,37,27,27,40,27,41,27,41,41,33,41,41,27,41,41,41,27,41,41,41,27,41,27,41,41,33,41,27,27,41,29,41,27,27,41,27,41,41,27,41,27,40,27,41,41,41,27,27,27,41,27,41,41,41,40,41,29,41,41,41,41,41,41,37,41,27,27,30,27,27,39,41,41,41,41,27,41,41,41,41,41,41,41,41,27,38,41,41,27,38,27,27,41,41,41,41,41,27,41,41,41,29,27,41,41,41,41,27,41,41,29,27,41,41,41,27,41,41,41,27,41,27,41,27,27,27,41,27,41,35,41,41,41,41,30,41,41,41,28,41,40,41,41,41,41,27,41,41,41,27,41,41,27,27,27,27,41,30,27,27,27,30,39,27,39,27,27,41,35,41,41,41,41,41,41,30,41,27,27,41,41,41,230,41,41,41,41,30,41,41
27,229,27,229,229,58,230,230,229,27,87,35,41,27,41,27,41,41,41,41,41,41,27,41,41,27,27,27,27,27,27,41,27,41,27,27,41,27,41,28,41,40,27,41,41,41,27,27,27,41,41,41,41,27,41,41,41,41,30,27,28,29,41,41,27,30,27,41,41,27,27,41,41,30,41,27,27,41,41,41,120,41,41,27,41,229,41,204,27,27,27,41,41,41,41,41,41,41,39,41,41,27,29,41,41,27,41,41,41,27,27,229,27,41,27,41,41,41,41,41,41,187,27,41,41,27,219,27,41,27,27,27,27,27,41,27,41,27,27,41,41,41,27,229,41,41,27,41,27,27,38,27,41,41,27,41,41,41,27,41,30,229,27,41,41,27,28,39,27,41,229,230,27,229,27,229,27,229,229,229,41,41,27,113,27,229,41,41,27,147,41,41,41,41,37,31,27,27,41,80,41,27,41,41,41,229,27,229,41,29,41,38,27,27,41,40,27,27,27,27,41,27,27,41,29,27,229,41,41,41,27,27,230,230,230,30,230,230,27,180,230,230,72,27,230,230,230,230,27,228,27,41,41,230,230,41,27,230,78,27,41,27,230,230,27,230,230,230,230,27,27,41,41,41,41,41,27,27,41,31,41,41,27,41,41,27,41,41,41,27,41,41,229,41,27,194,41,41,41,55,27,27,27,27,230,230,229,229,230,27,229,27,27,29,27,27,41,27,27,169,106,27,41,229,41,27,41,230,229,41,27,27,41,27,41,41,27,27,41,27,29,27,41,41,27,41,41,41,27,27,27,41,41,27,41,27,27,41,27,27,36,27,41,41,27,41,41,27,27,41,27,41,41,27,41,41,30,41,41,30,204,41,27,27,230,41,228,230,41,230,109,41,41,30,41,27,27,41,41,30,27,27,41,41,27,27,27,27,41,27,41,41,27,27,41,28,41,41,27,27,40,33,27,41,41,41,27,41,27,27,27,41,27,27,27,41,27,27,27,27,41,27,35,27,41,41,41,222,41,27,42,27,42,27,41,41,27,41,35,27,27,27,27,215,41,230,27,41,27,230,27,27,27,27,29,27,27,41,27,132,41,27,224,41,27,27,230,27,229,27,41,41,41,27,41,41,41,27,27,41,41,41,27,41,41,27,41,41,41,41,41,27,30,27,27,41,41,27,41,41,34,27,27,41,27,27,41,41,41,27,229,229,229,27,27,27,27,27,229,27,230,230,41,27,62,27,27,27,230,27,230,41,27,41,41,41,41,41,27,41,41,27,27,27,156,41,27,27,41,27,41,27,41,41,27,27,27,27,27,27,41,41,41,41,41,41,41,27,27,30,41,27,41,41,41,41,223,41,41,41,154,230,230,41,184,27,27,27,230,27,41,30,41,27,41,27,36,41,40,53,27,230,27,27,27,29,99,27,27,230,27,41,27,27,41,27,41,27,27,27,32,29,41,36,27,41,27,27,41,41,41,27,27,41,41,41,41,41,41,41,27,41,41,27,27,38,41,27,41,27,41,29,41,27,41,41,41,41,41,27,32,41,41,41,27,27,38,27,27,41,41,27,41,41,41,41,41,41,27,38,41,27,27,27,41,41,41,27,41,40,41,41,27,41,178,27,27,27,30,27,29,27,27,27,27,41,27,27,27,27,27,41,27,27,41,29,27,27,41,27,40,41,36,41,41,41,41,41,27,41,41,40,41,41,41,27,41,41,41,27,41,41,41,27,41,41,41,27,27,41,41,29,27,41,27,28,41,27,28,27,41,229,41,27,41,41,27,41,229,27,35,41,41,27,41,27,41,41,41,41,30,28,27,41,27,41,41,27,36,27,37,27,27,40,27,41,27,41,41,33,41,41,27,41,41,41,27,41,41,41,27,41,27,41,41,33,41,27,27,41,29,41,27,27,41,27,41,41,27,41,27,40,27,41,41,41,27,27,27,41,27,41,41,41,40,41,29,41,41,41,41,41,41,37,41,27,27,30,27,27,39,41,41,41,41,27,41,41,41,41,41,41,41,41,27,38,41,41,27,38,27,27,41,41,41,41,41,27,41,41,41,29,27,41,41,41,41,27,41,41,29,27,41,41,41,27,41,41,41,27,41,27,41,27,27,27,41,27,41,35,41,41,41,41,30,41,41,41,28,41,40,41,41,41,41,27,41,41,41,27,41,41,27,27,27,27,41,30,27,27,27,30,39,27,39,27,27,41,35,41,41,41,41,41,41,30,41,27,27,41,41,41,230,41,41,41,41,30,41,41
27,230,33,27,229,27,230,230,229,160,87,29,41,27,41,27,41,41,41,41,41,41,27,41,41,27,27,27,27,27,27,41,27,41,27,27,41,27,41,28,41,35,27,41,41,41,28,27,27,41,41,37,41,27,41,41,41,41,37,27,40,35,41,41,27,27,27,41,41,27,27,41,41,27,40,27,27,41,41,41,199,41,41,27,41,229,52,125,27,27,27,41,41,41,41,41,41,41,27,41,41,27,35,41,41,27,41,41,41,36,27,188,27,41,27,41,41,41,41,41,41,229,27,41,41,27,108,27,41,27,27,27,27,27,41,27,41,27,27,41,41,37,27,229,41,41,27,41,27,27,41,27,41,41,27,41,41,41,27,41,38,229,27,41,41,27,40,41,28,41,188,230,27,229,28,229,27,229,229,229,41,41,27,49,27,229,41,41,27,147,41,41,41,41,30,38,27,27,41,80,41,27,41,35,41,229,27,229,41,34,41,31,27,27,41,35,27,27,27,27,41,27,27,46,38,27,229,41,41,41,27,27,230,230,230,38,230,230,27,180,230,230,179,59,230,230,230,230,27,228,27,41,41,230,230,41,27,230,27,27,41,27,230,230,27,230,230,230,230,41,27,70,41,41,27,41,27,30,41,31,41,41,27,41,27,27,41,41,41,27,41,41,229,41,27,228,41,41,41,216,27,27,28,27,230,230,229,230,230,27,230,27,27,35,27,27,41,27,27,143,229,27,41,204,41,27,41,230,229,100,27,27,41,27,41,41,27,27,41,27,29,27,41,41,27,41,41,41,27,27,27,41,41,27,41,27,27,41,27,41,41,41,41,41,27,41,41,27,27,41,27,41,41,27,41,41,38,41,41,27,204,41,27,27,230,41,196,230,41,230,109,41,41,37,41,27,27,41,41,37,27,27,41,41,27,27,29,27,41,27,41,41,27,29,41,27,41,41,27,29,40,28,27,41,41,41,27,41,41,27,27,41,27,27,27,41,27,27,27,29,41,27,40,27,41,36,41,165,38,27,41,27,76,27,41,41,27,41,29,27,27,27,27,223,41,230,27,41,27,230,36,27,27,27,35,27,27,41,27,132,41,27,227,38,27,27,230,30,229,27,41,41,41,27,41,41,41,41,27,41,41,41,27,41,41,27,27,41,41,41,41,27,27,27,27,41,41,27,41,41,34,27,27,41,27,27,41,41,41,27,229,229,229,27,27,27,27,27,229,27,230,230,41,27,27,27,27,27,230,29,230,41,27,41,41,41,41,41,27,41,41,27,27,36,41,41,27,27,41,27,39,27,41,41,27,27,27,27,27,27,41,41,41,41,41,41,41,27,27,27,41,27,41,41,41,41,27,41,41,41,154,229,230,41,230,27,27,27,230,27,41,27,41,27,41,27,27,41,41,44,27,230,27,27,27,27,29,27,27,230,27,41,27,27,41,27,41,27,27,27,32,27,41,27,27,41,27,27,41,41,41,27,27,41,41,41,41,41,41,41,27,41,41,27,27,30,41,27,41,27,40,34,41,27,41,41,41,41,41,41,32,41,41,41,27,27,30,27,27,41,41,27,41,41,41,41,41,41,27,38,41,27,27,27,41,41,41,27,41,35,41,41,27,41,227,27,27,27,37,27,27,27,27,27,27,41,27,27,27,27,27,41,27,27,41,39,27,27,41,27,41,41,28,41,41,41,41,41,27,41,41,41,41,41,41,27,41,41,41,27,41,41,41,27,41,41,40,27,27,41,41,27,27,41,27,40,41,27,27,27,41,184,41,27,41,41,27,41,207,27,41,41,41,27,41,27,41,41,41,41,30,27,27,41,27,41,41,27,28,27,41,27,27,35,27,41,27,41,41,35,41,41,27,41,41,41,27,41,41,41,27,41,27,41,41,28,41,27,27,41,29,41,27,27,41,27,41,41,27,41,29,37,27,41,41,41,30,27,27,38,27,41,41,41,28,41,34,41,41,41,41,41,41,41,41,27,27,37,27,27,39,41,41,27,41,27,41,41,41,41,41,41,41,41,27,31,41,41,27,41,29,27,41,41,41,41,41,27,41,41,41,34,27,41,41,41,41,27,41,41,28,27,41,41,41,27,41,41,41,27,41,27,41,27,27,27,41,27,41,35,41,41,41,41,27,41,41,41,27,41,35,41,41,41,41,27,41,41,41,27,41,41,30,27,27,27,41,37,27,27,29,37,41,27,29,27,27,41,41,41,41,41,41,41,41,27,41,27,27,41,41,41,230,41,41,41,41,27,41,41
27,230,33,27,229,27,230,230,229,160,87,29,41,27,41,27,41,41,41,41,41,41,27,41,41,27,27,27,27,27,27,41,27,41,27,27,41,27,41,28,41,35,27,41,41,41,28,27,27,41,41,37,41,27,41,41,41,41,37,27,40,35,41,41,27,27,27,41,41,27,27,41,41,27,40,27,27,41,41,41,199,41,41,27,41,229,52,125,27,27,27,41,41,41,41,41,41,41,27,41,41,27,35,41,41,27,41,41,41,36,27,188,27,41,27,41,41,41,41,41,41,229,27,41,41,27,108,27,41,27,27,27,27,27,41,27,41,27,27,41,41,37,27,229,41,41,27,41,27,27,41,27,41,41,27,41,41,41,27,41,38,229,27,41,41,27,40,41,28,41,188,230,27,229,28,229,27,229,229,229,41,41,27,49,27,229,41,41,27,147,41,41,41,41,30,38,27,27,41,80,41,27,41,35,41,229,27,229,41,34,41,31,27,27,41,35,27,27,27,27,41,27,27,46,38,27,229,41,41,41,27,27,230,230,230,38,230,230,27,180,230,230,179,59,230,230,230,230,27,228,27,41,41,230,230,41,27,230,27,27,41,27,230,230,27,230,230,230,230,41,27,70,41,41,27,41,27,30,41,31,41,41,27,41,27,27,41,41,41,27,41,41,229,41,27,228,41,41,41,216,27,27,28,27,230,230,229,230,230,27,230,27,27,35,27,27,41,27,27,143,229,27,41,204,41,27,41,230,229,100,27,27,41,27,41,41,27,27,41,27,29,27,41,41,27,41,41,41,27,27,27,41,41,27,41,27,27,41,27,41,41,41,41,41,27,41,41,27,27,41,27,41,41,27,41,41,38,41,41,27,204,41,27,27,230,41,196,230,41,230,109,41,41,37,41,27,27,41,41,37,27,27,41,41,27,27,29,27,41,27,41,41,27,29,41,27,41,41,27,29,40,28,27,41,41,41,27,41,41,27,27,41,27,27,27,41,27,27,27,29,41,27,40,27,41,36,41,165,38,27,41,27,76,27,41,41,27,41,29,27,27,27,27,223,41,230,27,41,27,230,36,27,27,27,35,27,27,41,27,132,41,27,227,38,27,27,230,30,229,27,41,41,41,27,41,41,41,41,27,41,41,41,27,41,41,27,27,41,41,41,41,27,27,27,27,41,41,27,41,41,34,27,27,41,27,27,41,41,41,27,229,229,229,27,27,27,27,27,229,27,230,230,41,27,27,27,27,27,230,29,230,41,27,41,41,41,41,41,27,41,41,27,27,36,41,41,27,27,41,27,39,27,41,41,27,27,27,27,27,27,41,41,41,41,41,41,41,27,27,27,41,27,41,41,41,41,27,41,41,41,154,229,230,41,230,27,27,27,230,27,41,27,41,27,41,27,27,41,41,44,27,230,27,27,27,27,29,27,27,230,27,41,27,27,41,27,41,27,27,27,32,27,41,27,27,41,27,27,41,41,41,27,27,41,41,41,41,41,41,41,27,41,41,27,27,30,41,27,41,27,40,34,41,27,41,41,41,41,41,41,32,41,41,41,27,27,30,27,27,41,41,27,41,41,41,41,41,41,27,38,41,27,27,27,41,41,41,27,41,35,41,41,27,41,227,27,27,27,37,27,27,27,27,27,27,41,27,27,27,27,27,41,27,27,41,39,27,27,41,27,41,41,28,41,41,41,41,41,27,41,41,41,41,41,41,27,41,41,41,27,41,41,41,27,41,41,40,27,27,41,41,27,27,41,27,40,41,27,27,27,41,184,41,27,41,41,27,41,207,27,41,41,41,27,41,27,41,41,41,41,30,27,27,41,27,41,41,27,28,27,41,27,27,35,27,41,27,41,41,35,41,41,27,41,41,41,27,41,41,41,27,41,27,41,41,28,41,27,27,41,29,41,27,27,41,27,41,41,27,41,29,37,27,41,41,41,30,27,27,38,27,41,41,41,28,41,34,41,41,41,41,41,41,41,41,27,27,37,27,27,39,41,41,27,41,27,41,41,41,41,41,41,41,41,27,31,41,41,27,41,29,27,41,41,41,41,41,27,41,41,41,34,27,41,41,41,41,27,41,41,28,27,41,41,41,27,41,41,41,27,41,27,41,27,27,27,41,27,41,35,41,41,41,41,27,41,41,41,27,41,35,41,41,41,41,27,41,41,41,27,41,41,30,27,27,27,41,37,27,27,29,37,41,27,29,27,27,41,41,41,41,41,41,41,41,27,41,27,27,41,41,41,230,41,41,41,41,27,41,41
27,230,229,27,229,27,230,230,230,230,27,27,41,27,41,27,41,41,41,41,41,41,27,41,41,27,27,27,27,27,27,41,27,41,27,27,41,27,41,28,41,29,27,41,41,41,35,27,27,41,41,30,41,27,41,41,41,41,41,27,41,40,41,41,27,27,27,41,41,27,27,41,41,27,35,27,27,41,41,41,229,41,41,27,41,229,114,58,27,27,28,41,41,41,41,41,41,41,27,41,41,27,40,41,41,27,41,41,41,36,27,80,27,41,29,41,41,41,68,41,41,229,27,41,41,27,36,27,41,27,27,27,27,27,41,27,41,27,27,41,41,30,27,229,41,41,27,41,27,41,41,27,41,41,27,41,41,41,27,41,41,229,27,41,41,27,41,41,36,41,80,216,27,229,77,229,36,229,229,229,52,39,27,41,27,229,57,41,27,147,41,41,41,41,27,41,27,27,41,80,41,27,41,28,42,229,27,229,41,40,41,27,30,27,41,29,27,27,27,27,41,27,27,81,41,27,229,41,41,75,27,27,230,230,230,41,230,230,27,112,230,230,230,142,230,230,230,230,27,228,27,41,42,230,230,47,27,230,27,27,41,27,230,230,27,230,222,230,230,41,27,196,41,41,27,41,27,38,41,31,41,41,27,41,27,27,41,41,41,41,41,41,229,41,27,229,41,41,41,229,41,27,76,57,230,230,229,230,230,27,230,27,27,40,27,27,41,27,27,93,229,27,54,61,41,27,72,230,229,213,27,27,41,27,37,41,27,41,41,27,29,27,41,38,27,41,40,41,27,27,28,41,41,27,41,27,27,41,27,41,41,41,41,41,27,41,36,27,27,41,27,41,41,27,41,41,41,41,41,27,204,41,27,30,230,41,69,230,41,230,109,41,41,41,41,41,27,41,41,41,27,27,41,41,27,27,35,27,38,27,41,41,41,39,41,27,41,41,27,35,40,27,27,41,41,41,27,41,41,27,27,41,27,27,27,41,27,27,27,32,41,27,41,41,27,27,41,61,30,27,41,27,193,29,36,41,27,41,27,27,27,27,27,229,41,230,27,41,27,230,41,27,27,27,40,27,27,78,27,130,41,27,229,31,30,27,230,38,229,27,41,41,41,27,41,41,41,41,29,41,41,41,27,41,41,27,27,41,41,41,41,27,27,27,27,41,41,30,41,41,34,27,27,41,27,27,41,41,41,27,229,229,229,27,27,27,27,27,229,27,230,230,41,27,27,27,27,27,230,35,230,41,27,41,41,41,41,41,27,41,41,27,27,41,27,41,27,27,41,39,30,27,41,41,27,27,27,27,27,27,41,41,41,41,41,41,41,27,27,27,41,27,41,41,41,41,27,41,41,41,148,229,230,41,230,27,27,27,230,27,41,27,41,28,41,27,27,36,41,39,27,230,27,27,27,27,27,27,27,230,27,41,27,27,41,27,39,27,27,27,33,27,41,27,29,41,27,41,41,41,41,27,27,41,41,41,41,41,41,41,27,41,38,27,27,27,41,27,41,35,35,40,41,27,41,41,41,41,41,41,32,41,41,41,27,27,27,27,27,41,41,27,41,41,41,41,41,41,27,40,41,27,27,27,41,41,41,27,41,29,38,41,27,41,229,27,27,30,41,27,27,27,27,27,27,41,27,27,27,27,27,41,27,27,41,41,27,27,41,27,41,41,27,41,41,41,41,41,27,41,41,41,41,41,41,27,41,41,41,27,41,41,41,27,41,40,35,27,27,41,41,27,27,41,27,41,41,27,27,27,41,83,41,27,41,41,27,41,48,27,41,41,41,27,41,27,41,41,41,41,30,27,27,41,27,41,36,27,27,27,41,30,27,29,27,41,28,41,41,36,41,41,27,41,41,41,27,41,41,41,27,41,27,41,41,27,41,27,27,41,29,41,27,27,41,27,41,41,27,41,39,34,27,41,41,41,38,27,27,30,27,41,41,41,27,41,40,41,27,41,41,41,41,41,38,27,27,41,27,27,39,41,27,27,41,27,41,41,41,41,41,41,41,41,27,27,41,41,27,41,35,27,41,41,41,36,41,27,41,41,41,40,27,41,41,40,41,27,41,41,28,27,41,41,41,27,41,41,41,27,41,27,41,27,27,27,41,27,41,35,41,41,41,41,27,41,41,41,27,41,29,41,41,41,41,27,41,41,41,27,41,38,38,27,27,41,41,41,27,27,34,41,41,27,27,36,27,41,41,41,41,41,41,41,41,27,38,27,27,41,41,41,229,41,41,41,41,27,41,41
27,230,229,27,229,27,230,219,230,230,27,27,41,27,41,27,41,41,41,41,41,41,27,41,41,27,27,27,27,27,27,41,27,37,27,27,32,27,41,28,41,27,27,41,41,41,40,29,27,41,41,27,41,27,41,41,41,41,41,27,41,41,41,41,27,27,27,41,41,27,27,41,36,27,28,27,27,41,41,41,229,41,41,27,27,229,204,41,27,230,39,41,41,41,41,41,41,53,27,41,41,36,41,41,41,28,41,41,40,41,27,27,27,40,35,41,40,41,194,27,41,229,27,41,41,27,27,27,41,27,40,27,27,27,41,29,41,27,28,41,27,27,27,229,41,41,29,41,30,41,41,27,41,41,31,41,41,41,27,41,41,229,27,41,41,27,41,41,40,41,27,151,27,229,182,229,41,27,229,229,93,29,29,41,27,229,207,41,27,147,41,41,41,41,27,41,27,27,41,78,41,27,41,27,82,229,27,229,40,41,41,27,37,27,41,27,27,27,27,27,41,27,27,164,41,41,229,41,41,139,27,27,230,230,230,41,230,230,27,77,230,193,230,212,230,230,230,230,27,228,27,84,72,230,230,230,30,230,27,27,48,27,230,230,27,230,153,230,230,41,27,229,41,41,27,41,27,41,41,31,41,41,27,41,27,27,41,41,41,41,41,41,229,41,27,229,41,41,41,229,175,27,179,142,230,230,185,230,230,27,230,27,30,41,27,29,41,27,27,93,229,27,114,27,41,27,100,230,199,213,27,27,41,27,27,41,27,41,41,27,29,27,37,31,27,41,35,41,35,27,35,41,41,27,41,36,27,41,27,41,41,41,41,41,27,41,28,27,27,41,27,62,41,27,41,41,41,41,41,27,204,77,30,38,230,41,41,230,49,230,109,41,41,41,41,41,27,41,41,41,27,27,41,41,27,27,40,30,30,27,41,41,41,41,41,27,41,41,27,41,40,27,27,41,38,41,27,41,41,27,27,39,27,27,27,41,27,27,27,33,38,27,41,41,27,27,41,27,27,27,41,27,229,39,27,41,27,41,27,27,27,27,27,229,41,230,27,41,36,230,41,27,40,30,41,27,27,186,27,127,75,27,229,27,37,27,230,41,229,63,41,41,41,27,41,41,41,41,39,41,41,41,27,41,41,27,27,41,41,41,41,27,27,27,27,41,41,38,39,41,34,27,27,41,27,27,41,41,41,27,229,229,229,27,27,27,27,27,229,27,230,230,81,27,27,27,27,27,230,40,230,41,27,41,35,41,27,41,27,41,53,28,27,41,27,41,27,27,41,27,27,30,38,41,27,27,27,27,27,27,41,41,41,41,41,41,41,27,27,27,41,27,41,41,41,41,27,41,41,41,148,229,229,41,230,27,27,27,230,27,41,27,41,40,41,27,27,27,41,39,27,183,27,27,27,27,27,27,27,230,27,41,27,27,41,27,33,27,27,27,35,27,41,27,35,41,27,41,41,41,41,27,27,41,41,41,41,41,41,41,27,41,30,27,27,27,41,27,41,41,29,41,41,27,41,41,41,41,41,41,32,41,41,41,27,27,27,27,28,41,41,27,41,41,41,41,41,41,27,41,41,27,27,27,41,41,41,27,41,27,30,41,27,41,229,27,27,38,41,27,27,27,27,27,27,41,27,27,27,27,27,41,27,27,39,41,27,27,41,27,41,41,27,41,41,41,41,41,27,41,41,41,41,41,41,28,41,41,41,27,41,41,41,27,41,35,28,27,27,41,41,27,27,41,27,41,41,27,27,40,41,27,41,27,41,41,27,41,27,27,41,41,41,27,41,27,41,41,41,41,30,27,27,41,27,41,27,27,27,27,41,37,27,27,27,41,40,41,41,36,41,41,27,41,41,41,27,41,41,41,27,41,27,41,41,27,41,27,27,41,29,41,29,27,41,41,41,41,27,41,41,29,27,41,41,41,41,29,27,27,27,41,41,41,27,41,41,41,27,41,41,41,41,41,30,27,27,41,27,27,39,41,27,27,41,27,41,41,41,41,41,41,41,41,27,27,41,41,27,41,40,27,41,41,41,27,41,27,41,41,41,41,27,41,41,35,41,27,41,41,28,27,41,41,41,27,41,32,41,27,41,27,41,27,27,27,41,27,41,34,41,41,41,41,27,41,41,41,27,41,27,41,41,41,41,27,41,41,41,27,41,30,41,27,27,41,41,41,27,27,39,41,41,27,27,41,27,41,41,41,41,41,41,41,41,27,30,27,27,41,41,41,186,41,41,66,41,27,37,41
27,230,229,27,229,27,230,219,230,230,27,27,41,27,41,27,41,41,41,41,41,41,27,41,41,27,27,27,27,27,27,41,27,37,27,27,32,27,41,28,41,27,27,41,41,41,40,29,27,41,41,27,41,27,41,41,41,41,41,27,41,41,41,41,27,27,27,41,41,27,27,41,36,27,28,27,27,41,41,41,229,41,41,27,27,229,204,41,27,230,39,41,41,41,41,41,41,53,27,41,41,36,41,41,41,28,41,41,40,41,27,27,27,40,35,41,40,41,194,27,41,229,27,41,41,27,27,27,41,27,40,27,27,27,41,29,41,27,28,41,27,27,27,229,41,41,29,41,30,41,41,27,41,41,31,41,41,41,27,41,41,229,27,41,41,27,41,41,40,41,27,151,27,229,182,229,41,27,229,229,93,29,29,41,27,229,207,41,27,147,41,41,41,41,27,41,27,27,41,78,41,27,41,27,82,229,27,229,40,41,41,27,37,27,41,27,27,27,27,27,41,27,27,164,41,41,229,41,41,139,27,27,230,230,230,41,230,230,27,77,230,193,230,212,230,230,230,230,27,228,27,84,72,230,230,230,30,230,27,27,48,27,230,230,27,230,153,230,230,41,27,229,41,41,27,41,27,41,41,31,41,41,27,41,27,27,41,41,41,41,41,41,229,41,27,229,41,41,41,229,175,27,179,142,230,230,185,230,230,27,230,27,30,41,27,29,41,27,27,93,229,27,114,27,41,27,100,230,199,213,27,27,41,27,27,41,27,41,41,27,29,27,37,31,27,41,35,41,35,27,35,41,41,27,41,36,27,41,27,41,41,41,41,41,27,41,28,27,27,41,27,62,41,27,41,41,41,41,41,27,204,77,30,38,230,41,41,230,49,230,109,41,41,41,41,41,27,41,41,41,27,27,41,41,27,27,40,30,30,27,41,41,41,41,41,27,41,41,27,41,40,27,27,41,38,41,27,41,41,27,27,39,27,27,27,41,27,27,27,33,38,27,41,41,27,27,41,27,27,27,41,27,229,39,27,41,27,41,27,27,27,27,27,229,41,230,27,41,36,230,41,27,40,30,41,27,27,186,27,127,75,27,229,27,37,27,230,41,229,63,41,41,41,27,41,41,41,41,39,41,41,41,27,41,41,27,27,41,41,41,41,27,27,27,27,41,41,38,39,41,34,27,27,41,27,27,41,41,41,27,229,229,229,27,27,27,27,27,229,27,230,230,81,27,27,27,27,27,230,40,230,41,27,41,35,41,27,41,27,41,53,28,27,41,27,41,27,27,41,27,27,30,38,41,27,27,27,27,27,27,41,41,41,41,41,41,41,27,27,27,41,27,41,41,41,41,27,41,41,41,148,229,229,41,230,27,27,27,230,27,41,27,41,40,41,27,27,27,41,39,27,183,27,27,27,27,27,27,27,230,27,41,27,27,41,27,33,27,27,27,35,27,41,27,35,41,27,41,41,41,41,27,27,41,41,41,41,41,41,41,27,41,30,27,27,27,41,27,41,41,29,41,41,27,41,41,41,41,41,41,32,41,41,41,27,27,27,27,28,41,41,27,41,41,41,41,41,41,27,41,41,27,27,27,41,41,41,27,41,27,30,41,27,41,229,27,27,38,41,27,27,27,27,27,27,41,27,27,27,27,27,41,27,27,39,41,27,27,41,27,41,41,27,41,41,41,41,41,27,41,41,41,41,41,41,28,41,41,41,27,41,41,41,27,41,35,28,27,27,41,41,27,27,41,27,41,41,27,27,40,41,27,41,27,41,41,27,41,27,27,41,41,41,27,41,27,41,41,41,41,30,27,27,41,27,41,27,27,27,27,41,37,27,27,27,41,40,41,41,36,41,41,27,41,41,41,27,41,41,41,27,41,27,41,41,27,41,27,27,41,29,41,29,27,41,41,41,41,27,41,41,29,27,41,41,41,41,29,27,27,27,41,41,41,27,41,41,41,27,41,41,41,41,41,30,27,27,41,27,27,39,41,27,27,41,27,41,41,41,41,41,41,41,41,27,27,41,41,27,41,40,27,41,41,41,27,41,27,41,41,41,41,27,41,41,35,41,27,41,41,28,27,41,41,41,27,41,32,41,27,41,27,41,27,27,27,41,27,41,34,41,41,41,41,27,41,41,41,27,41,27,41,41,41,41,27,41,41,41,27,41,30,41,27,27,41,41,41,27,27,39,41,41,27,27,41,27,41,41,41,41,41,41,41,41,27,30,27,27,41,41,41,186,41,41,66,41,27,37,41
27,230,229,27,229,27,230,151,230,230,27,27,41,27,41,27,41,41,39,41,41,41,27,41,41,27,27,27,27,27,27,41,27,30,27,27,27,27,41,28,41,27,27,41,41,41,41,36,36,41,41,27,41,27,41,41,41,41,41,27,41,41,41,41,27,27,27,41,41,27,27,41,27,27,27,27,27,41,41,40,229,41,41,27,27,229,229,41,27,230,41,41,41,41,41,41,41,157,27,41,41,36,41,41,41,40,41,41,35,41,27,27,27,37,40,41,35,41,228,27,41,229,27,41,41,27,27,27,41,27,41,27,27,27,41,38,41,27,40,41,27,27,27,229,41,41,39,41,38,41,83,27,41,41,38,41,41,41,27,41,41,229,27,41,38,28,41,41,41,41,27,60,27,229,229,229,41,27,229,229,102,27,39,41,28,229,228,41,27,147,41,41,41,41,27,41,27,27,41,72,41,30,41,27,183,229,27,229,35,41,40,27,41,27,41,27,27,27,27,27,41,27,27,229,41,41,229,41,41,170,30,27,230,230,225,41,97,27,27,77,230,75,230,230,230,230,230,230,27,229,27,181,202,230,230,230,38,185,27,27,227,29,230,230,27,27,43,230,230,41,27,230,41,41,35,41,27,41,41,31,41,41,27,41,27,27,41,41,41,41,41,41,207,41,27,229,41,41,41,229,190,58,229,211,230,229,75,230,230,27,230,27,37,41,27,35,41,28,27,93,229,27,199,27,41,27,166,230,67,213,27,27,41,27,27,40,27,41,41,27,29,27,30,27,27,41,29,41,41,27,40,41,41,27,41,41,27,41,27,41,41,41,41,41,27,41,27,27,27,39,27,201,41,27,41,41,41,41,41,27,204,178,37,41,230,223,41,230,112,230,110,41,41,41,41,41,27,41,41,41,27,29,41,41,27,27,41,37,27,30,41,41,41,41,41,27,41,41,27,41,40,27,27,41,30,41,27,41,41,27,27,33,27,27,27,41,27,27,27,33,31,27,41,41,27,27,41,27,27,27,41,27,229,41,27,27,27,41,27,27,27,27,27,229,41,230,27,220,41,230,41,35,41,37,41,27,27,229,30,125,183,27,229,27,41,27,185,41,229,145,41,41,41,27,41,41,41,41,41,41,41,41,27,41,41,27,27,41,41,41,40,27,27,27,27,41,41,41,29,39,34,27,27,41,27,27,41,41,41,27,229,222,229,27,27,27,40,27,229,27,230,230,184,27,27,27,27,27,230,41,194,38,27,41,28,41,27,41,27,41,127,34,27,41,27,41,27,27,41,27,27,37,30,41,27,27,27,27,27,27,41,41,41,41,41,41,41,27,27,27,41,27,40,41,41,41,27,41,41,41,148,229,229,43,230,27,27,27,230,27,41,27,41,41,41,27,27,27,41,39,27,80,27,27,27,27,27,27,27,230,27,41,27,30,41,27,28,27,27,27,36,27,41,27,40,41,27,41,27,41,41,27,27,41,41,41,41,41,41,41,27,41,27,27,27,27,41,29,41,41,27,41,41,27,41,41,41,41,41,41,32,41,41,41,27,27,27,27,39,41,41,27,41,41,41,41,41,41,27,41,41,27,27,27,41,41,41,27,41,27,27,41,27,38,229,27,27,41,41,27,27,27,27,27,27,41,27,27,27,27,27,41,27,27,33,41,27,27,41,27,41,41,27,41,41,41,41,41,27,41,41,41,41,41,41,35,41,41,41,27,41,41,41,27,41,29,27,27,27,41,41,27,27,41,27,41,41,27,27,41,41,27,41,27,41,41,27,41,27,27,41,38,41,27,41,27,41,41,41,39,30,27,27,41,29,41,27,27,27,27,41,41,29,27,27,41,41,41,41,36,41,41,27,41,41,41,27,41,41,41,27,41,27,41,41,27,41,27,27,41,29,41,35,27,41,41,41,27,27,41,41,27,27,41,41,36,41,35,27,27,29,41,41,41,27,41,41,41,27,41,41,41,41,41,27,27,27,41,27,29,39,41,27,27,41,27,41,41,41,41,41,41,41,41,30,27,41,41,27,41,41,29,41,41,41,27,41,27,41,41,41,41,27,41,41,29,41,29,41,41,28,27,41,41,41,27,41,27,41,27,41,27,41,27,27,27,41,27,32,33,41,41,40,41,27,41,41,41,27,41,27,41,41,41,41,27,41,41,41,29,41,27,41,27,27,41,41,41,27,27,41,41,41,27,27,41,27,41,41,41,41,41,41,41,41,27,27,27,27,41,41,38,77,41,41,146,41,27,30,41
50,230,229,27,229,27,230,50,230,230,27,27,41,27,41,28,41,41,29,39,39,41,27,41,41,27,27,27,27,27,27,41,27,27,27,27,27,27,41,28,41,27,41,41,41,41,41,41,41,41,41,27,41,27,41,41,41,41,41,27,41,41,41,41,27,27,27,41,41,27,27,41,27,27,27,27,27,41,41,40,229,41,41,27,27,229,229,41,27,230,41,41,41,41,41,41,41,223,27,41,41,41,41,41,41,41,41,41,29,41,27,27,27,34,41,41,29,41,229,27,41,202,27,27,41,27,27,27,41,27,41,27,40,27,41,41,41,27,41,41,27,27,27,160,41,38,41,41,41,41,182,27,41,41,41,41,68,41,27,41,41,189,27,41,30,40,41,41,41,41,27,27,27,182,229,229,41,27,229,229,102,27,41,41,40,229,229,41,27,147,41,41,41,41,27,41,27,27,41,69,41,37,41,27,229,229,27,229,28,41,36,27,41,27,41,27,30,27,27,27,41,27,27,229,41,41,229,41,41,212,38,27,230,230,106,41,27,27,27,77,230,27,230,230,230,230,230,230,27,230,42,228,230,230,230,230,41,73,27,27,230,35,230,230,27,27,27,230,230,41,27,230,41,41,40,41,27,41,79,31,41,41,27,41,27,30,41,41,41,41,39,41,58,41,27,222,41,41,41,229,190,144,229,229,230,229,27,230,230,27,230,27,41,41,27,40,41,75,27,93,229,27,230,27,106,27,219,230,27,213,27,27,41,27,27,33,27,41,41,27,29,27,27,27,27,41,27,41,41,27,41,41,41,27,27,41,27,41,27,41,41,41,41,41,29,41,27,27,27,29,29,230,38,27,41,41,41,41,41,27,204,228,41,41,230,229,41,230,214,230,110,41,41,41,41,41,27,41,41,41,27,39,41,41,29,27,41,41,27,37,41,41,41,41,41,27,41,41,27,41,40,27,27,41,27,41,27,41,41,27,27,28,27,27,27,41,27,27,27,33,27,29,41,41,27,27,41,27,27,30,41,27,229,41,27,27,27,41,27,27,37,27,27,229,41,230,27,230,41,230,41,41,41,41,41,27,27,230,38,125,227,27,229,27,41,27,78,41,229,183,41,41,41,27,41,41,41,41,41,41,39,41,27,41,41,40,27,41,41,41,35,27,27,27,27,41,41,41,27,31,34,27,27,41,27,27,41,41,41,27,229,100,222,27,27,27,41,27,210,27,230,230,229,27,27,27,27,27,27,41,119,31,27,41,27,41,27,41,27,41,146,41,27,41,27,41,27,27,41,27,27,41,27,41,27,27,27,27,27,29,27,41,41,41,41,41,41,27,41,27,41,40,28,41,41,41,27,41,41,41,148,229,229,91,230,27,27,30,230,27,41,27,41,41,41,27,27,27,41,39,27,27,27,27,27,27,27,27,27,97,27,41,27,38,41,30,27,27,27,27,36,27,41,27,41,41,27,41,27,41,41,27,27,41,41,41,41,41,41,41,27,41,27,27,27,27,41,35,41,41,27,41,41,27,41,41,41,41,41,41,64,41,41,41,27,27,27,27,41,41,41,27,41,41,41,41,41,41,27,41,41,27,27,27,41,41,41,27,41,27,27,40,27,30,213,27,27,41,41,27,27,27,27,27,27,41,30,27,27,27,27,41,27,27,28,41,27,27,41,27,41,40,27,41,41,41,41,41,27,41,41,41,41,38,41,41,41,41,41,27,41,41,41,28,41,27,27,27,27,41,41,27,27,40,27,41,41,27,27,41,41,27,41,27,41,41,27,41,27,27,41,31,41,27,41,27,41,41,41,29,30,27,27,40,38,41,27,27,27,27,41,41,34,27,27,41,41,41,41,36,41,41,27,41,41,41,27,41,41,41,27,41,27,41,41,27,41,27,27,41,29,41,40,27,40,41,41,27,27,41,41,27,27,41,41,27,41,40,27,27,35,41,41,41,27,41,41,41,27,41,41,41,41,41,27,27,27,41,27,35,39,41,27,27,41,27,41,41,41,41,41,41,41,41,37,27,41,41,27,41,41,35,41,41,41,27,41,29,41,41,41,41,30,41,36,27,40,35,41,41,28,27,41,41,41,27,32,27,41,27,41,27,41,27,27,27,41,27,27,33,41,41,35,41,27,41,41,41,27,41,27,41,41,41,41,27,41,41,41,39,41,27,41,27,41,41,41,41,27,27,41,41,41,27,27,41,27,41,41,41,41,41,27,41,41,27,27,41,27,41,41,30,27,41,41,214,39,27,27,41
50,230,229,27,229,27,230,50,230,230,27,27,41,27,41,28,41,41,29,39,39,41,27,41,41,27,27,27,27,27,27,41,27,27,27,27,27,27,41,28,41,27,41,41,41,41,41,41,41,41,41,27,41,27,41,41,41,41,41,27,41,41,41,41,27,27,27,41,41,27,27,41,27,27,27,27,27,41,41,40,229,41,41,27,27,229,229,41,27,230,41,41,41,41,41,41,41,223,27,41,41,41,41,41,41,41,41,41,29,41,27,27,27,34,41,41,29,41,229,27,41,202,27,27,41,27,27,27,41,27,41,27,40,27,41,41,41,27,41,41,27,27,27,160,41,38,41,41,41,41,182,27,41,41,41,41,68,41,27,41,41,189,27,41,30,40,41,41,41,41,27,27,27,182,229,229,41,27,229,229,102,27,41,41,40,229,229,41,27,147,41,41,41,41,27,41,27,27,41,69,41,37,41,27,229,229,27,229,28,41,36,27,41,27,41,27,30,27,27,27,41,27,27,229,41,41,229,41,41,212,38,27,230,230,106,41,27,27,27,77,230,27,230,230,230,230,230,230,27,230,42,228,230,230,230,230,41,73,27,27,230,35,230,230,27,27,27,230,230,41,27,230,41,41,40,41,27,41,79,31,41,41,27,41,27,30,41,41,41,41,39,41,58,41,27,222,41,41,41,229,190,144,229,229,230,229,27,230,230,27,230,27,41,41,27,40,41,75,27,93,229,27,230,27,106,27,219,230,27,213,27,27,41,27,27,33,27,41,41,27,29,27,27,27,27,41,27,41,41,27,41,41,41,27,27,41,27,41,27,41,41,41,41,41,29,41,27,27,27,29,29,230,38,27,41,41,41,41,41,27,204,228,41,41,230,229,41,230,214,230,110,41,41,41,41,41,27,41,41,41,27,39,41,41,29,27,41,41,27,37,41,41,41,41,41,27,41,41,27,41,40,27,27,41,27,41,27,41,41,27,27,28,27,27,27,41,27,27,27,33,27,29,41,41,27,27,41,27,27,30,41,27,229,41,27,27,27,41,27,27,37,27,27,229,41,230,27,230,41,230,41,41,41,41,41,27,27,230,38,125,227,27,229,27,41,27,78,41,229,183,41,41,41,27,41,41,41,41,41,41,39,41,27,41,41,40,27,41,41,41,35,27,27,27,27,41,41,41,27,31,34,27,27,41,27,27,41,41,41,27,229,100,222,27,27,27,41,27,210,27,230,230,229,27,27,27,27,27,27,41,119,31,27,41,27,41,27,41,27,41,146,41,27,41,27,41,27,27,41,27,27,41,27,41,27,27,27,27,27,29,27,41,41,41,41,41,41,27,41,27,41,40,28,41,41,41,27,41,41,41,148,229,229,91,230,27,27,30,230,27,41,27,41,41,41,27,27,27,41,39,27,27,27,27,27,27,27,27,27,97,27,41,27,38,41,30,27,27,27,27,36,27,41,27,41,41,27,41,27,41,41,27,27,41,41,41,41,41,41,41,27,41,27,27,27,27,41,35,41,41,27,41,41,27,41,41,41,41,41,41,64,41,41,41,27,27,27,27,41,41,41,27,41,41,41,41,41,41,27,41,41,27,27,27,41,41,41,27,41,27,27,40,27,30,213,27,27,41,41,27,27,27,27,27,27,41,30,27,27,27,27,41,27,27,28,41,27,27,41,27,41,40,27,41,41,41,41,41,27,41,41,41,41,38,41,41,41,41,41,27,41,41,41,28,41,27,27,27,27,41,41,27,27,40,27,41,41,27,27,41,41,27,41,27,41,41,27,41,27,27,41,31,41,27,41,27,41,41,41,29,30,27,27,40,38,41,27,27,27,27,41,41,34,27,27,41,41,41,41,36,41,41,27,41,41,41,27,41,41,41,27,41,27,41,41,27,41,27,27,41,29,41,40,27,40,41,41,27,27,41,41,27,27,41,41,27,41,40,27,27,35,41,41,41,27,41,41,41,27,41,41,41,41,41,27,27,27,41,27,35,39,41,27,27,41,27,41,41,41,41,41,41,41,41,37,27,41,41,27,41,41,35,41,41,41,27,41,29,41,41,41,41,30,41,36,27,40,35,41,41,28,27,41,41,41,27,32,27,41,27,41,27,41,27,27,27,41,27,27,33,41,41,35,41,27,41,41,41,27,41,27,41,41,41,41,27,41,41,41,39,41,27,41,27,41,41,41,41,27,27,41,41,41,27,27,41,27,41,41,41,41,41,27,41,41,27,27,41,27,41,41,30,27,41,41,214,39,27,27,41
147,218,229,27,229,27,230,27,230,230,27,27,41,27,41,40,41,41,27,29,35,41,27,41,41,27,30,27,27,27,27,41,27,27,27,27,27,27,41,28,41,27,41,41,40,41,41,41,40,41,41,27,40,27,41,41,41,41,41,27,41,41,35,41,27,27,27,41,38,27,27,41,27,27,27,27,27,41,41,40,229,57,41,27,27,229,229,41,27,230,41,41,41,41,41,41,41,230,27,41,41,41,41,41,41,41,41,41,27,41,29,27,36,29,41,38,27,41,229,27,41,111,27,27,82,27,27,27,41,27,41,27,41,27,41,41,37,32,41,41,27,27,27,27,41,31,41,41,41,41,228,27,41,41,41,41,195,41,27,223,77,67,27,41,27,41,41,41,41,223,27,27,27,75,229,229,41,27,229,229,102,27,41,41,41,230,229,41,30,147,41,41,41,41,27,41,27,27,41,69,41,41,41,27,229,229,27,229,27,42,29,27,41,27,41,27,37,27,27,27,41,27,30,229,41,41,229,41,41,229,41,27,230,230,33,41,27,27,27,77,230,27,230,230,230,230,230,230,27,230,43,230,230,230,230,230,41,27,27,27,230,40,230,230,27,27,27,230,230,41,27,219,41,210,41,41,27,41,184,31,41,41,27,41,27,38,41,41,41,41,30,41,27,41,27,160,41,41,41,220,190,212,229,229,230,229,27,230,230,27,230,27,41,42,30,41,41,176,27,93,229,27,230,27,106,27,230,166,27,213,27,27,41,27,31,28,27,41,41,27,29,27,27,27,30,41,27,41,41,27,41,41,41,27,27,41,40,41,27,41,41,41,41,41,38,41,27,27,27,27,35,230,31,27,41,41,86,41,41,27,204,229,41,41,230,229,41,230,230,230,110,38,41,41,41,41,27,41,41,41,27,41,41,41,35,30,41,41,27,41,41,41,41,41,41,27,41,41,27,41,40,27,27,41,27,41,27,41,41,41,27,27,27,27,27,41,27,27,27,33,27,35,41,41,27,27,41,27,27,37,41,41,229,41,27,27,27,38,27,27,41,27,27,229,41,230,27,230,41,230,41,41,41,41,42,27,27,230,41,125,229,62,229,27,41,27,27,75,229,183,41,41,41,30,41,41,41,41,41,41,29,41,27,41,41,41,27,41,41,41,28,27,27,30,27,41,41,41,27,27,34,27,27,41,27,27,41,41,41,27,229,31,100,27,27,27,41,27,118,27,230,230,230,27,27,27,27,27,27,41,81,27,30,41,27,41,27,41,27,41,147,41,27,41,27,41,27,27,40,27,27,41,27,41,27,41,30,27,27,40,27,41,41,41,41,41,41,27,41,27,41,41,27,41,41,41,27,38,41,41,148,207,183,184,230,36,27,37,230,27,41,27,37,41,41,27,27,27,41,39,27,27,30,27,27,27,27,27,27,27,27,41,27,41,41,37,27,27,27,27,36,27,41,27,41,41,27,41,27,41,41,27,27,41,41,41,41,41,41,41,27,41,27,27,27,27,41,40,41,41,27,41,41,28,41,41,41,41,41,41,130,41,41,38,27,30,27,27,41,41,41,27,41,41,41,41,41,41,41,41,41,27,29,27,41,41,41,27,41,27,27,29,27,27,146,27,28,41,41,27,27,27,27,27,27,41,37,27,27,27,27,41,27,27,27,41,27,27,41,27,41,36,27,41,41,41,41,41,27,41,36,41,41,31,41,41,41,41,41,29,41,41,35,35,41,27,27,27,27,41,40,27,30,35,41,41,41,41,27,41,41,27,41,27,41,41,27,41,27,27,41,27,41,27,41,27,41,27,41,27,30,27,27,36,41,39,27,27,27,27,41,41,37,27,28,41,41,41,41,36,41,41,27,41,41,41,27,41,40,41,27,41,27,41,41,27,41,27,27,41,29,41,41,27,36,41,41,27,27,41,41,27,27,41,41,27,41,41,28,27,40,41,41,41,27,41,41,41,27,41,41,41,41,41,27,27,27,41,29,40,39,41,27,27,39,27,41,41,41,41,41,41,41,41,41,27,41,41,30,41,41,40,36,41,41,27,41,34,41,41,41,41,37,41,27,27,35,40,41,41,28,27,41,38,41,27,27,27,41,27,41,27,41,27,27,27,41,27,27,33,38,41,29,41,27,40,41,41,27,40,27,41,41,41,41,30,41,41,41,41,41,27,41,27,41,41,41,41,27,27,41,41,41,27,27,41,27,36,41,41,41,41,27,41,41,27,27,41,27,41,41,27,27,41,41,230,30,27,27,39
217,151,229,27,230,27,230,27,230,230,27,27,41,36,36,41,41,41,27,27,34,41,27,41,41,27,38,27,27,27,27,41,27,27,27,27,27,27,41,28,41,27,41,41,36,41,41,41,35,41,41,27,35,30,41,41,41,41,41,30,41,41,27,41,29,27,27,41,31,27,27,41,27,27,27,27,27,41,41,40,229,120,41,27,27,229,192,41,27,230,41,41,41,41,41,41,41,230,27,41,41,41,41,41,41,41,36,41,27,41,35,27,36,27,41,30,27,40,229,27,41,42,27,27,177,27,27,27,41,27,41,27,41,27,41,41,27,41,41,41,27,27,27,27,41,27,41,41,41,41,229,30,41,41,41,41,228,41,29,223,188,27,27,41,27,41,41,41,41,229,27,27,27,27,229,229,47,27,229,229,102,27,41,41,41,230,229,41,37,131,41,41,41,41,27,41,27,27,41,69,41,41,41,27,229,229,27,229,27,80,27,27,41,28,40,27,41,35,30,27,41,27,37,229,41,41,229,41,41,229,41,27,230,230,27,85,27,27,27,77,230,27,230,230,230,191,230,230,27,230,43,230,230,230,230,230,41,27,27,27,230,41,230,230,27,27,27,230,230,224,27,41,41,230,41,39,27,41,225,31,41,41,27,41,27,41,41,41,41,41,27,41,27,41,27,59,41,41,41,43,190,229,229,229,230,229,27,230,230,27,230,27,41,81,38,41,47,229,27,93,229,27,230,27,229,27,230,75,27,213,27,27,41,27,41,27,30,41,41,27,29,27,27,27,38,41,27,41,41,27,41,41,27,27,27,41,41,41,35,41,41,41,41,41,41,41,27,27,41,27,40,221,27,27,41,41,181,41,38,27,205,229,41,41,230,229,39,230,230,230,110,30,41,41,41,41,27,41,41,41,27,41,41,41,40,37,41,41,27,41,41,41,41,41,41,27,41,41,27,41,32,27,27,41,27,41,27,41,41,41,27,27,27,27,27,41,27,27,27,33,27,40,41,41,27,27,41,27,27,41,41,41,202,41,27,27,29,31,27,27,41,27,27,229,224,230,36,230,41,27,45,41,41,41,85,27,29,230,41,125,229,185,229,27,41,27,27,179,229,183,41,41,41,39,41,41,41,41,41,41,27,41,27,41,40,41,27,27,41,41,27,27,27,38,27,41,41,41,27,27,34,27,27,40,27,27,41,41,41,27,229,27,31,27,27,27,41,27,87,27,230,230,230,27,27,27,27,27,27,41,80,27,37,41,27,41,27,41,27,41,147,41,27,41,27,53,27,27,29,27,27,41,27,41,27,41,37,30,27,41,27,41,41,41,41,41,41,27,41,27,41,41,27,41,41,41,27,30,41,41,148,54,78,230,230,41,27,41,230,41,41,27,30,41,41,27,27,27,41,39,27,27,37,27,27,27,27,27,27,27,27,41,27,41,41,41,27,27,27,27,36,27,41,27,41,41,27,41,27,41,41,27,27,41,41,41,41,41,40,41,27,41,27,29,27,27,41,41,41,41,27,41,41,39,41,41,41,41,36,41,163,41,41,31,27,37,27,27,41,41,41,27,41,41,41,41,41,38,41,41,41,27,38,29,41,41,41,27,41,27,27,27,27,27,61,27,35,75,41,27,27,27,27,27,27,41,41,27,27,27,27,41,27,27,27,41,27,27,41,27,41,29,27,41,41,40,41,41,28,41,27,41,41,27,41,41,41,37,41,39,41,41,28,41,41,27,27,27,27,41,35,27,37,29,41,41,41,41,27,41,41,27,41,27,41,41,65,41,27,27,41,27,41,27,41,28,41,27,41,27,30,27,27,29,41,29,27,28,27,27,41,41,40,27,39,40,41,41,41,36,41,41,27,41,41,41,27,41,33,41,27,41,27,41,41,27,41,27,27,41,29,41,41,27,30,41,41,27,27,41,41,27,27,41,41,27,41,41,34,27,41,27,41,41,27,41,41,41,27,41,41,41,41,41,27,29,27,41,35,41,39,41,27,27,30,27,41,41,41,41,41,41,41,41,41,27,41,41,38,41,41,41,27,41,41,27,41,37,41,41,40,41,41,41,27,27,29,41,41,41,28,27,41,31,41,27,27,27,41,27,41,27,41,27,27,27,41,27,27,33,31,41,27,41,27,36,41,41,27,36,27,41,41,41,41,37,41,41,41,41,41,27,41,27,41,41,41,41,27,30,41,41,41,27,27,41,27,27,41,40,41,41,27,41,41,27,27,41,27,41,41,27,27,41,41,230,27,27,27,29
217,151,229,27,230,27,230,27,230,230,27,27,41,36,36,41,41,41,27,27,34,41,27,41,41,27,38,27,27,27,27,41,27,27,27,27,27,27,41,28,41,27,41,41,36,41,41,41,35,41,41,27,35,30,41,41,41,41,41,30,41,41,27,41,29,27,27,41,31,27,27,41,27,27,27,27,27,41,41,40,229,120,41,27,27,229,192,41,27,230,41,41,41,41,41,41,41,230,27,41,41,41,41,41,41,41,36,41,27,41,35,27,36,27,41,30,27,40,229,27,41,42,27,27,177,27,27,27,41,27,41,27,41,27,41,41,27,41,41,41,27,27,27,27,41,27,41,41,41,41,229,30,41,41,41,41,228,41,29,223,188,27,27,41,27,41,41,41,41,229,27,27,27,27,229,229,47,27,229,229,102,27,41,41,41,230,229,41,37,131,41,41,41,41,27,41,27,27,41,69,41,41,41,27,229,229,27,229,27,80,27,27,41,28,40,27,41,35,30,27,41,27,37,229,41,41,229,41,41,229,41,27,230,230,27,85,27,27,27,77,230,27,230,230,230,191,230,230,27,230,43,230,230,230,230,230,41,27,27,27,230,41,230,230,27,27,27,230,230,224,27,41,41,230,41,39,27,41,225,31,41,41,27,41,27,41,41,41,41,41,27,41,27,41,27,59,41,41,41,43,190,229,229,229,230,229,27,230,230,27,230,27,41,81,38,41,47,229,27,93,229,27,230,27,229,27,230,75,27,213,27,27,41,27,41,27,30,41,41,27,29,27,27,27,38,41,27,41,41,27,41,41,27,27,27,41,41,41,35,41,41,41,41,41,41,41,27,27,41,27,40,221,27,27,41,41,181,41,38,27,205,229,41,41,230,229,39,230,230,230,110,30,41,41,41,41,27,41,41,41,27,41,41,41,40,37,41,41,27,41,41,41,41,41,41,27,41,41,27,41,32,27,27,41,27,41,27,41,41,41,27,27,27,27,27,41,27,27,27,33,27,40,41,41,27,27,41,27,27,41,41,41,202,41,27,27,29,31,27,27,41,27,27,229,224,230,36,230,41,27,45,41,41,41,85,27,29,230,41,125,229,185,229,27,41,27,27,179,229,183,41,41,41,39,41,41,41,41,41,41,27,41,27,41,40,41,27,27,41,41,27,27,27,38,27,41,41,41,27,27,34,27,27,40,27,27,41,41,41,27,229,27,31,27,27,27,41,27,87,27,230,230,230,27,27,27,27,27,27,41,80,27,37,41,27,41,27,41,27,41,147,41,27,41,27,53,27,27,29,27,27,41,27,41,27,41,37,30,27,41,27,41,41,41,41,41,41,27,41,27,41,41,27,41,41,41,27,30,41,41,148,54,78,230,230,41,27,41,230,41,41,27,30,41,41,27,27,27,41,39,27,27,37,27,27,27,27,27,27,27,27,41,27,41,41,41,27,27,27,27,36,27,41,27,41,41,27,41,27,41,41,27,27,41,41,41,41,41,40,41,27,41,27,29,27,27,41,41,41,41,27,41,41,39,41,41,41,41,36,41,163,41,41,31,27,37,27,27,41,41,41,27,41,41,41,41,41,38,41,41,41,27,38,29,41,41,41,27,41,27,27,27,27,27,61,27,35,75,41,27,27,27,27,27,27,41,41,27,27,27,27,41,27,27,27,41,27,27,41,27,41,29,27,41,41,40,41,41,28,41,27,41,41,27,41,41,41,37,41,39,41,41,28,41,41,27,27,27,27,41,35,27,37,29,41,41,41,41,27,41,41,27,41,27,41,41,65,41,27,27,41,27,41,27,41,28,41,27,41,27,30,27,27,29,41,29,27,28,27,27,41,41,40,27,39,40,41,41,41,36,41,41,27,41,41,41,27,41,33,41,27,41,27,41,41,27,41,27,27,41,29,41,41,27,30,41,41,27,27,41,41,27,27,41,41,27,41,41,34,27,41,27,41,41,27,41,41,41,27,41,41,41,41,41,27,29,27,41,35,41,39,41,27,27,30,27,41,41,41,41,41,41,41,41,41,27,41,41,38,41,41,41,27,41,41,27,41,37,41,41,40,41,41,41,27,27,29,41,41,41,28,27,41,31,41,27,27,27,41,27,41,27,41,27,27,27,41,27,27,33,31,41,27,41,27,36,41,41,27,36,27,41,41,41,41,37,41,41,41,41,41,27,41,27,41,41,41,41,27,30,41,41,41,27,27,41,27,27,41,40,41,41,27,41,41,27,27,41,27,41,41,27,27,41,41,230,27,27,27,29
230,51,230,27,230,27,230,27,160,230,27,27,41,41,27,41,41,41,27,27,34,41,27,41,41,27,41,27,27,27,40,41,27,27,27,27,27,27,41,28,41,27,41,41,29,41,41,41,29,41,41,27,29,38,41,41,41,41,41,37,41,41,27,41,35,27,27,41,27,29,27,41,27,27,27,27,27,41,41,40,229,199,41,27,27,229,71,41,27,230,41,41,41,41,41,41,41,214,27,41,41,41,41,41,41,41,35,41,27,41,40,27,41,27,41,27,27,35,229,27,41,27,27,27,229,27,27,27,41,27,41,27,41,27,41,41,27,41,41,41,27,27,27,27,41,27,62,41,41,223,229,38,41,41,41,39,229,41,35,229,228,27,27,77,27,41,59,41,41,229,27,27,27,27,229,229,229,27,229,229,102,27,41,41,41,230,229,41,41,88,41,41,41,41,27,41,27,27,41,69,41,41,40,27,229,229,30,229,27,185,27,27,41,39,36,27,41,40,38,29,86,27,41,229,41,41,229,41,41,229,41,27,230,230,27,180,27,27,27,77,230,27,230,230,230,76,230,230,27,230,43,230,230,200,230,230,41,27,27,36,230,41,230,230,33,27,27,230,230,230,27,128,41,224,41,30,29,41,229,31,41,41,27,41,27,41,41,41,41,41,27,41,27,41,30,41,41,41,41,27,190,229,229,229,230,229,27,230,230,27,230,27,41,187,41,41,229,229,27,93,229,27,230,27,229,27,230,33,27,213,27,27,37,27,41,27,38,41,41,27,29,27,27,27,41,41,27,41,41,27,41,41,27,27,27,41,41,41,41,41,41,41,41,41,41,27,27,28,41,27,41,155,27,27,41,41,229,41,30,27,205,229,41,79,230,229,29,230,230,230,110,27,41,41,41,41,27,41,41,41,27,41,41,41,41,41,41,41,27,41,41,41,41,41,41,27,41,41,27,41,28,27,27,41,27,41,27,41,41,41,27,27,27,27,27,41,27,27,27,33,27,41,41,41,27,27,41,27,27,41,41,41,79,41,27,27,34,27,27,27,78,27,28,225,230,230,41,230,41,27,175,41,41,75,181,27,35,230,41,123,229,230,229,27,81,27,27,228,208,183,41,41,41,41,41,41,41,41,41,41,27,41,27,41,36,41,27,27,41,41,27,27,27,41,30,41,41,41,27,28,31,27,27,33,27,27,41,41,41,27,229,27,27,27,27,27,41,27,38,27,230,230,230,28,27,29,27,41,27,42,80,27,41,40,27,41,27,41,27,41,147,41,27,41,27,209,27,28,27,27,27,41,27,41,27,41,41,37,27,41,27,41,41,41,41,41,41,27,41,27,41,41,27,41,41,41,27,27,41,41,148,27,27,230,230,41,27,41,229,41,41,27,27,41,41,27,27,27,41,39,27,27,41,27,27,27,27,27,27,27,27,41,27,41,41,41,27,27,27,27,36,27,41,27,41,38,41,41,27,41,41,27,28,41,41,27,41,41,36,41,27,41,27,35,27,27,41,41,41,41,27,41,38,41,41,41,41,41,36,41,163,37,41,27,27,41,27,27,41,41,41,27,41,41,41,41,41,31,41,41,41,27,41,38,41,41,41,27,41,27,27,27,27,27,27,27,41,180,41,27,27,27,27,27,27,41,41,27,27,30,27,41,27,27,27,41,27,27,41,27,41,27,27,41,41,37,41,41,40,41,27,41,41,27,41,41,41,28,41,41,41,41,27,41,41,27,27,27,27,41,29,27,41,27,41,41,41,41,27,41,41,27,41,27,41,41,181,41,27,27,41,27,41,27,41,40,41,27,41,27,30,27,27,27,41,27,27,40,27,27,41,41,41,27,41,28,41,41,41,36,41,41,27,41,41,41,27,41,28,41,27,41,27,41,41,27,41,27,27,41,29,41,41,27,27,41,41,27,27,41,41,27,27,41,41,27,41,41,37,27,41,27,41,41,27,41,41,41,27,41,41,41,41,41,27,35,27,41,40,41,39,41,27,27,27,27,41,41,41,41,41,41,41,41,41,27,41,27,41,41,41,41,27,41,41,27,41,40,41,36,36,41,41,27,27,27,27,41,41,41,28,27,41,27,41,27,27,27,41,27,41,27,32,27,27,27,41,27,27,33,27,41,27,41,27,27,41,41,27,27,27,41,41,41,41,41,38,41,41,41,38,27,41,27,41,41,41,41,27,37,41,41,41,29,27,41,27,27,41,35,41,41,27,41,41,27,27,41,41,41,41,27,27,41,41,230,27,27,27,27
230,27,230,27,230,27,230,27,27,230,27,27,41,41,27,41,41,41,27,27,34,41,27,32,41,27,41,27,27,27,41,41,27,27,27,27,27,27,41,28,41,27,41,41,27,41,41,41,27,41,41,27,27,41,41,41,27,41,41,41,41,41,27,41,40,27,27,41,27,37,27,41,27,27,27,27,27,41,41,40,229,229,41,129,27,206,27,41,27,230,41,41,41,41,41,41,41,46,27,41,41,41,41,41,40,41,28,41,27,41,41,27,41,27,41,27,27,29,229,27,41,27,27,27,229,27,27,27,41,27,41,27,41,27,41,41,27,41,41,41,27,27,27,27,41,27,202,41,41,229,229,41,41,41,41,29,229,41,40,229,229,27,36,183,27,41,206,56,41,229,27,27,27,27,229,229,229,27,229,229,102,27,64,41,41,230,230,27,41,51,41,41,41,41,27,41,27,27,41,69,40,41,36,27,229,229,37,229,27,229,27,27,41,41,35,27,41,41,41,35,171,27,41,229,54,41,229,41,45,229,75,27,230,230,27,229,27,27,41,77,230,27,230,230,230,27,230,230,27,230,43,213,230,59,230,230,83,27,27,41,230,73,230,230,230,27,27,230,230,230,27,212,41,156,41,27,35,41,230,38,41,41,27,41,27,41,41,41,41,50,27,41,27,41,38,41,41,41,38,27,191,229,229,230,230,229,27,230,230,46,230,29,41,229,41,41,229,229,27,93,27,27,230,27,229,27,230,27,27,213,27,27,27,27,41,27,41,41,41,27,29,27,27,27,41,41,27,41,41,27,41,41,27,36,27,41,41,41,41,41,41,41,41,41,41,27,27,40,41,27,41,50,27,27,41,41,230,41,27,27,205,229,74,181,230,229,27,230,230,229,110,27,41,41,41,41,29,41,41,41,36,41,41,41,41,41,41,41,27,41,41,41,41,41,41,27,41,41,27,41,28,27,27,41,27,41,27,41,41,41,27,27,27,27,27,41,27,27,27,33,27,41,41,223,27,27,39,27,27,41,41,41,42,41,27,27,39,27,27,27,178,27,40,157,230,230,41,230,41,27,175,41,217,180,229,27,40,216,41,118,229,230,229,27,173,27,27,229,121,180,41,41,41,41,41,41,41,41,41,41,27,41,30,41,29,41,27,27,41,41,27,27,27,41,38,41,41,41,27,29,28,27,27,28,27,27,39,41,41,27,229,27,27,27,27,27,41,27,27,27,230,230,230,35,27,37,30,41,27,91,80,27,41,36,27,41,27,41,27,39,147,41,27,41,27,224,27,36,27,27,27,41,27,41,27,41,41,41,27,41,27,41,41,41,41,41,38,41,41,27,41,41,27,41,41,41,27,27,41,41,148,27,27,230,230,41,27,41,229,41,41,27,27,41,41,29,27,27,41,39,27,27,41,27,27,27,27,27,27,27,41,41,27,41,41,41,27,27,27,27,36,27,41,27,41,31,41,41,27,41,41,27,35,41,41,27,41,41,29,41,29,41,27,40,29,27,41,41,40,41,27,41,31,41,41,41,41,27,27,41,163,30,41,27,29,41,27,27,41,41,41,27,41,41,41,41,41,27,41,41,41,27,41,41,41,41,41,29,41,27,27,27,27,27,27,27,41,227,41,27,27,27,27,27,27,106,41,27,27,37,27,41,27,27,27,41,27,41,41,27,41,27,27,27,41,34,41,41,41,41,27,41,41,27,41,41,41,27,41,41,41,41,27,41,41,27,27,29,27,41,27,27,41,27,41,41,41,41,27,41,41,27,41,27,41,41,230,41,27,28,41,27,41,27,41,41,41,27,41,27,30,28,41,27,41,27,27,41,27,28,41,41,41,27,41,27,41,41,41,36,41,41,27,41,41,41,27,41,27,41,27,41,27,41,41,27,41,27,27,41,29,40,41,27,27,41,41,27,27,41,41,27,27,41,41,27,41,41,40,27,41,27,41,36,27,41,41,41,27,41,41,41,41,41,27,40,27,41,41,41,40,41,27,27,27,29,41,41,41,41,41,41,41,41,41,27,41,27,41,41,41,41,27,28,41,27,41,41,41,27,28,41,41,27,27,27,27,41,41,41,28,27,41,27,32,27,27,27,41,27,41,27,27,27,27,27,41,27,27,33,27,41,27,41,27,27,41,41,27,27,27,41,41,41,40,41,30,40,41,41,31,27,41,27,41,41,41,41,27,41,41,41,40,38,27,41,27,27,41,34,41,41,27,41,41,27,27,41,41,41,41,27,27,41,41,229,27,27,27,27
230,27,230,27,230,27,230,27,27,230,27,27,41,41,27,41,41,41,27,27,34,41,27,32,41,27,41,27,27,27,41,41,27,27,27,27,27,27,41,28,41,27,41,41,27,41,41,41,27,41,41,27,27,41,41,41,27,41,41,41,41,41,27,41,40,27,27,41,27,37,27,41,27,27,27,27,27,41,41,40,229,229,41,129,27,206,27,41,27,230,41,41,41,41,41,41,41,46,27,41,41,41,41,41,40,41,28,41,27,41,41,27,41,27,41,27,27,29,229,27,41,27,27,27,229,27,27,27,41,27,41,27,41,27,41,41,27,41,41,41,27,27,27,27,41,27,202,41,41,229,229,41,41,41,41,29,229,41,40,229,229,27,36,183,27,41,206,56,41,229,27,27,27,27,229,229,229,27,229,229,102,27,64,41,41,230,230,27,41,51,41,41,41,41,27,41,27,27,41,69,40,41,36,27,229,229,37,229,27,229,27,27,41,41,35,27,41,41,41,35,171,27,41,229,54,41,229,41,45,229,75,27,230,230,27,229,27,27,41,77,230,27,230,230,230,27,230,230,27,230,43,213,230,59,230,230,83,27,27,41,230,73,230,230,230,27,27,230,230,230,27,212,41,156,41,27,35,41,230,38,41,41,27,41,27,41,41,41,41,50,27,41,27,41,38,41,41,41,38,27,191,229,229,230,230,229,27,230,230,46,230,29,41,229,41,41,229,229,27,93,27,27,230,27,229,27,230,27,27,213,27,27,27,27,41,27,41,41,41,27,29,27,27,27,41,41,27,41,41,27,41,41,27,36,27,41,41,41,41,41,41,41,41,41,41,27,27,40,41,27,41,50,27,27,41,41,230,41,27,27,205,229,74,181,230,229,27,230,230,229,110,27,41,41,41,41,29,41,41,41,36,41,41,41,41,41,41,41,27,41,41,41,41,41,41,27,41,41,27,41,28,27,27,41,27,41,27,41,41,41,27,27,27,27,27,41,27,27,27,33,27,41,41,223,27,27,39,27,27,41,41,41,42,41,27,27,39,27,27,27,178,27,40,157,230,230,41,230,41,27,175,41,217,180,229,27,40,216,41,118,229,230,229,27,173,27,27,229,121,180,41,41,41,41,41,41,41,41,41,41,27,41,30,41,29,41,27,27,41,41,27,27,27,41,38,41,41,41,27,29,28,27,27,28,27,27,39,41,41,27,229,27,27,27,27,27,41,27,27,27,230,230,230,35,27,37,30,41,27,91,80,27,41,36,27,41,27,41,27,39,147,41,27,41,27,224,27,36,27,27,27,41,27,41,27,41,41,41,27,41,27,41,41,41,41,41,38,41,41,27,41,41,27,41,41,41,27,27,41,41,148,27,27,230,230,41,27,41,229,41,41,27,27,41,41,29,27,27,41,39,27,27,41,27,27,27,27,27,27,27,41,41,27,41,41,41,27,27,27,27,36,27,41,27,41,31,41,41,27,41,41,27,35,41,41,27,41,41,29,41,29,41,27,40,29,27,41,41,40,41,27,41,31,41,41,41,41,27,27,41,163,30,41,27,29,41,27,27,41,41,41,27,41,41,41,41,41,27,41,41,41,27,41,41,41,41,41,29,41,27,27,27,27,27,27,27,41,227,41,27,27,27,27,27,27,106,41,27,27,37,27,41,27,27,27,41,27,41,41,27,41,27,27,27,41,34,41,41,41,41,27,41,41,27,41,41,41,27,41,41,41,41,27,41,41,27,27,29,27,41,27,27,41,27,41,41,41,41,27,41,41,27,41,27,41,41,230,41,27,28,41,27,41,27,41,41,41,27,41,27,30,28,41,27,41,27,27,41,27,28,41,41,41,27,41,27,41,41,41,36,41,41,27,41,41,41,27,41,27,41,27,41,27,41,41,27,41,27,27,41,29,40,41,27,27,41,41,27,27,41,41,27,27,41,41,27,41,41,40,27,41,27,41,36,27,41,41,41,27,41,41,41,41,41,27,40,27,41,41,41,40,41,27,27,27,29,41,41,41,41,41,41,41,41,41,27,41,27,41,41,41,41,27,28,41,27,41,41,41,27,28,41,41,27,27,27,27,41,41,41,28,27,41,27,32,27,27,27,41,27,41,27,27,27,27,27,41,27,27,33,27,41,27,41,27,27,41,41,27,27,27,41,41,41,40,41,30,40,41,41,31,27,41,27,41,41,41,41,27,41,41,41,40,38,27,41,27,27,41,34,41,41,27,41,41,27,27,41,41,41,41,27,27,41,41,229,27,27,27,27
230,27,230,27,230,58,201,27,27,230,27,27,41,41,27,41,36,41,27,27,34,41,27,27,41,27,41,30,27,27,41,41,27,27,27,27,27,27,41,28,41,27,41,41,27,41,41,41,27,41,27,27,27,41,41,41,27,41,41,41,41,41,27,41,41,27,29,41,27,41,29,41,27,27,27,27,41,41,41,40,183,229,37,230,27,120,27,41,27,230,41,41,41,41,41,41,41,27,27,41,35,41,41,41,28,41,27,41,27,41,41,27,41,27,41,27,27,27,229,27,41,27,27,27,229,27,27,27,41,27,41,27,41,27,41,41,27,41,41,41,27,27,27,27,41,27,228,41,41,229,213,41,41,41,85,27,229,41,41,229,229,27,41,228,27,59,228,207,41,229,27,27,29,27,230,229,229,27,229,229,101,27,199,41,55,230,230,27,41,41,41,41,41,41,27,41,27,41,41,69,35,41,30,27,229,229,41,229,27,229,27,27,41,41,28,27,41,41,41,41,171,27,41,229,117,41,96,41,109,229,188,27,230,230,27,230,27,27,41,77,230,27,230,230,230,27,230,222,29,230,224,145,230,27,230,230,186,27,27,41,230,193,230,230,230,27,27,230,230,230,27,230,41,42,41,27,40,41,230,41,41,41,27,41,27,41,38,41,41,50,27,41,27,41,41,41,41,41,30,27,226,229,230,230,27,229,27,230,230,216,230,35,74,229,41,41,229,229,27,93,27,27,230,27,229,27,230,27,27,213,27,27,27,27,41,27,41,41,41,27,35,27,27,27,41,41,27,41,41,27,41,41,27,41,27,41,41,41,41,41,41,41,41,41,41,27,27,41,41,27,41,27,27,30,41,41,230,41,27,27,205,230,181,228,230,230,27,229,209,229,110,27,41,41,41,41,39,41,41,41,41,41,41,41,41,41,41,41,27,41,41,41,41,41,41,27,41,41,27,41,28,27,27,41,27,41,27,41,41,41,27,27,27,27,27,41,27,27,27,33,27,41,41,229,27,27,31,27,27,41,38,41,41,41,27,27,41,27,27,27,218,30,41,35,230,230,41,230,41,27,175,47,230,228,229,36,41,149,41,113,229,230,229,27,227,27,27,229,55,172,41,41,41,41,41,41,27,41,41,41,27,41,37,38,27,41,27,27,41,27,27,29,27,41,41,41,38,41,27,27,27,27,27,27,27,27,33,41,41,27,229,27,27,27,27,27,41,27,27,28,230,230,230,40,29,41,38,41,27,185,77,27,41,29,27,41,27,41,27,29,141,74,30,41,27,229,27,40,27,27,27,41,27,41,27,41,41,41,30,41,27,41,41,41,41,41,30,41,41,27,41,41,27,41,41,41,27,27,41,38,148,27,27,230,230,41,29,81,229,41,41,27,27,41,41,35,27,27,41,39,27,27,41,27,27,27,27,27,27,27,27,41,27,41,41,41,27,27,27,27,36,29,41,27,41,27,41,41,27,41,41,27,40,41,41,27,41,38,27,41,35,27,27,41,35,27,41,41,35,41,27,41,27,41,41,41,41,27,27,41,163,27,41,27,37,41,27,27,41,41,41,27,41,41,40,41,41,27,41,41,41,27,41,41,41,41,41,38,41,27,27,27,29,27,27,28,41,229,41,27,27,27,27,27,27,230,41,30,27,41,27,41,28,27,27,41,27,41,41,27,41,27,27,27,41,29,41,41,41,41,27,41,41,27,41,41,41,27,41,41,41,41,27,41,41,27,27,35,27,41,27,29,41,27,41,41,41,41,41,41,41,27,41,27,41,41,230,41,27,39,41,27,41,28,41,41,41,27,41,27,30,36,41,27,41,27,27,41,27,40,41,41,41,27,41,27,41,41,41,36,41,41,27,41,41,41,27,41,27,41,27,39,27,39,41,27,41,27,27,41,29,36,41,27,27,41,41,27,27,41,41,27,27,41,41,27,41,41,41,27,41,27,41,28,27,41,41,38,27,27,41,41,41,41,27,41,27,41,41,41,41,41,27,27,27,38,41,41,41,27,41,41,41,41,41,27,41,27,41,41,41,41,27,27,41,27,41,41,41,30,27,41,41,27,27,27,27,41,41,41,28,27,41,27,27,27,27,27,41,27,41,27,27,27,27,27,41,27,27,33,27,41,27,41,27,27,41,41,27,27,27,41,41,41,29,41,27,35,41,41,27,27,41,29,41,41,41,41,36,41,41,41,35,41,27,41,27,27,41,34,41,41,27,41,41,27,27,41,41,41,41,27,27,41,41,190,27,27,27,27
230,27,230,27,230,58,201,27,27,230,27,27,41,41,27,41,36,41,27,27,34,41,27,27,41,27,41,30,27,27,41,41,27,27,27,27,27,27,41,28,41,27,41,41,27,41,41,41,27,41,27,27,27,41,41,41,27,41,41,41,41,41,27,41,41,27,29,41,27,41,29,41,27,27,27,27,41,41,41,40,183,229,37,230,27,120,27,41,27,230,41,41,41,41,41,41,41,27,27,41,35,41,41,41,28,41,27,41,27,41,41,27,41,27,41,27,27,27,229,27,41,27,27,27,229,27,27,27,41,27,41,27,41,27,41,41,27,41,41,41,27,27,27,27,41,27,228,41,41,229,213,41,41,41,85,27,229,41,41,229,229,27,41,228,27,59,228,207,41,229,27,27,29,27,230,229,229,27,229,229,101,27,199,41,55,230,230,27,41,41,41,41,41,41,27,41,27,41,41,69,35,41,30,27,229,229,41,229,27,229,27,27,41,41,28,27,41,41,41,41,171,27,41,229,117,41,96,41,109,229,188,27,230,230,27,230,27,27,41,77,230,27,230,230,230,27,230,222,29,230,224,145,230,27,230,230,186,27,27,41,230,193,230,230,230,27,27,230,230,230,27,230,41,42,41,27,40,41,230,41,41,41,27,41,27,41,38,41,41,50,27,41,27,41,41,41,41,41,30,27,226,229,230,230,27,229,27,230,230,216,230,35,74,229,41,41,229,229,27,93,27,27,230,27,229,27,230,27,27,213,27,27,27,27,41,27,41,41,41,27,35,27,27,27,41,41,27,41,41,27,41,41,27,41,27,41,41,41,41,41,41,41,41,41,41,27,27,41,41,27,41,27,27,30,41,41,230,41,27,27,205,230,181,228,230,230,27,229,209,229,110,27,41,41,41,41,39,41,41,41,41,41,41,41,41,41,41,41,27,41,41,41,41,41,41,27,41,41,27,41,28,27,27,41,27,41,27,41,41,41,27,27,27,27,27,41,27,27,27,33,27,41,41,229,27,27,31,27,27,41,38,41,41,41,27,27,41,27,27,27,218,30,41,35,230,230,41,230,41,27,175,47,230,228,229,36,41,149,41,113,229,230,229,27,227,27,27,229,55,172,41,41,41,41,41,41,27,41,41,41,27,41,37,38,27,41,27,27,41,27,27,29,27,41,41,41,38,41,27,27,27,27,27,27,27,27,33,41,41,27,229,27,27,27,27,27,41,27,27,28,230,230,230,40,29,41,38,41,27,185,77,27,41,29,27,41,27,41,27,29,141,74,30,41,27,229,27,40,27,27,27,41,27,41,27,41,41,41,30,41,27,41,41,41,41,41,30,41,41,27,41,41,27,41,41,41,27,27,41,38,148,27,27,230,230,41,29,81,229,41,41,27,27,41,41,35,27,27,41,39,27,27,41,27,27,27,27,27,27,27,27,41,27,41,41,41,27,27,27,27,36,29,41,27,41,27,41,41,27,41,41,27,40,41,41,27,41,38,27,41,35,27,27,41,35,27,41,41,35,41,27,41,27,41,41,41,41,27,27,41,163,27,41,27,37,41,27,27,41,41,41,27,41,41,40,41,41,27,41,41,41,27,41,41,41,41,41,38,41,27,27,27,29,27,27,28,41,229,41,27,27,27,27,27,27,230,41,30,27,41,27,41,28,27,27,41,27,41,41,27,41,27,27,27,41,29,41,41,41,41,27,41,41,27,41,41,41,27,41,41,41,41,27,41,41,27,27,35,27,41,27,29,41,27,41,41,41,41,41,41,41,27,41,27,41,41,230,41,27,39,41,27,41,28,41,41,41,27,41,27,30,36,41,27,41,27,27,41,27,40,41,41,41,27,41,27,41,41,41,36,41,41,27,41,41,41,27,41,27,41,27,39,27,39,41,27,41,27,27,41,29,36,41,27,27,41,41,27,27,41,41,27,27,41,41,27,41,41,41,27,41,27,41,28,27,41,41,38,27,27,41,41,41,41,27,41,27,41,41,41,41,41,27,27,27,38,41,41,41,27,41,41,41,41,41,27,41,27,41,41,41,41,27,27,41,27,41,41,41,30,27,41,41,27,27,27,27,41,41,41,28,27,41,27,27,27,27,27,41,27,41,27,27,27,27,27,41,27,27,33,27,41,27,41,27,27,41,41,27,27,27,41,41,41,29,41,27,35,41,41,27,27,41,29,41,41,41,41,36,41,41,41,35,41,27,41,27,27,41,34,41,41,27,41,41,27,27,41,41,41,41,27,27,41,41,190,27,27,27,27
230,27,230,27,230,145,60,27,27,230,27,27,38,41,27,41,28,41,27,27,34,39,27,27,41,27,41,38,28,27,41,41,27,27,27,27,27,27,41,28,41,27,41,41,27,38,41,41,27,41,27,27,27,41,41,41,27,36,41,41,41,41,27,40,41,27,35,41,27,41,34,41,27,30,27,27,41,27,41,40,87,229,30,230,27,55,27,41,27,230,41,41,41,41,28,41,41,27,27,41,35,41,41,41,27,41,27,41,27,41,41,27,41,27,73,27,27,27,229,27,41,27,27,27,229,27,27,27,41,27,41,27,41,29,41,41,27,41,41,41,27,27,30,27,41,27,229,41,41,229,145,41,41,38,179,27,218,41,41,229,229,27,41,229,27,206,229,228,41,229,27,27,34,27,230,229,229,27,229,229,95,27,228,41,214,230,230,27,41,41,41,41,41,41,27,41,27,41,41,69,29,41,27,27,229,229,41,229,27,229,27,27,41,41,27,27,41,41,41,41,171,27,41,229,203,41,27,41,220,229,228,27,230,216,27,230,27,27,41,77,230,27,230,230,230,27,230,37,78,230,230,60,230,27,230,230,230,27,27,41,230,230,230,230,230,27,27,230,230,230,27,208,37,27,41,27,41,41,230,41,41,41,27,41,27,63,30,41,28,50,27,41,27,40,41,41,41,41,27,27,230,229,230,230,27,229,27,230,230,229,230,40,182,229,41,42,229,229,27,93,27,27,230,27,229,27,230,27,27,213,27,27,27,27,41,27,41,41,41,27,39,27,27,27,41,41,27,41,41,27,41,41,27,41,27,41,41,41,41,41,41,41,41,41,41,27,28,41,41,27,41,27,27,38,41,41,230,41,27,27,205,230,227,229,229,230,27,229,51,229,110,27,41,41,41,41,41,41,41,41,41,41,41,41,41,41,41,41,27,41,40,38,41,41,41,27,41,41,27,41,28,27,30,41,27,39,27,41,41,41,27,27,27,27,27,41,27,27,27,33,27,41,41,229,27,27,27,27,27,41,30,41,41,41,27,27,41,27,29,27,219,37,41,27,230,230,41,230,41,27,175,223,230,230,229,41,41,54,76,112,229,230,229,27,229,27,27,229,41,166,41,41,27,41,41,41,27,41,41,41,27,41,41,31,27,41,27,27,36,27,27,35,27,41,41,27,30,41,27,27,27,27,27,27,27,27,28,39,41,27,229,27,27,27,27,27,41,27,27,28,230,230,230,41,34,41,41,41,27,230,64,27,41,27,27,41,27,41,27,27,114,182,38,41,27,230,27,41,27,27,27,41,27,41,36,41,41,41,38,59,27,41,41,41,41,41,27,41,41,29,41,41,27,41,41,41,27,27,41,30,148,27,27,230,230,41,35,174,229,41,41,27,27,41,38,40,27,27,41,39,27,27,41,27,27,27,27,27,27,27,27,41,27,41,41,41,27,27,27,27,36,35,41,30,41,27,41,41,27,41,41,27,41,41,41,27,41,30,27,41,39,27,27,41,39,27,41,41,29,41,27,41,27,41,36,41,41,27,27,41,164,27,41,27,41,41,27,27,41,41,41,27,41,41,28,41,41,27,41,41,40,29,41,41,27,41,41,41,41,27,27,27,34,27,27,40,41,229,41,27,27,27,27,27,27,230,41,37,27,41,27,41,39,27,27,41,27,41,41,27,41,27,27,27,27,27,41,41,41,41,27,41,27,27,38,41,41,27,41,41,41,41,27,41,41,27,27,40,30,41,27,35,41,27,41,41,41,41,41,41,41,27,41,30,41,41,230,41,27,41,41,27,41,39,41,41,41,27,41,27,30,40,41,27,41,27,27,41,27,41,40,41,41,27,41,27,41,41,41,36,41,41,27,41,41,41,27,41,27,41,27,34,27,33,41,27,41,27,27,41,38,27,41,30,27,41,41,27,27,41,41,27,27,41,41,27,41,41,41,27,41,27,41,27,27,41,41,30,27,27,41,41,41,40,27,41,27,40,41,41,41,41,27,27,27,41,41,41,41,27,41,41,41,41,41,27,41,27,41,39,41,41,27,27,41,27,41,41,41,27,27,41,41,27,27,29,27,41,41,41,28,27,41,27,27,27,27,27,41,27,41,27,27,27,27,27,41,27,27,33,27,41,27,41,28,27,27,41,27,27,27,41,41,41,27,41,27,29,41,41,27,27,41,35,41,41,41,41,41,41,41,41,29,41,27,41,27,27,41,34,27,41,27,41,41,27,27,41,41,41,41,27,27,41,41,73,27,30,27,27
230,27,230,33,230,214,27,27,27,230,27,29,31,41,27,41,27,41,27,27,34,33,27,27,41,27,41,41,30,27,41,41,27,27,27,27,27,27,41,28,38,27,41,41,27,30,41,41,27,38,27,27,27,41,40,41,27,27,40,41,40,41,27,35,41,30,40,41,27,41,39,41,27,38,27,27,41,27,41,40,41,229,27,230,27,41,27,38,27,230,41,41,41,41,27,41,41,27,27,27,35,41,41,37,27,41,27,41,27,41,41,27,41,27,191,27,27,27,229,27,41,27,27,27,229,27,27,27,87,27,41,27,41,39,41,41,27,41,41,41,27,27,38,27,41,27,229,41,41,229,58,41,41,31,227,27,150,41,41,229,215,27,41,229,27,228,229,229,41,229,27,27,39,27,230,229,229,27,229,229,93,55,229,41,229,230,230,27,161,41,41,27,41,41,27,41,41,41,41,69,27,41,27,27,229,229,41,229,27,229,27,30,41,41,27,27,41,41,41,41,171,27,41,229,229,106,93,41,229,229,230,27,230,52,27,230,27,27,41,77,230,27,230,230,230,27,230,27,182,230,230,27,230,27,230,230,230,27,30,41,230,230,230,230,230,27,27,230,230,230,27,127,27,27,41,27,41,41,230,41,41,41,27,41,41,151,27,41,27,50,27,41,27,29,41,41,41,41,27,27,230,230,230,230,27,229,27,230,190,229,230,41,228,229,82,86,229,229,29,93,27,27,230,27,229,27,230,27,27,213,27,27,27,27,41,27,41,41,41,27,39,27,27,27,41,39,27,41,41,28,41,41,27,41,27,41,41,41,41,41,41,41,41,41,41,27,35,41,41,27,41,27,27,41,41,41,213,41,27,27,205,230,229,229,229,230,27,229,27,229,110,27,41,41,41,41,41,41,41,41,41,41,41,41,41,41,41,41,27,41,35,30,41,40,41,27,41,41,27,41,28,27,38,41,27,33,27,41,41,41,27,27,27,27,27,41,27,27,27,33,27,41,41,229,27,29,27,27,27,66,27,41,41,41,27,27,42,27,35,27,219,41,41,27,230,230,41,230,41,27,175,229,230,230,229,41,41,27,189,112,229,227,229,27,229,27,27,229,41,165,41,41,27,41,41,41,27,41,41,41,27,41,41,27,27,41,27,27,27,27,27,40,27,41,41,27,27,41,27,27,27,27,27,27,27,27,27,33,41,27,96,27,27,27,27,27,41,27,27,28,230,230,215,41,39,41,41,41,27,230,48,27,41,27,27,27,27,41,27,27,94,228,41,43,27,230,41,41,27,27,27,41,27,41,36,41,73,41,41,189,27,41,41,41,41,38,27,41,41,38,41,41,27,41,41,41,32,27,41,27,148,27,27,230,229,47,40,228,229,41,41,30,27,41,30,41,27,27,41,39,27,27,82,27,27,27,27,27,27,27,27,41,27,41,41,41,27,27,27,27,36,40,27,38,41,27,41,41,27,36,41,28,41,41,41,27,41,27,27,41,41,27,27,41,41,27,41,41,27,41,28,41,27,41,36,41,41,27,27,41,164,27,41,27,41,41,27,27,41,41,41,27,41,41,27,41,41,27,41,41,35,38,72,41,27,41,41,41,41,27,27,27,39,27,27,41,41,217,41,36,28,27,27,27,27,230,41,41,27,41,27,41,41,27,27,41,27,41,41,27,41,27,27,27,27,27,41,41,41,41,27,41,27,27,30,41,41,27,41,41,41,41,27,41,41,28,29,41,37,41,27,40,41,27,41,40,41,41,41,41,41,27,41,38,41,41,230,41,27,41,41,27,41,41,41,41,41,27,41,27,30,41,41,27,41,27,27,41,27,41,36,41,41,27,41,27,41,41,41,36,41,41,27,41,41,41,27,41,27,41,27,31,27,28,41,27,41,27,27,41,39,27,41,37,27,41,41,27,41,41,41,27,29,41,41,27,41,41,41,27,41,27,41,27,27,41,41,27,27,27,41,41,41,36,27,41,27,35,41,41,41,41,27,28,27,41,41,41,41,27,41,41,41,41,41,30,41,27,41,36,41,41,27,27,41,27,41,41,41,27,27,41,41,27,27,35,27,41,41,41,28,27,41,27,27,27,27,27,41,27,41,27,27,27,27,27,41,27,27,33,27,38,27,41,39,27,27,41,36,27,27,39,27,41,27,41,27,27,41,41,27,27,41,40,41,41,37,41,41,41,41,41,27,41,27,41,27,27,41,34,27,41,27,41,41,27,27,41,41,41,41,27,27,41,41,27,27,38,27,27
230,27,230,33,230,214,27,27,27,230,27,29,31,41,27,41,27,41,27,27,34,33,27,27,41,27,41,41,30,27,41,41,27,27,27,27,27,27,41,28,38,27,41,41,27,30,41,41,27,38,27,27,27,41,40,41,27,27,40,41,40,41,27,35,41,30,40,41,27,41,39,41,27,38,27,27,41,27,41,40,41,229,27,230,27,41,27,38,27,230,41,41,41,41,27,41,41,27,27,27,35,41,41,37,27,41,27,41,27,41,41,27,41,27,191,27,27,27,229,27,41,27,27,27,229,27,27,27,87,27,41,27,41,39,41,41,27,41,41,41,27,27,38,27,41,27,229,41,41,229,58,41,41,31,227,27,150,41,41,229,215,27,41,229,27,228,229,229,41,229,27,27,39,27,230,229,229,27,229,229,93,55,229,41,229,230,230,27,161,41,41,27,41,41,27,41,41,41,41,69,27,41,27,27,229,229,41,229,27,229,27,30,41,41,27,27,41,41,41,41,171,27,41,229,229,106,93,41,229,229,230,27,230,52,27,230,27,27,41,77,230,27,230,230,230,27,230,27,182,230,230,27,230,27,230,230,230,27,30,41,230,230,230,230,230,27,27,230,230,230,27,127,27,27,41,27,41,41,230,41,41,41,27,41,41,151,27,41,27,50,27,41,27,29,41,41,41,41,27,27,230,230,230,230,27,229,27,230,190,229,230,41,228,229,82,86,229,229,29,93,27,27,230,27,229,27,230,27,27,213,27,27,27,27,41,27,41,41,41,27,39,27,27,27,41,39,27,41,41,28,41,41,27,41,27,41,41,41,41,41,41,41,41,41,41,27,35,41,41,27,41,27,27,41,41,41,213,41,27,27,205,230,229,229,229,230,27,229,27,229,110,27,41,41,41,41,41,41,41,41,41,41,41,41,41,41,41,41,27,41,35,30,41,40,41,27,41,41,27,41,28,27,38,41,27,33,27,41,41,41,27,27,27,27,27,41,27,27,27,33,27,41,41,229,27,29,27,27,27,66,27,41,41,41,27,27,42,27,35,27,219,41,41,27,230,230,41,230,41,27,175,229,230,230,229,41,41,27,189,112,229,227,229,27,229,27,27,229,41,165,41,41,27,41,41,41,27,41,41,41,27,41,41,27,27,41,27,27,27,27,27,40,27,41,41,27,27,41,27,27,27,27,27,27,27,27,27,33,41,27,96,27,27,27,27,27,41,27,27,28,230,230,215,41,39,41,41,41,27,230,48,27,41,27,27,27,27,41,27,27,94,228,41,43,27,230,41,41,27,27,27,41,27,41,36,41,73,41,41,189,27,41,41,41,41,38,27,41,41,38,41,41,27,41,41,41,32,27,41,27,148,27,27,230,229,47,40,228,229,41,41,30,27,41,30,41,27,27,41,39,27,27,82,27,27,27,27,27,27,27,27,41,27,41,41,41,27,27,27,27,36,40,27,38,41,27,41,41,27,36,41,28,41,41,41,27,41,27,27,41,41,27,27,41,41,27,41,41,27,41,28,41,27,41,36,41,41,27,27,41,164,27,41,27,41,41,27,27,41,41,41,27,41,41,27,41,41,27,41,41,35,38,72,41,27,41,41,41,41,27,27,27,39,27,27,41,41,217,41,36,28,27,27,27,27,230,41,41,27,41,27,41,41,27,27,41,27,41,41,27,41,27,27,27,27,27,41,41,41,41,27,41,27,27,30,41,41,27,41,41,41,41,27,41,41,28,29,41,37,41,27,40,41,27,41,40,41,41,41,41,41,27,41,38,41,41,230,41,27,41,41,27,41,41,41,41,41,27,41,27,30,41,41,27,41,27,27,41,27,41,36,41,41,27,41,27,41,41,41,36,41,41,27,41,41,41,27,41,27,41,27,31,27,28,41,27,41,27,27,41,39,27,41,37,27,41,41,27,41,41,41,27,29,41,41,27,41,41,41,27,41,27,41,27,27,41,41,27,27,27,41,41,41,36,27,41,27,35,41,41,41,41,27,28,27,41,41,41,41,27,41,41,41,41,41,30,41,27,41,36,41,41,27,27,41,27,41,41,41,27,27,41,41,27,27,35,27,41,41,41,28,27,41,27,27,27,27,27,41,27,41,27,27,27,27,27,41,27,27,33,27,38,27,41,39,27,27,41,36,27,27,39,27,41,27,41,27,27,41,41,27,27,41,40,41,41,37,41,41,41,41,41,27,41,27,41,27,27,41,34,27,41,27,41,41,27,27,41,41,41,41,27,27,41,41,27,27,38,27,27
230,27,230,229,214,230,27,27,27,230,27,35,27,41,27,41,27,41,27,27,34,28,27,27,41,27,41,41,34,27,41,41,27,27,27,27,27,27,41,28,30,27,41,41,27,27,41,41,27,31,27,27,27,41,35,41,27,27,35,41,37,41,27,29,41,38,41,41,27,41,41,41,27,41,27,30,41,27,41,40,41,229,27,230,27,41,27,30,27,230,42,41,41,41,27,41,41,27,28,27,35,41,41,27,27,41,27,41,27,41,41,29,41,27,228,27,27,27,229,27,41,27,27,27,201,27,27,27,183,27,41,27,41,41,41,41,27,41,41,41,27,30,41,27,38,27,220,41,41,160,27,41,41,27,229,27,50,41,41,229,147,27,41,229,27,229,229,229,41,229,27,27,41,27,230,229,229,27,229,229,92,201,229,41,229,230,230,27,227,41,41,27,41,41,27,41,41,41,41,69,27,41,27,27,229,229,41,229,27,229,27,37,41,41,27,27,41,41,41,41,171,27,41,229,229,229,27,48,229,229,230,27,230,27,27,230,27,27,41,77,230,27,218,230,230,27,230,27,230,230,230,27,230,27,230,230,230,27,37,52,230,230,230,230,230,27,27,230,230,165,27,43,27,27,41,27,41,41,216,41,41,41,27,41,41,217,27,41,27,50,27,41,27,27,41,41,41,41,27,27,230,230,230,230,27,229,27,230,74,229,230,41,230,229,182,187,229,230,35,56,27,27,207,27,229,27,230,27,27,91,27,27,27,27,41,27,41,41,41,27,39,27,27,30,41,29,27,41,41,35,41,41,27,41,27,41,41,41,41,36,41,36,41,39,41,27,41,41,41,27,41,27,27,41,27,41,145,41,27,27,203,230,229,229,229,230,27,229,27,229,109,27,41,41,41,41,41,41,41,41,41,41,41,41,41,41,41,41,27,41,29,27,41,36,41,41,41,41,36,41,28,27,41,39,27,29,27,41,41,41,27,27,27,27,27,41,27,27,27,36,27,41,41,229,41,38,27,27,29,153,27,41,41,41,36,27,90,27,40,27,219,41,41,27,230,230,41,230,41,27,175,229,230,230,229,41,42,27,228,112,229,216,229,27,229,30,27,229,41,165,41,41,27,41,41,41,27,41,41,41,27,36,41,27,27,41,41,27,27,27,27,41,27,41,41,27,27,41,27,27,27,27,27,27,27,27,27,28,41,27,27,27,27,27,27,27,41,27,27,28,230,187,147,41,41,41,41,41,27,230,41,27,41,27,27,27,27,27,36,27,42,230,41,222,35,230,41,41,27,28,27,72,27,41,41,224,182,73,41,212,27,40,41,41,41,30,27,41,41,41,41,41,27,41,41,41,41,27,41,27,148,27,27,230,229,230,41,230,29,41,41,37,27,41,27,41,27,27,41,39,27,27,176,27,27,27,27,27,27,27,27,41,27,41,41,41,27,27,27,27,36,41,27,41,41,27,41,36,27,27,41,35,41,41,41,27,41,27,27,41,41,27,27,41,41,30,41,41,27,41,34,41,27,41,27,41,41,27,27,41,164,27,41,27,41,41,72,27,41,41,41,41,41,41,27,41,41,27,41,41,29,41,182,72,27,41,41,41,41,29,30,27,41,27,27,41,41,153,41,41,40,27,27,27,27,230,41,41,27,41,27,41,41,27,27,41,27,41,41,27,41,27,36,27,27,27,41,41,41,27,27,41,27,27,27,41,28,27,41,41,27,41,27,41,41,35,35,41,41,41,27,41,41,27,41,36,41,41,41,38,41,27,41,41,41,41,227,41,27,41,41,27,41,41,41,41,41,27,41,27,30,41,41,27,41,27,27,41,28,41,30,40,41,27,41,27,41,41,41,36,41,41,27,41,41,41,27,41,27,41,27,28,27,27,41,27,41,27,27,41,39,27,41,41,27,41,41,27,41,41,41,27,39,41,39,27,41,41,41,29,41,27,41,27,27,41,41,27,27,27,41,41,38,29,27,41,29,29,41,41,41,41,27,40,27,41,41,39,41,27,41,41,41,41,41,37,41,27,41,35,41,41,27,27,41,27,41,41,41,27,27,41,41,27,27,40,27,41,41,41,28,27,39,27,27,27,27,27,41,27,41,27,27,27,27,27,39,27,27,33,27,27,27,41,41,27,27,41,36,27,27,28,27,39,27,41,27,27,41,41,27,27,40,41,41,36,30,41,41,41,41,41,27,41,29,41,36,27,41,34,27,41,27,41,41,30,27,41,41,41,41,27,27,41,41,27,27,41,27,27
230,27,160,229,176,230,27,27,27,230,27,40,27,41,27,41,27,41,27,27,34,27,27,27,32,27,41,41,39,27,41,41,27,27,27,27,27,27,41,28,27,29,41,41,27,27,41,41,27,27,27,27,27,41,29,41,27,27,29,41,35,41,27,27,41,41,41,41,27,41,41,41,27,41,27,38,41,27,41,40,41,229,27,230,27,41,27,27,27,230,53,41,41,41,27,41,41,27,40,27,35,41,41,27,27,41,27,39,29,41,41,38,41,27,229,27,29,27,229,27,41,27,27,27,117,27,27,27,229,27,41,27,41,41,41,41,27,41,41,41,27,38,41,27,31,27,152,41,41,27,27,41,41,27,229,27,27,41,41,160,54,27,41,229,27,229,229,229,41,229,27,27,41,27,230,229,229,27,229,229,92,230,229,41,229,230,230,27,229,41,41,27,41,41,31,41,41,41,41,69,27,41,27,27,229,229,41,229,27,229,27,41,41,41,27,27,41,41,41,41,171,27,41,206,229,229,27,224,229,203,230,27,230,27,27,230,27,27,41,77,27,27,153,230,230,27,230,27,230,230,229,27,230,27,27,230,184,27,41,223,230,230,230,230,230,27,27,230,230,41,27,27,27,27,41,27,41,41,148,41,41,41,40,41,41,229,27,41,27,50,27,41,27,27,79,41,41,41,27,27,230,230,230,230,27,229,28,230,27,229,230,41,230,230,225,229,229,230,33,36,27,27,115,29,229,27,230,27,27,27,27,27,27,27,41,27,41,41,41,27,39,41,27,37,41,27,28,41,41,40,41,38,27,41,27,41,41,41,41,27,41,27,41,30,41,27,41,41,41,27,41,27,27,41,27,41,60,41,27,27,159,230,229,229,229,230,27,229,27,229,109,27,41,41,41,41,41,41,41,41,41,41,41,41,41,41,41,41,30,41,27,27,36,28,41,41,41,41,41,41,28,27,41,33,27,27,27,41,41,41,27,27,27,27,27,41,27,27,27,39,27,41,41,229,41,41,27,27,38,189,27,41,41,41,41,27,182,27,41,27,204,41,52,27,230,27,41,230,41,27,228,229,163,218,229,41,79,27,230,112,229,207,229,70,229,37,27,229,41,165,41,41,27,41,41,40,27,41,41,41,27,28,41,27,27,41,41,27,27,27,27,41,27,41,41,27,27,40,27,27,27,27,27,27,27,27,27,27,41,27,27,27,27,27,27,27,41,27,27,28,230,71,56,41,41,72,41,41,41,230,41,27,41,27,27,27,27,27,41,27,27,230,41,230,41,230,41,41,27,39,27,184,27,41,41,224,228,187,41,213,27,28,41,41,41,27,27,41,41,41,41,41,27,41,41,41,41,27,41,27,148,27,27,230,229,230,41,230,27,157,27,41,27,41,27,41,36,27,41,39,27,27,224,27,27,27,27,27,27,27,41,41,27,41,41,41,27,27,27,27,36,41,27,41,41,27,41,27,27,27,41,40,41,41,41,27,38,27,27,40,41,27,27,41,41,37,41,41,27,41,39,41,27,41,27,41,41,27,27,36,164,27,41,27,41,41,175,27,41,41,41,41,41,41,27,41,41,27,41,41,27,41,227,182,27,41,41,41,41,35,37,27,41,27,27,41,41,57,41,41,41,27,27,27,27,230,41,41,27,41,27,41,41,27,27,41,27,41,32,27,41,27,41,27,27,27,41,41,41,27,27,41,27,27,27,41,27,27,41,41,27,41,27,41,41,40,40,41,41,38,27,41,41,27,41,28,39,41,41,31,38,30,41,41,41,41,216,41,28,41,38,27,39,41,41,41,41,27,41,27,31,41,41,27,41,27,36,41,35,41,27,36,41,28,41,27,41,41,41,36,41,41,27,41,41,41,27,41,27,41,27,27,27,27,41,27,41,27,27,41,39,27,41,41,27,41,41,27,41,41,41,27,41,41,29,27,40,41,41,38,41,27,41,27,29,41,41,27,27,27,41,41,31,27,27,41,38,27,41,41,41,39,27,41,27,61,41,29,41,27,41,41,41,41,41,41,41,27,41,35,41,41,27,27,41,27,41,41,41,27,27,41,41,27,27,41,27,41,41,41,28,27,34,27,27,27,27,27,41,27,41,27,27,27,27,27,33,27,27,33,27,27,27,41,41,27,27,41,41,27,27,27,27,29,27,41,27,27,41,41,27,27,35,41,41,27,27,41,41,41,41,40,27,41,38,41,41,27,41,34,27,41,27,41,41,38,27,41,41,41,41,27,27,41,41,27,27,41,27,27
230,27,160,229,176,230,27,27,27,230,27,40,27,41,27,41,27,41,27,27,34,27,27,27,32,27,41,41,39,27,41,41,27,27,27,27,27,27,41,28,27,29,41,41,27,27,41,41,27,27,27,27,27,41,29,41,27,27,29,41,35,41,27,27,41,41,41,41,27,41,41,41,27,41,27,38,41,27,41,40,41,229,27,230,27,41,27,27,27,230,53,41,41,41,27,41,41,27,40,27,35,41,41,27,27,41,27,39,29,41,41,38,41,27,229,27,29,27,229,27,41,27,27,27,117,27,27,27,229,27,41,27,41,41,41,41,27,41,41,41,27,38,41,27,31,27,152,41,41,27,27,41,41,27,229,27,27,41,41,160,54,27,41,229,27,229,229,229,41,229,27,27,41,27,230,229,229,27,229,229,92,230,229,41,229,230,230,27,229,41,41,27,41,41,31,41,41,41,41,69,27,41,27,27,229,229,41,229,27,229,27,41,41,41,27,27,41,41,41,41,171,27,41,206,229,229,27,224,229,203,230,27,230,27,27,230,27,27,41,77,27,27,153,230,230,27,230,27,230,230,229,27,230,27,27,230,184,27,41,223,230,230,230,230,230,27,27,230,230,41,27,27,27,27,41,27,41,41,148,41,41,41,40,41,41,229,27,41,27,50,27,41,27,27,79,41,41,41,27,27,230,230,230,230,27,229,28,230,27,229,230,41,230,230,225,229,229,230,33,36,27,27,115,29,229,27,230,27,27,27,27,27,27,27,41,27,41,41,41,27,39,41,27,37,41,27,28,41,41,40,41,38,27,41,27,41,41,41,41,27,41,27,41,30,41,27,41,41,41,27,41,27,27,41,27,41,60,41,27,27,159,230,229,229,229,230,27,229,27,229,109,27,41,41,41,41,41,41,41,41,41,41,41,41,41,41,41,41,30,41,27,27,36,28,41,41,41,41,41,41,28,27,41,33,27,27,27,41,41,41,27,27,27,27,27,41,27,27,27,39,27,41,41,229,41,41,27,27,38,189,27,41,41,41,41,27,182,27,41,27,204,41,52,27,230,27,41,230,41,27,228,229,163,218,229,41,79,27,230,112,229,207,229,70,229,37,27,229,41,165,41,41,27,41,41,40,27,41,41,41,27,28,41,27,27,41,41,27,27,27,27,41,27,41,41,27,27,40,27,27,27,27,27,27,27,27,27,27,41,27,27,27,27,27,27,27,41,27,27,28,230,71,56,41,41,72,41,41,41,230,41,27,41,27,27,27,27,27,41,27,27,230,41,230,41,230,41,41,27,39,27,184,27,41,41,224,228,187,41,213,27,28,41,41,41,27,27,41,41,41,41,41,27,41,41,41,41,27,41,27,148,27,27,230,229,230,41,230,27,157,27,41,27,41,27,41,36,27,41,39,27,27,224,27,27,27,27,27,27,27,41,41,27,41,41,41,27,27,27,27,36,41,27,41,41,27,41,27,27,27,41,40,41,41,41,27,38,27,27,40,41,27,27,41,41,37,41,41,27,41,39,41,27,41,27,41,41,27,27,36,164,27,41,27,41,41,175,27,41,41,41,41,41,41,27,41,41,27,41,41,27,41,227,182,27,41,41,41,41,35,37,27,41,27,27,41,41,57,41,41,41,27,27,27,27,230,41,41,27,41,27,41,41,27,27,41,27,41,32,27,41,27,41,27,27,27,41,41,41,27,27,41,27,27,27,41,27,27,41,41,27,41,27,41,41,40,40,41,41,38,27,41,41,27,41,28,39,41,41,31,38,30,41,41,41,41,216,41,28,41,38,27,39,41,41,41,41,27,41,27,31,41,41,27,41,27,36,41,35,41,27,36,41,28,41,27,41,41,41,36,41,41,27,41,41,41,27,41,27,41,27,27,27,27,41,27,41,27,27,41,39,27,41,41,27,41,41,27,41,41,41,27,41,41,29,27,40,41,41,38,41,27,41,27,29,41,41,27,27,27,41,41,31,27,27,41,38,27,41,41,41,39,27,41,27,61,41,29,41,27,41,41,41,41,41,41,41,27,41,35,41,41,27,27,41,27,41,41,41,27,27,41,41,27,27,41,27,41,41,41,28,27,34,27,27,27,27,27,41,27,41,27,27,27,27,27,33,27,27,33,27,27,27,41,41,27,27,41,41,27,27,27,27,29,27,41,27,27,41,41,27,27,35,41,41,27,27,41,41,41,41,40,27,41,38,41,41,27,41,34,27,41,27,41,41,38,27,41,41,41,41,27,27,41,41,27,27,41,27,27
230,27,27,229,129,230,27,27,27,230,29,41,27,41,27,41,27,41,27,27,34,27,27,27,27,27,41,41,41,27,41,41,27,27,27,27,27,27,39,28,27,35,41,41,27,27,41,41,27,27,27,27,27,41,27,41,27,27,27,41,28,41,27,27,41,41,41,38,27,41,41,41,36,41,27,41,41,27,41,40,41,229,27,230,27,41,27,27,38,224,71,41,41,41,27,41,41,27,41,27,35,41,41,27,27,41,27,30,38,41,41,41,41,27,229,27,35,27,229,27,41,27,27,41,45,27,27,27,229,27,41,27,41,41,41,41,27,41,41,40,27,41,41,27,27,27,43,38,41,27,27,41,41,27,229,27,27,41,41,27,27,27,41,229,27,222,222,229,53,229,29,28,42,27,230,229,229,27,229,229,92,230,229,39,229,230,230,27,229,41,41,27,41,41,38,41,41,41,41,69,27,41,27,35,229,182,41,229,29,229,27,41,41,41,27,27,41,41,41,41,171,27,41,125,229,229,27,229,229,116,230,27,230,27,27,230,27,27,224,77,27,27,56,230,230,27,230,27,230,230,167,27,230,27,27,230,75,27,41,230,230,230,230,230,230,27,27,230,230,41,27,27,27,27,41,27,41,41,54,41,41,41,41,41,41,229,27,41,27,48,27,39,28,27,185,41,41,41,27,27,230,230,230,230,27,229,77,188,27,230,27,42,230,230,229,229,229,230,39,36,27,27,42,38,27,27,230,27,30,27,27,27,27,27,41,27,41,41,39,27,39,41,27,41,41,27,35,41,41,41,41,30,27,41,28,41,41,41,41,27,41,27,39,27,41,27,41,41,41,27,41,27,27,41,27,41,27,38,27,31,70,230,229,229,229,230,27,228,27,212,109,27,41,41,41,41,41,41,41,41,41,41,41,41,41,41,41,41,37,41,27,27,27,27,41,41,41,41,41,41,28,27,41,28,27,27,27,41,41,41,27,27,27,27,27,41,27,27,27,41,30,41,41,160,41,41,27,27,41,190,27,41,41,40,41,27,229,27,41,27,140,41,211,27,230,27,41,230,41,27,229,229,33,153,229,53,194,27,230,94,229,205,229,175,229,41,27,229,41,164,41,41,27,41,41,28,27,27,41,41,27,27,41,27,27,41,41,27,27,27,27,41,30,41,41,27,27,35,27,27,27,27,27,27,27,27,27,27,41,27,27,27,27,27,27,27,104,27,27,28,230,27,27,57,42,184,41,224,41,230,41,27,41,27,27,27,41,27,41,27,27,230,41,230,41,230,41,41,27,41,27,228,27,41,41,230,230,230,41,213,27,27,41,41,41,27,27,41,41,41,41,41,27,41,41,41,41,27,41,27,148,27,27,230,229,230,41,214,27,161,27,41,27,35,27,41,41,27,41,39,27,27,228,27,27,27,27,27,27,27,64,41,27,41,41,41,27,27,27,27,36,41,27,41,41,27,41,27,41,27,41,41,41,41,27,27,30,27,27,36,41,27,29,41,41,41,41,41,27,41,41,41,27,41,27,41,41,27,27,27,164,27,41,27,41,41,229,27,41,27,27,41,40,41,27,41,41,27,41,39,27,41,229,227,27,41,41,70,41,40,41,27,41,27,27,41,41,27,41,41,41,27,27,27,27,230,41,41,27,41,27,41,41,27,27,41,27,41,27,30,41,27,41,27,27,27,41,38,41,27,27,41,27,27,27,41,27,27,41,41,27,41,27,41,41,41,41,41,41,31,27,41,41,27,41,27,29,41,41,31,31,37,41,41,41,41,207,41,40,41,31,27,30,41,41,41,41,27,41,27,37,41,41,27,41,27,41,41,36,41,27,30,41,35,41,27,41,41,41,36,41,41,27,41,41,41,27,41,27,41,27,27,27,27,41,27,41,27,27,41,39,27,41,41,27,41,41,27,41,41,41,27,41,41,27,27,35,41,41,41,41,27,41,27,39,41,41,27,27,27,41,41,27,27,28,41,41,27,41,41,41,29,41,41,27,147,41,27,41,27,41,41,41,41,41,41,41,27,41,35,41,41,27,27,41,27,41,41,41,27,27,41,41,27,27,41,27,41,41,41,28,27,28,27,27,27,27,27,41,27,41,27,27,27,27,27,28,27,27,33,27,27,27,41,41,27,27,41,41,27,27,27,27,27,27,41,27,27,41,41,27,27,29,41,41,27,27,40,41,41,41,35,27,41,41,41,41,27,41,34,27,41,41,38,41,41,27,41,41,41,41,27,27,41,41,27,27,41,30,27
230,27,27,229,58,230,27,27,27,230,29,41,27,41,27,41,27,41,27,27,34,27,27,27,27,27,41,41,41,27,41,41,27,27,27,27,27,27,34,28,27,40,41,41,27,27,41,41,27,27,27,31,27,41,27,41,27,27,27,41,27,41,27,27,41,41,41,31,27,41,41,41,41,41,27,41,41,27,41,40,41,229,27,230,78,41,27,27,212,27,73,39,41,41,27,41,40,27,41,27,35,41,41,27,27,40,27,27,41,41,41,41,41,27,229,27,40,27,229,27,41,27,27,41,27,27,27,27,229,27,41,27,41,41,41,41,27,41,41,32,41,41,41,27,27,27,27,30,41,27,27,41,41,27,212,27,27,41,41,27,27,27,41,229,27,153,167,229,209,229,38,35,75,27,214,229,229,27,27,229,92,230,229,29,229,230,230,27,229,41,27,27,27,41,41,41,41,41,41,69,27,40,27,41,229,82,41,27,35,229,28,41,41,41,27,27,41,41,41,41,171,27,41,85,229,229,27,229,229,44,230,27,230,27,27,230,27,41,230,77,27,28,27,230,230,27,230,27,230,230,49,27,230,27,27,230,27,27,41,230,230,230,230,230,230,27,27,230,230,41,27,28,27,27,41,27,41,41,27,41,41,41,41,27,41,229,27,41,27,41,27,30,39,27,228,41,41,41,27,27,230,230,213,230,27,229,180,75,27,230,27,85,219,230,230,229,229,230,41,36,27,27,27,41,27,27,206,27,38,27,27,27,27,27,41,27,41,41,33,27,39,27,27,29,41,27,40,41,41,41,41,27,27,41,40,41,41,40,41,27,41,27,30,27,41,27,41,41,41,27,41,29,27,70,27,41,27,31,27,38,41,230,229,229,228,230,27,197,27,55,109,27,41,41,41,41,41,41,41,41,41,41,40,41,41,41,41,41,41,41,27,27,27,27,41,41,41,41,41,41,28,27,41,27,27,27,27,41,41,41,27,27,27,27,27,41,27,27,27,41,37,41,41,27,41,41,27,28,41,190,27,36,41,36,41,27,229,27,41,27,55,84,230,27,230,27,41,224,224,27,229,229,27,57,229,215,229,27,230,52,229,205,229,230,229,41,27,229,41,133,41,41,27,41,41,27,27,27,38,41,27,27,41,27,27,41,41,27,27,27,27,41,38,41,41,27,27,29,27,27,27,27,27,27,27,27,27,27,41,27,27,27,27,27,27,27,224,27,27,37,187,27,27,216,75,228,84,230,41,230,41,29,41,27,36,27,41,27,41,27,27,230,41,230,41,230,41,41,27,41,27,230,27,41,41,230,230,230,41,205,27,27,41,41,41,27,27,41,41,41,41,41,27,41,41,41,41,27,41,27,33,27,30,230,180,230,41,150,27,161,27,41,27,28,27,41,41,27,41,39,27,27,229,27,27,27,27,27,27,27,65,41,30,41,41,41,27,27,27,27,36,41,27,41,41,27,41,27,41,27,41,41,41,41,27,27,27,27,27,29,41,27,38,41,41,41,41,41,27,41,41,41,27,41,27,41,27,27,27,27,163,27,41,27,41,41,229,27,41,27,27,41,28,41,27,41,41,27,40,32,27,41,229,229,27,41,41,186,41,41,41,27,41,27,27,48,41,27,41,41,41,27,27,27,27,230,41,41,27,41,27,41,41,27,27,41,27,41,27,38,41,27,41,27,27,27,41,30,41,27,27,41,27,27,27,41,27,27,41,41,27,41,27,41,41,41,41,41,41,27,27,41,41,27,41,27,27,41,41,31,27,41,41,41,41,41,205,41,41,41,27,27,27,41,41,41,41,27,41,29,40,41,41,27,41,27,41,41,40,41,27,27,41,40,41,27,40,39,41,36,41,41,27,41,41,41,27,41,27,41,27,27,27,27,41,27,39,27,27,41,39,27,41,41,29,41,41,27,41,41,41,27,41,41,27,27,29,41,41,41,41,27,41,27,41,41,41,27,40,27,41,41,27,27,40,41,41,27,41,41,41,27,41,41,27,214,41,27,41,27,41,41,39,41,41,41,41,27,41,35,41,41,27,27,41,27,41,41,41,27,27,41,41,27,36,41,27,41,41,41,28,27,27,27,27,27,27,27,41,27,41,27,27,27,27,27,27,27,27,33,27,27,27,41,41,27,27,41,41,27,28,27,27,27,27,41,27,27,41,41,27,27,27,41,41,27,27,35,41,41,41,30,27,41,41,41,41,27,41,34,27,41,41,30,41,41,27,41,41,41,41,30,41,41,41,27,27,41,38,27
230,27,27,229,58,230,27,27,27,230,29,41,27,41,27,41,27,41,27,27,34,27,27,27,27,27,41,41,41,27,41,41,27,27,27,27,27,27,34,28,27,40,41,41,27,27,41,41,27,27,27,31,27,41,27,41,27,27,27,41,27,41,27,27,41,41,41,31,27,41,41,41,41,41,27,41,41,27,41,40,41,229,27,230,78,41,27,27,212,27,73,39,41,41,27,41,40,27,41,27,35,41,41,27,27,40,27,27,41,41,41,41,41,27,229,27,40,27,229,27,41,27,27,41,27,27,27,27,229,27,41,27,41,41,41,41,27,41,41,32,41,41,41,27,27,27,27,30,41,27,27,41,41,27,212,27,27,41,41,27,27,27,41,229,27,153,167,229,209,229,38,35,75,27,214,229,229,27,27,229,92,230,229,29,229,230,230,27,229,41,27,27,27,41,41,41,41,41,41,69,27,40,27,41,229,82,41,27,35,229,28,41,41,41,27,27,41,41,41,41,171,27,41,85,229,229,27,229,229,44,230,27,230,27,27,230,27,41,230,77,27,28,27,230,230,27,230,27,230,230,49,27,230,27,27,230,27,27,41,230,230,230,230,230,230,27,27,230,230,41,27,28,27,27,41,27,41,41,27,41,41,41,41,27,41,229,27,41,27,41,27,30,39,27,228,41,41,41,27,27,230,230,213,230,27,229,180,75,27,230,27,85,219,230,230,229,229,230,41,36,27,27,27,41,27,27,206,27,38,27,27,27,27,27,41,27,41,41,33,27,39,27,27,29,41,27,40,41,41,41,41,27,27,41,40,41,41,40,41,27,41,27,30,27,41,27,41,41,41,27,41,29,27,70,27,41,27,31,27,38,41,230,229,229,228,230,27,197,27,55,109,27,41,41,41,41,41,41,41,41,41,41,40,41,41,41,41,41,41,41,27,27,27,27,41,41,41,41,41,41,28,27,41,27,27,27,27,41,41,41,27,27,27,27,27,41,27,27,27,41,37,41,41,27,41,41,27,28,41,190,27,36,41,36,41,27,229,27,41,27,55,84,230,27,230,27,41,224,224,27,229,229,27,57,229,215,229,27,230,52,229,205,229,230,229,41,27,229,41,133,41,41,27,41,41,27,27,27,38,41,27,27,41,27,27,41,41,27,27,27,27,41,38,41,41,27,27,29,27,27,27,27,27,27,27,27,27,27,41,27,27,27,27,27,27,27,224,27,27,37,187,27,27,216,75,228,84,230,41,230,41,29,41,27,36,27,41,27,41,27,27,230,41,230,41,230,41,41,27,41,27,230,27,41,41,230,230,230,41,205,27,27,41,41,41,27,27,41,41,41,41,41,27,41,41,41,41,27,41,27,33,27,30,230,180,230,41,150,27,161,27,41,27,28,27,41,41,27,41,39,27,27,229,27,27,27,27,27,27,27,65,41,30,41,41,41,27,27,27,27,36,41,27,41,41,27,41,27,41,27,41,41,41,41,27,27,27,27,27,29,41,27,38,41,41,41,41,41,27,41,41,41,27,41,27,41,27,27,27,27,163,27,41,27,41,41,229,27,41,27,27,41,28,41,27,41,41,27,40,32,27,41,229,229,27,41,41,186,41,41,41,27,41,27,27,48,41,27,41,41,41,27,27,27,27,230,41,41,27,41,27,41,41,27,27,41,27,41,27,38,41,27,41,27,27,27,41,30,41,27,27,41,27,27,27,41,27,27,41,41,27,41,27,41,41,41,41,41,41,27,27,41,41,27,41,27,27,41,41,31,27,41,41,41,41,41,205,41,41,41,27,27,27,41,41,41,41,27,41,29,40,41,41,27,41,27,41,41,40,41,27,27,41,40,41,27,40,39,41,36,41,41,27,41,41,41,27,41,27,41,27,27,27,27,41,27,39,27,27,41,39,27,41,41,29,41,41,27,41,41,41,27,41,41,27,27,29,41,41,41,41,27,41,27,41,41,41,27,40,27,41,41,27,27,40,41,41,27,41,41,41,27,41,41,27,214,41,27,41,27,41,41,39,41,41,41,41,27,41,35,41,41,27,27,41,27,41,41,41,27,27,41,41,27,36,41,27,41,41,41,28,27,27,27,27,27,27,27,41,27,41,27,27,27,27,27,27,27,27,33,27,27,27,41,41,27,27,41,41,27,28,27,27,27,27,41,27,27,41,41,27,27,27,41,41,27,27,35,41,41,41,30,27,41,41,41,41,27,41,34,27,41,41,30,41,41,27,41,41,41,41,30,41,41,41,27,27,41,38,27
230,27,27,229,27,230,27,27,27,230,87,41,27,41,27,41,27,41,29,27,34,27,27,27,27,27,41,41,41,27,41,41,27,27,27,27,27,27,31,28,27,41,36,41,27,27,41,41,29,27,27,38,27,41,27,41,27,27,27,41,27,41,27,27,41,41,41,27,27,41,41,41,41,41,29,41,41,27,41,41,41,229,27,230,179,41,27,27,230,27,73,29,41,41,27,41,28,27,41,27,35,41,41,27,27,36,27,27,41,41,41,41,41,27,229,27,41,27,229,27,75,27,27,41,27,27,27,27,197,27,41,27,41,41,41,41,27,41,41,27,41,41,41,27,27,27,27,27,41,27,27,41,41,27,144,27,27,41,41,27,27,27,41,229,27,41,146,229,228,229,41,40,189,27,146,27,229,41,27,229,92,227,229,27,230,230,230,27,229,41,27,27,27,41,41,41,41,41,41,69,27,35,27,41,229,27,41,27,40,229,34,41,41,41,27,27,41,41,41,41,171,27,41,42,229,229,27,229,229,27,230,27,203,27,27,230,27,41,230,77,27,73,27,230,230,27,230,27,230,230,43,27,230,27,27,230,27,30,41,230,230,230,199,27,230,41,27,198,230,41,36,30,29,27,41,27,41,41,27,41,41,27,41,27,41,228,27,41,27,41,27,27,41,27,229,41,41,41,27,27,164,230,146,230,27,229,229,27,27,230,27,179,154,230,230,229,229,230,41,36,27,27,27,41,27,27,129,27,41,27,27,27,27,27,41,27,41,41,28,27,39,27,27,36,41,27,41,41,41,41,41,27,27,41,41,41,41,29,41,27,41,27,27,27,40,27,41,41,41,27,41,35,27,185,27,27,27,27,27,41,41,230,230,230,184,230,27,68,27,41,109,27,41,41,41,41,41,41,41,39,41,35,28,41,41,41,41,41,41,40,27,27,27,27,41,41,41,41,41,41,28,27,41,27,27,27,27,41,41,41,27,27,27,27,27,41,27,27,27,41,41,41,41,27,41,41,27,34,41,190,27,27,41,29,41,41,229,27,42,30,27,179,230,27,230,27,47,38,230,27,229,229,27,27,229,229,229,27,217,34,229,205,229,230,229,41,27,229,41,58,41,41,27,41,41,27,27,27,30,41,29,27,41,27,27,41,41,27,27,27,27,41,41,41,41,27,27,27,27,27,27,27,27,27,27,27,27,27,41,27,27,27,27,27,27,27,229,27,27,37,71,27,27,230,190,230,178,230,41,230,41,35,41,27,41,27,41,27,41,27,27,219,70,230,41,230,41,41,27,41,27,230,29,39,41,230,219,230,41,143,27,27,41,41,41,27,27,41,41,41,41,41,27,41,41,27,41,27,41,27,33,27,38,230,79,230,42,63,27,161,27,41,30,27,27,41,41,36,41,39,27,27,229,27,27,27,27,27,27,27,65,41,37,41,41,41,27,27,27,27,36,41,27,41,41,27,41,27,41,27,41,41,41,41,27,27,27,27,27,27,41,27,41,41,41,41,41,41,27,41,41,41,27,41,27,41,27,27,27,27,130,27,41,27,41,41,229,27,41,27,27,41,27,41,27,41,41,27,28,30,27,41,229,229,27,41,41,228,41,41,41,27,41,27,29,214,41,27,41,41,41,27,27,27,27,230,41,41,27,41,27,41,41,27,27,41,27,41,27,41,41,27,41,27,27,27,41,27,41,27,27,41,27,27,27,41,27,41,41,41,27,41,27,41,41,41,41,41,41,27,27,41,41,29,41,27,27,41,41,31,27,41,41,41,41,41,205,41,41,41,27,27,27,41,41,41,41,27,41,39,41,41,41,27,41,27,41,41,41,41,27,27,41,41,40,27,36,30,41,36,41,41,27,41,41,41,27,41,27,41,27,27,27,27,39,27,34,27,27,41,39,27,41,41,35,41,41,41,41,41,41,29,41,41,27,27,27,41,41,41,41,27,41,27,41,39,41,27,41,27,41,41,27,27,41,41,41,27,41,41,41,27,41,47,27,229,41,27,41,27,41,41,30,41,41,41,41,27,41,35,41,41,27,27,41,27,41,41,41,27,27,41,41,27,41,41,27,41,27,41,28,27,27,27,27,27,27,27,41,27,41,27,27,27,27,27,27,27,27,33,27,27,27,41,41,27,27,41,41,27,36,27,27,27,27,40,27,27,39,41,27,29,27,41,41,27,27,29,41,40,41,27,27,41,41,41,41,27,41,34,27,41,41,27,41,41,30,41,41,41,41,38,41,41,41,27,28,41,41,29
230,27,27,229,27,230,27,27,27,230,87,41,27,41,27,41,27,41,29,27,34,27,27,27,27,27,41,41,41,27,41,41,27,27,27,27,27,27,31,28,27,41,36,41,27,27,41,41,29,27,27,38,27,41,27,41,27,27,27,41,27,41,27,27,41,41,41,27,27,41,41,41,41,41,29,41,41,27,41,41,41,229,27,230,179,41,27,27,230,27,73,29,41,41,27,41,28,27,41,27,35,41,41,27,27,36,27,27,41,41,41,41,41,27,229,27,41,27,229,27,75,27,27,41,27,27,27,27,197,27,41,27,41,41,41,41,27,41,41,27,41,41,41,27,27,27,27,27,41,27,27,41,41,27,144,27,27,41,41,27,27,27,41,229,27,41,146,229,228,229,41,40,189,27,146,27,229,41,27,229,92,227,229,27,230,230,230,27,229,41,27,27,27,41,41,41,41,41,41,69,27,35,27,41,229,27,41,27,40,229,34,41,41,41,27,27,41,41,41,41,171,27,41,42,229,229,27,229,229,27,230,27,203,27,27,230,27,41,230,77,27,73,27,230,230,27,230,27,230,230,43,27,230,27,27,230,27,30,41,230,230,230,199,27,230,41,27,198,230,41,36,30,29,27,41,27,41,41,27,41,41,27,41,27,41,228,27,41,27,41,27,27,41,27,229,41,41,41,27,27,164,230,146,230,27,229,229,27,27,230,27,179,154,230,230,229,229,230,41,36,27,27,27,41,27,27,129,27,41,27,27,27,27,27,41,27,41,41,28,27,39,27,27,36,41,27,41,41,41,41,41,27,27,41,41,41,41,29,41,27,41,27,27,27,40,27,41,41,41,27,41,35,27,185,27,27,27,27,27,41,41,230,230,230,184,230,27,68,27,41,109,27,41,41,41,41,41,41,41,39,41,35,28,41,41,41,41,41,41,40,27,27,27,27,41,41,41,41,41,41,28,27,41,27,27,27,27,41,41,41,27,27,27,27,27,41,27,27,27,41,41,41,41,27,41,41,27,34,41,190,27,27,41,29,41,41,229,27,42,30,27,179,230,27,230,27,47,38,230,27,229,229,27,27,229,229,229,27,217,34,229,205,229,230,229,41,27,229,41,58,41,41,27,41,41,27,27,27,30,41,29,27,41,27,27,41,41,27,27,27,27,41,41,41,41,27,27,27,27,27,27,27,27,27,27,27,27,27,41,27,27,27,27,27,27,27,229,27,27,37,71,27,27,230,190,230,178,230,41,230,41,35,41,27,41,27,41,27,41,27,27,219,70,230,41,230,41,41,27,41,27,230,29,39,41,230,219,230,41,143,27,27,41,41,41,27,27,41,41,41,41,41,27,41,41,27,41,27,41,27,33,27,38,230,79,230,42,63,27,161,27,41,30,27,27,41,41,36,41,39,27,27,229,27,27,27,27,27,27,27,65,41,37,41,41,41,27,27,27,27,36,41,27,41,41,27,41,27,41,27,41,41,41,41,27,27,27,27,27,27,41,27,41,41,41,41,41,41,27,41,41,41,27,41,27,41,27,27,27,27,130,27,41,27,41,41,229,27,41,27,27,41,27,41,27,41,41,27,28,30,27,41,229,229,27,41,41,228,41,41,41,27,41,27,29,214,41,27,41,41,41,27,27,27,27,230,41,41,27,41,27,41,41,27,27,41,27,41,27,41,41,27,41,27,27,27,41,27,41,27,27,41,27,27,27,41,27,41,41,41,27,41,27,41,41,41,41,41,41,27,27,41,41,29,41,27,27,41,41,31,27,41,41,41,41,41,205,41,41,41,27,27,27,41,41,41,41,27,41,39,41,41,41,27,41,27,41,41,41,41,27,27,41,41,40,27,36,30,41,36,41,41,27,41,41,41,27,41,27,41,27,27,27,27,39,27,34,27,27,41,39,27,41,41,35,41,41,41,41,41,41,29,41,41,27,27,27,41,41,41,41,27,41,27,41,39,41,27,41,27,41,41,27,27,41,41,41,27,41,41,41,27,41,47,27,229,41,27,41,27,41,41,30,41,41,41,41,27,41,35,41,41,27,27,41,27,41,41,41,27,27,41,41,27,41,41,27,41,27,41,28,27,27,27,27,27,27,27,41,27,41,27,27,27,27,27,27,27,27,33,27,27,27,41,41,27,27,41,41,27,36,27,27,27,27,40,27,27,39,41,27,29,27,41,41,27,27,29,41,40,41,27,27,41,41,41,41,27,41,34,27,41,41,27,41,41,30,41,41,41,41,38,41,41,41,27,28,41,41,29
230,27,27,230,27,230,27,27,27,230,87,41,27,41,27,41,27,41,39,27,34,27,27,27,27,27,41,41,41,27,41,32,27,27,27,27,27,27,28,28,27,41,27,41,28,27,41,41,34,27,27,41,27,40,27,41,27,27,27,41,27,41,36,27,41,41,41,27,27,41,41,41,41,41,35,41,41,27,41,44,41,229,27,228,230,41,27,27,230,27,73,27,41,41,27,41,27,27,41,27,35,41,41,27,27,28,27,27,41,41,69,41,41,29,229,27,41,28,194,41,192,27,27,41,27,27,27,27,112,27,41,27,41,41,41,41,27,41,41,27,41,85,85,27,27,27,27,27,41,27,27,41,41,27,60,27,27,41,41,27,27,27,41,229,29,27,41,229,229,229,41,41,229,27,57,27,229,41,27,229,92,208,230,27,230,230,223,27,229,41,27,27,27,41,41,41,41,41,41,69,27,29,27,41,229,27,41,27,41,229,40,41,41,41,27,29,40,41,41,41,171,27,51,27,229,229,27,229,229,27,230,27,112,27,27,230,27,41,230,77,27,177,27,230,230,27,230,27,230,230,43,27,230,27,27,230,27,38,41,230,230,230,63,27,230,41,27,70,199,41,36,29,38,27,41,27,41,41,27,41,28,27,41,27,164,192,27,41,27,41,27,27,41,27,229,41,41,41,27,27,35,230,62,230,27,27,229,27,27,230,27,229,55,230,230,229,229,230,41,40,27,27,27,41,27,27,84,27,41,27,27,27,27,27,41,27,41,41,27,27,39,27,27,41,41,27,41,41,41,41,41,27,41,41,41,41,36,27,41,27,41,27,27,27,36,27,41,41,41,27,41,40,29,228,27,27,27,27,27,41,41,230,230,230,86,230,27,41,27,41,98,27,41,41,41,41,41,41,27,35,41,28,27,41,41,40,41,41,41,36,27,27,27,27,41,41,41,41,41,41,28,27,41,27,27,27,27,41,41,41,27,27,27,27,27,41,27,27,27,41,41,41,41,27,223,41,27,40,41,190,27,27,41,27,47,41,184,27,87,38,27,227,230,27,230,27,214,27,230,41,229,229,27,27,229,229,229,27,149,34,229,205,229,230,229,41,27,229,30,27,41,41,27,41,41,27,27,27,27,41,40,27,41,27,27,36,223,27,27,27,27,41,41,41,40,27,27,27,27,27,27,27,27,27,27,27,27,27,41,27,27,27,27,27,27,27,229,27,27,37,27,27,27,230,230,230,229,230,41,230,37,40,41,27,41,27,41,27,41,27,27,154,185,230,41,230,41,41,27,41,27,230,38,29,41,230,154,199,41,44,27,27,41,41,41,27,27,41,41,41,41,41,27,41,41,27,41,27,41,27,33,27,41,230,27,230,85,27,27,161,27,41,37,27,27,41,41,41,41,39,27,30,229,27,27,27,27,27,27,27,65,41,41,41,41,41,27,27,27,27,36,41,27,41,41,27,41,27,41,27,41,41,41,40,27,27,27,27,27,27,41,27,41,41,41,41,38,41,27,41,41,41,27,41,27,41,27,27,27,27,64,27,41,27,41,41,229,229,40,27,27,41,27,41,27,41,41,27,27,30,27,70,217,229,27,41,41,229,38,41,43,27,41,27,35,229,41,27,41,41,45,27,27,27,27,230,55,41,27,41,27,41,41,27,27,41,27,41,27,41,41,29,41,27,27,27,41,27,41,27,27,41,27,27,27,41,27,41,41,41,27,41,27,41,41,41,41,41,41,27,28,41,41,35,36,27,27,41,41,31,27,41,41,41,41,41,204,41,41,41,27,30,27,41,41,41,41,27,41,36,41,41,41,27,41,27,41,40,41,41,27,27,41,41,36,27,28,27,41,36,41,41,27,41,41,41,27,41,27,41,27,27,27,27,34,27,31,27,27,41,39,27,41,41,40,41,41,41,41,41,41,35,41,41,27,27,27,41,41,41,41,27,41,27,41,30,41,27,41,27,41,41,27,27,41,41,41,27,41,41,41,27,41,161,30,229,41,27,41,27,27,41,27,41,41,41,41,27,41,35,41,41,28,27,41,36,41,41,41,29,27,41,40,27,41,41,27,41,27,41,28,27,27,30,27,27,27,27,41,27,41,27,27,27,27,27,27,27,27,33,27,27,27,41,41,27,27,41,41,27,40,27,27,27,27,35,27,27,30,40,27,38,27,41,41,27,27,27,41,36,41,27,27,41,41,41,41,27,41,34,27,41,41,27,41,41,38,41,41,41,41,41,41,41,41,27,39,41,41,39
230,27,27,230,27,230,27,27,27,230,87,41,27,41,27,41,27,41,41,29,34,27,27,27,27,27,41,41,41,27,41,27,27,27,27,27,27,27,27,28,27,41,27,41,35,27,41,41,40,27,27,41,27,35,27,41,27,27,27,40,27,41,41,27,41,41,41,27,27,41,41,41,41,41,40,41,41,27,41,45,41,229,27,177,230,41,30,27,230,27,73,27,41,41,27,41,27,32,41,27,35,41,41,27,27,27,27,27,41,107,186,41,41,35,229,30,41,35,66,41,229,27,27,41,27,27,27,27,44,27,41,27,41,41,41,41,27,41,41,27,41,179,179,27,27,30,27,27,41,27,27,41,38,27,27,27,27,41,41,27,27,30,41,229,38,27,27,218,229,229,41,41,229,27,27,27,229,41,27,27,92,205,230,27,230,223,110,27,229,41,27,27,27,41,41,41,41,41,41,69,27,27,27,41,229,27,41,27,41,229,41,41,41,40,27,35,35,41,41,41,171,27,111,27,201,229,27,229,229,27,230,27,43,27,27,230,27,41,230,77,27,230,27,230,230,32,230,27,230,230,43,27,230,27,27,230,27,41,86,230,221,230,27,27,230,41,27,27,70,41,41,34,41,27,41,30,41,41,27,41,27,27,41,27,229,62,27,41,27,41,27,27,41,27,229,41,41,41,27,41,30,230,27,230,27,27,229,27,27,226,27,229,27,230,214,229,230,230,42,163,27,27,27,41,27,27,44,27,41,27,27,27,27,27,41,27,41,41,27,27,39,35,29,41,40,27,41,41,41,41,41,27,41,41,41,41,28,27,41,27,41,27,27,27,29,27,41,41,41,29,41,41,38,230,27,27,27,27,30,41,41,230,230,230,41,230,27,41,27,41,55,30,39,41,41,41,41,41,27,35,41,27,27,41,41,35,41,41,41,29,27,27,27,27,41,41,41,41,41,41,28,27,41,27,27,27,27,41,41,41,27,27,27,27,27,41,27,27,27,41,41,41,41,27,229,41,27,41,69,181,27,27,39,27,227,41,92,27,181,41,27,229,230,27,27,27,230,27,230,41,229,229,27,27,229,229,229,27,52,34,229,204,229,230,229,41,27,229,27,27,41,41,27,41,41,27,27,27,27,41,41,27,41,27,28,28,229,27,27,27,27,41,41,41,35,27,27,27,29,27,27,27,27,27,27,27,27,27,41,27,27,27,27,27,27,27,229,27,27,37,27,27,27,230,230,230,230,230,224,230,30,41,41,27,41,27,41,27,41,27,27,55,225,230,41,230,224,41,28,56,27,230,41,27,41,230,55,70,41,28,41,27,41,41,41,27,27,41,41,41,41,41,27,41,41,27,41,30,41,27,33,29,41,230,27,230,180,27,27,160,27,41,41,27,27,41,41,41,41,39,27,38,229,27,27,27,27,27,27,27,65,41,41,41,41,41,27,27,27,27,36,41,27,41,41,27,41,27,41,27,41,41,41,28,27,27,27,27,27,27,41,27,41,41,41,41,30,41,27,41,41,41,27,41,27,41,27,27,27,27,32,27,41,27,41,41,229,229,28,27,27,41,27,41,27,41,41,27,27,30,27,184,156,216,27,41,41,229,31,41,48,27,41,31,39,229,41,27,41,41,89,27,27,27,27,230,115,41,27,41,27,32,41,27,27,41,27,41,27,41,41,35,41,27,27,27,41,27,41,27,27,41,27,27,27,41,27,41,41,41,27,41,27,41,41,41,41,41,41,27,35,41,41,40,27,27,27,41,41,31,27,41,41,41,41,39,175,39,41,41,27,37,27,41,41,41,41,27,41,41,41,41,41,27,41,27,41,36,41,41,27,27,41,41,29,27,27,27,41,36,39,41,27,41,41,41,27,41,27,41,27,27,27,27,31,27,28,27,27,32,39,27,41,41,41,41,41,41,41,41,41,39,41,39,27,27,27,41,41,41,41,41,41,27,41,27,41,27,41,27,41,41,27,27,41,41,41,27,41,41,41,27,41,226,38,229,41,27,41,27,27,41,27,41,41,41,41,27,41,35,41,41,35,27,41,41,41,41,41,35,27,41,35,40,41,41,28,41,27,41,27,27,27,37,27,27,27,27,40,27,41,27,27,27,27,27,27,27,27,33,41,27,36,41,41,27,27,41,41,27,41,27,27,27,27,29,27,27,27,37,27,41,27,41,41,27,27,27,41,30,41,27,27,41,41,41,41,41,41,34,27,41,41,27,41,41,41,41,27,41,41,41,41,41,41,27,41,41,41,41
230,27,27,230,27,230,27,27,27,230,87,41,27,41,27,41,27,41,41,29,34,27,27,27,27,27,41,41,41,27,41,27,27,27,27,27,27,27,27,28,27,41,27,41,35,27,41,41,40,27,27,41,27,35,27,41,27,27,27,40,27,41,41,27,41,41,41,27,27,41,41,41,41,41,40,41,41,27,41,45,41,229,27,177,230,41,30,27,230,27,73,27,41,41,27,41,27,32,41,27,35,41,41,27,27,27,27,27,41,107,186,41,41,35,229,30,41,35,66,41,229,27,27,41,27,27,27,27,44,27,41,27,41,41,41,41,27,41,41,27,41,179,179,27,27,30,27,27,41,27,27,41,38,27,27,27,27,41,41,27,27,30,41,229,38,27,27,218,229,229,41,41,229,27,27,27,229,41,27,27,92,205,230,27,230,223,110,27,229,41,27,27,27,41,41,41,41,41,41,69,27,27,27,41,229,27,41,27,41,229,41,41,41,40,27,35,35,41,41,41,171,27,111,27,201,229,27,229,229,27,230,27,43,27,27,230,27,41,230,77,27,230,27,230,230,32,230,27,230,230,43,27,230,27,27,230,27,41,86,230,221,230,27,27,230,41,27,27,70,41,41,34,41,27,41,30,41,41,27,41,27,27,41,27,229,62,27,41,27,41,27,27,41,27,229,41,41,41,27,41,30,230,27,230,27,27,229,27,27,226,27,229,27,230,214,229,230,230,42,163,27,27,27,41,27,27,44,27,41,27,27,27,27,27,41,27,41,41,27,27,39,35,29,41,40,27,41,41,41,41,41,27,41,41,41,41,28,27,41,27,41,27,27,27,29,27,41,41,41,29,41,41,38,230,27,27,27,27,30,41,41,230,230,230,41,230,27,41,27,41,55,30,39,41,41,41,41,41,27,35,41,27,27,41,41,35,41,41,41,29,27,27,27,27,41,41,41,41,41,41,28,27,41,27,27,27,27,41,41,41,27,27,27,27,27,41,27,27,27,41,41,41,41,27,229,41,27,41,69,181,27,27,39,27,227,41,92,27,181,41,27,229,230,27,27,27,230,27,230,41,229,229,27,27,229,229,229,27,52,34,229,204,229,230,229,41,27,229,27,27,41,41,27,41,41,27,27,27,27,41,41,27,41,27,28,28,229,27,27,27,27,41,41,41,35,27,27,27,29,27,27,27,27,27,27,27,27,27,41,27,27,27,27,27,27,27,229,27,27,37,27,27,27,230,230,230,230,230,224,230,30,41,41,27,41,27,41,27,41,27,27,55,225,230,41,230,224,41,28,56,27,230,41,27,41,230,55,70,41,28,41,27,41,41,41,27,27,41,41,41,41,41,27,41,41,27,41,30,41,27,33,29,41,230,27,230,180,27,27,160,27,41,41,27,27,41,41,41,41,39,27,38,229,27,27,27,27,27,27,27,65,41,41,41,41,41,27,27,27,27,36,41,27,41,41,27,41,27,41,27,41,41,41,28,27,27,27,27,27,27,41,27,41,41,41,41,30,41,27,41,41,41,27,41,27,41,27,27,27,27,32,27,41,27,41,41,229,229,28,27,27,41,27,41,27,41,41,27,27,30,27,184,156,216,27,41,41,229,31,41,48,27,41,31,39,229,41,27,41,41,89,27,27,27,27,230,115,41,27,41,27,32,41,27,27,41,27,41,27,41,41,35,41,27,27,27,41,27,41,27,27,41,27,27,27,41,27,41,41,41,27,41,27,41,41,41,41,41,41,27,35,41,41,40,27,27,27,41,41,31,27,41,41,41,41,39,175,39,41,41,27,37,27,41,41,41,41,27,41,41,41,41,41,27,41,27,41,36,41,41,27,27,41,41,29,27,27,27,41,36,39,41,27,41,41,41,27,41,27,41,27,27,27,27,31,27,28,27,27,32,39,27,41,41,41,41,41,41,41,41,41,39,41,39,27,27,27,41,41,41,41,41,41,27,41,27,41,27,41,27,41,41,27,27,41,41,41,27,41,41,41,27,41,226,38,229,41,27,41,27,27,41,27,41,41,41,41,27,41,35,41,41,35,27,41,41,41,41,41,35,27,41,35,40,41,41,28,41,27,41,27,27,27,37,27,27,27,27,40,27,41,27,27,27,27,27,27,27,27,33,41,27,36,41,41,27,27,41,41,27,41,27,27,27,27,29,27,27,27,37,27,41,27,41,41,27,27,27,41,30,41,27,27,41,41,41,41,41,41,34,27,41,41,27,41,41,41,41,27,41,41,41,41,41,41,27,41,41,41,41
230,46,27,230,27,230,27,160,27,230,87,41,27,41,27,41,27,41,41,39,34,27,27,27,27,27,41,41,41,27,41,27,27,27,27,27,27,27,27,28,27,41,27,41,40,27,41,41,41,27,27,41,29,29,27,41,27,27,27,35,27,41,41,27,41,41,41,27,29,41,41,41,41,41,41,41,41,27,41,45,38,229,27,77,230,41,37,27,230,27,73,27,41,41,27,41,27,40,46,27,35,41,41,27,27,27,27,27,41,109,227,68,41,40,195,37,41,40,27,41,229,27,27,41,27,27,27,27,27,28,41,27,41,41,41,41,27,41,41,27,41,227,227,27,27,37,27,27,41,27,27,41,30,27,27,27,27,41,41,27,27,38,41,195,41,27,27,39,229,229,41,41,229,27,27,27,229,41,27,27,92,205,230,27,230,113,45,27,229,41,27,27,27,41,41,41,41,41,41,69,27,27,27,41,229,27,41,27,42,229,41,41,41,36,27,40,29,41,41,41,171,27,203,27,112,229,27,229,229,27,230,27,27,27,27,230,27,49,230,77,27,230,27,230,230,27,230,27,230,230,43,27,230,29,27,27,27,41,178,230,37,230,27,27,230,41,195,27,27,41,41,40,41,27,41,38,41,41,27,41,27,27,41,27,229,27,27,41,27,41,27,27,47,27,215,41,41,41,27,41,30,230,27,230,27,27,229,27,27,157,27,229,27,230,145,229,230,229,45,163,27,27,27,41,27,27,27,27,41,27,27,27,27,27,41,27,41,41,27,27,39,41,36,41,35,27,41,41,41,41,41,27,41,41,41,41,27,27,41,27,41,27,27,27,27,27,41,41,41,39,41,41,41,230,27,27,27,27,37,41,41,230,230,230,41,229,27,41,27,41,41,37,30,41,41,41,41,41,27,35,41,27,27,38,41,29,41,41,83,27,27,27,27,27,41,41,41,41,41,41,28,27,41,27,27,27,27,41,41,41,27,27,27,27,27,32,27,27,27,41,41,41,41,27,229,41,27,41,190,130,27,27,29,27,229,41,43,29,229,41,27,229,225,27,27,27,230,58,229,27,229,229,27,27,229,229,229,27,27,34,229,177,204,227,229,41,30,229,27,27,41,41,27,39,41,27,27,27,27,41,41,27,41,27,35,27,229,41,27,27,27,41,41,41,29,27,27,27,38,29,27,27,27,27,27,27,27,27,41,27,27,27,27,27,27,27,229,27,27,37,27,27,27,230,230,220,230,230,230,230,27,41,41,27,41,27,41,27,41,29,27,27,228,230,41,230,230,55,40,209,27,230,41,27,41,230,27,27,41,28,41,27,41,41,41,27,27,41,41,41,41,41,29,41,41,27,41,38,41,27,33,39,80,230,27,230,230,27,27,120,27,41,41,27,27,41,41,41,41,39,27,41,229,27,27,27,27,27,27,27,65,28,41,41,40,41,27,27,27,27,36,41,27,41,41,29,41,27,41,27,41,41,41,27,27,27,27,27,28,27,41,27,41,41,41,41,27,41,27,41,41,41,27,41,27,41,27,27,27,27,32,27,41,75,41,41,229,229,27,27,27,41,27,41,27,41,38,28,27,30,27,228,71,156,27,41,41,229,27,41,50,30,41,37,41,229,41,27,41,41,95,27,27,27,27,230,195,41,27,49,27,27,41,27,27,41,27,41,27,41,41,40,41,27,27,27,38,27,41,27,27,41,27,27,27,41,27,41,41,41,27,40,28,41,41,41,41,41,41,27,40,41,40,41,27,27,27,41,41,31,27,41,41,41,41,30,62,30,41,41,27,41,27,41,41,41,41,41,41,41,41,41,41,27,41,27,41,28,41,40,27,27,41,41,27,27,27,27,41,36,33,41,27,39,41,41,27,41,27,41,27,27,27,27,28,27,27,27,27,27,39,27,41,41,41,41,41,41,41,41,41,41,41,30,27,36,27,41,41,41,41,41,41,27,41,27,41,27,41,27,41,41,27,27,41,41,41,27,41,41,41,27,41,229,41,228,41,27,41,27,27,41,27,41,41,41,41,41,41,35,41,41,40,27,40,41,41,41,41,40,29,41,29,41,41,41,35,41,27,41,27,27,27,41,27,27,27,27,33,27,41,27,27,27,27,27,27,27,27,33,41,27,36,41,41,27,27,41,41,36,41,27,27,27,27,27,30,27,27,34,27,41,27,41,41,27,27,27,41,27,41,27,27,41,41,41,41,41,41,34,27,41,41,27,41,41,41,41,27,41,41,41,41,41,41,27,41,41,41,41
230,149,27,230,27,230,27,230,160,230,87,41,27,41,27,41,27,41,41,41,34,27,27,27,27,27,41,41,41,27,41,27,27,27,27,27,27,27,27,28,27,41,27,41,41,27,41,41,41,27,27,41,35,27,27,41,41,27,27,29,27,41,41,27,41,41,41,27,38,41,41,41,41,41,41,41,41,27,39,45,31,229,27,27,230,41,41,27,230,27,73,27,41,40,27,41,27,41,157,27,33,41,41,27,36,27,27,27,41,109,229,229,41,41,62,41,41,41,27,41,229,27,27,41,27,27,27,27,27,33,41,27,41,41,40,41,27,41,41,27,157,229,229,27,27,41,27,27,41,27,27,41,27,27,27,29,27,39,41,27,27,41,41,67,41,27,27,27,229,229,229,229,229,30,27,27,229,41,27,27,92,204,230,27,230,230,41,27,229,39,27,27,27,41,41,41,41,41,41,65,27,27,29,52,200,27,41,27,78,229,41,41,41,28,27,41,27,41,41,41,79,27,229,27,43,96,27,229,224,27,230,27,27,27,27,230,27,216,230,77,27,230,27,230,230,32,230,27,230,183,43,27,230,39,27,27,27,41,228,230,27,230,27,27,230,41,230,27,27,41,41,41,41,27,39,41,41,41,27,41,27,27,41,27,229,27,27,41,27,41,27,27,209,32,152,41,39,41,73,41,30,230,27,230,27,27,230,27,27,34,27,229,27,230,58,230,230,229,64,163,27,27,27,41,27,27,27,27,41,27,27,27,27,27,41,27,41,41,27,27,39,41,41,41,30,27,41,41,41,41,41,27,41,41,41,41,27,27,41,27,41,27,27,27,27,27,41,41,41,41,41,41,41,220,27,27,27,27,41,41,41,230,230,230,41,229,56,39,27,40,41,41,27,41,41,41,41,41,27,35,41,27,27,31,41,27,41,41,178,27,27,27,27,27,41,41,41,41,41,41,28,27,41,27,27,27,27,41,41,41,27,27,27,27,27,27,27,27,27,41,41,41,41,27,229,41,27,41,229,49,29,27,27,27,229,41,41,38,229,41,27,229,161,27,27,27,230,27,230,40,229,229,27,27,229,229,229,27,27,34,213,57,125,216,229,41,31,229,34,27,41,41,27,29,41,27,27,27,27,41,41,27,40,27,40,27,229,41,27,27,29,41,41,41,27,27,27,27,41,39,29,27,27,27,27,28,27,27,41,27,27,27,27,27,27,27,229,27,27,37,27,27,27,230,230,160,230,230,230,230,27,41,41,28,41,27,41,27,41,38,27,27,230,230,41,230,230,209,41,229,27,230,41,27,41,160,27,27,41,28,41,27,41,41,41,27,27,27,41,41,41,41,39,41,41,27,41,41,41,27,33,41,182,229,27,230,230,27,27,43,27,41,41,27,27,41,41,41,41,39,27,41,230,27,27,27,27,27,27,27,65,27,41,41,33,41,27,27,27,27,36,41,27,41,41,38,36,27,41,27,27,41,41,27,27,27,27,27,34,27,41,40,41,41,41,41,27,41,27,41,41,41,27,41,27,41,27,27,27,27,32,27,41,176,41,41,229,229,27,27,27,41,27,41,27,41,31,33,27,30,27,229,41,72,27,41,41,218,27,41,50,37,41,41,41,229,41,27,38,41,95,27,27,27,27,230,230,41,27,81,27,27,41,27,27,41,27,41,27,41,41,41,41,27,27,27,30,27,41,27,27,41,27,29,27,41,27,41,39,41,27,28,35,41,41,41,41,41,41,27,41,41,37,41,27,27,27,41,41,31,27,41,41,41,41,27,27,27,41,41,27,41,27,41,41,41,41,41,41,41,41,41,41,27,41,29,41,27,41,36,27,27,41,41,27,29,27,27,38,36,28,41,27,34,41,41,27,41,27,41,27,27,27,27,27,27,27,27,27,27,39,27,41,41,41,27,27,41,41,41,41,41,41,27,27,41,27,41,41,41,41,41,41,27,41,27,41,27,41,27,41,41,27,27,41,41,41,27,41,41,40,27,164,229,41,188,41,27,41,41,27,38,27,41,41,41,41,41,41,35,41,41,41,28,28,41,39,41,38,41,35,41,27,41,41,41,40,41,27,41,27,27,27,41,27,27,27,27,28,27,41,27,27,27,27,27,27,27,27,33,41,27,41,40,41,28,27,41,41,41,41,27,27,27,27,27,37,27,27,29,27,41,27,41,41,27,27,27,41,27,41,27,29,41,41,41,41,41,40,34,27,41,41,27,41,41,41,41,27,41,41,64,41,41,41,27,41,41,41,41
230,149,27,230,27,230,27,230,160,230,87,41,27,41,27,41,27,41,41,41,34,27,27,27,27,27,41,41,41,27,41,27,27,27,27,27,27,27,27,28,27,41,27,41,41,27,41,41,41,27,27,41,35,27,27,41,41,27,27,29,27,41,41,27,41,41,41,27,38,41,41,41,41,41,41,41,41,27,39,45,31,229,27,27,230,41,41,27,230,27,73,27,41,40,27,41,27,41,157,27,33,41,41,27,36,27,27,27,41,109,229,229,41,41,62,41,41,41,27,41,229,27,27,41,27,27,27,27,27,33,41,27,41,41,40,41,27,41,41,27,157,229,229,27,27,41,27,27,41,27,27,41,27,27,27,29,27,39,41,27,27,41,41,67,41,27,27,27,229,229,229,229,229,30,27,27,229,41,27,27,92,204,230,27,230,230,41,27,229,39,27,27,27,41,41,41,41,41,41,65,27,27,29,52,200,27,41,27,78,229,41,41,41,28,27,41,27,41,41,41,79,27,229,27,43,96,27,229,224,27,230,27,27,27,27,230,27,216,230,77,27,230,27,230,230,32,230,27,230,183,43,27,230,39,27,27,27,41,228,230,27,230,27,27,230,41,230,27,27,41,41,41,41,27,39,41,41,41,27,41,27,27,41,27,229,27,27,41,27,41,27,27,209,32,152,41,39,41,73,41,30,230,27,230,27,27,230,27,27,34,27,229,27,230,58,230,230,229,64,163,27,27,27,41,27,27,27,27,41,27,27,27,27,27,41,27,41,41,27,27,39,41,41,41,30,27,41,41,41,41,41,27,41,41,41,41,27,27,41,27,41,27,27,27,27,27,41,41,41,41,41,41,41,220,27,27,27,27,41,41,41,230,230,230,41,229,56,39,27,40,41,41,27,41,41,41,41,41,27,35,41,27,27,31,41,27,41,41,178,27,27,27,27,27,41,41,41,41,41,41,28,27,41,27,27,27,27,41,41,41,27,27,27,27,27,27,27,27,27,41,41,41,41,27,229,41,27,41,229,49,29,27,27,27,229,41,41,38,229,41,27,229,161,27,27,27,230,27,230,40,229,229,27,27,229,229,229,27,27,34,213,57,125,216,229,41,31,229,34,27,41,41,27,29,41,27,27,27,27,41,41,27,40,27,40,27,229,41,27,27,29,41,41,41,27,27,27,27,41,39,29,27,27,27,27,28,27,27,41,27,27,27,27,27,27,27,229,27,27,37,27,27,27,230,230,160,230,230,230,230,27,41,41,28,41,27,41,27,41,38,27,27,230,230,41,230,230,209,41,229,27,230,41,27,41,160,27,27,41,28,41,27,41,41,41,27,27,27,41,41,41,41,39,41,41,27,41,41,41,27,33,41,182,229,27,230,230,27,27,43,27,41,41,27,27,41,41,41,41,39,27,41,230,27,27,27,27,27,27,27,65,27,41,41,33,41,27,27,27,27,36,41,27,41,41,38,36,27,41,27,27,41,41,27,27,27,27,27,34,27,41,40,41,41,41,41,27,41,27,41,41,41,27,41,27,41,27,27,27,27,32,27,41,176,41,41,229,229,27,27,27,41,27,41,27,41,31,33,27,30,27,229,41,72,27,41,41,218,27,41,50,37,41,41,41,229,41,27,38,41,95,27,27,27,27,230,230,41,27,81,27,27,41,27,27,41,27,41,27,41,41,41,41,27,27,27,30,27,41,27,27,41,27,29,27,41,27,41,39,41,27,28,35,41,41,41,41,41,41,27,41,41,37,41,27,27,27,41,41,31,27,41,41,41,41,27,27,27,41,41,27,41,27,41,41,41,41,41,41,41,41,41,41,27,41,29,41,27,41,36,27,27,41,41,27,29,27,27,38,36,28,41,27,34,41,41,27,41,27,41,27,27,27,27,27,27,27,27,27,27,39,27,41,41,41,27,27,41,41,41,41,41,41,27,27,41,27,41,41,41,41,41,41,27,41,27,41,27,41,27,41,41,27,27,41,41,41,27,41,41,40,27,164,229,41,188,41,27,41,41,27,38,27,41,41,41,41,41,41,35,41,41,41,28,28,41,39,41,38,41,35,41,27,41,41,41,40,41,27,41,27,27,27,41,27,27,27,27,28,27,41,27,27,27,27,27,27,27,27,33,41,27,41,40,41,28,27,41,41,41,41,27,27,27,27,27,37,27,27,29,27,41,27,41,41,27,27,27,41,27,41,27,29,41,41,41,41,41,40,34,27,41,41,27,41,41,41,41,27,41,41,64,41,41,41,27,41,41,41,41
230,219,27,230,27,230,33,230,230,230,87,41,27,41,27,41,27,41,41,41,34,27,27,27,27,27,41,41,41,27,41,27,27,30,27,27,27,27,27,28,27,41,27,41,41,27,41,41,41,27,27,41,40,27,27,38,41,27,27,27,27,38,41,27,41,41,41,27,41,41,41,41,41,41,41,41,41,27,30,45,27,199,77,27,230,41,41,27,230,27,73,27,41,29,27,41,27,41,167,28,33,41,41,27,41,27,28,27,41,109,184,229,41,41,27,41,41,41,27,41,194,27,27,41,27,27,27,27,27,39,44,27,41,41,33,41,27,40,41,27,161,180,212,36,27,41,27,27,41,27,30,41,27,27,27,39,27,30,41,27,27,41,223,27,70,27,27,27,229,229,229,229,71,38,27,27,229,41,27,27,92,179,230,27,230,227,41,27,229,29,27,27,27,41,41,41,41,41,41,45,30,27,35,221,67,27,38,27,194,229,42,40,41,27,28,41,27,41,41,41,31,27,229,27,27,27,27,229,99,27,230,27,27,29,27,230,27,230,230,77,27,230,27,230,230,41,230,33,230,75,43,30,230,41,27,27,27,41,230,230,27,230,27,27,230,41,230,27,27,41,41,41,41,28,29,41,41,41,27,41,27,27,41,27,229,27,29,41,27,41,38,27,229,215,67,41,30,41,178,41,30,230,27,230,33,27,230,27,27,27,27,229,27,230,27,230,230,229,151,163,27,27,27,41,27,27,27,27,41,27,27,27,27,27,40,27,41,41,27,27,39,41,41,41,27,27,41,41,41,41,41,27,41,41,41,41,27,27,41,27,41,27,27,27,27,27,41,40,41,41,41,41,41,155,27,27,27,27,41,79,38,229,230,230,38,229,200,29,28,28,39,41,27,41,41,41,41,41,27,35,41,27,27,27,41,27,41,39,228,27,27,27,27,27,41,41,41,39,41,41,28,27,41,27,27,27,27,41,41,41,32,27,27,27,27,27,27,27,27,41,41,41,41,27,229,41,27,41,219,27,39,27,27,27,229,41,41,41,229,41,27,181,50,28,27,27,230,27,230,41,229,229,27,27,229,229,229,27,27,34,118,27,58,207,229,96,38,203,30,27,41,41,32,27,41,27,27,27,27,39,41,27,35,30,41,27,229,41,27,27,35,41,41,41,27,27,31,27,41,41,32,27,27,27,27,32,27,27,41,27,27,27,27,27,27,27,229,27,27,37,27,27,27,230,230,65,181,160,230,230,27,41,41,35,41,27,41,27,41,41,27,27,220,230,41,227,230,229,41,230,30,202,67,27,41,27,27,27,41,28,41,27,41,41,38,27,30,27,41,41,41,41,41,41,41,27,41,41,41,27,33,41,229,229,27,230,230,27,27,41,27,41,41,27,27,41,41,41,41,39,27,41,230,27,27,27,27,27,27,27,65,27,41,41,28,41,27,27,27,27,36,41,27,41,41,41,27,27,41,27,27,41,41,27,27,27,27,27,40,27,41,41,41,41,41,41,27,41,29,41,41,41,27,41,27,41,27,41,27,27,32,27,38,229,41,41,230,229,27,27,41,41,39,41,27,41,27,38,27,30,27,229,41,41,27,41,41,178,27,41,50,41,41,41,41,225,41,29,30,41,97,27,27,27,27,97,230,83,27,122,27,27,41,27,27,41,27,41,27,41,41,41,41,40,27,29,27,27,41,27,27,41,27,38,27,41,27,41,29,41,27,27,41,41,41,41,41,41,41,27,41,41,34,41,27,27,27,41,41,31,27,41,41,41,41,27,27,27,41,41,27,41,27,41,41,41,41,41,39,41,41,41,41,28,41,40,41,27,41,28,27,27,41,30,27,39,27,27,31,36,27,41,27,31,41,41,27,41,27,41,27,27,27,27,27,27,27,27,27,27,39,29,41,41,41,27,27,41,41,41,41,41,41,27,27,41,27,41,41,41,41,41,41,29,41,27,41,27,41,41,41,41,27,27,41,41,41,30,41,41,31,27,229,229,41,74,41,27,39,41,27,29,27,41,41,41,41,41,41,36,41,41,41,39,27,41,29,41,30,41,40,41,27,41,41,41,41,41,27,38,27,27,27,41,27,27,27,27,27,27,41,27,27,27,27,27,27,27,27,33,41,27,41,28,41,35,27,41,41,41,41,29,27,27,27,27,41,29,27,27,29,41,27,41,41,27,27,27,41,27,41,27,38,40,41,41,41,41,28,34,27,41,41,27,41,41,41,41,27,41,41,152,41,33,41,28,50,41,41,58
230,230,27,27,27,230,230,230,230,230,87,41,27,41,41,41,41,41,38,41,34,27,27,27,27,27,41,41,41,27,41,27,27,38,27,27,27,27,27,27,32,41,27,41,41,27,41,41,41,27,27,37,41,27,31,30,41,36,31,27,29,30,41,31,41,41,41,27,41,41,41,40,41,41,41,38,41,41,27,45,27,119,184,27,230,37,41,103,230,27,68,27,41,27,27,41,27,41,227,41,33,41,38,32,41,27,37,27,41,109,50,229,223,41,27,41,90,41,27,41,57,27,27,41,27,27,27,27,27,41,53,27,41,41,28,37,27,31,41,27,161,71,138,41,27,41,29,27,41,27,38,41,27,27,27,71,30,27,41,27,30,41,229,27,201,28,27,27,229,27,229,63,27,41,27,27,229,41,27,27,92,46,230,27,230,112,41,230,230,27,27,27,27,41,41,41,41,41,41,38,39,27,42,229,27,27,29,27,229,153,49,33,41,27,37,41,27,41,41,41,31,27,229,27,27,27,27,210,29,27,170,27,27,82,27,190,27,230,230,77,27,230,103,230,177,219,27,230,171,27,43,38,193,41,27,27,31,92,230,230,27,169,27,27,27,224,230,27,27,41,41,41,41,37,27,41,41,41,27,37,27,27,41,27,223,27,39,41,30,41,155,27,176,229,41,41,27,41,229,224,30,230,27,230,230,27,169,27,27,27,27,230,27,230,27,230,230,229,229,163,27,27,27,90,27,27,27,27,96,27,27,27,27,27,31,27,41,41,27,27,39,41,41,41,27,27,41,41,41,41,41,27,41,41,41,41,27,30,41,27,41,27,31,31,27,41,41,27,41,45,41,41,41,43,27,27,31,27,41,124,31,227,229,230,29,229,230,27,82,27,29,41,27,41,41,41,41,41,27,35,41,29,27,27,41,27,36,29,230,27,32,32,27,36,41,41,39,28,41,27,28,27,41,27,27,27,27,27,41,41,32,27,27,27,27,27,27,27,27,41,41,41,36,27,27,41,32,41,118,27,41,29,27,27,205,223,41,41,161,41,29,59,41,36,27,27,230,27,230,59,229,227,32,32,229,229,229,31,27,34,48,27,41,205,181,218,41,64,27,27,41,41,41,27,41,28,27,27,27,29,41,27,28,39,41,27,229,41,36,27,40,41,38,41,27,27,38,31,41,41,34,27,27,27,27,41,27,27,36,27,27,27,27,27,27,27,188,27,27,39,27,27,29,230,230,41,59,27,230,230,27,41,41,40,41,27,41,27,41,41,31,27,119,222,75,31,230,230,73,196,96,52,181,27,41,27,27,27,41,28,41,27,38,41,29,30,39,27,41,41,41,41,41,41,41,27,41,41,41,30,83,41,230,229,27,230,230,31,27,41,27,41,41,28,27,41,41,41,41,39,27,109,230,27,32,27,27,27,27,27,65,27,41,41,27,41,27,27,27,27,36,41,41,41,41,41,27,36,41,27,27,41,41,27,27,27,27,32,41,27,41,41,41,41,41,41,27,37,36,38,41,41,27,41,27,41,27,41,28,28,32,90,30,229,41,41,230,229,27,27,27,41,27,41,32,41,27,41,27,30,31,229,41,41,41,41,37,133,27,41,50,104,41,41,41,32,41,39,27,41,126,27,27,27,27,27,230,208,27,139,27,27,41,27,27,38,27,41,27,41,41,41,41,41,29,36,27,27,41,27,27,41,27,41,27,41,27,41,27,41,27,27,41,41,41,41,41,41,36,27,41,41,29,41,27,30,30,41,41,38,27,41,36,41,41,27,27,27,41,41,27,41,27,41,41,41,41,41,29,41,41,41,36,38,41,41,41,27,41,27,31,31,41,29,27,41,27,27,27,36,27,41,27,28,41,41,27,41,27,41,27,27,27,27,27,27,27,27,27,27,39,36,36,41,41,29,27,41,36,38,41,41,37,27,27,41,27,36,41,41,36,41,27,41,41,27,36,32,41,41,27,37,27,32,41,41,37,39,41,41,29,27,229,215,75,27,41,30,29,41,27,27,27,41,41,41,41,41,41,40,41,41,41,41,27,41,27,41,27,41,41,41,27,41,41,41,41,38,30,30,27,27,27,41,27,27,27,27,27,27,36,27,27,27,27,27,27,27,27,33,41,27,41,27,41,41,41,41,41,41,41,41,27,30,30,27,41,40,30,27,39,39,32,41,41,36,27,27,41,27,35,27,41,35,41,41,41,27,41,34,27,41,41,27,41,41,41,41,27,41,41,220,41,38,36,31,174,41,41,168
230,230,27,27,27,230,230,230,230,230,87,41,27,41,41,41,41,41,38,41,34,27,27,27,27,27,41,41,41,27,41,27,27,38,27,27,27,27,27,27,32,41,27,41,41,27,41,41,41,27,27,37,41,27,31,30,41,36,31,27,29,30,41,31,41,41,41,27,41,41,41,40,41,41,41,38,41,41,27,45,27,119,184,27,230,37,41,103,230,27,68,27,41,27,27,41,27,41,227,41,33,41,38,32,41,27,37,27,41,109,50,229,223,41,27,41,90,41,27,41,57,27,27,41,27,27,27,27,27,41,53,27,41,41,28,37,27,31,41,27,161,71,138,41,27,41,29,27,41,27,38,41,27,27,27,71,30,27,41,27,30,41,229,27,201,28,27,27,229,27,229,63,27,41,27,27,229,41,27,27,92,46,230,27,230,112,41,230,230,27,27,27,27,41,41,41,41,41,41,38,39,27,42,229,27,27,29,27,229,153,49,33,41,27,37,41,27,41,41,41,31,27,229,27,27,27,27,210,29,27,170,27,27,82,27,190,27,230,230,77,27,230,103,230,177,219,27,230,171,27,43,38,193,41,27,27,31,92,230,230,27,169,27,27,27,224,230,27,27,41,41,41,41,37,27,41,41,41,27,37,27,27,41,27,223,27,39,41,30,41,155,27,176,229,41,41,27,41,229,224,30,230,27,230,230,27,169,27,27,27,27,230,27,230,27,230,230,229,229,163,27,27,27,90,27,27,27,27,96,27,27,27,27,27,31,27,41,41,27,27,39,41,41,41,27,27,41,41,41,41,41,27,41,41,41,41,27,30,41,27,41,27,31,31,27,41,41,27,41,45,41,41,41,43,27,27,31,27,41,124,31,227,229,230,29,229,230,27,82,27,29,41,27,41,41,41,41,41,27,35,41,29,27,27,41,27,36,29,230,27,32,32,27,36,41,41,39,28,41,27,28,27,41,27,27,27,27,27,41,41,32,27,27,27,27,27,27,27,27,41,41,41,36,27,27,41,32,41,118,27,41,29,27,27,205,223,41,41,161,41,29,59,41,36,27,27,230,27,230,59,229,227,32,32,229,229,229,31,27,34,48,27,41,205,181,218,41,64,27,27,41,41,41,27,41,28,27,27,27,29,41,27,28,39,41,27,229,41,36,27,40,41,38,41,27,27,38,31,41,41,34,27,27,27,27,41,27,27,36,27,27,27,27,27,27,27,188,27,27,39,27,27,29,230,230,41,59,27,230,230,27,41,41,40,41,27,41,27,41,41,31,27,119,222,75,31,230,230,73,196,96,52,181,27,41,27,27,27,41,28,41,27,38,41,29,30,39,27,41,41,41,41,41,41,41,27,41,41,41,30,83,41,230,229,27,230,230,31,27,41,27,41,41,28,27,41,41,41,41,39,27,109,230,27,32,27,27,27,27,27,65,27,41,41,27,41,27,27,27,27,36,41,41,41,41,41,27,36,41,27,27,41,41,27,27,27,27,32,41,27,41,41,41,41,41,41,27,37,36,38,41,41,27,41,27,41,27,41,28,28,32,90,30,229,41,41,230,229,27,27,27,41,27,41,32,41,27,41,27,30,31,229,41,41,41,41,37,133,27,41,50,104,41,41,41,32,41,39,27,41,126,27,27,27,27,27,230,208,27,139,27,27,41,27,27,38,27,41,27,41,41,41,41,41,29,36,27,27,41,27,27,41,27,41,27,41,27,41,27,41,27,27,41,41,41,41,41,41,36,27,41,41,29,41,27,30,30,41,41,38,27,41,36,41,41,27,27,27,41,41,27,41,27,41,41,41,41,41,29,41,41,41,36,38,41,41,41,27,41,27,31,31,41,29,27,41,27,27,27,36,27,41,27,28,41,41,27,41,27,41,27,27,27,27,27,27,27,27,27,27,39,36,36,41,41,29,27,41,36,38,41,41,37,27,27,41,27,36,41,41,36,41,27,41,41,27,36,32,41,41,27,37,27,32,41,41,37,39,41,41,29,27,229,215,75,27,41,30,29,41,27,27,27,41,41,41,41,41,41,40,41,41,41,41,27,41,27,41,27,41,41,41,27,41,41,41,41,38,30,30,27,27,27,41,27,27,27,27,27,27,36,27,27,27,27,27,27,27,27,33,41,27,41,27,41,41,41,41,41,41,41,41,27,30,30,27,41,40,30,27,39,39,32,41,41,36,27,27,41,27,35,27,41,35,41,41,41,27,41,34,27,41,41,27,41,41,41,41,27,41,41,220,41,38,36,31,174,41,41,168
118,230,230,27,90,230,230,230,230,230,27,41,31,41,41,41,41,31,28,39,34,27,27,27,27,27,30,40,41,27,35,27,27,41,27,27,27,27,27,27,41,41,27,33,41,28,32,30,41,36,41,29,41,33,39,27,41,41,39,33,41,27,41,38,41,41,41,27,31,41,41,27,41,41,41,29,41,41,27,45,27,56,230,27,230,27,122,230,230,27,41,27,40,28,37,41,29,41,230,44,33,41,28,41,41,33,41,27,41,109,27,229,229,113,27,35,193,115,27,37,27,27,27,41,27,27,27,27,27,41,30,27,33,41,27,27,27,27,40,27,32,27,50,41,27,41,41,27,41,41,41,41,27,30,31,162,41,27,37,36,39,41,229,27,87,36,28,27,229,27,229,110,110,41,32,27,27,41,27,27,119,27,173,27,230,67,36,230,152,27,27,27,27,41,41,41,27,41,30,38,169,34,165,229,27,27,52,27,229,27,50,27,41,32,41,41,32,40,41,41,31,27,67,27,27,27,27,31,27,27,40,27,27,228,27,76,27,230,186,27,27,230,230,230,30,84,27,230,54,27,43,117,27,41,27,27,111,221,230,227,27,36,27,230,27,224,230,27,27,41,132,41,41,41,27,41,41,41,33,37,33,34,41,34,27,27,56,40,49,41,230,43,43,230,41,31,27,35,229,98,142,230,133,124,230,229,30,137,51,72,27,230,53,87,30,230,230,229,230,164,41,27,27,203,41,27,27,27,196,27,27,27,27,27,27,27,33,27,27,27,39,41,41,28,35,27,41,34,34,41,37,27,41,41,41,33,36,40,40,41,41,41,39,41,36,41,41,27,41,53,40,41,41,38,41,27,39,27,41,29,29,76,208,216,27,41,230,27,223,27,27,41,28,41,41,41,41,34,27,35,41,38,27,27,40,36,27,27,230,38,41,41,41,41,41,41,28,27,41,27,28,27,41,27,27,27,27,27,27,41,41,27,27,27,27,27,27,27,27,41,41,41,27,36,27,41,41,41,28,41,41,94,27,37,41,229,41,31,41,36,37,31,41,41,27,27,224,27,169,224,229,93,168,191,86,217,229,130,34,34,41,27,39,179,57,229,171,40,31,27,37,41,41,27,28,41,27,27,27,27,170,37,35,41,41,36,164,41,41,27,41,41,29,41,31,27,41,40,34,33,34,27,27,27,27,36,27,27,28,27,27,27,27,27,27,27,27,27,27,39,27,27,37,230,230,51,36,27,230,230,40,41,41,41,41,41,41,27,41,41,54,38,28,34,225,27,230,230,148,37,96,28,55,27,41,27,38,38,41,28,41,27,27,40,27,41,41,27,41,33,30,41,91,40,40,27,41,79,41,39,108,41,230,180,27,229,230,161,27,41,27,41,41,41,35,41,41,41,41,39,27,227,97,27,32,27,27,27,27,27,46,27,39,36,27,30,27,27,27,27,29,41,41,41,40,31,27,41,41,27,41,41,41,27,41,41,27,40,41,37,40,41,41,41,41,41,27,28,41,28,41,40,38,41,41,27,27,41,41,41,32,211,27,229,41,41,203,229,33,27,27,41,27,38,31,41,27,35,27,31,41,229,41,61,41,39,27,124,27,41,50,116,41,41,41,31,35,41,27,41,169,27,27,27,27,27,94,194,27,69,27,27,41,27,27,27,27,41,27,37,39,41,41,34,41,41,27,27,41,27,41,41,27,41,38,41,41,41,27,41,27,27,41,41,36,41,41,41,27,27,41,41,33,41,27,41,33,41,40,41,168,41,27,41,41,43,27,43,41,41,27,41,38,41,31,41,41,41,27,41,39,40,27,41,41,41,41,34,41,34,41,41,41,41,27,41,32,27,27,35,27,40,27,27,27,41,27,40,27,40,27,27,27,27,27,27,27,27,27,27,39,41,27,41,41,40,27,41,27,29,41,41,28,27,37,41,33,27,41,41,27,41,27,41,41,27,27,30,41,41,27,27,27,27,41,40,28,41,41,41,29,27,229,27,208,27,39,39,27,41,27,27,38,30,40,39,27,41,41,41,37,41,41,41,27,41,27,41,27,41,41,30,38,41,41,41,41,28,38,27,27,27,27,39,27,27,27,27,27,27,27,27,27,27,27,27,27,27,27,27,36,27,41,27,41,41,41,41,41,41,41,41,27,32,41,37,41,41,40,32,41,30,41,41,41,41,27,32,41,37,27,37,41,28,41,27,41,27,41,34,27,41,41,33,30,41,41,41,27,41,34,230,41,27,27,32,229,41,41,226
27,230,230,160,205,162,230,230,230,230,27,41,40,41,41,41,41,27,28,28,34,27,27,27,27,27,27,27,41,27,27,27,27,41,27,27,27,27,27,27,41,36,41,27,41,41,27,27,39,41,41,31,41,40,41,27,27,41,41,41,41,27,41,41,33,41,41,38,41,41,30,27,41,41,41,32,41,27,27,45,73,38,230,27,230,96,45,230,225,27,36,32,28,49,156,41,39,41,210,193,83,41,27,41,41,41,41,38,39,109,27,229,229,218,27,37,228,229,27,53,27,27,27,96,27,27,27,27,27,39,27,27,27,29,27,27,27,27,27,27,32,32,32,41,27,41,41,30,41,41,41,41,27,38,40,64,41,27,27,41,70,41,229,27,40,60,41,27,61,27,229,229,227,41,137,27,27,223,27,27,161,27,41,42,174,37,27,230,45,132,41,41,27,38,41,38,27,41,37,38,229,167,229,229,27,34,229,27,197,27,50,40,41,41,41,41,41,27,41,41,31,27,27,27,27,27,27,27,27,27,27,27,27,108,27,27,27,161,40,27,27,230,230,83,27,189,27,230,128,27,43,230,27,41,27,27,230,227,230,112,27,27,27,230,27,230,108,38,27,41,132,41,41,41,27,41,30,41,41,37,50,49,41,49,27,27,229,27,192,41,221,229,41,230,41,27,68,27,230,41,190,182,230,27,230,230,171,230,225,216,27,93,230,27,78,230,33,229,69,164,230,27,27,27,41,27,27,27,27,27,27,27,27,27,27,27,27,27,27,27,39,41,41,41,41,40,34,27,27,39,27,35,41,41,41,27,41,33,27,41,41,41,35,41,41,27,33,35,41,35,27,35,186,41,41,27,41,27,116,41,152,31,27,61,85,27,224,73,211,43,94,39,45,38,41,41,41,27,27,41,41,41,39,27,27,41,27,27,230,41,41,41,41,41,27,41,27,27,41,27,28,27,34,27,27,27,27,27,27,27,32,27,27,27,27,27,27,27,27,41,41,30,27,41,36,41,41,41,41,49,44,121,27,127,41,229,32,186,35,35,105,80,79,100,27,27,29,27,27,228,27,27,229,229,27,27,72,229,187,34,27,27,45,27,27,120,120,31,143,27,28,27,32,27,39,41,41,27,27,38,224,41,41,41,41,41,229,41,41,41,41,41,27,41,41,41,41,41,41,39,34,27,27,27,27,31,27,27,27,27,27,27,27,27,27,27,27,27,27,37,35,35,141,35,69,216,194,41,230,180,55,41,41,41,41,41,41,27,41,41,147,191,186,27,219,27,230,115,40,35,39,41,41,29,41,41,41,41,41,29,41,41,33,28,29,41,41,27,41,27,27,32,213,31,31,27,41,227,39,69,108,41,228,70,30,229,105,229,27,41,27,41,41,41,41,38,40,41,41,27,27,46,27,27,29,27,27,27,27,27,27,27,27,27,27,27,27,27,27,27,27,33,27,41,27,41,41,41,41,27,32,41,28,27,27,41,32,41,40,41,27,41,41,30,30,41,27,27,41,27,30,27,41,41,41,27,27,41,41,41,32,230,42,230,30,30,27,230,41,146,27,41,27,28,27,27,27,27,27,38,41,229,41,164,41,27,27,229,27,36,50,40,30,41,41,40,27,41,28,41,123,27,27,27,27,27,27,27,27,27,27,27,27,27,27,27,27,27,27,30,27,40,41,41,41,41,27,27,41,27,41,27,41,41,41,27,41,41,27,41,41,27,41,38,27,27,41,41,39,39,41,41,41,41,41,41,31,41,27,37,213,32,188,41,36,229,27,229,41,41,27,39,41,33,33,27,27,41,27,36,38,28,27,41,41,41,41,41,41,41,41,41,36,41,41,41,41,38,27,27,27,27,27,27,27,27,27,27,27,27,27,27,27,27,27,27,27,27,27,27,33,41,27,41,35,41,33,41,27,27,41,41,39,27,41,41,40,27,41,41,27,41,27,41,41,27,27,38,41,41,27,27,41,27,41,27,39,41,38,41,32,77,229,27,201,27,27,107,27,229,27,30,41,27,27,27,27,41,38,34,28,41,40,41,27,41,27,39,27,41,41,27,41,41,41,39,41,27,37,27,27,27,27,27,27,27,27,27,27,27,27,27,27,27,27,27,27,27,27,27,27,41,41,27,41,41,41,27,41,41,41,41,41,33,41,41,41,41,33,41,41,41,41,41,41,41,33,41,41,41,27,41,41,29,41,27,41,33,41,34,41,27,27,41,36,41,41,41,27,27,30,189,41,33,38,27,130,41,41,200
27,230,230,160,205,162,230,230,230,230,27,41,40,41,41,41,41,27,28,28,34,27,27,27,27,27,27,27,41,27,27,27,27,41,27,27,27,27,27,27,41,36,41,27,41,41,27,27,39,41,41,31,41,40,41,27,27,41,41,41,41,27,41,41,33,41,41,38,41,41,30,27,41,41,41,32,41,27,27,45,73,38,230,27,230,96,45,230,225,27,36,32,28,49,156,41,39,41,210,193,83,41,27,41,41,41,41,38,39,109,27,229,229,218,27,37,228,229,27,53,27,27,27,96,27,27,27,27,27,39,27,27,27,29,27,27,27,27,27,27,32,32,32,41,27,41,41,30,41,41,41,41,27,38,40,64,41,27,27,41,70,41,229,27,40,60,41,27,61,27,229,229,227,41,137,27,27,223,27,27,161,27,41,42,174,37,27,230,45,132,41,41,27,38,41,38,27,41,37,38,229,167,229,229,27,34,229,27,197,27,50,40,41,41,41,41,41,27,41,41,31,27,27,27,27,27,27,27,27,27,27,27,27,108,27,27,27,161,40,27,27,230,230,83,27,189,27,230,128,27,43,230,27,41,27,27,230,227,230,112,27,27,27,230,27,230,108,38,27,41,132,41,41,41,27,41,30,41,41,37,50,49,41,49,27,27,229,27,192,41,221,229,41,230,41,27,68,27,230,41,190,182,230,27,230,230,171,230,225,216,27,93,230,27,78,230,33,229,69,164,230,27,27,27,41,27,27,27,27,27,27,27,27,27,27,27,27,27,27,27,39,41,41,41,41,40,34,27,27,39,27,35,41,41,41,27,41,33,27,41,41,41,35,41,41,27,33,35,41,35,27,35,186,41,41,27,41,27,116,41,152,31,27,61,85,27,224,73,211,43,94,39,45,38,41,41,41,27,27,41,41,41,39,27,27,41,27,27,230,41,41,41,41,41,27,41,27,27,41,27,28,27,34,27,27,27,27,27,27,27,32,27,27,27,27,27,27,27,27,41,41,30,27,41,36,41,41,41,41,49,44,121,27,127,41,229,32,186,35,35,105,80,79,100,27,27,29,27,27,228,27,27,229,229,27,27,72,229,187,34,27,27,45,27,27,120,120,31,143,27,28,27,32,27,39,41,41,27,27,38,224,41,41,41,41,41,229,41,41,41,41,41,27,41,41,41,41,41,41,39,34,27,27,27,27,31,27,27,27,27,27,27,27,27,27,27,27,27,27,37,35,35,141,35,69,216,194,41,230,180,55,41,41,41,41,41,41,27,41,41,147,191,186,27,219,27,230,115,40,35,39,41,41,29,41,41,41,41,41,29,41,41,33,28,29,41,41,27,41,27,27,32,213,31,31,27,41,227,39,69,108,41,228,70,30,229,105,229,27,41,27,41,41,41,41,38,40,41,41,27,27,46,27,27,29,27,27,27,27,27,27,27,27,27,27,27,27,27,27,27,27,33,27,41,27,41,41,41,41,27,32,41,28,27,27,41,32,41,40,41,27,41,41,30,30,41,27,27,41,27,30,27,41,41,41,27,27,41,41,41,32,230,42,230,30,30,27,230,41,146,27,41,27,28,27,27,27,27,27,38,41,229,41,164,41,27,27,229,27,36,50,40,30,41,41,40,27,41,28,41,123,27,27,27,27,27,27,27,27,27,27,27,27,27,27,27,27,27,27,30,27,40,41,41,41,41,27,27,41,27,41,27,41,41,41,27,41,41,27,41,41,27,41,38,27,27,41,41,39,39,41,41,41,41,41,41,31,41,27,37,213,32,188,41,36,229,27,229,41,41,27,39,41,33,33,27,27,41,27,36,38,28,27,41,41,41,41,41,41,41,41,41,36,41,41,41,41,38,27,27,27,27,27,27,27,27,27,27,27,27,27,27,27,27,27,27,27,27,27,27,33,41,27,41,35,41,33,41,27,27,41,41,39,27,41,41,40,27,41,41,27,41,27,41,41,27,27,38,41,41,27,27,41,27,41,27,39,41,38,41,32,77,229,27,201,27,27,107,27,229,27,30,41,27,27,27,27,41,38,34,28,41,40,41,27,41,27,39,27,41,41,27,41,41,41,39,41,27,37,27,27,27,27,27,27,27,27,27,27,27,27,27,27,27,27,27,27,27,27,27,27,41,41,27,41,41,41,27,41,41,41,41,41,33,41,41,41,41,33,41,41,41,41,41,41,41,33,41,41,41,27,41,41,29,41,27,41,33,41,34,41,27,27,41,36,41,41,41,27,27,30,189,41,33,38,27,130,41,41,200
