29,27,27,27,41,41,27,41,27,41,41,41,41,27,27,41,27,41,41,27,34,41,27,41,32,41,41,27,27,41,27,27,41,27,27,27,27,27,41,41,41,41,27,27,27,41,41,38,38,41,41,27,41,41,41,41,27,41,41,41,27,27,27,27,27,27,27,27,27,27,27,27,27,27,27,27,27,27,27,27,27,41,41,41,41,27,41,27,41,41,27,41,41,27,41,27,41,32,27,27,42,41,27,228,160,27,27,27,228,229,27,27,27,59,27,160,230,230,41,204,41,41,33,30,41,41,41,41,27,27,29,33,27,27,27,28,41,27,41,41,41,41,41,27,27,27,27,30,41,41,27,41,41,27,27,33,41,27,41,27,27,27,27,27,27,27,27,27,27,27,27,27,27,27,27,27,27,27,27,27,36,27,41,27,41,41,41,41,27,27,27,41,41,41,27,40,41,41,53,38,41,41,41,27,27,41,41,40,40,36,27,27,30,27,27,229,41,28,27,229,37,41,41,41,41,41,41,27,32,27,27,27,27,27,41,41,41,27,41,41,41,41,41,41,27,41,27,27,27,41,41,41,41,27,41,41,27,27,41,41,27,27,27,27,27,27,27,27,27,27,27,27,27,27,27,29,27,27,27,31,27,230,33,41,27,27,27,27,41,64,27,41,41,27,41,230,230,230,27,41,38,27,229,27,229,27,181,27,212,86,27,27,51,27,27,27,27,230,230,32,41,41,41,41,41,41,41,41,41,27,28,41,41,27,27,41,41,27,27,27,27,28,39,41,27,41,41,27,27,27,41,41,41,40,27,27,27,41,27,30,27,27,27,27,27,27,27,27,27,27,27,27,27,27,27,27,27,27,27,27,38,27,41,27,27,41,27,41,27,41,41,41,27,41,27,27,41,27,27,35,27,41,40,27,41,27,29,41,27,41,41,27,27,27,41,27,41,41,27,41,30,41,40,41,27,41,41,41,41,27,41,41,27,41,27,41,27,41,27,41,27,27,27,59,27,40,33,41,27,41,41,32,41,41,41,27,41,41,41,192,28,27,27,27,27,27,27,27,27,27,27,27,27,27,29,27,27,27,27,27,41,27,27,41,27,41,41,41,41,87,27,230,34,73,27,27,230,230,230,228,227,212,229,27,27,144,27,27,211,27,66,41,41,27,30,27,41,27,27,28,34,27,27,41,41,30,38,41,27,41,230,41,27,27,41,188,27,41,41,27,41,41,27,27,27,41,41,74,32,230,39,27,41,44,230,27,44,41,27,229,116,27,27,27,27,27,27,27,27,27,27,27,27,27,27,27,27,27,27,27,27,41,27,41,41,30,27,27,41,38,27,41,41,27,41,40,27,27,27,27,33,41,27,41,27,27,27,41,27,103,38,209,27,30,37,41,27,41,229,29,38,33,27,41,41,27,27,41,41,27,41,27,41,27,27,27,27,41,27,41,41,41,27,41,32,27,41,27,41,27,38,27,41,27,27,41,41,28,41,39,27,27,27,27,27,27,27,27,27,27,27,27,27,27,27,27,27,27,27,27,27,41,41,27,27,41,41,33,41,27,28,27,41,27,41,27,27,29,27,38,212,179,27,29,200,27,27,41,33,229,218,27,51,27,205,32,205,27,195,205,85,38,41,27,41,41,229,41,28,132,230,230,229,27,230,230,230,27,27,27,32,41,27,41,27,27,27,28,41,41,27,41,41,30,41,41,27,41,41,27,30,27,27,27,27,27,27,27,27,27,27,27,27,27,27,27,27,27,27,31,27,27,41,41,41,41,41,41,41,41,41,27,39,27,41,27,41,41,27,41,30,27,27,27,41,27,27,27,27,41,27,27,223,229,41,27,41,27,27,32,27,27,41,41,27,27,39,27,27,38,230,212,27,27,27,230,4,17,27,230,73,41,41,27,41,27,41,33,41,41,27,32,27,41,229,27,40,27,27,27,27,27,27,27,27,27,27,27,27,27,27,27,27,27,27,27,27,27,27,27,181,27,229,229,27,230,27,229,27,230,230,229,27,230,229,27,230,229,230,148,47,27,27,27,27,205,230,44,230,43,27,27,51,205,29,205,27,27,27,205,45,27,27,27,27,41,41,27,41,41,41,28,41,27,27,27,41,27,41,41,41,41,27,41,28,41,29,28,41,27,41,40,40,41,27,41,41,41,41,41,28,27,27,27,27,27,27,27,27,27,27,27,27,27,27,27,27,27,27,34,27,41,38,41,27,41,27,27,41,87,230,27,230,27,27,230,71,27,27,27
35,29,27,27,41,41,27,41,27,41,41,41,41,27,27,41,27,41,41,27,34,41,27,41,28,41,41,27,27,41,27,29,41,27,27,27,27,27,41,41,41,41,27,27,27,41,41,41,33,41,41,27,41,41,41,41,27,41,41,41,27,27,27,27,27,27,27,27,27,27,27,27,27,27,27,27,27,27,27,27,27,41,41,41,41,27,41,27,41,41,27,41,41,27,41,27,41,27,27,27,35,39,60,179,229,27,27,27,197,229,27,27,27,145,27,230,230,230,41,204,41,39,28,37,41,32,41,32,27,27,39,31,27,27,27,27,41,27,41,41,41,41,41,27,27,30,27,38,41,41,27,41,41,27,27,28,41,27,41,27,27,27,27,27,27,27,27,27,27,27,27,27,27,27,27,27,27,27,27,27,36,27,40,29,32,32,41,41,27,27,27,41,41,41,29,32,41,41,41,38,41,41,41,27,27,41,41,29,29,40,27,27,27,36,27,229,41,27,27,229,37,40,41,41,41,41,40,27,27,27,27,27,27,27,32,41,41,27,41,39,41,41,41,41,27,41,27,27,27,41,41,41,41,27,41,41,27,27,27,41,27,27,27,27,27,27,27,27,27,27,27,27,27,27,27,27,27,27,27,31,29,230,28,41,27,27,27,27,41,41,27,41,32,27,41,230,41,230,27,41,36,27,229,27,229,27,84,27,229,41,27,27,28,40,27,27,27,230,230,32,41,41,41,32,41,41,41,41,41,27,27,41,41,27,27,41,41,27,27,27,27,27,41,39,27,41,41,27,27,27,41,41,41,41,27,27,27,41,27,28,27,27,27,27,27,27,27,27,27,27,27,27,27,27,27,27,27,27,27,27,32,27,41,27,27,41,27,41,27,41,41,41,27,41,27,27,41,27,27,35,27,38,41,27,41,27,39,41,27,41,41,27,27,27,41,27,41,41,27,41,37,41,32,41,27,41,41,41,41,27,41,41,27,41,30,41,27,41,27,41,27,27,27,41,27,32,28,41,27,41,41,27,41,39,41,27,41,41,40,78,28,27,27,27,27,27,27,27,27,27,27,27,27,27,27,27,27,27,27,27,41,27,27,41,27,41,39,32,41,87,27,230,27,179,27,27,230,230,230,220,226,229,229,27,27,212,27,27,53,27,87,41,41,27,27,27,41,27,27,27,34,27,27,41,32,38,41,41,27,41,230,41,30,27,41,83,27,41,41,27,41,41,27,29,27,41,41,41,32,230,41,27,41,27,229,27,27,41,27,229,116,27,27,27,27,27,27,27,27,27,27,27,27,27,27,27,27,27,27,27,27,41,27,41,41,38,27,41,41,41,27,41,39,27,41,41,27,27,27,27,33,41,28,41,27,27,27,41,27,109,30,56,27,27,28,40,27,41,223,29,41,28,27,41,41,27,41,41,41,27,41,27,41,27,27,27,27,41,27,41,32,41,27,41,28,27,41,27,41,27,41,27,41,27,27,40,41,27,41,39,27,27,27,27,27,27,27,27,27,27,27,27,27,27,27,27,27,27,27,27,36,41,41,27,27,41,41,28,41,27,27,27,41,27,41,27,27,40,27,38,229,86,27,39,65,27,27,41,28,229,220,27,28,27,209,142,205,27,205,210,76,41,41,27,41,41,229,41,40,132,230,230,229,27,230,230,230,27,27,27,27,41,27,39,27,27,31,27,41,41,27,41,41,38,41,41,27,41,41,27,30,27,27,27,27,27,27,27,27,27,27,27,27,27,27,27,27,27,27,28,27,27,41,41,41,41,41,41,41,41,41,27,33,27,41,27,41,41,27,41,30,27,41,27,41,27,27,27,27,41,27,27,41,223,41,27,41,27,27,32,27,27,41,41,27,30,33,27,27,38,230,230,27,27,27,230,19,25,27,230,73,41,41,27,41,27,40,28,41,41,27,28,27,41,229,27,41,27,27,27,27,27,27,27,27,27,27,27,27,27,27,27,27,27,27,27,27,27,27,27,202,27,229,229,27,229,27,229,27,230,228,229,27,230,229,27,230,229,230,148,151,27,27,27,27,57,230,152,230,27,27,27,132,211,27,205,27,27,27,205,45,27,30,27,27,41,41,27,41,41,41,40,41,30,27,27,41,27,41,41,41,41,27,41,27,41,39,27,41,27,41,33,32,41,27,41,41,41,41,41,28,27,27,27,27,27,27,27,27,27,27,27,27,27,27,27,27,27,27,34,27,41,41,41,27,41,27,27,41,87,230,27,230,27,27,230,181,27,27,27
35,29,27,27,41,41,27,41,27,41,41,41,41,27,27,41,27,41,41,27,34,41,27,41,28,41,41,27,27,41,27,29,41,27,27,27,27,27,41,41,41,41,27,27,27,41,41,41,33,41,41,27,41,41,41,41,27,41,41,41,27,27,27,27,27,27,27,27,27,27,27,27,27,27,27,27,27,27,27,27,27,41,41,41,41,27,41,27,41,41,27,41,41,27,41,27,41,27,27,27,35,39,60,179,229,27,27,27,197,229,27,27,27,145,27,230,230,230,41,204,41,39,28,37,41,32,41,32,27,27,39,31,27,27,27,27,41,27,41,41,41,41,41,27,27,30,27,38,41,41,27,41,41,27,27,28,41,27,41,27,27,27,27,27,27,27,27,27,27,27,27,27,27,27,27,27,27,27,27,27,36,27,40,29,32,32,41,41,27,27,27,41,41,41,29,32,41,41,41,38,41,41,41,27,27,41,41,29,29,40,27,27,27,36,27,229,41,27,27,229,37,40,41,41,41,41,40,27,27,27,27,27,27,27,32,41,41,27,41,39,41,41,41,41,27,41,27,27,27,41,41,41,41,27,41,41,27,27,27,41,27,27,27,27,27,27,27,27,27,27,27,27,27,27,27,27,27,27,27,31,29,230,28,41,27,27,27,27,41,41,27,41,32,27,41,230,41,230,27,41,36,27,229,27,229,27,84,27,229,41,27,27,28,40,27,27,27,230,230,32,41,41,41,32,41,41,41,41,41,27,27,41,41,27,27,41,41,27,27,27,27,27,41,39,27,41,41,27,27,27,41,41,41,41,27,27,27,41,27,28,27,27,27,27,27,27,27,27,27,27,27,27,27,27,27,27,27,27,27,27,32,27,41,27,27,41,27,41,27,41,41,41,27,41,27,27,41,27,27,35,27,38,41,27,41,27,39,41,27,41,41,27,27,27,41,27,41,41,27,41,37,41,32,41,27,41,41,41,41,27,41,41,27,41,30,41,27,41,27,41,27,27,27,41,27,32,28,41,27,41,41,27,41,39,41,27,41,41,40,78,28,27,27,27,27,27,27,27,27,27,27,27,27,27,27,27,27,27,27,27,41,27,27,41,27,41,39,32,41,87,27,230,27,179,27,27,230,230,230,220,226,229,229,27,27,212,27,27,53,27,87,41,41,27,27,27,41,27,27,27,34,27,27,41,32,38,41,41,27,41,230,41,30,27,41,83,27,41,41,27,41,41,27,29,27,41,41,41,32,230,41,27,41,27,229,27,27,41,27,229,116,27,27,27,27,27,27,27,27,27,27,27,27,27,27,27,27,27,27,27,27,41,27,41,41,38,27,41,41,41,27,41,39,27,41,41,27,27,27,27,33,41,28,41,27,27,27,41,27,109,30,56,27,27,28,40,27,41,223,29,41,28,27,41,41,27,41,41,41,27,41,27,41,27,27,27,27,41,27,41,32,41,27,41,28,27,41,27,41,27,41,27,41,27,27,40,41,27,41,39,27,27,27,27,27,27,27,27,27,27,27,27,27,27,27,27,27,27,27,27,36,41,41,27,27,41,41,28,41,27,27,27,41,27,41,27,27,40,27,38,229,86,27,39,65,27,27,41,28,229,220,27,28,27,209,142,205,27,205,210,76,41,41,27,41,41,229,41,40,132,230,230,229,27,230,230,230,27,27,27,27,41,27,39,27,27,31,27,41,41,27,41,41,38,41,41,27,41,41,27,30,27,27,27,27,27,27,27,27,27,27,27,27,27,27,27,27,27,27,28,27,27,41,41,41,41,41,41,41,41,41,27,33,27,41,27,41,41,27,41,30,27,41,27,41,27,27,27,27,41,27,27,41,223,41,27,41,27,27,32,27,27,41,41,27,30,33,27,27,38,230,230,27,27,27,230,19,25,27,230,73,41,41,27,41,27,40,28,41,41,27,28,27,41,229,27,41,27,27,27,27,27,27,27,27,27,27,27,27,27,27,27,27,27,27,27,27,27,27,27,202,27,229,229,27,229,27,229,27,230,228,229,27,230,229,27,230,229,230,148,151,27,27,27,27,57,230,152,230,27,27,27,132,211,27,205,27,27,27,205,45,27,30,27,27,41,41,27,41,41,41,40,41,30,27,27,41,27,41,41,41,41,27,41,27,41,39,27,41,27,41,33,32,41,27,41,41,41,41,41,28,27,27,27,27,27,27,27,27,27,27,27,27,27,27,27,27,27,27,34,27,41,41,41,27,41,27,27,41,87,230,27,230,27,27,230,181,27,27,27
40,35,27,27,41,41,27,41,36,41,41,41,41,30,27,38,27,37,41,27,34,41,27,41,27,41,41,27,30,41,27,39,41,27,27,27,27,27,41,32,41,41,28,27,27,41,39,41,28,41,41,27,41,41,41,41,27,41,41,41,27,27,27,27,27,27,27,27,27,27,27,27,27,27,27,27,27,27,27,27,27,41,41,41,41,30,39,27,41,41,30,41,41,27,41,27,39,27,27,27,35,29,144,86,229,160,160,27,67,229,27,27,27,213,27,230,230,230,41,204,41,33,27,41,41,27,41,27,27,27,41,28,27,27,27,27,41,27,41,41,41,41,41,30,27,37,27,41,41,41,27,41,41,27,27,27,41,27,41,27,27,27,27,27,27,27,27,27,27,27,27,27,27,27,27,27,27,27,27,27,36,27,32,40,27,27,41,41,27,27,27,41,41,41,40,27,41,41,41,38,41,41,41,27,27,41,41,27,27,41,27,27,27,155,27,227,41,27,27,229,37,32,41,39,41,41,32,27,27,27,27,30,27,27,27,41,39,27,41,32,40,41,41,41,27,41,27,30,27,41,41,41,41,27,41,41,27,27,27,41,27,27,27,27,27,27,27,27,27,27,27,27,27,27,27,27,27,27,27,31,38,197,27,41,27,27,27,29,41,41,27,41,27,27,41,230,41,230,27,41,32,27,229,41,228,27,41,27,229,41,27,27,27,154,27,27,27,230,230,32,41,41,41,27,41,41,41,41,41,27,27,41,41,27,27,41,32,27,27,27,27,27,41,33,41,41,41,27,30,27,41,41,41,41,27,29,27,41,27,27,27,27,27,27,27,27,27,27,27,27,27,27,27,27,27,27,27,27,27,27,27,27,41,27,27,41,27,41,27,41,41,41,29,41,27,27,41,27,30,35,27,31,41,27,39,27,41,41,27,41,41,27,27,27,41,27,41,41,28,41,40,41,27,41,41,41,41,41,41,27,39,41,27,41,39,41,27,41,27,41,27,27,27,41,27,28,27,41,27,41,81,27,39,33,41,27,41,41,33,41,28,27,27,27,27,27,27,27,27,27,27,27,27,27,27,27,27,27,27,27,41,27,27,41,27,41,33,27,41,87,27,230,27,225,40,27,230,230,230,101,178,229,229,27,27,229,27,36,41,27,87,27,41,27,27,27,41,28,27,27,34,27,27,41,27,41,41,41,27,41,195,41,37,27,41,41,27,41,41,27,41,41,27,40,27,41,41,41,27,201,41,27,41,27,229,27,27,41,27,229,104,27,27,27,27,27,27,27,27,27,27,27,27,27,27,27,27,27,27,27,27,41,27,41,41,41,27,41,41,41,27,41,33,27,41,41,27,27,27,27,33,41,35,41,27,27,27,41,27,109,27,41,38,27,27,28,27,41,41,29,41,27,27,41,41,27,41,41,41,27,41,27,41,27,27,27,27,41,27,41,27,41,27,41,27,27,41,30,41,27,41,27,41,27,27,32,41,27,36,39,27,27,27,27,27,27,27,27,27,27,27,27,27,27,27,27,27,27,27,27,36,41,41,27,27,41,41,27,39,27,27,27,32,27,41,27,27,41,27,38,229,41,27,41,41,27,27,41,27,229,220,27,27,27,228,202,207,27,205,226,47,41,41,27,41,41,229,41,41,132,230,230,229,27,230,230,230,27,27,27,27,41,27,33,27,27,41,27,41,41,27,41,41,41,41,41,27,41,41,27,28,27,27,27,27,27,27,27,27,27,27,27,27,27,27,27,27,27,27,27,27,27,41,41,41,41,41,41,41,41,41,27,28,27,41,27,41,41,27,41,30,27,41,27,41,27,27,27,27,41,27,27,41,41,41,27,41,27,27,32,27,27,41,41,27,37,28,27,27,38,230,230,27,27,27,230,27,27,27,230,73,39,41,41,41,27,32,27,41,41,31,27,27,41,229,27,41,27,27,27,27,27,27,27,27,27,27,27,27,27,27,27,27,27,27,27,27,27,27,27,203,27,229,202,67,229,28,229,27,230,163,229,27,230,206,27,230,216,230,148,219,27,27,27,27,28,205,221,230,27,27,27,192,224,27,205,27,27,27,205,45,29,38,27,27,41,41,27,41,41,41,41,41,38,27,27,41,27,41,41,41,41,27,41,27,41,41,27,41,27,41,28,27,41,27,41,41,40,41,41,28,27,27,27,27,27,27,27,27,27,27,27,27,27,27,27,27,27,27,34,27,41,41,41,27,41,27,27,41,87,230,27,230,73,46,230,229,27,27,27
41,40,27,27,41,39,27,41,41,41,41,39,38,37,27,30,27,30,41,27,34,41,27,41,27,41,41,27,38,41,29,41,41,27,27,27,27,27,41,27,41,41,40,27,27,41,33,41,27,41,41,27,41,41,41,41,27,41,41,41,27,27,27,27,27,27,27,27,27,27,27,27,27,27,27,27,27,27,27,28,27,41,41,41,41,38,32,27,32,41,37,41,41,27,41,29,33,27,27,27,35,27,212,41,229,229,229,27,41,228,27,27,59,230,27,230,201,230,41,168,41,28,27,41,41,27,41,27,41,27,41,27,27,27,27,27,41,27,41,41,41,41,41,38,27,41,27,41,41,41,27,41,41,27,30,27,41,27,41,27,27,27,27,27,27,27,27,27,27,27,27,27,27,27,27,27,27,27,27,27,36,27,27,41,27,27,41,41,27,27,27,41,41,41,41,27,41,41,41,38,41,41,41,27,27,41,41,27,27,41,27,27,27,224,27,180,41,27,27,228,37,27,39,33,41,41,27,29,27,27,27,38,27,27,27,41,33,27,41,28,32,41,41,41,27,41,27,38,27,41,41,41,41,27,41,40,27,27,27,41,27,27,27,27,27,27,27,27,27,27,27,27,27,27,27,27,27,27,27,31,41,74,27,39,27,27,27,39,41,41,27,41,27,27,41,41,41,185,27,41,30,27,229,41,209,27,41,27,229,41,27,27,27,223,27,27,27,230,230,32,41,41,41,27,41,41,32,41,41,27,27,41,41,27,27,41,27,27,27,27,27,27,41,28,41,41,41,27,38,27,41,41,41,41,27,40,27,41,27,27,27,27,27,27,27,27,27,27,27,27,27,27,27,27,27,27,27,27,27,27,27,27,41,41,27,41,27,39,27,41,41,41,40,41,27,27,41,27,38,35,27,27,41,27,29,27,41,27,27,41,41,27,27,27,41,27,41,41,35,41,40,41,27,41,41,41,41,41,41,27,33,41,27,41,41,41,27,41,27,41,27,27,27,41,27,27,27,41,27,41,188,27,28,28,41,27,41,41,28,41,28,27,27,27,27,27,27,27,27,27,27,27,27,27,27,27,27,27,27,27,41,41,27,41,27,39,28,27,41,87,76,230,27,229,211,27,230,230,230,33,85,229,229,27,27,229,60,156,41,27,87,27,41,27,27,27,41,36,27,27,34,27,27,41,27,41,41,41,27,41,76,41,41,27,41,41,27,41,41,27,41,41,27,41,27,41,41,41,27,70,41,27,41,27,229,27,27,41,27,220,63,27,27,27,27,27,27,27,27,27,27,27,27,27,27,27,27,27,27,27,27,41,27,41,41,41,30,41,41,41,27,41,28,27,41,41,27,27,27,27,33,39,40,41,27,27,27,41,27,109,27,41,155,27,27,27,27,27,41,29,41,27,27,41,41,27,41,41,41,27,41,27,41,27,27,27,27,41,27,41,27,41,27,41,27,27,41,37,41,27,41,27,41,27,27,27,41,27,30,39,27,27,27,27,27,27,27,27,27,27,27,27,27,27,27,27,27,27,27,27,36,41,41,27,27,41,41,27,33,27,27,27,27,27,41,27,27,41,27,38,229,41,27,41,41,27,27,38,27,225,220,27,27,27,230,205,229,27,205,230,37,41,41,27,41,41,217,41,41,132,229,230,229,27,230,230,230,27,27,27,27,39,27,28,27,27,41,27,41,41,27,41,41,41,41,41,27,41,41,27,27,27,27,27,27,27,27,27,27,27,27,27,27,27,27,27,27,27,27,27,27,27,41,41,41,41,41,41,41,41,41,27,27,27,41,30,41,41,27,41,30,27,41,27,41,27,27,27,27,41,27,27,41,41,38,27,41,27,55,32,27,27,41,41,27,41,27,27,27,31,230,230,27,76,27,230,27,27,27,230,73,33,41,41,41,27,27,27,41,41,38,27,27,32,229,27,41,27,27,27,27,27,27,27,27,27,27,27,27,27,27,27,27,27,27,27,27,27,27,27,203,27,229,109,184,229,222,229,27,230,161,201,27,230,107,27,230,102,230,144,230,27,27,27,27,27,57,230,220,27,27,27,205,230,27,205,27,42,27,205,45,39,41,27,27,41,41,27,41,41,32,41,41,41,27,30,41,27,41,41,41,41,27,41,27,41,41,27,41,27,41,27,27,41,27,41,41,32,41,41,28,27,27,27,27,27,27,27,27,27,27,27,27,27,27,27,27,27,27,34,27,41,41,41,27,41,27,41,41,87,230,33,230,178,205,230,230,61,27,27
41,40,27,27,41,39,27,41,41,41,41,39,38,37,27,30,27,30,41,27,34,41,27,41,27,41,41,27,38,41,29,41,41,27,27,27,27,27,41,27,41,41,40,27,27,41,33,41,27,41,41,27,41,41,41,41,27,41,41,41,27,27,27,27,27,27,27,27,27,27,27,27,27,27,27,27,27,27,27,28,27,41,41,41,41,38,32,27,32,41,37,41,41,27,41,29,33,27,27,27,35,27,212,41,229,229,229,27,41,228,27,27,59,230,27,230,201,230,41,168,41,28,27,41,41,27,41,27,41,27,41,27,27,27,27,27,41,27,41,41,41,41,41,38,27,41,27,41,41,41,27,41,41,27,30,27,41,27,41,27,27,27,27,27,27,27,27,27,27,27,27,27,27,27,27,27,27,27,27,27,36,27,27,41,27,27,41,41,27,27,27,41,41,41,41,27,41,41,41,38,41,41,41,27,27,41,41,27,27,41,27,27,27,224,27,180,41,27,27,228,37,27,39,33,41,41,27,29,27,27,27,38,27,27,27,41,33,27,41,28,32,41,41,41,27,41,27,38,27,41,41,41,41,27,41,40,27,27,27,41,27,27,27,27,27,27,27,27,27,27,27,27,27,27,27,27,27,27,27,31,41,74,27,39,27,27,27,39,41,41,27,41,27,27,41,41,41,185,27,41,30,27,229,41,209,27,41,27,229,41,27,27,27,223,27,27,27,230,230,32,41,41,41,27,41,41,32,41,41,27,27,41,41,27,27,41,27,27,27,27,27,27,41,28,41,41,41,27,38,27,41,41,41,41,27,40,27,41,27,27,27,27,27,27,27,27,27,27,27,27,27,27,27,27,27,27,27,27,27,27,27,27,41,41,27,41,27,39,27,41,41,41,40,41,27,27,41,27,38,35,27,27,41,27,29,27,41,27,27,41,41,27,27,27,41,27,41,41,35,41,40,41,27,41,41,41,41,41,41,27,33,41,27,41,41,41,27,41,27,41,27,27,27,41,27,27,27,41,27,41,188,27,28,28,41,27,41,41,28,41,28,27,27,27,27,27,27,27,27,27,27,27,27,27,27,27,27,27,27,27,41,41,27,41,27,39,28,27,41,87,76,230,27,229,211,27,230,230,230,33,85,229,229,27,27,229,60,156,41,27,87,27,41,27,27,27,41,36,27,27,34,27,27,41,27,41,41,41,27,41,76,41,41,27,41,41,27,41,41,27,41,41,27,41,27,41,41,41,27,70,41,27,41,27,229,27,27,41,27,220,63,27,27,27,27,27,27,27,27,27,27,27,27,27,27,27,27,27,27,27,27,41,27,41,41,41,30,41,41,41,27,41,28,27,41,41,27,27,27,27,33,39,40,41,27,27,27,41,27,109,27,41,155,27,27,27,27,27,41,29,41,27,27,41,41,27,41,41,41,27,41,27,41,27,27,27,27,41,27,41,27,41,27,41,27,27,41,37,41,27,41,27,41,27,27,27,41,27,30,39,27,27,27,27,27,27,27,27,27,27,27,27,27,27,27,27,27,27,27,27,36,41,41,27,27,41,41,27,33,27,27,27,27,27,41,27,27,41,27,38,229,41,27,41,41,27,27,38,27,225,220,27,27,27,230,205,229,27,205,230,37,41,41,27,41,41,217,41,41,132,229,230,229,27,230,230,230,27,27,27,27,39,27,28,27,27,41,27,41,41,27,41,41,41,41,41,27,41,41,27,27,27,27,27,27,27,27,27,27,27,27,27,27,27,27,27,27,27,27,27,27,27,41,41,41,41,41,41,41,41,41,27,27,27,41,30,41,41,27,41,30,27,41,27,41,27,27,27,27,41,27,27,41,41,38,27,41,27,55,32,27,27,41,41,27,41,27,27,27,31,230,230,27,76,27,230,27,27,27,230,73,33,41,41,41,27,27,27,41,41,38,27,27,32,229,27,41,27,27,27,27,27,27,27,27,27,27,27,27,27,27,27,27,27,27,27,27,27,27,27,203,27,229,109,184,229,222,229,27,230,161,201,27,230,107,27,230,102,230,144,230,27,27,27,27,27,57,230,220,27,27,27,205,230,27,205,27,42,27,205,45,39,41,27,27,41,41,27,41,41,32,41,41,41,27,30,41,27,41,41,41,41,27,41,27,41,41,27,41,27,41,27,27,41,27,41,41,32,41,41,28,27,27,27,27,27,27,27,27,27,27,27,27,27,27,27,27,27,27,34,27,41,41,41,27,41,27,41,41,87,230,33,230,178,205,230,230,61,27,27
41,41,27,27,41,29,27,41,41,41,41,28,30,41,27,27,27,27,41,27,34,41,30,41,27,41,41,27,41,41,39,41,41,27,30,27,27,40,41,27,41,41,41,27,27,41,28,41,27,41,41,27,41,41,41,41,27,41,41,41,27,27,27,27,27,27,27,27,27,27,27,27,27,27,27,27,27,27,27,28,27,41,41,41,40,41,28,27,27,41,41,41,41,27,41,39,28,27,41,27,35,27,229,41,229,229,229,27,41,209,27,27,145,230,160,230,62,230,41,68,41,27,27,41,41,27,41,27,41,27,41,27,27,27,27,27,41,27,41,41,41,41,39,41,27,41,27,41,41,41,27,41,41,28,38,27,41,27,41,27,27,27,27,27,27,27,27,27,27,27,27,27,27,27,27,27,27,27,27,27,36,41,27,41,27,27,41,41,27,27,27,41,41,41,41,27,41,41,40,38,41,41,41,27,27,27,41,27,27,41,27,27,27,229,27,85,41,27,27,206,37,27,33,28,41,41,27,40,27,27,30,41,27,27,27,41,28,27,41,27,27,41,41,41,27,41,27,41,41,41,41,41,41,27,41,32,27,27,27,41,27,27,27,27,27,27,27,27,27,27,27,27,27,27,27,27,27,27,27,31,41,41,27,33,27,41,41,41,41,41,27,41,27,27,41,41,41,86,27,41,30,27,229,41,56,27,41,47,229,41,27,27,27,230,40,27,27,213,230,54,41,41,41,27,41,41,27,41,41,27,27,41,41,27,27,41,27,27,27,27,27,27,41,27,41,41,41,27,41,27,41,39,41,41,27,41,27,41,27,27,27,27,27,27,27,27,27,27,27,27,27,27,27,27,27,27,27,27,27,27,27,27,41,41,27,41,27,33,27,41,41,41,41,41,41,27,41,30,41,35,27,27,41,27,27,27,41,27,27,40,41,27,27,27,41,27,41,41,40,41,40,41,27,41,41,41,41,41,41,27,28,41,27,41,41,41,27,41,27,41,27,27,27,41,27,27,27,41,27,41,229,27,27,27,32,27,41,41,27,41,28,27,27,27,27,27,27,27,27,27,27,27,27,27,27,27,27,27,27,27,41,41,27,40,27,33,27,27,41,87,176,230,27,230,230,27,230,230,230,29,41,227,229,27,27,229,144,224,41,27,87,27,41,30,27,29,41,41,27,27,34,27,41,41,27,41,41,41,27,41,41,41,41,27,41,41,27,41,41,27,41,41,29,41,30,41,41,41,27,41,41,27,41,27,229,27,27,41,27,100,33,27,27,27,27,27,27,27,27,27,27,27,27,27,27,27,27,27,27,27,27,41,29,41,41,41,38,41,41,41,27,41,27,27,41,41,28,27,41,27,33,29,41,41,27,27,27,41,27,109,27,41,223,27,27,27,27,27,41,29,41,27,27,41,41,27,41,41,41,27,41,27,41,27,27,41,27,41,29,41,27,41,27,41,27,27,41,41,41,27,41,27,41,27,27,27,41,27,33,39,27,27,27,27,27,27,27,27,27,27,27,27,27,27,27,27,27,27,27,27,36,41,41,27,27,41,41,27,28,27,27,29,27,27,41,27,27,41,27,38,228,41,27,41,41,30,27,31,27,182,220,55,27,39,230,205,230,27,205,230,37,41,41,27,41,41,118,41,41,132,229,230,229,27,230,230,230,27,27,27,27,33,27,27,27,27,41,27,41,39,27,41,41,41,41,41,27,41,41,29,27,27,27,27,27,27,27,27,27,27,27,27,27,27,27,27,27,27,27,27,27,29,41,41,41,41,41,41,41,41,40,27,27,27,41,38,41,41,27,41,30,27,41,27,41,27,27,27,27,41,27,27,41,41,30,27,41,27,147,32,27,27,41,41,27,41,27,27,27,27,230,230,27,177,27,230,27,27,27,230,73,28,41,41,41,27,27,27,41,41,41,27,27,27,229,27,47,27,29,29,27,27,27,27,27,27,27,27,27,27,27,27,27,27,27,27,27,27,27,27,203,27,229,41,228,229,229,229,27,229,161,109,27,230,39,27,230,34,230,125,230,27,27,27,27,27,28,230,43,27,27,27,205,230,27,211,27,137,27,212,44,41,41,27,31,41,39,27,41,41,27,41,41,41,27,38,41,27,41,41,35,41,27,41,27,41,41,27,41,27,41,27,27,41,27,41,41,27,41,41,28,27,27,27,27,27,27,27,27,27,27,27,27,27,27,27,27,27,27,34,27,41,41,41,27,41,27,41,41,87,230,218,230,228,225,230,230,190,27,27
41,41,27,27,41,27,27,27,41,38,41,27,27,41,27,27,33,27,41,27,34,41,38,41,27,41,41,27,41,41,41,41,41,30,38,27,27,41,41,27,41,41,41,27,27,41,27,41,27,41,41,27,41,41,41,41,27,41,41,41,27,27,27,27,27,27,27,27,27,27,27,27,27,27,27,27,27,27,27,28,27,41,39,41,32,41,27,27,27,41,41,41,41,27,41,41,27,27,41,28,35,27,229,41,229,229,229,27,41,126,27,27,213,230,230,230,28,230,41,30,41,27,27,41,41,27,41,27,41,29,41,27,27,41,27,27,41,27,41,40,41,41,33,41,30,41,27,41,41,41,30,41,41,40,41,27,41,27,41,27,27,27,27,27,27,27,27,27,27,27,27,27,27,27,27,27,27,27,27,27,36,41,27,41,27,27,41,41,27,27,27,41,41,41,41,27,41,41,33,38,41,41,41,27,27,27,41,27,27,41,27,27,27,229,27,41,41,27,27,59,37,27,28,27,39,41,27,41,27,27,38,41,27,27,27,41,27,31,41,27,27,41,41,41,27,32,27,41,41,41,41,41,41,27,41,27,27,27,27,41,27,27,27,27,27,27,27,27,27,27,27,27,27,27,27,27,27,27,27,31,41,41,27,28,27,41,41,41,41,40,27,41,27,27,41,41,41,41,27,41,30,30,223,41,41,40,41,209,227,37,27,27,27,230,154,27,27,49,230,109,41,41,41,27,41,41,27,41,41,27,27,41,41,27,27,41,27,27,27,27,41,27,41,27,41,41,41,27,41,27,41,33,41,41,27,41,27,41,27,27,27,27,27,27,27,27,27,27,27,27,27,27,27,27,27,27,27,27,27,27,27,27,41,41,27,32,27,28,27,41,41,41,41,41,41,27,41,38,41,35,27,27,41,27,27,27,41,27,27,29,41,27,27,27,41,27,41,41,41,41,40,41,27,41,41,41,41,41,41,30,27,41,27,41,41,41,27,41,27,41,27,30,27,40,27,27,27,41,29,41,229,27,27,27,27,27,41,41,27,41,28,27,27,27,27,27,27,27,27,27,27,27,27,27,27,27,27,27,27,27,41,41,27,33,27,28,27,27,41,87,228,230,27,230,230,27,230,230,230,29,41,179,229,27,27,227,212,229,41,27,87,27,41,38,27,39,41,41,27,27,34,27,41,41,27,41,41,41,27,41,41,41,41,27,41,41,30,41,41,40,41,41,40,41,38,41,41,39,27,41,41,27,41,27,229,27,27,41,28,32,27,27,27,27,27,27,27,27,27,27,27,27,27,27,27,27,27,27,27,27,27,41,39,41,41,41,41,41,41,41,27,41,27,27,41,41,40,41,41,27,34,27,41,41,27,30,27,41,30,108,27,41,229,27,27,27,27,27,41,29,41,27,27,41,41,27,41,41,41,27,41,41,41,27,27,41,27,41,40,41,27,41,27,41,27,41,41,41,41,27,41,29,41,27,27,27,41,27,28,39,27,27,27,27,27,27,27,27,27,27,27,27,27,27,27,27,27,27,27,27,36,41,41,27,27,41,41,27,27,27,27,39,27,27,41,27,27,41,27,38,179,41,41,41,41,37,27,27,27,83,220,131,27,138,230,205,230,27,205,230,37,41,41,27,41,41,100,41,41,229,229,230,216,27,229,230,230,27,27,27,27,28,27,27,27,27,41,27,41,33,27,41,41,41,41,41,27,41,41,40,27,27,27,27,27,27,27,27,27,27,27,27,27,27,27,27,27,27,27,27,27,38,41,41,41,41,41,32,41,41,32,27,27,27,41,41,41,41,27,41,30,27,41,29,41,27,27,27,27,41,27,27,41,41,27,27,41,27,215,32,27,27,41,41,27,41,27,27,41,27,230,230,38,229,76,230,27,27,27,230,73,27,41,41,41,28,27,27,41,41,41,27,27,27,229,27,111,27,40,34,27,27,27,27,27,27,27,27,27,27,27,27,27,27,27,27,27,27,27,27,203,27,215,27,229,229,229,229,27,229,161,42,27,230,27,27,230,27,230,111,230,27,27,27,27,27,27,230,27,27,27,27,205,230,27,225,27,197,78,224,41,41,41,27,30,41,33,27,41,41,27,41,41,41,27,41,41,27,41,41,32,41,27,41,27,41,41,27,41,27,41,27,27,41,41,41,41,27,41,41,28,27,27,27,27,27,27,27,27,27,27,27,27,27,27,27,27,27,27,34,30,41,41,41,27,41,27,41,41,87,230,230,230,230,229,230,230,229,61,27
41,41,27,27,41,27,27,27,41,38,41,27,27,41,27,27,33,27,41,27,34,41,38,41,27,41,41,27,41,41,41,41,41,30,38,27,27,41,41,27,41,41,41,27,27,41,27,41,27,41,41,27,41,41,41,41,27,41,41,41,27,27,27,27,27,27,27,27,27,27,27,27,27,27,27,27,27,27,27,28,27,41,39,41,32,41,27,27,27,41,41,41,41,27,41,41,27,27,41,28,35,27,229,41,229,229,229,27,41,126,27,27,213,230,230,230,28,230,41,30,41,27,27,41,41,27,41,27,41,29,41,27,27,41,27,27,41,27,41,40,41,41,33,41,30,41,27,41,41,41,30,41,41,40,41,27,41,27,41,27,27,27,27,27,27,27,27,27,27,27,27,27,27,27,27,27,27,27,27,27,36,41,27,41,27,27,41,41,27,27,27,41,41,41,41,27,41,41,33,38,41,41,41,27,27,27,41,27,27,41,27,27,27,229,27,41,41,27,27,59,37,27,28,27,39,41,27,41,27,27,38,41,27,27,27,41,27,31,41,27,27,41,41,41,27,32,27,41,41,41,41,41,41,27,41,27,27,27,27,41,27,27,27,27,27,27,27,27,27,27,27,27,27,27,27,27,27,27,27,31,41,41,27,28,27,41,41,41,41,40,27,41,27,27,41,41,41,41,27,41,30,30,223,41,41,40,41,209,227,37,27,27,27,230,154,27,27,49,230,109,41,41,41,27,41,41,27,41,41,27,27,41,41,27,27,41,27,27,27,27,41,27,41,27,41,41,41,27,41,27,41,33,41,41,27,41,27,41,27,27,27,27,27,27,27,27,27,27,27,27,27,27,27,27,27,27,27,27,27,27,27,27,41,41,27,32,27,28,27,41,41,41,41,41,41,27,41,38,41,35,27,27,41,27,27,27,41,27,27,29,41,27,27,27,41,27,41,41,41,41,40,41,27,41,41,41,41,41,41,30,27,41,27,41,41,41,27,41,27,41,27,30,27,40,27,27,27,41,29,41,229,27,27,27,27,27,41,41,27,41,28,27,27,27,27,27,27,27,27,27,27,27,27,27,27,27,27,27,27,27,41,41,27,33,27,28,27,27,41,87,228,230,27,230,230,27,230,230,230,29,41,179,229,27,27,227,212,229,41,27,87,27,41,38,27,39,41,41,27,27,34,27,41,41,27,41,41,41,27,41,41,41,41,27,41,41,30,41,41,40,41,41,40,41,38,41,41,39,27,41,41,27,41,27,229,27,27,41,28,32,27,27,27,27,27,27,27,27,27,27,27,27,27,27,27,27,27,27,27,27,27,41,39,41,41,41,41,41,41,41,27,41,27,27,41,41,40,41,41,27,34,27,41,41,27,30,27,41,30,108,27,41,229,27,27,27,27,27,41,29,41,27,27,41,41,27,41,41,41,27,41,41,41,27,27,41,27,41,40,41,27,41,27,41,27,41,41,41,41,27,41,29,41,27,27,27,41,27,28,39,27,27,27,27,27,27,27,27,27,27,27,27,27,27,27,27,27,27,27,27,36,41,41,27,27,41,41,27,27,27,27,39,27,27,41,27,27,41,27,38,179,41,41,41,41,37,27,27,27,83,220,131,27,138,230,205,230,27,205,230,37,41,41,27,41,41,100,41,41,229,229,230,216,27,229,230,230,27,27,27,27,28,27,27,27,27,41,27,41,33,27,41,41,41,41,41,27,41,41,40,27,27,27,27,27,27,27,27,27,27,27,27,27,27,27,27,27,27,27,27,27,38,41,41,41,41,41,32,41,41,32,27,27,27,41,41,41,41,27,41,30,27,41,29,41,27,27,27,27,41,27,27,41,41,27,27,41,27,215,32,27,27,41,41,27,41,27,27,41,27,230,230,38,229,76,230,27,27,27,230,73,27,41,41,41,28,27,27,41,41,41,27,27,27,229,27,111,27,40,34,27,27,27,27,27,27,27,27,27,27,27,27,27,27,27,27,27,27,27,27,203,27,215,27,229,229,229,229,27,229,161,42,27,230,27,27,230,27,230,111,230,27,27,27,27,27,27,230,27,27,27,27,205,230,27,225,27,197,78,224,41,41,41,27,30,41,33,27,41,41,27,41,41,41,27,41,41,27,41,41,32,41,27,41,27,41,41,27,41,27,41,27,27,41,41,41,41,27,41,41,28,27,27,27,27,27,27,27,27,27,27,27,27,27,27,27,27,27,27,34,30,41,41,41,27,41,27,41,41,87,230,230,230,230,229,230,230,229,61,27
41,41,27,27,41,27,27,27,41,30,41,27,27,41,27,27,41,27,41,27,34,41,41,41,27,41,41,27,41,41,41,41,41,38,41,27,27,41,41,27,41,41,41,27,27,41,27,41,27,41,41,27,41,41,41,41,27,41,41,41,27,27,27,27,27,27,27,27,27,27,27,27,27,27,27,27,27,27,27,28,27,41,32,41,27,41,27,41,27,41,41,41,41,27,41,41,27,27,41,40,33,27,229,41,223,229,229,27,41,110,27,27,230,230,230,230,27,201,41,29,41,27,27,41,41,27,41,27,41,39,41,27,27,41,29,27,41,27,41,32,41,41,28,41,37,41,27,41,41,41,38,41,41,41,41,27,41,27,41,27,27,27,27,27,27,27,27,27,27,27,27,27,27,27,27,27,27,27,27,27,36,41,27,41,27,27,41,41,27,41,27,41,32,41,41,27,41,41,27,38,41,41,41,27,27,27,41,27,27,41,27,27,27,229,27,41,41,27,27,41,37,27,27,27,33,41,27,41,27,27,41,41,27,41,27,41,27,38,41,27,27,41,41,41,27,27,30,41,41,41,41,41,41,27,41,27,28,27,27,41,30,27,27,27,27,27,27,27,27,27,27,27,27,27,27,27,27,27,27,31,41,41,27,27,30,41,41,41,41,32,27,41,27,27,41,41,41,41,27,41,30,37,223,41,41,154,37,229,179,30,27,27,27,230,223,27,27,27,230,153,41,41,32,27,41,41,27,41,41,27,27,41,41,27,27,41,27,27,27,27,41,27,41,27,41,39,41,27,41,27,41,28,41,41,27,41,27,41,27,27,27,27,27,27,27,27,27,27,27,27,27,27,27,27,27,27,27,27,27,27,27,27,41,41,27,27,27,27,27,41,41,41,41,41,41,27,41,41,41,35,27,27,41,27,27,27,41,27,27,27,41,27,27,27,41,27,41,41,41,39,40,41,27,41,41,41,41,41,41,38,27,41,27,41,41,41,27,41,30,41,27,38,27,32,29,27,27,41,39,47,229,27,27,27,27,27,61,41,27,40,28,27,27,27,27,27,27,27,27,27,27,27,27,27,27,27,27,27,27,27,41,41,29,28,27,27,27,27,41,87,230,230,27,230,230,68,230,230,230,29,41,87,229,27,27,179,229,229,40,27,86,27,41,41,27,41,41,41,27,27,34,27,41,41,27,41,41,41,29,41,41,41,41,27,41,39,38,41,41,41,41,41,41,41,41,41,41,33,27,41,41,41,41,27,196,30,27,41,41,27,27,27,27,27,27,27,27,27,27,27,27,27,27,27,27,27,27,27,27,28,27,41,41,41,41,41,41,41,41,41,27,41,27,27,41,41,41,41,41,27,39,27,41,41,27,37,27,41,38,94,27,40,229,27,27,27,27,27,41,29,41,27,27,41,41,27,41,41,41,27,41,41,41,27,27,41,27,41,41,41,27,41,27,41,27,41,41,41,41,27,41,38,41,27,27,27,39,27,27,39,27,27,27,27,27,27,27,27,27,27,27,27,27,27,27,27,27,27,27,27,36,41,41,27,30,41,41,27,27,27,27,41,27,27,41,27,27,41,27,38,86,41,41,41,39,41,27,27,27,41,33,191,27,199,230,205,230,27,210,230,37,41,41,27,40,41,47,41,41,229,229,230,102,27,229,230,230,27,27,27,27,27,27,27,27,27,41,27,41,28,41,41,41,41,41,41,29,41,41,41,27,27,27,27,27,27,27,27,27,27,27,27,27,27,27,27,27,27,27,27,27,41,41,41,41,41,41,27,41,41,27,27,27,31,41,41,41,41,29,41,30,27,41,35,38,29,29,27,27,41,27,27,27,41,27,57,41,27,229,33,27,27,41,40,27,41,27,27,41,27,230,230,212,230,177,230,27,27,69,230,73,27,41,41,41,40,27,27,41,41,41,27,29,27,229,29,217,27,41,36,27,27,27,27,27,27,27,27,27,27,27,27,27,27,27,27,27,27,27,27,203,46,103,27,229,228,229,229,27,229,161,27,27,230,27,31,230,27,230,109,230,27,27,30,27,27,27,230,27,27,27,27,205,230,27,230,27,205,179,230,40,41,41,27,38,41,28,27,41,41,27,41,41,41,27,41,41,29,41,41,27,41,30,41,27,41,41,27,41,27,41,27,27,41,41,41,41,27,41,41,28,27,27,27,27,27,27,27,27,27,27,27,27,27,27,27,27,27,27,34,38,41,41,41,41,41,27,41,41,87,230,230,230,230,230,230,230,230,190,27
41,41,27,27,41,27,27,27,41,30,41,27,27,41,27,27,41,27,41,27,34,41,41,41,27,41,41,27,41,41,41,41,41,38,41,27,27,41,41,27,41,41,41,27,27,41,27,41,27,41,41,27,41,41,41,41,27,41,41,41,27,27,27,27,27,27,27,27,27,27,27,27,27,27,27,27,27,27,27,28,27,41,32,41,27,41,27,41,27,41,41,41,41,27,41,41,27,27,41,40,33,27,229,41,223,229,229,27,41,110,27,27,230,230,230,230,27,201,41,29,41,27,27,41,41,27,41,27,41,39,41,27,27,41,29,27,41,27,41,32,41,41,28,41,37,41,27,41,41,41,38,41,41,41,41,27,41,27,41,27,27,27,27,27,27,27,27,27,27,27,27,27,27,27,27,27,27,27,27,27,36,41,27,41,27,27,41,41,27,41,27,41,32,41,41,27,41,41,27,38,41,41,41,27,27,27,41,27,27,41,27,27,27,229,27,41,41,27,27,41,37,27,27,27,33,41,27,41,27,27,41,41,27,41,27,41,27,38,41,27,27,41,41,41,27,27,30,41,41,41,41,41,41,27,41,27,28,27,27,41,30,27,27,27,27,27,27,27,27,27,27,27,27,27,27,27,27,27,27,31,41,41,27,27,30,41,41,41,41,32,27,41,27,27,41,41,41,41,27,41,30,37,223,41,41,154,37,229,179,30,27,27,27,230,223,27,27,27,230,153,41,41,32,27,41,41,27,41,41,27,27,41,41,27,27,41,27,27,27,27,41,27,41,27,41,39,41,27,41,27,41,28,41,41,27,41,27,41,27,27,27,27,27,27,27,27,27,27,27,27,27,27,27,27,27,27,27,27,27,27,27,27,41,41,27,27,27,27,27,41,41,41,41,41,41,27,41,41,41,35,27,27,41,27,27,27,41,27,27,27,41,27,27,27,41,27,41,41,41,39,40,41,27,41,41,41,41,41,41,38,27,41,27,41,41,41,27,41,30,41,27,38,27,32,29,27,27,41,39,47,229,27,27,27,27,27,61,41,27,40,28,27,27,27,27,27,27,27,27,27,27,27,27,27,27,27,27,27,27,27,41,41,29,28,27,27,27,27,41,87,230,230,27,230,230,68,230,230,230,29,41,87,229,27,27,179,229,229,40,27,86,27,41,41,27,41,41,41,27,27,34,27,41,41,27,41,41,41,29,41,41,41,41,27,41,39,38,41,41,41,41,41,41,41,41,41,41,33,27,41,41,41,41,27,196,30,27,41,41,27,27,27,27,27,27,27,27,27,27,27,27,27,27,27,27,27,27,27,27,28,27,41,41,41,41,41,41,41,41,41,27,41,27,27,41,41,41,41,41,27,39,27,41,41,27,37,27,41,38,94,27,40,229,27,27,27,27,27,41,29,41,27,27,41,41,27,41,41,41,27,41,41,41,27,27,41,27,41,41,41,27,41,27,41,27,41,41,41,41,27,41,38,41,27,27,27,39,27,27,39,27,27,27,27,27,27,27,27,27,27,27,27,27,27,27,27,27,27,27,27,36,41,41,27,30,41,41,27,27,27,27,41,27,27,41,27,27,41,27,38,86,41,41,41,39,41,27,27,27,41,33,191,27,199,230,205,230,27,210,230,37,41,41,27,40,41,47,41,41,229,229,230,102,27,229,230,230,27,27,27,27,27,27,27,27,27,41,27,41,28,41,41,41,41,41,41,29,41,41,41,27,27,27,27,27,27,27,27,27,27,27,27,27,27,27,27,27,27,27,27,27,41,41,41,41,41,41,27,41,41,27,27,27,31,41,41,41,41,29,41,30,27,41,35,38,29,29,27,27,41,27,27,27,41,27,57,41,27,229,33,27,27,41,40,27,41,27,27,41,27,230,230,212,230,177,230,27,27,69,230,73,27,41,41,41,40,27,27,41,41,41,27,29,27,229,29,217,27,41,36,27,27,27,27,27,27,27,27,27,27,27,27,27,27,27,27,27,27,27,27,203,46,103,27,229,228,229,229,27,229,161,27,27,230,27,31,230,27,230,109,230,27,27,30,27,27,27,230,27,27,27,27,205,230,27,230,27,205,179,230,40,41,41,27,38,41,28,27,41,41,27,41,41,41,27,41,41,29,41,41,27,41,30,41,27,41,41,27,41,27,41,27,27,41,41,41,41,27,41,41,28,27,27,27,27,27,27,27,27,27,27,27,27,27,27,27,27,27,27,34,38,41,41,41,41,41,27,41,41,87,230,230,230,230,230,230,230,230,190,27
41,41,27,27,41,27,27,27,41,27,38,27,27,41,27,27,27,27,41,27,34,40,41,41,27,39,41,27,41,41,41,41,41,41,41,27,27,41,41,27,41,41,41,27,41,41,27,41,27,41,41,27,41,41,41,41,27,41,41,41,27,27,27,27,27,27,27,27,27,27,27,27,27,27,27,27,27,27,27,28,27,41,28,41,27,41,27,41,27,41,41,41,41,27,41,41,27,27,41,41,33,27,229,38,41,229,229,46,39,110,160,31,230,230,230,230,27,62,41,29,41,27,27,41,41,27,41,27,41,41,41,27,27,41,39,27,41,27,41,27,40,41,27,41,41,41,27,41,41,41,41,41,41,41,41,27,32,27,41,27,27,27,27,27,27,27,27,27,27,27,27,27,27,27,27,27,27,27,27,27,36,41,27,41,27,27,41,41,27,41,29,41,27,41,41,27,41,41,27,41,41,41,41,27,27,27,41,27,27,41,27,27,27,229,30,41,41,27,27,41,37,27,27,27,28,41,27,41,27,30,41,41,27,41,27,41,27,41,41,27,27,41,41,41,31,27,38,41,41,41,41,41,41,27,41,27,40,41,27,41,30,27,27,27,27,27,27,27,27,27,27,27,27,27,27,27,27,27,27,31,41,41,27,27,38,41,41,41,41,28,27,41,27,27,41,41,32,41,27,41,30,41,41,41,41,222,30,229,86,27,27,27,27,230,230,27,27,27,230,164,41,41,27,27,41,41,27,41,41,31,27,41,40,27,27,41,27,27,27,27,41,27,41,27,41,33,41,27,41,27,41,27,41,41,27,41,27,41,27,27,27,27,27,27,27,27,27,27,27,27,27,27,27,27,27,27,27,27,27,27,27,27,41,41,27,27,27,27,27,41,41,41,41,41,41,27,41,41,41,35,30,27,41,27,27,29,41,27,27,27,40,27,27,27,41,27,41,41,41,29,40,41,27,41,41,41,41,41,41,41,27,41,27,41,41,41,27,41,37,41,27,41,27,27,39,27,27,41,41,74,229,27,27,27,27,27,209,41,27,33,28,27,27,27,27,27,27,27,27,27,27,27,27,27,27,27,27,27,27,27,41,41,40,27,27,27,27,27,41,87,230,230,27,230,230,184,202,230,230,29,41,41,229,27,27,86,229,229,28,27,41,27,27,41,27,41,41,41,27,27,34,27,41,41,27,41,41,41,39,41,39,41,41,27,41,33,41,41,41,41,41,41,41,41,41,41,41,28,27,41,41,41,41,27,112,37,27,41,41,27,27,27,27,27,27,27,27,27,27,27,27,27,27,27,27,27,27,27,27,28,30,41,41,41,41,41,41,41,41,41,27,41,27,27,41,41,41,41,41,41,41,27,41,41,27,41,27,41,41,54,27,28,229,27,27,27,27,27,41,29,41,27,27,41,41,27,41,41,39,27,41,41,41,27,27,41,27,41,41,41,27,41,27,41,27,41,41,41,41,27,41,41,41,27,27,27,33,27,27,39,27,27,27,27,27,27,27,27,27,27,27,27,27,27,27,27,27,27,27,27,36,41,41,29,38,41,41,27,27,27,27,41,27,27,41,27,27,41,27,38,41,38,41,41,29,41,27,27,27,41,27,205,27,205,210,207,230,27,226,199,37,41,41,27,32,39,41,41,41,229,229,230,34,27,229,230,230,224,27,27,27,27,31,27,27,41,41,27,41,27,41,41,41,41,41,41,39,41,41,41,27,27,27,27,27,27,27,27,27,27,27,27,27,27,27,27,27,27,27,27,27,41,41,41,41,41,41,27,41,41,27,27,27,38,41,41,41,41,40,41,30,27,41,40,30,40,39,27,27,41,27,27,27,41,27,146,41,27,229,40,27,27,41,32,27,41,27,27,41,27,230,230,230,230,229,230,27,27,183,230,73,27,41,41,41,41,27,27,41,41,41,27,39,27,229,40,229,29,41,36,27,27,27,27,27,27,27,27,27,27,27,27,27,27,27,27,27,27,27,27,203,205,34,27,229,96,229,229,27,229,159,27,224,230,27,220,230,27,230,109,230,27,27,37,27,27,27,230,27,27,144,27,211,183,27,230,27,205,230,230,40,41,41,27,41,41,27,27,41,41,27,41,41,41,27,41,41,39,41,41,27,41,39,41,27,41,41,27,41,27,41,27,27,41,41,41,41,27,41,41,28,27,27,27,27,27,27,27,27,27,27,27,27,27,27,27,27,27,27,34,41,41,41,41,41,41,27,41,41,87,230,230,230,230,230,230,230,230,229,27
41,41,27,36,39,27,27,27,41,27,30,27,27,41,30,27,27,27,41,27,34,32,41,41,27,33,41,27,41,41,41,41,41,41,41,27,27,41,41,27,41,41,41,27,41,41,27,41,27,41,41,27,41,32,41,41,27,41,41,41,27,27,27,27,27,27,27,27,27,27,27,27,27,27,27,27,27,27,27,28,27,41,27,41,27,41,27,41,27,41,41,41,41,30,41,41,27,27,41,41,33,27,228,31,41,223,223,151,29,110,230,38,230,230,230,230,27,28,41,29,41,27,27,41,41,27,41,27,41,41,41,27,29,41,41,27,41,27,39,27,32,41,27,41,41,41,30,41,41,41,41,41,41,41,41,27,27,27,41,38,27,27,27,27,27,27,27,27,27,27,27,27,27,27,27,27,27,27,27,27,36,41,27,41,27,27,41,41,27,41,39,41,27,41,41,27,41,41,27,41,41,41,41,31,27,27,41,27,27,41,30,27,27,210,37,41,41,27,27,41,40,27,27,27,27,41,27,41,27,38,41,41,27,41,27,41,27,41,39,27,27,41,41,41,38,27,41,41,41,41,41,41,41,27,41,27,41,41,27,41,30,27,27,27,27,27,27,27,27,27,27,27,27,27,27,27,27,27,27,31,41,41,27,27,41,41,41,41,41,27,27,41,27,27,41,41,27,41,30,41,30,41,41,41,41,229,27,229,41,27,27,27,27,230,230,27,28,27,230,164,41,41,27,27,41,41,27,41,41,38,27,41,32,27,29,41,27,27,27,27,41,27,41,27,41,28,41,27,41,27,41,27,41,41,29,41,27,41,27,27,27,27,27,27,27,27,27,27,27,27,27,27,27,27,27,27,27,27,27,27,27,27,41,41,41,27,27,27,27,41,41,41,41,41,41,27,41,41,41,35,38,27,41,30,27,39,41,27,27,27,29,28,27,27,41,27,41,41,41,27,40,41,27,41,41,41,41,41,41,41,27,41,30,41,41,41,27,41,41,41,27,41,41,27,41,27,27,41,41,80,202,27,27,27,27,27,229,78,27,28,28,27,27,27,27,27,27,27,27,27,27,27,27,27,27,27,27,27,27,27,41,41,41,27,27,27,27,27,41,87,230,230,27,230,230,229,110,230,230,29,38,41,223,27,30,41,229,229,27,27,41,27,27,41,27,41,41,41,27,27,34,27,41,41,27,41,41,41,41,41,32,41,41,27,41,28,41,41,41,41,41,41,41,41,41,41,41,27,27,40,41,41,41,27,44,41,27,88,41,27,27,27,27,27,27,27,27,27,27,27,27,27,27,27,27,27,27,27,27,28,38,41,41,41,41,41,41,41,41,41,27,41,27,29,41,41,41,41,41,41,41,27,41,41,27,41,27,27,41,41,27,27,228,27,27,27,27,27,27,29,41,27,27,41,41,27,41,41,33,27,41,41,41,27,30,41,27,41,41,41,27,41,28,41,27,41,41,41,41,30,41,41,41,27,29,27,28,27,27,39,27,27,27,27,27,27,27,27,27,27,27,27,27,27,27,27,27,27,27,27,36,41,41,39,41,41,41,27,27,29,27,41,27,27,41,30,27,41,27,39,41,31,41,41,27,41,27,27,27,41,27,205,27,205,51,229,222,27,230,63,37,41,41,30,27,33,41,41,41,229,229,230,27,46,229,209,230,224,27,27,27,27,38,27,27,41,41,27,41,27,41,41,41,41,41,41,41,41,41,41,27,27,27,27,27,27,27,27,27,27,27,27,27,27,27,27,27,27,27,27,27,41,41,41,41,41,41,27,41,41,27,29,27,41,41,41,41,41,41,41,30,41,41,41,27,41,41,27,27,41,27,27,27,27,27,214,41,27,229,41,27,27,41,27,27,41,27,27,41,27,230,230,230,230,230,230,27,27,229,230,229,27,41,41,41,41,27,27,41,41,51,27,41,27,229,41,229,38,41,36,27,27,27,27,27,27,27,27,27,27,27,27,27,27,27,27,27,27,27,27,203,228,27,27,229,27,229,229,27,229,83,27,230,230,27,230,230,27,230,109,230,27,59,41,27,27,27,230,27,27,205,27,225,79,27,230,27,205,230,230,40,41,41,30,41,41,27,29,41,41,27,41,40,41,27,41,41,41,41,41,27,41,41,41,27,41,41,27,41,27,41,27,27,41,41,41,41,27,41,41,28,27,27,27,27,27,27,27,27,27,27,27,27,27,27,27,27,27,27,34,41,41,41,41,41,41,27,41,41,87,230,230,230,230,230,230,230,230,230,27
41,41,27,36,39,27,27,27,41,27,30,27,27,41,30,27,27,27,41,27,34,32,41,41,27,33,41,27,41,41,41,41,41,41,41,27,27,41,41,27,41,41,41,27,41,41,27,41,27,41,41,27,41,32,41,41,27,41,41,41,27,27,27,27,27,27,27,27,27,27,27,27,27,27,27,27,27,27,27,28,27,41,27,41,27,41,27,41,27,41,41,41,41,30,41,41,27,27,41,41,33,27,228,31,41,223,223,151,29,110,230,38,230,230,230,230,27,28,41,29,41,27,27,41,41,27,41,27,41,41,41,27,29,41,41,27,41,27,39,27,32,41,27,41,41,41,30,41,41,41,41,41,41,41,41,27,27,27,41,38,27,27,27,27,27,27,27,27,27,27,27,27,27,27,27,27,27,27,27,27,36,41,27,41,27,27,41,41,27,41,39,41,27,41,41,27,41,41,27,41,41,41,41,31,27,27,41,27,27,41,30,27,27,210,37,41,41,27,27,41,40,27,27,27,27,41,27,41,27,38,41,41,27,41,27,41,27,41,39,27,27,41,41,41,38,27,41,41,41,41,41,41,41,27,41,27,41,41,27,41,30,27,27,27,27,27,27,27,27,27,27,27,27,27,27,27,27,27,27,31,41,41,27,27,41,41,41,41,41,27,27,41,27,27,41,41,27,41,30,41,30,41,41,41,41,229,27,229,41,27,27,27,27,230,230,27,28,27,230,164,41,41,27,27,41,41,27,41,41,38,27,41,32,27,29,41,27,27,27,27,41,27,41,27,41,28,41,27,41,27,41,27,41,41,29,41,27,41,27,27,27,27,27,27,27,27,27,27,27,27,27,27,27,27,27,27,27,27,27,27,27,27,41,41,41,27,27,27,27,41,41,41,41,41,41,27,41,41,41,35,38,27,41,30,27,39,41,27,27,27,29,28,27,27,41,27,41,41,41,27,40,41,27,41,41,41,41,41,41,41,27,41,30,41,41,41,27,41,41,41,27,41,41,27,41,27,27,41,41,80,202,27,27,27,27,27,229,78,27,28,28,27,27,27,27,27,27,27,27,27,27,27,27,27,27,27,27,27,27,27,41,41,41,27,27,27,27,27,41,87,230,230,27,230,230,229,110,230,230,29,38,41,223,27,30,41,229,229,27,27,41,27,27,41,27,41,41,41,27,27,34,27,41,41,27,41,41,41,41,41,32,41,41,27,41,28,41,41,41,41,41,41,41,41,41,41,41,27,27,40,41,41,41,27,44,41,27,88,41,27,27,27,27,27,27,27,27,27,27,27,27,27,27,27,27,27,27,27,27,28,38,41,41,41,41,41,41,41,41,41,27,41,27,29,41,41,41,41,41,41,41,27,41,41,27,41,27,27,41,41,27,27,228,27,27,27,27,27,27,29,41,27,27,41,41,27,41,41,33,27,41,41,41,27,30,41,27,41,41,41,27,41,28,41,27,41,41,41,41,30,41,41,41,27,29,27,28,27,27,39,27,27,27,27,27,27,27,27,27,27,27,27,27,27,27,27,27,27,27,27,36,41,41,39,41,41,41,27,27,29,27,41,27,27,41,30,27,41,27,39,41,31,41,41,27,41,27,27,27,41,27,205,27,205,51,229,222,27,230,63,37,41,41,30,27,33,41,41,41,229,229,230,27,46,229,209,230,224,27,27,27,27,38,27,27,41,41,27,41,27,41,41,41,41,41,41,41,41,41,41,27,27,27,27,27,27,27,27,27,27,27,27,27,27,27,27,27,27,27,27,27,41,41,41,41,41,41,27,41,41,27,29,27,41,41,41,41,41,41,41,30,41,41,41,27,41,41,27,27,41,27,27,27,27,27,214,41,27,229,41,27,27,41,27,27,41,27,27,41,27,230,230,230,230,230,230,27,27,229,230,229,27,41,41,41,41,27,27,41,41,51,27,41,27,229,41,229,38,41,36,27,27,27,27,27,27,27,27,27,27,27,27,27,27,27,27,27,27,27,27,203,228,27,27,229,27,229,229,27,229,83,27,230,230,27,230,230,27,230,109,230,27,59,41,27,27,27,230,27,27,205,27,225,79,27,230,27,205,230,230,40,41,41,30,41,41,27,29,41,41,27,41,40,41,27,41,41,41,41,41,27,41,41,41,27,41,41,27,41,27,41,27,27,41,41,41,41,27,41,41,28,27,27,27,27,27,27,27,27,27,27,27,27,27,27,27,27,27,27,34,41,41,41,41,41,41,27,41,41,87,230,230,230,230,230,230,230,230,230,27
41,41,30,41,29,27,27,27,41,27,27,27,27,41,38,27,41,27,41,27,34,27,41,41,27,28,41,27,41,41,41,41,41,41,41,27,27,41,41,27,41,41,41,27,41,41,27,41,27,41,41,27,41,27,41,41,27,41,41,41,27,27,27,27,27,27,27,27,27,27,27,27,27,27,27,27,27,27,27,28,30,41,27,41,27,41,27,41,27,41,41,41,41,38,41,41,27,27,41,41,33,27,179,27,41,41,41,219,27,98,230,41,230,230,230,230,27,27,41,29,41,27,27,41,41,27,41,27,41,41,41,27,39,41,41,27,41,41,33,27,28,41,27,41,41,41,38,41,41,41,41,41,41,41,41,27,27,27,41,39,27,27,27,27,27,27,27,27,27,27,27,27,27,27,27,27,27,27,27,27,36,41,27,41,27,27,41,41,41,41,41,41,27,41,41,27,41,41,27,41,41,41,41,38,27,27,41,27,27,41,38,27,27,53,41,38,41,27,40,41,66,27,27,27,27,41,27,41,27,41,41,41,41,41,27,41,27,41,32,27,27,41,41,39,41,27,41,41,41,41,41,41,41,27,41,27,41,41,27,41,30,27,27,27,27,27,27,27,27,27,27,27,27,27,27,27,27,27,27,31,41,39,27,27,41,41,41,41,41,27,30,41,27,41,41,32,27,39,37,41,30,41,41,41,40,229,27,228,41,27,27,29,27,230,230,29,40,27,181,164,41,41,27,27,41,41,27,41,41,41,27,41,31,27,39,41,27,27,27,30,41,27,41,27,41,27,41,41,41,30,41,27,40,41,39,41,27,41,30,27,27,27,27,27,27,27,27,27,27,27,27,27,27,27,27,27,27,27,27,27,27,27,41,41,41,27,30,27,27,41,41,41,41,41,41,27,41,41,41,35,41,27,41,27,27,41,41,27,27,27,27,40,27,27,41,27,41,27,41,27,40,41,27,41,41,41,41,41,41,41,27,41,38,41,41,41,27,41,41,41,27,41,41,27,41,27,27,41,41,80,118,27,27,27,27,28,229,191,27,27,28,27,27,27,27,27,27,27,27,27,27,27,27,27,27,27,27,27,27,28,41,41,41,27,41,27,27,27,41,87,230,230,27,230,230,230,42,230,230,27,32,41,41,27,37,41,227,211,27,27,41,27,27,41,27,41,41,41,27,27,34,30,41,41,27,41,41,41,41,41,28,41,41,27,41,27,41,41,41,41,41,41,41,41,41,41,41,27,27,33,41,41,41,27,27,41,30,183,41,27,27,27,27,27,27,27,27,27,27,27,27,27,27,27,27,27,27,27,27,28,41,41,41,41,41,41,41,41,41,41,31,41,27,40,41,41,41,41,41,41,41,27,41,27,27,41,30,27,41,41,27,27,209,27,27,27,27,27,27,29,41,27,27,41,41,27,41,41,28,30,41,41,41,30,37,41,27,41,41,41,27,41,39,41,27,41,41,41,41,37,41,41,41,41,40,27,27,27,27,39,27,27,27,27,27,27,27,27,27,27,27,27,27,27,27,27,27,27,27,27,36,41,41,41,41,41,41,27,27,40,27,41,27,27,41,37,27,41,31,40,41,27,41,41,27,41,27,27,27,41,27,205,27,205,28,230,40,27,230,28,37,41,41,38,27,28,41,41,41,229,196,230,27,206,229,116,230,230,27,179,27,27,41,27,27,41,41,27,41,27,41,41,41,41,41,41,41,41,41,41,27,27,27,27,27,27,27,27,27,27,27,27,27,27,27,27,27,27,27,27,27,41,41,41,41,41,41,27,41,41,27,39,27,41,41,41,41,41,41,41,30,41,41,41,27,41,41,27,27,39,27,30,27,27,27,229,41,27,228,41,30,27,41,27,27,41,27,41,41,27,230,230,230,230,230,230,27,27,230,230,229,27,41,41,41,41,27,27,41,68,88,27,41,27,229,41,229,41,41,36,27,27,27,27,27,27,27,27,27,27,27,27,27,27,27,27,27,27,27,27,203,229,27,27,229,27,229,229,70,199,42,27,230,230,27,230,230,27,230,109,230,27,145,41,27,27,27,230,27,27,205,70,230,29,27,230,27,205,230,230,40,41,41,38,41,41,27,39,41,41,27,41,32,41,30,41,41,41,41,41,27,41,41,41,27,41,41,27,41,27,41,27,27,41,41,41,27,27,41,41,28,27,27,27,27,27,27,27,27,27,27,27,27,27,27,27,27,27,27,34,41,41,41,41,41,41,27,41,41,87,230,230,230,230,230,230,230,230,230,61
41,41,38,41,27,27,29,27,41,27,27,27,27,41,41,27,41,27,41,27,34,27,41,41,27,27,41,27,41,41,41,41,41,41,41,27,40,41,41,27,41,41,41,27,41,41,27,41,27,41,41,27,41,27,41,41,27,41,41,41,27,27,27,27,27,27,27,27,27,27,27,27,27,27,27,27,27,27,27,28,38,41,27,41,27,41,27,41,27,41,41,41,41,41,41,41,27,27,41,41,33,27,86,27,41,41,41,229,27,41,230,41,230,230,230,230,27,27,41,29,41,27,27,41,41,27,41,27,41,41,41,27,41,41,41,27,41,41,28,27,27,38,27,41,41,41,41,41,41,39,41,41,41,41,41,27,27,30,41,39,27,27,27,27,27,27,27,27,27,27,27,27,27,27,27,27,27,27,27,27,36,41,27,41,27,27,41,41,41,41,41,41,27,41,41,27,41,41,27,41,41,41,41,41,27,27,41,27,27,41,41,30,27,41,41,31,41,27,154,39,83,27,27,27,27,41,27,41,27,41,41,41,41,41,27,41,27,41,28,27,27,41,41,33,41,27,41,41,41,41,41,41,41,27,41,27,41,41,27,41,30,27,27,27,27,27,27,27,27,27,27,27,27,27,27,27,27,27,27,31,41,33,27,27,41,41,41,41,41,27,38,41,27,41,41,27,27,33,41,41,30,41,41,41,28,229,27,206,41,27,27,39,27,230,230,40,41,27,80,164,41,41,27,27,41,41,27,41,41,41,27,41,27,40,41,41,27,41,27,38,41,30,41,27,41,27,41,41,41,38,41,27,32,41,41,41,29,41,37,27,27,27,27,27,27,27,27,27,27,27,27,27,27,27,27,27,27,27,27,27,27,27,41,41,41,27,37,27,27,41,41,39,41,41,41,27,41,41,41,35,41,27,41,28,27,41,41,27,27,27,27,41,27,28,27,41,41,27,41,27,40,41,27,41,41,41,41,41,41,41,27,41,41,41,41,41,30,40,41,41,27,41,41,27,41,27,27,41,41,80,55,27,27,27,27,39,229,229,27,27,28,27,27,27,27,27,27,27,27,27,27,27,27,27,27,27,27,27,27,32,41,41,41,27,41,27,27,27,41,87,230,230,27,230,230,230,27,230,230,27,29,38,41,27,41,41,179,53,27,28,41,27,27,41,27,41,41,41,29,27,34,38,41,41,27,41,41,41,41,41,27,41,41,28,41,27,41,41,41,41,41,41,41,41,41,41,41,27,27,28,41,41,87,27,27,41,37,230,41,27,27,27,27,27,27,27,27,27,27,27,27,27,27,27,27,27,27,27,27,28,41,41,41,41,41,41,41,41,40,41,38,41,27,41,41,41,41,41,41,41,41,27,41,27,27,41,37,27,41,41,27,27,56,27,27,27,27,27,27,29,41,27,27,41,41,41,41,41,27,38,41,41,27,37,41,41,30,41,41,41,27,41,41,41,27,41,41,41,41,41,41,41,41,41,41,27,27,27,27,39,27,27,27,27,27,27,27,27,27,27,27,27,27,27,27,28,27,27,27,27,36,41,41,41,41,41,41,30,27,41,27,41,27,41,41,41,27,41,38,41,38,27,41,41,27,41,27,27,27,38,27,205,27,205,27,230,27,27,230,27,37,78,41,41,27,27,41,40,41,229,112,230,27,229,216,52,230,230,224,183,27,27,41,27,27,41,41,27,41,27,41,41,41,41,41,41,41,41,41,41,27,27,27,27,27,27,27,27,27,27,27,27,27,27,27,27,27,27,27,27,27,41,41,41,41,41,41,27,41,41,27,41,27,41,41,41,41,41,41,41,41,41,41,41,27,41,41,27,29,30,27,38,27,27,27,229,41,27,187,41,37,29,41,27,30,41,27,41,41,27,230,230,230,230,230,230,27,27,230,230,229,27,41,41,41,41,27,27,41,202,135,27,41,27,217,41,229,41,60,43,27,27,27,27,27,27,27,27,27,27,27,27,27,27,27,27,27,27,27,27,187,229,27,27,229,27,229,229,180,110,41,27,230,230,27,230,230,27,227,109,230,31,213,41,27,27,27,230,27,27,205,187,230,27,27,191,53,209,230,181,40,41,41,41,41,41,27,41,41,41,27,41,27,41,38,41,41,41,41,41,27,41,41,41,27,41,41,29,41,28,41,27,27,41,41,41,27,27,41,41,28,27,27,27,27,27,27,27,27,27,27,27,27,27,27,27,27,27,27,34,41,41,41,41,41,41,27,41,41,87,230,230,230,230,230,230,230,230,230,190
41,41,38,41,27,27,29,27,41,27,27,27,27,41,41,27,41,27,41,27,34,27,41,41,27,27,41,27,41,41,41,41,41,41,41,27,40,41,41,27,41,41,41,27,41,41,27,41,27,41,41,27,41,27,41,41,27,41,41,41,27,27,27,27,27,27,27,27,27,27,27,27,27,27,27,27,27,27,27,28,38,41,27,41,27,41,27,41,27,41,41,41,41,41,41,41,27,27,41,41,33,27,86,27,41,41,41,229,27,41,230,41,230,230,230,230,27,27,41,29,41,27,27,41,41,27,41,27,41,41,41,27,41,41,41,27,41,41,28,27,27,38,27,41,41,41,41,41,41,39,41,41,41,41,41,27,27,30,41,39,27,27,27,27,27,27,27,27,27,27,27,27,27,27,27,27,27,27,27,27,36,41,27,41,27,27,41,41,41,41,41,41,27,41,41,27,41,41,27,41,41,41,41,41,27,27,41,27,27,41,41,30,27,41,41,31,41,27,154,39,83,27,27,27,27,41,27,41,27,41,41,41,41,41,27,41,27,41,28,27,27,41,41,33,41,27,41,41,41,41,41,41,41,27,41,27,41,41,27,41,30,27,27,27,27,27,27,27,27,27,27,27,27,27,27,27,27,27,27,31,41,33,27,27,41,41,41,41,41,27,38,41,27,41,41,27,27,33,41,41,30,41,41,41,28,229,27,206,41,27,27,39,27,230,230,40,41,27,80,164,41,41,27,27,41,41,27,41,41,41,27,41,27,40,41,41,27,41,27,38,41,30,41,27,41,27,41,41,41,38,41,27,32,41,41,41,29,41,37,27,27,27,27,27,27,27,27,27,27,27,27,27,27,27,27,27,27,27,27,27,27,27,41,41,41,27,37,27,27,41,41,39,41,41,41,27,41,41,41,35,41,27,41,28,27,41,41,27,27,27,27,41,27,28,27,41,41,27,41,27,40,41,27,41,41,41,41,41,41,41,27,41,41,41,41,41,30,40,41,41,27,41,41,27,41,27,27,41,41,80,55,27,27,27,27,39,229,229,27,27,28,27,27,27,27,27,27,27,27,27,27,27,27,27,27,27,27,27,27,32,41,41,41,27,41,27,27,27,41,87,230,230,27,230,230,230,27,230,230,27,29,38,41,27,41,41,179,53,27,28,41,27,27,41,27,41,41,41,29,27,34,38,41,41,27,41,41,41,41,41,27,41,41,28,41,27,41,41,41,41,41,41,41,41,41,41,41,27,27,28,41,41,87,27,27,41,37,230,41,27,27,27,27,27,27,27,27,27,27,27,27,27,27,27,27,27,27,27,27,28,41,41,41,41,41,41,41,41,40,41,38,41,27,41,41,41,41,41,41,41,41,27,41,27,27,41,37,27,41,41,27,27,56,27,27,27,27,27,27,29,41,27,27,41,41,41,41,41,27,38,41,41,27,37,41,41,30,41,41,41,27,41,41,41,27,41,41,41,41,41,41,41,41,41,41,27,27,27,27,39,27,27,27,27,27,27,27,27,27,27,27,27,27,27,27,28,27,27,27,27,36,41,41,41,41,41,41,30,27,41,27,41,27,41,41,41,27,41,38,41,38,27,41,41,27,41,27,27,27,38,27,205,27,205,27,230,27,27,230,27,37,78,41,41,27,27,41,40,41,229,112,230,27,229,216,52,230,230,224,183,27,27,41,27,27,41,41,27,41,27,41,41,41,41,41,41,41,41,41,41,27,27,27,27,27,27,27,27,27,27,27,27,27,27,27,27,27,27,27,27,27,41,41,41,41,41,41,27,41,41,27,41,27,41,41,41,41,41,41,41,41,41,41,41,27,41,41,27,29,30,27,38,27,27,27,229,41,27,187,41,37,29,41,27,30,41,27,41,41,27,230,230,230,230,230,230,27,27,230,230,229,27,41,41,41,41,27,27,41,202,135,27,41,27,217,41,229,41,60,43,27,27,27,27,27,27,27,27,27,27,27,27,27,27,27,27,27,27,27,27,187,229,27,27,229,27,229,229,180,110,41,27,230,230,27,230,230,27,227,109,230,31,213,41,27,27,27,230,27,27,205,187,230,27,27,191,53,209,230,181,40,41,41,41,41,41,27,41,41,41,27,41,27,41,38,41,41,41,41,41,27,41,41,41,27,41,41,29,41,28,41,27,27,41,41,41,27,27,41,41,28,27,27,27,27,27,27,27,27,27,27,27,27,27,27,27,27,27,27,34,41,41,41,41,41,41,27,41,41,87,230,230,230,230,230,230,230,230,230,190
41,41,41,41,27,27,39,27,41,27,27,27,27,41,41,27,41,27,27,27,34,27,41,41,27,27,38,29,41,41,41,41,40,41,41,27,41,41,41,27,41,41,41,27,41,41,27,41,27,41,41,28,41,27,41,41,27,41,41,41,27,27,27,27,27,27,27,27,27,27,27,27,27,27,27,27,27,27,27,28,41,41,27,41,27,41,27,41,27,41,41,41,38,41,41,41,27,27,41,41,33,27,41,27,41,41,41,229,27,28,230,41,230,230,230,230,27,27,41,29,41,27,27,41,41,27,41,27,41,41,41,27,41,41,41,29,41,41,27,27,27,30,27,41,41,41,41,41,41,33,41,41,41,41,41,27,27,38,41,39,27,27,27,27,27,27,27,27,27,27,27,27,27,27,27,27,27,27,27,27,36,41,27,41,27,27,41,41,41,41,41,41,27,41,41,27,41,41,27,41,37,41,41,41,36,27,27,27,27,41,41,38,27,41,41,27,41,27,222,28,85,27,27,27,27,41,27,41,27,41,41,41,41,41,27,41,27,41,27,27,27,41,41,28,41,27,41,41,41,41,41,41,41,27,41,27,41,41,27,41,30,27,27,27,27,27,27,27,27,27,27,27,27,27,27,27,27,27,27,31,41,28,27,27,41,41,41,41,41,27,41,41,27,41,41,27,27,28,41,41,30,41,41,41,27,228,27,59,41,27,27,41,29,230,230,41,41,27,28,164,41,41,27,27,41,41,27,41,41,41,31,41,27,41,41,41,27,41,30,41,41,38,41,27,41,27,41,41,41,41,41,27,27,41,41,41,40,41,41,27,27,27,27,27,27,27,27,27,27,27,27,27,27,27,27,27,27,27,27,27,27,29,41,41,41,27,41,27,27,41,41,32,41,41,41,27,41,41,41,35,41,27,40,35,27,41,41,27,41,27,27,41,27,40,27,41,41,27,41,27,40,41,27,41,41,41,41,41,41,41,27,41,41,41,41,41,38,28,41,41,30,41,41,27,41,27,30,41,41,76,41,27,27,27,27,41,229,229,27,27,28,27,27,27,27,27,27,27,27,27,27,27,27,27,27,27,27,27,27,34,41,41,41,27,41,27,27,27,41,87,230,230,46,230,230,230,27,230,230,27,29,31,41,27,41,41,86,41,27,40,41,27,27,41,30,41,39,41,39,27,35,41,41,41,27,41,41,41,41,41,27,41,41,40,41,27,41,41,41,41,41,41,41,41,41,41,41,27,27,27,64,41,184,30,27,41,41,230,41,27,27,27,27,27,27,27,27,27,27,27,27,27,27,27,27,27,27,27,27,28,41,41,41,41,41,41,41,41,33,41,41,41,27,41,41,41,41,41,41,41,41,27,41,27,41,41,41,27,41,41,27,27,41,27,27,27,27,27,27,29,41,27,27,41,41,41,41,41,27,41,41,41,27,41,41,41,37,41,41,41,27,41,41,41,29,41,41,41,41,41,41,41,41,41,41,27,27,30,27,36,27,27,27,27,27,27,27,27,27,27,27,27,27,27,27,51,27,27,27,27,36,41,40,41,41,41,41,38,27,41,29,41,27,41,41,41,30,41,41,41,31,27,41,41,27,41,60,27,27,30,27,211,29,208,27,230,27,27,230,27,37,192,41,41,27,27,39,32,41,106,44,230,27,230,102,41,230,230,230,183,27,27,41,27,27,41,41,30,41,27,41,41,41,41,41,41,41,41,41,41,27,27,27,27,27,27,27,27,27,27,27,27,27,27,27,27,27,27,27,27,27,41,41,41,41,41,41,27,41,41,27,41,27,41,41,41,41,41,41,41,41,41,41,41,27,41,41,29,38,27,27,41,27,27,27,229,41,27,79,41,41,40,41,27,37,41,27,41,41,27,230,230,230,230,230,230,27,27,230,230,229,27,74,41,41,41,27,27,41,229,153,27,41,27,112,41,229,41,211,84,27,27,27,27,27,27,27,27,27,27,27,27,27,27,27,27,27,27,27,27,55,229,27,27,229,27,229,41,224,42,41,27,230,230,27,230,230,27,107,109,230,38,230,41,41,27,27,230,27,27,205,230,230,27,75,71,131,227,230,81,40,41,41,41,41,41,27,41,39,41,27,41,27,41,41,41,41,41,41,41,27,41,41,41,30,41,41,39,41,40,41,27,27,41,41,41,27,27,41,41,28,27,27,27,27,27,27,27,27,27,27,27,27,27,27,27,27,27,27,34,41,41,41,41,41,41,41,41,41,87,230,230,230,230,230,230,230,230,230,229
41,41,41,41,27,27,41,27,41,27,27,27,27,41,41,27,41,27,27,27,34,27,41,41,27,27,31,39,41,41,41,41,28,41,41,41,41,41,41,27,41,41,41,41,41,41,27,41,27,41,41,40,41,27,41,41,27,41,39,41,33,27,27,27,27,27,27,27,27,27,27,27,27,27,27,27,27,27,27,28,41,41,27,41,27,41,27,41,27,41,41,41,30,41,41,41,27,27,41,41,33,27,41,27,27,41,41,229,27,27,230,41,230,182,230,230,27,27,41,29,41,27,29,41,41,27,41,27,41,41,41,27,41,41,41,39,41,41,27,27,27,27,27,41,41,41,41,41,41,28,41,41,41,41,41,29,27,41,41,39,27,27,27,27,27,27,27,27,27,27,27,27,27,27,27,27,27,27,27,27,36,41,27,41,27,27,41,41,41,41,41,41,27,41,41,27,41,41,27,41,30,39,41,41,41,27,27,27,27,40,41,41,27,41,41,27,41,29,229,27,85,27,27,27,27,41,27,41,27,41,41,41,41,41,27,41,27,41,27,27,27,41,41,27,41,27,41,41,41,41,41,41,41,41,41,27,41,41,27,41,30,27,27,27,27,27,27,27,27,27,27,27,27,27,27,27,27,27,27,31,41,27,29,27,41,41,41,41,41,27,41,41,27,41,41,27,27,27,41,41,30,41,41,41,27,206,27,41,41,27,27,41,40,230,230,41,41,27,27,164,41,41,27,27,41,41,27,41,41,41,38,41,27,41,41,41,27,41,38,41,41,41,41,27,41,27,41,41,41,41,41,27,27,41,41,41,41,41,41,29,27,27,27,27,27,27,27,27,27,27,27,27,27,27,27,27,27,27,27,27,27,40,41,41,41,27,41,27,41,41,41,28,41,41,41,27,41,41,41,41,41,29,28,40,27,41,41,27,41,27,27,41,28,41,27,41,27,27,41,27,40,41,27,41,41,41,32,41,41,41,27,41,41,41,41,41,41,27,41,41,38,41,41,27,41,29,39,41,41,56,41,27,27,29,27,41,216,229,27,27,28,27,27,27,27,27,27,27,27,28,27,27,27,27,27,27,27,27,27,34,41,41,41,27,41,27,27,41,41,87,230,230,206,230,230,230,27,230,230,27,29,27,41,27,41,37,41,41,27,41,41,27,27,41,38,41,28,41,41,28,40,41,41,41,27,41,41,41,41,41,27,41,41,41,41,27,41,41,41,41,41,41,41,41,41,41,41,27,27,27,168,41,230,38,27,41,41,230,41,27,27,27,27,27,27,27,27,27,27,27,27,27,27,27,27,27,27,27,27,28,41,41,41,41,41,41,41,41,27,41,41,41,27,41,41,41,41,41,41,41,41,27,41,27,41,41,41,27,41,38,27,27,41,30,27,27,27,27,27,41,41,27,41,41,41,41,41,41,27,41,41,41,27,41,41,41,41,41,41,41,27,41,41,41,39,41,41,41,41,41,41,41,41,41,41,27,27,38,27,31,27,27,27,27,27,27,27,27,27,27,27,27,27,27,27,210,27,27,27,27,36,41,33,41,41,41,41,41,27,41,39,41,27,41,41,41,37,41,41,41,27,27,41,41,27,41,144,27,30,27,27,224,40,227,27,230,27,41,190,27,37,229,41,41,27,27,28,27,41,41,27,218,27,230,34,41,209,230,230,183,27,27,41,27,41,41,41,38,41,27,41,41,41,41,41,41,41,41,41,41,27,27,27,27,27,27,27,27,27,27,27,27,27,27,27,27,27,27,27,27,41,41,41,41,41,41,41,27,41,41,27,41,27,41,41,41,41,41,41,41,41,41,41,41,27,41,41,40,41,27,27,41,27,27,27,228,41,41,41,41,41,41,41,27,41,41,30,41,41,27,230,230,230,230,230,230,27,69,230,230,229,27,196,41,41,41,27,30,78,229,153,27,41,27,47,47,229,41,229,143,27,27,27,27,27,27,27,27,27,27,27,27,27,27,27,27,27,27,27,27,39,229,27,27,229,27,229,41,228,27,41,27,230,230,27,230,230,27,43,109,230,41,230,41,41,27,27,230,27,27,205,230,230,27,181,28,191,230,230,29,40,41,41,41,41,41,27,41,29,41,27,41,27,41,41,41,41,41,41,41,27,41,41,41,39,41,41,41,41,41,41,27,29,41,41,41,27,27,41,32,28,27,27,27,27,27,27,27,27,27,27,27,27,27,27,27,27,27,27,34,41,41,41,41,41,41,41,41,41,87,230,230,230,230,230,230,230,230,230,230
41,41,41,41,27,27,41,27,41,27,27,27,27,41,41,27,41,27,27,27,34,27,41,41,27,27,31,39,41,41,41,41,28,41,41,41,41,41,41,27,41,41,41,41,41,41,27,41,27,41,41,40,41,27,41,41,27,41,39,41,33,27,27,27,27,27,27,27,27,27,27,27,27,27,27,27,27,27,27,28,41,41,27,41,27,41,27,41,27,41,41,41,30,41,41,41,27,27,41,41,33,27,41,27,27,41,41,229,27,27,230,41,230,182,230,230,27,27,41,29,41,27,29,41,41,27,41,27,41,41,41,27,41,41,41,39,41,41,27,27,27,27,27,41,41,41,41,41,41,28,41,41,41,41,41,29,27,41,41,39,27,27,27,27,27,27,27,27,27,27,27,27,27,27,27,27,27,27,27,27,36,41,27,41,27,27,41,41,41,41,41,41,27,41,41,27,41,41,27,41,30,39,41,41,41,27,27,27,27,40,41,41,27,41,41,27,41,29,229,27,85,27,27,27,27,41,27,41,27,41,41,41,41,41,27,41,27,41,27,27,27,41,41,27,41,27,41,41,41,41,41,41,41,41,41,27,41,41,27,41,30,27,27,27,27,27,27,27,27,27,27,27,27,27,27,27,27,27,27,31,41,27,29,27,41,41,41,41,41,27,41,41,27,41,41,27,27,27,41,41,30,41,41,41,27,206,27,41,41,27,27,41,40,230,230,41,41,27,27,164,41,41,27,27,41,41,27,41,41,41,38,41,27,41,41,41,27,41,38,41,41,41,41,27,41,27,41,41,41,41,41,27,27,41,41,41,41,41,41,29,27,27,27,27,27,27,27,27,27,27,27,27,27,27,27,27,27,27,27,27,27,40,41,41,41,27,41,27,41,41,41,28,41,41,41,27,41,41,41,41,41,29,28,40,27,41,41,27,41,27,27,41,28,41,27,41,27,27,41,27,40,41,27,41,41,41,32,41,41,41,27,41,41,41,41,41,41,27,41,41,38,41,41,27,41,29,39,41,41,56,41,27,27,29,27,41,216,229,27,27,28,27,27,27,27,27,27,27,27,28,27,27,27,27,27,27,27,27,27,34,41,41,41,27,41,27,27,41,41,87,230,230,206,230,230,230,27,230,230,27,29,27,41,27,41,37,41,41,27,41,41,27,27,41,38,41,28,41,41,28,40,41,41,41,27,41,41,41,41,41,27,41,41,41,41,27,41,41,41,41,41,41,41,41,41,41,41,27,27,27,168,41,230,38,27,41,41,230,41,27,27,27,27,27,27,27,27,27,27,27,27,27,27,27,27,27,27,27,27,28,41,41,41,41,41,41,41,41,27,41,41,41,27,41,41,41,41,41,41,41,41,27,41,27,41,41,41,27,41,38,27,27,41,30,27,27,27,27,27,41,41,27,41,41,41,41,41,41,27,41,41,41,27,41,41,41,41,41,41,41,27,41,41,41,39,41,41,41,41,41,41,41,41,41,41,27,27,38,27,31,27,27,27,27,27,27,27,27,27,27,27,27,27,27,27,210,27,27,27,27,36,41,33,41,41,41,41,41,27,41,39,41,27,41,41,41,37,41,41,41,27,27,41,41,27,41,144,27,30,27,27,224,40,227,27,230,27,41,190,27,37,229,41,41,27,27,28,27,41,41,27,218,27,230,34,41,209,230,230,183,27,27,41,27,41,41,41,38,41,27,41,41,41,41,41,41,41,41,41,41,27,27,27,27,27,27,27,27,27,27,27,27,27,27,27,27,27,27,27,27,41,41,41,41,41,41,41,27,41,41,27,41,27,41,41,41,41,41,41,41,41,41,41,41,27,41,41,40,41,27,27,41,27,27,27,228,41,41,41,41,41,41,41,27,41,41,30,41,41,27,230,230,230,230,230,230,27,69,230,230,229,27,196,41,41,41,27,30,78,229,153,27,41,27,47,47,229,41,229,143,27,27,27,27,27,27,27,27,27,27,27,27,27,27,27,27,27,27,27,27,39,229,27,27,229,27,229,41,228,27,41,27,230,230,27,230,230,27,43,109,230,41,230,41,41,27,27,230,27,27,205,230,230,27,181,28,191,230,230,29,40,41,41,41,41,41,27,41,29,41,27,41,27,41,41,41,41,41,41,41,27,41,41,41,39,41,41,41,41,41,41,27,29,41,41,41,27,27,41,32,28,27,27,27,27,27,27,27,27,27,27,27,27,27,27,27,27,27,27,34,41,41,41,41,41,41,41,41,41,87,230,230,230,230,230,230,230,230,230,230
38,38,41,41,27,27,41,27,41,27,27,27,27,41,41,27,41,27,27,41,34,27,41,41,30,27,27,41,41,41,41,41,27,41,41,41,41,41,41,27,41,41,41,41,41,41,27,41,27,41,41,41,41,27,41,41,41,41,33,41,33,27,27,27,27,27,27,27,27,27,27,27,27,27,27,27,27,27,27,28,41,41,27,41,27,41,27,41,27,41,41,41,27,41,41,41,27,41,41,41,33,27,41,27,27,41,41,228,27,27,230,41,230,79,230,33,27,27,41,29,38,30,40,41,41,27,41,27,41,41,41,27,41,41,41,41,41,41,27,27,27,27,27,41,41,41,41,41,41,27,41,41,41,41,41,39,27,41,41,39,27,27,27,27,27,27,27,27,27,27,27,27,27,27,27,27,27,27,27,27,36,41,27,41,27,27,41,39,41,41,41,41,27,41,41,27,41,27,27,41,27,28,41,41,41,27,27,28,27,29,41,41,30,41,41,27,41,40,229,27,85,27,27,27,27,41,27,41,41,41,41,41,41,41,27,41,27,41,27,27,27,41,41,27,41,27,41,41,41,41,41,41,41,41,41,27,41,41,41,41,30,27,27,27,27,27,27,27,27,27,27,27,27,27,27,27,27,27,27,31,41,27,38,27,41,41,41,41,41,27,41,41,27,41,41,27,27,27,41,41,30,41,27,41,27,59,27,41,37,27,41,41,41,230,230,41,41,27,27,164,41,41,27,27,41,38,27,41,41,41,41,41,27,41,41,41,27,41,41,41,41,41,41,27,41,27,41,41,41,41,41,27,27,41,41,41,41,41,41,34,27,27,27,27,27,27,27,27,27,27,27,27,27,27,27,27,27,27,27,27,28,41,41,41,41,27,41,27,41,41,41,27,41,41,41,41,41,41,41,41,41,39,27,41,27,41,41,27,41,27,27,41,40,41,27,41,27,27,41,27,40,41,27,41,41,41,27,41,41,41,27,41,41,41,41,38,41,27,41,41,41,41,41,27,41,39,41,41,41,43,41,29,29,39,27,41,112,229,27,27,28,27,27,27,27,27,27,27,27,76,27,27,27,27,27,27,27,27,27,34,41,41,41,27,41,27,27,41,41,87,230,230,229,230,230,230,27,230,229,27,29,27,41,41,41,31,41,41,27,41,27,27,27,41,41,41,27,41,41,40,41,41,41,41,41,41,41,41,41,39,27,41,41,41,41,27,41,41,41,41,41,41,41,41,41,41,41,27,27,27,191,41,230,41,27,41,41,230,41,27,27,27,27,27,27,27,27,27,27,27,27,29,27,27,27,27,27,27,27,28,41,41,41,41,41,41,41,41,27,41,41,41,27,41,41,41,41,41,41,41,41,27,39,27,41,41,41,27,41,30,30,27,41,38,27,27,41,27,27,41,41,30,41,41,41,41,41,41,27,41,41,41,27,41,41,41,41,41,41,41,41,41,41,41,41,41,41,41,41,41,41,41,41,41,41,29,27,41,27,29,27,27,27,27,27,27,27,27,27,27,27,27,27,27,27,229,27,27,27,27,36,41,28,41,41,38,41,41,27,41,41,41,27,41,41,41,41,41,41,41,27,27,41,41,27,41,212,27,38,27,27,230,41,230,27,222,27,41,27,27,37,229,80,41,27,27,27,27,51,41,27,112,27,230,27,41,116,230,230,183,39,27,41,27,41,41,41,41,41,27,41,41,41,41,41,41,41,41,40,41,27,27,27,27,27,27,27,27,27,27,27,27,27,27,27,27,27,27,27,31,41,41,41,41,41,41,41,27,41,41,27,41,31,41,41,41,41,41,41,41,41,41,41,41,27,41,41,41,41,27,27,41,27,27,27,184,41,41,41,41,41,41,41,27,41,41,37,41,41,27,230,230,230,230,230,230,27,183,230,203,229,27,229,45,229,41,28,38,191,229,153,27,49,27,41,111,229,53,229,156,27,27,27,27,27,27,27,27,27,27,27,27,27,27,27,27,27,27,27,27,39,229,27,27,229,27,229,41,229,27,41,27,230,230,27,230,230,27,41,109,200,41,230,41,41,29,27,205,27,30,206,230,189,27,230,27,205,230,230,27,40,41,41,41,41,41,27,41,27,41,27,41,27,41,41,41,41,41,41,41,27,41,41,41,41,41,41,41,41,41,41,30,40,41,41,41,27,27,41,27,28,27,27,27,27,27,27,27,27,27,27,27,27,27,27,27,27,27,27,34,41,41,41,41,41,41,41,41,41,87,230,230,230,230,230,229,230,230,230,230
38,38,41,41,27,27,41,27,41,27,27,27,27,41,41,27,41,27,27,41,34,27,41,41,30,27,27,41,41,41,41,41,27,41,41,41,41,41,41,27,41,41,41,41,41,41,27,41,27,41,41,41,41,27,41,41,41,41,33,41,33,27,27,27,27,27,27,27,27,27,27,27,27,27,27,27,27,27,27,28,41,41,27,41,27,41,27,41,27,41,41,41,27,41,41,41,27,41,41,41,33,27,41,27,27,41,41,228,27,27,230,41,230,79,230,33,27,27,41,29,38,30,40,41,41,27,41,27,41,41,41,27,41,41,41,41,41,41,27,27,27,27,27,41,41,41,41,41,41,27,41,41,41,41,41,39,27,41,41,39,27,27,27,27,27,27,27,27,27,27,27,27,27,27,27,27,27,27,27,27,36,41,27,41,27,27,41,39,41,41,41,41,27,41,41,27,41,27,27,41,27,28,41,41,41,27,27,28,27,29,41,41,30,41,41,27,41,40,229,27,85,27,27,27,27,41,27,41,41,41,41,41,41,41,27,41,27,41,27,27,27,41,41,27,41,27,41,41,41,41,41,41,41,41,41,27,41,41,41,41,30,27,27,27,27,27,27,27,27,27,27,27,27,27,27,27,27,27,27,31,41,27,38,27,41,41,41,41,41,27,41,41,27,41,41,27,27,27,41,41,30,41,27,41,27,59,27,41,37,27,41,41,41,230,230,41,41,27,27,164,41,41,27,27,41,38,27,41,41,41,41,41,27,41,41,41,27,41,41,41,41,41,41,27,41,27,41,41,41,41,41,27,27,41,41,41,41,41,41,34,27,27,27,27,27,27,27,27,27,27,27,27,27,27,27,27,27,27,27,27,28,41,41,41,41,27,41,27,41,41,41,27,41,41,41,41,41,41,41,41,41,39,27,41,27,41,41,27,41,27,27,41,40,41,27,41,27,27,41,27,40,41,27,41,41,41,27,41,41,41,27,41,41,41,41,38,41,27,41,41,41,41,41,27,41,39,41,41,41,43,41,29,29,39,27,41,112,229,27,27,28,27,27,27,27,27,27,27,27,76,27,27,27,27,27,27,27,27,27,34,41,41,41,27,41,27,27,41,41,87,230,230,229,230,230,230,27,230,229,27,29,27,41,41,41,31,41,41,27,41,27,27,27,41,41,41,27,41,41,40,41,41,41,41,41,41,41,41,41,39,27,41,41,41,41,27,41,41,41,41,41,41,41,41,41,41,41,27,27,27,191,41,230,41,27,41,41,230,41,27,27,27,27,27,27,27,27,27,27,27,27,29,27,27,27,27,27,27,27,28,41,41,41,41,41,41,41,41,27,41,41,41,27,41,41,41,41,41,41,41,41,27,39,27,41,41,41,27,41,30,30,27,41,38,27,27,41,27,27,41,41,30,41,41,41,41,41,41,27,41,41,41,27,41,41,41,41,41,41,41,41,41,41,41,41,41,41,41,41,41,41,41,41,41,41,29,27,41,27,29,27,27,27,27,27,27,27,27,27,27,27,27,27,27,27,229,27,27,27,27,36,41,28,41,41,38,41,41,27,41,41,41,27,41,41,41,41,41,41,41,27,27,41,41,27,41,212,27,38,27,27,230,41,230,27,222,27,41,27,27,37,229,80,41,27,27,27,27,51,41,27,112,27,230,27,41,116,230,230,183,39,27,41,27,41,41,41,41,41,27,41,41,41,41,41,41,41,41,40,41,27,27,27,27,27,27,27,27,27,27,27,27,27,27,27,27,27,27,27,31,41,41,41,41,41,41,41,27,41,41,27,41,31,41,41,41,41,41,41,41,41,41,41,41,27,41,41,41,41,27,27,41,27,27,27,184,41,41,41,41,41,41,41,27,41,41,37,41,41,27,230,230,230,230,230,230,27,183,230,203,229,27,229,45,229,41,28,38,191,229,153,27,49,27,41,111,229,53,229,156,27,27,27,27,27,27,27,27,27,27,27,27,27,27,27,27,27,27,27,27,39,229,27,27,229,27,229,41,229,27,41,27,230,230,27,230,230,27,41,109,200,41,230,41,41,29,27,205,27,30,206,230,189,27,230,27,205,230,230,27,40,41,41,41,41,41,27,41,27,41,27,41,27,41,41,41,41,41,41,41,27,41,41,41,41,41,41,41,41,41,41,30,40,41,41,41,27,27,41,27,28,27,27,27,27,27,27,27,27,27,27,27,27,27,27,27,27,27,27,34,41,41,41,41,41,41,41,41,41,87,230,230,230,230,230,229,230,230,230,230
30,30,41,41,27,27,41,27,41,27,27,27,27,41,41,27,41,27,27,41,34,27,41,41,38,27,27,41,41,41,41,41,27,41,41,41,41,41,41,29,41,40,41,41,41,41,31,41,27,41,41,41,41,27,41,41,41,41,28,41,33,27,27,27,27,27,27,27,27,27,27,27,27,27,27,27,27,27,27,28,41,41,27,41,27,41,27,41,27,41,41,41,27,41,41,41,27,41,41,41,33,29,41,27,27,41,41,220,27,27,230,41,230,29,230,27,27,27,41,29,30,38,41,41,41,41,41,27,41,41,41,38,41,41,41,41,41,41,27,27,27,27,27,41,41,41,41,41,41,27,41,41,41,41,41,41,27,41,41,39,27,27,27,27,27,27,27,27,27,27,27,27,27,27,27,27,27,27,27,27,36,41,27,41,41,41,41,28,41,41,41,41,27,41,41,29,41,27,27,41,27,27,41,41,41,27,27,39,28,27,41,41,38,41,41,27,41,41,228,27,77,29,27,30,27,41,29,41,41,41,41,41,41,41,27,41,27,41,27,27,27,39,41,27,41,27,41,41,41,41,41,41,41,41,41,27,41,41,41,41,30,27,27,27,27,27,27,27,27,27,27,27,27,27,27,27,27,27,27,31,41,27,41,27,41,41,41,41,41,27,41,41,27,41,41,27,27,27,41,41,33,41,27,41,27,41,27,41,30,27,41,41,41,210,230,41,41,27,27,164,41,41,27,41,41,30,27,41,41,41,41,41,27,41,41,41,41,41,41,41,41,41,41,31,41,27,41,41,41,41,41,27,27,41,41,41,41,41,41,36,27,41,41,27,27,27,27,27,27,27,27,27,27,27,27,27,27,27,27,27,38,41,41,41,41,27,41,27,41,41,41,27,41,41,41,41,41,41,41,41,41,41,27,41,27,41,41,27,41,27,27,41,41,41,27,41,27,27,39,27,41,41,41,41,41,41,27,41,41,41,30,41,41,41,41,29,41,27,41,38,41,41,41,27,41,41,41,41,41,41,41,40,40,41,27,41,48,204,30,27,37,27,27,27,27,27,27,27,27,184,27,27,27,27,27,27,27,27,27,34,41,41,41,27,41,27,30,41,41,87,230,230,230,230,230,230,27,230,229,37,29,27,41,41,41,27,41,41,27,41,27,27,27,41,41,41,27,39,41,41,41,41,41,41,41,41,41,41,41,28,27,41,41,41,41,27,41,41,41,41,40,41,41,41,41,41,41,27,41,27,191,41,230,41,27,41,41,230,41,27,27,27,27,27,27,27,27,27,27,27,27,40,27,27,27,27,27,27,27,28,41,41,41,41,41,41,41,41,27,41,41,41,30,41,41,41,41,41,41,41,41,27,29,27,41,41,41,27,41,27,38,27,41,41,27,28,41,27,27,41,41,38,41,37,41,41,41,41,27,41,39,41,27,41,41,41,41,41,41,41,41,41,41,41,41,41,41,41,41,41,41,41,41,41,41,40,27,41,27,29,27,27,27,27,27,27,27,27,27,27,27,27,27,27,27,229,27,27,27,27,36,41,27,41,41,30,41,41,27,41,41,41,27,41,41,41,41,41,41,41,27,27,41,41,27,41,229,27,41,27,27,230,41,230,27,40,27,41,27,27,64,229,189,41,27,27,27,27,219,41,27,47,27,230,27,41,52,230,230,183,41,27,41,31,41,41,41,41,41,27,41,41,41,41,41,41,41,41,28,41,27,27,27,27,30,27,27,27,27,27,27,27,27,27,27,27,27,27,27,31,41,41,41,41,41,41,41,27,41,41,27,41,38,41,41,41,41,41,41,41,41,41,41,41,27,41,41,41,41,27,41,41,27,27,27,81,41,41,41,41,41,41,41,27,41,41,41,41,41,27,230,230,230,230,230,218,28,229,230,119,106,27,229,225,229,41,40,41,229,229,153,29,113,27,41,217,229,117,229,156,27,27,27,27,27,27,27,27,27,27,27,27,27,27,27,27,27,27,27,27,39,229,27,27,190,27,229,41,229,27,41,27,230,106,62,230,230,27,41,109,61,41,230,41,41,39,27,57,27,71,230,230,73,27,230,27,205,230,230,27,40,41,41,41,41,41,27,41,27,41,27,41,27,41,41,41,41,41,41,27,27,41,41,41,41,41,41,41,41,41,41,38,41,41,41,41,27,27,41,27,28,27,27,27,27,27,27,27,27,30,27,27,27,27,27,27,27,27,27,34,41,41,41,41,41,41,41,41,41,87,230,230,230,230,230,205,230,230,230,230
27,27,41,41,27,27,41,27,41,27,27,27,27,41,41,30,41,27,27,41,34,27,41,41,41,27,27,41,41,41,41,41,27,41,41,41,41,41,41,39,41,28,41,41,41,41,38,41,31,41,41,41,41,27,41,41,41,41,27,41,33,27,27,27,27,27,27,27,27,27,27,27,27,27,27,27,27,27,27,28,41,41,27,41,27,41,30,41,27,41,41,41,27,41,41,41,29,41,41,41,33,39,38,27,27,27,27,175,27,27,230,41,230,27,230,27,27,27,41,29,27,41,41,41,41,41,41,41,41,41,41,41,41,41,41,41,41,41,27,27,27,27,27,41,41,41,41,41,41,27,41,41,41,41,41,41,27,41,41,39,27,27,27,27,27,27,27,27,27,27,27,27,27,27,27,27,27,27,27,27,36,41,29,41,41,41,41,27,41,41,41,41,27,41,41,40,41,27,27,41,27,27,41,41,41,27,27,41,39,27,41,41,41,40,41,27,41,41,206,27,36,40,27,37,27,41,40,41,41,41,41,41,41,41,27,41,31,41,27,27,29,33,41,27,41,27,41,41,41,41,41,41,41,41,41,27,41,41,41,41,30,27,27,27,27,27,27,28,27,27,27,27,27,27,27,27,27,27,27,33,41,27,41,27,41,41,41,41,39,27,41,41,41,41,41,27,27,27,41,41,38,41,27,41,27,41,27,41,27,27,41,41,41,51,210,41,41,27,27,164,41,39,27,41,41,27,27,41,41,41,41,41,27,41,41,41,41,41,41,41,41,41,41,38,41,27,41,41,41,41,41,27,27,41,41,41,41,41,41,36,27,41,41,27,27,27,27,27,27,27,27,27,27,27,27,27,27,27,27,27,39,41,41,41,41,27,41,27,41,41,41,27,41,41,41,41,41,41,41,41,41,41,27,41,29,41,41,27,41,27,27,41,41,41,27,41,27,27,29,27,41,41,41,41,41,41,27,41,41,41,38,41,41,41,41,27,41,27,41,30,41,41,41,27,41,41,41,41,41,41,38,41,41,41,27,41,41,117,38,27,37,46,27,27,27,27,27,27,27,229,27,41,27,27,27,27,27,27,27,34,41,41,41,27,41,27,38,41,41,87,230,230,230,230,230,230,27,229,230,28,29,27,27,41,41,27,41,40,27,41,27,27,27,41,41,41,27,28,41,41,41,41,41,41,41,41,41,41,41,27,27,41,41,41,41,27,41,41,41,41,27,41,41,41,41,41,41,27,41,27,191,41,230,41,27,41,41,199,41,27,27,27,27,27,27,27,27,27,27,27,27,41,27,27,27,27,27,27,27,28,41,41,41,41,41,41,41,41,27,41,41,41,37,41,41,41,41,41,41,41,41,29,27,27,41,41,41,27,41,27,41,27,40,41,30,40,41,41,27,41,41,41,41,30,41,41,41,41,27,41,29,41,27,41,41,41,41,41,41,41,41,41,41,41,41,41,41,41,41,41,41,41,41,41,41,41,27,41,27,29,27,27,27,27,27,27,27,27,27,27,27,27,27,27,27,229,27,27,27,27,36,39,27,41,41,27,41,41,30,41,41,41,28,41,41,41,41,41,41,41,27,27,41,41,27,41,229,27,41,27,27,230,41,230,27,27,27,41,27,27,148,229,229,41,27,27,27,27,229,41,27,41,27,230,27,39,41,230,230,183,41,27,41,38,41,41,41,41,41,27,41,41,41,41,41,41,41,41,27,41,27,27,27,27,37,27,27,27,27,27,27,27,27,27,27,27,27,27,27,31,41,41,41,41,41,41,41,27,41,41,27,41,41,41,41,41,41,41,41,41,41,41,41,41,27,41,41,41,41,27,41,41,27,27,30,41,41,41,41,41,41,41,41,27,41,41,41,41,41,32,222,230,230,230,230,112,223,230,230,55,41,29,229,229,229,41,41,41,229,211,172,39,214,27,41,229,229,206,229,156,27,27,27,27,27,27,27,27,27,27,27,27,27,27,27,27,27,27,27,27,39,229,27,67,80,27,228,41,229,27,27,27,230,41,196,230,218,46,41,109,28,41,230,41,41,41,29,28,27,73,230,230,28,27,230,27,205,230,230,27,40,41,41,41,41,41,27,41,27,41,27,41,27,41,41,41,41,41,41,27,27,27,41,41,41,27,41,41,41,41,41,41,41,41,41,41,27,29,41,27,28,29,27,27,27,27,27,27,27,37,27,27,27,27,27,27,27,27,27,34,41,41,41,41,41,41,41,41,41,87,230,230,230,230,230,46,230,230,230,230
27,27,41,41,27,27,41,27,41,27,27,27,27,41,41,30,41,27,27,41,34,27,41,41,41,27,27,41,41,41,41,41,27,41,41,41,41,41,41,39,41,28,41,41,41,41,38,41,31,41,41,41,41,27,41,41,41,41,27,41,33,27,27,27,27,27,27,27,27,27,27,27,27,27,27,27,27,27,27,28,41,41,27,41,27,41,30,41,27,41,41,41,27,41,41,41,29,41,41,41,33,39,38,27,27,27,27,175,27,27,230,41,230,27,230,27,27,27,41,29,27,41,41,41,41,41,41,41,41,41,41,41,41,41,41,41,41,41,27,27,27,27,27,41,41,41,41,41,41,27,41,41,41,41,41,41,27,41,41,39,27,27,27,27,27,27,27,27,27,27,27,27,27,27,27,27,27,27,27,27,36,41,29,41,41,41,41,27,41,41,41,41,27,41,41,40,41,27,27,41,27,27,41,41,41,27,27,41,39,27,41,41,41,40,41,27,41,41,206,27,36,40,27,37,27,41,40,41,41,41,41,41,41,41,27,41,31,41,27,27,29,33,41,27,41,27,41,41,41,41,41,41,41,41,41,27,41,41,41,41,30,27,27,27,27,27,27,28,27,27,27,27,27,27,27,27,27,27,27,33,41,27,41,27,41,41,41,41,39,27,41,41,41,41,41,27,27,27,41,41,38,41,27,41,27,41,27,41,27,27,41,41,41,51,210,41,41,27,27,164,41,39,27,41,41,27,27,41,41,41,41,41,27,41,41,41,41,41,41,41,41,41,41,38,41,27,41,41,41,41,41,27,27,41,41,41,41,41,41,36,27,41,41,27,27,27,27,27,27,27,27,27,27,27,27,27,27,27,27,27,39,41,41,41,41,27,41,27,41,41,41,27,41,41,41,41,41,41,41,41,41,41,27,41,29,41,41,27,41,27,27,41,41,41,27,41,27,27,29,27,41,41,41,41,41,41,27,41,41,41,38,41,41,41,41,27,41,27,41,30,41,41,41,27,41,41,41,41,41,41,38,41,41,41,27,41,41,117,38,27,37,46,27,27,27,27,27,27,27,229,27,41,27,27,27,27,27,27,27,34,41,41,41,27,41,27,38,41,41,87,230,230,230,230,230,230,27,229,230,28,29,27,27,41,41,27,41,40,27,41,27,27,27,41,41,41,27,28,41,41,41,41,41,41,41,41,41,41,41,27,27,41,41,41,41,27,41,41,41,41,27,41,41,41,41,41,41,27,41,27,191,41,230,41,27,41,41,199,41,27,27,27,27,27,27,27,27,27,27,27,27,41,27,27,27,27,27,27,27,28,41,41,41,41,41,41,41,41,27,41,41,41,37,41,41,41,41,41,41,41,41,29,27,27,41,41,41,27,41,27,41,27,40,41,30,40,41,41,27,41,41,41,41,30,41,41,41,41,27,41,29,41,27,41,41,41,41,41,41,41,41,41,41,41,41,41,41,41,41,41,41,41,41,41,41,41,27,41,27,29,27,27,27,27,27,27,27,27,27,27,27,27,27,27,27,229,27,27,27,27,36,39,27,41,41,27,41,41,30,41,41,41,28,41,41,41,41,41,41,41,27,27,41,41,27,41,229,27,41,27,27,230,41,230,27,27,27,41,27,27,148,229,229,41,27,27,27,27,229,41,27,41,27,230,27,39,41,230,230,183,41,27,41,38,41,41,41,41,41,27,41,41,41,41,41,41,41,41,27,41,27,27,27,27,37,27,27,27,27,27,27,27,27,27,27,27,27,27,27,31,41,41,41,41,41,41,41,27,41,41,27,41,41,41,41,41,41,41,41,41,41,41,41,41,27,41,41,41,41,27,41,41,27,27,30,41,41,41,41,41,41,41,41,27,41,41,41,41,41,32,222,230,230,230,230,112,223,230,230,55,41,29,229,229,229,41,41,41,229,211,172,39,214,27,41,229,229,206,229,156,27,27,27,27,27,27,27,27,27,27,27,27,27,27,27,27,27,27,27,27,39,229,27,67,80,27,228,41,229,27,27,27,230,41,196,230,218,46,41,109,28,41,230,41,41,41,29,28,27,73,230,230,28,27,230,27,205,230,230,27,40,41,41,41,41,41,27,41,27,41,27,41,27,41,41,41,41,41,41,27,27,27,41,41,41,27,41,41,41,41,41,41,41,41,41,41,27,29,41,27,28,29,27,27,27,27,27,27,27,37,27,27,27,27,27,27,27,27,27,34,41,41,41,41,41,41,41,41,41,87,230,230,230,230,230,46,230,230,230,230
27,27,41,41,27,29,41,27,27,27,27,27,30,41,41,38,41,27,27,41,34,27,41,41,41,27,27,41,41,41,41,41,27,41,41,41,41,41,41,41,41,27,41,41,41,41,41,41,37,41,41,41,41,27,41,41,41,41,27,41,33,27,27,27,27,27,27,27,27,27,27,27,27,27,27,27,27,27,27,28,41,41,27,41,27,41,38,41,41,41,41,41,27,41,41,41,39,41,41,41,39,41,31,27,27,27,27,41,27,27,230,41,230,27,230,27,27,27,41,31,27,41,41,41,41,41,27,41,41,41,41,41,41,41,41,41,41,41,27,27,27,27,27,41,41,41,41,41,41,27,41,41,41,41,41,41,27,41,41,39,27,27,27,27,27,27,27,27,27,27,41,27,29,27,27,27,27,27,27,27,36,41,40,41,41,41,41,27,41,41,41,41,27,41,41,41,41,27,27,41,27,27,41,41,41,41,27,41,41,27,41,41,41,28,41,27,41,41,59,27,31,41,27,41,27,41,41,41,41,41,41,41,41,41,27,41,38,41,27,29,40,28,41,27,41,27,41,41,41,41,41,41,27,41,41,28,41,41,41,41,30,27,27,27,27,27,27,40,27,27,27,27,27,27,33,27,27,27,27,31,41,27,41,27,41,41,41,41,29,27,41,41,41,41,41,27,27,27,41,41,41,41,27,41,27,41,27,39,27,27,41,41,41,28,51,41,41,27,27,164,41,28,27,41,41,27,41,41,41,41,41,41,27,41,41,41,41,41,41,41,41,41,41,41,41,27,38,41,41,41,41,27,27,41,41,41,41,41,41,36,27,41,41,27,27,27,27,27,27,27,27,27,27,27,27,27,27,27,27,27,39,41,41,41,41,27,41,27,41,41,41,27,41,41,41,41,41,41,41,41,41,41,27,41,39,41,41,41,41,27,27,41,41,41,27,41,27,27,27,27,41,41,41,41,41,27,27,41,38,41,41,41,41,41,41,27,41,27,41,27,41,41,41,27,41,41,41,41,41,41,30,41,41,41,27,41,41,54,41,27,37,215,27,27,27,27,27,27,27,229,27,222,27,27,27,27,27,27,27,34,41,41,41,27,41,30,41,41,41,87,230,229,230,230,230,230,27,229,229,227,29,27,27,41,41,27,37,28,27,41,27,41,27,41,41,41,27,27,41,41,41,41,41,27,41,41,41,41,41,27,27,41,41,41,40,27,41,41,41,41,27,41,41,41,41,41,41,27,41,27,191,41,200,41,27,41,41,121,41,27,28,27,27,27,28,27,27,27,27,27,29,41,27,27,27,27,29,27,27,28,41,41,41,41,41,41,41,41,27,41,41,41,41,41,41,41,41,41,41,41,41,39,27,27,41,41,41,27,41,27,41,27,28,41,38,41,41,41,27,41,41,41,41,27,41,41,41,41,27,41,27,41,27,41,41,41,41,41,41,41,41,41,41,41,41,41,41,41,41,41,41,41,41,41,41,41,27,41,30,29,27,27,27,27,27,27,27,27,27,27,27,27,27,27,27,229,27,27,27,27,36,29,27,41,41,27,41,41,38,41,41,41,40,41,41,41,41,41,41,41,27,27,41,41,27,41,229,30,41,27,27,183,41,230,27,27,27,41,27,27,175,192,229,41,27,27,27,27,229,41,27,41,27,230,27,29,41,230,230,183,41,27,41,41,41,41,41,41,41,27,41,41,41,41,41,41,41,41,27,41,27,27,27,27,41,27,27,29,27,27,27,27,27,27,27,27,27,27,27,31,41,41,41,38,41,41,41,27,41,41,27,41,41,41,41,41,41,41,41,27,41,41,41,41,27,41,41,41,41,27,41,41,27,27,38,41,41,41,38,41,41,41,40,27,41,41,41,41,41,52,109,230,230,230,230,47,230,230,230,41,41,39,229,229,229,41,41,41,229,114,210,41,229,41,41,229,210,229,229,156,27,27,27,27,27,27,27,27,27,27,27,27,27,27,27,27,27,27,27,27,39,229,27,184,41,27,42,41,229,27,27,70,230,41,230,230,112,206,41,115,27,41,230,41,41,41,39,27,28,73,230,230,27,27,230,27,205,230,230,27,40,41,41,41,41,41,27,41,27,41,41,41,27,41,41,41,41,41,41,27,27,27,41,41,41,27,41,41,41,41,41,41,41,41,41,41,27,40,41,27,28,40,27,27,27,27,27,27,27,41,27,27,27,27,27,27,27,27,27,34,41,41,41,41,41,41,41,41,41,84,218,230,230,230,230,27,230,230,230,230
27,27,41,41,27,39,41,27,27,27,27,27,37,41,41,41,41,27,27,41,34,27,41,41,41,27,27,41,41,41,41,41,27,41,41,41,41,41,41,41,41,27,41,41,41,41,41,41,41,41,41,41,41,27,41,41,41,41,27,41,33,27,27,27,27,27,27,27,27,27,27,30,27,27,27,27,27,27,27,28,41,38,27,41,27,41,41,41,41,41,41,41,27,41,41,41,41,41,41,41,41,41,27,27,27,27,27,41,27,27,230,41,230,27,33,27,29,27,41,38,27,41,41,41,41,41,27,41,41,41,41,41,41,41,41,41,41,41,27,27,27,27,30,41,41,41,41,41,41,27,41,41,39,41,41,41,27,41,41,39,27,27,27,29,27,27,27,27,27,27,41,27,40,27,27,27,27,27,27,27,36,41,41,41,41,41,41,27,41,41,41,39,27,41,41,41,41,27,27,41,27,27,41,41,41,41,27,41,41,27,41,41,41,27,41,27,41,41,41,27,31,41,30,41,30,41,41,41,41,41,41,41,41,41,41,41,41,41,27,39,41,27,41,27,41,27,41,41,41,39,41,41,27,41,27,40,41,41,41,29,30,27,27,27,27,27,27,41,27,27,27,27,27,27,230,27,27,27,27,31,41,27,41,27,41,41,41,41,27,27,41,41,41,41,41,27,27,27,41,41,41,41,27,41,27,41,27,28,27,27,41,41,41,27,28,41,41,28,27,132,41,27,27,41,41,27,41,41,41,41,41,41,27,41,41,41,41,41,41,41,41,41,41,41,41,27,30,41,41,41,41,27,27,41,41,41,41,41,41,36,27,41,41,27,27,27,27,27,27,27,27,27,27,27,27,27,27,46,27,27,39,41,29,41,41,28,41,30,41,41,41,27,41,41,41,41,41,41,41,41,41,41,27,41,41,41,41,41,41,28,27,41,41,41,27,41,27,27,27,27,41,41,41,41,41,27,27,27,30,41,41,41,41,41,41,27,41,27,41,27,41,41,41,27,41,41,41,41,41,39,27,41,41,41,27,41,41,41,41,27,37,229,27,27,27,27,27,27,27,229,27,230,27,27,27,27,27,27,27,34,41,41,41,27,41,38,41,41,38,87,230,229,230,230,230,230,27,229,228,228,29,27,27,41,41,27,31,27,27,41,27,41,27,41,41,41,27,27,41,41,41,41,41,27,41,41,41,41,41,27,27,41,41,41,28,27,41,41,41,41,27,41,41,41,41,39,41,27,41,27,176,41,120,41,27,41,41,57,41,41,32,27,27,27,81,27,27,27,27,27,40,41,27,27,27,27,39,27,27,28,41,41,41,41,41,41,41,41,27,41,41,41,41,41,41,41,41,41,41,41,41,41,27,27,41,41,41,27,41,27,41,27,27,41,41,41,41,41,27,41,41,41,41,27,41,41,41,41,27,41,27,41,27,41,41,41,41,41,41,41,41,41,41,41,41,41,41,41,41,41,41,41,41,41,41,41,27,41,38,29,27,27,27,27,27,27,27,27,27,27,27,27,27,27,27,229,48,27,27,27,36,27,27,41,41,27,41,41,41,41,41,41,41,41,41,41,41,41,41,41,27,27,41,41,27,41,229,37,41,27,41,79,41,209,27,27,27,41,27,27,175,78,229,41,27,27,27,27,229,41,27,41,27,230,27,27,41,230,230,183,41,31,41,41,41,41,41,41,41,27,41,41,41,41,41,41,41,41,27,41,30,27,27,27,41,27,27,39,27,27,27,27,28,27,27,27,27,27,27,31,41,41,41,30,41,41,41,27,41,41,27,41,41,41,41,41,41,41,41,27,41,41,41,41,27,41,41,41,41,27,41,41,27,27,41,41,41,41,30,41,41,41,28,27,41,41,41,41,41,58,45,230,230,230,230,41,230,230,230,41,41,41,207,229,229,54,41,41,229,50,229,41,229,41,41,229,59,229,229,156,27,27,27,27,27,27,27,27,27,27,27,27,27,27,27,27,27,27,27,27,39,229,27,228,41,27,41,41,229,27,27,187,230,41,230,230,47,229,41,141,27,41,230,41,41,41,41,27,40,73,230,230,27,27,230,27,211,204,230,27,42,41,41,41,41,41,30,41,27,41,41,41,27,41,41,41,41,41,41,27,41,27,41,41,41,27,41,41,41,41,41,41,41,41,41,41,27,41,41,27,28,41,27,27,27,27,29,27,27,41,27,27,27,27,27,27,27,27,27,34,41,41,41,41,41,41,41,41,41,29,33,230,230,230,230,27,230,230,230,230
27,27,41,41,27,39,41,27,27,27,27,27,37,41,41,41,41,27,27,41,34,27,41,41,41,27,27,41,41,41,41,41,27,41,41,41,41,41,41,41,41,27,41,41,41,41,41,41,41,41,41,41,41,27,41,41,41,41,27,41,33,27,27,27,27,27,27,27,27,27,27,30,27,27,27,27,27,27,27,28,41,38,27,41,27,41,41,41,41,41,41,41,27,41,41,41,41,41,41,41,41,41,27,27,27,27,27,41,27,27,230,41,230,27,33,27,29,27,41,38,27,41,41,41,41,41,27,41,41,41,41,41,41,41,41,41,41,41,27,27,27,27,30,41,41,41,41,41,41,27,41,41,39,41,41,41,27,41,41,39,27,27,27,29,27,27,27,27,27,27,41,27,40,27,27,27,27,27,27,27,36,41,41,41,41,41,41,27,41,41,41,39,27,41,41,41,41,27,27,41,27,27,41,41,41,41,27,41,41,27,41,41,41,27,41,27,41,41,41,27,31,41,30,41,30,41,41,41,41,41,41,41,41,41,41,41,41,41,27,39,41,27,41,27,41,27,41,41,41,39,41,41,27,41,27,40,41,41,41,29,30,27,27,27,27,27,27,41,27,27,27,27,27,27,230,27,27,27,27,31,41,27,41,27,41,41,41,41,27,27,41,41,41,41,41,27,27,27,41,41,41,41,27,41,27,41,27,28,27,27,41,41,41,27,28,41,41,28,27,132,41,27,27,41,41,27,41,41,41,41,41,41,27,41,41,41,41,41,41,41,41,41,41,41,41,27,30,41,41,41,41,27,27,41,41,41,41,41,41,36,27,41,41,27,27,27,27,27,27,27,27,27,27,27,27,27,27,46,27,27,39,41,29,41,41,28,41,30,41,41,41,27,41,41,41,41,41,41,41,41,41,41,27,41,41,41,41,41,41,28,27,41,41,41,27,41,27,27,27,27,41,41,41,41,41,27,27,27,30,41,41,41,41,41,41,27,41,27,41,27,41,41,41,27,41,41,41,41,41,39,27,41,41,41,27,41,41,41,41,27,37,229,27,27,27,27,27,27,27,229,27,230,27,27,27,27,27,27,27,34,41,41,41,27,41,38,41,41,38,87,230,229,230,230,230,230,27,229,228,228,29,27,27,41,41,27,31,27,27,41,27,41,27,41,41,41,27,27,41,41,41,41,41,27,41,41,41,41,41,27,27,41,41,41,28,27,41,41,41,41,27,41,41,41,41,39,41,27,41,27,176,41,120,41,27,41,41,57,41,41,32,27,27,27,81,27,27,27,27,27,40,41,27,27,27,27,39,27,27,28,41,41,41,41,41,41,41,41,27,41,41,41,41,41,41,41,41,41,41,41,41,41,27,27,41,41,41,27,41,27,41,27,27,41,41,41,41,41,27,41,41,41,41,27,41,41,41,41,27,41,27,41,27,41,41,41,41,41,41,41,41,41,41,41,41,41,41,41,41,41,41,41,41,41,41,41,27,41,38,29,27,27,27,27,27,27,27,27,27,27,27,27,27,27,27,229,48,27,27,27,36,27,27,41,41,27,41,41,41,41,41,41,41,41,41,41,41,41,41,41,27,27,41,41,27,41,229,37,41,27,41,79,41,209,27,27,27,41,27,27,175,78,229,41,27,27,27,27,229,41,27,41,27,230,27,27,41,230,230,183,41,31,41,41,41,41,41,41,41,27,41,41,41,41,41,41,41,41,27,41,30,27,27,27,41,27,27,39,27,27,27,27,28,27,27,27,27,27,27,31,41,41,41,30,41,41,41,27,41,41,27,41,41,41,41,41,41,41,41,27,41,41,41,41,27,41,41,41,41,27,41,41,27,27,41,41,41,41,30,41,41,41,28,27,41,41,41,41,41,58,45,230,230,230,230,41,230,230,230,41,41,41,207,229,229,54,41,41,229,50,229,41,229,41,41,229,59,229,229,156,27,27,27,27,27,27,27,27,27,27,27,27,27,27,27,27,27,27,27,27,39,229,27,228,41,27,41,41,229,27,27,187,230,41,230,230,47,229,41,141,27,41,230,41,41,41,41,27,40,73,230,230,27,27,230,27,211,204,230,27,42,41,41,41,41,41,30,41,27,41,41,41,27,41,41,41,41,41,41,27,41,27,41,41,41,27,41,41,41,41,41,41,41,41,41,41,27,41,41,27,28,41,27,27,27,27,29,27,27,41,27,27,27,27,27,27,27,27,27,34,41,41,41,41,41,41,41,41,41,29,33,230,230,230,230,27,230,230,230,230
27,27,41,41,27,41,41,41,27,30,27,29,41,41,41,41,41,27,27,41,34,27,41,41,41,27,27,41,41,41,41,41,27,41,41,41,41,41,41,41,41,27,41,41,41,41,41,41,41,41,41,41,41,27,41,41,41,41,27,41,33,27,27,27,27,27,27,27,27,27,27,37,27,27,27,27,27,27,27,28,41,30,27,41,29,41,41,41,41,41,41,41,27,41,41,41,41,41,41,41,41,41,27,27,27,27,27,41,27,27,230,41,182,27,27,27,39,27,41,41,27,41,41,41,41,41,27,41,41,41,41,41,41,41,41,41,41,41,27,27,27,27,38,41,41,41,41,41,41,27,41,39,29,41,41,41,27,41,39,39,27,27,27,39,27,27,41,27,27,27,41,27,41,30,27,27,27,27,27,27,36,41,41,41,41,41,41,27,41,41,41,29,27,41,41,41,41,27,41,41,27,27,41,41,41,41,27,41,41,27,41,41,41,27,41,27,41,41,41,27,31,41,38,41,39,41,41,41,41,41,41,41,41,41,41,41,41,41,27,41,41,27,41,27,41,41,41,41,41,29,41,27,27,41,27,41,41,41,41,27,30,27,29,27,27,27,27,41,27,27,27,27,27,27,230,27,27,27,27,31,41,27,41,30,41,41,41,41,27,27,41,41,41,41,41,27,27,27,41,39,41,41,27,41,27,39,27,27,27,31,41,41,41,27,27,41,41,40,27,67,41,27,27,41,41,27,41,41,41,41,41,41,27,41,41,41,41,41,41,41,41,41,41,41,41,30,27,41,41,41,41,30,27,41,41,41,41,41,41,36,27,41,41,27,27,27,27,27,27,27,27,27,27,27,27,27,27,217,27,27,39,41,27,41,41,40,41,37,41,41,41,27,41,41,41,41,41,41,41,41,41,41,27,41,41,41,41,41,41,39,27,41,41,41,27,41,27,27,27,27,41,27,41,41,41,27,27,27,27,41,41,41,41,41,41,27,41,27,41,27,41,41,41,29,41,41,41,41,41,29,27,41,41,41,41,41,41,41,41,27,37,229,27,27,27,27,27,27,27,229,27,230,27,27,27,27,27,27,27,34,41,41,41,29,41,41,41,41,31,87,230,229,230,230,230,230,27,229,205,228,29,27,27,41,41,27,27,27,28,41,27,41,27,41,41,41,27,27,41,41,41,41,41,27,41,41,41,41,41,27,27,41,41,41,27,27,41,41,40,41,27,41,41,41,41,30,41,29,41,27,100,41,57,41,27,41,41,41,41,41,33,27,27,27,181,27,27,27,27,27,41,41,41,27,27,27,41,27,27,28,41,41,41,41,41,41,41,41,27,41,41,41,41,41,41,41,41,41,41,41,40,41,27,27,41,41,41,27,41,27,41,28,27,41,41,41,41,41,27,41,41,41,41,27,41,41,41,41,27,41,27,41,27,41,41,41,41,41,41,41,41,41,41,41,41,41,41,41,41,41,41,41,41,41,41,41,30,41,41,29,27,27,27,27,27,27,27,27,27,27,27,27,27,27,27,229,208,27,27,33,36,27,27,41,41,27,41,41,41,41,41,41,41,41,41,41,41,41,41,41,27,27,41,41,29,41,227,41,41,27,41,29,41,53,27,27,27,41,27,27,175,41,229,41,27,27,27,27,229,27,27,41,61,230,27,27,41,230,230,183,41,38,41,41,41,41,41,41,41,30,41,41,41,41,41,41,41,41,27,41,30,27,27,27,41,27,27,41,27,27,27,27,52,27,27,27,27,27,27,31,41,41,41,27,41,41,41,27,41,41,29,41,41,41,41,41,41,41,41,27,41,41,41,38,30,41,41,41,41,27,41,41,41,27,41,38,41,41,27,40,41,41,27,27,41,41,41,41,41,58,41,222,230,230,230,41,230,230,230,41,41,41,116,229,106,215,41,41,229,41,229,41,229,41,39,229,41,229,229,156,27,27,27,27,27,27,27,27,27,27,27,27,27,27,27,27,27,27,27,27,39,229,48,229,41,27,41,41,229,27,27,230,230,41,230,230,41,230,27,148,27,41,230,41,41,41,41,27,41,73,230,230,27,27,230,27,225,58,230,27,55,41,41,41,41,41,38,41,27,41,41,41,27,41,41,41,41,41,41,27,41,27,41,41,41,27,41,41,41,41,41,41,41,41,41,41,27,41,41,27,28,41,27,27,27,27,39,27,27,41,27,27,27,27,27,27,27,27,27,34,41,41,41,41,41,41,41,41,41,27,27,230,230,230,230,27,230,230,230,230
27,27,41,41,27,41,41,41,27,38,27,40,41,41,41,41,41,41,27,41,34,29,41,38,41,27,27,41,41,41,41,41,27,41,41,41,41,41,41,41,41,27,41,41,41,41,41,41,41,41,41,41,27,27,37,41,41,41,27,41,33,27,27,27,27,27,27,27,27,27,27,41,27,27,27,27,27,27,27,28,41,27,30,39,40,41,41,41,41,41,41,41,27,41,41,41,41,41,41,41,41,41,27,27,27,27,27,41,27,27,230,41,81,27,27,27,41,29,41,41,27,41,41,41,41,41,27,41,41,41,41,41,41,41,41,41,41,41,27,29,27,27,41,41,41,41,41,41,41,27,41,29,27,41,41,41,27,41,28,39,27,27,27,41,27,27,41,27,27,27,41,27,41,38,27,27,27,27,27,27,36,41,41,41,41,41,41,27,41,41,41,27,41,39,41,41,41,27,41,41,27,27,41,41,41,41,27,41,41,27,41,41,41,27,41,27,41,41,41,27,31,41,41,41,41,41,41,41,41,41,41,41,41,41,41,41,41,41,27,41,41,27,41,27,41,41,41,41,41,27,41,27,27,41,27,41,41,41,41,27,30,27,38,27,27,27,27,41,27,27,27,27,27,27,230,27,27,27,27,36,41,27,41,38,41,41,41,41,27,29,41,41,41,41,41,27,30,27,41,28,41,41,27,41,27,28,30,27,27,38,41,41,41,27,27,41,41,41,27,33,39,27,41,41,41,27,41,41,41,41,41,41,27,41,41,41,41,41,41,41,41,41,41,41,41,38,27,41,41,41,41,37,27,41,41,41,41,41,41,36,27,41,41,27,27,27,27,27,27,27,28,27,27,27,27,27,27,230,27,27,39,41,27,41,41,41,41,41,41,41,41,27,41,39,41,41,41,41,41,41,41,41,27,41,41,41,41,41,41,41,27,41,41,41,27,41,27,27,27,27,41,27,41,41,41,27,27,27,27,41,41,41,41,41,41,27,41,27,41,27,41,41,41,40,41,41,41,41,41,27,27,41,41,41,41,41,41,41,41,30,37,229,27,27,27,27,27,27,27,229,27,230,27,27,27,27,27,27,27,34,41,41,41,39,41,41,41,41,27,87,230,229,230,230,230,230,27,229,46,228,29,27,27,41,41,27,27,27,40,41,27,41,27,41,41,41,27,27,41,41,41,41,41,27,41,41,41,41,41,27,27,41,41,41,27,30,41,41,27,41,27,38,41,41,41,27,41,38,41,27,49,230,41,41,27,88,41,41,230,41,33,27,27,27,230,27,27,27,27,27,41,41,41,27,27,27,41,27,27,28,41,41,41,39,39,41,41,41,27,41,41,41,41,41,41,41,41,41,41,41,36,41,27,27,41,41,41,27,41,27,41,40,27,41,41,41,41,41,30,41,41,41,41,27,41,41,41,41,27,41,27,41,27,41,41,41,41,39,41,41,41,41,41,41,41,41,41,41,41,41,41,41,41,41,41,41,38,41,41,29,27,27,27,27,27,27,27,27,27,27,27,27,27,27,27,229,229,27,27,229,36,27,27,41,41,27,41,41,41,41,41,41,41,41,41,41,41,41,41,41,27,27,41,41,39,41,179,41,41,27,41,27,41,28,27,27,27,41,27,27,175,41,203,41,28,30,27,27,222,27,27,39,191,230,27,27,39,230,230,183,41,41,41,41,41,41,41,41,41,38,41,41,38,41,27,41,41,38,27,41,30,27,27,27,41,27,27,41,27,27,27,27,211,27,27,27,27,27,27,31,41,41,41,27,41,41,41,41,41,41,40,41,41,41,41,41,41,41,41,27,41,41,41,30,38,41,41,41,41,27,41,41,41,27,41,30,41,41,27,36,41,41,27,28,41,41,41,41,41,58,41,109,230,230,230,41,230,230,230,41,41,41,53,226,41,229,41,41,204,41,229,41,229,41,28,229,41,229,229,156,27,27,27,27,27,27,27,27,27,27,27,27,27,27,27,27,27,43,27,27,39,210,203,229,41,28,41,41,229,27,27,230,230,41,230,230,41,230,27,148,27,41,230,41,41,41,41,27,41,73,230,230,27,75,230,27,230,28,230,27,58,41,41,41,41,41,41,41,27,41,41,41,27,41,41,41,41,41,41,27,41,27,41,41,41,27,41,41,41,41,38,41,41,41,41,41,27,41,41,27,28,41,27,27,27,27,41,27,27,41,27,27,27,27,27,27,27,27,27,34,41,38,41,27,41,41,41,41,41,27,27,230,230,230,230,27,230,230,230,230
27,27,41,41,27,41,41,41,27,38,27,40,41,41,41,41,41,41,27,41,34,29,41,38,41,27,27,41,41,41,41,41,27,41,41,41,41,41,41,41,41,27,41,41,41,41,41,41,41,41,41,41,27,27,37,41,41,41,27,41,33,27,27,27,27,27,27,27,27,27,27,41,27,27,27,27,27,27,27,28,41,27,30,39,40,41,41,41,41,41,41,41,27,41,41,41,41,41,41,41,41,41,27,27,27,27,27,41,27,27,230,41,81,27,27,27,41,29,41,41,27,41,41,41,41,41,27,41,41,41,41,41,41,41,41,41,41,41,27,29,27,27,41,41,41,41,41,41,41,27,41,29,27,41,41,41,27,41,28,39,27,27,27,41,27,27,41,27,27,27,41,27,41,38,27,27,27,27,27,27,36,41,41,41,41,41,41,27,41,41,41,27,41,39,41,41,41,27,41,41,27,27,41,41,41,41,27,41,41,27,41,41,41,27,41,27,41,41,41,27,31,41,41,41,41,41,41,41,41,41,41,41,41,41,41,41,41,41,27,41,41,27,41,27,41,41,41,41,41,27,41,27,27,41,27,41,41,41,41,27,30,27,38,27,27,27,27,41,27,27,27,27,27,27,230,27,27,27,27,36,41,27,41,38,41,41,41,41,27,29,41,41,41,41,41,27,30,27,41,28,41,41,27,41,27,28,30,27,27,38,41,41,41,27,27,41,41,41,27,33,39,27,41,41,41,27,41,41,41,41,41,41,27,41,41,41,41,41,41,41,41,41,41,41,41,38,27,41,41,41,41,37,27,41,41,41,41,41,41,36,27,41,41,27,27,27,27,27,27,27,28,27,27,27,27,27,27,230,27,27,39,41,27,41,41,41,41,41,41,41,41,27,41,39,41,41,41,41,41,41,41,41,27,41,41,41,41,41,41,41,27,41,41,41,27,41,27,27,27,27,41,27,41,41,41,27,27,27,27,41,41,41,41,41,41,27,41,27,41,27,41,41,41,40,41,41,41,41,41,27,27,41,41,41,41,41,41,41,41,30,37,229,27,27,27,27,27,27,27,229,27,230,27,27,27,27,27,27,27,34,41,41,41,39,41,41,41,41,27,87,230,229,230,230,230,230,27,229,46,228,29,27,27,41,41,27,27,27,40,41,27,41,27,41,41,41,27,27,41,41,41,41,41,27,41,41,41,41,41,27,27,41,41,41,27,30,41,41,27,41,27,38,41,41,41,27,41,38,41,27,49,230,41,41,27,88,41,41,230,41,33,27,27,27,230,27,27,27,27,27,41,41,41,27,27,27,41,27,27,28,41,41,41,39,39,41,41,41,27,41,41,41,41,41,41,41,41,41,41,41,36,41,27,27,41,41,41,27,41,27,41,40,27,41,41,41,41,41,30,41,41,41,41,27,41,41,41,41,27,41,27,41,27,41,41,41,41,39,41,41,41,41,41,41,41,41,41,41,41,41,41,41,41,41,41,41,38,41,41,29,27,27,27,27,27,27,27,27,27,27,27,27,27,27,27,229,229,27,27,229,36,27,27,41,41,27,41,41,41,41,41,41,41,41,41,41,41,41,41,41,27,27,41,41,39,41,179,41,41,27,41,27,41,28,27,27,27,41,27,27,175,41,203,41,28,30,27,27,222,27,27,39,191,230,27,27,39,230,230,183,41,41,41,41,41,41,41,41,41,38,41,41,38,41,27,41,41,38,27,41,30,27,27,27,41,27,27,41,27,27,27,27,211,27,27,27,27,27,27,31,41,41,41,27,41,41,41,41,41,41,40,41,41,41,41,41,41,41,41,27,41,41,41,30,38,41,41,41,41,27,41,41,41,27,41,30,41,41,27,36,41,41,27,28,41,41,41,41,41,58,41,109,230,230,230,41,230,230,230,41,41,41,53,226,41,229,41,41,204,41,229,41,229,41,28,229,41,229,229,156,27,27,27,27,27,27,27,27,27,27,27,27,27,27,27,27,27,43,27,27,39,210,203,229,41,28,41,41,229,27,27,230,230,41,230,230,41,230,27,148,27,41,230,41,41,41,41,27,41,73,230,230,27,75,230,27,230,28,230,27,58,41,41,41,41,41,41,41,27,41,41,41,27,41,41,41,41,41,41,27,41,27,41,41,41,27,41,41,41,41,38,41,41,41,41,41,27,41,41,27,28,41,27,27,27,27,41,27,27,41,27,27,27,27,27,27,27,27,27,34,41,38,41,27,41,41,41,41,41,27,27,230,230,230,230,27,230,230,230,230
27,27,41,41,27,41,41,41,27,41,30,41,41,41,41,41,41,41,27,41,34,40,41,30,41,27,27,41,41,41,41,41,27,41,41,41,41,41,41,41,40,27,41,41,41,41,41,41,41,41,41,41,27,27,30,41,41,41,27,37,33,27,27,27,27,27,27,27,27,27,27,41,27,27,27,27,27,27,27,28,41,27,38,28,41,41,41,41,41,41,41,41,27,41,41,41,41,41,41,41,41,41,27,30,27,27,27,39,27,27,33,41,32,27,27,27,41,39,41,41,27,41,41,41,41,41,27,41,41,41,41,41,41,41,41,41,41,41,27,40,27,27,41,41,41,41,41,41,38,27,41,27,27,41,41,41,27,41,27,39,27,27,27,41,27,27,41,27,27,27,41,27,41,41,41,27,27,27,27,27,36,41,41,41,41,41,41,27,41,41,41,27,41,29,41,41,41,27,41,30,27,27,41,41,41,41,27,41,41,27,41,41,41,27,41,27,41,41,39,27,32,41,41,41,41,38,41,41,41,41,41,41,41,41,41,41,41,41,29,41,41,27,41,27,41,41,41,41,41,27,41,27,27,41,27,41,41,41,41,27,30,27,41,27,27,27,27,41,27,27,27,27,27,27,230,27,27,27,27,172,41,27,41,41,41,41,41,41,27,39,41,41,41,41,41,27,38,27,41,27,41,41,27,41,27,27,38,27,27,41,41,41,41,27,27,41,41,41,27,32,28,27,41,41,41,27,41,41,41,41,41,41,28,41,41,41,41,41,41,41,41,41,41,41,41,41,27,41,41,41,41,41,34,41,41,41,41,41,41,36,27,41,41,27,27,27,27,27,27,27,52,27,27,27,27,27,27,230,27,27,39,41,27,41,41,41,41,41,41,27,41,27,41,28,41,41,38,41,41,41,41,41,27,41,41,41,41,41,41,41,28,41,41,41,27,41,27,27,27,29,41,27,41,41,41,27,27,27,27,41,41,38,41,27,41,27,41,27,41,27,41,41,41,41,41,41,41,41,41,27,27,41,41,41,41,41,40,38,41,38,37,229,27,27,27,27,27,27,27,229,27,230,27,27,27,27,27,27,27,34,27,41,41,41,41,41,41,41,27,87,230,229,230,230,230,230,60,227,27,228,31,27,27,41,41,27,27,27,41,41,27,41,27,41,41,41,27,27,41,41,41,41,41,27,41,41,41,41,41,27,30,41,41,41,27,38,41,41,27,41,27,30,41,41,41,27,39,41,41,27,41,230,41,41,30,183,41,41,230,41,33,27,27,27,230,27,27,28,27,27,41,41,41,27,27,27,41,27,27,28,41,41,41,29,28,41,41,41,27,41,41,41,41,41,41,41,41,41,41,41,35,41,27,41,41,41,41,41,41,27,41,41,27,41,41,41,41,41,38,41,41,41,41,27,41,41,41,41,27,41,27,41,27,41,41,41,41,28,41,27,41,40,41,41,41,41,41,41,41,41,41,41,41,41,41,41,41,41,41,29,27,27,27,30,27,27,27,27,27,27,27,27,27,27,27,229,229,27,27,229,36,27,27,41,41,27,41,41,41,41,41,41,41,41,41,41,41,41,41,40,27,30,41,41,41,41,86,41,41,27,41,27,41,27,27,27,28,41,27,27,158,41,118,80,40,38,27,27,109,27,27,28,229,230,27,27,29,230,230,183,41,41,41,41,41,41,41,41,41,41,41,37,30,41,27,41,41,30,27,41,30,27,27,27,41,27,27,41,27,27,27,27,230,27,27,27,27,27,27,31,41,41,41,27,41,41,41,41,41,41,41,41,41,41,41,41,41,41,41,27,41,41,41,27,41,41,41,41,41,27,41,41,41,27,41,27,41,41,27,36,41,41,27,40,41,41,41,41,41,58,41,45,230,218,230,41,230,230,230,38,41,41,41,107,41,229,41,41,117,41,229,41,229,41,27,229,41,229,229,156,27,27,27,27,27,27,27,27,27,27,27,27,27,27,27,27,27,218,27,27,39,59,228,229,41,222,41,41,229,27,27,230,230,41,230,230,41,230,27,148,27,41,230,41,41,41,41,27,41,73,33,230,27,181,230,27,230,27,230,27,58,41,41,41,41,41,41,41,27,41,41,41,27,41,41,41,41,41,41,27,41,27,41,38,41,27,41,41,40,41,30,41,41,41,41,41,27,41,41,27,28,41,27,27,27,27,41,27,27,41,27,27,28,27,27,27,27,27,27,34,41,30,41,27,41,27,41,41,41,27,27,230,229,230,230,27,230,230,230,230
27,27,41,39,27,41,41,41,27,41,38,41,41,41,41,41,41,41,27,41,34,41,41,27,41,30,27,41,41,41,41,41,27,41,41,41,41,41,39,41,28,27,41,41,41,27,41,41,41,41,41,41,27,41,27,41,41,41,27,30,33,27,27,27,27,27,27,27,27,27,27,41,27,27,27,27,27,27,27,28,41,27,41,27,41,41,41,41,41,41,41,41,27,41,41,41,41,41,41,41,41,41,27,37,27,27,27,28,29,29,27,41,29,27,27,27,41,41,41,41,27,41,41,41,41,41,27,41,41,41,41,41,41,41,41,41,41,41,30,41,29,27,41,41,41,41,41,41,30,27,41,27,27,41,41,41,41,41,27,39,27,27,27,41,27,29,41,27,30,27,41,27,41,41,41,27,27,27,27,27,36,41,41,41,41,41,41,27,41,41,41,27,41,27,41,41,39,27,41,30,27,27,41,41,41,41,27,41,41,27,41,41,41,27,41,27,41,41,28,27,36,41,41,41,41,29,41,41,41,41,41,41,41,41,41,41,41,41,39,41,41,27,41,27,41,41,41,41,41,27,41,27,27,41,27,41,41,41,41,27,30,27,41,27,27,27,27,41,27,27,27,27,27,27,230,27,27,27,27,172,41,27,41,41,41,41,41,41,27,41,41,41,41,41,41,27,41,27,41,27,41,41,27,41,28,27,41,27,27,41,41,41,41,27,27,41,41,41,31,32,27,27,41,41,41,27,41,41,41,41,41,41,40,41,41,41,41,41,41,41,41,41,41,41,41,41,27,41,41,41,39,41,30,41,41,41,41,41,41,36,27,41,41,27,27,27,27,27,27,31,211,27,27,27,28,27,27,230,27,27,39,41,27,41,41,41,41,41,41,27,41,27,41,27,41,41,30,41,41,41,41,41,27,41,41,41,41,41,41,41,39,41,41,41,27,41,27,41,27,39,41,27,41,27,41,27,27,27,27,41,41,30,41,27,41,27,41,27,41,27,41,41,41,41,41,41,41,41,41,27,27,41,41,41,41,61,29,30,41,41,31,229,27,27,27,27,27,27,27,229,27,230,27,27,27,27,27,27,27,34,27,41,41,41,41,41,41,41,27,87,230,229,230,230,229,230,191,175,27,228,42,27,27,41,41,27,27,27,41,41,27,41,41,41,41,41,27,27,41,41,41,41,41,27,41,41,41,41,41,27,39,41,41,41,27,41,41,41,27,41,27,27,41,41,41,27,30,41,41,29,41,230,41,41,38,230,88,41,230,41,33,27,27,27,230,27,27,73,27,27,41,41,41,27,27,27,41,27,27,28,41,41,41,27,27,41,41,41,27,41,41,41,41,41,41,41,41,41,41,41,35,41,27,41,41,41,41,41,41,27,41,41,27,41,41,41,41,41,41,41,41,41,41,27,41,41,41,41,30,41,27,41,27,41,41,41,41,27,41,27,41,29,41,41,41,41,38,41,41,41,41,41,41,41,41,41,41,41,41,29,27,27,27,38,27,27,27,27,27,27,27,27,27,27,27,229,229,27,27,229,36,27,27,41,41,27,41,41,41,41,41,41,41,41,41,41,41,41,41,31,27,37,41,41,41,41,41,41,41,27,41,27,41,27,29,27,40,41,27,41,95,41,55,189,41,41,27,27,45,27,27,27,230,230,27,27,27,230,230,183,41,41,41,41,41,41,41,41,37,41,41,30,27,41,27,41,41,27,27,41,30,27,27,27,41,27,27,41,27,27,27,27,230,28,27,27,27,27,27,31,41,41,41,27,41,41,41,41,39,41,41,41,41,41,41,41,41,41,41,27,41,41,41,27,41,41,41,41,41,27,41,41,41,27,41,27,41,41,27,36,41,41,27,41,41,41,41,41,41,58,41,41,230,112,230,39,230,230,230,30,27,41,41,43,41,229,41,41,54,41,199,49,229,41,27,229,41,229,229,156,27,41,27,27,27,40,27,41,27,27,27,27,27,27,27,27,27,229,27,27,41,41,229,229,41,229,41,41,229,27,27,230,230,27,230,230,41,230,27,148,27,41,182,41,41,41,41,27,41,73,27,230,27,230,230,27,230,27,230,27,58,41,41,41,41,41,41,41,27,39,41,41,28,41,41,41,38,41,41,27,41,27,41,29,41,27,41,41,28,41,27,41,41,41,41,27,32,41,41,27,28,41,27,27,27,27,41,27,27,41,27,27,40,27,27,27,27,27,27,34,41,27,41,27,41,27,41,41,41,27,27,230,179,230,230,27,230,230,230,230
27,27,41,39,27,41,41,41,27,41,38,41,41,41,41,41,41,41,27,41,34,41,41,27,41,30,27,41,41,41,41,41,27,41,41,41,41,41,39,41,28,27,41,41,41,27,41,41,41,41,41,41,27,41,27,41,41,41,27,30,33,27,27,27,27,27,27,27,27,27,27,41,27,27,27,27,27,27,27,28,41,27,41,27,41,41,41,41,41,41,41,41,27,41,41,41,41,41,41,41,41,41,27,37,27,27,27,28,29,29,27,41,29,27,27,27,41,41,41,41,27,41,41,41,41,41,27,41,41,41,41,41,41,41,41,41,41,41,30,41,29,27,41,41,41,41,41,41,30,27,41,27,27,41,41,41,41,41,27,39,27,27,27,41,27,29,41,27,30,27,41,27,41,41,41,27,27,27,27,27,36,41,41,41,41,41,41,27,41,41,41,27,41,27,41,41,39,27,41,30,27,27,41,41,41,41,27,41,41,27,41,41,41,27,41,27,41,41,28,27,36,41,41,41,41,29,41,41,41,41,41,41,41,41,41,41,41,41,39,41,41,27,41,27,41,41,41,41,41,27,41,27,27,41,27,41,41,41,41,27,30,27,41,27,27,27,27,41,27,27,27,27,27,27,230,27,27,27,27,172,41,27,41,41,41,41,41,41,27,41,41,41,41,41,41,27,41,27,41,27,41,41,27,41,28,27,41,27,27,41,41,41,41,27,27,41,41,41,31,32,27,27,41,41,41,27,41,41,41,41,41,41,40,41,41,41,41,41,41,41,41,41,41,41,41,41,27,41,41,41,39,41,30,41,41,41,41,41,41,36,27,41,41,27,27,27,27,27,27,31,211,27,27,27,28,27,27,230,27,27,39,41,27,41,41,41,41,41,41,27,41,27,41,27,41,41,30,41,41,41,41,41,27,41,41,41,41,41,41,41,39,41,41,41,27,41,27,41,27,39,41,27,41,27,41,27,27,27,27,41,41,30,41,27,41,27,41,27,41,27,41,41,41,41,41,41,41,41,41,27,27,41,41,41,41,61,29,30,41,41,31,229,27,27,27,27,27,27,27,229,27,230,27,27,27,27,27,27,27,34,27,41,41,41,41,41,41,41,27,87,230,229,230,230,229,230,191,175,27,228,42,27,27,41,41,27,27,27,41,41,27,41,41,41,41,41,27,27,41,41,41,41,41,27,41,41,41,41,41,27,39,41,41,41,27,41,41,41,27,41,27,27,41,41,41,27,30,41,41,29,41,230,41,41,38,230,88,41,230,41,33,27,27,27,230,27,27,73,27,27,41,41,41,27,27,27,41,27,27,28,41,41,41,27,27,41,41,41,27,41,41,41,41,41,41,41,41,41,41,41,35,41,27,41,41,41,41,41,41,27,41,41,27,41,41,41,41,41,41,41,41,41,41,27,41,41,41,41,30,41,27,41,27,41,41,41,41,27,41,27,41,29,41,41,41,41,38,41,41,41,41,41,41,41,41,41,41,41,41,29,27,27,27,38,27,27,27,27,27,27,27,27,27,27,27,229,229,27,27,229,36,27,27,41,41,27,41,41,41,41,41,41,41,41,41,41,41,41,41,31,27,37,41,41,41,41,41,41,41,27,41,27,41,27,29,27,40,41,27,41,95,41,55,189,41,41,27,27,45,27,27,27,230,230,27,27,27,230,230,183,41,41,41,41,41,41,41,41,37,41,41,30,27,41,27,41,41,27,27,41,30,27,27,27,41,27,27,41,27,27,27,27,230,28,27,27,27,27,27,31,41,41,41,27,41,41,41,41,39,41,41,41,41,41,41,41,41,41,41,27,41,41,41,27,41,41,41,41,41,27,41,41,41,27,41,27,41,41,27,36,41,41,27,41,41,41,41,41,41,58,41,41,230,112,230,39,230,230,230,30,27,41,41,43,41,229,41,41,54,41,199,49,229,41,27,229,41,229,229,156,27,41,27,27,27,40,27,41,27,27,27,27,27,27,27,27,27,229,27,27,41,41,229,229,41,229,41,41,229,27,27,230,230,27,230,230,41,230,27,148,27,41,182,41,41,41,41,27,41,73,27,230,27,230,230,27,230,27,230,27,58,41,41,41,41,41,41,41,27,39,41,41,28,41,41,41,38,41,41,27,41,27,41,29,41,27,41,41,28,41,27,41,41,41,41,27,32,41,41,27,28,41,27,27,27,27,41,27,27,41,27,27,40,27,27,27,27,27,27,34,41,27,41,27,41,27,41,41,41,27,27,230,179,230,230,27,230,230,230,230
27,27,41,27,27,41,41,41,27,41,41,41,41,41,41,41,41,41,27,41,34,41,41,27,41,37,27,41,41,41,41,41,27,41,41,41,41,41,29,41,27,27,41,41,41,27,41,41,41,39,41,41,27,41,27,41,41,41,27,27,33,27,27,27,27,27,27,27,27,27,27,41,27,27,27,27,27,27,27,28,41,27,41,27,41,41,41,41,41,41,41,41,27,41,27,41,41,41,41,41,41,41,27,41,27,27,27,27,39,39,27,41,27,27,27,27,41,41,41,41,27,41,41,41,39,41,27,41,41,41,41,41,41,41,41,41,39,41,38,41,39,28,41,41,41,41,41,41,27,27,41,27,27,41,41,41,41,41,27,39,27,27,27,41,27,39,41,27,38,27,41,27,41,41,41,27,27,27,27,27,33,41,41,41,41,41,41,27,41,41,41,27,41,27,41,41,29,27,41,30,27,27,41,41,41,41,27,41,41,27,41,41,41,27,41,29,41,41,27,27,37,41,41,41,41,27,41,41,41,41,41,41,41,41,41,41,41,41,41,41,41,27,41,31,41,41,41,41,41,27,41,27,27,41,27,41,41,41,41,27,30,27,41,27,27,27,27,41,27,27,27,27,27,27,230,27,27,27,27,172,41,29,41,41,41,41,41,41,27,41,41,38,41,41,27,41,41,29,41,27,41,41,27,41,40,27,41,27,27,41,41,41,41,27,27,41,41,41,38,32,27,27,41,41,41,27,41,41,41,41,41,41,41,41,41,27,41,41,41,41,41,41,41,41,41,41,27,41,41,41,28,41,37,41,41,41,41,41,41,36,27,41,41,27,27,27,27,27,27,61,230,27,27,27,77,27,27,230,27,27,39,41,27,41,41,41,41,41,41,27,41,27,41,27,41,41,27,41,41,41,41,41,27,41,41,41,41,41,41,41,41,41,41,41,27,41,27,41,27,41,41,27,41,27,41,27,27,27,27,41,41,27,41,27,41,27,41,27,41,27,41,41,41,41,41,41,41,41,41,27,27,41,41,41,41,209,27,27,41,41,28,229,27,27,27,27,27,27,27,229,27,230,27,27,27,27,28,27,27,34,27,41,41,41,41,41,41,41,27,87,229,227,230,230,229,230,229,76,27,228,43,27,27,41,41,27,27,27,41,41,27,41,41,41,41,41,27,27,41,41,41,41,41,27,41,41,41,41,41,27,41,41,41,41,27,41,41,41,27,41,27,27,41,41,41,27,27,41,41,39,41,230,41,41,41,230,183,38,230,41,33,27,29,27,230,27,27,188,27,27,41,41,41,27,27,27,41,27,27,28,41,41,41,27,27,41,41,41,28,41,41,41,41,41,41,41,41,41,41,41,35,41,27,41,41,41,41,41,41,27,41,41,27,41,41,41,41,41,41,41,41,41,41,27,41,41,41,41,37,41,27,41,32,41,41,41,41,27,41,27,41,27,41,41,41,41,31,41,37,41,41,41,41,41,41,41,41,41,41,29,27,27,27,41,27,27,27,27,27,27,27,27,27,27,27,229,229,27,27,229,36,27,27,41,41,27,41,41,41,41,41,41,41,41,27,41,41,41,41,30,28,41,41,41,41,41,41,41,41,27,41,27,41,27,40,27,41,41,27,41,50,38,41,229,41,41,27,27,41,27,76,27,230,230,27,27,27,230,230,183,41,41,41,41,41,41,41,41,30,41,41,27,27,41,27,27,41,27,27,41,30,27,27,27,41,27,27,41,27,27,27,27,230,52,27,27,27,27,27,31,41,41,38,27,38,41,27,41,30,41,41,41,41,41,41,41,41,41,41,27,38,41,41,27,41,41,41,41,41,29,41,41,41,41,41,27,41,41,27,36,41,41,27,41,41,41,41,41,41,58,41,41,230,47,230,28,230,230,230,27,27,41,41,41,41,229,41,41,41,41,120,113,229,106,27,229,39,229,210,156,27,41,27,27,27,41,27,41,27,27,27,27,27,27,27,27,27,229,27,27,52,41,229,229,41,229,41,41,103,163,27,230,230,27,230,230,39,230,27,148,27,41,79,41,41,41,41,27,41,73,27,230,27,230,230,27,230,27,230,27,58,41,41,41,41,38,41,41,27,29,41,41,40,41,41,41,30,41,27,27,41,27,41,27,41,27,41,41,27,41,27,41,41,41,41,27,41,41,41,27,28,41,29,27,27,27,41,27,27,41,27,27,41,27,27,27,27,27,27,34,41,27,41,27,41,27,41,41,41,27,27,230,74,230,230,27,230,230,230,230
27,27,41,27,27,41,41,41,27,41,41,41,41,41,41,41,41,41,27,41,34,41,41,27,41,37,27,41,41,41,41,41,27,41,41,41,41,41,29,41,27,27,41,41,41,27,41,41,41,39,41,41,27,41,27,41,41,41,27,27,33,27,27,27,27,27,27,27,27,27,27,41,27,27,27,27,27,27,27,28,41,27,41,27,41,41,41,41,41,41,41,41,27,41,27,41,41,41,41,41,41,41,27,41,27,27,27,27,39,39,27,41,27,27,27,27,41,41,41,41,27,41,41,41,39,41,27,41,41,41,41,41,41,41,41,41,39,41,38,41,39,28,41,41,41,41,41,41,27,27,41,27,27,41,41,41,41,41,27,39,27,27,27,41,27,39,41,27,38,27,41,27,41,41,41,27,27,27,27,27,33,41,41,41,41,41,41,27,41,41,41,27,41,27,41,41,29,27,41,30,27,27,41,41,41,41,27,41,41,27,41,41,41,27,41,29,41,41,27,27,37,41,41,41,41,27,41,41,41,41,41,41,41,41,41,41,41,41,41,41,41,27,41,31,41,41,41,41,41,27,41,27,27,41,27,41,41,41,41,27,30,27,41,27,27,27,27,41,27,27,27,27,27,27,230,27,27,27,27,172,41,29,41,41,41,41,41,41,27,41,41,38,41,41,27,41,41,29,41,27,41,41,27,41,40,27,41,27,27,41,41,41,41,27,27,41,41,41,38,32,27,27,41,41,41,27,41,41,41,41,41,41,41,41,41,27,41,41,41,41,41,41,41,41,41,41,27,41,41,41,28,41,37,41,41,41,41,41,41,36,27,41,41,27,27,27,27,27,27,61,230,27,27,27,77,27,27,230,27,27,39,41,27,41,41,41,41,41,41,27,41,27,41,27,41,41,27,41,41,41,41,41,27,41,41,41,41,41,41,41,41,41,41,41,27,41,27,41,27,41,41,27,41,27,41,27,27,27,27,41,41,27,41,27,41,27,41,27,41,27,41,41,41,41,41,41,41,41,41,27,27,41,41,41,41,209,27,27,41,41,28,229,27,27,27,27,27,27,27,229,27,230,27,27,27,27,28,27,27,34,27,41,41,41,41,41,41,41,27,87,229,227,230,230,229,230,229,76,27,228,43,27,27,41,41,27,27,27,41,41,27,41,41,41,41,41,27,27,41,41,41,41,41,27,41,41,41,41,41,27,41,41,41,41,27,41,41,41,27,41,27,27,41,41,41,27,27,41,41,39,41,230,41,41,41,230,183,38,230,41,33,27,29,27,230,27,27,188,27,27,41,41,41,27,27,27,41,27,27,28,41,41,41,27,27,41,41,41,28,41,41,41,41,41,41,41,41,41,41,41,35,41,27,41,41,41,41,41,41,27,41,41,27,41,41,41,41,41,41,41,41,41,41,27,41,41,41,41,37,41,27,41,32,41,41,41,41,27,41,27,41,27,41,41,41,41,31,41,37,41,41,41,41,41,41,41,41,41,41,29,27,27,27,41,27,27,27,27,27,27,27,27,27,27,27,229,229,27,27,229,36,27,27,41,41,27,41,41,41,41,41,41,41,41,27,41,41,41,41,30,28,41,41,41,41,41,41,41,41,27,41,27,41,27,40,27,41,41,27,41,50,38,41,229,41,41,27,27,41,27,76,27,230,230,27,27,27,230,230,183,41,41,41,41,41,41,41,41,30,41,41,27,27,41,27,27,41,27,27,41,30,27,27,27,41,27,27,41,27,27,27,27,230,52,27,27,27,27,27,31,41,41,38,27,38,41,27,41,30,41,41,41,41,41,41,41,41,41,41,27,38,41,41,27,41,41,41,41,41,29,41,41,41,41,41,27,41,41,27,36,41,41,27,41,41,41,41,41,41,58,41,41,230,47,230,28,230,230,230,27,27,41,41,41,41,229,41,41,41,41,120,113,229,106,27,229,39,229,210,156,27,41,27,27,27,41,27,41,27,27,27,27,27,27,27,27,27,229,27,27,52,41,229,229,41,229,41,41,103,163,27,230,230,27,230,230,39,230,27,148,27,41,79,41,41,41,41,27,41,73,27,230,27,230,230,27,230,27,230,27,58,41,41,41,41,38,41,41,27,29,41,41,40,41,41,41,30,41,27,27,41,27,41,27,41,27,41,41,27,41,27,41,41,41,41,27,41,41,41,27,28,41,29,27,27,27,41,27,27,41,27,27,41,27,27,27,27,27,27,34,41,27,41,27,41,27,41,41,41,27,27,230,74,230,230,27,230,230,230,230
27,27,41,27,40,41,41,41,27,41,41,41,41,41,41,41,41,41,27,41,34,41,41,27,41,41,28,41,41,41,41,41,27,41,41,41,41,41,27,41,27,27,41,41,41,27,41,41,41,28,41,41,27,41,27,41,41,41,27,27,33,27,27,27,27,27,27,27,27,27,27,41,27,27,27,27,27,27,27,28,41,27,41,27,41,41,41,41,41,41,41,41,28,41,27,41,41,41,41,41,41,41,27,41,27,27,27,27,41,41,27,41,27,31,27,27,41,41,41,41,27,41,41,41,28,41,27,41,41,41,41,41,41,41,41,41,29,41,41,41,41,33,41,41,41,41,41,41,27,30,41,27,27,41,41,41,41,41,27,39,27,27,27,41,27,41,41,27,41,27,41,27,41,41,41,27,27,27,27,27,32,41,41,41,41,41,38,27,41,41,41,27,41,27,41,41,27,27,41,30,27,27,41,41,27,41,41,41,41,27,41,41,41,27,41,39,41,41,27,29,37,41,41,41,41,27,41,41,41,41,41,41,41,41,41,27,41,41,41,41,41,27,41,38,41,41,41,41,41,27,41,27,27,41,27,41,41,41,41,27,30,27,41,27,27,27,27,41,27,27,27,27,27,27,230,27,27,27,27,172,41,38,41,41,41,41,41,41,27,41,41,30,41,41,27,41,41,40,41,27,41,41,27,41,41,27,41,27,27,41,41,41,41,27,27,41,41,41,41,32,27,27,41,41,41,27,41,41,41,41,41,41,41,41,41,27,41,41,41,41,41,41,41,41,41,41,27,41,41,41,27,41,41,41,41,41,41,41,41,36,27,41,41,27,30,27,29,27,27,65,230,27,27,27,185,27,27,230,27,27,39,41,27,41,41,41,41,41,41,27,41,29,41,27,41,41,27,41,41,41,41,41,28,40,41,41,41,41,41,41,41,41,41,41,27,41,27,41,27,41,41,27,41,27,41,27,27,27,27,41,41,27,41,27,41,27,41,32,41,27,41,41,41,41,41,41,41,41,41,27,27,41,41,74,41,229,27,27,41,41,28,229,27,27,27,27,27,27,27,229,27,230,27,27,27,27,80,27,27,34,27,41,41,41,41,41,41,41,27,72,229,176,230,230,229,230,230,27,27,228,43,30,27,41,41,27,27,27,41,41,27,41,41,41,41,41,27,27,41,41,41,41,41,27,41,41,41,41,41,27,41,41,41,41,27,41,41,41,27,41,27,27,41,41,41,27,27,41,41,41,41,230,38,41,41,230,230,31,230,41,33,27,32,27,230,27,27,230,27,27,41,41,41,27,27,27,41,27,27,28,41,38,41,27,27,41,41,41,40,41,41,41,41,41,41,41,41,41,41,41,35,41,27,41,41,41,41,41,41,27,41,41,27,41,41,41,41,41,41,41,38,41,41,27,41,41,41,37,41,41,27,41,41,41,41,41,41,27,41,27,41,27,41,39,41,41,27,41,30,41,41,41,41,41,41,41,41,41,41,29,27,27,27,41,27,27,27,27,27,27,27,27,27,27,27,223,229,27,27,229,36,27,27,41,41,27,41,41,41,41,41,41,41,41,27,41,41,41,41,30,39,41,41,41,41,41,41,41,41,27,41,27,41,27,41,27,41,41,27,41,41,30,41,229,41,41,27,29,41,27,176,27,230,230,60,27,27,230,230,183,41,41,41,41,41,41,41,41,27,41,41,27,27,41,27,27,41,27,27,41,30,27,29,27,41,27,27,41,27,27,27,27,230,211,27,27,27,28,27,31,41,41,29,27,30,27,27,41,27,41,41,41,41,41,41,41,41,39,41,27,38,41,41,27,41,41,41,41,41,38,41,41,41,41,41,27,41,41,27,36,41,41,27,41,41,41,41,41,41,58,40,41,230,41,230,27,230,230,230,27,27,41,41,41,41,220,41,41,41,39,57,214,229,229,27,229,28,229,59,143,27,41,27,27,27,41,27,41,27,27,27,27,27,27,27,28,27,229,27,27,53,41,229,229,41,229,41,27,41,229,27,230,230,27,230,230,28,230,27,148,27,41,28,41,41,41,41,27,41,73,27,230,27,230,230,67,187,27,230,27,58,41,41,41,41,30,41,41,28,27,41,41,41,41,41,41,27,41,27,27,41,27,41,27,41,27,41,41,27,41,27,41,41,40,41,27,41,41,41,27,28,41,40,27,27,27,41,27,27,41,27,27,41,41,27,27,27,27,27,34,41,27,41,27,41,27,41,41,41,27,27,230,27,230,230,27,230,230,230,230
27,27,41,27,41,41,41,41,27,41,41,41,41,41,41,41,41,41,41,41,34,41,41,27,41,41,33,41,38,39,41,41,33,41,41,41,41,41,27,41,27,27,41,41,41,27,41,41,41,27,39,41,27,41,27,41,41,41,31,27,33,27,27,27,27,27,27,27,27,27,27,41,27,27,27,30,27,27,27,28,41,27,41,27,41,41,41,41,41,39,41,41,33,41,27,41,41,41,41,41,41,41,27,41,27,27,27,27,41,41,27,41,27,38,27,27,41,41,41,41,28,41,41,39,27,41,27,41,41,41,41,41,41,41,41,41,27,41,41,41,41,39,41,41,41,41,41,41,27,38,41,27,27,41,41,41,41,41,27,39,27,27,27,41,27,41,41,27,41,27,41,27,41,41,41,27,41,27,27,27,32,41,41,41,41,41,30,27,41,41,41,27,41,27,41,41,27,32,41,30,27,27,41,41,27,41,41,41,41,27,41,41,41,27,41,41,41,41,27,40,37,41,41,41,41,27,41,41,41,41,41,41,41,41,41,27,41,41,41,41,41,27,41,41,41,41,41,41,41,27,39,27,27,41,27,41,41,41,41,27,30,27,41,27,27,27,27,41,27,27,30,27,27,27,230,27,27,27,27,172,39,41,41,41,41,41,41,41,27,41,41,27,41,41,27,41,41,41,41,27,41,41,27,41,41,27,41,27,27,41,41,41,41,27,27,41,41,41,41,32,27,27,41,41,39,28,41,41,27,41,41,38,41,41,41,27,41,41,41,41,41,41,41,41,41,41,27,41,41,41,27,41,41,27,41,41,41,27,41,36,27,41,41,27,37,27,39,27,27,65,230,27,27,27,230,27,27,229,27,27,39,41,27,41,41,41,41,41,41,27,27,39,41,27,41,41,27,41,41,41,41,41,40,28,41,41,41,41,41,41,41,41,41,41,41,41,27,41,27,41,41,27,41,27,41,27,41,27,27,41,41,27,41,27,41,27,41,41,41,27,41,41,41,41,41,41,41,39,41,27,27,41,60,196,41,229,27,27,41,41,28,229,27,27,27,27,27,27,28,229,27,230,27,27,27,27,181,27,27,34,27,41,41,41,41,41,41,41,27,41,229,76,230,229,229,230,230,27,27,228,43,37,27,41,41,27,27,27,41,41,27,41,41,41,41,41,27,27,41,41,41,41,41,27,41,41,41,27,41,27,41,41,41,41,27,41,41,41,27,41,27,27,41,41,41,27,27,41,41,41,39,230,30,87,41,230,230,27,106,41,33,27,80,27,230,27,27,230,27,27,41,41,41,27,27,27,41,27,27,28,41,30,41,27,27,38,41,41,41,37,41,41,41,41,38,39,41,41,41,41,35,41,27,41,41,41,41,41,41,27,41,41,27,41,41,41,41,41,41,41,30,41,41,27,41,41,41,30,41,41,27,41,41,41,41,41,41,27,41,27,41,27,41,28,41,41,27,41,27,41,41,41,41,41,41,41,41,41,41,30,27,27,27,41,27,27,27,27,29,27,27,27,28,28,27,159,229,27,27,229,36,27,29,41,41,28,27,41,41,41,41,41,41,41,27,41,41,41,41,30,41,41,41,41,41,41,41,41,41,30,41,27,41,27,41,27,41,41,27,41,41,27,41,229,41,41,34,40,41,27,228,27,230,230,192,27,27,230,230,183,41,41,41,41,41,41,41,41,27,41,41,27,27,41,27,27,41,27,27,41,30,27,39,27,41,27,27,41,27,27,27,27,230,230,27,27,27,52,27,31,41,41,27,27,27,27,27,41,27,41,41,41,41,41,41,41,38,28,41,27,38,41,41,27,41,41,41,41,41,41,41,41,41,41,41,27,41,41,27,36,41,41,27,41,41,41,41,41,41,58,28,41,230,41,218,27,230,230,230,27,27,41,41,41,41,111,41,41,41,29,41,229,229,229,27,229,27,229,41,83,27,41,27,27,27,41,27,41,27,27,27,27,27,27,27,58,27,229,27,27,53,41,229,229,41,229,41,27,41,229,27,230,230,27,230,230,27,230,27,148,27,41,27,41,41,41,41,27,41,73,27,230,27,230,230,189,75,27,230,78,58,41,41,41,41,27,41,41,33,27,41,41,41,41,41,41,27,41,27,27,41,27,41,27,41,27,41,41,27,41,27,41,41,28,41,27,41,41,39,41,28,41,41,27,27,27,41,27,27,41,27,27,41,41,27,27,27,27,27,34,41,27,38,27,41,27,41,41,41,27,27,230,27,230,230,27,229,230,230,230
27,27,41,27,41,41,41,41,27,41,41,41,41,41,41,41,41,41,41,41,34,41,41,27,41,41,33,41,38,39,41,41,33,41,41,41,41,41,27,41,27,27,41,41,41,27,41,41,41,27,39,41,27,41,27,41,41,41,31,27,33,27,27,27,27,27,27,27,27,27,27,41,27,27,27,30,27,27,27,28,41,27,41,27,41,41,41,41,41,39,41,41,33,41,27,41,41,41,41,41,41,41,27,41,27,27,27,27,41,41,27,41,27,38,27,27,41,41,41,41,28,41,41,39,27,41,27,41,41,41,41,41,41,41,41,41,27,41,41,41,41,39,41,41,41,41,41,41,27,38,41,27,27,41,41,41,41,41,27,39,27,27,27,41,27,41,41,27,41,27,41,27,41,41,41,27,41,27,27,27,32,41,41,41,41,41,30,27,41,41,41,27,41,27,41,41,27,32,41,30,27,27,41,41,27,41,41,41,41,27,41,41,41,27,41,41,41,41,27,40,37,41,41,41,41,27,41,41,41,41,41,41,41,41,41,27,41,41,41,41,41,27,41,41,41,41,41,41,41,27,39,27,27,41,27,41,41,41,41,27,30,27,41,27,27,27,27,41,27,27,30,27,27,27,230,27,27,27,27,172,39,41,41,41,41,41,41,41,27,41,41,27,41,41,27,41,41,41,41,27,41,41,27,41,41,27,41,27,27,41,41,41,41,27,27,41,41,41,41,32,27,27,41,41,39,28,41,41,27,41,41,38,41,41,41,27,41,41,41,41,41,41,41,41,41,41,27,41,41,41,27,41,41,27,41,41,41,27,41,36,27,41,41,27,37,27,39,27,27,65,230,27,27,27,230,27,27,229,27,27,39,41,27,41,41,41,41,41,41,27,27,39,41,27,41,41,27,41,41,41,41,41,40,28,41,41,41,41,41,41,41,41,41,41,41,41,27,41,27,41,41,27,41,27,41,27,41,27,27,41,41,27,41,27,41,27,41,41,41,27,41,41,41,41,41,41,41,39,41,27,27,41,60,196,41,229,27,27,41,41,28,229,27,27,27,27,27,27,28,229,27,230,27,27,27,27,181,27,27,34,27,41,41,41,41,41,41,41,27,41,229,76,230,229,229,230,230,27,27,228,43,37,27,41,41,27,27,27,41,41,27,41,41,41,41,41,27,27,41,41,41,41,41,27,41,41,41,27,41,27,41,41,41,41,27,41,41,41,27,41,27,27,41,41,41,27,27,41,41,41,39,230,30,87,41,230,230,27,106,41,33,27,80,27,230,27,27,230,27,27,41,41,41,27,27,27,41,27,27,28,41,30,41,27,27,38,41,41,41,37,41,41,41,41,38,39,41,41,41,41,35,41,27,41,41,41,41,41,41,27,41,41,27,41,41,41,41,41,41,41,30,41,41,27,41,41,41,30,41,41,27,41,41,41,41,41,41,27,41,27,41,27,41,28,41,41,27,41,27,41,41,41,41,41,41,41,41,41,41,30,27,27,27,41,27,27,27,27,29,27,27,27,28,28,27,159,229,27,27,229,36,27,29,41,41,28,27,41,41,41,41,41,41,41,27,41,41,41,41,30,41,41,41,41,41,41,41,41,41,30,41,27,41,27,41,27,41,41,27,41,41,27,41,229,41,41,34,40,41,27,228,27,230,230,192,27,27,230,230,183,41,41,41,41,41,41,41,41,27,41,41,27,27,41,27,27,41,27,27,41,30,27,39,27,41,27,27,41,27,27,27,27,230,230,27,27,27,52,27,31,41,41,27,27,27,27,27,41,27,41,41,41,41,41,41,41,38,28,41,27,38,41,41,27,41,41,41,41,41,41,41,41,41,41,41,27,41,41,27,36,41,41,27,41,41,41,41,41,41,58,28,41,230,41,218,27,230,230,230,27,27,41,41,41,41,111,41,41,41,29,41,229,229,229,27,229,27,229,41,83,27,41,27,27,27,41,27,41,27,27,27,27,27,27,27,58,27,229,27,27,53,41,229,229,41,229,41,27,41,229,27,230,230,27,230,230,27,230,27,148,27,41,27,41,41,41,41,27,41,73,27,230,27,230,230,189,75,27,230,78,58,41,41,41,41,27,41,41,33,27,41,41,41,41,41,41,27,41,27,27,41,27,41,27,41,27,41,41,27,41,27,41,41,28,41,27,41,41,39,41,28,41,41,27,27,27,41,27,27,41,27,27,41,41,27,27,27,27,27,34,41,27,38,27,41,27,41,41,41,27,27,230,27,230,230,27,229,230,230,230
27,27,41,27,41,41,41,41,27,41,41,41,41,41,41,41,41,41,41,41,34,41,41,27,41,41,39,41,30,29,41,41,40,41,41,41,41,41,27,41,27,27,41,41,41,27,41,41,41,27,28,41,27,41,27,31,41,27,38,27,33,27,27,27,27,27,27,27,27,27,27,41,27,27,27,37,27,27,27,28,41,27,41,27,41,41,41,41,41,29,41,37,40,41,27,41,41,41,41,41,41,41,27,41,41,27,27,27,41,41,27,41,27,41,27,41,41,41,41,41,33,41,41,28,27,41,27,41,41,41,41,41,41,41,41,41,27,41,41,41,41,41,41,41,41,41,41,38,27,41,41,27,27,41,41,41,41,41,27,39,27,27,27,41,27,41,41,27,41,27,41,27,41,41,41,27,41,27,27,27,32,41,41,41,41,41,27,28,41,41,41,27,41,27,41,41,27,41,41,30,27,27,41,41,27,41,41,41,41,28,41,41,41,27,41,41,41,41,27,41,37,41,41,41,41,27,41,41,41,41,41,41,41,41,41,27,41,41,41,41,41,27,41,41,41,41,41,41,41,27,29,27,27,41,27,41,41,41,41,27,30,27,41,27,27,27,27,41,27,27,139,27,29,27,230,27,27,27,27,172,29,41,41,41,41,41,41,41,27,41,41,27,41,41,27,41,41,41,41,27,41,41,27,41,41,27,41,27,27,41,41,41,41,27,27,41,41,41,41,32,27,39,41,41,28,32,41,41,27,41,41,31,41,41,41,27,41,41,41,41,41,41,41,41,41,41,27,41,41,41,27,41,41,27,41,39,41,27,41,36,27,41,41,27,41,27,41,27,27,65,230,27,27,27,230,27,27,229,27,27,39,41,27,41,41,41,41,41,41,27,27,41,41,27,41,41,27,41,41,41,41,41,41,27,41,41,41,41,41,41,41,41,41,41,41,41,41,41,29,41,41,27,41,27,41,27,41,27,27,41,41,27,41,27,41,27,41,41,41,28,41,41,41,41,41,41,41,29,41,27,27,41,211,229,41,229,27,27,41,41,28,229,27,27,27,27,27,27,60,229,28,230,27,27,27,27,230,27,27,34,27,41,41,41,41,41,41,41,27,27,229,27,230,229,229,230,230,27,27,228,43,41,27,41,41,30,27,27,41,41,27,41,41,41,41,41,29,29,41,41,41,41,41,27,41,41,41,27,41,27,41,38,41,41,27,41,41,41,27,41,27,27,41,41,41,27,27,41,41,41,29,106,27,184,41,199,230,27,41,41,33,27,106,27,230,27,27,230,27,27,41,41,41,27,27,27,41,27,27,28,41,27,41,27,27,30,41,41,41,30,41,41,41,41,31,28,41,41,41,41,35,41,27,41,41,41,41,41,41,27,41,41,27,41,41,41,41,41,41,39,27,41,41,27,37,41,40,27,41,41,27,41,41,41,41,41,41,27,41,27,41,27,41,27,41,41,27,41,27,41,39,41,39,41,41,41,41,41,41,34,27,27,27,41,27,27,27,27,39,27,27,27,74,51,27,53,229,27,27,229,36,27,39,41,41,33,27,41,41,41,41,41,41,41,27,41,41,39,41,30,41,41,41,41,41,41,38,41,41,38,41,27,41,27,41,27,41,41,27,41,41,27,41,229,41,41,104,41,41,27,230,27,230,230,229,27,27,230,230,183,41,41,41,41,41,41,41,41,27,41,41,27,27,38,27,27,41,27,27,41,30,27,41,27,41,27,27,41,27,27,27,27,230,230,27,27,27,211,27,31,41,41,27,27,27,27,27,41,27,39,41,41,41,41,41,41,30,27,41,27,38,41,41,27,41,41,41,41,41,41,41,41,41,41,41,27,41,41,27,36,41,41,27,41,41,41,41,41,41,58,27,40,230,41,112,27,230,230,230,27,27,41,38,41,27,46,41,78,41,27,41,229,229,229,27,217,27,206,41,43,27,41,27,27,27,41,27,41,27,27,27,27,27,27,27,203,27,229,27,27,53,41,229,229,41,229,41,27,41,229,27,230,230,27,230,228,27,230,27,148,29,41,27,41,41,41,41,29,41,73,27,230,27,230,230,230,28,27,230,179,58,41,41,41,41,27,41,41,39,27,41,40,41,41,41,41,27,41,27,27,41,27,41,27,41,27,41,41,27,41,27,41,41,27,41,27,41,41,28,41,28,41,41,27,27,27,41,27,27,41,27,27,41,41,27,27,27,27,27,34,41,27,30,27,41,27,41,41,41,27,27,230,27,230,230,27,181,230,230,230
27,30,41,27,41,41,41,41,27,41,41,41,41,41,41,41,41,41,41,41,34,41,41,27,41,41,41,41,27,27,41,41,41,41,41,41,41,41,27,41,27,33,41,41,41,27,41,41,41,27,27,41,27,41,27,27,41,27,41,27,33,27,27,27,27,27,27,27,27,27,27,41,27,27,27,41,27,27,27,28,41,27,41,27,41,41,41,41,41,27,41,30,41,41,27,41,41,41,41,41,41,41,27,41,41,27,29,27,41,41,27,41,27,41,27,41,41,41,41,41,39,41,41,27,27,41,27,41,41,41,41,41,41,41,41,41,27,41,41,41,41,41,41,38,41,41,41,30,27,41,41,27,27,41,41,41,41,41,27,39,27,27,27,41,27,41,41,27,41,27,41,27,41,41,41,41,41,27,27,27,32,41,41,39,41,41,27,32,41,41,41,27,41,27,41,41,27,41,41,30,30,29,41,41,27,41,41,41,41,39,41,41,41,27,41,41,41,41,27,41,37,41,41,41,41,27,41,39,41,41,41,38,41,41,41,27,41,41,41,41,41,27,39,41,41,41,41,41,41,27,27,27,27,41,27,41,41,41,41,27,30,27,41,27,31,27,27,41,27,27,139,27,81,33,230,27,27,27,27,172,27,41,41,41,41,41,41,41,27,41,41,27,41,41,27,41,41,41,41,27,41,41,27,41,41,27,41,27,27,41,41,41,41,32,32,41,41,41,41,32,27,41,41,41,27,39,41,27,27,41,41,27,41,41,41,27,41,41,41,41,41,41,41,41,41,41,27,41,41,41,27,41,41,27,41,29,41,27,41,36,27,41,41,27,41,29,41,27,27,65,229,27,27,27,230,27,27,229,27,27,39,41,27,41,41,41,41,41,41,27,27,41,41,27,41,41,27,41,41,33,41,41,41,27,41,41,41,41,41,41,41,41,41,41,41,41,41,41,39,41,39,27,41,27,27,27,41,27,27,41,41,27,41,27,41,28,41,41,41,33,41,41,41,41,41,41,41,27,41,27,27,41,229,229,41,229,27,27,41,41,28,229,27,27,27,27,27,27,201,229,77,230,27,27,27,27,230,27,27,34,27,27,41,41,41,41,41,41,27,27,229,27,230,229,210,230,230,27,27,228,43,41,27,41,41,37,27,27,41,41,27,41,41,41,41,41,40,40,41,41,41,41,41,27,41,41,41,27,41,27,41,30,41,41,27,41,41,41,27,41,32,27,41,41,41,27,27,41,41,41,27,41,27,230,41,121,230,27,41,41,33,27,230,27,230,27,27,230,27,27,41,41,41,27,27,27,41,27,27,28,41,27,41,27,27,27,41,41,41,27,41,41,41,41,27,27,41,41,41,41,35,41,29,41,41,41,41,41,41,30,41,41,27,41,41,41,41,41,41,39,27,41,41,27,30,41,28,27,41,41,28,41,41,41,41,41,41,27,41,27,41,27,41,27,41,41,27,41,27,41,30,41,30,41,41,41,41,41,41,40,27,27,27,41,27,27,27,27,41,27,27,27,187,210,27,41,229,27,27,229,36,27,41,41,41,39,27,41,41,41,41,41,41,41,27,41,41,28,41,30,41,41,41,41,41,41,31,41,41,41,41,27,41,27,41,28,41,41,27,41,41,27,41,203,41,41,217,41,40,27,230,27,230,230,230,27,27,230,230,183,41,41,41,41,41,41,41,41,27,41,41,27,27,30,27,27,41,27,27,41,30,27,41,27,41,27,27,41,27,27,27,27,230,230,27,27,28,230,27,31,41,41,27,27,27,27,27,41,27,28,41,41,41,41,37,41,27,27,41,27,38,41,41,27,41,41,41,41,41,41,41,41,41,41,41,27,41,41,27,36,41,41,27,41,41,38,41,41,41,58,27,28,222,41,47,27,230,230,203,27,27,41,29,27,27,41,54,191,41,27,35,229,229,229,27,60,27,116,41,36,27,41,27,27,27,41,27,41,27,27,27,27,27,27,27,229,27,229,27,27,53,41,229,229,38,229,41,27,41,229,27,230,106,27,230,107,27,230,27,148,39,41,27,41,41,41,41,39,41,73,27,230,70,230,230,230,27,27,230,230,58,41,41,41,41,27,41,41,41,27,41,28,41,38,41,41,27,41,27,27,41,27,41,27,41,27,41,41,27,41,27,41,41,27,41,27,41,41,27,41,40,41,41,27,27,27,41,27,27,41,27,27,41,41,27,27,29,27,27,34,41,27,27,27,41,27,41,41,41,27,27,230,27,230,230,34,71,230,230,230
27,30,41,27,41,41,41,41,27,41,41,41,41,41,41,41,41,41,41,41,34,41,41,27,41,41,41,41,27,27,41,41,41,41,41,41,41,41,27,41,27,33,41,41,41,27,41,41,41,27,27,41,27,41,27,27,41,27,41,27,33,27,27,27,27,27,27,27,27,27,27,41,27,27,27,41,27,27,27,28,41,27,41,27,41,41,41,41,41,27,41,30,41,41,27,41,41,41,41,41,41,41,27,41,41,27,29,27,41,41,27,41,27,41,27,41,41,41,41,41,39,41,41,27,27,41,27,41,41,41,41,41,41,41,41,41,27,41,41,41,41,41,41,38,41,41,41,30,27,41,41,27,27,41,41,41,41,41,27,39,27,27,27,41,27,41,41,27,41,27,41,27,41,41,41,41,41,27,27,27,32,41,41,39,41,41,27,32,41,41,41,27,41,27,41,41,27,41,41,30,30,29,41,41,27,41,41,41,41,39,41,41,41,27,41,41,41,41,27,41,37,41,41,41,41,27,41,39,41,41,41,38,41,41,41,27,41,41,41,41,41,27,39,41,41,41,41,41,41,27,27,27,27,41,27,41,41,41,41,27,30,27,41,27,31,27,27,41,27,27,139,27,81,33,230,27,27,27,27,172,27,41,41,41,41,41,41,41,27,41,41,27,41,41,27,41,41,41,41,27,41,41,27,41,41,27,41,27,27,41,41,41,41,32,32,41,41,41,41,32,27,41,41,41,27,39,41,27,27,41,41,27,41,41,41,27,41,41,41,41,41,41,41,41,41,41,27,41,41,41,27,41,41,27,41,29,41,27,41,36,27,41,41,27,41,29,41,27,27,65,229,27,27,27,230,27,27,229,27,27,39,41,27,41,41,41,41,41,41,27,27,41,41,27,41,41,27,41,41,33,41,41,41,27,41,41,41,41,41,41,41,41,41,41,41,41,41,41,39,41,39,27,41,27,27,27,41,27,27,41,41,27,41,27,41,28,41,41,41,33,41,41,41,41,41,41,41,27,41,27,27,41,229,229,41,229,27,27,41,41,28,229,27,27,27,27,27,27,201,229,77,230,27,27,27,27,230,27,27,34,27,27,41,41,41,41,41,41,27,27,229,27,230,229,210,230,230,27,27,228,43,41,27,41,41,37,27,27,41,41,27,41,41,41,41,41,40,40,41,41,41,41,41,27,41,41,41,27,41,27,41,30,41,41,27,41,41,41,27,41,32,27,41,41,41,27,27,41,41,41,27,41,27,230,41,121,230,27,41,41,33,27,230,27,230,27,27,230,27,27,41,41,41,27,27,27,41,27,27,28,41,27,41,27,27,27,41,41,41,27,41,41,41,41,27,27,41,41,41,41,35,41,29,41,41,41,41,41,41,30,41,41,27,41,41,41,41,41,41,39,27,41,41,27,30,41,28,27,41,41,28,41,41,41,41,41,41,27,41,27,41,27,41,27,41,41,27,41,27,41,30,41,30,41,41,41,41,41,41,40,27,27,27,41,27,27,27,27,41,27,27,27,187,210,27,41,229,27,27,229,36,27,41,41,41,39,27,41,41,41,41,41,41,41,27,41,41,28,41,30,41,41,41,41,41,41,31,41,41,41,41,27,41,27,41,28,41,41,27,41,41,27,41,203,41,41,217,41,40,27,230,27,230,230,230,27,27,230,230,183,41,41,41,41,41,41,41,41,27,41,41,27,27,30,27,27,41,27,27,41,30,27,41,27,41,27,27,41,27,27,27,27,230,230,27,27,28,230,27,31,41,41,27,27,27,27,27,41,27,28,41,41,41,41,37,41,27,27,41,27,38,41,41,27,41,41,41,41,41,41,41,41,41,41,41,27,41,41,27,36,41,41,27,41,41,38,41,41,41,58,27,28,222,41,47,27,230,230,203,27,27,41,29,27,27,41,54,191,41,27,35,229,229,229,27,60,27,116,41,36,27,41,27,27,27,41,27,41,27,27,27,27,27,27,27,229,27,229,27,27,53,41,229,229,38,229,41,27,41,229,27,230,106,27,230,107,27,230,27,148,39,41,27,41,41,41,41,39,41,73,27,230,70,230,230,230,27,27,230,230,58,41,41,41,41,27,41,41,41,27,41,28,41,38,41,41,27,41,27,27,41,27,41,27,41,27,41,41,27,41,27,41,41,27,41,27,41,41,27,41,40,41,41,27,27,27,41,27,27,41,27,27,41,41,27,27,29,27,27,34,41,27,27,27,41,27,41,41,41,27,27,230,27,230,230,34,71,230,230,230
30,38,41,27,41,41,41,41,27,41,41,41,41,41,41,41,41,41,41,41,34,41,41,27,41,41,41,41,27,27,41,41,41,41,41,41,41,41,27,41,27,40,41,41,41,27,41,37,41,27,27,41,27,41,27,27,41,27,41,27,33,27,27,27,27,27,27,27,27,27,27,41,27,27,27,41,27,27,27,28,41,27,41,27,41,41,41,41,41,27,37,27,41,41,27,41,41,41,41,41,41,41,27,41,41,29,39,27,41,41,27,41,27,41,27,41,41,41,41,41,41,41,41,27,27,41,28,41,41,41,41,41,41,41,41,41,27,41,41,41,41,41,41,30,41,41,41,27,27,41,41,27,27,41,41,41,41,41,27,39,41,27,27,41,27,41,41,27,41,27,41,27,41,41,41,41,41,27,29,27,32,41,41,28,41,41,27,40,41,41,41,27,41,27,41,41,27,41,41,30,37,39,41,41,27,41,41,41,41,41,41,41,41,27,41,41,41,41,27,41,37,41,41,41,41,27,41,29,41,41,41,30,41,41,41,27,41,41,41,41,41,30,30,41,41,41,41,41,41,28,27,27,27,41,27,41,41,41,41,27,31,27,41,27,38,27,27,41,27,27,139,27,181,230,230,27,27,27,27,172,27,41,41,41,41,41,41,41,36,41,41,27,41,41,27,41,41,41,41,27,40,41,41,41,41,27,41,27,27,41,41,41,41,40,40,41,41,41,41,32,27,41,41,41,27,41,41,27,27,41,41,27,41,41,41,27,41,41,41,41,41,41,37,41,41,41,27,41,38,41,27,41,41,27,41,27,41,27,41,36,27,41,41,27,41,40,41,27,29,65,229,27,27,27,230,27,27,229,27,27,39,41,27,41,41,41,41,41,41,27,27,41,41,27,41,41,27,41,41,33,41,41,41,27,41,41,41,41,41,41,41,41,41,41,41,41,41,41,41,41,30,27,41,27,27,27,41,27,27,41,41,27,41,27,41,33,41,41,41,39,41,41,41,41,41,41,41,27,41,27,27,41,229,229,41,216,27,27,41,41,34,229,27,27,27,27,27,27,229,229,185,227,41,27,27,27,230,27,27,34,27,27,41,41,41,41,41,41,27,27,229,27,230,229,40,229,230,27,27,228,43,41,27,41,41,41,27,27,41,41,41,41,41,41,41,41,41,41,41,41,40,41,41,27,41,41,38,27,41,28,41,27,41,41,27,41,41,41,27,41,41,27,39,41,41,27,27,41,41,41,27,41,27,230,41,57,199,27,41,41,33,27,230,27,230,27,27,230,27,27,41,41,41,27,27,27,41,27,27,28,41,27,41,27,27,27,41,27,41,27,41,27,41,41,27,27,41,41,41,41,35,41,39,41,41,41,41,41,41,38,41,41,27,41,41,41,41,41,41,39,27,41,41,28,27,41,27,27,41,41,32,41,41,41,41,41,41,27,41,27,41,27,41,27,41,41,27,41,27,41,27,41,27,41,41,41,41,41,41,41,27,27,27,41,30,27,27,27,41,27,27,27,229,229,27,41,229,27,27,229,39,28,41,41,41,41,27,41,41,41,41,41,41,41,27,41,41,27,41,30,41,41,41,41,41,41,27,41,41,41,41,27,41,27,41,40,41,41,41,41,39,27,38,118,41,41,230,41,28,27,230,27,230,208,230,39,27,106,230,183,41,41,41,41,41,41,41,41,27,41,41,27,27,27,27,27,41,27,27,41,30,41,41,27,41,27,27,41,27,27,27,27,230,230,27,27,52,230,27,31,41,41,27,27,27,27,27,41,27,27,41,41,41,41,30,41,27,27,41,27,38,41,41,27,41,41,41,41,41,41,41,41,41,41,41,27,41,41,27,36,41,41,27,41,41,31,41,41,41,58,27,27,109,39,41,27,230,230,119,27,27,41,27,27,27,40,215,229,38,27,27,229,214,229,27,41,27,53,41,36,27,41,27,27,27,41,27,41,27,34,27,27,27,27,27,229,27,229,27,27,53,41,229,191,30,229,41,27,41,229,31,230,41,27,230,42,27,230,27,148,41,41,27,41,41,41,41,41,41,73,27,230,187,230,230,230,27,27,230,230,58,41,38,41,41,27,41,41,41,27,41,27,41,30,41,41,27,41,27,32,41,32,41,27,41,32,39,41,27,41,27,41,41,27,41,27,41,41,27,41,40,41,41,27,27,27,41,27,27,41,27,27,41,41,27,27,39,27,27,34,38,27,27,27,41,27,41,41,41,27,27,230,27,230,230,104,27,229,230,230
38,41,41,27,41,41,41,41,27,41,41,41,41,41,41,41,41,41,41,41,34,41,41,27,41,41,41,41,27,27,39,39,41,41,41,41,41,39,27,41,27,41,40,41,41,27,41,30,41,27,27,41,27,41,27,27,41,27,41,27,33,27,28,27,27,27,27,27,27,27,27,41,27,27,27,41,27,27,27,28,41,27,41,27,41,41,41,41,41,27,30,27,41,41,27,41,41,41,41,41,41,41,27,41,41,39,41,27,41,41,27,41,27,41,27,41,41,41,41,41,41,41,41,27,27,41,33,41,41,41,41,41,41,41,41,41,27,41,41,41,41,41,41,27,41,41,41,27,27,41,41,27,27,41,38,41,41,41,27,39,41,27,27,41,27,41,41,27,41,27,41,27,41,41,41,41,41,27,41,27,32,41,41,27,41,41,27,41,41,41,41,27,41,27,41,41,27,41,41,30,41,41,41,41,27,41,41,41,41,41,41,41,41,28,41,41,41,41,27,41,37,41,41,41,41,27,41,27,41,41,41,27,41,41,41,27,41,41,41,41,41,39,27,41,41,41,41,41,41,32,27,27,32,41,27,41,41,41,41,27,37,27,41,27,41,31,30,41,27,27,139,27,230,230,230,27,27,27,27,172,27,41,41,41,41,41,41,41,104,41,41,27,41,41,27,41,41,41,41,30,38,41,41,41,41,27,41,29,31,41,41,41,41,41,41,41,41,41,41,32,27,41,41,41,27,41,41,27,27,41,41,27,41,41,41,27,41,41,41,41,41,41,30,41,41,41,28,41,30,41,27,41,41,27,41,27,41,27,41,36,27,41,41,27,41,41,41,27,40,65,229,27,27,27,230,27,27,229,27,27,39,41,27,38,41,41,41,41,41,27,27,41,41,27,41,41,27,41,41,33,41,41,41,27,41,41,41,41,41,41,41,41,41,41,41,41,41,41,41,41,28,27,41,27,27,32,41,27,29,36,41,27,41,27,38,39,41,41,41,41,41,41,41,41,41,41,41,27,41,30,42,60,229,229,41,112,27,27,78,41,219,229,27,27,27,27,27,27,229,229,230,163,222,27,27,29,230,27,27,34,27,27,41,41,41,41,41,41,44,27,227,27,230,229,27,229,230,27,32,228,43,41,27,41,41,41,27,27,41,41,41,41,41,41,41,41,41,41,41,41,35,41,27,27,41,38,30,27,41,32,41,27,37,41,27,41,41,41,27,40,41,27,28,41,41,27,27,41,41,41,27,41,27,230,41,41,121,27,41,41,33,28,230,27,230,28,27,230,27,27,41,41,41,27,27,27,41,27,27,28,41,27,41,27,27,27,41,27,41,27,41,27,41,41,27,27,41,41,38,41,35,41,41,41,41,41,41,41,41,41,41,41,28,41,41,41,41,41,41,39,27,41,41,33,27,41,27,27,41,41,40,41,41,41,41,41,41,27,41,27,41,27,41,27,41,41,27,41,27,41,27,41,27,41,41,41,41,41,41,41,27,27,27,41,38,27,27,27,41,27,27,27,229,229,28,41,229,27,27,229,92,33,41,41,41,41,27,41,41,41,41,41,41,41,27,41,41,27,41,30,41,41,41,41,41,41,27,41,41,41,41,30,41,27,41,41,41,41,41,41,33,27,30,55,41,41,230,41,27,27,230,27,230,116,230,107,27,41,230,183,41,41,41,41,41,41,41,41,27,41,41,27,27,27,27,27,41,27,32,41,30,41,41,27,41,27,29,41,27,27,27,27,230,230,27,27,211,230,27,31,41,41,27,28,27,27,27,41,27,27,41,41,41,41,27,41,27,27,41,27,38,41,41,27,41,41,41,41,41,41,41,41,41,41,41,27,41,41,27,36,41,41,27,41,41,27,41,41,41,58,27,27,45,28,35,27,230,230,55,27,27,41,27,27,27,27,229,229,30,27,41,229,113,229,27,41,27,41,39,36,27,41,27,27,27,41,27,41,27,58,27,27,27,27,27,229,27,229,27,27,53,41,229,80,27,229,27,27,41,229,51,230,41,27,230,41,27,230,27,148,41,41,27,41,41,41,41,41,41,73,27,230,230,230,230,230,27,27,230,230,58,41,30,41,41,27,41,41,41,27,41,27,41,27,41,41,27,41,27,41,41,41,41,27,41,41,29,41,27,41,27,41,41,27,41,27,41,41,27,41,40,41,41,27,27,27,41,27,27,41,27,27,41,41,27,27,41,27,27,34,30,27,27,27,41,27,41,41,27,28,27,218,27,230,230,217,27,190,230,230
38,41,41,27,41,41,41,41,27,41,41,41,41,41,41,41,41,41,41,41,34,41,41,27,41,41,41,41,27,27,39,39,41,41,41,41,41,39,27,41,27,41,40,41,41,27,41,30,41,27,27,41,27,41,27,27,41,27,41,27,33,27,28,27,27,27,27,27,27,27,27,41,27,27,27,41,27,27,27,28,41,27,41,27,41,41,41,41,41,27,30,27,41,41,27,41,41,41,41,41,41,41,27,41,41,39,41,27,41,41,27,41,27,41,27,41,41,41,41,41,41,41,41,27,27,41,33,41,41,41,41,41,41,41,41,41,27,41,41,41,41,41,41,27,41,41,41,27,27,41,41,27,27,41,38,41,41,41,27,39,41,27,27,41,27,41,41,27,41,27,41,27,41,41,41,41,41,27,41,27,32,41,41,27,41,41,27,41,41,41,41,27,41,27,41,41,27,41,41,30,41,41,41,41,27,41,41,41,41,41,41,41,41,28,41,41,41,41,27,41,37,41,41,41,41,27,41,27,41,41,41,27,41,41,41,27,41,41,41,41,41,39,27,41,41,41,41,41,41,32,27,27,32,41,27,41,41,41,41,27,37,27,41,27,41,31,30,41,27,27,139,27,230,230,230,27,27,27,27,172,27,41,41,41,41,41,41,41,104,41,41,27,41,41,27,41,41,41,41,30,38,41,41,41,41,27,41,29,31,41,41,41,41,41,41,41,41,41,41,32,27,41,41,41,27,41,41,27,27,41,41,27,41,41,41,27,41,41,41,41,41,41,30,41,41,41,28,41,30,41,27,41,41,27,41,27,41,27,41,36,27,41,41,27,41,41,41,27,40,65,229,27,27,27,230,27,27,229,27,27,39,41,27,38,41,41,41,41,41,27,27,41,41,27,41,41,27,41,41,33,41,41,41,27,41,41,41,41,41,41,41,41,41,41,41,41,41,41,41,41,28,27,41,27,27,32,41,27,29,36,41,27,41,27,38,39,41,41,41,41,41,41,41,41,41,41,41,27,41,30,42,60,229,229,41,112,27,27,78,41,219,229,27,27,27,27,27,27,229,229,230,163,222,27,27,29,230,27,27,34,27,27,41,41,41,41,41,41,44,27,227,27,230,229,27,229,230,27,32,228,43,41,27,41,41,41,27,27,41,41,41,41,41,41,41,41,41,41,41,41,35,41,27,27,41,38,30,27,41,32,41,27,37,41,27,41,41,41,27,40,41,27,28,41,41,27,27,41,41,41,27,41,27,230,41,41,121,27,41,41,33,28,230,27,230,28,27,230,27,27,41,41,41,27,27,27,41,27,27,28,41,27,41,27,27,27,41,27,41,27,41,27,41,41,27,27,41,41,38,41,35,41,41,41,41,41,41,41,41,41,41,41,28,41,41,41,41,41,41,39,27,41,41,33,27,41,27,27,41,41,40,41,41,41,41,41,41,27,41,27,41,27,41,27,41,41,27,41,27,41,27,41,27,41,41,41,41,41,41,41,27,27,27,41,38,27,27,27,41,27,27,27,229,229,28,41,229,27,27,229,92,33,41,41,41,41,27,41,41,41,41,41,41,41,27,41,41,27,41,30,41,41,41,41,41,41,27,41,41,41,41,30,41,27,41,41,41,41,41,41,33,27,30,55,41,41,230,41,27,27,230,27,230,116,230,107,27,41,230,183,41,41,41,41,41,41,41,41,27,41,41,27,27,27,27,27,41,27,32,41,30,41,41,27,41,27,29,41,27,27,27,27,230,230,27,27,211,230,27,31,41,41,27,28,27,27,27,41,27,27,41,41,41,41,27,41,27,27,41,27,38,41,41,27,41,41,41,41,41,41,41,41,41,41,41,27,41,41,27,36,41,41,27,41,41,27,41,41,41,58,27,27,45,28,35,27,230,230,55,27,27,41,27,27,27,27,229,229,30,27,41,229,113,229,27,41,27,41,39,36,27,41,27,27,27,41,27,41,27,58,27,27,27,27,27,229,27,229,27,27,53,41,229,80,27,229,27,27,41,229,51,230,41,27,230,41,27,230,27,148,41,41,27,41,41,41,41,41,41,73,27,230,230,230,230,230,27,27,230,230,58,41,30,41,41,27,41,41,41,27,41,27,41,27,41,41,27,41,27,41,41,41,41,27,41,41,29,41,27,41,27,41,41,27,41,27,41,41,27,41,40,41,41,27,27,27,41,27,27,41,27,27,41,41,27,27,41,27,27,34,30,27,27,27,41,27,41,41,27,28,27,218,27,230,230,217,27,190,230,230
41,41,41,27,41,41,41,41,41,41,41,41,41,41,41,41,41,41,41,41,34,41,41,27,41,41,41,41,27,27,29,29,41,41,38,41,41,29,27,41,27,41,28,41,41,27,41,27,41,27,27,41,27,41,27,27,41,27,41,27,33,27,40,27,27,27,27,27,27,27,27,41,27,27,30,41,27,27,27,28,41,28,41,27,41,41,41,41,41,27,27,27,41,41,27,39,41,41,27,41,41,41,27,41,41,41,41,27,41,41,27,41,27,41,27,41,41,41,41,41,41,41,41,27,27,41,39,41,41,41,39,41,41,41,41,41,27,41,41,41,41,41,41,27,38,41,41,27,27,41,41,27,27,41,30,41,41,41,27,39,41,27,27,41,27,41,41,27,41,27,41,27,41,41,41,41,41,27,41,27,32,41,41,27,41,41,27,41,41,41,41,27,41,27,41,41,27,41,41,30,41,41,41,41,27,41,41,41,41,41,41,41,41,40,41,41,41,41,27,41,37,41,41,41,41,27,41,27,41,41,41,27,41,41,41,27,41,37,41,41,41,41,27,41,41,41,41,41,27,40,27,27,41,41,32,41,41,41,41,28,38,27,41,27,41,38,38,41,27,27,139,27,230,230,230,27,27,27,27,172,27,41,41,41,41,41,41,39,212,41,41,27,41,41,27,41,41,41,41,36,38,41,41,41,41,27,41,40,38,41,41,41,41,41,41,41,41,41,41,32,27,41,41,41,27,41,41,27,27,41,41,27,41,41,41,27,41,41,41,41,27,41,27,41,41,41,32,41,27,41,27,41,41,27,41,27,41,27,41,36,27,41,41,27,41,41,41,27,41,65,229,27,27,27,229,27,27,224,27,27,39,41,28,29,41,41,41,41,41,27,27,41,39,27,41,41,27,41,41,33,41,41,41,27,41,41,41,41,41,41,41,41,41,41,41,41,41,41,41,41,28,27,41,27,27,41,41,32,32,27,41,27,41,27,29,41,41,41,37,41,41,41,41,41,41,41,41,27,41,48,110,211,217,196,41,48,27,27,191,41,219,229,27,27,27,27,27,27,229,229,230,46,230,27,27,80,230,27,27,34,27,27,41,41,41,41,41,41,111,27,176,27,230,229,27,229,230,27,101,228,43,41,41,41,41,41,30,28,41,41,41,41,41,41,41,41,41,41,41,41,34,41,27,32,41,30,27,27,41,40,41,27,30,41,27,41,38,27,27,27,41,27,27,41,41,27,27,41,41,41,27,41,27,230,41,41,57,27,41,41,33,73,230,27,213,81,27,230,27,28,41,41,41,27,27,27,41,27,27,28,41,27,39,27,27,27,38,27,41,27,41,27,41,41,27,27,41,41,30,41,35,41,41,41,41,41,41,41,41,41,41,41,40,41,41,41,41,41,41,39,27,41,41,39,27,41,27,27,41,41,41,41,41,41,41,27,41,28,41,27,41,27,41,27,41,41,27,41,27,41,27,41,27,41,41,41,41,41,41,41,27,27,27,41,41,27,27,27,41,27,27,27,229,229,79,41,222,27,27,229,92,39,41,41,41,41,27,41,41,41,41,41,41,41,27,41,41,27,41,30,41,41,41,41,41,41,27,41,41,41,41,37,41,27,41,41,41,41,41,41,31,27,27,41,41,41,230,41,27,97,230,27,230,52,230,208,27,41,230,171,41,41,41,41,41,41,41,41,27,41,41,27,27,27,27,27,41,27,41,39,30,41,41,27,41,27,39,41,27,28,27,27,230,230,27,27,230,230,27,31,41,41,27,33,27,27,27,41,27,27,41,41,41,37,27,38,27,27,41,32,38,41,41,27,41,41,41,41,41,41,41,41,41,41,41,27,41,41,27,36,41,41,27,41,41,27,41,41,39,58,27,27,41,27,28,27,230,230,41,27,27,72,27,27,27,27,219,229,27,27,27,229,49,229,27,41,27,41,28,36,29,41,27,27,40,41,27,41,27,65,27,27,27,27,27,229,27,229,27,27,53,41,229,41,27,229,27,27,41,229,78,230,41,27,230,41,27,230,27,149,41,41,27,41,41,41,41,41,41,73,27,230,230,230,230,230,27,27,230,230,58,41,27,41,38,27,41,41,41,27,41,27,41,27,41,38,27,41,27,41,41,41,41,27,41,41,27,41,27,41,27,41,41,27,41,27,41,41,27,41,40,41,41,27,27,27,41,27,27,41,27,27,41,41,27,27,41,27,27,37,27,27,27,27,41,27,41,41,27,48,29,33,27,230,230,230,27,62,229,230
41,41,41,27,41,41,41,41,41,41,41,41,41,41,41,41,41,41,41,41,34,41,41,27,41,41,41,41,27,27,29,29,41,41,38,41,41,29,27,41,27,41,28,41,41,27,41,27,41,27,27,41,27,41,27,27,41,27,41,27,33,27,40,27,27,27,27,27,27,27,27,41,27,27,30,41,27,27,27,28,41,28,41,27,41,41,41,41,41,27,27,27,41,41,27,39,41,41,27,41,41,41,27,41,41,41,41,27,41,41,27,41,27,41,27,41,41,41,41,41,41,41,41,27,27,41,39,41,41,41,39,41,41,41,41,41,27,41,41,41,41,41,41,27,38,41,41,27,27,41,41,27,27,41,30,41,41,41,27,39,41,27,27,41,27,41,41,27,41,27,41,27,41,41,41,41,41,27,41,27,32,41,41,27,41,41,27,41,41,41,41,27,41,27,41,41,27,41,41,30,41,41,41,41,27,41,41,41,41,41,41,41,41,40,41,41,41,41,27,41,37,41,41,41,41,27,41,27,41,41,41,27,41,41,41,27,41,37,41,41,41,41,27,41,41,41,41,41,27,40,27,27,41,41,32,41,41,41,41,28,38,27,41,27,41,38,38,41,27,27,139,27,230,230,230,27,27,27,27,172,27,41,41,41,41,41,41,39,212,41,41,27,41,41,27,41,41,41,41,36,38,41,41,41,41,27,41,40,38,41,41,41,41,41,41,41,41,41,41,32,27,41,41,41,27,41,41,27,27,41,41,27,41,41,41,27,41,41,41,41,27,41,27,41,41,41,32,41,27,41,27,41,41,27,41,27,41,27,41,36,27,41,41,27,41,41,41,27,41,65,229,27,27,27,229,27,27,224,27,27,39,41,28,29,41,41,41,41,41,27,27,41,39,27,41,41,27,41,41,33,41,41,41,27,41,41,41,41,41,41,41,41,41,41,41,41,41,41,41,41,28,27,41,27,27,41,41,32,32,27,41,27,41,27,29,41,41,41,37,41,41,41,41,41,41,41,41,27,41,48,110,211,217,196,41,48,27,27,191,41,219,229,27,27,27,27,27,27,229,229,230,46,230,27,27,80,230,27,27,34,27,27,41,41,41,41,41,41,111,27,176,27,230,229,27,229,230,27,101,228,43,41,41,41,41,41,30,28,41,41,41,41,41,41,41,41,41,41,41,41,34,41,27,32,41,30,27,27,41,40,41,27,30,41,27,41,38,27,27,27,41,27,27,41,41,27,27,41,41,41,27,41,27,230,41,41,57,27,41,41,33,73,230,27,213,81,27,230,27,28,41,41,41,27,27,27,41,27,27,28,41,27,39,27,27,27,38,27,41,27,41,27,41,41,27,27,41,41,30,41,35,41,41,41,41,41,41,41,41,41,41,41,40,41,41,41,41,41,41,39,27,41,41,39,27,41,27,27,41,41,41,41,41,41,41,27,41,28,41,27,41,27,41,27,41,41,27,41,27,41,27,41,27,41,41,41,41,41,41,41,27,27,27,41,41,27,27,27,41,27,27,27,229,229,79,41,222,27,27,229,92,39,41,41,41,41,27,41,41,41,41,41,41,41,27,41,41,27,41,30,41,41,41,41,41,41,27,41,41,41,41,37,41,27,41,41,41,41,41,41,31,27,27,41,41,41,230,41,27,97,230,27,230,52,230,208,27,41,230,171,41,41,41,41,41,41,41,41,27,41,41,27,27,27,27,27,41,27,41,39,30,41,41,27,41,27,39,41,27,28,27,27,230,230,27,27,230,230,27,31,41,41,27,33,27,27,27,41,27,27,41,41,41,37,27,38,27,27,41,32,38,41,41,27,41,41,41,41,41,41,41,41,41,41,41,27,41,41,27,36,41,41,27,41,41,27,41,41,39,58,27,27,41,27,28,27,230,230,41,27,27,72,27,27,27,27,219,229,27,27,27,229,49,229,27,41,27,41,28,36,29,41,27,27,40,41,27,41,27,65,27,27,27,27,27,229,27,229,27,27,53,41,229,41,27,229,27,27,41,229,78,230,41,27,230,41,27,230,27,149,41,41,27,41,41,41,41,41,41,73,27,230,230,230,230,230,27,27,230,230,58,41,27,41,38,27,41,41,41,27,41,27,41,27,41,38,27,41,27,41,41,41,41,27,41,41,27,41,27,41,27,41,41,27,41,27,41,41,27,41,40,41,41,27,27,27,41,27,27,41,27,27,41,41,27,27,41,27,27,37,27,27,27,27,41,27,41,41,27,48,29,33,27,230,230,230,27,62,229,230
41,41,41,27,41,41,41,41,41,41,41,41,41,41,41,41,41,41,41,41,41,41,38,27,41,41,41,41,27,27,27,27,41,41,30,41,41,27,27,41,27,41,27,41,41,27,41,27,41,27,27,41,27,41,27,27,41,27,41,27,33,27,41,27,27,27,27,27,27,30,27,41,27,27,37,41,29,27,27,28,41,33,41,27,41,38,41,27,41,27,27,27,41,41,27,29,41,41,27,41,40,41,30,41,41,41,41,27,41,41,27,41,27,41,41,41,41,41,41,40,41,41,41,27,27,41,41,41,27,41,29,41,39,41,41,41,27,41,41,41,41,41,41,27,31,41,41,27,27,41,38,28,27,41,27,41,41,41,27,39,41,27,27,41,27,41,41,27,41,27,41,27,41,41,41,41,41,27,41,37,32,41,41,27,41,41,27,41,41,41,41,33,41,27,41,41,27,41,41,30,41,41,41,41,27,41,41,41,41,41,41,41,41,41,41,41,41,41,27,41,37,41,41,41,41,27,41,27,41,41,41,27,41,41,41,27,41,30,41,41,41,41,27,41,41,41,41,41,27,41,27,32,41,41,41,41,40,41,41,33,38,27,41,27,41,41,41,41,27,41,139,27,230,230,165,27,27,27,27,172,27,41,41,41,38,41,27,29,229,41,41,27,41,41,27,41,41,41,41,40,38,41,41,41,41,27,41,41,41,41,41,41,41,41,41,41,41,41,41,34,27,41,41,41,27,41,41,27,27,41,41,27,41,41,41,27,41,41,41,41,27,41,27,41,27,41,39,41,27,41,27,41,41,27,41,27,41,27,41,36,27,41,41,27,41,41,41,27,41,65,229,27,27,27,229,27,27,160,27,27,39,41,33,27,41,41,41,41,41,27,27,41,28,27,41,41,27,41,38,33,41,41,41,27,41,41,41,41,41,41,41,41,41,41,41,41,41,41,41,41,28,27,41,27,27,41,41,41,41,27,41,27,41,27,27,41,41,41,30,41,41,38,41,41,41,41,41,27,41,74,200,229,112,73,41,41,27,27,229,41,219,229,27,27,27,27,27,27,229,229,230,41,230,27,27,181,230,27,27,34,27,27,41,41,41,41,41,41,197,27,76,27,230,228,27,229,230,27,221,228,43,41,41,41,41,41,37,40,41,41,41,41,41,41,41,41,41,41,41,41,34,41,27,41,41,27,27,27,41,41,41,27,27,41,33,41,30,27,27,27,41,27,27,41,41,27,27,41,41,41,27,41,27,200,41,41,41,27,41,41,51,189,230,27,150,181,27,230,27,30,41,41,41,27,27,27,41,27,27,28,41,27,29,27,27,27,30,27,41,27,41,27,41,41,27,27,40,41,27,41,38,41,41,41,41,41,41,41,41,41,41,41,41,41,41,41,41,41,41,39,27,41,41,41,27,41,27,27,41,41,41,41,41,41,38,27,41,32,39,27,41,27,41,27,41,41,27,41,27,41,27,41,27,41,41,41,41,41,41,41,27,27,27,41,41,27,27,27,41,27,27,27,229,229,182,41,158,27,27,164,92,41,41,41,38,41,27,41,41,41,41,39,41,41,27,41,41,27,41,30,41,41,41,41,41,41,27,41,41,41,41,41,41,28,41,41,41,41,41,41,31,27,27,41,41,41,230,41,27,230,230,27,230,41,230,230,27,41,230,96,41,41,41,41,41,41,27,41,27,41,41,27,27,27,32,27,41,27,41,28,30,41,41,27,41,27,41,41,27,39,27,27,230,230,27,27,230,230,27,31,41,41,27,39,27,27,27,41,27,27,41,41,41,30,27,30,27,27,41,41,38,41,41,27,41,41,41,41,41,41,41,41,41,41,41,30,41,41,30,36,41,41,27,41,41,27,41,41,30,58,27,27,41,27,27,27,230,230,41,27,27,197,27,27,27,27,101,229,27,27,27,229,41,229,27,41,27,41,27,35,39,41,27,27,41,41,27,41,27,65,27,27,28,27,27,229,27,229,27,28,53,41,209,41,27,229,27,27,41,229,86,230,41,27,209,41,27,230,19,153,41,41,27,41,41,41,41,41,41,73,27,230,230,230,230,230,27,54,230,230,57,39,27,41,30,27,41,41,41,27,41,27,41,27,41,30,27,41,27,41,41,41,41,27,41,41,27,41,27,41,27,41,41,27,41,27,41,41,27,41,40,41,41,27,27,27,41,27,27,41,27,27,41,41,27,40,41,27,27,41,27,27,27,28,41,27,41,27,27,86,95,27,27,229,230,230,27,27,190,230
41,41,41,27,41,41,41,41,41,41,41,41,41,41,41,41,41,41,41,41,41,41,30,28,41,41,41,41,27,27,27,27,41,41,27,41,41,27,27,41,27,41,27,41,41,27,41,27,41,27,27,41,32,41,28,27,41,27,41,27,33,27,41,27,27,27,27,27,27,38,27,41,27,27,41,41,41,27,27,28,41,39,41,28,41,30,41,27,41,27,27,27,41,41,27,27,41,41,27,41,36,41,37,41,41,41,41,27,41,41,27,41,27,41,41,41,41,41,41,39,41,41,41,27,27,41,41,41,27,41,27,41,28,39,41,41,27,41,41,41,41,41,41,27,27,38,41,27,27,41,30,33,28,41,27,41,41,41,27,37,41,27,27,41,27,41,41,27,41,27,41,27,41,41,41,41,41,27,41,27,32,27,41,27,41,41,27,41,41,27,41,40,41,27,41,41,27,41,41,30,41,41,41,41,27,41,41,41,41,41,41,41,41,41,41,41,41,41,29,41,37,41,41,41,41,27,41,27,41,39,41,27,41,41,41,27,41,27,41,41,41,41,27,41,41,41,41,38,27,41,27,41,41,41,41,41,28,41,41,39,38,27,41,27,41,41,41,41,27,41,139,27,230,230,41,27,27,27,27,172,27,41,41,41,30,27,27,27,229,41,41,27,41,41,27,41,41,41,41,33,38,41,41,41,41,29,41,41,41,41,41,41,41,41,41,41,41,41,41,39,28,41,41,41,27,41,41,27,27,41,41,27,41,41,41,27,41,41,41,41,27,41,27,41,27,41,41,41,27,41,27,41,41,27,41,27,41,27,41,36,27,41,41,27,41,41,41,27,41,65,223,28,27,27,229,27,27,49,46,27,39,41,39,27,40,41,41,41,41,27,27,41,27,28,41,41,27,41,30,33,41,41,41,27,41,41,41,41,41,41,41,41,41,41,41,41,41,41,41,41,28,27,41,27,27,41,41,41,41,27,41,27,41,27,27,41,41,41,27,41,41,30,41,41,41,41,41,27,39,80,229,229,47,41,229,41,27,27,229,41,219,229,27,28,27,27,27,27,229,229,230,41,230,27,27,230,230,27,27,34,27,27,39,41,41,41,41,41,229,27,27,27,229,179,27,229,230,27,230,228,43,41,41,41,41,41,41,41,41,41,41,41,41,41,41,41,41,41,41,41,34,41,27,41,41,27,27,27,41,41,41,27,27,41,40,41,27,27,32,27,41,28,27,39,41,28,27,41,41,41,27,41,27,120,41,41,41,27,27,230,99,230,230,27,72,230,27,230,27,55,41,41,41,27,27,27,41,27,27,31,41,27,27,28,27,27,27,27,41,27,41,27,41,41,27,27,28,41,27,41,40,41,41,41,41,41,41,41,41,41,41,41,41,41,41,41,41,41,41,39,27,41,41,41,27,41,27,27,41,41,41,41,41,41,31,27,41,40,28,27,41,27,40,27,41,41,27,37,27,41,27,41,27,41,41,41,41,41,41,41,27,27,27,41,41,27,27,27,41,27,27,27,229,229,229,41,54,27,27,41,92,41,41,39,30,41,27,41,41,41,41,28,41,41,27,41,41,27,41,30,41,41,41,41,41,41,27,41,41,41,41,41,41,39,41,41,41,41,41,41,31,27,27,41,41,41,211,41,27,230,230,27,230,41,230,230,39,41,230,47,41,41,41,41,41,41,27,41,27,41,41,27,27,27,41,27,41,28,41,27,30,41,41,27,41,27,41,41,27,41,27,40,220,223,27,27,230,230,27,31,41,41,27,41,27,27,27,41,27,27,41,41,41,27,27,27,27,27,41,41,38,41,41,30,41,41,41,41,41,41,41,41,41,41,41,38,41,41,38,38,41,41,32,41,41,27,41,41,27,58,27,27,41,27,27,27,230,203,41,27,27,229,27,27,27,27,229,204,27,27,27,229,41,229,27,41,27,39,27,33,41,41,27,29,41,41,27,41,27,65,27,27,60,28,27,229,27,229,27,80,53,39,61,41,27,229,27,27,41,229,86,230,41,27,116,41,27,230,4,154,41,41,27,41,41,41,41,41,41,73,27,230,230,230,230,230,27,203,230,230,46,28,27,41,27,27,41,41,41,27,41,27,41,27,41,27,27,39,27,41,41,41,38,27,41,41,27,41,27,41,27,41,41,27,27,27,41,41,27,41,40,41,41,27,27,27,41,27,27,41,28,27,41,41,27,41,41,30,27,41,27,28,27,32,41,27,41,27,27,87,101,27,27,225,229,230,27,27,62,230
41,41,41,27,41,41,41,41,41,41,41,41,41,41,41,41,41,41,41,41,41,41,30,28,41,41,41,41,27,27,27,27,41,41,27,41,41,27,27,41,27,41,27,41,41,27,41,27,41,27,27,41,32,41,28,27,41,27,41,27,33,27,41,27,27,27,27,27,27,38,27,41,27,27,41,41,41,27,27,28,41,39,41,28,41,30,41,27,41,27,27,27,41,41,27,27,41,41,27,41,36,41,37,41,41,41,41,27,41,41,27,41,27,41,41,41,41,41,41,39,41,41,41,27,27,41,41,41,27,41,27,41,28,39,41,41,27,41,41,41,41,41,41,27,27,38,41,27,27,41,30,33,28,41,27,41,41,41,27,37,41,27,27,41,27,41,41,27,41,27,41,27,41,41,41,41,41,27,41,27,32,27,41,27,41,41,27,41,41,27,41,40,41,27,41,41,27,41,41,30,41,41,41,41,27,41,41,41,41,41,41,41,41,41,41,41,41,41,29,41,37,41,41,41,41,27,41,27,41,39,41,27,41,41,41,27,41,27,41,41,41,41,27,41,41,41,41,38,27,41,27,41,41,41,41,41,28,41,41,39,38,27,41,27,41,41,41,41,27,41,139,27,230,230,41,27,27,27,27,172,27,41,41,41,30,27,27,27,229,41,41,27,41,41,27,41,41,41,41,33,38,41,41,41,41,29,41,41,41,41,41,41,41,41,41,41,41,41,41,39,28,41,41,41,27,41,41,27,27,41,41,27,41,41,41,27,41,41,41,41,27,41,27,41,27,41,41,41,27,41,27,41,41,27,41,27,41,27,41,36,27,41,41,27,41,41,41,27,41,65,223,28,27,27,229,27,27,49,46,27,39,41,39,27,40,41,41,41,41,27,27,41,27,28,41,41,27,41,30,33,41,41,41,27,41,41,41,41,41,41,41,41,41,41,41,41,41,41,41,41,28,27,41,27,27,41,41,41,41,27,41,27,41,27,27,41,41,41,27,41,41,30,41,41,41,41,41,27,39,80,229,229,47,41,229,41,27,27,229,41,219,229,27,28,27,27,27,27,229,229,230,41,230,27,27,230,230,27,27,34,27,27,39,41,41,41,41,41,229,27,27,27,229,179,27,229,230,27,230,228,43,41,41,41,41,41,41,41,41,41,41,41,41,41,41,41,41,41,41,41,34,41,27,41,41,27,27,27,41,41,41,27,27,41,40,41,27,27,32,27,41,28,27,39,41,28,27,41,41,41,27,41,27,120,41,41,41,27,27,230,99,230,230,27,72,230,27,230,27,55,41,41,41,27,27,27,41,27,27,31,41,27,27,28,27,27,27,27,41,27,41,27,41,41,27,27,28,41,27,41,40,41,41,41,41,41,41,41,41,41,41,41,41,41,41,41,41,41,41,39,27,41,41,41,27,41,27,27,41,41,41,41,41,41,31,27,41,40,28,27,41,27,40,27,41,41,27,37,27,41,27,41,27,41,41,41,41,41,41,41,27,27,27,41,41,27,27,27,41,27,27,27,229,229,229,41,54,27,27,41,92,41,41,39,30,41,27,41,41,41,41,28,41,41,27,41,41,27,41,30,41,41,41,41,41,41,27,41,41,41,41,41,41,39,41,41,41,41,41,41,31,27,27,41,41,41,211,41,27,230,230,27,230,41,230,230,39,41,230,47,41,41,41,41,41,41,27,41,27,41,41,27,27,27,41,27,41,28,41,27,30,41,41,27,41,27,41,41,27,41,27,40,220,223,27,27,230,230,27,31,41,41,27,41,27,27,27,41,27,27,41,41,41,27,27,27,27,27,41,41,38,41,41,30,41,41,41,41,41,41,41,41,41,41,41,38,41,41,38,38,41,41,32,41,41,27,41,41,27,58,27,27,41,27,27,27,230,203,41,27,27,229,27,27,27,27,229,204,27,27,27,229,41,229,27,41,27,39,27,33,41,41,27,29,41,41,27,41,27,65,27,27,60,28,27,229,27,229,27,80,53,39,61,41,27,229,27,27,41,229,86,230,41,27,116,41,27,230,4,154,41,41,27,41,41,41,41,41,41,73,27,230,230,230,230,230,27,203,230,230,46,28,27,41,27,27,41,41,41,27,41,27,41,27,41,27,27,39,27,41,41,41,38,27,41,41,27,41,27,41,27,41,41,27,27,27,41,41,27,41,40,41,41,27,27,27,41,27,27,41,28,27,41,41,27,41,41,30,27,41,27,28,27,32,41,27,41,27,27,87,101,27,27,225,229,230,27,27,62,230
41,41,41,27,41,41,41,41,41,41,41,41,41,41,41,41,41,41,41,41,41,41,27,33,41,41,41,41,27,27,27,27,41,41,27,41,41,27,28,41,27,41,27,41,27,27,41,27,41,27,27,41,41,41,33,27,41,27,41,28,33,27,41,27,27,27,27,29,27,41,27,41,27,27,41,41,41,27,27,31,41,41,41,32,41,27,41,27,41,27,27,27,41,41,27,27,41,41,27,39,35,41,41,41,41,41,41,27,41,41,27,41,27,41,41,41,41,41,41,39,41,41,41,27,27,41,41,41,27,39,27,41,27,28,39,41,27,41,41,41,41,41,41,27,27,31,41,27,28,41,27,39,33,41,27,41,41,41,32,29,41,27,27,41,27,41,41,27,41,27,41,27,41,41,41,41,41,27,41,29,32,27,41,27,41,41,27,41,41,27,41,41,41,28,39,41,27,41,41,34,41,41,41,41,27,41,41,41,41,41,41,41,41,41,41,41,41,41,40,41,37,41,41,41,41,28,41,27,41,28,38,27,38,41,41,27,41,27,41,41,41,41,27,41,41,41,39,30,27,41,27,41,41,41,41,41,27,41,41,41,38,27,41,41,41,41,41,41,27,41,139,27,230,230,41,27,27,27,27,172,27,41,41,41,27,27,27,27,229,41,41,27,41,41,27,41,41,41,41,39,38,41,41,41,41,40,41,41,41,41,41,41,41,41,41,41,41,41,41,41,33,41,41,41,27,41,41,27,27,41,41,27,41,41,41,27,41,41,41,41,27,41,27,41,27,41,41,41,27,41,27,41,41,27,41,27,41,27,41,36,27,41,41,27,41,41,41,27,41,65,159,59,28,27,229,27,27,41,217,27,39,41,41,27,28,41,41,41,41,32,27,41,27,32,27,41,28,41,27,33,41,41,41,27,41,41,41,41,41,41,41,41,41,41,41,41,41,41,41,41,28,32,41,27,27,41,41,41,41,27,41,28,41,27,27,41,41,41,27,41,41,27,41,41,41,41,41,27,29,80,229,229,41,41,229,41,27,41,229,78,219,214,27,51,27,27,27,27,229,229,230,41,230,41,27,230,230,27,27,34,96,27,28,41,41,41,41,41,229,27,27,27,229,72,27,229,230,45,230,228,43,41,41,41,41,41,41,41,41,41,41,41,41,41,41,41,41,41,41,41,34,41,27,41,41,27,27,27,39,41,41,27,27,41,41,41,27,27,41,27,41,33,27,28,41,33,28,41,41,41,27,27,27,57,41,34,34,27,27,230,117,230,230,27,41,230,27,230,27,144,41,41,41,27,29,27,41,27,27,37,41,27,27,33,27,27,27,27,41,27,41,27,41,41,27,27,27,38,27,41,41,41,41,41,41,41,41,41,41,41,41,41,41,41,41,41,41,41,41,39,27,41,41,41,27,41,27,27,41,41,41,41,41,41,27,27,41,41,27,32,41,27,29,27,41,41,27,30,27,41,27,27,27,41,41,41,41,41,41,41,27,27,27,41,41,31,27,27,41,27,27,27,229,229,229,41,41,27,27,41,92,41,41,29,27,41,27,41,41,41,41,27,41,41,27,41,41,27,41,35,41,41,41,41,41,41,27,41,41,41,41,41,41,41,41,41,41,41,41,41,31,41,27,41,51,83,59,41,27,230,230,27,230,41,230,230,107,41,106,41,41,41,41,41,41,27,27,41,27,41,41,28,27,27,41,27,39,32,41,27,30,41,41,27,41,27,41,41,27,41,27,223,152,157,27,27,230,230,28,31,41,41,27,41,27,27,27,41,27,27,41,41,41,27,27,27,27,27,39,41,38,41,41,38,41,41,41,41,41,41,41,41,41,41,41,41,41,41,41,41,41,41,40,41,41,27,41,41,27,58,27,27,41,27,31,27,230,119,41,42,27,229,27,27,27,27,229,117,27,27,27,229,41,229,35,39,35,30,27,32,41,41,27,39,41,41,27,41,27,65,27,27,200,60,28,229,27,164,27,180,58,28,41,41,27,229,27,27,41,229,86,230,41,4,52,41,27,230,4,154,41,41,27,41,41,41,41,41,41,73,27,230,230,230,230,230,27,230,229,230,45,27,27,41,27,27,41,41,41,28,41,27,41,27,41,27,27,29,27,41,41,41,29,28,41,41,27,41,32,41,27,41,41,27,27,27,41,41,27,41,40,41,41,27,27,27,41,27,27,41,40,27,41,41,27,41,41,38,27,41,27,33,27,40,41,41,41,27,27,87,226,27,44,178,205,230,27,27,27,230
41,41,41,29,41,41,41,41,41,41,41,41,41,41,41,41,41,41,41,41,41,41,27,39,41,41,41,41,27,27,27,27,41,38,27,41,41,27,33,41,33,41,27,41,27,27,41,27,41,28,27,41,41,41,39,27,41,27,41,33,33,28,41,27,27,27,27,40,27,41,27,41,27,27,41,41,27,27,27,38,41,41,41,40,41,27,41,27,41,27,27,27,41,41,32,27,41,41,27,29,35,41,41,41,41,41,41,29,41,41,41,41,31,41,41,41,41,41,41,39,41,41,41,27,27,41,41,41,27,29,27,41,27,27,28,41,27,27,41,41,41,41,41,27,27,27,41,27,33,41,27,41,39,40,27,41,41,41,40,29,41,27,27,41,27,41,41,27,41,27,41,27,41,41,41,41,41,27,41,39,32,27,41,27,41,41,27,41,41,27,41,41,41,32,28,41,28,41,41,41,41,41,41,41,27,41,41,41,41,41,41,41,41,41,41,41,41,41,41,41,37,41,41,41,41,33,41,27,41,27,30,27,30,38,41,27,41,27,41,41,41,41,27,41,37,41,29,27,27,41,27,41,41,41,41,41,27,27,41,41,38,27,41,41,41,41,41,41,27,41,139,27,230,230,41,27,27,28,33,145,27,41,41,41,27,27,27,27,229,41,41,27,41,39,28,41,41,41,41,41,38,41,41,41,41,41,41,41,41,41,41,41,41,41,41,41,41,41,41,41,39,41,41,41,27,41,41,27,27,39,41,27,41,41,41,28,41,41,41,41,27,39,27,41,27,41,41,41,27,41,28,41,41,27,39,27,41,27,41,36,27,41,41,27,41,41,41,29,41,64,53,203,59,27,229,27,27,41,230,27,39,41,41,27,27,41,41,41,41,41,27,41,27,40,27,41,32,41,27,33,41,41,41,27,41,41,41,41,41,41,41,41,41,41,41,41,41,41,41,41,28,32,41,32,27,41,41,41,41,27,41,33,38,27,27,41,41,41,27,41,41,27,41,41,39,41,41,27,27,80,229,229,41,41,229,40,34,108,229,191,219,229,27,210,27,27,27,27,229,186,230,41,230,222,27,230,230,27,27,35,229,27,27,41,41,41,41,41,229,27,27,27,229,27,27,228,230,113,230,228,41,41,41,41,41,41,41,41,41,41,41,41,41,41,41,41,41,41,41,41,34,38,27,41,41,27,27,27,28,41,41,27,27,41,41,41,27,27,41,27,41,39,27,27,41,39,33,41,41,41,27,27,27,41,87,27,27,61,27,230,117,230,230,27,41,230,27,230,27,169,41,41,41,27,40,27,41,27,27,40,41,27,27,39,28,27,27,27,41,27,37,27,41,41,27,27,27,30,27,41,41,41,41,41,41,41,41,41,41,41,41,41,41,41,41,41,41,41,41,39,27,41,41,41,27,41,27,27,41,41,41,41,41,41,27,27,41,41,27,41,41,27,27,27,41,27,27,27,27,41,27,27,27,41,41,41,41,41,41,41,27,27,27,41,41,38,27,27,41,27,27,27,229,229,229,41,41,27,27,41,92,41,41,27,27,41,27,38,41,41,41,27,41,41,32,41,41,27,41,40,41,41,41,41,41,41,27,41,41,41,41,41,41,41,41,41,41,41,41,41,31,109,27,38,219,187,41,41,27,230,230,34,230,41,230,199,208,41,41,41,41,41,41,41,41,27,27,41,28,41,41,33,28,27,41,27,29,39,41,27,30,41,41,27,41,27,41,41,27,41,27,230,52,53,27,27,230,230,71,31,41,38,27,41,27,27,27,41,28,27,41,41,41,27,27,27,27,27,28,41,38,41,41,41,41,41,41,41,41,41,41,41,41,41,41,41,41,41,41,41,41,41,41,41,41,27,41,41,27,58,27,27,40,27,27,97,229,55,41,111,43,229,27,27,27,27,106,54,27,27,27,229,41,229,103,29,103,27,27,32,41,41,29,41,41,41,40,41,27,65,27,27,229,200,51,229,27,41,27,229,111,27,41,41,27,228,27,27,41,229,86,230,27,4,41,27,27,230,4,154,41,41,27,41,41,41,41,41,41,73,230,230,230,230,230,230,27,230,229,230,45,27,27,41,27,27,41,41,41,33,41,27,41,27,41,27,28,27,27,41,41,41,27,33,41,41,27,41,40,41,28,41,41,27,27,27,41,41,27,41,40,41,41,27,27,27,41,27,27,41,41,28,41,41,27,41,41,41,29,41,27,39,27,41,41,41,41,27,27,87,230,27,112,74,46,229,27,27,27,230
41,41,41,29,41,41,41,41,41,41,41,41,41,41,41,41,41,41,41,41,41,41,27,39,41,41,41,41,27,27,27,27,41,38,27,41,41,27,33,41,33,41,27,41,27,27,41,27,41,28,27,41,41,41,39,27,41,27,41,33,33,28,41,27,27,27,27,40,27,41,27,41,27,27,41,41,27,27,27,38,41,41,41,40,41,27,41,27,41,27,27,27,41,41,32,27,41,41,27,29,35,41,41,41,41,41,41,29,41,41,41,41,31,41,41,41,41,41,41,39,41,41,41,27,27,41,41,41,27,29,27,41,27,27,28,41,27,27,41,41,41,41,41,27,27,27,41,27,33,41,27,41,39,40,27,41,41,41,40,29,41,27,27,41,27,41,41,27,41,27,41,27,41,41,41,41,41,27,41,39,32,27,41,27,41,41,27,41,41,27,41,41,41,32,28,41,28,41,41,41,41,41,41,41,27,41,41,41,41,41,41,41,41,41,41,41,41,41,41,41,37,41,41,41,41,33,41,27,41,27,30,27,30,38,41,27,41,27,41,41,41,41,27,41,37,41,29,27,27,41,27,41,41,41,41,41,27,27,41,41,38,27,41,41,41,41,41,41,27,41,139,27,230,230,41,27,27,28,33,145,27,41,41,41,27,27,27,27,229,41,41,27,41,39,28,41,41,41,41,41,38,41,41,41,41,41,41,41,41,41,41,41,41,41,41,41,41,41,41,41,39,41,41,41,27,41,41,27,27,39,41,27,41,41,41,28,41,41,41,41,27,39,27,41,27,41,41,41,27,41,28,41,41,27,39,27,41,27,41,36,27,41,41,27,41,41,41,29,41,64,53,203,59,27,229,27,27,41,230,27,39,41,41,27,27,41,41,41,41,41,27,41,27,40,27,41,32,41,27,33,41,41,41,27,41,41,41,41,41,41,41,41,41,41,41,41,41,41,41,41,28,32,41,32,27,41,41,41,41,27,41,33,38,27,27,41,41,41,27,41,41,27,41,41,39,41,41,27,27,80,229,229,41,41,229,40,34,108,229,191,219,229,27,210,27,27,27,27,229,186,230,41,230,222,27,230,230,27,27,35,229,27,27,41,41,41,41,41,229,27,27,27,229,27,27,228,230,113,230,228,41,41,41,41,41,41,41,41,41,41,41,41,41,41,41,41,41,41,41,41,34,38,27,41,41,27,27,27,28,41,41,27,27,41,41,41,27,27,41,27,41,39,27,27,41,39,33,41,41,41,27,27,27,41,87,27,27,61,27,230,117,230,230,27,41,230,27,230,27,169,41,41,41,27,40,27,41,27,27,40,41,27,27,39,28,27,27,27,41,27,37,27,41,41,27,27,27,30,27,41,41,41,41,41,41,41,41,41,41,41,41,41,41,41,41,41,41,41,41,39,27,41,41,41,27,41,27,27,41,41,41,41,41,41,27,27,41,41,27,41,41,27,27,27,41,27,27,27,27,41,27,27,27,41,41,41,41,41,41,41,27,27,27,41,41,38,27,27,41,27,27,27,229,229,229,41,41,27,27,41,92,41,41,27,27,41,27,38,41,41,41,27,41,41,32,41,41,27,41,40,41,41,41,41,41,41,27,41,41,41,41,41,41,41,41,41,41,41,41,41,31,109,27,38,219,187,41,41,27,230,230,34,230,41,230,199,208,41,41,41,41,41,41,41,41,27,27,41,28,41,41,33,28,27,41,27,29,39,41,27,30,41,41,27,41,27,41,41,27,41,27,230,52,53,27,27,230,230,71,31,41,38,27,41,27,27,27,41,28,27,41,41,41,27,27,27,27,27,28,41,38,41,41,41,41,41,41,41,41,41,41,41,41,41,41,41,41,41,41,41,41,41,41,41,41,27,41,41,27,58,27,27,40,27,27,97,229,55,41,111,43,229,27,27,27,27,106,54,27,27,27,229,41,229,103,29,103,27,27,32,41,41,29,41,41,41,40,41,27,65,27,27,229,200,51,229,27,41,27,229,111,27,41,41,27,228,27,27,41,229,86,230,27,4,41,27,27,230,4,154,41,41,27,41,41,41,41,41,41,73,230,230,230,230,230,230,27,230,229,230,45,27,27,41,27,27,41,41,41,33,41,27,41,27,41,27,28,27,27,41,41,41,27,33,41,41,27,41,40,41,28,41,41,27,27,27,41,41,27,41,40,41,41,27,27,27,41,27,27,41,41,28,41,41,27,41,41,41,29,41,27,39,27,41,41,41,41,27,27,87,230,27,112,74,46,229,27,27,27,230
41,41,41,40,41,41,41,41,41,41,41,41,41,41,41,41,41,41,41,41,41,41,27,41,41,41,41,41,28,27,27,27,41,30,27,41,41,27,39,41,40,41,27,41,27,32,41,27,41,32,27,41,41,41,41,27,41,27,41,39,33,40,41,27,27,27,29,41,27,41,27,41,27,27,41,41,41,27,27,40,38,41,41,41,41,27,41,27,41,27,27,27,41,38,41,27,41,41,27,27,35,41,41,41,41,41,41,40,41,41,41,41,38,41,41,41,41,41,41,39,41,41,41,27,27,41,41,41,27,27,27,41,27,27,27,41,28,27,41,41,41,41,41,27,27,27,41,27,39,41,27,41,41,28,27,41,41,41,41,29,41,27,27,41,27,41,41,27,41,27,41,27,41,41,41,41,41,27,41,41,32,27,41,27,41,41,27,41,41,27,38,41,41,39,27,41,33,41,41,41,41,41,41,41,27,41,41,41,41,41,41,41,41,41,41,41,41,41,41,41,40,41,41,41,41,39,41,27,41,27,27,27,27,30,41,27,41,27,41,41,41,41,27,41,30,41,27,27,27,41,27,41,41,41,41,41,27,27,41,41,38,27,41,41,41,41,41,41,27,41,139,27,230,230,41,27,27,77,230,95,27,41,41,41,27,27,27,27,206,41,38,27,41,29,33,41,41,41,38,41,38,41,41,41,41,41,41,41,41,41,41,41,41,41,41,41,41,41,41,41,41,41,41,41,27,41,41,27,28,28,41,27,41,41,41,33,41,41,41,41,27,28,27,41,27,41,41,41,27,41,32,41,41,27,29,27,41,27,38,36,27,41,41,30,41,41,41,39,41,56,41,230,203,27,214,27,27,41,230,27,39,41,41,27,27,41,38,41,41,41,27,41,27,41,27,41,39,37,27,33,41,41,41,27,41,41,41,41,41,41,41,41,41,41,41,41,41,41,41,41,28,39,41,39,27,41,41,41,41,27,41,39,30,32,27,41,41,41,27,41,41,27,41,41,29,41,41,27,27,80,229,217,41,41,229,29,103,202,204,229,219,229,27,229,27,27,27,27,229,84,230,41,230,230,27,230,230,27,27,53,229,27,27,41,41,41,41,41,229,44,27,27,229,27,27,191,230,196,217,228,41,41,41,41,41,41,41,41,41,41,41,41,41,41,41,41,41,41,41,41,34,30,27,41,41,27,27,27,27,41,41,27,27,41,41,41,27,27,41,27,41,41,27,27,38,41,39,41,41,41,27,27,27,41,184,27,27,161,27,230,117,230,230,27,41,230,27,230,28,169,41,41,41,27,41,27,41,27,41,40,41,28,27,41,32,27,27,27,41,27,30,27,41,41,27,27,27,27,27,27,41,41,41,41,41,41,41,41,41,41,41,41,41,41,41,41,41,41,41,39,27,41,41,41,27,41,27,27,41,41,41,27,41,41,27,27,41,41,27,41,41,32,27,27,41,27,28,27,27,37,27,27,27,27,39,41,41,41,41,41,27,27,27,41,41,41,27,27,41,27,28,27,229,229,229,41,41,27,27,41,92,41,41,27,27,41,27,30,41,39,41,27,41,41,41,41,41,27,41,41,41,41,41,41,41,41,27,41,41,41,41,41,41,41,41,41,41,41,41,41,31,204,27,30,229,229,41,41,27,230,230,104,230,39,230,73,230,27,41,41,41,41,41,41,41,27,27,41,33,41,41,39,32,27,41,27,27,41,41,27,30,41,41,27,41,27,41,41,27,41,27,230,41,223,27,27,230,230,191,31,41,29,28,41,28,32,32,41,33,27,41,39,41,27,27,27,27,28,27,41,39,41,41,41,41,41,41,41,41,41,41,41,41,41,41,41,41,41,41,41,41,41,41,41,41,27,41,39,27,56,27,27,28,27,27,229,106,41,38,201,73,229,27,27,27,27,41,41,27,27,27,229,39,229,213,27,213,27,27,32,41,41,39,41,41,41,41,41,27,65,27,33,229,229,210,229,27,41,27,229,195,27,41,41,27,42,27,96,41,229,77,190,27,4,41,27,26,218,4,154,41,41,27,41,41,41,41,41,41,73,230,230,230,230,230,230,27,230,229,230,45,27,27,41,27,28,41,39,41,39,41,27,41,27,41,27,33,27,27,41,41,41,27,39,41,41,27,41,41,41,32,41,41,27,27,32,32,41,27,41,40,41,41,27,27,27,41,27,27,41,41,40,41,41,27,41,41,41,40,41,27,41,27,41,41,41,41,27,27,87,230,27,199,27,27,229,27,27,27,230
41,41,41,41,41,41,41,41,41,41,41,41,41,41,41,41,41,41,41,41,41,41,27,41,41,41,41,41,33,27,27,27,40,27,27,41,27,27,41,41,41,41,27,41,27,41,41,27,41,40,27,40,41,41,41,27,41,27,41,41,33,41,41,27,27,27,40,41,27,41,27,41,27,27,41,41,41,27,27,40,30,41,41,41,41,27,41,27,41,27,27,27,41,30,41,27,41,41,27,27,35,41,41,41,41,41,41,41,41,41,41,41,41,41,41,41,41,41,41,39,41,41,41,28,28,41,41,41,27,27,27,41,27,27,27,41,32,27,41,41,41,39,41,27,27,27,38,27,41,41,27,41,41,27,27,41,41,41,41,29,41,27,27,41,27,41,41,27,41,27,41,27,41,41,41,41,41,41,41,41,32,27,41,27,41,41,28,41,27,27,30,41,41,41,27,41,39,41,41,41,41,41,41,41,41,41,41,41,41,41,41,41,41,41,41,41,40,41,41,41,41,41,41,41,41,41,41,27,41,27,27,27,27,27,41,32,41,27,41,41,41,41,27,41,27,41,27,27,27,41,27,41,41,41,41,41,27,27,41,41,38,27,41,41,41,41,41,41,27,41,139,27,230,230,41,27,27,185,230,95,39,41,41,41,27,27,27,27,64,41,30,28,41,27,39,41,41,41,31,41,38,41,41,41,41,41,41,41,41,41,41,41,41,41,41,41,41,41,41,41,41,41,41,41,27,41,41,27,32,27,41,28,41,41,41,39,41,41,41,39,27,27,27,41,27,41,41,27,27,41,40,41,41,27,27,27,41,32,31,36,27,41,41,37,41,41,41,41,41,43,41,230,230,27,151,27,27,41,230,27,39,41,41,27,27,41,31,41,41,41,27,41,27,41,27,41,41,30,27,33,41,41,41,27,41,41,41,41,41,41,41,41,41,41,41,41,41,41,41,41,28,41,41,41,27,41,41,41,41,27,41,41,27,41,27,41,41,41,27,41,41,27,27,41,27,41,38,27,27,74,188,112,39,39,229,27,215,229,117,229,219,41,27,229,27,49,27,27,229,41,230,41,230,230,27,230,230,27,27,116,229,27,27,41,27,41,41,27,183,111,27,44,229,27,27,60,230,230,54,227,41,41,41,41,41,41,41,41,41,41,41,41,41,41,41,41,41,41,41,41,34,27,27,41,41,27,27,27,27,41,41,27,27,41,41,41,27,27,41,27,41,41,27,27,30,41,41,41,41,41,27,27,44,41,230,27,27,230,27,230,117,230,230,27,41,230,27,230,73,169,41,41,41,27,41,29,41,27,41,40,38,33,27,41,40,28,27,27,41,27,27,27,41,39,28,27,27,27,27,27,41,41,41,41,41,41,41,41,41,41,41,41,41,41,41,41,41,41,41,39,28,41,41,41,27,41,27,27,41,41,41,27,41,41,27,27,41,41,27,41,41,40,27,28,41,27,33,27,27,30,27,27,27,27,28,41,41,41,41,41,27,27,27,41,41,41,27,27,41,27,54,27,229,229,229,41,41,27,27,41,92,41,41,27,27,41,27,27,41,28,41,27,41,40,41,37,41,27,39,41,41,41,41,41,41,41,27,41,41,41,41,41,41,41,41,41,41,41,41,41,31,230,27,27,229,229,41,41,27,230,230,217,230,29,230,41,230,27,41,41,41,41,41,41,41,27,27,41,39,41,27,41,39,27,41,32,27,41,41,27,30,41,41,27,41,27,41,41,27,41,27,230,41,158,27,27,230,224,230,31,41,27,31,41,33,41,41,41,39,27,41,29,41,27,27,27,27,32,27,41,41,41,41,41,41,41,41,41,41,41,41,41,41,41,41,41,41,41,41,41,41,41,41,41,41,27,41,30,27,48,31,27,27,27,27,230,41,41,30,230,73,208,27,27,27,27,41,41,27,27,27,229,29,106,229,27,229,27,27,32,41,41,41,41,41,41,41,41,27,65,27,229,229,229,229,229,27,41,27,229,205,27,41,41,27,41,27,229,41,41,51,81,27,4,41,27,18,112,4,143,41,41,30,41,41,41,41,41,41,73,230,230,230,230,230,230,27,230,229,230,45,27,27,41,27,33,41,29,41,41,41,27,41,27,41,27,39,27,27,41,41,41,27,41,41,41,27,39,41,41,39,41,41,27,27,41,27,41,27,41,40,41,41,27,27,27,41,29,27,41,41,41,41,41,27,41,41,41,41,41,27,41,28,41,39,41,41,27,27,87,230,27,230,27,27,229,27,27,27,230
41,41,41,41,41,41,41,41,41,41,41,41,41,41,41,41,41,41,41,41,41,41,27,41,41,41,41,41,33,27,27,27,40,27,27,41,27,27,41,41,41,41,27,41,27,41,41,27,41,40,27,40,41,41,41,27,41,27,41,41,33,41,41,27,27,27,40,41,27,41,27,41,27,27,41,41,41,27,27,40,30,41,41,41,41,27,41,27,41,27,27,27,41,30,41,27,41,41,27,27,35,41,41,41,41,41,41,41,41,41,41,41,41,41,41,41,41,41,41,39,41,41,41,28,28,41,41,41,27,27,27,41,27,27,27,41,32,27,41,41,41,39,41,27,27,27,38,27,41,41,27,41,41,27,27,41,41,41,41,29,41,27,27,41,27,41,41,27,41,27,41,27,41,41,41,41,41,41,41,41,32,27,41,27,41,41,28,41,27,27,30,41,41,41,27,41,39,41,41,41,41,41,41,41,41,41,41,41,41,41,41,41,41,41,41,41,40,41,41,41,41,41,41,41,41,41,41,27,41,27,27,27,27,27,41,32,41,27,41,41,41,41,27,41,27,41,27,27,27,41,27,41,41,41,41,41,27,27,41,41,38,27,41,41,41,41,41,41,27,41,139,27,230,230,41,27,27,185,230,95,39,41,41,41,27,27,27,27,64,41,30,28,41,27,39,41,41,41,31,41,38,41,41,41,41,41,41,41,41,41,41,41,41,41,41,41,41,41,41,41,41,41,41,41,27,41,41,27,32,27,41,28,41,41,41,39,41,41,41,39,27,27,27,41,27,41,41,27,27,41,40,41,41,27,27,27,41,32,31,36,27,41,41,37,41,41,41,41,41,43,41,230,230,27,151,27,27,41,230,27,39,41,41,27,27,41,31,41,41,41,27,41,27,41,27,41,41,30,27,33,41,41,41,27,41,41,41,41,41,41,41,41,41,41,41,41,41,41,41,41,28,41,41,41,27,41,41,41,41,27,41,41,27,41,27,41,41,41,27,41,41,27,27,41,27,41,38,27,27,74,188,112,39,39,229,27,215,229,117,229,219,41,27,229,27,49,27,27,229,41,230,41,230,230,27,230,230,27,27,116,229,27,27,41,27,41,41,27,183,111,27,44,229,27,27,60,230,230,54,227,41,41,41,41,41,41,41,41,41,41,41,41,41,41,41,41,41,41,41,41,34,27,27,41,41,27,27,27,27,41,41,27,27,41,41,41,27,27,41,27,41,41,27,27,30,41,41,41,41,41,27,27,44,41,230,27,27,230,27,230,117,230,230,27,41,230,27,230,73,169,41,41,41,27,41,29,41,27,41,40,38,33,27,41,40,28,27,27,41,27,27,27,41,39,28,27,27,27,27,27,41,41,41,41,41,41,41,41,41,41,41,41,41,41,41,41,41,41,41,39,28,41,41,41,27,41,27,27,41,41,41,27,41,41,27,27,41,41,27,41,41,40,27,28,41,27,33,27,27,30,27,27,27,27,28,41,41,41,41,41,27,27,27,41,41,41,27,27,41,27,54,27,229,229,229,41,41,27,27,41,92,41,41,27,27,41,27,27,41,28,41,27,41,40,41,37,41,27,39,41,41,41,41,41,41,41,27,41,41,41,41,41,41,41,41,41,41,41,41,41,31,230,27,27,229,229,41,41,27,230,230,217,230,29,230,41,230,27,41,41,41,41,41,41,41,27,27,41,39,41,27,41,39,27,41,32,27,41,41,27,30,41,41,27,41,27,41,41,27,41,27,230,41,158,27,27,230,224,230,31,41,27,31,41,33,41,41,41,39,27,41,29,41,27,27,27,27,32,27,41,41,41,41,41,41,41,41,41,41,41,41,41,41,41,41,41,41,41,41,41,41,41,41,41,41,27,41,30,27,48,31,27,27,27,27,230,41,41,30,230,73,208,27,27,27,27,41,41,27,27,27,229,29,106,229,27,229,27,27,32,41,41,41,41,41,41,41,41,27,65,27,229,229,229,229,229,27,41,27,229,205,27,41,41,27,41,27,229,41,41,51,81,27,4,41,27,18,112,4,143,41,41,30,41,41,41,41,41,41,73,230,230,230,230,230,230,27,230,229,230,45,27,27,41,27,33,41,29,41,41,41,27,41,27,41,27,39,27,27,41,41,41,27,41,41,41,27,39,41,41,39,41,41,27,27,41,27,41,27,41,40,41,41,27,27,27,41,29,27,41,41,41,41,41,27,41,41,41,41,41,27,41,28,41,39,41,41,27,27,87,230,27,230,27,27,229,27,27,27,230
41,41,41,41,41,41,41,41,41,41,41,41,41,41,41,41,41,41,41,41,41,41,27,41,41,41,39,41,39,27,27,27,32,27,27,41,27,27,41,41,41,41,27,41,27,41,41,27,41,41,28,28,41,41,41,27,41,27,41,41,33,41,41,41,27,27,41,41,27,41,27,41,27,27,41,41,41,27,27,40,27,41,41,41,41,27,41,27,41,27,27,27,39,27,41,27,41,41,27,27,35,41,41,41,41,41,41,41,41,41,41,41,41,41,41,41,41,41,41,39,41,41,41,32,32,41,41,41,27,27,27,41,27,27,27,41,39,27,41,41,41,33,41,27,27,27,30,28,41,41,27,41,41,27,27,41,41,41,41,29,41,27,27,41,27,41,41,27,41,27,41,27,41,41,41,41,41,41,41,41,35,27,41,27,41,41,32,41,27,27,27,41,41,41,27,41,41,41,41,41,41,41,39,41,41,41,41,41,41,41,41,41,41,41,41,41,32,41,41,41,41,41,41,41,41,41,41,27,41,27,27,27,27,27,41,41,41,27,41,41,41,41,27,41,27,41,27,27,27,41,27,41,41,41,41,41,27,27,41,41,38,27,41,41,41,41,41,41,27,41,105,27,230,230,41,27,28,230,230,95,107,41,41,41,27,27,27,27,41,41,27,33,41,27,41,41,41,41,27,41,38,41,41,41,41,41,41,41,41,41,41,41,41,41,41,41,41,41,41,41,41,41,41,41,27,41,41,27,39,27,41,33,41,41,41,41,41,41,41,28,27,27,27,41,27,41,41,27,27,41,41,41,41,32,27,28,41,41,27,35,27,41,41,41,41,41,41,41,41,41,41,230,230,28,69,27,27,41,230,46,39,41,41,27,27,41,27,41,41,41,27,41,27,41,27,41,41,27,27,33,41,41,41,27,41,41,41,41,41,41,41,41,41,41,41,41,41,41,41,41,28,41,41,41,27,41,41,41,41,27,38,41,27,41,27,41,37,32,27,41,41,27,27,41,27,39,29,27,27,47,81,47,28,29,229,27,229,229,54,229,219,41,27,229,27,212,27,27,229,41,230,41,230,230,27,230,214,27,28,132,229,28,27,41,27,41,41,27,86,197,27,112,229,27,27,27,230,230,41,227,41,41,41,41,41,41,41,41,41,41,41,41,41,41,41,41,41,41,41,41,34,27,27,41,41,27,27,32,27,41,41,27,27,40,41,41,27,27,41,27,41,41,27,27,27,41,41,41,41,41,36,27,113,41,230,27,27,27,27,230,117,230,230,27,41,230,27,216,188,169,41,41,41,27,41,40,41,27,41,40,30,39,27,41,41,33,27,27,41,28,27,27,41,28,33,28,27,27,27,27,41,41,41,41,41,41,41,41,41,41,41,41,41,41,41,41,41,41,41,39,33,41,41,41,27,41,27,28,41,41,41,27,32,41,27,27,41,41,27,41,27,41,27,32,41,27,39,27,28,27,27,27,27,27,27,41,41,41,41,41,27,27,27,41,41,41,27,27,41,27,191,27,229,223,229,40,41,27,27,41,92,41,41,27,27,41,27,27,41,27,41,27,41,28,41,30,41,28,28,41,41,41,41,41,41,41,27,41,41,41,41,41,41,41,41,41,41,41,41,41,31,230,27,27,229,229,35,60,27,41,230,230,208,27,230,41,230,27,41,39,41,41,37,41,41,27,27,37,41,41,27,41,41,27,41,41,27,41,41,27,30,41,41,27,41,27,41,41,27,41,27,230,41,55,27,27,230,159,230,31,27,27,34,41,39,41,41,41,41,27,41,27,41,27,27,27,28,40,27,41,41,41,41,41,41,41,41,41,41,41,41,41,41,41,41,41,41,41,41,41,38,41,41,41,38,27,41,27,27,42,100,27,27,27,27,230,41,41,27,230,73,116,27,27,32,27,41,41,27,28,27,229,27,41,229,27,229,27,27,32,41,41,41,41,41,41,41,41,41,65,27,229,229,229,229,221,27,41,28,229,205,27,41,41,27,41,27,229,41,41,41,41,27,4,41,27,5,47,5,86,41,41,37,41,41,41,41,41,41,73,230,230,230,230,230,230,72,230,229,230,45,27,27,41,27,39,41,27,39,41,41,27,41,27,41,27,41,27,32,41,41,41,27,41,38,41,27,29,41,41,41,41,41,27,27,41,27,41,27,41,40,41,41,27,27,27,41,39,29,41,41,41,41,41,27,41,41,41,41,41,27,41,32,41,28,41,27,27,27,87,230,27,230,27,27,229,27,27,27,230
41,41,41,41,41,41,41,41,41,41,41,41,41,41,41,41,41,41,41,41,41,41,27,41,41,41,33,39,41,27,27,27,27,27,27,41,27,27,41,41,41,41,27,41,27,41,41,27,41,41,32,27,41,41,41,27,41,32,41,41,35,41,41,41,27,27,41,41,27,41,27,41,27,27,41,41,41,27,27,40,27,41,41,41,41,27,41,27,41,28,27,27,32,27,41,27,41,41,27,27,35,41,41,41,41,41,41,41,41,41,41,41,41,41,41,41,41,41,41,39,39,38,39,40,40,41,41,41,27,27,27,41,27,27,27,41,41,27,41,41,41,28,41,28,27,27,28,30,41,41,27,41,41,27,27,41,41,41,41,29,41,27,27,41,27,41,41,27,41,27,41,27,41,41,41,41,41,41,41,41,40,27,41,28,41,41,39,41,27,27,27,41,41,41,27,41,41,27,41,41,41,41,33,41,41,41,41,41,41,41,41,41,41,41,41,41,28,41,41,41,41,41,41,41,41,41,41,28,41,27,27,28,27,27,41,41,41,27,41,41,41,41,27,41,27,41,27,27,27,41,28,41,41,41,41,41,27,27,27,41,38,27,41,41,41,41,41,41,27,41,41,27,214,230,41,27,77,230,230,95,206,41,41,41,27,27,27,27,41,41,27,39,41,27,41,41,41,41,27,41,38,41,41,41,41,41,41,41,41,41,41,41,41,41,41,41,41,41,41,41,41,39,41,41,28,39,41,27,41,27,39,39,41,40,41,41,38,38,41,27,27,27,27,41,27,41,41,27,27,38,41,41,41,41,27,33,39,41,27,33,27,41,41,41,41,41,41,41,41,41,41,230,230,32,41,27,27,41,229,217,39,41,41,27,27,41,27,41,41,41,27,41,27,41,27,41,41,27,27,33,41,41,41,28,41,41,41,41,41,41,41,41,41,41,41,41,41,41,41,41,28,41,41,41,32,41,41,41,41,27,30,41,27,41,27,41,30,27,27,41,41,27,27,41,27,29,27,28,27,41,41,41,27,27,229,27,229,229,41,229,219,41,27,229,27,229,27,27,229,41,219,41,230,230,27,230,151,27,52,132,229,97,27,41,27,41,41,27,41,229,27,196,228,27,32,27,230,230,41,227,41,41,41,41,41,41,41,41,41,41,41,41,41,41,41,41,41,41,41,41,34,27,27,41,41,27,27,40,27,41,41,28,27,28,41,41,27,27,41,27,32,41,28,27,27,41,41,41,41,41,91,27,198,38,230,27,27,97,27,106,106,230,230,27,41,230,27,153,230,169,41,41,41,27,41,41,41,41,41,40,27,41,27,41,41,39,27,27,41,33,27,27,41,27,39,32,27,27,27,27,41,41,41,41,41,41,41,41,41,41,41,41,41,41,41,41,41,41,41,40,39,41,41,41,27,41,27,31,41,41,41,27,27,38,27,27,41,41,27,41,27,41,27,40,39,27,41,27,33,27,27,27,27,27,27,39,41,41,41,41,27,27,27,41,41,41,27,27,41,27,212,27,215,159,229,32,41,27,28,41,92,41,41,27,27,41,32,27,41,27,39,27,41,27,41,27,37,32,27,41,41,41,41,40,41,41,27,41,41,41,41,41,41,41,41,41,41,41,41,41,31,230,27,27,229,229,32,211,27,41,230,230,116,27,230,41,230,27,41,29,41,41,30,41,41,27,27,30,41,41,27,41,41,28,41,41,27,41,41,27,30,41,41,27,41,27,41,41,27,41,41,230,41,41,27,27,230,53,230,36,27,27,39,41,41,41,41,41,41,28,41,27,41,27,27,27,31,41,27,41,41,41,41,41,41,41,41,41,41,41,41,41,41,41,41,41,39,41,41,41,31,39,41,41,31,28,38,27,27,41,222,31,27,27,27,230,41,41,27,230,73,52,28,27,41,27,41,41,27,32,27,214,27,41,229,27,229,27,27,32,41,41,41,41,41,41,41,41,41,65,27,229,229,229,229,156,27,41,80,229,205,27,41,41,27,41,27,229,27,41,41,41,27,4,39,27,4,41,40,47,41,41,41,41,41,41,41,41,41,73,230,229,230,230,230,230,185,230,229,230,45,27,27,38,27,41,41,27,33,41,41,32,41,27,41,27,41,27,41,41,41,41,27,41,29,41,27,27,41,40,41,41,41,33,27,41,27,41,28,41,40,41,41,27,27,27,41,41,40,41,41,41,41,41,27,41,41,41,41,41,27,41,40,41,27,41,27,27,27,87,230,27,230,27,27,229,43,27,27,230
41,41,41,41,41,41,41,41,41,41,41,41,41,41,41,41,41,41,41,41,41,41,27,41,41,41,33,39,41,27,27,27,27,27,27,41,27,27,41,41,41,41,27,41,27,41,41,27,41,41,32,27,41,41,41,27,41,32,41,41,35,41,41,41,27,27,41,41,27,41,27,41,27,27,41,41,41,27,27,40,27,41,41,41,41,27,41,27,41,28,27,27,32,27,41,27,41,41,27,27,35,41,41,41,41,41,41,41,41,41,41,41,41,41,41,41,41,41,41,39,39,38,39,40,40,41,41,41,27,27,27,41,27,27,27,41,41,27,41,41,41,28,41,28,27,27,28,30,41,41,27,41,41,27,27,41,41,41,41,29,41,27,27,41,27,41,41,27,41,27,41,27,41,41,41,41,41,41,41,41,40,27,41,28,41,41,39,41,27,27,27,41,41,41,27,41,41,27,41,41,41,41,33,41,41,41,41,41,41,41,41,41,41,41,41,41,28,41,41,41,41,41,41,41,41,41,41,28,41,27,27,28,27,27,41,41,41,27,41,41,41,41,27,41,27,41,27,27,27,41,28,41,41,41,41,41,27,27,27,41,38,27,41,41,41,41,41,41,27,41,41,27,214,230,41,27,77,230,230,95,206,41,41,41,27,27,27,27,41,41,27,39,41,27,41,41,41,41,27,41,38,41,41,41,41,41,41,41,41,41,41,41,41,41,41,41,41,41,41,41,41,39,41,41,28,39,41,27,41,27,39,39,41,40,41,41,38,38,41,27,27,27,27,41,27,41,41,27,27,38,41,41,41,41,27,33,39,41,27,33,27,41,41,41,41,41,41,41,41,41,41,230,230,32,41,27,27,41,229,217,39,41,41,27,27,41,27,41,41,41,27,41,27,41,27,41,41,27,27,33,41,41,41,28,41,41,41,41,41,41,41,41,41,41,41,41,41,41,41,41,28,41,41,41,32,41,41,41,41,27,30,41,27,41,27,41,30,27,27,41,41,27,27,41,27,29,27,28,27,41,41,41,27,27,229,27,229,229,41,229,219,41,27,229,27,229,27,27,229,41,219,41,230,230,27,230,151,27,52,132,229,97,27,41,27,41,41,27,41,229,27,196,228,27,32,27,230,230,41,227,41,41,41,41,41,41,41,41,41,41,41,41,41,41,41,41,41,41,41,41,34,27,27,41,41,27,27,40,27,41,41,28,27,28,41,41,27,27,41,27,32,41,28,27,27,41,41,41,41,41,91,27,198,38,230,27,27,97,27,106,106,230,230,27,41,230,27,153,230,169,41,41,41,27,41,41,41,41,41,40,27,41,27,41,41,39,27,27,41,33,27,27,41,27,39,32,27,27,27,27,41,41,41,41,41,41,41,41,41,41,41,41,41,41,41,41,41,41,41,40,39,41,41,41,27,41,27,31,41,41,41,27,27,38,27,27,41,41,27,41,27,41,27,40,39,27,41,27,33,27,27,27,27,27,27,39,41,41,41,41,27,27,27,41,41,41,27,27,41,27,212,27,215,159,229,32,41,27,28,41,92,41,41,27,27,41,32,27,41,27,39,27,41,27,41,27,37,32,27,41,41,41,41,40,41,41,27,41,41,41,41,41,41,41,41,41,41,41,41,41,31,230,27,27,229,229,32,211,27,41,230,230,116,27,230,41,230,27,41,29,41,41,30,41,41,27,27,30,41,41,27,41,41,28,41,41,27,41,41,27,30,41,41,27,41,27,41,41,27,41,41,230,41,41,27,27,230,53,230,36,27,27,39,41,41,41,41,41,41,28,41,27,41,27,27,27,31,41,27,41,41,41,41,41,41,41,41,41,41,41,41,41,41,41,41,41,39,41,41,41,31,39,41,41,31,28,38,27,27,41,222,31,27,27,27,230,41,41,27,230,73,52,28,27,41,27,41,41,27,32,27,214,27,41,229,27,229,27,27,32,41,41,41,41,41,41,41,41,41,65,27,229,229,229,229,156,27,41,80,229,205,27,41,41,27,41,27,229,27,41,41,41,27,4,39,27,4,41,40,47,41,41,41,41,41,41,41,41,41,73,230,229,230,230,230,230,185,230,229,230,45,27,27,38,27,41,41,27,33,41,41,32,41,27,41,27,41,27,41,41,41,41,27,41,29,41,27,27,41,40,41,41,41,33,27,41,27,41,28,41,40,41,41,27,27,27,41,41,40,41,41,41,41,41,27,41,41,41,41,41,27,41,40,41,27,41,27,27,27,87,230,27,230,27,27,229,43,27,27,230
41,41,41,41,41,41,41,41,41,41,41,41,41,41,41,41,41,41,41,41,41,41,27,41,41,41,28,29,41,28,27,27,27,27,27,41,27,27,41,41,41,40,27,27,27,41,37,27,41,41,40,27,41,41,41,28,41,41,41,41,35,41,41,41,27,27,41,41,29,41,27,41,27,30,41,41,41,27,27,40,27,41,41,41,41,27,41,27,41,33,27,28,28,27,41,27,41,27,27,27,35,41,41,41,41,41,41,41,41,41,41,41,41,41,41,41,41,41,41,39,33,30,28,41,41,41,41,41,27,27,27,41,27,27,27,37,41,27,41,41,41,27,41,33,27,27,28,28,41,41,27,41,41,27,27,41,41,40,41,29,41,27,27,41,27,41,41,27,41,27,41,27,41,41,41,41,41,41,41,41,41,27,41,32,41,41,41,40,27,27,27,41,41,41,27,41,41,27,41,41,41,41,28,41,41,41,41,41,41,41,41,41,41,41,41,41,27,41,41,41,41,41,41,38,41,41,41,32,27,27,27,33,27,27,41,41,41,27,41,41,41,41,27,41,27,41,27,27,27,41,32,41,41,41,41,41,27,27,27,41,38,27,41,41,41,41,41,41,41,41,41,27,150,165,41,27,185,230,230,95,229,41,41,41,27,27,27,27,41,41,27,41,41,27,41,41,41,41,27,41,38,41,41,32,41,41,41,41,41,41,41,41,41,41,41,41,41,41,41,41,41,33,41,41,32,33,41,27,41,27,28,41,41,28,41,41,30,30,38,27,27,27,27,41,27,41,41,27,28,30,41,41,41,41,27,40,29,41,27,32,27,41,41,41,41,41,41,41,41,41,41,230,230,78,41,27,27,41,229,230,39,38,41,27,27,41,27,41,41,41,32,41,27,41,27,41,41,27,27,35,41,41,41,40,41,41,40,41,41,41,41,41,41,41,41,41,41,41,41,41,29,41,39,41,41,41,41,41,41,27,27,41,27,41,27,41,27,27,27,40,41,27,27,41,27,27,27,33,27,41,41,41,27,27,106,27,229,229,41,204,219,41,41,229,147,229,27,27,229,41,174,41,230,230,27,230,72,27,211,132,229,227,27,41,27,41,41,27,41,229,27,230,205,27,101,27,230,230,41,227,41,41,41,41,41,41,41,41,41,41,41,41,41,41,41,41,41,41,41,41,34,27,27,41,27,27,27,41,27,41,41,33,27,27,41,41,27,27,41,27,27,41,32,27,27,41,41,41,41,41,174,27,230,30,230,27,27,230,27,41,68,230,214,27,41,230,27,67,230,169,41,41,41,27,41,41,41,41,41,40,27,41,27,41,41,41,27,27,41,39,27,27,41,27,41,40,27,27,27,27,41,41,41,41,41,41,41,41,41,41,41,41,41,41,41,41,41,41,41,41,41,41,27,41,28,41,32,34,41,38,41,27,27,31,27,27,41,41,27,41,27,41,27,41,29,27,41,27,39,27,32,27,27,27,27,28,41,37,41,39,27,27,27,41,41,41,27,27,41,27,212,28,152,53,229,27,41,27,71,41,92,41,41,27,27,39,41,27,41,27,29,27,41,27,41,27,30,40,27,41,41,41,41,32,41,41,27,41,41,41,41,41,41,41,41,41,41,41,41,41,31,230,27,27,222,201,28,229,31,41,230,230,52,27,230,41,199,27,41,27,41,41,27,41,41,27,27,27,41,41,27,41,41,32,41,41,27,41,41,27,30,41,41,30,39,27,41,41,27,41,128,230,41,41,27,27,230,41,230,172,27,27,41,41,41,41,41,41,41,32,41,27,41,27,27,27,34,41,27,41,41,41,41,41,41,41,41,41,41,41,41,41,41,41,41,41,33,41,41,41,27,28,41,41,27,33,31,27,27,41,230,100,27,44,27,229,41,38,27,230,73,41,33,32,41,27,41,38,27,39,27,113,27,41,229,27,229,27,27,32,41,41,41,41,41,41,41,41,41,65,27,229,229,229,229,57,27,41,180,229,189,27,41,41,41,41,27,229,27,41,41,41,27,41,29,27,4,41,41,41,41,41,41,41,41,41,41,41,41,73,230,229,230,230,229,230,230,230,182,230,45,27,28,30,27,41,41,27,28,41,41,41,41,27,27,27,41,27,41,41,41,41,27,41,27,41,27,27,41,28,41,41,39,40,27,41,27,39,32,41,40,41,41,27,27,27,41,41,41,41,41,41,41,41,27,41,41,41,41,41,28,41,41,41,27,41,27,27,27,87,229,27,230,27,27,216,111,27,27,229
41,41,41,41,41,41,41,41,41,41,41,41,41,41,41,41,41,41,41,41,41,41,27,41,41,41,28,29,41,28,27,27,27,27,27,41,27,27,41,41,41,40,27,27,27,41,37,27,41,41,40,27,41,41,41,28,41,41,41,41,35,41,41,41,27,27,41,41,29,41,27,41,27,30,41,41,41,27,27,40,27,41,41,41,41,27,41,27,41,33,27,28,28,27,41,27,41,27,27,27,35,41,41,41,41,41,41,41,41,41,41,41,41,41,41,41,41,41,41,39,33,30,28,41,41,41,41,41,27,27,27,41,27,27,27,37,41,27,41,41,41,27,41,33,27,27,28,28,41,41,27,41,41,27,27,41,41,40,41,29,41,27,27,41,27,41,41,27,41,27,41,27,41,41,41,41,41,41,41,41,41,27,41,32,41,41,41,40,27,27,27,41,41,41,27,41,41,27,41,41,41,41,28,41,41,41,41,41,41,41,41,41,41,41,41,41,27,41,41,41,41,41,41,38,41,41,41,32,27,27,27,33,27,27,41,41,41,27,41,41,41,41,27,41,27,41,27,27,27,41,32,41,41,41,41,41,27,27,27,41,38,27,41,41,41,41,41,41,41,41,41,27,150,165,41,27,185,230,230,95,229,41,41,41,27,27,27,27,41,41,27,41,41,27,41,41,41,41,27,41,38,41,41,32,41,41,41,41,41,41,41,41,41,41,41,41,41,41,41,41,41,33,41,41,32,33,41,27,41,27,28,41,41,28,41,41,30,30,38,27,27,27,27,41,27,41,41,27,28,30,41,41,41,41,27,40,29,41,27,32,27,41,41,41,41,41,41,41,41,41,41,230,230,78,41,27,27,41,229,230,39,38,41,27,27,41,27,41,41,41,32,41,27,41,27,41,41,27,27,35,41,41,41,40,41,41,40,41,41,41,41,41,41,41,41,41,41,41,41,41,29,41,39,41,41,41,41,41,41,27,27,41,27,41,27,41,27,27,27,40,41,27,27,41,27,27,27,33,27,41,41,41,27,27,106,27,229,229,41,204,219,41,41,229,147,229,27,27,229,41,174,41,230,230,27,230,72,27,211,132,229,227,27,41,27,41,41,27,41,229,27,230,205,27,101,27,230,230,41,227,41,41,41,41,41,41,41,41,41,41,41,41,41,41,41,41,41,41,41,41,34,27,27,41,27,27,27,41,27,41,41,33,27,27,41,41,27,27,41,27,27,41,32,27,27,41,41,41,41,41,174,27,230,30,230,27,27,230,27,41,68,230,214,27,41,230,27,67,230,169,41,41,41,27,41,41,41,41,41,40,27,41,27,41,41,41,27,27,41,39,27,27,41,27,41,40,27,27,27,27,41,41,41,41,41,41,41,41,41,41,41,41,41,41,41,41,41,41,41,41,41,41,27,41,28,41,32,34,41,38,41,27,27,31,27,27,41,41,27,41,27,41,27,41,29,27,41,27,39,27,32,27,27,27,27,28,41,37,41,39,27,27,27,41,41,41,27,27,41,27,212,28,152,53,229,27,41,27,71,41,92,41,41,27,27,39,41,27,41,27,29,27,41,27,41,27,30,40,27,41,41,41,41,32,41,41,27,41,41,41,41,41,41,41,41,41,41,41,41,41,31,230,27,27,222,201,28,229,31,41,230,230,52,27,230,41,199,27,41,27,41,41,27,41,41,27,27,27,41,41,27,41,41,32,41,41,27,41,41,27,30,41,41,30,39,27,41,41,27,41,128,230,41,41,27,27,230,41,230,172,27,27,41,41,41,41,41,41,41,32,41,27,41,27,27,27,34,41,27,41,41,41,41,41,41,41,41,41,41,41,41,41,41,41,41,41,33,41,41,41,27,28,41,41,27,33,31,27,27,41,230,100,27,44,27,229,41,38,27,230,73,41,33,32,41,27,41,38,27,39,27,113,27,41,229,27,229,27,27,32,41,41,41,41,41,41,41,41,41,65,27,229,229,229,229,57,27,41,180,229,189,27,41,41,41,41,27,229,27,41,41,41,27,41,29,27,4,41,41,41,41,41,41,41,41,41,41,41,41,73,230,229,230,230,229,230,230,230,182,230,45,27,28,30,27,41,41,27,28,41,41,41,41,27,27,27,41,27,41,41,41,41,27,41,27,41,27,27,41,28,41,41,39,40,27,41,27,39,32,41,40,41,41,27,27,27,41,41,41,41,41,41,41,41,27,41,41,41,41,41,28,41,41,41,27,41,27,27,27,87,229,27,230,27,27,216,111,27,27,229
41,41,41,41,41,41,41,41,41,41,41,41,41,39,41,41,41,41,41,41,41,41,27,41,41,41,27,27,41,33,28,27,27,27,27,41,27,28,41,41,41,28,27,27,27,41,30,28,41,41,41,27,41,41,41,33,41,41,41,41,35,41,41,41,41,27,41,41,39,41,27,41,27,37,41,41,41,27,27,40,27,41,41,41,41,27,41,27,41,40,28,33,27,27,41,27,41,27,28,27,35,41,41,41,41,41,41,41,41,41,41,41,41,41,41,41,41,41,41,39,28,27,27,41,41,41,41,41,27,27,27,38,27,27,27,27,41,27,41,41,41,27,41,39,27,27,27,41,41,41,27,41,41,27,28,39,41,28,41,29,41,27,27,41,27,41,41,27,41,27,41,27,41,41,41,41,41,41,41,41,41,27,41,40,41,41,41,32,27,27,27,41,41,41,27,41,41,27,41,41,41,41,27,41,41,41,41,41,41,41,41,41,41,41,41,41,27,41,41,41,41,30,41,31,41,41,41,40,27,27,27,39,27,27,41,41,41,27,41,41,41,41,27,41,27,41,27,27,27,40,40,41,41,27,41,41,27,27,27,41,41,27,41,41,41,41,41,41,41,41,41,27,72,41,41,27,230,230,230,95,229,41,39,41,27,27,27,27,41,41,27,41,41,27,41,41,41,41,27,41,38,41,41,27,41,41,41,41,41,41,41,41,41,41,41,41,41,41,41,41,41,28,41,41,40,28,41,27,41,27,27,41,41,27,41,41,27,27,30,27,27,27,27,41,27,41,41,27,33,27,41,41,41,41,27,41,27,41,27,32,27,41,41,41,41,41,41,41,41,41,41,229,230,185,41,27,40,41,229,230,40,29,41,27,27,41,27,41,41,41,32,41,27,41,27,41,41,27,27,35,41,41,41,41,41,41,32,41,41,41,41,41,41,41,41,41,41,41,41,41,33,41,30,41,41,41,41,41,41,32,27,41,27,41,27,41,27,27,27,34,40,27,27,41,27,27,27,39,27,41,41,41,27,27,41,27,229,192,41,117,219,41,139,229,229,229,27,27,229,41,115,41,230,230,27,230,41,27,230,132,41,229,27,41,27,41,41,27,41,229,27,230,46,27,221,27,230,183,40,227,41,41,41,41,41,41,41,41,41,41,41,41,41,41,41,41,41,41,41,41,34,27,32,41,27,27,27,41,27,41,41,39,27,27,41,41,27,27,41,27,27,41,40,27,27,41,41,41,41,41,191,27,230,27,200,27,27,230,27,41,39,230,150,27,41,230,27,41,230,169,41,40,41,27,41,41,41,41,41,40,27,41,27,41,41,41,27,32,41,41,27,27,41,27,41,41,27,27,27,27,41,41,41,41,41,41,41,41,41,41,41,41,41,41,41,41,41,41,41,41,41,41,27,41,33,27,41,39,41,30,40,27,27,27,27,27,38,41,27,41,27,41,27,41,27,27,41,27,41,27,41,27,32,27,27,27,41,30,41,33,27,27,41,41,41,41,27,27,41,27,212,74,68,41,229,27,41,27,190,41,92,41,41,27,27,33,41,27,41,27,27,27,41,27,41,27,27,41,27,41,41,41,41,28,41,41,30,41,41,41,41,41,41,41,41,41,41,41,41,41,41,193,27,27,109,119,27,229,101,41,230,230,41,27,230,39,73,27,38,27,39,41,27,41,27,27,27,27,41,41,27,41,41,39,41,41,27,41,41,27,30,41,41,38,33,27,41,41,27,41,139,230,41,41,27,27,224,41,230,172,27,27,41,41,41,41,41,41,41,40,41,27,37,28,28,27,39,41,27,41,41,41,41,41,41,41,41,41,41,41,41,41,41,41,41,41,28,41,41,41,27,27,41,41,27,39,27,27,27,41,230,222,27,113,27,42,41,30,27,189,73,41,39,41,41,27,41,30,27,41,27,49,27,41,229,27,207,27,33,32,41,41,41,41,41,41,41,41,41,64,27,229,229,229,229,41,27,41,229,229,57,27,41,41,109,41,27,229,27,41,41,41,27,41,27,27,4,41,41,41,41,41,41,41,41,41,41,41,41,73,230,229,230,230,229,230,230,230,88,230,45,27,33,27,27,41,41,27,27,41,41,41,41,32,27,27,41,27,41,41,41,41,27,41,27,41,28,27,41,27,41,38,28,41,27,41,27,28,40,41,41,40,41,27,27,27,41,41,41,39,41,41,41,41,27,41,41,41,41,41,33,41,41,41,27,41,27,27,27,87,229,27,230,27,27,102,200,39,27,190
41,41,41,41,41,41,41,41,41,41,41,41,41,33,41,41,41,41,41,41,41,41,27,41,38,41,27,27,41,40,33,28,27,27,27,41,27,33,41,39,41,27,27,27,27,41,27,31,41,41,41,27,41,41,41,39,39,41,41,41,35,41,41,41,41,30,41,41,41,41,27,41,41,41,41,41,41,27,27,40,27,41,41,41,41,27,41,27,41,41,33,39,27,27,41,27,41,27,33,27,35,41,41,41,41,41,41,41,41,41,41,41,41,41,41,41,41,41,32,39,27,27,27,41,41,38,41,41,27,27,27,30,27,27,27,27,41,27,41,41,41,27,41,41,28,27,27,41,41,41,27,41,41,27,32,29,41,27,41,29,41,27,27,41,27,41,41,27,41,27,39,27,41,41,41,41,41,41,41,41,41,27,41,41,27,27,41,27,27,27,27,41,41,41,27,39,41,27,41,41,41,41,27,41,41,41,41,41,41,41,41,41,41,41,41,41,27,41,41,41,41,27,41,27,41,41,39,41,27,27,27,41,27,27,41,41,37,28,41,41,41,41,28,41,27,41,27,27,27,32,41,41,41,27,41,41,27,27,27,41,41,27,41,41,41,41,41,40,41,41,41,29,41,41,41,27,230,230,230,41,229,41,29,41,27,27,27,27,40,41,27,41,41,27,41,41,41,41,27,41,39,41,41,27,41,41,41,41,41,41,41,41,41,41,41,41,41,41,41,41,41,27,41,41,41,27,41,32,41,27,27,41,41,27,39,41,27,27,27,27,28,27,27,37,27,41,41,27,39,27,41,41,41,41,27,41,27,41,27,32,27,41,32,41,41,41,41,41,41,41,41,229,230,230,41,27,222,41,229,230,53,27,41,28,27,41,27,41,41,41,41,41,27,41,27,27,41,27,27,41,41,41,41,41,41,41,28,41,41,41,41,41,41,41,41,41,41,41,41,41,40,41,27,41,41,32,41,41,41,41,27,41,27,41,27,41,27,27,28,28,30,27,27,41,27,27,27,41,27,40,41,41,27,27,41,27,209,78,41,54,219,41,229,229,229,229,49,27,229,39,95,41,227,230,27,214,41,27,230,132,41,229,27,41,27,41,38,27,39,183,27,230,27,27,230,27,229,88,32,227,41,41,41,41,41,41,41,41,41,41,41,41,41,39,41,41,41,41,41,41,34,27,41,41,27,27,28,41,27,41,41,41,27,27,41,41,28,27,41,32,27,41,41,27,27,41,41,41,27,41,191,27,230,27,120,27,27,230,27,41,33,230,71,41,41,213,27,41,230,169,41,32,41,27,41,41,41,41,41,40,27,41,27,41,41,41,27,41,41,41,27,27,38,27,41,41,27,27,28,27,41,41,41,41,41,41,41,41,41,41,41,41,41,41,41,41,41,41,41,41,41,41,27,39,39,27,41,41,41,27,32,27,27,27,28,32,31,41,27,41,27,41,27,41,27,27,41,27,41,27,41,27,41,27,27,27,41,27,41,28,30,27,41,41,41,41,27,27,41,27,212,187,41,41,229,27,41,27,229,41,74,41,41,27,27,28,41,27,38,27,27,27,41,27,41,27,27,41,27,41,41,41,41,27,41,41,37,41,41,41,41,41,41,41,41,41,41,41,41,41,90,78,27,27,45,56,28,229,223,41,230,230,41,27,230,33,41,27,30,27,29,41,27,37,27,27,27,27,41,41,27,41,41,41,41,41,27,41,41,27,30,41,41,41,28,27,41,40,27,41,139,230,41,41,27,27,159,41,230,172,27,27,41,41,41,41,41,41,41,41,41,27,30,33,33,27,41,41,27,41,41,41,41,41,41,41,41,41,41,41,41,41,41,41,41,41,27,41,41,41,27,27,41,41,27,41,27,27,27,41,230,230,27,197,27,41,41,27,27,82,41,41,41,41,41,27,27,27,28,41,27,41,27,41,207,27,63,27,103,32,41,41,41,41,41,41,41,41,41,55,27,229,229,229,229,41,27,41,229,229,41,27,41,38,201,41,96,229,27,41,41,38,27,41,27,27,4,41,41,41,41,41,41,41,41,41,41,41,41,73,230,229,230,230,229,230,230,230,41,230,45,27,39,27,28,41,41,27,27,41,41,41,41,41,27,27,41,27,41,41,27,41,27,41,27,32,33,27,41,27,41,30,27,41,27,41,27,27,41,41,41,32,41,27,27,27,41,41,41,33,41,41,41,41,27,41,41,41,41,41,39,41,41,41,27,41,27,27,32,87,229,29,229,27,27,34,230,108,27,62
41,41,41,41,41,41,41,41,41,41,41,41,41,33,41,41,41,41,41,41,41,41,27,41,38,41,27,27,41,40,33,28,27,27,27,41,27,33,41,39,41,27,27,27,27,41,27,31,41,41,41,27,41,41,41,39,39,41,41,41,35,41,41,41,41,30,41,41,41,41,27,41,41,41,41,41,41,27,27,40,27,41,41,41,41,27,41,27,41,41,33,39,27,27,41,27,41,27,33,27,35,41,41,41,41,41,41,41,41,41,41,41,41,41,41,41,41,41,32,39,27,27,27,41,41,38,41,41,27,27,27,30,27,27,27,27,41,27,41,41,41,27,41,41,28,27,27,41,41,41,27,41,41,27,32,29,41,27,41,29,41,27,27,41,27,41,41,27,41,27,39,27,41,41,41,41,41,41,41,41,41,27,41,41,27,27,41,27,27,27,27,41,41,41,27,39,41,27,41,41,41,41,27,41,41,41,41,41,41,41,41,41,41,41,41,41,27,41,41,41,41,27,41,27,41,41,39,41,27,27,27,41,27,27,41,41,37,28,41,41,41,41,28,41,27,41,27,27,27,32,41,41,41,27,41,41,27,27,27,41,41,27,41,41,41,41,41,40,41,41,41,29,41,41,41,27,230,230,230,41,229,41,29,41,27,27,27,27,40,41,27,41,41,27,41,41,41,41,27,41,39,41,41,27,41,41,41,41,41,41,41,41,41,41,41,41,41,41,41,41,41,27,41,41,41,27,41,32,41,27,27,41,41,27,39,41,27,27,27,27,28,27,27,37,27,41,41,27,39,27,41,41,41,41,27,41,27,41,27,32,27,41,32,41,41,41,41,41,41,41,41,229,230,230,41,27,222,41,229,230,53,27,41,28,27,41,27,41,41,41,41,41,27,41,27,27,41,27,27,41,41,41,41,41,41,41,28,41,41,41,41,41,41,41,41,41,41,41,41,41,40,41,27,41,41,32,41,41,41,41,27,41,27,41,27,41,27,27,28,28,30,27,27,41,27,27,27,41,27,40,41,41,27,27,41,27,209,78,41,54,219,41,229,229,229,229,49,27,229,39,95,41,227,230,27,214,41,27,230,132,41,229,27,41,27,41,38,27,39,183,27,230,27,27,230,27,229,88,32,227,41,41,41,41,41,41,41,41,41,41,41,41,41,39,41,41,41,41,41,41,34,27,41,41,27,27,28,41,27,41,41,41,27,27,41,41,28,27,41,32,27,41,41,27,27,41,41,41,27,41,191,27,230,27,120,27,27,230,27,41,33,230,71,41,41,213,27,41,230,169,41,32,41,27,41,41,41,41,41,40,27,41,27,41,41,41,27,41,41,41,27,27,38,27,41,41,27,27,28,27,41,41,41,41,41,41,41,41,41,41,41,41,41,41,41,41,41,41,41,41,41,41,27,39,39,27,41,41,41,27,32,27,27,27,28,32,31,41,27,41,27,41,27,41,27,27,41,27,41,27,41,27,41,27,27,27,41,27,41,28,30,27,41,41,41,41,27,27,41,27,212,187,41,41,229,27,41,27,229,41,74,41,41,27,27,28,41,27,38,27,27,27,41,27,41,27,27,41,27,41,41,41,41,27,41,41,37,41,41,41,41,41,41,41,41,41,41,41,41,41,90,78,27,27,45,56,28,229,223,41,230,230,41,27,230,33,41,27,30,27,29,41,27,37,27,27,27,27,41,41,27,41,41,41,41,41,27,41,41,27,30,41,41,41,28,27,41,40,27,41,139,230,41,41,27,27,159,41,230,172,27,27,41,41,41,41,41,41,41,41,41,27,30,33,33,27,41,41,27,41,41,41,41,41,41,41,41,41,41,41,41,41,41,41,41,41,27,41,41,41,27,27,41,41,27,41,27,27,27,41,230,230,27,197,27,41,41,27,27,82,41,41,41,41,41,27,27,27,28,41,27,41,27,41,207,27,63,27,103,32,41,41,41,41,41,41,41,41,41,55,27,229,229,229,229,41,27,41,229,229,41,27,41,38,201,41,96,229,27,41,41,38,27,41,27,27,4,41,41,41,41,41,41,41,41,41,41,41,41,73,230,229,230,230,229,230,230,230,41,230,45,27,39,27,28,41,41,27,27,41,41,41,41,41,27,27,41,27,41,41,27,41,27,41,27,32,33,27,41,27,41,30,27,41,27,41,27,27,41,41,41,32,41,27,27,27,41,41,41,33,41,41,41,41,27,41,41,41,41,41,39,41,41,41,27,41,27,27,32,87,229,29,229,27,27,34,230,108,27,62
41,41,41,41,41,41,41,41,41,41,41,41,41,28,41,41,41,41,41,41,41,41,27,41,30,41,27,27,41,41,40,32,27,27,30,27,27,39,41,29,41,27,33,27,27,41,27,34,41,41,41,27,41,41,41,41,29,41,41,41,35,41,41,41,41,38,41,41,41,41,30,39,41,41,41,41,41,27,40,40,27,41,41,41,41,27,41,32,27,41,39,41,27,27,41,28,39,27,39,27,35,41,41,41,41,41,41,41,41,41,41,41,41,41,41,41,41,41,27,39,27,27,27,41,41,30,39,27,27,27,27,27,28,27,27,27,41,27,41,41,41,27,41,41,33,27,27,41,41,41,28,41,41,27,39,27,41,27,41,29,41,27,27,41,27,41,41,27,41,27,33,29,41,41,41,41,41,41,41,41,41,27,39,41,27,27,41,27,27,27,27,41,41,41,27,28,41,27,41,41,41,41,27,41,41,41,41,41,41,41,41,41,41,41,41,41,27,41,41,41,41,27,41,27,38,41,29,41,27,27,27,41,27,27,41,41,30,33,41,41,41,41,32,41,27,41,27,27,32,28,41,41,32,27,32,41,27,27,27,41,41,27,41,41,41,41,41,33,41,41,41,81,41,41,41,27,230,230,230,41,196,41,27,41,40,27,27,36,32,41,27,41,41,27,41,41,41,41,27,41,40,41,41,27,41,41,41,41,41,41,41,41,41,41,41,41,41,41,41,41,41,27,41,27,41,27,41,41,41,27,27,41,41,27,29,41,27,27,27,27,32,27,28,30,27,38,39,27,41,27,41,41,41,41,27,41,27,41,27,32,27,32,27,41,41,41,41,41,41,41,41,229,229,230,41,27,230,41,229,230,53,27,41,33,27,41,27,41,27,41,41,41,27,41,27,27,41,27,27,41,41,41,41,41,41,41,27,41,41,41,41,41,41,41,41,41,41,41,41,41,41,41,27,41,41,27,41,41,32,41,27,41,27,41,32,32,27,27,33,27,27,27,27,41,27,27,27,41,27,33,41,41,27,27,41,27,61,41,38,41,219,32,80,229,229,229,212,27,229,33,95,32,163,230,27,151,41,28,230,132,41,229,27,41,27,38,30,27,33,86,44,230,27,27,230,27,229,41,27,208,41,41,41,41,41,41,41,41,41,41,41,41,41,33,41,41,41,41,41,41,34,27,41,41,27,28,33,41,27,40,41,41,28,27,41,41,33,27,41,41,27,41,41,27,27,41,41,41,27,41,191,27,230,27,57,27,27,230,27,41,33,216,41,222,41,150,27,41,230,169,41,27,41,27,41,41,41,41,41,40,27,41,28,41,41,41,28,41,41,41,27,32,31,27,41,41,30,27,32,27,41,41,41,41,41,41,41,41,39,41,41,41,41,41,41,41,41,41,41,41,41,38,27,33,41,27,41,41,41,27,28,27,27,27,33,41,27,40,28,41,27,41,27,41,27,27,41,27,41,27,41,27,41,27,27,27,41,27,41,27,38,27,41,41,41,41,27,27,41,27,212,229,41,41,229,27,41,27,229,41,41,40,41,27,28,27,41,27,30,27,27,27,41,27,41,27,27,41,27,41,41,41,32,27,41,41,41,41,41,41,41,41,41,41,41,41,41,41,41,41,158,41,42,27,41,41,27,229,230,41,199,211,41,27,209,28,41,27,27,27,27,41,27,30,27,27,27,27,41,41,27,41,41,41,41,41,27,41,41,28,30,41,41,41,27,27,41,32,27,41,139,168,40,41,27,27,53,41,230,172,27,27,41,39,41,41,41,41,41,41,41,27,27,39,39,27,41,41,27,41,41,41,32,41,41,41,41,41,41,41,41,41,41,41,41,41,27,41,41,41,27,27,41,41,27,41,27,27,28,39,230,230,27,230,27,41,27,27,27,41,41,41,41,41,41,27,27,27,32,41,71,41,27,41,63,27,41,27,216,39,41,41,41,41,41,41,41,41,41,44,27,229,229,229,229,41,27,41,229,229,41,27,41,30,229,41,228,41,27,41,39,30,27,41,27,27,8,39,41,41,41,41,41,41,41,41,41,41,41,73,230,229,230,230,229,230,230,230,41,230,45,27,41,27,33,41,41,27,27,41,41,41,41,41,27,28,41,27,41,32,27,32,27,41,27,27,39,27,41,27,41,27,27,41,27,41,27,27,41,41,41,27,41,29,27,27,40,41,41,28,41,41,41,41,27,41,41,41,41,41,41,41,41,41,27,41,27,27,41,86,229,99,229,27,27,27,230,207,39,27
41,41,41,41,41,41,41,41,41,41,41,41,41,27,41,41,41,41,41,41,41,41,28,41,27,41,27,27,41,41,41,39,27,27,38,27,27,41,41,27,41,27,40,27,27,41,27,39,41,41,41,27,41,41,41,41,27,41,41,41,35,41,41,41,41,41,41,41,41,41,38,33,41,41,41,41,41,27,41,40,27,38,41,41,41,27,38,41,27,41,41,41,27,27,41,33,29,27,41,27,38,41,41,41,41,41,41,41,41,41,41,41,41,41,41,41,41,41,27,40,27,27,27,41,41,27,33,27,32,27,28,27,32,27,27,27,41,27,41,41,41,27,38,41,39,27,27,41,41,41,33,41,41,27,41,27,41,27,41,29,41,30,27,40,28,41,41,30,41,27,28,40,40,41,41,41,41,41,41,41,41,27,28,41,27,27,41,27,27,32,27,41,38,41,27,27,41,27,41,41,41,41,27,41,41,41,41,41,41,41,41,41,41,41,41,41,27,41,41,41,41,27,41,27,29,41,27,41,27,28,27,41,27,27,41,41,27,39,41,41,41,41,39,41,27,37,27,27,41,27,41,41,27,27,27,40,27,27,27,41,41,27,39,41,41,41,41,27,41,41,41,181,41,41,41,27,230,230,230,41,74,41,27,41,108,27,96,104,28,41,27,41,41,27,41,41,41,41,27,39,41,41,41,27,41,41,41,41,41,41,41,41,41,41,41,41,41,41,41,41,41,27,41,27,41,27,27,41,41,27,27,41,41,27,27,41,27,27,27,27,40,27,32,27,27,30,33,27,41,27,41,41,41,41,27,41,27,41,27,32,41,27,27,41,41,41,41,41,41,41,41,229,229,230,41,27,230,40,217,230,53,27,39,39,27,40,27,41,27,41,41,41,28,41,27,27,41,27,27,41,41,41,41,41,41,40,27,41,41,41,41,41,41,41,41,41,41,41,41,41,41,41,27,41,41,27,41,32,27,41,27,41,27,41,41,27,27,27,39,27,27,28,27,41,27,27,27,41,28,28,39,39,27,27,41,27,41,41,30,41,222,27,180,229,229,229,229,29,229,28,95,27,46,230,27,72,41,77,230,132,41,229,27,41,27,30,27,27,28,41,112,183,27,27,230,27,229,41,27,40,41,41,41,41,41,41,41,41,41,41,41,41,41,28,41,39,41,41,41,41,38,27,41,41,27,33,39,41,27,33,41,41,33,27,41,41,39,27,41,41,27,41,41,27,27,41,41,41,27,41,168,27,183,27,41,27,27,230,97,41,33,153,41,230,39,72,27,41,230,169,40,27,41,27,41,41,39,41,41,40,27,41,33,41,41,41,33,41,41,41,27,41,27,27,41,41,36,27,39,27,40,41,41,41,41,41,41,41,33,41,41,41,41,41,41,41,41,41,41,41,41,30,27,28,41,27,41,41,41,27,27,27,27,27,39,41,27,32,32,41,27,41,28,41,27,27,41,27,41,27,41,27,41,27,27,27,41,27,41,27,41,27,41,41,41,41,27,31,41,27,212,229,41,41,213,27,40,28,229,32,41,33,41,28,33,27,41,27,27,27,27,28,41,27,41,27,27,41,27,41,41,41,27,27,41,41,41,41,41,41,41,41,41,41,41,41,41,41,41,41,176,41,110,27,41,41,27,217,230,32,121,59,41,27,116,27,41,27,27,27,27,41,27,27,27,27,27,27,41,41,27,41,41,41,32,41,27,41,41,32,30,41,41,41,27,29,41,28,27,41,139,46,32,41,27,27,41,41,230,172,27,27,41,33,41,41,41,41,41,41,41,27,27,41,41,28,41,41,27,41,41,41,27,41,41,41,41,41,41,41,41,41,41,41,41,41,27,41,41,41,27,27,41,41,27,41,27,27,33,30,219,230,27,230,27,41,27,27,27,41,41,41,41,41,41,32,27,27,39,41,153,41,27,27,41,27,41,40,229,83,41,41,41,41,41,41,41,41,41,41,27,229,223,229,229,41,27,41,229,229,41,27,39,27,229,41,229,41,27,41,33,27,27,41,27,27,37,28,41,40,41,41,41,41,41,41,41,41,41,73,230,229,230,230,229,230,230,230,41,230,45,27,41,27,39,41,41,27,27,41,40,41,41,41,27,33,41,28,41,27,27,27,27,41,27,27,41,27,41,27,41,27,27,41,27,41,27,27,41,41,41,27,41,40,30,27,32,41,41,27,41,41,41,41,27,41,41,41,41,32,41,41,41,41,27,41,27,27,41,48,229,226,229,27,27,27,230,230,108,27
41,41,41,41,41,41,41,41,41,41,41,41,41,27,41,41,41,41,41,41,41,41,28,41,27,41,27,27,41,41,41,39,27,27,38,27,27,41,41,27,41,27,40,27,27,41,27,39,41,41,41,27,41,41,41,41,27,41,41,41,35,41,41,41,41,41,41,41,41,41,38,33,41,41,41,41,41,27,41,40,27,38,41,41,41,27,38,41,27,41,41,41,27,27,41,33,29,27,41,27,38,41,41,41,41,41,41,41,41,41,41,41,41,41,41,41,41,41,27,40,27,27,27,41,41,27,33,27,32,27,28,27,32,27,27,27,41,27,41,41,41,27,38,41,39,27,27,41,41,41,33,41,41,27,41,27,41,27,41,29,41,30,27,40,28,41,41,30,41,27,28,40,40,41,41,41,41,41,41,41,41,27,28,41,27,27,41,27,27,32,27,41,38,41,27,27,41,27,41,41,41,41,27,41,41,41,41,41,41,41,41,41,41,41,41,41,27,41,41,41,41,27,41,27,29,41,27,41,27,28,27,41,27,27,41,41,27,39,41,41,41,41,39,41,27,37,27,27,41,27,41,41,27,27,27,40,27,27,27,41,41,27,39,41,41,41,41,27,41,41,41,181,41,41,41,27,230,230,230,41,74,41,27,41,108,27,96,104,28,41,27,41,41,27,41,41,41,41,27,39,41,41,41,27,41,41,41,41,41,41,41,41,41,41,41,41,41,41,41,41,41,27,41,27,41,27,27,41,41,27,27,41,41,27,27,41,27,27,27,27,40,27,32,27,27,30,33,27,41,27,41,41,41,41,27,41,27,41,27,32,41,27,27,41,41,41,41,41,41,41,41,229,229,230,41,27,230,40,217,230,53,27,39,39,27,40,27,41,27,41,41,41,28,41,27,27,41,27,27,41,41,41,41,41,41,40,27,41,41,41,41,41,41,41,41,41,41,41,41,41,41,41,27,41,41,27,41,32,27,41,27,41,27,41,41,27,27,27,39,27,27,28,27,41,27,27,27,41,28,28,39,39,27,27,41,27,41,41,30,41,222,27,180,229,229,229,229,29,229,28,95,27,46,230,27,72,41,77,230,132,41,229,27,41,27,30,27,27,28,41,112,183,27,27,230,27,229,41,27,40,41,41,41,41,41,41,41,41,41,41,41,41,41,28,41,39,41,41,41,41,38,27,41,41,27,33,39,41,27,33,41,41,33,27,41,41,39,27,41,41,27,41,41,27,27,41,41,41,27,41,168,27,183,27,41,27,27,230,97,41,33,153,41,230,39,72,27,41,230,169,40,27,41,27,41,41,39,41,41,40,27,41,33,41,41,41,33,41,41,41,27,41,27,27,41,41,36,27,39,27,40,41,41,41,41,41,41,41,33,41,41,41,41,41,41,41,41,41,41,41,41,30,27,28,41,27,41,41,41,27,27,27,27,27,39,41,27,32,32,41,27,41,28,41,27,27,41,27,41,27,41,27,41,27,27,27,41,27,41,27,41,27,41,41,41,41,27,31,41,27,212,229,41,41,213,27,40,28,229,32,41,33,41,28,33,27,41,27,27,27,27,28,41,27,41,27,27,41,27,41,41,41,27,27,41,41,41,41,41,41,41,41,41,41,41,41,41,41,41,41,176,41,110,27,41,41,27,217,230,32,121,59,41,27,116,27,41,27,27,27,27,41,27,27,27,27,27,27,41,41,27,41,41,41,32,41,27,41,41,32,30,41,41,41,27,29,41,28,27,41,139,46,32,41,27,27,41,41,230,172,27,27,41,33,41,41,41,41,41,41,41,27,27,41,41,28,41,41,27,41,41,41,27,41,41,41,41,41,41,41,41,41,41,41,41,41,27,41,41,41,27,27,41,41,27,41,27,27,33,30,219,230,27,230,27,41,27,27,27,41,41,41,41,41,41,32,27,27,39,41,153,41,27,27,41,27,41,40,229,83,41,41,41,41,41,41,41,41,41,41,27,229,223,229,229,41,27,41,229,229,41,27,39,27,229,41,229,41,27,41,33,27,27,41,27,27,37,28,41,40,41,41,41,41,41,41,41,41,41,73,230,229,230,230,229,230,230,230,41,230,45,27,41,27,39,41,41,27,27,41,40,41,41,41,27,33,41,28,41,27,27,27,27,41,27,27,41,27,41,27,41,27,27,41,27,41,27,27,41,41,41,27,41,40,30,27,32,41,41,27,41,41,41,41,27,41,41,41,41,32,41,41,41,41,27,41,27,27,41,48,229,226,229,27,27,27,230,230,108,27
41,41,41,41,41,41,41,41,41,41,41,41,41,27,41,41,41,41,41,41,34,41,33,41,27,41,27,27,41,41,41,41,27,27,41,27,27,41,41,27,41,27,41,27,27,41,27,41,41,41,41,27,41,41,41,41,27,41,41,41,35,41,41,41,41,41,41,41,41,41,41,28,41,41,41,41,41,27,41,40,27,30,41,41,41,28,30,41,27,41,41,41,27,27,41,40,27,27,41,27,41,41,41,41,41,41,41,41,41,41,41,41,41,41,41,41,41,41,27,41,27,27,27,41,41,27,28,27,41,27,32,27,40,28,27,27,41,27,41,41,41,27,30,41,41,27,27,41,41,41,39,39,41,27,41,27,41,27,41,33,41,38,27,32,40,41,41,38,41,27,27,41,32,41,41,41,41,41,41,41,41,27,27,41,27,27,41,27,27,41,27,39,30,41,27,27,41,27,27,41,41,41,27,41,41,41,41,41,41,41,41,41,41,41,41,41,27,41,41,41,41,27,41,27,27,41,27,41,27,32,27,41,28,27,41,41,27,41,41,41,39,41,41,41,27,30,27,27,41,27,41,41,27,27,27,28,33,27,27,39,41,27,33,41,41,41,41,27,41,41,41,230,41,41,41,27,230,230,230,41,41,41,27,41,203,96,229,212,27,41,27,41,39,27,41,41,41,41,27,33,41,41,41,27,41,41,41,41,41,41,41,40,41,41,41,41,41,41,41,40,41,27,41,27,41,27,27,41,41,27,27,41,41,27,27,41,27,27,27,27,41,27,39,27,32,27,28,27,41,27,41,41,41,41,27,41,27,41,27,32,41,27,27,41,41,41,41,41,41,41,41,229,229,230,41,27,230,33,53,229,53,27,33,41,27,28,27,41,27,41,41,41,32,41,27,27,41,27,28,41,41,41,41,41,41,32,27,41,41,41,41,41,41,41,41,41,41,41,41,41,41,41,27,41,41,27,41,27,27,41,27,41,27,41,41,27,27,27,41,27,27,33,27,41,27,27,27,41,33,27,32,28,27,27,41,27,41,41,27,41,229,27,229,229,229,229,229,80,202,27,95,27,41,230,27,41,41,184,230,132,41,49,30,41,27,27,27,27,27,41,196,88,27,27,230,27,229,41,27,27,41,41,41,41,41,41,41,41,41,41,41,41,41,27,41,32,41,41,41,41,41,29,41,32,27,39,41,41,27,31,41,41,39,27,40,41,41,27,41,41,27,41,41,27,27,41,41,39,27,41,64,27,87,27,41,27,27,230,230,41,34,67,41,230,33,41,33,41,230,169,32,27,41,27,41,41,33,41,41,40,27,41,39,41,41,41,39,41,41,41,27,41,27,27,41,41,41,27,41,27,33,41,41,41,41,39,39,41,28,41,41,41,41,41,41,41,41,41,41,41,41,27,27,27,41,27,41,41,41,27,27,27,27,27,41,41,27,27,40,41,27,41,39,41,27,27,41,27,41,27,41,27,41,27,27,27,37,27,37,27,41,27,41,41,41,41,27,38,41,27,212,229,41,41,150,27,32,51,229,27,41,28,41,33,39,27,41,27,27,27,27,32,41,27,41,27,27,41,27,40,41,41,27,27,41,39,41,41,41,41,41,41,41,41,41,41,41,41,41,41,176,41,202,27,41,41,27,112,230,27,57,41,39,27,52,27,41,27,27,27,27,41,27,27,27,27,32,27,41,41,27,41,41,41,27,41,27,41,32,40,30,41,41,41,27,39,41,27,27,41,139,230,41,41,27,27,41,41,230,172,27,27,41,28,41,41,41,41,41,41,39,27,27,41,41,33,41,41,27,32,41,41,27,41,41,41,41,41,41,41,41,41,41,41,41,41,27,41,41,39,27,27,41,41,27,41,27,27,39,27,52,230,27,230,44,41,27,27,27,41,41,39,41,41,41,41,27,27,41,41,153,41,27,27,41,35,41,108,229,147,41,41,41,41,41,41,41,41,41,41,27,229,159,229,229,41,33,41,229,213,40,33,28,27,229,41,229,41,27,41,28,27,27,32,27,27,41,27,32,34,41,41,41,41,41,41,41,41,41,73,230,189,230,230,184,230,230,230,41,230,46,27,41,27,41,41,41,27,27,41,28,41,41,41,27,39,41,33,41,27,27,27,28,41,27,27,41,27,41,27,41,27,27,41,32,41,27,27,41,41,41,27,41,41,39,41,28,41,41,27,41,41,40,41,27,41,41,41,41,27,41,41,41,41,27,41,27,32,41,28,229,230,229,27,27,27,230,230,207,27
41,41,41,41,41,41,41,41,41,41,41,41,41,27,39,41,41,41,41,41,34,39,39,39,27,41,27,27,41,41,41,41,27,27,41,27,27,41,39,27,40,27,41,27,32,41,27,41,41,41,41,27,32,41,39,41,27,41,41,41,35,41,41,41,41,41,41,41,41,41,41,27,41,41,41,41,41,27,41,40,27,27,41,41,41,33,27,41,27,41,41,41,27,27,41,41,27,27,41,28,41,41,41,41,41,41,41,41,41,41,41,41,41,41,41,41,41,41,27,41,27,27,27,41,41,27,27,27,41,27,39,27,41,32,28,27,41,32,41,41,41,27,27,41,41,27,27,41,41,41,41,33,41,27,41,27,41,27,40,41,41,41,27,28,41,41,41,41,41,27,27,41,27,41,32,41,41,41,41,41,41,32,27,41,27,27,41,27,27,41,27,32,27,41,27,27,41,27,27,41,41,41,27,41,41,41,41,41,41,41,41,41,41,41,41,41,27,41,41,41,41,27,41,27,27,41,27,41,27,40,28,41,33,27,41,41,27,41,41,39,28,41,41,41,27,27,28,28,41,27,41,41,27,27,27,27,40,27,27,33,41,29,28,41,41,41,41,27,41,41,41,230,41,41,32,27,230,230,230,41,41,41,27,41,229,229,229,229,27,41,27,41,29,27,41,41,41,41,27,28,41,41,41,27,41,41,41,41,41,41,41,32,41,41,41,41,41,41,41,37,39,27,27,27,41,27,27,41,41,27,27,41,41,27,27,41,27,27,27,27,41,28,41,27,41,27,27,27,41,27,41,41,41,41,27,41,27,41,27,32,41,27,27,41,41,41,41,41,41,41,40,229,229,230,41,27,230,27,41,229,53,27,28,41,32,27,27,41,27,41,41,41,40,41,27,27,41,27,32,41,41,41,41,41,41,28,27,41,41,41,41,41,41,41,41,41,41,41,41,41,41,41,27,41,41,27,41,27,27,41,27,39,27,41,41,27,27,27,41,27,27,39,27,41,27,27,27,41,39,27,28,27,27,27,41,27,41,40,27,41,229,27,229,229,229,229,229,181,68,27,83,27,41,227,27,41,41,230,230,132,41,41,99,41,27,27,27,28,27,41,230,41,27,27,218,27,229,41,27,27,41,41,41,41,41,41,41,41,41,41,41,41,41,27,41,28,41,41,41,41,41,35,41,27,27,41,41,41,28,27,41,41,41,27,32,41,41,32,32,41,27,41,41,27,27,41,41,30,27,41,41,97,41,27,41,27,27,230,230,27,57,41,41,230,28,41,230,41,230,161,27,27,32,30,41,41,28,41,41,40,27,41,41,41,41,41,41,41,41,41,27,41,27,27,41,41,41,27,41,27,28,41,41,41,41,33,33,41,27,41,41,41,41,41,41,41,41,41,41,41,41,27,27,27,41,27,41,41,41,27,27,27,27,27,41,41,27,27,41,41,27,41,41,41,27,27,41,27,41,27,41,32,41,27,27,27,30,27,30,27,41,27,41,41,41,41,27,41,41,27,212,229,41,41,70,27,27,210,229,27,41,27,41,40,41,27,41,28,27,27,27,40,41,27,32,27,27,41,27,32,41,41,27,27,41,33,41,41,41,41,41,41,41,41,41,41,41,41,41,41,176,41,230,42,41,41,27,47,230,27,41,41,29,27,41,27,39,27,27,27,27,37,27,27,27,32,32,27,41,41,27,39,41,41,27,41,27,41,27,41,32,41,41,41,27,41,41,27,27,41,139,165,40,41,27,28,41,41,217,172,27,27,41,27,41,41,41,41,41,41,28,27,27,41,41,39,41,41,28,27,41,41,27,41,41,40,41,41,41,41,41,41,41,41,41,41,27,41,41,33,27,27,41,40,27,41,27,27,41,27,41,219,27,183,113,41,27,27,27,41,41,29,41,41,41,41,27,27,41,41,153,41,27,27,41,103,40,205,229,161,41,41,41,41,41,41,41,41,41,41,27,229,53,223,229,41,229,41,229,150,32,103,27,27,190,41,229,41,27,41,27,27,27,27,27,19,41,27,27,33,41,41,41,41,41,41,41,41,41,73,230,80,230,230,86,230,230,230,39,230,50,28,41,27,41,41,38,27,27,41,27,41,41,41,27,41,41,39,41,27,27,27,33,41,27,27,41,27,40,27,41,27,27,41,41,41,27,27,41,41,41,27,41,41,41,41,27,41,41,27,41,41,33,41,27,41,41,41,41,27,41,39,41,40,27,32,27,39,41,27,225,230,229,27,27,27,230,230,230,27
41,41,41,41,41,41,41,41,41,41,41,41,41,27,39,41,41,41,41,41,34,39,39,39,27,41,27,27,41,41,41,41,27,27,41,27,27,41,39,27,40,27,41,27,32,41,27,41,41,41,41,27,32,41,39,41,27,41,41,41,35,41,41,41,41,41,41,41,41,41,41,27,41,41,41,41,41,27,41,40,27,27,41,41,41,33,27,41,27,41,41,41,27,27,41,41,27,27,41,28,41,41,41,41,41,41,41,41,41,41,41,41,41,41,41,41,41,41,27,41,27,27,27,41,41,27,27,27,41,27,39,27,41,32,28,27,41,32,41,41,41,27,27,41,41,27,27,41,41,41,41,33,41,27,41,27,41,27,40,41,41,41,27,28,41,41,41,41,41,27,27,41,27,41,32,41,41,41,41,41,41,32,27,41,27,27,41,27,27,41,27,32,27,41,27,27,41,27,27,41,41,41,27,41,41,41,41,41,41,41,41,41,41,41,41,41,27,41,41,41,41,27,41,27,27,41,27,41,27,40,28,41,33,27,41,41,27,41,41,39,28,41,41,41,27,27,28,28,41,27,41,41,27,27,27,27,40,27,27,33,41,29,28,41,41,41,41,27,41,41,41,230,41,41,32,27,230,230,230,41,41,41,27,41,229,229,229,229,27,41,27,41,29,27,41,41,41,41,27,28,41,41,41,27,41,41,41,41,41,41,41,32,41,41,41,41,41,41,41,37,39,27,27,27,41,27,27,41,41,27,27,41,41,27,27,41,27,27,27,27,41,28,41,27,41,27,27,27,41,27,41,41,41,41,27,41,27,41,27,32,41,27,27,41,41,41,41,41,41,41,40,229,229,230,41,27,230,27,41,229,53,27,28,41,32,27,27,41,27,41,41,41,40,41,27,27,41,27,32,41,41,41,41,41,41,28,27,41,41,41,41,41,41,41,41,41,41,41,41,41,41,41,27,41,41,27,41,27,27,41,27,39,27,41,41,27,27,27,41,27,27,39,27,41,27,27,27,41,39,27,28,27,27,27,41,27,41,40,27,41,229,27,229,229,229,229,229,181,68,27,83,27,41,227,27,41,41,230,230,132,41,41,99,41,27,27,27,28,27,41,230,41,27,27,218,27,229,41,27,27,41,41,41,41,41,41,41,41,41,41,41,41,41,27,41,28,41,41,41,41,41,35,41,27,27,41,41,41,28,27,41,41,41,27,32,41,41,32,32,41,27,41,41,27,27,41,41,30,27,41,41,97,41,27,41,27,27,230,230,27,57,41,41,230,28,41,230,41,230,161,27,27,32,30,41,41,28,41,41,40,27,41,41,41,41,41,41,41,41,41,27,41,27,27,41,41,41,27,41,27,28,41,41,41,41,33,33,41,27,41,41,41,41,41,41,41,41,41,41,41,41,27,27,27,41,27,41,41,41,27,27,27,27,27,41,41,27,27,41,41,27,41,41,41,27,27,41,27,41,27,41,32,41,27,27,27,30,27,30,27,41,27,41,41,41,41,27,41,41,27,212,229,41,41,70,27,27,210,229,27,41,27,41,40,41,27,41,28,27,27,27,40,41,27,32,27,27,41,27,32,41,41,27,27,41,33,41,41,41,41,41,41,41,41,41,41,41,41,41,41,176,41,230,42,41,41,27,47,230,27,41,41,29,27,41,27,39,27,27,27,27,37,27,27,27,32,32,27,41,41,27,39,41,41,27,41,27,41,27,41,32,41,41,41,27,41,41,27,27,41,139,165,40,41,27,28,41,41,217,172,27,27,41,27,41,41,41,41,41,41,28,27,27,41,41,39,41,41,28,27,41,41,27,41,41,40,41,41,41,41,41,41,41,41,41,41,27,41,41,33,27,27,41,40,27,41,27,27,41,27,41,219,27,183,113,41,27,27,27,41,41,29,41,41,41,41,27,27,41,41,153,41,27,27,41,103,40,205,229,161,41,41,41,41,41,41,41,41,41,41,27,229,53,223,229,41,229,41,229,150,32,103,27,27,190,41,229,41,27,41,27,27,27,27,27,19,41,27,27,33,41,41,41,41,41,41,41,41,41,73,230,80,230,230,86,230,230,230,39,230,50,28,41,27,41,41,38,27,27,41,27,41,41,41,27,41,41,39,41,27,27,27,33,41,27,27,41,27,40,27,41,27,27,41,41,41,27,27,41,41,41,27,41,41,41,41,27,41,41,27,41,41,33,41,27,41,41,41,41,27,41,39,41,40,27,32,27,39,41,27,225,230,229,27,27,27,230,230,230,27
41,41,41,41,41,41,41,41,41,41,41,41,41,27,32,41,41,41,41,41,34,28,41,32,27,41,27,27,39,41,41,41,27,27,41,27,27,41,33,27,32,27,41,27,41,41,27,41,39,41,41,27,27,41,33,41,27,41,41,41,35,41,41,41,41,41,41,41,41,41,41,27,41,41,41,41,41,27,41,40,28,27,41,40,41,40,27,41,27,41,41,41,27,27,41,41,27,27,41,32,41,41,41,41,41,41,41,41,41,41,41,41,41,41,41,41,41,41,27,41,27,27,27,41,41,27,27,27,41,28,41,27,41,40,32,27,41,41,41,41,41,27,27,41,41,28,27,41,39,41,41,28,41,27,41,27,41,27,32,41,41,41,28,27,41,41,41,41,39,27,27,41,27,39,27,41,41,41,41,41,41,41,27,41,27,27,41,27,27,41,27,28,27,41,27,27,41,27,27,32,41,41,27,41,41,41,41,41,41,41,41,41,41,41,41,41,27,41,41,41,40,27,27,27,27,41,27,41,27,41,31,41,39,28,38,41,27,41,41,29,27,41,41,41,28,27,33,33,41,27,41,32,27,27,27,27,41,32,27,28,41,38,27,41,41,41,41,27,41,41,41,230,41,41,27,27,230,230,230,41,41,41,27,41,229,229,229,229,27,39,28,41,27,28,41,41,38,41,27,27,41,41,41,27,41,41,41,41,41,41,41,28,41,41,41,40,41,41,41,36,33,27,27,27,41,27,27,41,41,28,27,41,41,27,27,41,27,27,27,27,41,32,41,27,41,27,27,27,41,27,41,37,37,41,28,41,27,41,28,32,41,27,27,41,41,41,41,41,41,41,32,220,229,229,41,28,230,27,41,229,53,27,27,41,40,27,27,37,27,41,41,41,41,40,32,27,39,27,39,41,41,41,41,41,41,27,27,41,41,41,41,41,41,41,41,41,41,41,41,41,41,41,27,39,41,27,41,27,27,41,27,33,28,41,41,27,27,27,41,27,27,41,27,39,28,27,27,41,41,27,27,27,33,39,29,42,41,33,27,38,229,27,229,229,229,229,229,229,41,27,53,27,41,163,27,41,41,230,230,132,32,41,222,40,27,27,27,97,27,41,230,41,27,43,53,27,228,39,27,27,42,41,41,41,41,41,41,41,41,41,41,41,41,27,41,27,41,41,41,41,41,32,41,27,27,41,41,41,32,27,41,41,41,27,27,38,41,41,27,41,27,39,41,28,27,39,41,27,27,41,41,230,41,27,41,97,97,41,230,27,118,41,41,230,27,41,230,41,230,118,27,27,32,37,41,41,27,41,41,41,27,41,41,39,41,41,41,41,41,41,31,41,27,27,41,41,41,28,41,27,27,41,41,41,41,28,28,41,27,41,41,41,41,41,41,41,41,41,41,41,41,27,27,27,41,27,41,41,41,27,27,27,27,27,41,41,27,27,41,32,27,41,41,41,27,27,41,28,41,27,41,41,41,32,27,27,27,27,27,27,41,27,41,39,41,41,27,41,41,27,212,229,41,41,41,27,27,229,229,27,41,27,41,41,41,27,41,33,27,27,27,41,40,27,27,27,27,41,27,28,41,41,27,27,41,28,41,41,41,41,41,41,41,41,41,41,41,41,41,41,176,32,230,110,40,38,27,41,220,27,41,41,27,27,41,27,33,44,27,27,27,30,27,27,27,41,41,27,41,41,27,33,41,41,27,41,28,39,27,41,37,41,41,41,27,41,41,27,27,41,139,41,32,41,27,48,41,41,153,172,27,27,41,27,41,41,41,41,41,41,27,27,27,41,41,41,41,41,32,27,41,41,27,41,41,32,41,41,41,41,41,41,41,41,41,41,27,41,41,28,27,27,40,28,27,41,27,27,41,27,41,52,27,88,197,32,27,27,27,39,41,27,41,41,41,41,27,27,41,41,153,39,27,27,41,213,32,229,229,161,41,32,41,41,41,41,41,32,41,41,27,229,41,159,229,41,229,41,229,72,27,216,27,27,80,41,229,41,27,41,27,27,27,27,27,4,41,27,27,33,41,41,41,41,41,41,41,41,41,71,230,41,230,229,41,230,230,230,33,230,57,32,41,27,41,41,30,28,27,39,27,41,41,41,27,41,41,41,41,27,27,27,39,39,27,27,41,27,33,27,41,27,27,41,41,41,27,27,41,41,41,27,41,41,41,41,27,41,41,27,41,41,27,41,27,41,41,41,41,27,41,32,41,32,27,27,27,41,41,27,98,230,197,44,27,27,229,230,230,27
41,41,41,41,41,41,41,41,41,41,41,41,41,27,32,41,41,41,41,41,34,28,41,32,27,41,27,27,39,41,41,41,27,27,41,27,27,41,33,27,32,27,41,27,41,41,27,41,39,41,41,27,27,41,33,41,27,41,41,41,35,41,41,41,41,41,41,41,41,41,41,27,41,41,41,41,41,27,41,40,28,27,41,40,41,40,27,41,27,41,41,41,27,27,41,41,27,27,41,32,41,41,41,41,41,41,41,41,41,41,41,41,41,41,41,41,41,41,27,41,27,27,27,41,41,27,27,27,41,28,41,27,41,40,32,27,41,41,41,41,41,27,27,41,41,28,27,41,39,41,41,28,41,27,41,27,41,27,32,41,41,41,28,27,41,41,41,41,39,27,27,41,27,39,27,41,41,41,41,41,41,41,27,41,27,27,41,27,27,41,27,28,27,41,27,27,41,27,27,32,41,41,27,41,41,41,41,41,41,41,41,41,41,41,41,41,27,41,41,41,40,27,27,27,27,41,27,41,27,41,31,41,39,28,38,41,27,41,41,29,27,41,41,41,28,27,33,33,41,27,41,32,27,27,27,27,41,32,27,28,41,38,27,41,41,41,41,27,41,41,41,230,41,41,27,27,230,230,230,41,41,41,27,41,229,229,229,229,27,39,28,41,27,28,41,41,38,41,27,27,41,41,41,27,41,41,41,41,41,41,41,28,41,41,41,40,41,41,41,36,33,27,27,27,41,27,27,41,41,28,27,41,41,27,27,41,27,27,27,27,41,32,41,27,41,27,27,27,41,27,41,37,37,41,28,41,27,41,28,32,41,27,27,41,41,41,41,41,41,41,32,220,229,229,41,28,230,27,41,229,53,27,27,41,40,27,27,37,27,41,41,41,41,40,32,27,39,27,39,41,41,41,41,41,41,27,27,41,41,41,41,41,41,41,41,41,41,41,41,41,41,41,27,39,41,27,41,27,27,41,27,33,28,41,41,27,27,27,41,27,27,41,27,39,28,27,27,41,41,27,27,27,33,39,29,42,41,33,27,38,229,27,229,229,229,229,229,229,41,27,53,27,41,163,27,41,41,230,230,132,32,41,222,40,27,27,27,97,27,41,230,41,27,43,53,27,228,39,27,27,42,41,41,41,41,41,41,41,41,41,41,41,41,27,41,27,41,41,41,41,41,32,41,27,27,41,41,41,32,27,41,41,41,27,27,38,41,41,27,41,27,39,41,28,27,39,41,27,27,41,41,230,41,27,41,97,97,41,230,27,118,41,41,230,27,41,230,41,230,118,27,27,32,37,41,41,27,41,41,41,27,41,41,39,41,41,41,41,41,41,31,41,27,27,41,41,41,28,41,27,27,41,41,41,41,28,28,41,27,41,41,41,41,41,41,41,41,41,41,41,41,27,27,27,41,27,41,41,41,27,27,27,27,27,41,41,27,27,41,32,27,41,41,41,27,27,41,28,41,27,41,41,41,32,27,27,27,27,27,27,41,27,41,39,41,41,27,41,41,27,212,229,41,41,41,27,27,229,229,27,41,27,41,41,41,27,41,33,27,27,27,41,40,27,27,27,27,41,27,28,41,41,27,27,41,28,41,41,41,41,41,41,41,41,41,41,41,41,41,41,176,32,230,110,40,38,27,41,220,27,41,41,27,27,41,27,33,44,27,27,27,30,27,27,27,41,41,27,41,41,27,33,41,41,27,41,28,39,27,41,37,41,41,41,27,41,41,27,27,41,139,41,32,41,27,48,41,41,153,172,27,27,41,27,41,41,41,41,41,41,27,27,27,41,41,41,41,41,32,27,41,41,27,41,41,32,41,41,41,41,41,41,41,41,41,41,27,41,41,28,27,27,40,28,27,41,27,27,41,27,41,52,27,88,197,32,27,27,27,39,41,27,41,41,41,41,27,27,41,41,153,39,27,27,41,213,32,229,229,161,41,32,41,41,41,41,41,32,41,41,27,229,41,159,229,41,229,41,229,72,27,216,27,27,80,41,229,41,27,41,27,27,27,27,27,4,41,27,27,33,41,41,41,41,41,41,41,41,41,71,230,41,230,229,41,230,230,230,33,230,57,32,41,27,41,41,30,28,27,39,27,41,41,41,27,41,41,41,41,27,27,27,39,39,27,27,41,27,33,27,41,27,27,41,41,41,27,27,41,41,41,27,41,41,41,41,27,41,41,27,41,41,27,41,27,41,41,41,41,27,41,32,41,32,27,27,27,41,41,27,98,230,197,44,27,27,229,230,230,27
41,41,41,41,41,41,41,41,41,41,41,41,41,27,28,41,41,41,41,41,34,27,41,28,27,41,27,27,33,41,41,41,27,28,41,27,27,41,28,27,27,27,41,27,41,41,27,41,28,40,41,27,27,41,28,41,27,41,41,39,35,41,41,41,41,41,41,41,41,41,41,27,41,41,41,41,41,29,41,40,33,27,38,32,39,41,27,41,27,41,41,41,27,28,32,41,27,27,41,40,41,41,41,41,41,41,41,41,41,41,41,39,41,41,41,41,41,41,27,41,27,27,27,41,41,27,27,27,41,32,41,27,41,41,40,27,41,41,41,41,41,27,27,41,41,33,27,41,33,41,41,27,39,27,41,27,41,27,27,41,41,41,40,27,41,41,32,41,33,27,27,41,27,33,27,41,32,41,41,41,41,41,27,41,27,27,41,27,27,41,28,27,27,40,28,27,40,27,27,27,41,41,27,41,41,41,41,41,41,41,32,32,41,41,41,41,27,41,41,41,32,27,27,27,27,39,27,41,27,41,34,41,41,33,30,41,27,41,39,27,27,41,41,41,33,27,40,39,41,27,41,27,27,27,27,27,41,41,27,27,41,41,27,41,41,41,41,27,41,41,41,230,41,41,27,28,230,215,165,32,41,41,27,41,229,229,229,229,27,29,33,41,27,33,39,41,30,41,28,27,41,41,41,27,41,41,41,41,41,41,41,27,40,41,41,33,41,41,41,36,28,27,27,27,41,27,27,41,41,32,27,41,40,27,27,41,27,27,27,27,41,40,41,27,41,27,27,32,41,27,40,30,30,41,32,41,27,41,33,32,41,27,27,41,41,41,41,41,41,40,27,156,220,229,41,52,229,27,41,229,53,27,27,41,41,27,28,30,27,32,41,41,41,32,41,27,33,27,41,41,41,39,41,41,41,27,27,41,41,41,41,40,41,41,41,41,41,41,41,41,41,41,27,33,41,27,41,27,27,41,28,28,33,41,41,27,27,27,41,27,27,41,27,28,32,27,28,41,41,27,27,27,103,107,27,110,41,28,27,30,229,27,229,229,229,229,229,229,41,27,41,27,41,46,27,41,41,230,230,132,27,41,229,28,27,27,27,227,27,39,230,41,27,111,41,39,191,32,27,27,43,41,41,41,41,41,41,41,41,41,41,41,41,27,41,27,41,41,41,41,41,41,41,27,27,41,41,41,40,27,38,41,41,27,27,30,41,41,27,41,27,32,41,32,27,34,39,27,27,41,41,230,41,27,41,230,230,41,230,27,140,41,41,230,27,41,230,41,230,56,27,27,27,41,41,41,27,41,41,41,27,41,41,33,41,41,41,41,41,41,38,41,27,27,41,41,41,32,41,32,27,41,41,41,41,27,27,41,27,41,41,41,41,41,41,41,41,41,41,41,41,27,27,27,41,27,41,41,41,27,27,27,27,27,41,41,27,27,41,27,27,41,41,41,27,27,41,33,41,28,41,41,41,41,28,27,27,27,27,27,41,30,41,32,41,41,27,41,41,29,212,229,41,41,41,27,27,229,229,27,41,27,41,41,41,27,41,39,27,28,27,41,28,27,27,27,27,41,27,27,41,41,27,27,41,27,41,41,41,41,41,41,41,41,41,41,41,41,41,41,176,27,230,202,28,30,27,41,51,27,41,41,27,39,41,27,28,112,27,27,27,27,27,27,27,41,41,27,39,37,27,28,41,41,27,41,33,33,27,41,38,41,41,41,27,41,41,27,27,41,139,41,28,41,27,214,41,41,66,172,27,28,41,27,41,32,41,41,39,41,27,28,27,41,41,41,41,41,40,27,41,32,27,41,41,27,40,41,39,41,41,39,41,41,41,41,27,41,41,27,27,27,32,27,27,41,27,28,41,27,41,41,31,41,230,27,27,27,27,32,32,27,41,41,41,41,27,27,41,41,153,29,27,27,41,229,28,229,210,161,41,27,41,41,41,41,41,27,41,41,28,164,41,53,223,41,229,32,229,41,27,229,27,27,41,41,228,32,27,41,27,27,19,27,27,4,41,27,27,33,41,41,41,39,41,41,41,41,41,43,230,41,230,229,41,230,230,230,28,230,58,40,41,27,41,41,27,33,27,33,27,41,40,41,27,41,39,41,41,27,27,27,41,33,27,27,41,28,27,27,41,27,27,41,41,40,29,27,41,41,41,27,41,41,41,41,27,41,41,27,41,41,27,41,27,41,41,41,41,27,41,28,41,27,27,27,27,41,41,27,29,230,111,112,34,27,229,229,230,27
41,41,41,41,41,41,41,41,41,41,41,41,41,27,27,41,41,41,41,41,34,27,41,27,27,38,27,27,28,41,41,41,27,33,41,27,32,41,27,27,27,27,41,27,41,41,27,41,27,32,41,32,27,27,27,41,27,41,41,33,35,41,41,41,41,41,41,41,41,41,41,27,41,41,41,41,41,40,41,40,39,27,30,27,28,41,27,41,27,41,41,41,27,33,27,41,27,27,41,41,41,41,41,41,41,41,41,41,41,41,41,33,41,41,41,41,41,41,27,41,27,27,27,39,41,27,27,27,41,39,41,27,41,41,41,27,40,41,27,39,39,27,27,41,41,39,27,41,28,41,41,27,33,27,41,27,41,27,27,41,41,41,41,27,41,32,27,41,28,30,27,41,27,28,27,41,27,41,41,41,41,41,27,41,27,27,41,27,32,41,33,27,27,33,32,27,33,27,27,27,41,41,27,39,41,41,41,41,41,41,27,27,41,41,39,41,27,41,41,41,31,27,27,27,27,33,27,41,27,41,39,41,41,39,27,41,27,41,29,27,27,41,41,41,39,27,41,41,41,27,41,27,27,27,27,27,41,41,27,27,41,41,27,41,41,41,41,27,41,41,41,230,41,41,27,77,230,151,41,27,39,41,27,38,229,229,229,229,27,27,39,41,27,39,33,41,27,41,31,27,41,41,41,27,41,41,41,41,41,41,41,27,32,41,41,27,41,41,41,36,27,27,27,27,41,27,27,41,40,40,27,41,28,27,27,39,27,27,27,27,41,41,41,27,41,27,27,41,41,27,32,27,27,41,40,41,27,32,39,32,41,27,27,41,41,41,32,41,41,32,27,58,156,229,39,211,229,27,41,229,53,27,27,41,41,27,33,27,27,27,41,41,41,27,41,27,28,27,41,41,41,33,41,41,41,27,27,41,41,41,41,32,41,41,41,41,41,41,41,41,41,41,27,28,41,27,41,27,27,41,33,27,39,41,41,27,27,27,41,27,27,41,27,27,40,28,33,41,41,27,27,27,216,206,27,201,39,27,27,27,229,27,229,229,229,229,229,229,41,27,41,27,41,41,27,41,41,230,230,132,27,41,229,27,96,27,27,229,27,33,230,41,27,199,41,108,60,28,27,27,43,41,41,41,40,41,41,41,41,41,41,41,41,27,39,27,41,41,41,41,41,41,41,27,27,41,41,41,41,27,29,41,41,27,27,27,41,41,27,41,27,28,41,40,27,31,33,27,27,41,41,230,39,27,38,230,230,41,230,27,140,41,41,230,27,41,230,41,216,41,27,27,27,41,41,41,27,41,41,41,27,39,41,28,41,41,41,41,41,41,41,41,27,28,41,41,41,39,41,41,27,41,41,41,41,27,27,41,27,41,41,41,41,41,41,41,41,41,41,41,39,27,27,27,41,27,41,41,41,27,27,32,27,27,41,41,27,27,41,27,32,41,41,41,27,32,41,39,41,33,41,41,41,41,32,27,27,27,27,27,41,38,41,28,41,41,27,41,41,39,205,229,41,41,41,27,27,229,229,27,41,27,41,41,41,27,41,41,27,32,27,41,27,32,27,27,27,41,27,27,41,41,27,27,41,27,41,41,41,41,41,41,41,41,41,41,41,32,41,41,41,27,230,230,27,27,27,41,41,27,41,41,27,108,41,27,27,197,27,27,27,27,27,27,27,41,41,27,33,30,27,27,41,41,27,41,39,28,27,41,38,41,41,41,27,41,41,27,27,41,139,41,27,40,27,230,41,40,41,172,32,33,41,27,39,27,32,27,33,41,27,33,27,41,41,41,41,40,41,27,32,27,27,41,41,27,32,41,33,41,41,32,41,41,41,41,27,41,41,27,27,27,27,27,27,41,27,33,41,27,41,41,100,41,230,27,27,27,42,28,27,27,41,41,41,41,27,27,41,41,153,27,36,27,40,229,27,229,59,161,41,27,41,41,41,32,41,27,41,41,70,41,41,41,159,41,229,27,229,41,27,229,27,27,41,27,42,27,27,41,27,27,4,27,25,4,40,27,27,33,41,41,41,33,41,41,41,41,41,41,230,41,230,229,41,230,230,230,27,230,58,41,41,27,41,39,27,39,27,28,27,41,28,41,27,41,32,41,41,27,27,27,41,28,27,27,41,32,27,27,41,27,27,41,41,33,39,27,41,41,41,27,41,41,41,41,27,41,41,27,41,41,27,32,27,41,41,41,41,27,41,27,41,27,27,27,27,41,41,27,27,230,43,199,104,27,229,229,230,27
41,41,41,41,41,41,41,41,41,41,41,41,41,27,27,41,41,41,41,41,34,27,41,27,27,38,27,27,28,41,41,41,27,33,41,27,32,41,27,27,27,27,41,27,41,41,27,41,27,32,41,32,27,27,27,41,27,41,41,33,35,41,41,41,41,41,41,41,41,41,41,27,41,41,41,41,41,40,41,40,39,27,30,27,28,41,27,41,27,41,41,41,27,33,27,41,27,27,41,41,41,41,41,41,41,41,41,41,41,41,41,33,41,41,41,41,41,41,27,41,27,27,27,39,41,27,27,27,41,39,41,27,41,41,41,27,40,41,27,39,39,27,27,41,41,39,27,41,28,41,41,27,33,27,41,27,41,27,27,41,41,41,41,27,41,32,27,41,28,30,27,41,27,28,27,41,27,41,41,41,41,41,27,41,27,27,41,27,32,41,33,27,27,33,32,27,33,27,27,27,41,41,27,39,41,41,41,41,41,41,27,27,41,41,39,41,27,41,41,41,31,27,27,27,27,33,27,41,27,41,39,41,41,39,27,41,27,41,29,27,27,41,41,41,39,27,41,41,41,27,41,27,27,27,27,27,41,41,27,27,41,41,27,41,41,41,41,27,41,41,41,230,41,41,27,77,230,151,41,27,39,41,27,38,229,229,229,229,27,27,39,41,27,39,33,41,27,41,31,27,41,41,41,27,41,41,41,41,41,41,41,27,32,41,41,27,41,41,41,36,27,27,27,27,41,27,27,41,40,40,27,41,28,27,27,39,27,27,27,27,41,41,41,27,41,27,27,41,41,27,32,27,27,41,40,41,27,32,39,32,41,27,27,41,41,41,32,41,41,32,27,58,156,229,39,211,229,27,41,229,53,27,27,41,41,27,33,27,27,27,41,41,41,27,41,27,28,27,41,41,41,33,41,41,41,27,27,41,41,41,41,32,41,41,41,41,41,41,41,41,41,41,27,28,41,27,41,27,27,41,33,27,39,41,41,27,27,27,41,27,27,41,27,27,40,28,33,41,41,27,27,27,216,206,27,201,39,27,27,27,229,27,229,229,229,229,229,229,41,27,41,27,41,41,27,41,41,230,230,132,27,41,229,27,96,27,27,229,27,33,230,41,27,199,41,108,60,28,27,27,43,41,41,41,40,41,41,41,41,41,41,41,41,27,39,27,41,41,41,41,41,41,41,27,27,41,41,41,41,27,29,41,41,27,27,27,41,41,27,41,27,28,41,40,27,31,33,27,27,41,41,230,39,27,38,230,230,41,230,27,140,41,41,230,27,41,230,41,216,41,27,27,27,41,41,41,27,41,41,41,27,39,41,28,41,41,41,41,41,41,41,41,27,28,41,41,41,39,41,41,27,41,41,41,41,27,27,41,27,41,41,41,41,41,41,41,41,41,41,41,39,27,27,27,41,27,41,41,41,27,27,32,27,27,41,41,27,27,41,27,32,41,41,41,27,32,41,39,41,33,41,41,41,41,32,27,27,27,27,27,41,38,41,28,41,41,27,41,41,39,205,229,41,41,41,27,27,229,229,27,41,27,41,41,41,27,41,41,27,32,27,41,27,32,27,27,27,41,27,27,41,41,27,27,41,27,41,41,41,41,41,41,41,41,41,41,41,32,41,41,41,27,230,230,27,27,27,41,41,27,41,41,27,108,41,27,27,197,27,27,27,27,27,27,27,41,41,27,33,30,27,27,41,41,27,41,39,28,27,41,38,41,41,41,27,41,41,27,27,41,139,41,27,40,27,230,41,40,41,172,32,33,41,27,39,27,32,27,33,41,27,33,27,41,41,41,41,40,41,27,32,27,27,41,41,27,32,41,33,41,41,32,41,41,41,41,27,41,41,27,27,27,27,27,27,41,27,33,41,27,41,41,100,41,230,27,27,27,42,28,27,27,41,41,41,41,27,27,41,41,153,27,36,27,40,229,27,229,59,161,41,27,41,41,41,32,41,27,41,41,70,41,41,41,159,41,229,27,229,41,27,229,27,27,41,27,42,27,27,41,27,27,4,27,25,4,40,27,27,33,41,41,41,33,41,41,41,41,41,41,230,41,230,229,41,230,230,230,27,230,58,41,41,27,41,39,27,39,27,28,27,41,28,41,27,41,32,41,41,27,27,27,41,28,27,27,41,32,27,27,41,27,27,41,41,33,39,27,41,41,41,27,41,41,41,41,27,41,41,27,41,41,27,32,27,41,41,41,41,27,41,27,41,27,27,27,27,41,41,27,27,230,43,199,104,27,229,229,230,27
41,41,39,41,41,41,39,41,41,41,41,41,41,27,27,41,41,41,41,41,34,27,41,27,27,31,27,27,27,41,41,41,27,39,41,27,41,41,27,27,27,27,41,27,41,41,27,41,27,27,41,41,27,27,27,41,27,41,41,28,35,41,41,41,41,41,41,41,41,41,41,27,41,41,41,41,41,41,41,41,41,27,27,27,27,41,27,41,27,41,41,41,27,39,27,41,27,27,41,41,41,41,41,41,41,41,41,41,41,41,41,28,41,41,41,41,41,41,27,41,27,28,27,33,41,27,27,27,41,41,41,27,41,41,41,27,32,41,27,29,29,30,27,41,41,41,32,40,27,38,41,27,28,33,41,27,41,27,27,41,41,41,41,27,41,27,27,41,27,38,27,41,27,27,27,41,27,41,41,41,41,41,27,41,27,27,39,27,41,41,40,27,27,28,40,27,28,27,27,27,41,41,27,33,41,41,41,41,41,41,27,27,41,41,33,41,27,41,41,41,31,27,27,27,27,28,27,40,27,41,41,41,41,41,27,32,27,41,27,27,27,41,41,37,41,27,41,41,41,27,41,27,27,27,27,27,41,41,32,27,41,41,27,41,41,41,41,27,41,41,41,230,41,41,27,185,215,69,41,27,33,41,27,30,193,229,229,206,27,27,41,41,27,41,28,27,27,41,34,27,41,41,41,27,41,41,41,41,41,41,41,27,27,41,41,27,41,41,41,36,27,27,27,27,41,27,27,41,32,41,27,39,27,27,27,33,28,27,27,28,41,41,41,27,41,27,27,41,41,27,27,27,27,32,41,41,27,27,41,33,41,27,27,41,39,41,27,41,41,27,27,41,58,229,33,230,229,27,41,229,53,27,27,41,41,27,39,27,27,27,41,41,41,27,41,27,27,27,41,41,41,27,41,41,41,27,27,41,32,41,41,27,41,41,41,41,41,41,41,41,41,40,27,27,41,27,41,27,27,41,39,27,41,41,41,27,28,28,41,27,27,41,32,27,41,32,39,41,41,27,27,27,229,229,27,229,33,27,27,27,229,27,229,229,229,229,229,229,41,27,41,27,41,41,27,41,41,230,230,131,27,40,229,27,229,27,27,229,27,28,230,41,27,230,41,208,27,27,27,27,43,41,41,41,32,41,41,41,41,40,41,41,41,27,33,27,41,41,41,41,41,41,41,27,27,41,41,40,41,27,27,41,41,27,27,27,41,41,27,41,27,27,41,41,28,28,28,27,27,39,40,230,33,27,30,230,230,41,41,27,140,41,41,230,27,41,230,41,153,41,27,27,27,41,41,41,27,41,41,41,28,33,41,27,40,39,41,41,40,41,41,41,27,32,39,41,41,41,41,41,27,41,41,41,41,27,27,41,27,41,41,41,41,41,41,41,41,41,41,41,33,27,27,27,41,27,41,41,38,27,27,32,27,27,41,41,27,27,41,27,41,40,41,40,28,41,39,41,41,39,41,41,41,41,40,28,27,27,27,27,41,41,41,27,41,41,31,41,41,41,146,229,41,41,41,29,27,229,229,27,41,27,41,41,41,27,41,41,27,40,28,41,27,41,27,28,27,40,28,27,41,41,27,27,41,27,41,41,39,41,41,41,40,41,41,41,41,27,41,41,41,27,190,230,27,27,27,41,41,27,37,40,27,207,39,27,27,230,27,27,27,27,27,27,27,41,41,28,28,27,32,27,39,41,27,41,41,27,27,41,38,41,40,41,27,41,41,27,27,41,139,41,27,32,33,230,41,32,41,172,41,39,39,27,33,27,27,27,28,41,27,39,27,41,41,41,41,32,41,27,27,27,27,41,41,27,28,41,28,41,41,28,41,41,41,41,27,32,41,27,28,27,27,27,28,41,28,39,41,27,40,41,222,41,230,27,27,27,111,27,27,27,41,41,27,41,27,27,41,41,41,27,104,27,32,229,27,194,41,141,41,27,41,41,41,27,41,27,41,41,191,41,41,41,53,41,229,27,213,41,27,229,27,27,41,27,41,27,27,27,27,27,4,27,18,4,32,27,27,33,41,41,41,28,41,41,41,41,41,41,230,41,230,229,41,230,230,230,27,230,58,41,41,27,41,33,27,41,27,27,27,41,27,41,27,41,28,41,41,27,27,27,41,27,28,27,41,40,27,27,40,27,27,41,41,31,41,27,41,41,41,27,41,41,41,41,27,41,41,27,41,41,27,27,40,41,41,41,41,27,41,27,40,27,27,27,32,41,41,27,27,229,27,230,217,27,229,229,230,27
41,41,33,41,41,41,33,41,41,41,41,41,41,27,27,41,41,41,41,41,34,27,41,27,27,27,30,28,27,41,41,41,28,41,41,27,41,41,27,27,27,27,41,27,41,32,31,41,27,27,40,41,27,27,27,41,27,41,37,27,37,41,41,41,41,41,41,41,41,41,41,27,41,41,41,39,41,41,41,41,41,27,27,27,27,41,27,41,27,41,41,41,27,41,27,41,27,32,41,41,41,41,41,41,41,41,41,41,41,41,41,27,41,41,41,41,41,41,27,41,27,33,28,28,40,27,27,27,41,41,41,27,41,41,41,27,27,41,27,27,27,38,27,39,41,41,40,32,27,30,41,27,27,40,41,27,27,27,27,41,41,41,41,27,41,27,27,41,27,41,27,41,27,27,27,41,27,41,41,41,40,41,27,40,27,27,33,27,41,41,41,27,27,27,41,27,27,41,27,27,41,41,27,28,41,41,41,41,41,41,27,27,41,41,28,41,29,40,41,41,31,27,27,30,27,27,27,32,27,41,41,41,41,41,27,27,27,41,27,27,27,41,41,30,41,27,41,41,41,27,41,27,27,27,27,27,41,41,41,27,39,41,27,41,41,41,41,27,41,41,32,230,39,41,27,230,151,41,41,27,28,39,27,27,77,229,229,64,27,27,41,41,27,41,27,27,27,39,39,27,41,41,41,27,41,41,41,41,41,41,41,27,27,41,41,27,40,41,41,36,27,30,27,27,41,27,27,41,28,41,28,33,27,27,27,28,33,27,27,32,41,41,41,27,41,27,27,41,41,27,27,27,27,27,41,40,27,27,41,36,41,27,27,41,33,41,27,41,41,27,27,41,41,229,28,230,229,27,41,224,53,27,27,41,41,27,41,27,27,27,41,39,41,27,41,27,27,28,41,41,41,27,41,41,41,27,27,41,27,41,41,27,41,41,41,41,41,41,41,41,41,32,27,27,41,27,41,27,27,41,41,27,41,32,41,27,33,40,41,27,27,41,41,27,41,40,41,41,41,27,27,27,229,229,27,229,28,27,27,27,41,27,229,229,229,229,229,229,39,27,41,27,41,41,27,41,41,230,230,131,27,28,220,27,229,27,27,229,27,27,226,32,27,230,40,230,27,27,27,27,43,41,41,41,27,41,41,41,41,33,41,41,41,27,28,27,41,41,41,41,41,41,41,27,27,41,41,32,41,27,27,41,41,33,27,27,41,41,27,41,40,27,40,41,33,27,27,27,27,28,32,196,28,44,27,230,230,41,41,27,140,41,41,230,27,41,230,41,67,41,27,27,27,41,41,41,27,41,41,41,33,28,41,27,33,33,41,41,28,39,41,41,27,40,33,40,41,41,41,41,27,41,41,41,32,27,27,41,27,41,41,41,41,41,41,41,41,41,41,41,28,27,27,27,41,27,41,41,31,27,27,41,41,28,41,41,27,27,41,27,41,32,41,32,32,41,33,41,41,41,41,41,41,41,41,32,27,27,27,27,41,41,41,27,41,41,38,41,40,41,55,229,41,40,41,40,27,229,229,27,41,27,39,41,41,27,41,41,27,41,33,41,27,41,27,32,28,32,32,27,41,41,27,27,41,27,41,41,33,41,41,41,32,41,41,41,41,27,41,41,41,27,81,230,27,27,27,41,41,27,30,32,27,230,29,27,27,230,27,34,27,27,28,27,27,41,41,33,27,27,41,27,33,39,27,32,41,27,27,41,38,41,32,41,27,41,41,27,28,41,136,41,27,28,230,230,41,27,41,172,41,41,33,27,28,27,27,27,27,41,27,41,27,41,41,41,41,27,41,27,27,27,27,41,41,27,27,41,27,41,41,27,41,41,41,41,27,27,41,27,33,28,27,27,33,39,33,41,41,27,32,41,230,38,230,27,27,42,201,27,27,27,41,41,27,41,27,27,41,41,41,27,212,27,28,229,27,75,41,61,41,27,41,41,41,27,41,27,41,41,229,41,41,41,41,40,229,27,150,41,27,229,27,27,41,27,41,27,27,27,27,27,4,27,7,4,27,27,27,33,41,34,41,27,32,41,41,41,41,41,230,39,230,229,39,230,230,230,27,230,58,41,41,27,41,28,27,41,27,27,27,32,27,41,27,41,27,41,41,27,27,27,41,27,33,27,41,41,27,27,33,27,28,41,41,28,41,28,41,27,41,27,41,41,41,41,27,41,41,27,41,41,27,27,41,41,41,41,41,27,39,27,32,27,28,27,41,41,41,27,27,229,27,230,230,27,229,229,229,27
41,41,33,41,41,41,33,41,41,41,41,41,41,27,27,41,41,41,41,41,34,27,41,27,27,27,30,28,27,41,41,41,28,41,41,27,41,41,27,27,27,27,41,27,41,32,31,41,27,27,40,41,27,27,27,41,27,41,37,27,37,41,41,41,41,41,41,41,41,41,41,27,41,41,41,39,41,41,41,41,41,27,27,27,27,41,27,41,27,41,41,41,27,41,27,41,27,32,41,41,41,41,41,41,41,41,41,41,41,41,41,27,41,41,41,41,41,41,27,41,27,33,28,28,40,27,27,27,41,41,41,27,41,41,41,27,27,41,27,27,27,38,27,39,41,41,40,32,27,30,41,27,27,40,41,27,27,27,27,41,41,41,41,27,41,27,27,41,27,41,27,41,27,27,27,41,27,41,41,41,40,41,27,40,27,27,33,27,41,41,41,27,27,27,41,27,27,41,27,27,41,41,27,28,41,41,41,41,41,41,27,27,41,41,28,41,29,40,41,41,31,27,27,30,27,27,27,32,27,41,41,41,41,41,27,27,27,41,27,27,27,41,41,30,41,27,41,41,41,27,41,27,27,27,27,27,41,41,41,27,39,41,27,41,41,41,41,27,41,41,32,230,39,41,27,230,151,41,41,27,28,39,27,27,77,229,229,64,27,27,41,41,27,41,27,27,27,39,39,27,41,41,41,27,41,41,41,41,41,41,41,27,27,41,41,27,40,41,41,36,27,30,27,27,41,27,27,41,28,41,28,33,27,27,27,28,33,27,27,32,41,41,41,27,41,27,27,41,41,27,27,27,27,27,41,40,27,27,41,36,41,27,27,41,33,41,27,41,41,27,27,41,41,229,28,230,229,27,41,224,53,27,27,41,41,27,41,27,27,27,41,39,41,27,41,27,27,28,41,41,41,27,41,41,41,27,27,41,27,41,41,27,41,41,41,41,41,41,41,41,41,32,27,27,41,27,41,27,27,41,41,27,41,32,41,27,33,40,41,27,27,41,41,27,41,40,41,41,41,27,27,27,229,229,27,229,28,27,27,27,41,27,229,229,229,229,229,229,39,27,41,27,41,41,27,41,41,230,230,131,27,28,220,27,229,27,27,229,27,27,226,32,27,230,40,230,27,27,27,27,43,41,41,41,27,41,41,41,41,33,41,41,41,27,28,27,41,41,41,41,41,41,41,27,27,41,41,32,41,27,27,41,41,33,27,27,41,41,27,41,40,27,40,41,33,27,27,27,27,28,32,196,28,44,27,230,230,41,41,27,140,41,41,230,27,41,230,41,67,41,27,27,27,41,41,41,27,41,41,41,33,28,41,27,33,33,41,41,28,39,41,41,27,40,33,40,41,41,41,41,27,41,41,41,32,27,27,41,27,41,41,41,41,41,41,41,41,41,41,41,28,27,27,27,41,27,41,41,31,27,27,41,41,28,41,41,27,27,41,27,41,32,41,32,32,41,33,41,41,41,41,41,41,41,41,32,27,27,27,27,41,41,41,27,41,41,38,41,40,41,55,229,41,40,41,40,27,229,229,27,41,27,39,41,41,27,41,41,27,41,33,41,27,41,27,32,28,32,32,27,41,41,27,27,41,27,41,41,33,41,41,41,32,41,41,41,41,27,41,41,41,27,81,230,27,27,27,41,41,27,30,32,27,230,29,27,27,230,27,34,27,27,28,27,27,41,41,33,27,27,41,27,33,39,27,32,41,27,27,41,38,41,32,41,27,41,41,27,28,41,136,41,27,28,230,230,41,27,41,172,41,41,33,27,28,27,27,27,27,41,27,41,27,41,41,41,41,27,41,27,27,27,27,41,41,27,27,41,27,41,41,27,41,41,41,41,27,27,41,27,33,28,27,27,33,39,33,41,41,27,32,41,230,38,230,27,27,42,201,27,27,27,41,41,27,41,27,27,41,41,41,27,212,27,28,229,27,75,41,61,41,27,41,41,41,27,41,27,41,41,229,41,41,41,41,40,229,27,150,41,27,229,27,27,41,27,41,27,27,27,27,27,4,27,7,4,27,27,27,33,41,34,41,27,32,41,41,41,41,41,230,39,230,229,39,230,230,230,27,230,58,41,41,27,41,28,27,41,27,27,27,32,27,41,27,41,27,41,41,27,27,27,41,27,33,27,41,41,27,27,33,27,28,41,41,28,41,28,41,27,41,27,41,41,41,41,27,41,41,27,41,41,27,27,41,41,41,41,41,27,39,27,32,27,28,27,41,41,41,27,27,229,27,230,230,27,229,229,229,27
41,41,28,41,41,41,28,41,41,41,41,41,41,27,27,41,41,41,41,41,34,27,41,27,27,27,37,32,27,41,34,40,40,41,41,27,41,41,27,27,27,28,40,27,41,27,38,41,27,27,32,41,27,27,27,41,27,32,30,27,41,41,41,41,41,41,41,41,41,41,41,27,41,41,41,33,41,41,41,41,41,27,27,27,27,41,27,41,27,39,41,41,30,41,27,41,27,41,41,41,41,41,41,41,41,41,41,41,41,41,41,27,41,41,41,41,41,41,27,41,27,39,33,27,32,27,27,27,41,41,41,27,41,41,41,28,27,41,27,27,27,41,27,33,41,41,41,28,27,27,41,27,27,41,41,27,27,27,27,41,41,41,41,27,41,27,27,41,27,41,27,41,27,27,27,41,27,41,41,41,33,41,27,32,27,27,28,30,41,41,41,27,27,27,41,27,27,41,27,27,41,41,31,27,41,41,41,41,41,41,27,27,41,41,27,41,39,32,41,41,31,27,27,39,27,27,27,28,32,41,41,38,41,41,27,27,27,41,27,27,27,41,41,27,41,27,41,41,41,27,41,27,27,27,27,27,41,41,41,27,28,41,27,41,39,41,41,27,41,41,27,230,33,41,27,230,69,41,41,27,27,29,27,27,41,41,41,41,27,27,41,39,27,41,27,27,27,28,41,27,41,39,41,27,41,41,41,41,41,41,41,27,27,41,41,27,33,41,41,36,27,38,27,27,40,30,27,41,27,41,32,28,27,27,27,27,39,28,27,40,41,41,41,27,41,27,27,41,41,28,27,27,27,27,41,32,28,27,41,40,41,27,27,41,28,41,27,41,41,27,27,41,41,214,27,230,229,27,41,160,53,27,27,41,41,27,41,27,27,27,41,29,41,27,41,27,27,32,41,41,32,27,41,41,41,27,27,41,27,41,41,27,41,40,41,32,41,41,41,41,41,28,28,27,32,27,27,27,27,32,41,27,41,27,41,27,39,41,41,27,27,41,41,27,41,41,41,41,41,27,27,27,229,229,27,229,27,27,27,27,41,27,229,229,229,229,229,229,32,27,41,27,41,41,29,41,39,230,224,131,27,27,49,27,229,27,27,226,27,27,45,27,43,230,33,230,27,27,27,27,43,41,41,32,27,41,41,41,41,27,41,41,41,27,27,27,41,41,41,41,41,41,41,27,32,41,41,28,41,27,27,41,41,40,27,27,41,41,27,41,41,27,32,41,39,27,27,27,27,27,27,75,27,113,27,230,230,41,41,27,140,41,41,230,27,41,230,41,41,41,27,27,27,41,41,41,27,41,41,41,39,27,41,27,31,28,41,41,27,33,41,41,27,41,28,32,41,41,41,41,27,41,41,41,27,27,27,41,27,41,41,41,41,41,41,41,32,41,41,32,27,27,32,27,41,27,41,41,27,27,27,41,41,33,41,41,27,27,41,27,41,28,41,27,40,41,28,41,41,41,41,41,41,41,41,40,27,27,27,27,41,41,41,27,41,41,41,41,32,41,41,215,39,32,41,41,27,229,216,27,41,27,29,41,41,27,32,41,27,41,40,41,27,41,27,38,32,27,40,27,41,41,27,27,41,27,41,41,28,41,41,41,27,41,41,41,41,27,41,41,41,27,41,230,27,27,27,39,41,27,27,27,27,230,27,27,27,230,27,86,27,27,33,27,27,41,41,39,27,27,41,27,28,33,27,27,41,27,27,41,38,40,28,41,27,41,41,27,39,41,112,41,27,27,230,230,41,27,41,127,41,41,31,27,27,27,27,27,27,41,27,41,27,39,41,41,39,27,41,27,27,27,27,41,41,27,27,40,27,41,41,27,41,41,41,41,27,27,41,27,39,32,27,27,39,33,39,41,41,27,27,40,230,32,183,27,27,111,230,27,27,27,39,32,27,41,28,28,41,40,41,27,229,27,27,207,27,41,41,41,41,27,41,41,41,27,41,27,41,41,229,41,41,41,41,32,229,27,72,41,27,210,27,27,39,27,41,27,96,27,27,27,4,27,4,5,27,27,27,33,41,28,41,27,27,41,41,41,41,41,230,32,230,184,33,230,230,230,27,229,56,41,41,28,41,27,27,41,29,27,27,27,27,41,27,41,27,41,41,27,27,27,41,27,39,27,41,41,27,32,28,27,32,40,41,27,41,32,40,27,41,27,41,41,41,41,27,41,41,27,41,41,27,27,41,41,41,41,41,27,32,27,27,27,32,27,41,41,41,27,27,229,27,230,230,27,199,229,229,27
41,41,27,41,41,41,27,41,41,41,41,41,41,27,27,41,32,41,41,41,34,27,41,27,27,27,41,40,27,34,28,34,41,41,41,27,41,39,27,28,27,41,27,32,41,27,41,41,27,27,27,41,27,27,27,41,27,27,27,27,41,41,41,41,41,41,41,41,41,41,41,27,41,41,41,28,41,41,41,41,41,27,27,27,27,41,27,41,27,33,41,39,38,41,27,41,27,41,41,41,41,41,41,41,41,41,41,41,41,41,41,27,41,41,41,41,41,41,27,41,30,41,39,27,27,27,27,27,41,41,41,28,41,41,41,32,27,41,27,27,27,41,27,28,41,41,41,27,27,27,41,27,27,41,40,27,27,32,27,41,32,41,41,27,41,27,27,41,27,41,27,41,27,27,27,32,27,41,41,41,28,41,27,27,32,32,27,37,41,41,41,27,27,27,41,27,27,41,27,27,41,41,38,27,41,32,41,41,41,41,27,27,41,41,27,41,41,27,41,41,31,32,27,41,27,27,28,27,41,41,41,30,41,41,27,27,27,41,27,27,27,41,41,27,41,27,41,41,41,29,40,27,27,32,27,27,41,41,41,27,27,41,27,41,33,41,41,27,41,41,27,230,28,32,27,230,41,41,41,27,27,27,39,27,41,41,41,41,27,27,41,33,27,41,27,27,27,27,41,27,41,33,41,41,41,41,41,41,41,41,41,27,27,41,41,27,27,41,41,36,27,41,27,27,33,38,27,41,27,41,40,27,27,27,27,27,41,33,28,41,41,41,41,27,41,28,27,41,38,33,27,27,27,27,41,27,33,27,41,41,41,27,27,41,27,40,27,41,41,27,27,41,41,151,27,230,226,27,41,49,53,28,27,41,41,27,41,27,27,27,41,27,41,27,41,27,27,39,41,41,27,27,41,41,41,27,29,41,27,41,41,27,41,32,41,27,41,41,41,41,39,27,32,27,27,27,27,27,27,27,41,27,41,27,41,27,41,41,41,29,27,41,41,27,41,41,41,41,41,27,27,27,229,196,27,189,27,27,27,27,41,27,229,182,229,229,229,229,28,27,39,27,41,41,80,41,33,230,159,131,27,27,41,27,229,27,27,44,27,27,41,27,111,230,27,230,27,27,40,27,41,41,41,27,27,41,41,41,41,27,41,41,41,27,27,27,41,41,41,40,41,41,32,27,41,41,41,27,41,27,27,39,41,41,27,27,41,41,27,41,41,27,27,41,41,27,27,27,27,27,27,41,27,198,27,230,41,32,41,27,140,41,41,227,27,41,230,39,41,41,27,27,27,41,41,41,27,41,41,41,41,27,41,27,27,27,41,41,27,28,41,41,27,41,27,27,41,41,41,41,27,41,41,41,27,27,27,41,27,41,41,41,41,41,41,41,27,37,41,27,27,27,41,27,41,27,32,39,27,28,27,41,41,39,39,41,27,27,41,27,41,27,41,27,41,41,27,41,39,41,32,41,41,41,41,41,27,28,27,27,41,41,41,27,41,41,41,41,28,41,41,152,32,27,41,41,27,229,152,27,41,27,27,41,41,30,27,41,28,41,41,41,27,41,27,41,38,27,41,27,41,41,27,29,41,27,41,41,27,41,41,41,27,41,41,41,41,27,41,41,41,27,41,190,27,27,30,28,40,27,27,27,27,230,27,27,27,230,27,170,27,27,39,28,32,41,41,41,27,27,41,27,27,28,27,27,41,27,27,41,38,32,27,41,27,41,40,27,41,41,130,41,27,27,230,230,41,27,41,41,41,41,28,27,27,27,27,27,27,40,27,41,28,33,41,41,33,27,41,27,27,27,27,41,41,27,27,32,27,41,41,27,41,41,41,41,30,27,41,27,41,40,27,27,41,28,41,41,41,27,27,32,230,28,88,27,27,201,230,27,27,27,33,27,27,41,33,32,41,33,41,27,229,27,27,63,27,41,40,41,41,27,41,41,41,27,41,27,41,39,229,41,41,41,41,28,229,27,41,41,27,59,27,41,33,27,41,27,229,27,27,27,4,27,4,40,27,27,27,33,41,27,41,27,27,40,41,41,41,40,230,28,230,187,31,229,230,230,27,229,43,41,39,33,41,27,27,41,39,27,27,27,27,32,32,41,27,41,32,27,32,27,41,27,41,27,41,41,27,40,27,28,40,32,41,27,41,40,32,27,41,27,39,41,41,41,27,41,41,27,41,41,27,27,41,41,40,41,41,27,28,27,27,27,40,27,41,41,41,27,27,229,27,230,230,46,110,206,229,27
41,41,27,41,41,41,27,41,41,41,41,41,41,27,27,41,32,41,41,41,34,27,41,27,27,27,41,40,27,34,28,34,41,41,41,27,41,39,27,28,27,41,27,32,41,27,41,41,27,27,27,41,27,27,27,41,27,27,27,27,41,41,41,41,41,41,41,41,41,41,41,27,41,41,41,28,41,41,41,41,41,27,27,27,27,41,27,41,27,33,41,39,38,41,27,41,27,41,41,41,41,41,41,41,41,41,41,41,41,41,41,27,41,41,41,41,41,41,27,41,30,41,39,27,27,27,27,27,41,41,41,28,41,41,41,32,27,41,27,27,27,41,27,28,41,41,41,27,27,27,41,27,27,41,40,27,27,32,27,41,32,41,41,27,41,27,27,41,27,41,27,41,27,27,27,32,27,41,41,41,28,41,27,27,32,32,27,37,41,41,41,27,27,27,41,27,27,41,27,27,41,41,38,27,41,32,41,41,41,41,27,27,41,41,27,41,41,27,41,41,31,32,27,41,27,27,28,27,41,41,41,30,41,41,27,27,27,41,27,27,27,41,41,27,41,27,41,41,41,29,40,27,27,32,27,27,41,41,41,27,27,41,27,41,33,41,41,27,41,41,27,230,28,32,27,230,41,41,41,27,27,27,39,27,41,41,41,41,27,27,41,33,27,41,27,27,27,27,41,27,41,33,41,41,41,41,41,41,41,41,41,27,27,41,41,27,27,41,41,36,27,41,27,27,33,38,27,41,27,41,40,27,27,27,27,27,41,33,28,41,41,41,41,27,41,28,27,41,38,33,27,27,27,27,41,27,33,27,41,41,41,27,27,41,27,40,27,41,41,27,27,41,41,151,27,230,226,27,41,49,53,28,27,41,41,27,41,27,27,27,41,27,41,27,41,27,27,39,41,41,27,27,41,41,41,27,29,41,27,41,41,27,41,32,41,27,41,41,41,41,39,27,32,27,27,27,27,27,27,27,41,27,41,27,41,27,41,41,41,29,27,41,41,27,41,41,41,41,41,27,27,27,229,196,27,189,27,27,27,27,41,27,229,182,229,229,229,229,28,27,39,27,41,41,80,41,33,230,159,131,27,27,41,27,229,27,27,44,27,27,41,27,111,230,27,230,27,27,40,27,41,41,41,27,27,41,41,41,41,27,41,41,41,27,27,27,41,41,41,40,41,41,32,27,41,41,41,27,41,27,27,39,41,41,27,27,41,41,27,41,41,27,27,41,41,27,27,27,27,27,27,41,27,198,27,230,41,32,41,27,140,41,41,227,27,41,230,39,41,41,27,27,27,41,41,41,27,41,41,41,41,27,41,27,27,27,41,41,27,28,41,41,27,41,27,27,41,41,41,41,27,41,41,41,27,27,27,41,27,41,41,41,41,41,41,41,27,37,41,27,27,27,41,27,41,27,32,39,27,28,27,41,41,39,39,41,27,27,41,27,41,27,41,27,41,41,27,41,39,41,32,41,41,41,41,41,27,28,27,27,41,41,41,27,41,41,41,41,28,41,41,152,32,27,41,41,27,229,152,27,41,27,27,41,41,30,27,41,28,41,41,41,27,41,27,41,38,27,41,27,41,41,27,29,41,27,41,41,27,41,41,41,27,41,41,41,41,27,41,41,41,27,41,190,27,27,30,28,40,27,27,27,27,230,27,27,27,230,27,170,27,27,39,28,32,41,41,41,27,27,41,27,27,28,27,27,41,27,27,41,38,32,27,41,27,41,40,27,41,41,130,41,27,27,230,230,41,27,41,41,41,41,28,27,27,27,27,27,27,40,27,41,28,33,41,41,33,27,41,27,27,27,27,41,41,27,27,32,27,41,41,27,41,41,41,41,30,27,41,27,41,40,27,27,41,28,41,41,41,27,27,32,230,28,88,27,27,201,230,27,27,27,33,27,27,41,33,32,41,33,41,27,229,27,27,63,27,41,40,41,41,27,41,41,41,27,41,27,41,39,229,41,41,41,41,28,229,27,41,41,27,59,27,41,33,27,41,27,229,27,27,27,4,27,4,40,27,27,27,33,41,27,41,27,27,40,41,41,41,40,230,28,230,187,31,229,230,230,27,229,43,41,39,33,41,27,27,41,39,27,27,27,27,32,32,41,27,41,32,27,32,27,41,27,41,27,41,41,27,40,27,28,40,32,41,27,41,40,32,27,41,27,39,41,41,41,27,41,41,27,41,41,27,27,41,41,40,41,41,27,28,27,27,27,40,27,41,41,41,27,27,229,27,230,230,46,110,206,229,27
41,41,27,41,41,41,27,41,41,41,41,41,41,27,27,41,27,41,41,41,34,27,41,27,27,27,41,41,27,41,41,41,41,41,41,27,41,33,27,33,27,41,27,41,41,27,41,41,27,27,27,41,27,27,27,41,28,27,27,27,41,41,41,41,41,41,41,41,41,41,41,27,41,41,41,27,41,41,41,41,41,27,27,27,27,41,27,41,27,28,39,33,41,41,27,41,27,41,39,41,41,39,41,41,41,41,41,41,41,41,41,27,41,41,41,41,41,41,27,41,38,41,41,27,27,28,27,27,41,41,41,33,40,41,41,40,27,41,27,27,27,41,27,27,39,41,41,27,27,27,41,27,27,41,32,32,27,40,27,41,27,41,41,27,41,27,27,41,27,41,27,41,27,27,27,27,27,41,41,41,27,41,27,27,41,41,27,41,41,41,41,27,27,27,41,27,27,41,27,27,41,41,41,27,41,27,41,40,41,41,27,27,40,41,27,41,41,27,41,41,31,40,27,41,28,27,32,27,41,41,41,27,41,41,27,27,28,39,27,27,27,38,41,27,41,27,41,41,41,39,32,27,27,41,27,27,41,41,41,27,27,41,27,41,28,39,41,27,41,41,27,230,27,27,27,230,41,41,41,27,27,27,107,27,41,41,41,41,27,27,41,28,27,41,27,27,27,27,41,27,39,31,41,41,41,41,41,41,41,41,41,27,27,41,41,27,27,41,41,36,27,41,27,27,31,41,27,41,27,41,41,27,27,32,27,27,41,39,33,41,40,41,41,28,41,32,27,41,30,39,27,27,27,27,41,27,40,27,41,41,41,27,27,41,27,32,27,41,41,27,27,41,41,69,27,230,162,27,41,41,49,33,27,41,41,27,41,27,27,27,41,27,41,27,41,32,27,41,41,32,27,27,41,41,41,27,39,41,27,41,41,27,41,27,41,27,41,41,41,41,33,27,39,27,27,27,27,27,27,27,41,27,41,27,41,27,41,41,39,40,28,41,41,27,41,41,41,40,41,29,27,27,210,73,27,81,27,27,27,27,41,27,229,88,229,229,229,229,27,27,33,27,41,41,181,41,28,230,53,131,27,27,41,27,229,44,44,41,27,27,41,27,200,230,27,230,27,27,210,27,41,41,41,27,27,41,41,41,41,27,41,41,41,27,27,27,41,41,41,33,41,41,27,27,41,41,41,27,41,27,27,33,41,41,27,27,39,41,27,32,41,27,27,41,41,27,27,27,32,27,27,41,27,230,27,41,41,32,41,27,140,41,41,163,27,39,230,33,41,41,27,27,27,41,41,41,27,41,41,41,41,27,41,27,27,27,41,32,27,29,41,41,27,41,27,27,41,41,41,41,27,41,41,41,27,27,27,41,27,41,39,41,41,39,41,41,27,30,41,27,27,27,41,27,39,27,27,33,27,33,29,41,41,41,33,41,28,27,41,27,41,27,41,27,41,41,27,41,33,41,27,41,41,41,41,41,27,33,27,27,41,41,41,27,39,41,41,41,27,41,41,68,28,27,41,41,27,229,65,27,41,27,27,41,41,38,27,41,33,41,41,41,27,41,27,41,41,27,41,27,41,41,27,40,41,27,41,41,27,41,32,41,27,41,41,41,41,27,41,41,41,27,41,81,27,27,38,27,32,27,27,27,27,230,27,29,27,184,44,183,28,27,41,33,41,41,41,41,27,27,41,27,27,27,27,27,41,27,27,41,38,28,27,41,30,41,32,27,41,41,90,41,27,27,230,230,40,27,41,41,41,41,27,27,27,27,27,27,27,32,27,41,33,28,41,41,28,27,41,27,27,27,27,41,41,27,27,27,27,41,41,27,41,41,39,41,38,27,41,27,41,41,27,27,41,27,41,41,41,27,27,27,230,27,41,27,27,230,230,27,27,27,28,27,27,41,40,39,41,28,41,27,229,27,27,41,27,41,32,41,41,27,41,41,41,27,41,27,41,33,229,41,41,41,41,27,229,27,41,41,27,41,27,109,28,27,41,27,229,27,27,22,4,27,4,41,27,27,27,33,41,28,41,27,27,32,41,41,41,32,230,27,230,107,29,229,230,230,27,229,41,41,33,39,38,27,27,41,41,27,27,27,27,27,41,41,27,41,27,27,41,27,41,27,41,27,39,41,27,41,27,32,41,27,41,27,41,41,27,27,32,30,33,41,41,41,27,41,41,27,41,41,27,27,41,41,32,41,41,27,27,27,27,27,41,27,41,41,39,27,27,225,27,230,230,206,42,107,229,39
41,41,27,41,41,41,27,41,41,41,41,41,41,41,27,41,27,41,41,41,34,27,41,27,28,27,41,41,27,41,32,39,41,41,39,27,41,28,27,39,28,41,27,41,41,27,41,41,27,27,27,41,27,27,27,39,32,27,27,27,41,41,40,41,41,41,41,41,41,39,41,27,41,41,41,27,41,41,41,41,41,27,27,27,27,41,27,32,32,27,33,28,41,41,27,41,28,41,33,41,41,33,41,41,41,41,41,41,41,41,41,27,41,41,41,41,41,41,27,41,41,41,41,27,27,31,27,27,41,41,41,39,32,41,41,41,27,41,27,27,27,41,28,27,33,41,41,27,27,27,41,27,27,41,27,41,27,41,27,41,27,41,41,27,41,27,27,41,27,41,31,41,27,27,27,27,27,41,41,41,27,41,27,27,41,41,27,41,41,41,41,27,28,27,41,28,27,41,27,27,41,41,41,27,41,27,41,32,41,41,27,27,32,41,27,41,41,27,41,41,31,41,27,41,33,27,40,27,41,41,41,27,41,41,27,27,33,33,27,27,27,29,41,27,41,27,41,41,41,41,28,27,27,41,27,27,41,41,41,27,27,41,27,41,27,33,41,28,41,41,27,214,27,27,27,230,41,41,41,27,27,27,206,27,41,41,41,41,29,27,41,27,27,41,27,27,27,27,41,27,32,28,41,41,41,41,41,41,41,41,32,27,27,41,41,27,27,41,41,36,27,41,27,27,27,41,27,41,27,41,41,27,27,41,27,27,41,41,39,41,32,41,41,32,41,39,27,41,27,41,27,27,27,27,41,27,41,27,41,41,41,27,27,41,27,27,27,41,41,27,27,41,41,41,27,229,46,27,40,41,41,39,27,39,41,27,41,27,27,27,41,27,41,27,41,41,27,41,41,27,27,27,41,41,41,27,41,32,27,41,41,27,41,27,41,27,41,41,41,41,28,27,41,27,27,41,27,27,27,27,41,27,41,27,41,27,41,41,33,41,32,41,41,27,41,41,41,33,41,39,27,27,59,41,27,41,27,27,41,27,41,27,229,41,229,212,229,229,27,27,28,28,41,41,230,38,27,230,41,131,27,27,41,27,229,112,112,41,30,27,41,27,230,186,27,198,27,27,229,32,41,41,41,27,27,41,41,41,41,27,41,41,41,30,27,27,41,41,41,28,41,41,27,27,41,41,41,27,41,27,27,28,41,41,27,27,33,41,27,27,41,27,27,41,41,27,27,27,41,27,27,41,27,230,27,41,41,27,41,27,140,41,39,46,27,33,230,28,41,41,27,29,27,41,41,41,27,41,41,41,41,27,41,27,27,27,41,27,27,29,41,41,28,41,27,27,41,41,40,41,27,40,41,41,27,27,27,41,27,41,33,41,41,33,41,40,27,27,41,27,27,27,41,27,33,32,27,28,27,39,39,41,41,41,28,32,33,29,41,27,41,27,40,27,41,41,27,41,28,41,27,41,32,41,41,41,28,39,27,30,41,41,41,27,32,41,41,41,27,41,41,41,27,27,41,41,27,229,41,27,32,27,27,41,39,41,27,41,39,41,41,41,27,41,27,41,41,27,41,27,41,41,30,41,41,27,41,41,27,41,27,41,27,41,41,41,41,27,41,41,41,27,41,41,27,27,41,27,27,27,27,27,27,197,27,39,27,87,112,183,32,27,41,39,41,41,41,41,27,27,41,27,27,27,27,27,41,27,27,41,38,27,27,41,37,41,28,29,41,41,41,41,27,27,230,230,32,27,41,41,41,41,27,27,27,27,27,27,27,27,27,41,39,27,39,41,27,27,41,27,27,27,27,41,39,27,27,27,27,41,41,27,41,41,33,41,41,27,41,27,41,41,27,27,41,27,41,41,41,29,27,27,230,27,41,27,97,230,230,27,27,27,27,27,27,39,41,41,41,27,41,27,229,96,27,41,27,41,27,41,41,27,41,41,32,27,41,27,41,28,229,41,41,41,41,27,229,27,41,41,27,41,34,202,27,27,32,27,229,27,27,9,41,27,4,41,27,20,27,33,41,27,41,27,27,28,41,41,41,27,230,27,230,41,27,229,230,230,27,229,41,41,28,41,30,27,27,41,41,27,27,27,27,27,41,41,27,41,27,27,41,27,41,27,41,27,33,41,27,41,27,39,41,27,41,27,41,41,27,27,27,37,28,41,41,41,29,41,41,30,41,41,27,27,41,41,27,41,41,27,27,27,27,27,41,27,41,41,33,27,27,98,27,230,230,229,27,39,206,85
41,41,27,41,41,41,27,41,41,41,41,41,41,41,27,41,27,41,41,41,34,27,41,27,28,27,41,41,27,41,32,39,41,41,39,27,41,28,27,39,28,41,27,41,41,27,41,41,27,27,27,41,27,27,27,39,32,27,27,27,41,41,40,41,41,41,41,41,41,39,41,27,41,41,41,27,41,41,41,41,41,27,27,27,27,41,27,32,32,27,33,28,41,41,27,41,28,41,33,41,41,33,41,41,41,41,41,41,41,41,41,27,41,41,41,41,41,41,27,41,41,41,41,27,27,31,27,27,41,41,41,39,32,41,41,41,27,41,27,27,27,41,28,27,33,41,41,27,27,27,41,27,27,41,27,41,27,41,27,41,27,41,41,27,41,27,27,41,27,41,31,41,27,27,27,27,27,41,41,41,27,41,27,27,41,41,27,41,41,41,41,27,28,27,41,28,27,41,27,27,41,41,41,27,41,27,41,32,41,41,27,27,32,41,27,41,41,27,41,41,31,41,27,41,33,27,40,27,41,41,41,27,41,41,27,27,33,33,27,27,27,29,41,27,41,27,41,41,41,41,28,27,27,41,27,27,41,41,41,27,27,41,27,41,27,33,41,28,41,41,27,214,27,27,27,230,41,41,41,27,27,27,206,27,41,41,41,41,29,27,41,27,27,41,27,27,27,27,41,27,32,28,41,41,41,41,41,41,41,41,32,27,27,41,41,27,27,41,41,36,27,41,27,27,27,41,27,41,27,41,41,27,27,41,27,27,41,41,39,41,32,41,41,32,41,39,27,41,27,41,27,27,27,27,41,27,41,27,41,41,41,27,27,41,27,27,27,41,41,27,27,41,41,41,27,229,46,27,40,41,41,39,27,39,41,27,41,27,27,27,41,27,41,27,41,41,27,41,41,27,27,27,41,41,41,27,41,32,27,41,41,27,41,27,41,27,41,41,41,41,28,27,41,27,27,41,27,27,27,27,41,27,41,27,41,27,41,41,33,41,32,41,41,27,41,41,41,33,41,39,27,27,59,41,27,41,27,27,41,27,41,27,229,41,229,212,229,229,27,27,28,28,41,41,230,38,27,230,41,131,27,27,41,27,229,112,112,41,30,27,41,27,230,186,27,198,27,27,229,32,41,41,41,27,27,41,41,41,41,27,41,41,41,30,27,27,41,41,41,28,41,41,27,27,41,41,41,27,41,27,27,28,41,41,27,27,33,41,27,27,41,27,27,41,41,27,27,27,41,27,27,41,27,230,27,41,41,27,41,27,140,41,39,46,27,33,230,28,41,41,27,29,27,41,41,41,27,41,41,41,41,27,41,27,27,27,41,27,27,29,41,41,28,41,27,27,41,41,40,41,27,40,41,41,27,27,27,41,27,41,33,41,41,33,41,40,27,27,41,27,27,27,41,27,33,32,27,28,27,39,39,41,41,41,28,32,33,29,41,27,41,27,40,27,41,41,27,41,28,41,27,41,32,41,41,41,28,39,27,30,41,41,41,27,32,41,41,41,27,41,41,41,27,27,41,41,27,229,41,27,32,27,27,41,39,41,27,41,39,41,41,41,27,41,27,41,41,27,41,27,41,41,30,41,41,27,41,41,27,41,27,41,27,41,41,41,41,27,41,41,41,27,41,41,27,27,41,27,27,27,27,27,27,197,27,39,27,87,112,183,32,27,41,39,41,41,41,41,27,27,41,27,27,27,27,27,41,27,27,41,38,27,27,41,37,41,28,29,41,41,41,41,27,27,230,230,32,27,41,41,41,41,27,27,27,27,27,27,27,27,27,41,39,27,39,41,27,27,41,27,27,27,27,41,39,27,27,27,27,41,41,27,41,41,33,41,41,27,41,27,41,41,27,27,41,27,41,41,41,29,27,27,230,27,41,27,97,230,230,27,27,27,27,27,27,39,41,41,41,27,41,27,229,96,27,41,27,41,27,41,41,27,41,41,32,27,41,27,41,28,229,41,41,41,41,27,229,27,41,41,27,41,34,202,27,27,32,27,229,27,27,9,41,27,4,41,27,20,27,33,41,27,41,27,27,28,41,41,41,27,230,27,230,41,27,229,230,230,27,229,41,41,28,41,30,27,27,41,41,27,27,27,27,27,41,41,27,41,27,27,41,27,41,27,41,27,33,41,27,41,27,39,41,27,41,27,41,41,27,27,27,37,28,41,41,41,29,41,41,30,41,41,27,27,41,41,27,41,41,27,27,27,27,27,41,27,41,41,33,27,27,98,27,230,230,229,27,39,206,85
41,41,27,41,41,40,27,41,41,41,41,41,32,41,27,41,27,41,41,32,36,27,41,27,33,27,41,41,27,32,27,33,41,41,33,32,41,27,27,41,27,41,27,41,41,27,41,39,27,27,27,41,27,27,27,34,39,27,27,27,41,41,33,41,41,41,41,41,41,33,41,30,41,41,41,27,41,41,41,41,41,30,27,27,27,41,28,27,41,27,28,27,41,41,27,39,33,41,28,41,40,28,41,41,41,41,41,41,41,40,41,27,41,41,41,41,41,41,27,39,41,41,41,27,27,34,27,32,41,41,41,41,27,41,41,41,27,41,27,27,27,41,33,27,28,41,41,27,27,27,39,27,27,41,27,41,27,41,27,40,27,41,41,27,41,27,27,41,27,41,38,41,27,27,27,27,27,41,32,41,27,41,28,27,41,41,27,41,41,41,41,27,33,27,41,32,27,41,27,27,41,41,41,27,41,27,41,27,41,41,27,27,27,41,27,41,41,27,41,41,31,41,27,41,39,27,41,27,41,41,41,27,41,41,27,27,39,28,27,27,27,27,41,27,41,28,41,41,32,41,27,27,27,41,41,27,40,41,41,27,27,41,27,41,27,28,41,40,41,41,27,150,27,27,27,230,41,41,41,27,27,27,229,27,39,41,41,40,39,27,41,27,27,41,27,27,27,27,41,27,28,27,41,41,41,41,41,41,41,41,27,27,27,41,41,27,27,41,41,36,27,41,27,32,27,41,27,32,27,41,41,27,27,41,27,27,41,41,41,41,27,41,41,39,41,41,30,41,27,41,27,27,27,27,41,27,41,27,41,41,41,27,27,41,27,27,27,41,40,27,27,41,41,41,27,229,41,27,33,41,41,41,27,33,41,32,41,27,32,27,32,27,41,27,41,41,27,41,41,27,27,27,41,41,41,29,41,27,27,41,41,27,40,27,41,27,41,41,41,41,27,27,41,27,27,41,27,27,41,27,41,27,41,27,32,27,41,41,28,41,40,39,41,27,41,41,41,28,41,41,27,27,41,41,27,41,27,27,108,27,41,41,229,41,229,57,229,229,27,30,27,40,32,41,230,31,27,215,41,115,27,27,41,27,41,197,197,41,37,27,41,27,230,85,27,73,27,27,229,100,41,41,41,27,27,41,41,41,41,27,41,39,41,38,27,27,41,41,40,27,41,41,27,27,41,41,39,27,41,27,27,27,41,41,27,27,28,41,27,27,41,27,27,41,41,27,27,27,41,27,27,41,27,230,27,41,41,27,32,27,140,39,33,41,27,28,230,27,41,41,27,40,27,41,41,41,27,41,41,41,41,27,41,27,27,27,39,27,27,27,41,41,33,41,27,27,41,41,33,41,27,33,41,32,27,27,27,41,30,41,28,41,41,28,41,32,27,27,41,27,27,28,41,30,28,41,27,27,27,41,41,41,41,41,27,27,39,40,40,27,41,27,32,27,41,41,27,41,27,41,27,41,27,41,41,41,33,41,27,38,41,41,41,27,28,41,41,41,27,41,41,41,27,27,41,41,27,229,41,41,27,27,27,39,33,41,27,41,41,41,41,41,27,41,27,41,41,27,41,27,41,41,38,41,41,27,41,39,27,41,27,41,27,41,41,41,41,27,41,41,32,27,41,41,27,27,41,27,27,27,27,27,39,74,27,41,27,41,197,183,40,27,41,41,41,41,41,41,27,27,41,27,27,27,41,27,41,27,27,41,38,27,27,41,41,41,27,39,41,40,41,41,27,27,230,230,27,27,41,41,41,41,27,30,27,27,27,27,27,27,27,41,41,27,33,41,27,27,41,27,27,27,41,41,33,27,27,27,27,41,32,27,41,41,28,41,41,27,41,27,41,41,27,27,41,27,41,41,39,40,27,27,219,27,41,27,229,230,189,27,27,27,27,27,27,32,41,41,41,27,32,27,206,229,27,41,27,39,27,30,41,27,41,41,27,27,41,27,41,27,229,41,41,41,41,27,229,27,41,41,29,41,103,229,27,27,27,27,229,27,30,4,41,27,10,41,27,19,27,33,41,27,41,27,27,27,41,41,40,27,230,27,229,41,27,229,230,230,27,229,41,41,27,41,27,27,27,41,41,27,27,27,27,27,41,39,27,41,27,41,41,27,41,27,41,41,28,41,27,41,27,41,41,27,41,27,41,41,27,27,27,41,27,41,41,41,39,41,41,37,41,41,27,27,41,32,27,41,41,27,27,27,27,27,41,27,41,41,28,29,27,29,27,229,230,230,27,27,107,120
41,41,27,41,41,40,27,41,41,41,41,41,32,41,27,41,27,41,41,32,36,27,41,27,33,27,41,41,27,32,27,33,41,41,33,32,41,27,27,41,27,41,27,41,41,27,41,39,27,27,27,41,27,27,27,34,39,27,27,27,41,41,33,41,41,41,41,41,41,33,41,30,41,41,41,27,41,41,41,41,41,30,27,27,27,41,28,27,41,27,28,27,41,41,27,39,33,41,28,41,40,28,41,41,41,41,41,41,41,40,41,27,41,41,41,41,41,41,27,39,41,41,41,27,27,34,27,32,41,41,41,41,27,41,41,41,27,41,27,27,27,41,33,27,28,41,41,27,27,27,39,27,27,41,27,41,27,41,27,40,27,41,41,27,41,27,27,41,27,41,38,41,27,27,27,27,27,41,32,41,27,41,28,27,41,41,27,41,41,41,41,27,33,27,41,32,27,41,27,27,41,41,41,27,41,27,41,27,41,41,27,27,27,41,27,41,41,27,41,41,31,41,27,41,39,27,41,27,41,41,41,27,41,41,27,27,39,28,27,27,27,27,41,27,41,28,41,41,32,41,27,27,27,41,41,27,40,41,41,27,27,41,27,41,27,28,41,40,41,41,27,150,27,27,27,230,41,41,41,27,27,27,229,27,39,41,41,40,39,27,41,27,27,41,27,27,27,27,41,27,28,27,41,41,41,41,41,41,41,41,27,27,27,41,41,27,27,41,41,36,27,41,27,32,27,41,27,32,27,41,41,27,27,41,27,27,41,41,41,41,27,41,41,39,41,41,30,41,27,41,27,27,27,27,41,27,41,27,41,41,41,27,27,41,27,27,27,41,40,27,27,41,41,41,27,229,41,27,33,41,41,41,27,33,41,32,41,27,32,27,32,27,41,27,41,41,27,41,41,27,27,27,41,41,41,29,41,27,27,41,41,27,40,27,41,27,41,41,41,41,27,27,41,27,27,41,27,27,41,27,41,27,41,27,32,27,41,41,28,41,40,39,41,27,41,41,41,28,41,41,27,27,41,41,27,41,27,27,108,27,41,41,229,41,229,57,229,229,27,30,27,40,32,41,230,31,27,215,41,115,27,27,41,27,41,197,197,41,37,27,41,27,230,85,27,73,27,27,229,100,41,41,41,27,27,41,41,41,41,27,41,39,41,38,27,27,41,41,40,27,41,41,27,27,41,41,39,27,41,27,27,27,41,41,27,27,28,41,27,27,41,27,27,41,41,27,27,27,41,27,27,41,27,230,27,41,41,27,32,27,140,39,33,41,27,28,230,27,41,41,27,40,27,41,41,41,27,41,41,41,41,27,41,27,27,27,39,27,27,27,41,41,33,41,27,27,41,41,33,41,27,33,41,32,27,27,27,41,30,41,28,41,41,28,41,32,27,27,41,27,27,28,41,30,28,41,27,27,27,41,41,41,41,41,27,27,39,40,40,27,41,27,32,27,41,41,27,41,27,41,27,41,27,41,41,41,33,41,27,38,41,41,41,27,28,41,41,41,27,41,41,41,27,27,41,41,27,229,41,41,27,27,27,39,33,41,27,41,41,41,41,41,27,41,27,41,41,27,41,27,41,41,38,41,41,27,41,39,27,41,27,41,27,41,41,41,41,27,41,41,32,27,41,41,27,27,41,27,27,27,27,27,39,74,27,41,27,41,197,183,40,27,41,41,41,41,41,41,27,27,41,27,27,27,41,27,41,27,27,41,38,27,27,41,41,41,27,39,41,40,41,41,27,27,230,230,27,27,41,41,41,41,27,30,27,27,27,27,27,27,27,41,41,27,33,41,27,27,41,27,27,27,41,41,33,27,27,27,27,41,32,27,41,41,28,41,41,27,41,27,41,41,27,27,41,27,41,41,39,40,27,27,219,27,41,27,229,230,189,27,27,27,27,27,27,32,41,41,41,27,32,27,206,229,27,41,27,39,27,30,41,27,41,41,27,27,41,27,41,27,229,41,41,41,41,27,229,27,41,41,29,41,103,229,27,27,27,27,229,27,30,4,41,27,10,41,27,19,27,33,41,27,41,27,27,27,41,41,40,27,230,27,229,41,27,229,230,230,27,229,41,41,27,41,27,27,27,41,41,27,27,27,27,27,41,39,27,41,27,41,41,27,41,27,41,41,28,41,27,41,27,41,41,27,41,27,41,41,27,27,27,41,27,41,41,41,39,41,41,37,41,41,27,27,41,32,27,41,41,27,27,27,27,27,41,27,41,41,28,29,27,29,27,229,230,230,27,27,107,120
41,41,27,41,41,32,27,41,41,39,41,41,27,41,27,39,27,41,41,27,41,27,39,27,39,27,41,41,27,27,27,28,41,41,28,41,41,27,27,41,27,41,27,41,41,27,41,33,27,27,27,41,27,27,27,31,41,27,27,27,41,41,27,41,41,41,41,41,41,28,41,38,41,41,41,27,40,41,41,41,41,38,27,27,27,41,33,27,41,27,27,27,41,41,27,33,40,41,27,41,32,27,41,41,41,41,41,41,41,33,41,27,41,41,41,41,41,41,41,33,41,41,41,27,27,39,30,41,32,41,41,41,27,41,41,41,27,41,27,27,27,41,39,27,27,41,41,27,27,27,33,27,27,41,27,41,27,41,27,32,27,41,41,29,41,27,27,41,27,41,41,41,29,27,27,27,27,41,27,41,27,41,32,27,41,41,27,41,41,32,41,27,40,27,41,40,27,41,32,27,41,41,41,27,41,27,41,27,40,41,27,27,27,41,27,41,41,27,41,41,31,41,27,41,41,27,41,27,41,40,41,27,41,41,27,27,41,27,27,27,27,27,39,27,41,33,41,41,27,41,27,27,41,41,41,33,32,41,41,27,27,41,29,41,27,27,39,41,41,41,27,72,27,27,27,230,41,41,41,27,27,27,229,27,33,41,41,32,41,27,41,27,27,41,27,27,27,27,41,30,27,27,41,41,41,41,41,41,41,41,27,29,27,41,41,27,27,41,41,36,27,41,32,41,27,41,32,27,27,41,41,27,27,41,32,27,41,41,41,41,27,41,39,41,41,41,38,41,27,41,27,27,28,27,41,27,41,27,41,41,41,41,41,41,27,27,27,39,32,27,27,41,41,41,27,229,41,28,27,41,41,41,27,28,41,40,41,27,41,27,27,27,40,27,41,41,27,41,41,27,27,27,41,41,40,39,41,27,27,40,41,27,32,27,41,27,41,41,41,41,27,27,41,27,27,41,27,41,41,27,41,27,41,27,27,27,41,41,27,41,41,33,41,27,41,41,41,27,40,41,27,33,41,41,27,41,27,27,202,27,41,41,229,41,229,41,229,229,27,38,27,41,27,41,230,27,27,151,41,56,27,27,41,27,41,229,229,41,41,27,41,27,230,41,27,41,27,27,229,219,41,41,41,27,27,41,41,41,40,27,41,33,41,41,27,27,41,41,33,27,41,41,27,27,41,39,33,27,41,27,27,27,39,41,27,27,27,41,27,27,41,27,27,41,41,27,27,28,41,27,27,39,27,230,27,41,41,27,27,27,140,33,28,41,27,27,165,27,41,41,29,41,27,41,40,41,29,41,41,41,41,27,40,27,27,27,33,27,27,27,41,41,39,41,27,27,39,41,28,41,29,28,41,27,27,27,30,41,38,41,27,27,41,27,39,27,27,27,41,27,27,33,41,38,27,41,27,27,27,41,41,41,41,41,27,27,41,41,32,27,41,27,28,27,41,41,27,41,27,41,27,41,27,41,41,41,39,41,28,41,41,41,41,27,27,39,41,41,27,41,41,41,27,27,39,41,29,223,41,41,27,29,27,32,28,41,27,39,41,41,41,40,27,41,41,41,41,27,41,28,41,41,41,41,41,27,41,33,27,41,27,41,27,41,41,41,41,27,41,41,27,27,39,41,27,27,41,27,27,41,27,27,37,41,27,41,27,41,230,183,41,27,41,41,41,41,41,41,27,27,41,27,27,27,41,27,41,27,27,32,38,27,27,41,41,41,27,41,41,32,41,39,27,27,230,230,27,27,41,41,41,41,27,38,27,27,27,27,27,27,28,41,41,27,28,39,27,27,41,27,27,27,41,41,28,27,27,27,27,41,27,27,32,41,27,41,41,27,41,27,41,41,27,27,41,27,41,41,33,55,27,27,52,27,38,27,230,230,82,27,27,28,27,27,27,28,41,41,40,27,27,27,64,229,27,41,27,33,27,27,41,27,41,41,27,27,32,27,41,27,229,41,40,41,41,27,164,27,41,39,40,40,215,229,27,27,27,27,229,27,38,4,41,41,35,41,27,4,27,28,41,27,41,27,27,27,40,41,32,27,230,27,229,40,27,229,230,230,27,229,41,41,27,41,27,27,27,41,41,27,27,27,27,27,41,32,27,39,27,41,41,41,39,27,41,41,27,41,27,41,27,41,41,27,41,27,41,41,27,27,27,41,27,41,41,41,41,41,41,41,41,41,27,27,41,27,27,41,41,41,27,27,27,27,41,27,41,41,27,84,27,27,27,229,229,230,27,27,39,207
41,41,27,41,41,27,27,41,41,33,41,41,27,41,27,32,27,41,41,27,41,28,33,27,41,27,41,41,27,27,27,27,41,41,27,41,41,27,29,41,27,41,27,41,41,27,41,28,27,27,27,41,27,27,27,28,41,27,27,27,41,41,27,41,41,41,41,41,41,27,41,41,41,41,39,27,32,41,41,41,41,41,27,27,27,41,40,27,41,27,27,27,41,41,27,28,41,41,27,41,28,27,41,41,41,41,41,41,41,28,41,27,41,41,41,41,41,41,41,28,41,41,41,27,27,41,38,41,27,41,41,41,27,41,41,41,27,41,27,27,27,41,41,27,27,41,41,27,27,27,28,27,27,41,27,41,27,41,27,27,27,41,41,39,41,27,27,41,27,41,41,41,40,27,27,27,27,41,27,39,27,41,40,27,41,41,27,41,41,27,41,30,41,27,41,41,27,41,41,27,41,41,41,27,41,27,41,27,32,41,27,27,27,41,27,41,41,27,41,41,35,41,27,41,41,27,41,27,41,32,41,27,39,41,27,27,41,27,27,27,28,27,33,27,41,39,41,41,27,41,27,27,41,41,41,40,27,41,41,31,27,41,38,41,27,27,34,41,41,41,27,41,27,27,27,230,41,41,41,27,27,27,229,27,28,32,32,28,41,27,41,27,28,41,27,27,27,27,41,37,27,27,41,41,40,41,41,41,41,39,27,39,27,41,41,27,27,41,41,38,27,41,41,41,27,41,41,27,27,41,41,27,27,41,41,27,41,41,41,41,27,40,33,41,41,41,41,41,27,41,27,27,33,27,41,27,41,27,41,41,41,41,41,41,27,27,27,32,27,27,29,41,41,41,27,229,41,40,27,41,41,41,29,27,40,41,41,27,41,27,27,27,32,27,41,41,27,41,41,27,27,27,41,41,32,41,41,27,27,32,41,27,27,27,41,27,41,41,41,41,27,27,41,27,27,41,27,41,41,27,41,27,41,27,27,41,41,41,27,41,41,28,41,27,41,41,41,27,33,41,30,103,41,39,27,41,27,27,229,27,32,41,229,41,229,41,229,229,27,41,27,41,27,41,230,27,27,70,41,41,27,27,32,27,41,229,229,32,41,27,32,27,230,41,27,41,27,27,229,228,40,41,41,27,27,41,41,41,33,27,41,28,41,41,27,29,41,41,28,27,41,41,27,27,41,32,28,27,41,29,27,27,33,41,27,27,27,41,27,27,41,27,27,41,41,27,27,33,41,27,27,33,27,183,27,41,41,27,27,97,140,28,27,41,30,27,41,27,41,41,40,41,27,41,32,41,39,41,41,39,41,27,33,27,27,27,28,27,27,27,41,32,41,41,27,27,33,41,27,41,39,27,41,27,27,30,37,41,41,41,27,27,41,27,32,27,27,27,39,27,27,39,41,41,27,41,27,27,27,41,41,41,41,41,27,27,41,41,27,27,41,27,27,27,41,41,27,41,27,41,27,41,27,41,41,41,41,41,33,41,41,41,41,27,27,33,41,41,27,41,41,41,27,27,33,41,40,159,41,41,27,39,27,28,27,41,27,33,41,41,41,32,27,41,41,41,41,27,41,39,40,41,41,41,40,27,41,28,27,41,27,41,27,41,41,41,41,27,41,41,27,27,33,41,27,42,41,27,27,41,27,27,95,41,27,41,29,41,230,183,41,28,41,41,41,41,41,41,27,27,41,27,27,27,41,27,41,27,27,27,38,27,27,41,41,41,27,41,41,28,41,33,27,27,230,230,27,27,41,41,41,41,27,41,27,27,27,27,27,27,32,41,41,27,27,33,27,27,40,30,27,27,41,41,27,27,27,27,27,41,27,27,27,41,27,41,41,27,41,30,41,41,27,27,41,27,41,41,28,58,27,27,41,27,32,27,230,189,41,27,27,33,27,27,27,27,41,41,33,27,27,27,41,229,27,40,29,28,27,27,41,27,40,41,27,27,27,27,41,27,229,41,32,41,41,27,41,27,41,32,41,32,229,229,27,27,27,27,229,27,41,4,41,41,41,41,27,4,27,19,41,27,41,27,27,27,32,41,27,27,230,27,229,32,27,191,230,230,27,182,40,41,27,41,27,27,28,41,41,27,32,27,27,27,41,28,27,33,27,41,41,41,33,27,41,41,27,41,28,41,27,41,41,27,41,27,41,41,27,27,27,41,27,41,41,41,41,41,41,41,41,41,28,27,41,27,27,41,41,41,27,27,27,27,41,41,41,39,27,87,27,27,27,229,229,230,27,27,27,230
41,41,27,41,41,27,27,41,41,33,41,41,27,41,27,32,27,41,41,27,41,28,33,27,41,27,41,41,27,27,27,27,41,41,27,41,41,27,29,41,27,41,27,41,41,27,41,28,27,27,27,41,27,27,27,28,41,27,27,27,41,41,27,41,41,41,41,41,41,27,41,41,41,41,39,27,32,41,41,41,41,41,27,27,27,41,40,27,41,27,27,27,41,41,27,28,41,41,27,41,28,27,41,41,41,41,41,41,41,28,41,27,41,41,41,41,41,41,41,28,41,41,41,27,27,41,38,41,27,41,41,41,27,41,41,41,27,41,27,27,27,41,41,27,27,41,41,27,27,27,28,27,27,41,27,41,27,41,27,27,27,41,41,39,41,27,27,41,27,41,41,41,40,27,27,27,27,41,27,39,27,41,40,27,41,41,27,41,41,27,41,30,41,27,41,41,27,41,41,27,41,41,41,27,41,27,41,27,32,41,27,27,27,41,27,41,41,27,41,41,35,41,27,41,41,27,41,27,41,32,41,27,39,41,27,27,41,27,27,27,28,27,33,27,41,39,41,41,27,41,27,27,41,41,41,40,27,41,41,31,27,41,38,41,27,27,34,41,41,41,27,41,27,27,27,230,41,41,41,27,27,27,229,27,28,32,32,28,41,27,41,27,28,41,27,27,27,27,41,37,27,27,41,41,40,41,41,41,41,39,27,39,27,41,41,27,27,41,41,38,27,41,41,41,27,41,41,27,27,41,41,27,27,41,41,27,41,41,41,41,27,40,33,41,41,41,41,41,27,41,27,27,33,27,41,27,41,27,41,41,41,41,41,41,27,27,27,32,27,27,29,41,41,41,27,229,41,40,27,41,41,41,29,27,40,41,41,27,41,27,27,27,32,27,41,41,27,41,41,27,27,27,41,41,32,41,41,27,27,32,41,27,27,27,41,27,41,41,41,41,27,27,41,27,27,41,27,41,41,27,41,27,41,27,27,41,41,41,27,41,41,28,41,27,41,41,41,27,33,41,30,103,41,39,27,41,27,27,229,27,32,41,229,41,229,41,229,229,27,41,27,41,27,41,230,27,27,70,41,41,27,27,32,27,41,229,229,32,41,27,32,27,230,41,27,41,27,27,229,228,40,41,41,27,27,41,41,41,33,27,41,28,41,41,27,29,41,41,28,27,41,41,27,27,41,32,28,27,41,29,27,27,33,41,27,27,27,41,27,27,41,27,27,41,41,27,27,33,41,27,27,33,27,183,27,41,41,27,27,97,140,28,27,41,30,27,41,27,41,41,40,41,27,41,32,41,39,41,41,39,41,27,33,27,27,27,28,27,27,27,41,32,41,41,27,27,33,41,27,41,39,27,41,27,27,30,37,41,41,41,27,27,41,27,32,27,27,27,39,27,27,39,41,41,27,41,27,27,27,41,41,41,41,41,27,27,41,41,27,27,41,27,27,27,41,41,27,41,27,41,27,41,27,41,41,41,41,41,33,41,41,41,41,27,27,33,41,41,27,41,41,41,27,27,33,41,40,159,41,41,27,39,27,28,27,41,27,33,41,41,41,32,27,41,41,41,41,27,41,39,40,41,41,41,40,27,41,28,27,41,27,41,27,41,41,41,41,27,41,41,27,27,33,41,27,42,41,27,27,41,27,27,95,41,27,41,29,41,230,183,41,28,41,41,41,41,41,41,27,27,41,27,27,27,41,27,41,27,27,27,38,27,27,41,41,41,27,41,41,28,41,33,27,27,230,230,27,27,41,41,41,41,27,41,27,27,27,27,27,27,32,41,41,27,27,33,27,27,40,30,27,27,41,41,27,27,27,27,27,41,27,27,27,41,27,41,41,27,41,30,41,41,27,27,41,27,41,41,28,58,27,27,41,27,32,27,230,189,41,27,27,33,27,27,27,27,41,41,33,27,27,27,41,229,27,40,29,28,27,27,41,27,40,41,27,27,27,27,41,27,229,41,32,41,41,27,41,27,41,32,41,32,229,229,27,27,27,27,229,27,41,4,41,41,41,41,27,4,27,19,41,27,41,27,27,27,32,41,27,27,230,27,229,32,27,191,230,230,27,182,40,41,27,41,27,27,28,41,41,27,32,27,27,27,41,28,27,33,27,41,41,41,33,27,41,41,27,41,28,41,27,41,41,27,41,27,41,41,27,27,27,41,27,41,41,41,41,41,41,41,41,41,28,27,41,27,27,41,41,41,27,27,27,27,41,41,41,39,27,87,27,27,27,229,229,230,27,27,27,230
41,41,27,41,41,27,27,41,41,28,39,41,27,41,30,28,27,41,41,27,41,32,28,30,41,27,41,41,30,27,27,27,41,41,27,41,41,27,39,41,41,41,27,41,32,27,41,27,27,27,27,41,41,27,30,27,41,27,27,27,41,41,27,41,41,41,41,40,41,27,41,41,41,41,33,27,28,41,41,41,41,41,27,27,27,39,41,27,41,27,27,27,41,41,27,27,41,41,27,40,27,27,41,39,41,41,41,41,41,27,41,27,41,39,41,41,41,41,41,27,41,41,41,27,27,41,41,41,27,41,40,41,27,40,40,41,27,32,27,27,27,41,41,27,27,41,41,27,27,27,27,41,27,41,27,41,27,41,28,27,27,41,41,41,41,27,27,41,30,41,41,41,41,27,41,27,27,41,27,29,27,41,41,27,41,41,27,41,41,27,41,38,41,27,41,41,27,41,41,27,41,41,41,27,41,27,41,27,28,41,27,27,27,41,27,41,41,27,41,41,40,41,32,41,41,27,41,27,41,27,41,27,33,41,27,27,41,27,28,28,32,27,28,27,41,41,39,41,27,41,27,27,41,41,41,41,27,41,41,38,27,41,41,41,27,27,31,41,41,32,27,41,27,27,27,230,41,41,41,27,27,27,229,27,27,27,27,27,41,35,39,27,33,39,27,27,28,27,41,41,27,27,41,41,32,41,39,41,41,33,27,41,27,41,41,27,27,40,39,40,30,41,41,41,27,41,41,27,27,41,41,27,27,41,41,27,41,41,41,41,27,32,28,41,32,41,41,41,27,41,27,28,39,27,40,27,41,27,41,41,41,41,41,41,27,27,27,28,27,27,40,41,41,41,27,229,41,41,27,41,41,41,39,27,32,41,41,27,41,27,27,27,27,27,41,41,27,41,39,27,27,27,41,41,28,41,41,27,27,27,41,27,27,27,41,27,41,39,41,41,27,27,41,27,27,41,27,41,41,27,39,30,39,27,27,41,41,41,27,41,41,27,41,28,41,41,41,27,28,41,38,216,40,33,37,39,27,30,229,41,27,41,229,39,229,41,229,229,27,41,27,41,27,41,230,27,27,41,41,41,27,27,27,31,41,229,229,27,41,27,27,27,188,41,27,41,27,76,229,228,32,41,41,27,27,41,41,41,27,27,41,27,41,41,27,39,41,41,27,27,40,32,27,41,41,28,27,27,40,39,27,27,28,41,28,28,27,41,40,27,41,27,27,41,41,27,27,39,41,27,27,28,27,87,27,41,32,27,27,230,139,27,27,41,37,27,41,27,41,41,41,41,27,41,27,41,41,41,41,33,41,27,28,27,27,27,27,27,27,27,39,27,41,41,27,27,28,41,27,41,41,27,41,27,27,37,41,32,41,41,27,27,41,27,28,27,27,27,33,27,27,41,41,41,27,41,27,27,27,41,41,41,41,41,27,27,41,41,27,27,41,27,27,27,41,41,27,41,27,41,27,32,27,41,41,41,41,41,39,41,41,41,41,27,27,28,41,41,27,41,41,41,27,27,28,41,41,53,41,41,27,41,27,27,27,41,27,28,41,41,41,27,27,41,41,41,41,27,41,41,32,41,41,41,28,30,41,27,27,41,27,41,27,41,41,41,41,27,41,41,27,41,28,39,31,111,41,27,27,41,27,27,204,41,27,41,39,41,230,165,41,33,41,41,41,32,41,41,27,27,41,31,27,27,41,27,41,27,27,27,39,27,27,41,41,41,27,41,41,27,41,28,29,27,230,224,27,27,40,41,41,41,27,41,27,27,27,27,27,27,40,41,41,27,27,28,27,27,32,38,27,27,41,41,27,29,27,27,27,41,27,27,27,41,27,41,41,27,41,37,41,41,27,32,41,27,41,41,27,58,27,27,41,27,28,41,230,82,41,27,27,39,27,27,27,27,41,41,28,27,27,27,41,229,27,32,39,27,27,27,41,41,32,40,27,27,27,27,41,27,229,41,27,40,41,27,41,27,41,28,41,27,229,229,27,27,27,27,41,27,41,4,41,41,41,32,27,4,41,19,41,27,41,27,27,27,28,41,27,27,230,27,229,27,27,78,230,229,76,88,32,41,27,41,27,27,33,41,41,27,41,27,27,27,41,27,27,28,27,41,41,41,28,27,41,41,27,41,40,41,27,41,41,27,32,27,41,41,27,27,27,41,27,41,41,41,41,41,41,41,40,41,40,27,41,27,27,39,41,41,27,30,27,27,41,41,41,33,27,87,27,27,27,229,229,230,27,27,27,230
41,41,27,41,41,27,27,41,41,27,33,41,27,41,38,27,27,41,41,27,41,40,27,38,41,27,41,41,38,27,27,27,41,41,27,41,41,27,41,41,41,41,27,41,27,27,41,27,28,27,27,41,41,27,37,27,41,27,27,27,41,40,27,41,41,41,41,32,41,27,41,41,41,41,28,27,27,41,41,41,39,41,28,27,28,32,41,27,41,27,27,27,41,41,27,27,41,41,27,32,27,27,41,33,41,41,41,41,41,27,41,27,41,33,41,41,41,41,41,27,41,41,41,27,27,41,41,41,27,40,33,41,27,32,32,41,27,27,27,27,27,41,41,27,27,41,41,27,30,27,27,41,27,41,27,41,27,41,40,27,27,41,41,41,41,27,27,41,38,41,41,41,41,27,41,27,41,41,27,27,27,32,41,27,41,41,27,41,41,27,39,41,41,27,41,41,27,41,41,41,41,41,41,27,41,27,39,27,27,41,27,41,27,41,27,40,41,27,41,41,41,41,41,41,41,27,41,27,41,27,39,27,28,41,28,27,41,27,33,33,40,27,27,27,39,41,33,41,27,41,27,27,41,41,41,41,27,32,41,41,27,41,41,32,27,27,28,41,41,27,27,41,27,27,41,215,41,41,41,27,27,27,196,27,27,27,27,27,41,85,33,27,39,33,27,27,33,27,41,41,27,27,41,41,27,41,33,41,41,28,27,41,27,41,41,28,27,33,33,41,38,41,41,41,27,41,41,27,27,40,41,27,32,41,41,27,41,41,41,41,27,27,27,41,27,41,41,41,27,41,27,33,41,27,32,27,41,27,39,41,41,41,41,39,27,27,27,27,27,27,41,41,41,41,27,223,41,41,27,41,41,41,41,27,27,41,41,27,41,27,27,27,27,29,32,41,31,41,34,27,27,28,41,41,27,41,41,27,27,27,41,28,27,27,41,27,41,33,41,41,27,27,41,27,27,41,27,41,41,27,33,38,33,27,27,41,41,41,27,41,41,27,41,32,40,41,39,27,27,41,41,229,32,28,106,33,27,38,229,108,27,41,229,33,229,41,229,229,27,41,27,41,27,32,230,27,27,41,41,41,41,27,27,100,41,229,229,27,41,41,27,27,83,41,27,41,39,176,229,228,27,41,41,27,27,41,41,41,27,27,41,27,41,41,27,41,41,41,27,27,33,27,27,41,41,27,27,27,32,41,28,27,27,41,40,33,27,41,41,27,41,27,27,41,41,27,27,41,41,27,27,27,27,41,27,32,27,27,27,230,133,27,27,41,41,27,41,27,41,41,41,41,41,41,27,41,41,41,41,28,41,27,27,27,27,27,27,27,27,27,28,27,41,41,27,27,27,40,27,41,41,27,41,27,27,41,41,27,41,41,27,27,41,27,27,27,27,27,28,27,27,41,41,41,27,41,27,27,27,41,41,41,41,41,27,27,41,41,27,41,41,27,27,27,41,41,27,41,27,41,27,27,27,32,41,41,41,41,41,41,41,41,41,30,27,27,41,41,27,41,41,41,27,27,27,41,41,41,41,41,27,41,27,27,27,41,27,27,41,41,41,27,27,41,41,41,41,27,41,41,28,41,41,41,27,38,41,27,27,41,27,41,27,41,41,41,41,27,41,41,27,41,27,33,101,200,54,27,27,41,27,27,230,41,27,52,41,39,230,59,41,39,41,41,41,27,32,41,27,27,41,38,27,27,41,27,39,30,28,27,41,27,27,41,41,41,27,41,41,27,41,27,39,27,230,160,27,27,33,41,41,41,27,41,27,41,27,27,27,27,41,41,41,27,27,27,27,27,27,41,27,30,41,41,27,40,27,27,29,41,27,30,27,39,27,41,41,27,41,41,41,41,27,40,41,27,41,41,27,58,27,27,41,27,27,41,230,41,41,30,27,41,27,27,27,27,41,41,27,27,27,36,41,229,27,28,41,27,27,27,41,41,28,32,27,27,27,41,41,27,229,32,27,32,41,27,41,27,41,27,41,27,229,191,27,39,27,27,41,27,41,12,41,41,41,27,27,4,41,19,41,27,41,27,27,27,27,41,27,27,230,27,229,27,27,41,230,229,175,41,27,40,27,41,27,27,39,39,41,29,41,27,27,27,41,27,27,27,27,41,41,41,27,30,41,41,27,41,41,41,27,41,41,27,27,27,41,41,27,27,27,41,27,41,41,41,41,41,41,41,33,41,41,27,41,27,27,33,40,41,27,38,27,29,41,41,41,28,27,87,33,27,73,229,229,230,27,27,27,230
41,41,27,41,41,27,27,41,41,27,33,41,27,41,38,27,27,41,41,27,41,40,27,38,41,27,41,41,38,27,27,27,41,41,27,41,41,27,41,41,41,41,27,41,27,27,41,27,28,27,27,41,41,27,37,27,41,27,27,27,41,40,27,41,41,41,41,32,41,27,41,41,41,41,28,27,27,41,41,41,39,41,28,27,28,32,41,27,41,27,27,27,41,41,27,27,41,41,27,32,27,27,41,33,41,41,41,41,41,27,41,27,41,33,41,41,41,41,41,27,41,41,41,27,27,41,41,41,27,40,33,41,27,32,32,41,27,27,27,27,27,41,41,27,27,41,41,27,30,27,27,41,27,41,27,41,27,41,40,27,27,41,41,41,41,27,27,41,38,41,41,41,41,27,41,27,41,41,27,27,27,32,41,27,41,41,27,41,41,27,39,41,41,27,41,41,27,41,41,41,41,41,41,27,41,27,39,27,27,41,27,41,27,41,27,40,41,27,41,41,41,41,41,41,41,27,41,27,41,27,39,27,28,41,28,27,41,27,33,33,40,27,27,27,39,41,33,41,27,41,27,27,41,41,41,41,27,32,41,41,27,41,41,32,27,27,28,41,41,27,27,41,27,27,41,215,41,41,41,27,27,27,196,27,27,27,27,27,41,85,33,27,39,33,27,27,33,27,41,41,27,27,41,41,27,41,33,41,41,28,27,41,27,41,41,28,27,33,33,41,38,41,41,41,27,41,41,27,27,40,41,27,32,41,41,27,41,41,41,41,27,27,27,41,27,41,41,41,27,41,27,33,41,27,32,27,41,27,39,41,41,41,41,39,27,27,27,27,27,27,41,41,41,41,27,223,41,41,27,41,41,41,41,27,27,41,41,27,41,27,27,27,27,29,32,41,31,41,34,27,27,28,41,41,27,41,41,27,27,27,41,28,27,27,41,27,41,33,41,41,27,27,41,27,27,41,27,41,41,27,33,38,33,27,27,41,41,41,27,41,41,27,41,32,40,41,39,27,27,41,41,229,32,28,106,33,27,38,229,108,27,41,229,33,229,41,229,229,27,41,27,41,27,32,230,27,27,41,41,41,41,27,27,100,41,229,229,27,41,41,27,27,83,41,27,41,39,176,229,228,27,41,41,27,27,41,41,41,27,27,41,27,41,41,27,41,41,41,27,27,33,27,27,41,41,27,27,27,32,41,28,27,27,41,40,33,27,41,41,27,41,27,27,41,41,27,27,41,41,27,27,27,27,41,27,32,27,27,27,230,133,27,27,41,41,27,41,27,41,41,41,41,41,41,27,41,41,41,41,28,41,27,27,27,27,27,27,27,27,27,28,27,41,41,27,27,27,40,27,41,41,27,41,27,27,41,41,27,41,41,27,27,41,27,27,27,27,27,28,27,27,41,41,41,27,41,27,27,27,41,41,41,41,41,27,27,41,41,27,41,41,27,27,27,41,41,27,41,27,41,27,27,27,32,41,41,41,41,41,41,41,41,41,30,27,27,41,41,27,41,41,41,27,27,27,41,41,41,41,41,27,41,27,27,27,41,27,27,41,41,41,27,27,41,41,41,41,27,41,41,28,41,41,41,27,38,41,27,27,41,27,41,27,41,41,41,41,27,41,41,27,41,27,33,101,200,54,27,27,41,27,27,230,41,27,52,41,39,230,59,41,39,41,41,41,27,32,41,27,27,41,38,27,27,41,27,39,30,28,27,41,27,27,41,41,41,27,41,41,27,41,27,39,27,230,160,27,27,33,41,41,41,27,41,27,41,27,27,27,27,41,41,41,27,27,27,27,27,27,41,27,30,41,41,27,40,27,27,29,41,27,30,27,39,27,41,41,27,41,41,41,41,27,40,41,27,41,41,27,58,27,27,41,27,27,41,230,41,41,30,27,41,27,27,27,27,41,41,27,27,27,36,41,229,27,28,41,27,27,27,41,41,28,32,27,27,27,41,41,27,229,32,27,32,41,27,41,27,41,27,41,27,229,191,27,39,27,27,41,27,41,12,41,41,41,27,27,4,41,19,41,27,41,27,27,27,27,41,27,27,230,27,229,27,27,41,230,229,175,41,27,40,27,41,27,27,39,39,41,29,41,27,27,27,41,27,27,27,27,41,41,41,27,30,41,41,27,41,41,41,27,41,41,27,27,27,41,41,27,27,27,41,27,41,41,41,41,41,41,41,33,41,41,27,41,27,27,33,40,41,27,38,27,29,41,41,41,28,27,87,33,27,73,229,229,230,27,27,27,230
41,41,27,41,41,27,27,41,41,27,28,41,27,41,41,27,27,41,41,27,41,41,27,41,41,28,41,41,41,27,27,27,41,39,27,41,32,27,41,41,41,41,27,41,27,27,41,27,32,29,27,41,41,32,41,27,41,27,27,31,41,33,27,41,41,41,41,27,41,27,41,41,41,41,27,27,27,41,41,41,32,41,33,29,32,28,41,27,41,27,27,27,41,39,41,27,41,41,27,28,27,27,41,28,41,41,41,41,41,27,41,27,41,28,41,41,39,39,41,27,41,41,41,30,27,41,41,41,27,33,28,41,27,27,27,41,27,27,32,27,28,41,41,27,27,41,41,27,38,27,27,41,27,41,27,41,27,41,41,27,27,41,41,41,41,28,27,41,41,41,41,41,41,27,41,27,41,41,27,27,27,27,41,27,41,41,27,41,41,27,32,41,41,27,41,41,29,41,41,41,41,41,41,27,41,27,33,27,27,41,41,41,27,41,27,32,41,27,41,41,41,41,41,41,41,30,41,27,41,27,33,27,27,39,33,27,41,27,40,40,41,27,27,28,33,41,28,39,27,41,27,27,41,41,41,41,27,27,41,41,27,41,41,27,27,27,27,41,41,27,27,41,27,27,41,151,41,39,41,41,29,27,74,27,27,27,27,27,41,108,28,27,41,28,29,27,39,27,41,41,27,27,41,41,27,41,28,41,41,27,27,41,29,41,39,40,27,27,28,41,41,41,41,41,27,41,41,27,27,32,41,27,41,41,41,27,41,41,41,41,27,27,27,41,27,41,41,32,27,41,27,39,41,27,27,27,41,41,33,41,41,41,41,33,27,27,29,27,27,29,41,39,39,41,27,159,41,41,27,41,41,41,41,27,27,41,32,32,41,41,27,27,27,40,27,41,38,41,31,27,27,40,41,41,27,41,41,27,30,27,41,40,27,27,41,27,41,28,39,41,27,27,41,29,27,41,27,41,41,27,28,41,28,27,27,41,41,41,27,41,41,27,41,40,33,41,33,27,27,41,41,229,27,27,209,28,27,41,229,202,27,41,229,28,229,40,212,229,27,41,27,41,27,27,230,27,27,41,41,41,41,28,27,221,41,183,183,27,41,71,27,27,41,41,27,39,108,227,229,228,27,41,41,27,27,41,41,41,27,27,41,27,39,41,30,41,41,41,27,27,28,27,27,41,41,27,27,27,27,41,33,27,27,41,41,39,27,41,41,27,41,30,27,40,41,27,29,41,41,27,27,27,27,41,44,27,27,27,27,230,126,27,27,41,41,27,41,27,41,39,41,41,41,41,27,41,41,32,41,27,41,27,27,30,27,27,27,27,27,27,27,27,41,41,27,27,27,34,27,32,41,27,41,27,27,41,41,27,41,41,27,27,41,27,27,27,27,27,27,27,30,41,41,41,27,41,27,27,27,41,41,41,41,41,27,27,41,41,27,41,32,27,27,27,41,41,27,39,27,39,27,27,27,27,40,40,41,41,41,41,41,41,41,38,27,27,41,41,27,41,40,41,27,27,27,41,41,41,41,41,27,41,27,27,27,41,27,27,41,41,41,27,32,32,41,41,41,27,41,41,27,41,41,41,27,41,41,27,27,41,27,41,27,41,41,41,32,41,41,41,27,41,27,28,222,230,118,27,27,41,27,27,230,39,27,95,41,33,230,41,41,41,41,41,41,27,27,41,27,28,41,41,27,27,41,27,33,38,40,27,41,27,27,41,41,41,27,41,41,27,41,27,41,27,230,51,27,27,28,41,41,41,27,41,27,41,27,27,29,27,41,39,41,27,27,27,27,27,27,41,27,38,41,41,27,41,29,27,38,41,27,38,27,33,27,41,41,27,41,41,41,41,27,41,41,27,41,39,27,58,27,27,41,27,27,41,229,41,41,38,41,41,27,27,41,27,41,41,27,27,27,104,41,229,27,27,41,27,27,27,32,41,27,28,27,27,27,41,41,27,216,27,27,27,41,27,41,27,41,27,41,27,229,80,27,107,27,41,41,96,41,33,32,41,39,27,29,4,41,19,41,27,41,27,27,27,27,41,27,27,229,27,210,27,27,41,230,229,227,41,27,32,27,41,27,27,41,33,41,39,41,27,32,27,41,27,30,27,27,41,41,41,27,39,41,41,27,39,41,41,27,41,41,27,27,27,41,41,27,27,27,41,27,41,41,41,41,41,40,41,27,41,41,27,41,27,27,28,32,41,27,41,27,40,41,41,41,27,27,87,218,27,178,229,229,230,27,27,27,230
41,39,27,41,41,27,27,32,41,27,27,41,27,41,41,27,27,41,41,27,41,41,27,41,41,33,41,41,41,27,27,27,41,33,27,41,27,27,41,41,41,41,27,41,27,27,39,27,40,40,27,32,41,41,41,27,41,27,28,38,41,27,27,32,41,41,41,27,41,27,41,41,41,41,27,27,27,41,41,41,28,41,39,40,40,27,41,27,41,27,27,27,41,33,41,27,41,41,27,27,27,27,41,27,41,41,41,41,41,27,41,31,41,27,41,41,32,32,41,27,41,41,41,37,27,41,41,41,27,28,27,41,27,27,27,41,29,27,41,28,32,41,41,27,27,39,40,27,41,28,27,41,27,41,27,41,27,41,41,27,27,41,41,41,41,40,41,41,41,41,41,41,41,30,41,27,41,41,27,27,27,27,41,27,41,41,27,41,32,27,28,41,41,29,41,41,39,41,41,41,41,41,41,31,41,27,28,27,27,41,41,41,27,41,27,28,41,27,41,41,41,41,41,39,41,39,41,29,41,27,28,27,27,33,39,27,41,27,41,41,41,27,27,33,28,41,27,33,27,41,27,41,41,41,41,41,27,27,32,41,29,41,41,27,27,27,27,41,41,27,27,41,27,27,41,69,39,33,32,41,38,27,41,40,27,27,27,27,41,203,27,27,41,27,39,41,41,27,39,41,27,27,41,41,27,41,27,41,41,27,27,41,40,41,33,41,27,27,27,41,41,41,41,41,27,41,41,27,29,27,41,27,41,41,41,30,39,41,41,41,27,27,27,41,27,41,41,27,27,41,29,41,41,41,27,27,41,41,28,41,41,41,41,28,30,27,40,27,27,40,41,32,32,41,30,53,41,41,27,41,41,41,41,27,27,41,27,41,41,41,27,28,27,41,27,41,41,41,28,27,27,41,40,41,27,41,41,27,37,27,40,41,27,27,41,27,39,27,33,40,27,27,41,38,27,41,27,41,41,27,27,41,27,27,27,41,41,41,27,41,41,27,41,41,31,40,28,27,27,41,41,229,27,27,229,27,30,41,192,229,27,41,182,27,41,32,57,229,27,41,27,41,27,27,230,27,27,41,41,39,41,40,27,229,41,87,87,27,41,86,27,27,41,39,27,33,208,229,229,215,27,41,41,27,27,41,41,41,27,27,41,27,33,41,38,41,41,39,27,27,27,27,27,41,41,27,27,27,27,41,39,27,27,41,41,41,27,32,41,27,47,38,29,32,41,29,38,41,41,28,27,27,30,41,113,27,27,27,27,230,124,27,27,41,41,27,41,27,39,33,41,41,41,41,27,41,41,27,41,27,41,30,27,38,27,27,27,27,28,27,27,27,41,40,30,27,27,31,27,27,41,27,41,27,27,41,41,27,41,41,27,27,41,27,27,27,27,27,27,27,38,41,41,41,27,41,27,27,27,41,41,41,41,41,27,27,41,41,27,41,27,27,27,27,41,41,27,34,27,33,27,27,27,27,32,32,41,41,41,41,41,41,41,41,27,27,41,41,27,41,32,41,27,27,27,41,41,41,41,41,27,41,27,27,27,41,27,27,41,40,39,27,41,27,41,41,41,27,41,41,27,39,41,41,27,41,41,27,30,41,27,41,27,41,40,41,27,41,41,32,27,41,27,27,230,230,204,27,27,106,44,27,230,33,39,126,41,28,184,41,41,41,41,41,41,27,27,41,30,33,41,41,27,27,41,27,28,41,41,27,41,27,27,41,41,41,27,41,41,27,41,27,41,29,230,41,27,29,27,41,32,41,27,41,30,41,41,32,38,27,41,33,41,27,27,27,27,29,27,41,30,41,41,41,27,41,39,27,41,39,27,41,27,28,27,41,41,41,41,41,41,41,28,41,37,33,37,33,27,55,27,27,40,27,27,41,42,41,41,41,41,41,27,27,41,27,41,41,27,27,27,212,41,41,27,27,41,27,27,27,28,41,27,27,27,27,27,41,32,27,177,27,27,27,40,27,41,27,39,27,41,27,209,41,27,205,27,41,41,229,41,41,27,41,33,27,39,5,41,19,41,27,41,30,27,27,27,41,27,27,229,27,59,27,27,41,230,229,229,41,27,27,27,41,27,30,41,28,41,41,41,28,41,27,41,27,38,27,27,41,41,41,27,41,39,41,27,29,41,41,27,41,41,27,27,29,41,41,27,32,27,41,27,41,41,41,41,41,32,41,27,41,41,41,41,27,27,27,27,41,30,41,27,41,41,41,32,27,27,87,224,27,228,197,216,230,27,27,27,230
41,39,27,41,41,27,27,32,41,27,27,41,27,41,41,27,27,41,41,27,41,41,27,41,41,33,41,41,41,27,27,27,41,33,27,41,27,27,41,41,41,41,27,41,27,27,39,27,40,40,27,32,41,41,41,27,41,27,28,38,41,27,27,32,41,41,41,27,41,27,41,41,41,41,27,27,27,41,41,41,28,41,39,40,40,27,41,27,41,27,27,27,41,33,41,27,41,41,27,27,27,27,41,27,41,41,41,41,41,27,41,31,41,27,41,41,32,32,41,27,41,41,41,37,27,41,41,41,27,28,27,41,27,27,27,41,29,27,41,28,32,41,41,27,27,39,40,27,41,28,27,41,27,41,27,41,27,41,41,27,27,41,41,41,41,40,41,41,41,41,41,41,41,30,41,27,41,41,27,27,27,27,41,27,41,41,27,41,32,27,28,41,41,29,41,41,39,41,41,41,41,41,41,31,41,27,28,27,27,41,41,41,27,41,27,28,41,27,41,41,41,41,41,39,41,39,41,29,41,27,28,27,27,33,39,27,41,27,41,41,41,27,27,33,28,41,27,33,27,41,27,41,41,41,41,41,27,27,32,41,29,41,41,27,27,27,27,41,41,27,27,41,27,27,41,69,39,33,32,41,38,27,41,40,27,27,27,27,41,203,27,27,41,27,39,41,41,27,39,41,27,27,41,41,27,41,27,41,41,27,27,41,40,41,33,41,27,27,27,41,41,41,41,41,27,41,41,27,29,27,41,27,41,41,41,30,39,41,41,41,27,27,27,41,27,41,41,27,27,41,29,41,41,41,27,27,41,41,28,41,41,41,41,28,30,27,40,27,27,40,41,32,32,41,30,53,41,41,27,41,41,41,41,27,27,41,27,41,41,41,27,28,27,41,27,41,41,41,28,27,27,41,40,41,27,41,41,27,37,27,40,41,27,27,41,27,39,27,33,40,27,27,41,38,27,41,27,41,41,27,27,41,27,27,27,41,41,41,27,41,41,27,41,41,31,40,28,27,27,41,41,229,27,27,229,27,30,41,192,229,27,41,182,27,41,32,57,229,27,41,27,41,27,27,230,27,27,41,41,39,41,40,27,229,41,87,87,27,41,86,27,27,41,39,27,33,208,229,229,215,27,41,41,27,27,41,41,41,27,27,41,27,33,41,38,41,41,39,27,27,27,27,27,41,41,27,27,27,27,41,39,27,27,41,41,41,27,32,41,27,47,38,29,32,41,29,38,41,41,28,27,27,30,41,113,27,27,27,27,230,124,27,27,41,41,27,41,27,39,33,41,41,41,41,27,41,41,27,41,27,41,30,27,38,27,27,27,27,28,27,27,27,41,40,30,27,27,31,27,27,41,27,41,27,27,41,41,27,41,41,27,27,41,27,27,27,27,27,27,27,38,41,41,41,27,41,27,27,27,41,41,41,41,41,27,27,41,41,27,41,27,27,27,27,41,41,27,34,27,33,27,27,27,27,32,32,41,41,41,41,41,41,41,41,27,27,41,41,27,41,32,41,27,27,27,41,41,41,41,41,27,41,27,27,27,41,27,27,41,40,39,27,41,27,41,41,41,27,41,41,27,39,41,41,27,41,41,27,30,41,27,41,27,41,40,41,27,41,41,32,27,41,27,27,230,230,204,27,27,106,44,27,230,33,39,126,41,28,184,41,41,41,41,41,41,27,27,41,30,33,41,41,27,27,41,27,28,41,41,27,41,27,27,41,41,41,27,41,41,27,41,27,41,29,230,41,27,29,27,41,32,41,27,41,30,41,41,32,38,27,41,33,41,27,27,27,27,29,27,41,30,41,41,41,27,41,39,27,41,39,27,41,27,28,27,41,41,41,41,41,41,41,28,41,37,33,37,33,27,55,27,27,40,27,27,41,42,41,41,41,41,41,27,27,41,27,41,41,27,27,27,212,41,41,27,27,41,27,27,27,28,41,27,27,27,27,27,41,32,27,177,27,27,27,40,27,41,27,39,27,41,27,209,41,27,205,27,41,41,229,41,41,27,41,33,27,39,5,41,19,41,27,41,30,27,27,27,41,27,27,229,27,59,27,27,41,230,229,229,41,27,27,27,41,27,30,41,28,41,41,41,28,41,27,41,27,38,27,27,41,41,41,27,41,39,41,27,29,41,41,27,41,41,27,27,29,41,41,27,32,27,41,27,41,41,41,41,41,32,41,27,41,41,41,41,27,27,27,27,41,30,41,27,41,41,41,32,27,27,87,224,27,228,197,216,230,27,27,27,230
41,33,31,41,41,27,27,27,41,27,27,39,27,41,41,27,27,41,32,27,41,41,27,41,41,39,41,40,41,27,27,27,41,28,27,41,27,27,41,41,41,41,27,41,27,27,33,27,41,41,27,27,41,41,41,27,41,27,33,41,41,27,27,27,41,41,41,27,41,27,41,41,41,41,27,27,27,41,41,39,27,41,41,41,41,27,41,27,41,27,27,27,41,28,41,27,41,32,27,27,27,27,41,27,41,41,41,41,40,27,41,38,41,27,41,41,28,28,41,27,41,39,39,41,27,41,41,41,27,27,27,41,27,27,27,41,40,27,41,32,40,41,41,30,27,33,32,28,41,33,27,41,27,40,27,41,32,41,41,27,27,41,41,41,41,41,41,41,41,41,41,41,41,38,41,27,41,41,27,27,27,27,41,27,41,41,30,41,27,27,27,41,41,39,40,41,41,41,41,41,41,41,41,38,41,27,27,27,27,41,41,41,27,41,29,27,41,27,41,40,41,41,41,33,41,41,41,39,41,27,27,27,27,28,41,41,41,27,41,41,41,27,27,39,27,41,27,28,27,41,27,41,41,41,41,41,27,27,27,41,40,41,41,27,27,27,27,41,41,27,27,41,27,27,41,41,33,28,27,41,41,39,41,108,27,27,27,27,41,219,27,27,41,27,41,41,41,28,33,41,27,27,41,41,27,41,27,41,41,27,27,41,41,41,28,41,27,27,27,41,41,41,41,41,27,41,41,27,39,27,41,30,41,41,41,37,33,41,41,40,27,27,27,41,27,41,41,27,27,41,40,41,41,41,27,29,41,41,27,39,41,41,41,27,37,27,41,27,27,41,41,28,28,41,38,41,41,41,27,41,41,41,41,27,27,41,27,41,41,41,27,33,27,41,27,41,41,41,27,27,27,41,33,41,27,41,41,27,41,27,32,41,27,27,41,27,33,27,28,32,27,27,41,41,27,41,27,41,41,41,27,41,27,27,27,41,39,49,27,41,41,27,41,41,28,32,27,27,27,41,41,229,27,27,229,27,38,41,78,229,27,41,88,27,41,27,41,183,27,41,27,41,27,27,230,27,27,41,41,33,41,41,27,229,32,41,41,27,41,87,27,31,41,33,27,28,230,229,229,54,27,39,41,27,29,40,41,41,27,28,41,27,28,41,41,41,41,32,27,27,27,27,27,41,41,27,27,27,27,41,41,27,27,40,41,41,27,27,41,27,222,41,40,27,41,38,41,41,41,32,29,27,38,41,198,27,27,27,27,230,124,27,27,41,41,27,41,27,33,28,41,41,41,41,27,40,41,27,41,27,41,38,27,41,27,30,27,27,32,29,27,27,41,32,37,27,27,28,27,27,41,27,41,27,27,41,41,27,41,41,27,27,41,27,27,27,27,27,27,27,41,41,41,41,27,41,27,27,28,41,41,41,41,41,27,27,41,41,27,41,27,27,27,28,41,32,30,31,27,28,27,27,27,27,27,27,41,41,41,41,41,41,32,41,27,27,41,41,27,41,28,39,27,27,27,39,41,41,41,41,27,41,28,27,27,41,27,27,41,32,32,27,41,27,41,38,41,29,40,41,27,33,41,41,27,41,41,27,38,41,27,41,29,41,32,41,27,41,41,27,27,41,27,27,230,230,229,27,27,229,112,27,211,28,107,208,41,27,87,41,41,41,41,41,41,27,27,39,38,39,32,41,27,27,41,27,27,41,41,27,41,27,29,41,41,41,27,41,41,27,41,27,41,39,165,41,27,40,27,41,27,39,27,41,38,41,41,41,41,27,41,28,41,27,27,27,27,40,27,41,38,41,41,41,27,41,41,27,41,33,27,41,27,27,27,41,41,41,41,41,41,41,40,41,30,41,30,28,27,44,28,27,32,30,27,41,41,41,39,41,41,41,27,27,41,27,41,41,27,27,27,229,40,41,27,27,41,27,27,27,27,41,27,27,27,40,27,41,27,27,140,27,27,27,32,27,41,41,32,27,41,27,61,41,27,229,27,41,41,229,41,41,27,41,28,27,41,40,41,19,41,27,41,37,27,27,27,40,27,27,229,27,41,27,27,41,230,229,229,41,27,27,27,41,27,38,41,27,41,41,41,40,41,27,41,27,41,27,27,41,41,41,27,41,33,41,27,27,41,41,27,41,41,27,27,39,41,40,27,41,27,41,27,41,41,41,41,41,27,41,27,40,41,41,41,27,27,27,27,41,38,41,27,41,41,41,27,27,27,87,230,27,230,111,102,230,27,27,27,229
41,33,31,41,41,27,27,27,41,27,27,39,27,41,41,27,27,41,32,27,41,41,27,41,41,39,41,40,41,27,27,27,41,28,27,41,27,27,41,41,41,41,27,41,27,27,33,27,41,41,27,27,41,41,41,27,41,27,33,41,41,27,27,27,41,41,41,27,41,27,41,41,41,41,27,27,27,41,41,39,27,41,41,41,41,27,41,27,41,27,27,27,41,28,41,27,41,32,27,27,27,27,41,27,41,41,41,41,40,27,41,38,41,27,41,41,28,28,41,27,41,39,39,41,27,41,41,41,27,27,27,41,27,27,27,41,40,27,41,32,40,41,41,30,27,33,32,28,41,33,27,41,27,40,27,41,32,41,41,27,27,41,41,41,41,41,41,41,41,41,41,41,41,38,41,27,41,41,27,27,27,27,41,27,41,41,30,41,27,27,27,41,41,39,40,41,41,41,41,41,41,41,41,38,41,27,27,27,27,41,41,41,27,41,29,27,41,27,41,40,41,41,41,33,41,41,41,39,41,27,27,27,27,28,41,41,41,27,41,41,41,27,27,39,27,41,27,28,27,41,27,41,41,41,41,41,27,27,27,41,40,41,41,27,27,27,27,41,41,27,27,41,27,27,41,41,33,28,27,41,41,39,41,108,27,27,27,27,41,219,27,27,41,27,41,41,41,28,33,41,27,27,41,41,27,41,27,41,41,27,27,41,41,41,28,41,27,27,27,41,41,41,41,41,27,41,41,27,39,27,41,30,41,41,41,37,33,41,41,40,27,27,27,41,27,41,41,27,27,41,40,41,41,41,27,29,41,41,27,39,41,41,41,27,37,27,41,27,27,41,41,28,28,41,38,41,41,41,27,41,41,41,41,27,27,41,27,41,41,41,27,33,27,41,27,41,41,41,27,27,27,41,33,41,27,41,41,27,41,27,32,41,27,27,41,27,33,27,28,32,27,27,41,41,27,41,27,41,41,41,27,41,27,27,27,41,39,49,27,41,41,27,41,41,28,32,27,27,27,41,41,229,27,27,229,27,38,41,78,229,27,41,88,27,41,27,41,183,27,41,27,41,27,27,230,27,27,41,41,33,41,41,27,229,32,41,41,27,41,87,27,31,41,33,27,28,230,229,229,54,27,39,41,27,29,40,41,41,27,28,41,27,28,41,41,41,41,32,27,27,27,27,27,41,41,27,27,27,27,41,41,27,27,40,41,41,27,27,41,27,222,41,40,27,41,38,41,41,41,32,29,27,38,41,198,27,27,27,27,230,124,27,27,41,41,27,41,27,33,28,41,41,41,41,27,40,41,27,41,27,41,38,27,41,27,30,27,27,32,29,27,27,41,32,37,27,27,28,27,27,41,27,41,27,27,41,41,27,41,41,27,27,41,27,27,27,27,27,27,27,41,41,41,41,27,41,27,27,28,41,41,41,41,41,27,27,41,41,27,41,27,27,27,28,41,32,30,31,27,28,27,27,27,27,27,27,41,41,41,41,41,41,32,41,27,27,41,41,27,41,28,39,27,27,27,39,41,41,41,41,27,41,28,27,27,41,27,27,41,32,32,27,41,27,41,38,41,29,40,41,27,33,41,41,27,41,41,27,38,41,27,41,29,41,32,41,27,41,41,27,27,41,27,27,230,230,229,27,27,229,112,27,211,28,107,208,41,27,87,41,41,41,41,41,41,27,27,39,38,39,32,41,27,27,41,27,27,41,41,27,41,27,29,41,41,41,27,41,41,27,41,27,41,39,165,41,27,40,27,41,27,39,27,41,38,41,41,41,41,27,41,28,41,27,27,27,27,40,27,41,38,41,41,41,27,41,41,27,41,33,27,41,27,27,27,41,41,41,41,41,41,41,40,41,30,41,30,28,27,44,28,27,32,30,27,41,41,41,39,41,41,41,27,27,41,27,41,41,27,27,27,229,40,41,27,27,41,27,27,27,27,41,27,27,27,40,27,41,27,27,140,27,27,27,32,27,41,41,32,27,41,27,61,41,27,229,27,41,41,229,41,41,27,41,28,27,41,40,41,19,41,27,41,37,27,27,27,40,27,27,229,27,41,27,27,41,230,229,229,41,27,27,27,41,27,38,41,27,41,41,41,40,41,27,41,27,41,27,27,41,41,41,27,41,33,41,27,27,41,41,27,41,41,27,27,39,41,40,27,41,27,41,27,41,41,41,41,41,27,41,27,40,41,41,41,27,27,27,27,41,38,41,27,41,41,41,27,27,27,87,230,27,230,111,102,230,27,27,27,229
41,27,41,41,41,27,29,27,41,27,27,33,27,41,41,27,27,41,27,27,41,41,27,41,41,41,41,32,41,27,27,27,41,27,27,41,27,27,41,41,41,41,27,41,27,27,28,27,41,41,29,27,41,41,41,27,41,41,39,41,32,27,27,27,41,41,40,27,41,27,41,41,41,41,27,27,27,41,41,32,27,41,41,41,41,27,41,27,41,27,27,27,41,27,41,27,41,27,27,27,27,27,41,27,41,41,40,41,33,27,41,41,41,27,41,32,27,27,41,27,41,33,33,41,27,41,41,41,27,27,27,41,27,27,27,41,41,27,41,40,41,41,41,38,27,28,28,39,41,39,27,41,27,32,27,41,41,41,41,27,27,41,41,41,41,41,41,41,41,41,41,41,41,41,41,27,41,32,27,27,27,27,41,29,41,41,38,41,27,27,27,41,41,41,32,41,41,41,41,41,41,41,41,41,41,27,27,27,27,41,41,41,27,41,39,27,39,29,41,32,41,41,41,28,41,41,41,41,32,27,27,30,27,27,41,41,41,27,41,41,41,27,27,41,27,41,27,27,27,41,27,41,41,41,41,41,27,27,27,41,41,41,41,27,27,27,27,41,41,27,41,41,31,27,41,41,28,27,27,41,41,107,41,203,27,27,27,27,41,219,27,27,41,27,41,41,41,32,28,41,27,27,41,41,27,41,27,41,41,27,27,41,41,41,27,41,27,27,27,41,41,41,41,41,27,41,41,27,41,27,40,37,41,41,41,41,28,41,41,32,27,27,27,41,27,39,41,27,27,41,41,41,41,41,27,40,41,41,27,33,41,41,41,27,41,27,41,27,27,41,41,27,27,41,41,41,41,41,27,40,41,41,41,27,27,41,27,41,41,41,27,40,27,41,27,41,41,41,27,27,27,41,27,41,27,41,41,27,41,27,28,41,27,27,41,27,28,27,27,28,27,27,39,41,41,41,32,41,41,41,27,41,27,27,27,41,33,221,27,41,41,27,32,41,27,28,27,27,27,41,41,229,27,27,229,27,41,41,41,229,27,41,41,27,41,27,41,87,29,41,27,41,27,27,230,27,27,41,41,28,41,41,27,229,27,41,41,27,41,87,27,218,41,28,40,27,230,229,229,41,27,33,41,27,40,32,41,41,27,40,41,27,27,41,41,41,39,28,27,27,27,27,27,41,32,27,27,28,27,41,41,27,27,32,41,41,27,27,41,27,229,41,41,27,41,41,41,41,41,40,40,27,41,39,230,27,27,27,27,230,124,27,27,41,41,27,41,27,28,27,41,41,41,41,27,32,41,27,32,27,39,41,27,41,27,38,27,27,40,40,27,27,41,27,41,29,27,27,27,27,41,27,41,27,41,41,41,27,41,41,27,27,41,27,27,27,27,27,27,27,41,41,41,41,27,41,27,27,33,41,41,32,229,41,27,27,41,41,27,41,27,28,27,39,32,27,37,28,27,27,27,27,27,27,27,27,41,41,41,41,41,41,27,41,27,27,41,41,29,41,27,32,27,29,27,28,41,41,41,41,27,41,33,27,27,41,27,27,41,27,28,27,41,27,41,32,38,40,32,41,27,28,41,41,27,41,41,27,41,41,27,41,40,41,27,41,27,41,41,27,27,41,27,27,230,230,229,34,27,229,197,27,59,27,208,229,52,27,41,41,41,41,41,41,41,27,27,33,41,41,32,41,27,27,41,27,27,41,41,27,41,29,39,41,41,41,27,41,41,27,40,27,41,41,41,41,27,41,27,32,27,32,29,41,41,41,41,41,41,27,41,27,41,31,27,27,27,41,27,41,41,41,41,41,27,41,41,27,41,28,27,41,27,27,27,41,41,41,41,41,39,41,41,41,32,41,32,27,27,41,40,27,27,37,27,41,41,39,32,41,41,41,27,27,41,27,41,40,27,27,27,229,32,41,29,27,41,27,27,27,27,41,27,27,27,41,27,41,27,27,65,27,27,27,27,29,41,41,28,27,41,27,41,41,29,229,27,41,41,229,41,41,27,41,27,27,41,41,41,41,41,27,41,41,41,27,27,32,27,27,229,27,41,27,46,39,229,204,229,41,27,27,27,41,27,41,41,27,41,41,41,41,41,27,41,27,41,27,27,41,32,41,27,41,28,41,27,27,41,40,27,41,40,27,27,41,41,32,27,41,27,41,27,41,41,41,41,40,27,41,27,33,41,41,41,27,27,27,27,41,41,41,29,41,41,41,27,27,27,87,230,27,230,43,34,230,27,27,27,229
41,27,41,41,41,27,39,27,41,27,27,28,27,41,41,27,27,41,27,27,41,41,27,41,41,41,41,28,41,27,27,27,41,27,27,41,27,27,41,41,41,41,27,41,27,27,27,27,41,41,40,27,41,41,41,27,41,41,41,41,27,27,27,27,41,41,33,27,40,27,41,41,41,39,27,30,27,41,41,28,27,41,41,41,41,27,41,27,41,27,27,27,41,27,41,27,41,27,27,27,27,27,41,27,32,41,32,41,28,27,41,41,41,27,41,27,27,27,41,27,41,28,28,41,29,41,41,41,27,27,27,41,29,27,27,40,41,27,41,41,41,41,41,41,27,27,27,41,41,41,27,41,41,27,27,41,41,41,41,27,41,41,41,41,41,41,41,41,41,41,41,41,41,41,41,27,41,27,27,27,27,27,41,40,41,32,41,41,27,27,27,41,41,41,27,41,41,41,41,41,41,41,37,41,41,27,27,27,27,41,41,41,27,41,41,27,29,40,40,27,41,40,41,27,39,41,41,41,27,27,27,38,27,27,41,41,41,27,41,41,41,30,27,41,27,41,27,27,27,41,27,41,41,41,41,41,27,27,27,41,41,41,41,27,31,27,27,41,32,27,41,41,38,41,41,41,27,27,27,41,41,206,39,229,27,27,27,27,41,219,27,27,41,27,41,41,41,40,27,41,27,27,41,41,27,41,27,41,41,27,27,41,41,41,27,41,28,27,27,41,41,41,41,41,27,41,41,27,41,27,32,41,41,41,41,41,27,39,41,27,27,27,27,41,27,33,41,27,30,39,41,41,41,41,27,41,41,41,27,28,41,41,41,27,41,27,41,27,27,41,41,27,27,41,41,41,41,41,27,33,41,41,41,27,27,41,27,41,41,41,27,41,27,41,27,41,41,41,27,27,27,41,27,41,27,41,41,27,41,27,27,41,27,27,41,27,27,27,27,27,27,27,33,41,41,41,41,41,41,41,27,41,27,27,27,41,28,230,27,41,41,27,27,41,27,27,27,27,27,41,41,210,27,27,229,27,41,41,41,229,27,41,41,27,41,27,41,41,39,41,27,41,27,27,214,27,27,41,41,27,41,41,27,229,27,41,41,27,41,87,27,229,41,27,216,27,230,229,229,41,27,28,41,41,41,27,41,41,27,41,41,27,27,41,41,41,32,27,27,27,27,27,41,41,27,27,27,39,27,41,41,27,27,27,41,41,27,27,41,27,229,41,41,27,39,41,41,41,41,41,41,27,41,33,230,27,27,27,27,184,124,27,27,41,41,27,41,27,27,27,41,41,41,41,27,27,41,27,27,27,33,41,27,41,27,41,27,27,41,41,27,27,41,27,41,40,27,27,27,27,41,27,40,27,41,41,41,27,41,41,27,27,41,27,27,27,41,30,27,41,41,41,41,41,27,41,28,27,39,41,41,27,229,39,30,27,41,41,27,41,27,39,27,41,27,27,41,27,27,27,27,27,27,27,27,27,41,41,41,41,41,41,27,41,27,27,41,41,39,41,27,28,30,40,27,27,41,41,41,41,27,41,39,27,27,41,27,27,39,27,27,27,41,27,41,28,32,41,27,41,27,27,41,41,27,41,41,27,41,39,41,39,41,41,27,41,27,41,41,27,27,106,27,27,230,188,229,104,27,229,230,29,41,27,230,229,115,27,41,40,41,41,41,41,41,27,27,28,41,41,27,41,27,31,41,27,27,41,41,27,41,39,41,39,41,41,39,41,41,27,32,27,41,41,41,41,27,41,27,27,27,28,38,41,41,41,41,41,41,27,41,27,41,38,27,27,30,41,27,41,41,41,41,41,27,41,41,27,41,27,27,41,27,27,27,41,41,41,41,41,33,40,41,41,27,41,27,27,27,41,41,27,27,41,27,106,41,32,28,41,41,41,27,41,41,27,39,33,27,27,27,229,28,41,39,27,41,27,29,27,27,41,27,27,27,41,27,41,27,27,41,27,27,27,27,39,41,41,27,27,41,27,41,41,40,229,27,41,41,229,41,41,27,41,27,27,41,41,41,41,41,27,41,41,41,27,27,28,27,27,229,68,41,27,205,32,229,65,229,39,27,27,30,41,30,41,41,27,41,41,41,41,41,27,41,27,41,27,27,41,27,41,27,41,27,41,27,27,41,33,30,41,32,27,27,41,41,27,27,41,27,41,27,41,41,41,41,32,27,41,27,27,41,41,41,27,27,27,27,41,41,41,40,41,41,41,27,27,27,87,230,27,230,27,27,230,71,61,27,229
41,27,41,41,41,27,39,27,41,27,27,28,27,41,41,27,27,41,27,27,41,41,27,41,41,41,41,28,41,27,27,27,41,27,27,41,27,27,41,41,41,41,27,41,27,27,27,27,41,41,40,27,41,41,41,27,41,41,41,41,27,27,27,27,41,41,33,27,40,27,41,41,41,39,27,30,27,41,41,28,27,41,41,41,41,27,41,27,41,27,27,27,41,27,41,27,41,27,27,27,27,27,41,27,32,41,32,41,28,27,41,41,41,27,41,27,27,27,41,27,41,28,28,41,29,41,41,41,27,27,27,41,29,27,27,40,41,27,41,41,41,41,41,41,27,27,27,41,41,41,27,41,41,27,27,41,41,41,41,27,41,41,41,41,41,41,41,41,41,41,41,41,41,41,41,27,41,27,27,27,27,27,41,40,41,32,41,41,27,27,27,41,41,41,27,41,41,41,41,41,41,41,37,41,41,27,27,27,27,41,41,41,27,41,41,27,29,40,40,27,41,40,41,27,39,41,41,41,27,27,27,38,27,27,41,41,41,27,41,41,41,30,27,41,27,41,27,27,27,41,27,41,41,41,41,41,27,27,27,41,41,41,41,27,31,27,27,41,32,27,41,41,38,41,41,41,27,27,27,41,41,206,39,229,27,27,27,27,41,219,27,27,41,27,41,41,41,40,27,41,27,27,41,41,27,41,27,41,41,27,27,41,41,41,27,41,28,27,27,41,41,41,41,41,27,41,41,27,41,27,32,41,41,41,41,41,27,39,41,27,27,27,27,41,27,33,41,27,30,39,41,41,41,41,27,41,41,41,27,28,41,41,41,27,41,27,41,27,27,41,41,27,27,41,41,41,41,41,27,33,41,41,41,27,27,41,27,41,41,41,27,41,27,41,27,41,41,41,27,27,27,41,27,41,27,41,41,27,41,27,27,41,27,27,41,27,27,27,27,27,27,27,33,41,41,41,41,41,41,41,27,41,27,27,27,41,28,230,27,41,41,27,27,41,27,27,27,27,27,41,41,210,27,27,229,27,41,41,41,229,27,41,41,27,41,27,41,41,39,41,27,41,27,27,214,27,27,41,41,27,41,41,27,229,27,41,41,27,41,87,27,229,41,27,216,27,230,229,229,41,27,28,41,41,41,27,41,41,27,41,41,27,27,41,41,41,32,27,27,27,27,27,41,41,27,27,27,39,27,41,41,27,27,27,41,41,27,27,41,27,229,41,41,27,39,41,41,41,41,41,41,27,41,33,230,27,27,27,27,184,124,27,27,41,41,27,41,27,27,27,41,41,41,41,27,27,41,27,27,27,33,41,27,41,27,41,27,27,41,41,27,27,41,27,41,40,27,27,27,27,41,27,40,27,41,41,41,27,41,41,27,27,41,27,27,27,41,30,27,41,41,41,41,41,27,41,28,27,39,41,41,27,229,39,30,27,41,41,27,41,27,39,27,41,27,27,41,27,27,27,27,27,27,27,27,27,41,41,41,41,41,41,27,41,27,27,41,41,39,41,27,28,30,40,27,27,41,41,41,41,27,41,39,27,27,41,27,27,39,27,27,27,41,27,41,28,32,41,27,41,27,27,41,41,27,41,41,27,41,39,41,39,41,41,27,41,27,41,41,27,27,106,27,27,230,188,229,104,27,229,230,29,41,27,230,229,115,27,41,40,41,41,41,41,41,27,27,28,41,41,27,41,27,31,41,27,27,41,41,27,41,39,41,39,41,41,39,41,41,27,32,27,41,41,41,41,27,41,27,27,27,28,38,41,41,41,41,41,41,27,41,27,41,38,27,27,30,41,27,41,41,41,41,41,27,41,41,27,41,27,27,41,27,27,27,41,41,41,41,41,33,40,41,41,27,41,27,27,27,41,41,27,27,41,27,106,41,32,28,41,41,41,27,41,41,27,39,33,27,27,27,229,28,41,39,27,41,27,29,27,27,41,27,27,27,41,27,41,27,27,41,27,27,27,27,39,41,41,27,27,41,27,41,41,40,229,27,41,41,229,41,41,27,41,27,27,41,41,41,41,41,27,41,41,41,27,27,28,27,27,229,68,41,27,205,32,229,65,229,39,27,27,30,41,30,41,41,27,41,41,41,41,41,27,41,27,41,27,27,41,27,41,27,41,27,41,27,27,41,33,30,41,32,27,27,41,41,27,27,41,27,41,27,41,41,41,41,32,27,41,27,27,41,41,41,27,27,27,27,41,41,41,40,41,41,41,27,27,27,87,230,27,230,27,27,230,71,61,27,229
41,27,41,41,40,27,41,27,41,27,27,27,27,41,41,27,27,32,27,27,41,41,27,41,41,41,41,27,41,27,27,27,41,27,27,41,27,29,41,39,41,41,27,32,27,41,27,27,41,41,41,27,41,41,41,27,41,41,41,41,27,27,27,27,32,41,31,27,33,30,41,41,41,33,27,37,27,41,41,27,27,41,41,41,41,27,41,27,41,29,27,31,41,27,41,27,41,27,30,27,27,27,41,27,27,40,28,41,27,27,41,41,41,27,41,27,27,27,41,27,41,27,27,41,40,41,41,41,27,27,27,39,40,27,27,32,41,27,41,41,41,41,41,41,30,27,27,41,41,41,27,41,41,27,28,41,41,40,41,27,41,41,41,41,41,41,41,41,41,41,41,41,41,41,41,41,41,27,27,27,29,27,41,41,32,27,41,41,27,27,27,41,41,41,27,41,41,41,41,41,41,41,30,41,41,41,27,27,27,40,41,41,27,41,41,27,27,41,32,27,41,32,41,27,33,41,40,41,27,27,27,41,27,27,41,41,39,31,41,41,41,39,27,41,27,41,27,27,27,41,27,41,41,41,41,41,27,27,27,41,41,41,41,27,38,27,27,41,27,27,41,41,41,41,41,41,27,27,27,41,41,229,33,229,27,27,27,27,41,219,27,30,41,27,41,41,41,41,27,41,27,27,41,27,27,41,27,40,41,27,27,41,41,39,27,41,40,27,27,41,41,41,41,41,29,41,41,27,41,27,27,41,41,41,41,41,27,34,41,27,29,27,27,41,27,28,41,27,38,34,41,41,41,41,27,41,39,41,27,27,41,41,41,27,41,29,41,27,27,41,41,27,27,39,41,41,41,41,28,27,32,41,41,27,27,41,27,41,41,41,27,41,27,41,27,41,41,39,27,27,41,41,27,41,27,41,41,27,41,27,27,41,27,28,32,41,27,27,27,27,30,29,28,41,41,41,41,41,41,41,27,41,27,41,27,41,27,230,30,52,41,27,27,41,27,27,27,27,27,47,41,59,27,27,200,27,41,41,41,192,27,41,41,27,41,27,41,41,41,41,30,41,27,27,151,27,31,41,40,27,41,41,27,219,27,39,41,27,41,87,27,229,39,27,229,27,230,229,230,41,27,27,41,41,41,27,41,41,27,41,41,27,27,41,41,41,28,27,27,29,27,27,41,41,27,27,27,41,27,41,41,30,27,27,41,41,30,27,41,40,229,41,41,27,33,41,41,41,41,41,41,27,41,28,230,27,27,27,27,87,124,27,27,41,41,30,41,27,27,27,41,41,41,41,27,27,41,27,27,27,28,41,27,41,30,41,27,41,41,41,27,27,41,27,41,41,27,27,27,27,41,27,33,27,41,41,41,27,41,41,27,27,41,27,27,27,41,38,27,41,41,41,32,41,27,41,40,27,41,39,41,27,229,33,37,27,41,60,27,41,27,41,28,41,27,27,41,27,27,27,41,27,27,27,27,27,41,39,41,41,41,41,27,41,27,27,41,41,41,41,27,27,38,41,27,27,41,41,40,41,27,41,41,27,27,79,41,27,33,27,27,27,41,27,41,27,28,41,27,41,27,27,41,41,27,41,41,27,41,33,41,33,41,41,27,41,27,41,41,27,27,229,27,27,220,83,229,217,28,229,230,40,41,27,230,229,208,27,41,32,41,41,39,39,32,27,27,27,41,41,27,41,31,38,41,41,27,41,41,27,41,41,41,32,41,41,41,41,41,27,28,27,41,41,41,41,27,41,27,27,27,27,41,41,41,41,41,41,41,29,41,27,39,41,27,27,38,41,27,41,41,41,41,41,27,41,41,29,41,27,27,41,27,27,30,39,41,41,41,41,28,32,41,41,27,41,27,27,27,41,41,28,27,41,27,229,41,28,27,55,41,41,30,41,41,27,32,28,27,30,27,229,27,41,41,27,41,27,38,27,27,41,27,27,27,41,27,41,27,29,41,27,27,27,27,41,41,41,27,27,41,27,41,39,41,229,27,41,32,229,41,39,27,41,27,27,41,41,41,41,32,30,41,41,41,29,27,27,27,29,229,183,41,27,228,28,229,41,229,33,27,27,38,41,38,41,41,27,41,41,41,41,41,41,41,27,41,27,27,41,27,41,27,41,27,41,27,27,41,27,38,40,27,28,27,41,41,27,29,41,27,41,27,41,41,41,41,28,27,41,27,27,41,41,41,27,27,27,27,41,41,41,41,41,40,41,27,27,27,87,230,27,230,27,27,227,181,190,27,229
41,27,41,41,33,27,41,27,41,27,27,27,27,41,41,27,41,32,27,27,41,41,27,41,39,41,41,27,41,27,41,27,41,27,30,41,27,39,41,33,41,41,27,27,27,41,27,27,41,41,41,27,41,41,41,27,40,41,41,41,27,27,27,27,27,41,27,27,28,38,41,41,32,28,27,41,27,41,40,27,27,41,41,41,41,27,41,41,32,39,30,38,41,27,41,27,41,27,38,27,27,29,41,27,27,32,27,41,27,27,41,41,41,27,41,27,27,27,41,27,41,27,27,41,41,41,41,41,27,27,27,33,41,27,27,27,41,27,41,41,41,41,41,41,37,27,27,41,41,41,27,41,41,27,40,32,41,32,41,27,41,41,41,41,41,41,41,41,41,41,41,41,41,41,41,41,41,27,41,27,39,27,41,41,27,27,41,41,27,27,27,41,39,41,27,41,41,41,41,41,41,40,27,41,41,41,27,29,27,32,41,41,27,41,41,27,27,41,27,27,41,28,41,27,28,41,32,41,27,27,27,41,27,27,41,41,33,38,41,41,41,41,27,41,27,41,27,27,27,41,29,41,41,32,41,41,27,27,27,41,41,41,41,27,41,31,27,41,27,27,41,41,41,41,41,41,27,27,27,41,41,229,28,229,27,27,27,27,41,197,27,38,41,27,41,41,41,41,27,41,30,27,39,27,27,41,27,32,41,27,27,41,41,33,27,41,41,27,27,41,41,41,41,41,40,41,41,27,41,27,27,41,41,41,41,41,27,31,41,27,39,27,27,39,27,27,41,27,41,31,41,41,41,41,27,41,32,41,27,27,41,41,41,27,41,40,41,27,27,41,41,27,27,33,41,41,41,41,40,27,27,39,41,27,27,41,27,41,41,41,27,41,27,41,27,41,41,33,27,27,41,41,27,41,27,41,39,27,41,27,27,41,27,40,27,41,27,27,27,27,37,39,27,41,41,41,41,41,41,41,27,41,27,41,27,41,27,230,37,137,41,27,27,41,27,27,27,27,27,74,41,41,27,27,69,27,41,41,41,78,27,41,41,27,41,27,40,41,41,41,38,41,27,27,72,30,38,41,32,27,41,41,27,51,27,33,39,27,41,87,27,229,33,27,229,27,198,229,230,41,27,27,41,41,41,27,41,41,27,41,39,27,27,38,41,41,27,27,27,39,27,27,41,41,27,27,27,41,27,41,41,38,27,27,41,41,38,27,41,41,229,41,41,27,28,41,41,41,32,41,41,27,41,27,230,27,27,28,29,41,107,27,27,32,41,37,41,27,27,27,41,41,41,41,27,27,41,27,27,27,27,41,27,41,37,41,27,41,41,41,27,27,41,27,41,41,27,27,30,27,41,27,28,41,41,41,41,27,41,41,30,27,41,30,27,27,41,41,27,41,41,41,27,41,27,41,41,31,41,33,63,27,229,28,41,41,41,211,27,41,27,41,39,41,27,27,41,27,27,27,41,27,27,27,27,27,39,33,41,41,41,41,27,41,27,27,41,41,41,41,27,27,41,41,27,27,41,41,33,41,27,41,41,27,30,167,41,27,28,27,27,27,41,27,41,27,27,41,27,41,27,27,41,38,27,41,41,27,41,28,41,28,41,41,27,41,27,41,41,27,27,229,27,27,51,41,191,230,40,229,230,41,41,27,230,229,229,27,41,28,40,41,33,33,27,27,27,27,41,41,27,41,38,41,41,41,27,41,41,27,41,41,41,28,38,41,41,41,41,27,27,27,41,41,41,41,29,41,27,27,27,27,41,41,41,41,41,41,41,40,41,27,33,41,27,27,41,41,27,41,41,41,41,41,30,41,41,40,41,27,27,41,27,27,38,33,38,41,41,41,27,27,41,41,27,41,27,27,27,41,41,40,27,41,27,230,41,27,27,119,52,41,41,41,41,30,28,27,27,38,27,229,27,32,41,27,41,27,41,27,27,41,27,27,40,41,27,41,27,38,41,27,27,27,27,41,41,41,27,27,41,27,40,33,41,196,30,41,27,41,41,33,27,41,27,27,41,41,41,41,27,37,41,41,41,39,27,27,27,69,41,228,40,27,229,27,229,41,229,28,27,27,41,39,41,41,41,27,41,41,41,41,41,41,32,27,41,27,41,41,27,41,27,41,27,41,29,27,41,27,41,33,27,39,27,41,41,27,39,41,28,39,30,41,41,41,39,27,27,41,27,27,41,41,41,27,29,27,27,41,41,41,41,41,32,41,27,27,27,87,230,33,230,27,27,207,229,229,27,229
41,27,41,41,33,27,41,27,41,27,27,27,27,41,41,27,41,32,27,27,41,41,27,41,39,41,41,27,41,27,41,27,41,27,30,41,27,39,41,33,41,41,27,27,27,41,27,27,41,41,41,27,41,41,41,27,40,41,41,41,27,27,27,27,27,41,27,27,28,38,41,41,32,28,27,41,27,41,40,27,27,41,41,41,41,27,41,41,32,39,30,38,41,27,41,27,41,27,38,27,27,29,41,27,27,32,27,41,27,27,41,41,41,27,41,27,27,27,41,27,41,27,27,41,41,41,41,41,27,27,27,33,41,27,27,27,41,27,41,41,41,41,41,41,37,27,27,41,41,41,27,41,41,27,40,32,41,32,41,27,41,41,41,41,41,41,41,41,41,41,41,41,41,41,41,41,41,27,41,27,39,27,41,41,27,27,41,41,27,27,27,41,39,41,27,41,41,41,41,41,41,40,27,41,41,41,27,29,27,32,41,41,27,41,41,27,27,41,27,27,41,28,41,27,28,41,32,41,27,27,27,41,27,27,41,41,33,38,41,41,41,41,27,41,27,41,27,27,27,41,29,41,41,32,41,41,27,27,27,41,41,41,41,27,41,31,27,41,27,27,41,41,41,41,41,41,27,27,27,41,41,229,28,229,27,27,27,27,41,197,27,38,41,27,41,41,41,41,27,41,30,27,39,27,27,41,27,32,41,27,27,41,41,33,27,41,41,27,27,41,41,41,41,41,40,41,41,27,41,27,27,41,41,41,41,41,27,31,41,27,39,27,27,39,27,27,41,27,41,31,41,41,41,41,27,41,32,41,27,27,41,41,41,27,41,40,41,27,27,41,41,27,27,33,41,41,41,41,40,27,27,39,41,27,27,41,27,41,41,41,27,41,27,41,27,41,41,33,27,27,41,41,27,41,27,41,39,27,41,27,27,41,27,40,27,41,27,27,27,27,37,39,27,41,41,41,41,41,41,41,27,41,27,41,27,41,27,230,37,137,41,27,27,41,27,27,27,27,27,74,41,41,27,27,69,27,41,41,41,78,27,41,41,27,41,27,40,41,41,41,38,41,27,27,72,30,38,41,32,27,41,41,27,51,27,33,39,27,41,87,27,229,33,27,229,27,198,229,230,41,27,27,41,41,41,27,41,41,27,41,39,27,27,38,41,41,27,27,27,39,27,27,41,41,27,27,27,41,27,41,41,38,27,27,41,41,38,27,41,41,229,41,41,27,28,41,41,41,32,41,41,27,41,27,230,27,27,28,29,41,107,27,27,32,41,37,41,27,27,27,41,41,41,41,27,27,41,27,27,27,27,41,27,41,37,41,27,41,41,41,27,27,41,27,41,41,27,27,30,27,41,27,28,41,41,41,41,27,41,41,30,27,41,30,27,27,41,41,27,41,41,41,27,41,27,41,41,31,41,33,63,27,229,28,41,41,41,211,27,41,27,41,39,41,27,27,41,27,27,27,41,27,27,27,27,27,39,33,41,41,41,41,27,41,27,27,41,41,41,41,27,27,41,41,27,27,41,41,33,41,27,41,41,27,30,167,41,27,28,27,27,27,41,27,41,27,27,41,27,41,27,27,41,38,27,41,41,27,41,28,41,28,41,41,27,41,27,41,41,27,27,229,27,27,51,41,191,230,40,229,230,41,41,27,230,229,229,27,41,28,40,41,33,33,27,27,27,27,41,41,27,41,38,41,41,41,27,41,41,27,41,41,41,28,38,41,41,41,41,27,27,27,41,41,41,41,29,41,27,27,27,27,41,41,41,41,41,41,41,40,41,27,33,41,27,27,41,41,27,41,41,41,41,41,30,41,41,40,41,27,27,41,27,27,38,33,38,41,41,41,27,27,41,41,27,41,27,27,27,41,41,40,27,41,27,230,41,27,27,119,52,41,41,41,41,30,28,27,27,38,27,229,27,32,41,27,41,27,41,27,27,41,27,27,40,41,27,41,27,38,41,27,27,27,27,41,41,41,27,27,41,27,40,33,41,196,30,41,27,41,41,33,27,41,27,27,41,41,41,41,27,37,41,41,41,39,27,27,27,69,41,228,40,27,229,27,229,41,229,28,27,27,41,39,41,41,41,27,41,41,41,41,41,41,32,27,41,27,41,41,27,41,27,41,27,41,29,27,41,27,41,33,27,39,27,41,41,27,39,41,28,39,30,41,41,41,39,27,27,41,27,27,41,41,41,27,29,27,27,41,41,41,41,41,32,41,27,27,27,87,230,33,230,27,27,207,229,229,27,229
39,27,41,41,31,29,41,27,41,27,27,27,27,27,41,27,41,27,27,27,32,41,27,41,32,41,41,27,41,27,41,30,41,27,38,41,27,41,41,28,41,41,41,27,27,41,27,27,41,41,41,27,41,41,41,27,32,41,41,41,27,27,28,27,27,39,27,27,27,41,39,41,27,27,27,41,27,41,32,27,27,41,41,41,41,27,41,41,27,41,37,41,41,27,41,27,39,27,41,27,27,39,41,27,27,28,27,41,27,29,41,41,41,27,41,27,27,27,41,27,41,27,27,41,41,39,41,41,27,27,27,28,41,27,27,27,41,27,41,41,41,41,39,41,41,27,27,41,41,41,27,41,41,27,41,27,41,27,41,28,41,41,41,41,41,41,41,39,41,41,37,37,41,41,41,41,41,27,41,27,41,27,41,41,27,27,41,41,27,27,27,41,32,41,27,41,41,41,41,41,41,32,27,41,41,41,27,40,27,28,41,41,28,41,41,27,27,41,27,27,41,27,41,27,27,41,28,41,27,27,27,41,27,27,41,41,28,41,41,41,41,41,27,41,27,41,27,27,27,41,39,41,41,27,41,41,28,27,27,41,41,41,41,27,41,38,27,40,27,27,41,39,41,41,41,41,27,27,27,41,41,229,27,229,30,27,27,27,41,63,27,41,41,27,41,41,41,41,27,41,39,30,32,27,27,41,27,27,41,27,41,41,41,28,27,41,41,27,27,41,41,41,41,41,41,41,41,27,41,27,27,41,41,32,41,41,27,30,37,27,41,27,27,33,27,27,41,27,41,28,41,41,41,41,27,41,28,41,27,27,41,41,41,27,41,41,41,27,27,41,41,27,27,28,41,41,32,41,41,27,27,33,41,29,27,40,27,41,41,41,27,41,27,41,27,32,41,28,27,41,41,41,27,41,27,41,29,41,41,27,27,41,27,41,27,41,27,27,27,27,41,41,27,41,41,41,41,41,41,41,27,41,27,41,27,41,27,230,41,147,40,27,27,41,27,27,27,27,27,80,41,41,27,27,41,27,41,41,40,41,27,41,39,27,32,27,32,41,41,41,41,41,27,27,41,37,41,39,27,27,41,41,27,41,27,28,33,27,41,87,27,229,28,27,229,27,73,229,230,40,27,27,41,41,41,27,38,41,27,41,33,27,27,30,41,41,27,27,27,41,27,27,41,41,27,27,27,41,27,41,41,41,27,27,41,41,41,27,41,41,225,41,41,27,27,41,41,41,27,41,41,27,41,27,183,27,27,40,40,41,58,27,27,27,41,41,41,27,27,27,41,39,41,41,27,27,41,27,27,27,27,41,27,41,41,41,27,41,41,41,27,27,39,27,41,41,27,27,38,27,41,29,27,41,41,41,38,27,41,39,38,41,32,38,27,28,41,41,27,41,41,41,27,41,30,41,41,38,41,28,183,27,229,27,41,41,39,229,27,41,27,41,41,41,27,27,41,27,30,27,41,27,27,27,27,27,33,28,41,41,39,41,27,41,30,27,41,39,41,41,27,27,41,41,27,27,41,41,28,27,41,41,41,27,38,205,41,27,27,27,27,27,41,27,205,27,27,41,27,41,27,27,38,30,27,41,41,30,41,27,41,27,41,41,27,32,27,41,32,27,27,229,27,27,41,41,79,230,41,229,230,41,40,27,230,229,229,27,39,27,32,41,28,28,27,27,27,27,41,41,27,41,41,41,230,41,27,41,41,27,41,41,41,27,31,41,41,41,41,27,27,27,41,41,41,41,40,41,27,27,27,27,41,41,41,41,41,41,41,41,41,27,28,41,27,27,41,41,27,41,41,41,41,41,38,41,41,41,41,27,27,41,27,27,41,28,30,41,41,41,27,27,41,41,27,41,27,27,27,39,41,41,27,41,27,230,32,27,27,203,73,41,41,41,41,38,27,27,27,41,27,206,27,27,41,27,41,29,41,27,27,41,27,27,41,41,40,41,27,41,41,27,27,27,27,41,41,41,27,27,57,27,32,28,41,74,39,41,27,41,41,28,27,41,27,27,41,41,41,41,27,41,41,41,41,41,27,27,27,73,41,229,32,27,229,27,229,41,229,27,27,27,41,33,41,41,41,27,41,41,41,41,41,41,27,27,41,27,41,41,27,41,27,41,27,41,39,27,41,27,41,28,27,27,27,41,41,27,41,41,40,28,37,40,41,41,29,27,27,38,27,27,41,41,41,27,39,27,27,41,41,41,41,41,27,41,27,27,30,87,230,218,230,27,27,205,230,230,61,229
33,27,41,41,27,40,41,27,41,27,27,27,41,27,41,27,41,27,27,27,27,41,27,41,28,41,41,27,41,27,41,38,41,27,41,41,27,41,41,27,41,41,41,27,27,41,27,27,41,41,41,27,41,41,41,27,28,41,41,41,27,27,40,27,27,33,27,27,27,41,33,38,27,27,27,41,29,41,27,27,27,41,41,41,41,27,41,41,27,41,41,41,41,27,41,29,33,27,41,27,29,41,41,27,27,27,27,41,27,39,41,41,41,27,41,27,27,27,41,30,41,27,27,41,41,33,41,41,27,27,27,27,41,27,27,27,41,27,41,41,41,41,33,41,41,27,27,41,41,41,30,41,41,27,41,27,41,27,41,40,41,40,41,41,41,41,41,32,41,41,30,31,41,41,41,41,41,27,41,27,41,27,40,41,27,27,41,41,27,41,27,41,28,41,27,40,41,41,39,41,40,28,27,41,41,41,27,41,27,27,41,41,40,41,41,27,27,41,27,27,40,27,41,27,27,41,27,41,27,29,27,41,27,27,41,41,27,41,41,41,41,41,27,41,27,39,27,27,41,41,41,41,41,27,41,40,40,27,27,41,41,41,41,27,41,41,27,28,27,27,41,33,41,41,41,41,27,27,27,41,41,196,27,193,38,27,27,29,41,41,27,41,41,27,41,41,41,41,27,41,41,39,28,27,27,41,27,27,41,27,41,39,41,27,27,41,41,27,27,41,41,41,41,32,41,41,41,27,41,27,27,41,41,27,41,41,27,32,30,27,41,27,27,28,27,27,41,27,41,27,41,41,39,41,27,41,27,41,27,27,41,41,41,27,41,41,41,30,27,41,41,27,27,27,41,41,27,41,41,27,27,28,41,39,27,32,27,41,32,41,27,41,27,41,27,27,41,27,27,41,41,41,27,41,27,39,27,41,41,27,27,41,27,41,27,41,27,27,27,27,41,41,27,41,41,41,41,41,41,41,27,41,27,41,41,41,27,224,41,147,32,30,27,41,27,27,27,29,27,80,41,41,27,29,41,27,41,41,33,41,27,41,33,27,27,27,27,39,41,41,41,40,28,27,41,41,41,33,27,27,41,41,28,41,27,27,28,41,41,87,27,229,27,27,229,27,41,229,230,32,27,27,41,41,41,27,32,41,27,41,28,31,27,27,41,41,27,27,27,41,27,27,41,41,27,27,30,41,27,41,41,41,27,27,41,41,41,27,41,41,108,41,41,27,27,41,41,39,27,41,41,29,41,27,87,27,27,41,41,41,41,30,27,27,41,41,41,30,27,27,41,28,41,41,29,27,41,27,27,27,27,41,27,41,41,41,30,41,41,41,27,27,33,27,41,41,27,27,41,27,41,39,27,41,41,41,31,27,38,33,41,41,27,41,27,40,41,41,27,41,41,41,27,41,38,32,41,41,41,27,189,27,229,27,41,41,32,229,29,41,27,41,41,41,27,27,41,27,37,27,41,27,41,27,27,27,28,27,41,41,33,41,27,41,38,31,41,33,41,41,27,27,41,41,27,27,41,41,27,27,41,41,41,29,41,205,41,30,27,27,27,27,41,27,205,27,27,41,27,41,27,27,30,27,27,41,41,37,41,27,41,27,41,40,27,27,27,41,27,27,41,229,27,27,41,41,41,230,41,132,183,41,32,27,199,230,229,27,33,27,28,41,27,27,27,27,27,27,41,41,27,41,41,41,230,41,27,41,41,28,41,41,41,27,27,41,41,27,41,28,27,27,41,41,41,41,41,41,27,27,27,27,41,41,41,41,41,41,41,41,40,27,27,41,31,27,41,41,27,41,41,41,27,41,41,41,41,41,41,27,27,41,27,27,41,27,27,41,41,41,27,27,41,41,27,41,27,27,29,33,45,41,27,57,27,230,27,27,27,230,73,41,41,41,41,41,27,27,27,41,41,64,27,27,41,27,41,38,41,41,27,41,27,27,41,41,41,41,27,41,41,27,29,27,27,41,32,41,27,27,188,27,27,27,41,41,41,41,27,41,41,27,27,41,27,27,41,32,41,41,27,41,41,57,41,41,27,27,28,73,41,229,27,46,229,27,188,41,230,27,27,27,41,28,41,41,41,27,41,41,41,41,41,41,27,30,41,27,41,41,27,41,27,41,27,41,41,27,41,27,41,27,27,41,27,41,41,27,41,41,41,27,41,32,39,41,27,27,27,31,27,27,41,41,41,40,41,27,27,41,41,41,41,41,27,41,27,27,38,87,230,230,230,27,27,205,230,230,190,206
33,27,41,41,27,40,41,27,41,27,27,27,41,27,41,27,41,27,27,27,27,41,27,41,28,41,41,27,41,27,41,38,41,27,41,41,27,41,41,27,41,41,41,27,27,41,27,27,41,41,41,27,41,41,41,27,28,41,41,41,27,27,40,27,27,33,27,27,27,41,33,38,27,27,27,41,29,41,27,27,27,41,41,41,41,27,41,41,27,41,41,41,41,27,41,29,33,27,41,27,29,41,41,27,27,27,27,41,27,39,41,41,41,27,41,27,27,27,41,30,41,27,27,41,41,33,41,41,27,27,27,27,41,27,27,27,41,27,41,41,41,41,33,41,41,27,27,41,41,41,30,41,41,27,41,27,41,27,41,40,41,40,41,41,41,41,41,32,41,41,30,31,41,41,41,41,41,27,41,27,41,27,40,41,27,27,41,41,27,41,27,41,28,41,27,40,41,41,39,41,40,28,27,41,41,41,27,41,27,27,41,41,40,41,41,27,27,41,27,27,40,27,41,27,27,41,27,41,27,29,27,41,27,27,41,41,27,41,41,41,41,41,27,41,27,39,27,27,41,41,41,41,41,27,41,40,40,27,27,41,41,41,41,27,41,41,27,28,27,27,41,33,41,41,41,41,27,27,27,41,41,196,27,193,38,27,27,29,41,41,27,41,41,27,41,41,41,41,27,41,41,39,28,27,27,41,27,27,41,27,41,39,41,27,27,41,41,27,27,41,41,41,41,32,41,41,41,27,41,27,27,41,41,27,41,41,27,32,30,27,41,27,27,28,27,27,41,27,41,27,41,41,39,41,27,41,27,41,27,27,41,41,41,27,41,41,41,30,27,41,41,27,27,27,41,41,27,41,41,27,27,28,41,39,27,32,27,41,32,41,27,41,27,41,27,27,41,27,27,41,41,41,27,41,27,39,27,41,41,27,27,41,27,41,27,41,27,27,27,27,41,41,27,41,41,41,41,41,41,41,27,41,27,41,41,41,27,224,41,147,32,30,27,41,27,27,27,29,27,80,41,41,27,29,41,27,41,41,33,41,27,41,33,27,27,27,27,39,41,41,41,40,28,27,41,41,41,33,27,27,41,41,28,41,27,27,28,41,41,87,27,229,27,27,229,27,41,229,230,32,27,27,41,41,41,27,32,41,27,41,28,31,27,27,41,41,27,27,27,41,27,27,41,41,27,27,30,41,27,41,41,41,27,27,41,41,41,27,41,41,108,41,41,27,27,41,41,39,27,41,41,29,41,27,87,27,27,41,41,41,41,30,27,27,41,41,41,30,27,27,41,28,41,41,29,27,41,27,27,27,27,41,27,41,41,41,30,41,41,41,27,27,33,27,41,41,27,27,41,27,41,39,27,41,41,41,31,27,38,33,41,41,27,41,27,40,41,41,27,41,41,41,27,41,38,32,41,41,41,27,189,27,229,27,41,41,32,229,29,41,27,41,41,41,27,27,41,27,37,27,41,27,41,27,27,27,28,27,41,41,33,41,27,41,38,31,41,33,41,41,27,27,41,41,27,27,41,41,27,27,41,41,41,29,41,205,41,30,27,27,27,27,41,27,205,27,27,41,27,41,27,27,30,27,27,41,41,37,41,27,41,27,41,40,27,27,27,41,27,27,41,229,27,27,41,41,41,230,41,132,183,41,32,27,199,230,229,27,33,27,28,41,27,27,27,27,27,27,41,41,27,41,41,41,230,41,27,41,41,28,41,41,41,27,27,41,41,27,41,28,27,27,41,41,41,41,41,41,27,27,27,27,41,41,41,41,41,41,41,41,40,27,27,41,31,27,41,41,27,41,41,41,27,41,41,41,41,41,41,27,27,41,27,27,41,27,27,41,41,41,27,27,41,41,27,41,27,27,29,33,45,41,27,57,27,230,27,27,27,230,73,41,41,41,41,41,27,27,27,41,41,64,27,27,41,27,41,38,41,41,27,41,27,27,41,41,41,41,27,41,41,27,29,27,27,41,32,41,27,27,188,27,27,27,41,41,41,41,27,41,41,27,27,41,27,27,41,32,41,41,27,41,41,57,41,41,27,27,28,73,41,229,27,46,229,27,188,41,230,27,27,27,41,28,41,41,41,27,41,41,41,41,41,41,27,30,41,27,41,41,27,41,27,41,27,41,41,27,41,27,41,27,27,41,27,41,41,27,41,41,41,27,41,32,39,41,27,27,27,31,27,27,41,41,41,40,41,27,27,41,41,41,41,41,27,41,27,27,38,87,230,230,230,27,27,205,230,230,190,206
28,27,41,41,27,41,41,27,32,30,27,27,41,27,41,30,41,27,27,41,27,41,30,41,27,41,41,27,41,41,41,41,41,27,41,41,27,41,41,27,41,41,41,27,27,41,27,31,41,41,41,27,41,41,41,27,27,41,41,41,27,27,41,27,27,28,27,27,27,41,28,30,27,27,27,41,39,41,27,27,27,41,41,41,41,27,39,41,27,41,41,41,41,27,41,39,28,27,41,27,39,41,41,27,27,27,27,41,27,41,41,41,41,27,32,27,27,27,41,38,41,27,27,41,41,28,41,32,27,27,27,27,41,27,27,27,41,27,41,41,41,41,28,41,41,27,27,41,41,41,38,41,41,27,41,27,41,27,41,41,41,33,41,41,32,41,41,28,41,41,27,27,39,41,41,41,41,27,41,29,41,27,32,41,27,27,41,41,27,41,27,41,27,41,27,32,41,41,33,41,32,27,27,41,41,41,27,41,27,27,41,41,41,40,41,27,27,41,27,27,32,27,41,27,27,41,27,41,27,40,27,41,30,27,41,41,27,41,41,41,41,41,27,41,27,33,27,27,41,41,41,41,41,27,41,32,41,27,27,41,41,41,38,27,41,41,27,27,27,27,41,28,41,41,41,41,27,27,27,41,41,74,27,77,41,27,27,39,41,41,27,41,41,27,41,41,41,41,27,86,41,41,27,27,28,41,27,27,39,27,41,29,41,27,27,41,41,27,27,39,41,41,32,27,41,41,32,27,41,27,27,41,41,27,41,41,27,27,27,27,41,29,27,27,27,27,41,27,41,27,41,41,33,41,27,41,27,41,27,27,32,41,41,27,41,41,41,38,29,41,41,27,27,27,41,41,27,40,41,27,27,27,41,41,28,27,27,41,27,41,27,41,29,41,27,27,41,27,27,41,41,41,27,41,29,29,27,41,41,29,27,41,27,41,27,41,27,27,27,27,41,41,27,41,41,41,41,41,41,41,30,41,27,41,41,41,27,109,41,147,27,38,27,41,27,27,27,39,29,80,41,41,29,39,41,27,41,41,28,41,27,27,28,27,27,27,27,33,41,41,41,28,40,27,41,41,41,28,27,27,41,41,40,41,27,27,27,41,41,87,31,229,27,27,229,27,41,229,230,27,29,27,32,41,41,27,28,40,28,41,27,38,27,27,41,41,27,27,27,41,27,27,41,41,27,27,38,41,27,41,41,41,27,27,41,41,41,27,41,41,43,41,41,27,27,41,41,33,27,41,41,38,41,27,41,27,41,41,41,41,41,38,30,27,41,41,32,38,27,27,41,27,41,41,40,27,38,27,27,27,27,41,30,41,41,41,38,41,41,41,27,27,28,27,41,41,31,27,41,27,51,41,27,41,41,41,27,27,30,28,41,41,27,41,30,41,41,41,27,41,41,41,27,41,41,27,41,41,41,27,103,27,106,27,41,41,28,229,40,41,27,41,41,41,27,27,41,27,41,27,41,27,41,27,27,27,27,27,39,40,28,41,27,41,41,38,41,28,41,41,27,27,41,41,27,27,39,40,27,27,41,41,41,39,41,205,41,38,27,27,27,27,41,27,205,27,27,41,27,53,28,27,27,27,28,41,41,41,41,27,41,27,41,32,27,27,27,41,27,27,41,229,27,27,41,41,41,230,41,132,88,41,27,27,73,230,229,27,28,27,27,41,27,27,27,27,27,27,41,41,27,41,41,41,230,41,27,41,41,40,41,41,41,27,27,41,41,27,41,39,27,29,41,41,41,41,41,41,27,27,27,27,41,41,41,41,41,41,41,41,32,27,27,41,31,27,41,41,27,41,41,41,27,41,41,41,41,41,41,27,41,41,41,27,41,27,27,41,41,42,27,27,41,41,27,41,27,27,38,28,110,41,27,121,30,230,27,27,27,230,73,41,41,41,41,41,27,27,27,41,41,41,27,27,41,27,41,41,41,41,27,41,29,27,41,41,41,41,27,41,41,27,40,27,27,41,27,41,27,30,204,29,27,27,41,41,41,41,27,41,78,27,27,205,27,27,41,27,41,32,27,41,41,120,106,41,27,27,40,73,41,229,27,205,229,27,83,40,230,27,27,27,41,27,41,41,41,27,41,41,41,41,41,41,27,38,41,29,41,41,27,41,30,41,27,41,41,27,41,27,41,27,27,41,27,41,41,27,41,41,41,27,41,27,33,41,27,27,27,27,27,27,40,41,41,41,41,27,27,34,41,41,41,41,27,41,27,27,41,81,230,230,230,27,27,205,230,230,229,107
27,27,41,41,27,41,41,27,27,38,27,27,41,27,37,38,41,27,27,41,27,39,38,41,27,41,41,27,41,41,41,41,41,27,41,32,27,41,41,27,41,41,41,27,41,41,27,38,41,41,41,27,41,41,41,30,27,41,41,41,27,27,41,27,27,27,27,27,27,41,27,27,27,27,30,41,41,40,27,27,27,41,41,41,41,27,32,41,27,41,41,41,41,27,41,41,27,27,41,27,41,41,41,27,27,27,27,41,27,41,41,41,41,31,27,27,27,27,27,41,41,27,27,41,41,27,41,27,41,27,27,27,41,27,27,27,41,41,41,41,41,41,27,41,41,27,27,41,41,41,41,41,41,27,41,27,41,27,41,41,41,28,41,39,27,41,41,27,41,41,27,27,28,41,27,41,41,27,41,39,41,27,27,41,27,27,41,41,27,41,27,41,27,41,27,27,41,41,28,41,28,27,27,41,32,41,27,41,28,27,41,41,41,32,41,27,27,41,27,27,28,27,41,27,27,41,27,41,27,41,27,41,38,27,41,41,27,41,39,41,41,41,27,41,27,28,27,27,41,41,41,41,41,27,41,27,41,27,27,41,41,39,29,27,41,41,27,27,27,27,41,27,41,41,41,41,27,27,27,41,41,41,27,41,41,41,27,41,41,41,27,41,41,27,41,41,41,41,27,185,41,41,27,27,40,40,27,27,33,31,41,27,41,27,27,41,41,27,31,33,41,41,27,27,41,41,27,41,41,27,27,41,41,27,32,41,27,27,27,27,41,39,31,27,27,27,41,27,41,27,41,41,28,41,29,41,27,41,27,27,27,41,27,27,41,41,41,41,40,41,39,27,27,27,41,41,27,28,41,27,27,27,41,41,40,27,27,41,27,41,27,41,40,41,27,27,41,27,27,41,41,41,27,41,39,27,27,41,41,40,27,41,28,41,27,41,27,27,27,27,41,41,27,41,41,41,41,41,41,41,38,41,27,41,41,41,27,44,41,147,27,41,27,41,27,27,27,41,39,76,41,40,40,41,41,30,41,41,27,41,27,27,27,31,27,27,27,28,41,38,41,27,41,28,41,41,41,27,27,27,41,41,41,41,27,27,27,41,41,87,218,229,27,27,229,27,41,229,221,27,41,27,27,41,41,27,27,33,40,41,27,41,27,27,41,39,27,27,29,41,27,41,41,41,27,30,41,41,27,41,41,41,30,27,41,41,41,27,41,41,41,41,41,27,27,41,41,28,27,41,41,41,41,27,41,27,41,41,41,39,41,41,38,27,38,41,27,41,27,27,29,27,41,39,41,27,31,27,27,30,27,41,38,41,41,41,41,41,41,41,29,27,27,27,41,41,38,27,41,27,98,41,27,41,41,38,27,27,27,29,41,41,27,41,38,41,41,41,30,41,41,39,27,41,41,27,41,41,41,27,48,27,106,27,41,41,27,229,41,41,27,41,41,41,27,27,41,27,41,27,41,27,41,27,27,27,27,27,33,39,27,41,27,41,41,41,41,27,41,41,27,27,41,41,31,27,28,32,27,27,41,67,41,41,41,205,41,41,27,27,27,29,41,27,205,27,27,41,27,156,39,27,27,27,40,41,41,41,41,27,41,27,41,28,27,27,27,41,27,27,41,41,27,27,41,39,41,211,41,132,41,47,27,27,41,230,229,27,27,27,27,39,27,27,27,27,27,27,41,41,27,88,41,41,230,41,27,41,41,41,41,41,41,27,27,32,41,27,41,41,27,38,41,41,41,40,41,41,37,27,27,27,41,41,41,41,41,41,41,41,27,27,27,41,41,30,41,41,29,79,41,41,27,41,41,39,41,41,41,27,41,41,41,27,41,27,27,41,41,66,27,27,41,40,27,41,27,27,41,27,223,41,27,199,37,230,27,27,27,230,73,32,41,41,41,41,27,27,27,41,41,41,27,27,41,29,63,41,41,41,27,38,40,27,41,41,41,41,27,41,41,27,41,27,27,41,27,41,27,37,204,40,27,27,41,41,41,41,27,41,177,27,27,205,27,41,41,27,41,27,27,41,41,199,229,41,29,27,41,73,41,229,27,228,229,27,41,32,230,27,30,27,41,27,41,41,41,27,41,41,32,41,41,41,27,41,41,39,41,41,27,41,39,41,27,41,41,27,41,27,41,27,27,41,27,41,41,27,41,41,41,27,41,27,28,32,27,27,27,27,27,27,28,41,41,41,41,27,27,34,41,41,41,41,27,41,27,27,41,81,230,230,230,27,27,205,230,230,230,39
27,27,41,41,27,41,41,27,27,38,27,27,41,27,37,38,41,27,27,41,27,39,38,41,27,41,41,27,41,41,41,41,41,27,41,32,27,41,41,27,41,41,41,27,41,41,27,38,41,41,41,27,41,41,41,30,27,41,41,41,27,27,41,27,27,27,27,27,27,41,27,27,27,27,30,41,41,40,27,27,27,41,41,41,41,27,32,41,27,41,41,41,41,27,41,41,27,27,41,27,41,41,41,27,27,27,27,41,27,41,41,41,41,31,27,27,27,27,27,41,41,27,27,41,41,27,41,27,41,27,27,27,41,27,27,27,41,41,41,41,41,41,27,41,41,27,27,41,41,41,41,41,41,27,41,27,41,27,41,41,41,28,41,39,27,41,41,27,41,41,27,27,28,41,27,41,41,27,41,39,41,27,27,41,27,27,41,41,27,41,27,41,27,41,27,27,41,41,28,41,28,27,27,41,32,41,27,41,28,27,41,41,41,32,41,27,27,41,27,27,28,27,41,27,27,41,27,41,27,41,27,41,38,27,41,41,27,41,39,41,41,41,27,41,27,28,27,27,41,41,41,41,41,27,41,27,41,27,27,41,41,39,29,27,41,41,27,27,27,27,41,27,41,41,41,41,27,27,27,41,41,41,27,41,41,41,27,41,41,41,27,41,41,27,41,41,41,41,27,185,41,41,27,27,40,40,27,27,33,31,41,27,41,27,27,41,41,27,31,33,41,41,27,27,41,41,27,41,41,27,27,41,41,27,32,41,27,27,27,27,41,39,31,27,27,27,41,27,41,27,41,41,28,41,29,41,27,41,27,27,27,41,27,27,41,41,41,41,40,41,39,27,27,27,41,41,27,28,41,27,27,27,41,41,40,27,27,41,27,41,27,41,40,41,27,27,41,27,27,41,41,41,27,41,39,27,27,41,41,40,27,41,28,41,27,41,27,27,27,27,41,41,27,41,41,41,41,41,41,41,38,41,27,41,41,41,27,44,41,147,27,41,27,41,27,27,27,41,39,76,41,40,40,41,41,30,41,41,27,41,27,27,27,31,27,27,27,28,41,38,41,27,41,28,41,41,41,27,27,27,41,41,41,41,27,27,27,41,41,87,218,229,27,27,229,27,41,229,221,27,41,27,27,41,41,27,27,33,40,41,27,41,27,27,41,39,27,27,29,41,27,41,41,41,27,30,41,41,27,41,41,41,30,27,41,41,41,27,41,41,41,41,41,27,27,41,41,28,27,41,41,41,41,27,41,27,41,41,41,39,41,41,38,27,38,41,27,41,27,27,29,27,41,39,41,27,31,27,27,30,27,41,38,41,41,41,41,41,41,41,29,27,27,27,41,41,38,27,41,27,98,41,27,41,41,38,27,27,27,29,41,41,27,41,38,41,41,41,30,41,41,39,27,41,41,27,41,41,41,27,48,27,106,27,41,41,27,229,41,41,27,41,41,41,27,27,41,27,41,27,41,27,41,27,27,27,27,27,33,39,27,41,27,41,41,41,41,27,41,41,27,27,41,41,31,27,28,32,27,27,41,67,41,41,41,205,41,41,27,27,27,29,41,27,205,27,27,41,27,156,39,27,27,27,40,41,41,41,41,27,41,27,41,28,27,27,27,41,27,27,41,41,27,27,41,39,41,211,41,132,41,47,27,27,41,230,229,27,27,27,27,39,27,27,27,27,27,27,41,41,27,88,41,41,230,41,27,41,41,41,41,41,41,27,27,32,41,27,41,41,27,38,41,41,41,40,41,41,37,27,27,27,41,41,41,41,41,41,41,41,27,27,27,41,41,30,41,41,29,79,41,41,27,41,41,39,41,41,41,27,41,41,41,27,41,27,27,41,41,66,27,27,41,40,27,41,27,27,41,27,223,41,27,199,37,230,27,27,27,230,73,32,41,41,41,41,27,27,27,41,41,41,27,27,41,29,63,41,41,41,27,38,40,27,41,41,41,41,27,41,41,27,41,27,27,41,27,41,27,37,204,40,27,27,41,41,41,41,27,41,177,27,27,205,27,41,41,27,41,27,27,41,41,199,229,41,29,27,41,73,41,229,27,228,229,27,41,32,230,27,30,27,41,27,41,41,41,27,41,41,32,41,41,41,27,41,41,39,41,41,27,41,39,41,27,41,41,27,41,27,41,27,27,41,27,41,41,27,41,41,41,27,41,27,28,32,27,27,27,27,27,27,28,41,41,41,41,27,27,34,41,41,41,41,27,41,27,27,41,81,230,230,230,27,27,205,230,230,230,39
27,27,41,41,27,41,41,27,27,41,30,27,41,27,27,41,41,27,27,41,27,33,41,41,27,41,41,27,41,41,41,41,41,27,41,27,27,41,41,27,41,41,41,27,41,41,27,41,41,41,41,27,41,41,41,37,27,41,41,41,27,27,41,27,27,27,27,29,27,41,27,27,27,27,37,41,41,32,27,27,27,41,41,41,41,27,28,41,27,41,41,41,41,27,41,41,27,27,41,29,41,41,41,30,27,27,27,41,27,41,32,41,41,38,27,27,27,27,27,41,41,27,27,41,41,27,41,27,41,27,27,27,41,27,27,27,41,41,41,41,41,41,27,41,41,27,27,41,41,41,41,41,41,27,41,27,41,27,41,41,41,27,40,29,27,41,41,27,38,41,27,27,27,41,27,41,27,27,41,41,41,27,27,41,27,27,41,41,27,41,27,41,27,41,27,27,41,41,27,41,27,27,27,41,27,41,30,41,39,27,41,41,41,27,41,29,27,41,27,27,27,27,41,27,27,41,27,41,27,41,27,41,41,27,41,41,27,41,32,39,40,41,29,41,27,27,29,27,41,41,41,41,41,27,41,27,41,41,27,41,41,33,27,27,41,41,30,27,27,27,41,27,41,41,41,39,27,27,27,41,41,41,27,41,41,41,41,41,41,41,30,41,39,29,41,41,39,41,27,230,41,41,27,27,41,32,30,27,28,38,41,27,41,27,27,40,41,28,38,28,41,41,27,27,41,41,27,41,41,27,27,41,41,27,27,41,27,27,27,27,41,41,38,27,27,27,41,27,41,27,41,41,27,41,40,41,27,41,28,27,27,27,27,27,41,41,41,41,41,41,28,27,27,27,41,41,27,27,41,27,27,27,74,41,41,27,27,41,27,41,41,41,41,41,27,27,41,27,27,41,41,41,27,41,41,27,27,41,41,41,27,41,40,41,27,41,27,30,27,27,41,41,27,41,41,41,41,41,41,41,41,80,30,41,41,230,27,41,41,140,27,41,27,40,27,27,30,41,41,56,41,32,41,41,40,38,41,79,27,40,27,27,27,38,27,27,27,27,41,30,41,27,41,40,41,41,41,27,27,27,41,41,41,40,27,27,27,41,41,87,229,229,27,27,229,27,41,229,110,27,43,27,27,41,41,27,27,27,41,41,27,41,27,27,41,29,27,27,39,41,27,41,41,41,27,38,41,41,29,41,41,41,37,27,41,39,41,27,41,41,41,41,41,27,27,41,41,27,27,41,41,41,41,27,41,41,41,41,41,33,41,41,41,27,31,41,27,41,27,27,27,27,41,33,41,27,27,29,27,38,27,41,41,41,41,41,41,41,41,41,40,27,27,27,41,41,41,27,41,27,109,41,27,41,41,31,27,41,27,28,41,41,27,41,41,41,41,41,38,41,41,34,27,41,41,27,41,41,41,27,41,27,41,27,41,41,27,217,41,41,27,41,41,41,27,27,41,27,41,27,41,41,41,27,27,27,27,27,28,39,27,39,27,41,41,41,41,27,41,41,27,27,41,41,38,27,27,27,27,27,41,179,41,41,41,180,41,41,27,27,27,40,41,28,205,27,27,41,27,168,41,27,27,27,41,38,41,41,41,27,41,27,41,27,27,27,28,41,27,27,41,41,30,30,40,33,41,59,45,132,41,100,27,27,41,230,230,27,27,27,27,33,27,27,27,27,27,27,41,41,27,183,41,41,230,41,27,41,41,41,32,41,41,27,27,27,41,27,41,41,27,41,41,41,41,33,41,40,41,27,27,27,41,41,41,41,41,41,41,41,27,27,27,41,41,38,41,41,40,166,41,38,27,39,41,28,41,41,41,27,41,41,41,27,41,27,27,41,41,93,27,27,41,32,27,41,27,27,41,27,230,45,27,230,41,230,27,27,27,230,73,27,41,41,41,41,27,27,30,41,41,41,27,27,41,39,207,41,41,41,27,31,41,29,41,41,41,41,27,41,41,41,41,29,27,41,27,41,27,41,204,41,27,27,41,41,41,41,27,41,214,27,27,205,29,41,41,27,45,27,27,57,41,229,229,49,39,27,41,76,41,229,27,229,230,27,41,28,230,27,54,27,41,27,41,41,39,27,41,41,27,41,41,41,27,41,41,41,41,41,27,41,41,41,27,41,41,27,41,27,41,27,27,41,30,41,41,27,41,41,41,27,41,27,27,27,27,27,27,27,28,27,27,41,41,41,41,30,27,34,41,41,41,41,27,41,27,30,41,81,230,230,224,27,27,194,230,230,230,27
27,27,41,41,27,41,41,27,27,41,30,27,41,27,27,41,41,27,27,41,27,33,41,41,27,41,41,27,41,41,41,41,41,27,41,27,27,41,41,27,41,41,41,27,41,41,27,41,41,41,41,27,41,41,41,37,27,41,41,41,27,27,41,27,27,27,27,29,27,41,27,27,27,27,37,41,41,32,27,27,27,41,41,41,41,27,28,41,27,41,41,41,41,27,41,41,27,27,41,29,41,41,41,30,27,27,27,41,27,41,32,41,41,38,27,27,27,27,27,41,41,27,27,41,41,27,41,27,41,27,27,27,41,27,27,27,41,41,41,41,41,41,27,41,41,27,27,41,41,41,41,41,41,27,41,27,41,27,41,41,41,27,40,29,27,41,41,27,38,41,27,27,27,41,27,41,27,27,41,41,41,27,27,41,27,27,41,41,27,41,27,41,27,41,27,27,41,41,27,41,27,27,27,41,27,41,30,41,39,27,41,41,41,27,41,29,27,41,27,27,27,27,41,27,27,41,27,41,27,41,27,41,41,27,41,41,27,41,32,39,40,41,29,41,27,27,29,27,41,41,41,41,41,27,41,27,41,41,27,41,41,33,27,27,41,41,30,27,27,27,41,27,41,41,41,39,27,27,27,41,41,41,27,41,41,41,41,41,41,41,30,41,39,29,41,41,39,41,27,230,41,41,27,27,41,32,30,27,28,38,41,27,41,27,27,40,41,28,38,28,41,41,27,27,41,41,27,41,41,27,27,41,41,27,27,41,27,27,27,27,41,41,38,27,27,27,41,27,41,27,41,41,27,41,40,41,27,41,28,27,27,27,27,27,41,41,41,41,41,41,28,27,27,27,41,41,27,27,41,27,27,27,74,41,41,27,27,41,27,41,41,41,41,41,27,27,41,27,27,41,41,41,27,41,41,27,27,41,41,41,27,41,40,41,27,41,27,30,27,27,41,41,27,41,41,41,41,41,41,41,41,80,30,41,41,230,27,41,41,140,27,41,27,40,27,27,30,41,41,56,41,32,41,41,40,38,41,79,27,40,27,27,27,38,27,27,27,27,41,30,41,27,41,40,41,41,41,27,27,27,41,41,41,40,27,27,27,41,41,87,229,229,27,27,229,27,41,229,110,27,43,27,27,41,41,27,27,27,41,41,27,41,27,27,41,29,27,27,39,41,27,41,41,41,27,38,41,41,29,41,41,41,37,27,41,39,41,27,41,41,41,41,41,27,27,41,41,27,27,41,41,41,41,27,41,41,41,41,41,33,41,41,41,27,31,41,27,41,27,27,27,27,41,33,41,27,27,29,27,38,27,41,41,41,41,41,41,41,41,41,40,27,27,27,41,41,41,27,41,27,109,41,27,41,41,31,27,41,27,28,41,41,27,41,41,41,41,41,38,41,41,34,27,41,41,27,41,41,41,27,41,27,41,27,41,41,27,217,41,41,27,41,41,41,27,27,41,27,41,27,41,41,41,27,27,27,27,27,28,39,27,39,27,41,41,41,41,27,41,41,27,27,41,41,38,27,27,27,27,27,41,179,41,41,41,180,41,41,27,27,27,40,41,28,205,27,27,41,27,168,41,27,27,27,41,38,41,41,41,27,41,27,41,27,27,27,28,41,27,27,41,41,30,30,40,33,41,59,45,132,41,100,27,27,41,230,230,27,27,27,27,33,27,27,27,27,27,27,41,41,27,183,41,41,230,41,27,41,41,41,32,41,41,27,27,27,41,27,41,41,27,41,41,41,41,33,41,40,41,27,27,27,41,41,41,41,41,41,41,41,27,27,27,41,41,38,41,41,40,166,41,38,27,39,41,28,41,41,41,27,41,41,41,27,41,27,27,41,41,93,27,27,41,32,27,41,27,27,41,27,230,45,27,230,41,230,27,27,27,230,73,27,41,41,41,41,27,27,30,41,41,41,27,27,41,39,207,41,41,41,27,31,41,29,41,41,41,41,27,41,41,41,41,29,27,41,27,41,27,41,204,41,27,27,41,41,41,41,27,41,214,27,27,205,29,41,41,27,45,27,27,57,41,229,229,49,39,27,41,76,41,229,27,229,230,27,41,28,230,27,54,27,41,27,41,41,39,27,41,41,27,41,41,41,27,41,41,41,41,41,27,41,41,41,27,41,41,27,41,27,41,27,27,41,30,41,41,27,41,41,41,27,41,27,27,27,27,27,27,27,28,27,27,41,41,41,41,30,27,34,41,41,41,41,27,41,27,30,41,81,230,230,224,27,27,194,230,230,230,27
27,30,41,32,27,41,41,27,27,41,38,27,41,27,27,41,41,27,27,41,27,28,41,41,27,41,41,27,41,41,41,41,41,27,41,27,27,41,41,27,41,41,41,27,41,41,31,41,41,41,41,28,41,41,41,41,27,41,41,41,27,28,41,27,27,27,27,40,27,41,27,27,27,27,41,41,41,27,27,27,30,41,39,41,40,30,27,41,27,41,41,41,41,27,41,41,27,27,41,39,41,41,39,37,27,27,27,40,27,41,27,41,41,41,27,27,27,27,27,41,41,27,27,41,41,27,41,27,41,29,29,27,41,29,29,27,41,41,32,41,41,41,27,41,41,27,27,41,41,41,41,41,41,27,41,27,41,27,41,41,41,27,32,27,27,41,41,27,30,39,27,27,27,41,27,41,27,27,41,41,41,41,27,41,27,27,41,41,27,41,30,41,27,41,27,27,41,41,27,40,27,27,27,41,27,41,38,41,41,27,41,27,41,27,41,39,27,41,27,27,27,27,32,30,27,41,27,41,27,41,27,41,41,27,41,41,27,41,28,32,32,41,38,41,31,27,39,27,41,41,41,41,41,27,41,27,41,41,27,41,40,28,27,41,41,41,38,27,27,27,41,27,41,41,27,33,27,27,27,41,41,41,27,41,41,41,41,41,41,40,38,41,33,39,41,41,32,41,27,230,41,41,27,27,41,27,38,27,27,41,41,27,41,27,31,28,41,40,41,27,41,41,27,27,41,41,27,41,41,29,27,41,32,27,27,41,27,27,27,27,41,41,41,27,41,27,41,27,41,27,41,39,27,41,41,41,27,41,34,27,27,27,27,30,41,41,39,41,41,41,27,27,27,27,41,40,27,27,41,27,27,27,197,41,41,27,41,41,27,41,41,41,41,41,27,27,41,27,27,41,41,40,27,41,41,27,27,41,41,41,27,40,41,41,27,41,27,37,30,27,41,41,27,41,41,41,41,41,41,41,41,191,38,41,41,230,27,41,41,80,27,41,27,32,27,27,39,41,41,43,82,27,41,41,34,41,41,192,27,33,41,27,27,41,27,27,27,27,41,27,41,27,41,41,41,41,41,27,27,27,41,41,41,32,27,27,27,41,41,87,229,229,27,27,229,60,39,229,46,27,43,27,27,41,41,27,27,27,41,41,27,41,27,27,38,27,27,27,41,41,27,41,41,41,27,41,41,41,40,41,39,41,41,27,41,33,41,27,41,41,41,41,41,27,27,41,41,27,27,41,41,41,41,27,41,41,41,41,41,28,41,41,41,27,27,41,27,41,27,27,27,27,41,28,41,27,27,39,27,41,27,41,41,41,41,41,41,41,41,41,41,41,27,27,41,41,41,27,41,27,109,41,27,41,41,27,27,41,27,27,41,41,27,41,41,41,41,41,41,41,41,27,27,41,41,27,41,41,41,27,104,27,41,27,41,41,27,112,41,41,41,41,41,41,27,27,41,27,41,27,41,41,41,41,27,29,27,27,27,39,27,33,27,38,41,41,41,27,41,40,27,27,41,41,41,27,27,27,27,27,41,205,41,41,41,87,41,41,27,27,27,41,41,40,97,27,27,41,27,168,41,27,27,27,41,30,41,41,41,27,41,27,41,27,27,27,40,27,27,27,41,41,38,38,32,28,41,41,109,132,41,118,27,27,41,230,230,30,27,27,27,28,27,27,27,41,27,27,41,41,27,230,41,41,106,41,29,60,41,41,27,41,41,27,27,27,41,27,41,41,27,41,39,41,41,27,41,28,41,27,27,27,41,41,41,41,41,41,41,41,27,29,27,41,41,41,41,41,41,205,41,30,27,33,41,27,41,41,39,27,41,38,41,30,41,27,27,41,41,93,27,27,41,27,27,41,27,29,41,27,230,110,27,230,41,230,27,27,27,230,73,27,41,41,229,41,27,27,38,41,41,41,27,27,41,41,229,41,41,41,27,27,41,39,41,41,41,27,27,41,41,41,41,40,27,41,27,41,27,41,204,41,27,27,41,39,41,230,27,32,214,27,27,205,39,41,41,27,200,27,27,120,41,229,229,113,41,27,41,129,32,230,27,229,230,27,41,27,179,27,58,27,41,27,41,41,33,29,41,41,27,41,32,41,27,41,41,41,41,41,27,41,41,41,27,41,41,29,41,27,41,27,27,41,38,41,41,27,41,41,41,27,41,27,27,27,27,27,27,27,40,27,27,41,41,41,41,38,29,34,41,41,41,41,27,41,27,38,41,81,230,230,211,27,27,102,230,230,230,27
27,38,41,27,27,41,41,27,27,41,41,27,41,27,27,41,41,27,27,41,27,27,41,41,27,39,41,27,41,41,41,41,41,27,41,27,41,41,41,27,41,41,41,27,41,41,38,41,40,41,41,40,41,32,41,41,27,41,39,41,27,40,41,27,27,27,27,41,27,41,27,27,27,27,41,41,41,27,27,27,38,41,32,41,32,38,27,41,27,41,41,41,41,27,41,41,27,27,41,41,41,41,33,41,27,27,27,32,27,41,27,41,41,41,27,27,27,27,27,41,41,27,27,41,41,27,41,27,41,39,39,27,41,40,40,27,41,41,27,41,40,41,27,41,41,27,27,41,41,41,41,41,41,27,41,27,41,27,41,41,41,27,27,27,27,40,41,27,27,33,27,27,27,41,27,41,27,27,41,41,41,41,27,41,27,27,41,41,41,41,38,41,27,41,27,27,41,41,27,39,27,27,27,41,27,41,41,41,41,27,27,27,41,27,41,41,27,41,27,27,27,27,27,39,27,41,27,41,27,41,30,41,41,30,39,41,27,41,27,28,27,41,41,39,38,27,41,27,41,41,41,41,41,27,41,27,41,41,41,41,31,27,27,41,41,41,41,27,27,41,41,27,41,41,27,28,27,30,27,31,41,41,27,41,41,41,41,41,41,32,41,41,28,41,73,32,28,41,27,230,41,41,27,27,41,27,41,27,27,41,41,27,39,27,38,27,41,41,41,27,41,41,27,27,41,41,27,41,41,40,27,41,27,27,27,41,30,27,27,27,41,41,41,27,41,27,41,41,41,27,41,33,27,41,41,41,27,41,41,27,27,27,27,37,41,41,28,41,41,39,27,27,27,27,41,32,27,27,41,27,27,27,230,41,41,27,41,32,27,41,41,41,41,57,41,27,82,27,30,41,41,28,27,41,41,27,27,41,38,41,27,28,41,41,27,41,27,41,38,27,41,41,27,41,41,41,41,41,41,41,41,230,41,41,41,230,27,41,41,44,27,41,27,27,29,29,41,41,41,41,189,27,41,41,31,41,41,230,27,28,41,27,27,41,27,28,27,27,41,27,41,27,41,41,41,41,41,27,27,27,41,41,41,27,27,27,27,41,41,87,229,229,27,27,229,191,33,229,41,27,43,27,27,41,41,27,27,27,41,41,27,41,31,27,30,27,27,29,41,41,27,41,41,41,27,41,41,41,41,41,32,41,41,27,41,28,41,27,41,41,41,41,60,27,27,41,74,27,27,39,49,41,41,27,39,41,41,41,41,27,39,41,41,27,27,41,27,41,27,27,27,27,27,27,41,27,27,41,27,41,27,41,41,41,41,41,41,41,40,41,41,41,27,27,41,41,41,30,41,41,109,41,27,41,41,27,27,41,27,27,41,41,27,41,41,41,41,41,41,41,41,27,27,41,41,27,41,41,41,27,49,27,41,27,41,41,27,47,41,229,41,41,41,41,27,27,41,27,41,30,41,41,41,41,29,40,27,27,27,39,27,28,27,30,41,41,41,27,41,32,29,27,41,41,41,27,27,27,27,27,41,205,41,41,41,41,41,41,27,27,29,41,41,41,41,27,27,41,27,168,41,27,27,27,41,27,41,41,41,27,41,27,41,27,27,27,41,27,27,27,41,41,41,41,27,27,41,41,222,132,41,217,27,29,39,209,230,38,27,27,27,27,27,27,27,41,41,27,41,41,27,230,41,41,41,41,39,212,41,41,27,41,41,27,27,27,41,27,41,41,27,41,29,41,41,27,41,27,41,27,41,27,41,41,41,41,41,41,41,41,27,39,27,41,41,41,41,41,41,205,41,27,27,28,41,27,39,41,30,27,41,30,41,38,41,27,27,41,32,93,27,27,41,27,27,41,27,38,41,27,230,223,27,230,41,230,27,27,27,230,229,27,41,41,229,41,27,27,41,41,41,40,27,27,41,41,229,41,41,41,30,27,41,41,41,41,41,27,41,41,41,41,41,41,27,41,27,41,27,41,193,41,27,27,41,33,41,230,27,27,214,27,41,205,41,41,67,27,205,27,27,199,41,229,229,214,41,27,41,224,27,230,27,229,230,27,41,27,78,27,58,29,41,27,41,41,28,39,41,41,27,41,27,41,27,41,41,41,41,41,27,41,41,41,27,41,41,38,41,27,41,27,27,41,41,41,41,27,41,41,41,27,41,27,27,27,27,27,29,27,41,27,27,41,41,41,41,41,40,34,41,41,41,41,27,41,27,41,41,81,230,230,205,27,27,46,230,230,230,27
27,38,41,27,27,41,41,27,27,41,41,27,41,27,27,41,41,27,27,41,27,27,41,41,27,39,41,27,41,41,41,41,41,27,41,27,41,41,41,27,41,41,41,27,41,41,38,41,40,41,41,40,41,32,41,41,27,41,39,41,27,40,41,27,27,27,27,41,27,41,27,27,27,27,41,41,41,27,27,27,38,41,32,41,32,38,27,41,27,41,41,41,41,27,41,41,27,27,41,41,41,41,33,41,27,27,27,32,27,41,27,41,41,41,27,27,27,27,27,41,41,27,27,41,41,27,41,27,41,39,39,27,41,40,40,27,41,41,27,41,40,41,27,41,41,27,27,41,41,41,41,41,41,27,41,27,41,27,41,41,41,27,27,27,27,40,41,27,27,33,27,27,27,41,27,41,27,27,41,41,41,41,27,41,27,27,41,41,41,41,38,41,27,41,27,27,41,41,27,39,27,27,27,41,27,41,41,41,41,27,27,27,41,27,41,41,27,41,27,27,27,27,27,39,27,41,27,41,27,41,30,41,41,30,39,41,27,41,27,28,27,41,41,39,38,27,41,27,41,41,41,41,41,27,41,27,41,41,41,41,31,27,27,41,41,41,41,27,27,41,41,27,41,41,27,28,27,30,27,31,41,41,27,41,41,41,41,41,41,32,41,41,28,41,73,32,28,41,27,230,41,41,27,27,41,27,41,27,27,41,41,27,39,27,38,27,41,41,41,27,41,41,27,27,41,41,27,41,41,40,27,41,27,27,27,41,30,27,27,27,41,41,41,27,41,27,41,41,41,27,41,33,27,41,41,41,27,41,41,27,27,27,27,37,41,41,28,41,41,39,27,27,27,27,41,32,27,27,41,27,27,27,230,41,41,27,41,32,27,41,41,41,41,57,41,27,82,27,30,41,41,28,27,41,41,27,27,41,38,41,27,28,41,41,27,41,27,41,38,27,41,41,27,41,41,41,41,41,41,41,41,230,41,41,41,230,27,41,41,44,27,41,27,27,29,29,41,41,41,41,189,27,41,41,31,41,41,230,27,28,41,27,27,41,27,28,27,27,41,27,41,27,41,41,41,41,41,27,27,27,41,41,41,27,27,27,27,41,41,87,229,229,27,27,229,191,33,229,41,27,43,27,27,41,41,27,27,27,41,41,27,41,31,27,30,27,27,29,41,41,27,41,41,41,27,41,41,41,41,41,32,41,41,27,41,28,41,27,41,41,41,41,60,27,27,41,74,27,27,39,49,41,41,27,39,41,41,41,41,27,39,41,41,27,27,41,27,41,27,27,27,27,27,27,41,27,27,41,27,41,27,41,41,41,41,41,41,41,40,41,41,41,27,27,41,41,41,30,41,41,109,41,27,41,41,27,27,41,27,27,41,41,27,41,41,41,41,41,41,41,41,27,27,41,41,27,41,41,41,27,49,27,41,27,41,41,27,47,41,229,41,41,41,41,27,27,41,27,41,30,41,41,41,41,29,40,27,27,27,39,27,28,27,30,41,41,41,27,41,32,29,27,41,41,41,27,27,27,27,27,41,205,41,41,41,41,41,41,27,27,29,41,41,41,41,27,27,41,27,168,41,27,27,27,41,27,41,41,41,27,41,27,41,27,27,27,41,27,27,27,41,41,41,41,27,27,41,41,222,132,41,217,27,29,39,209,230,38,27,27,27,27,27,27,27,41,41,27,41,41,27,230,41,41,41,41,39,212,41,41,27,41,41,27,27,27,41,27,41,41,27,41,29,41,41,27,41,27,41,27,41,27,41,41,41,41,41,41,41,41,27,39,27,41,41,41,41,41,41,205,41,27,27,28,41,27,39,41,30,27,41,30,41,38,41,27,27,41,32,93,27,27,41,27,27,41,27,38,41,27,230,223,27,230,41,230,27,27,27,230,229,27,41,41,229,41,27,27,41,41,41,40,27,27,41,41,229,41,41,41,30,27,41,41,41,41,41,27,41,41,41,41,41,41,27,41,27,41,27,41,193,41,27,27,41,33,41,230,27,27,214,27,41,205,41,41,67,27,205,27,27,199,41,229,229,214,41,27,41,224,27,230,27,229,230,27,41,27,78,27,58,29,41,27,41,41,28,39,41,41,27,41,27,41,27,41,41,41,41,41,27,41,41,41,27,41,41,38,41,27,41,27,27,41,41,41,41,27,41,41,41,27,41,27,27,27,27,27,29,27,41,27,27,41,41,41,41,41,40,34,41,41,41,41,27,41,27,41,41,81,230,230,205,27,27,46,230,230,230,27
27,41,41,27,27,41,41,27,27,41,41,27,41,27,27,41,41,27,41,41,27,27,41,41,27,33,41,27,41,41,41,41,41,30,41,27,41,41,41,27,41,41,41,27,41,41,41,41,32,41,41,41,41,27,41,41,27,41,33,41,27,41,41,41,27,27,27,41,27,41,27,27,27,27,41,41,41,27,27,27,41,41,28,41,27,41,27,41,27,41,41,41,41,30,41,41,27,41,41,41,41,41,28,41,27,27,27,27,27,41,27,37,39,41,27,27,29,29,27,41,41,30,30,41,41,27,41,27,41,41,41,27,41,41,41,27,41,41,27,40,32,41,27,41,41,27,28,41,41,39,41,41,41,27,41,27,41,27,41,41,41,27,27,27,27,28,41,27,27,28,27,27,27,41,27,41,27,27,41,41,41,41,27,41,27,27,41,41,41,41,41,41,27,41,27,27,41,41,27,38,27,27,27,41,27,41,41,41,41,27,27,27,41,27,41,41,27,41,27,27,27,27,27,41,27,41,27,41,27,41,38,41,41,38,33,41,27,41,27,27,27,41,41,33,41,27,41,30,41,41,41,41,41,27,41,27,41,41,41,41,30,27,27,41,41,41,41,27,27,41,41,27,41,41,27,27,30,38,41,31,41,39,27,41,41,41,41,41,41,28,41,41,27,41,198,27,27,41,27,230,41,41,27,27,41,27,41,27,27,41,41,27,28,27,41,27,41,41,41,27,41,41,27,27,41,41,27,41,41,41,27,41,27,27,27,41,37,27,27,27,41,41,41,27,41,30,41,41,41,27,41,28,27,41,41,41,27,41,41,29,27,27,27,41,38,41,27,41,41,28,27,29,29,27,38,27,27,27,41,27,27,27,230,41,41,27,41,27,27,41,41,39,41,189,41,27,164,27,38,41,41,27,28,41,41,27,27,41,30,41,28,27,41,41,27,41,30,41,41,29,41,41,27,41,41,41,41,41,41,41,41,230,41,41,41,230,27,41,41,41,27,41,27,27,39,39,41,41,41,41,230,27,41,41,28,41,41,230,27,27,41,27,27,41,27,40,27,27,41,27,41,27,41,41,41,41,41,27,27,29,41,41,41,27,27,27,27,41,41,87,229,229,27,27,229,228,28,230,41,27,43,27,27,41,41,29,27,27,41,41,27,41,38,27,27,27,27,39,41,41,29,41,41,41,27,41,41,41,41,41,28,41,41,27,41,27,41,27,41,41,40,79,211,29,27,41,196,27,27,32,77,41,41,27,33,41,41,41,41,27,33,41,41,27,27,41,27,41,30,29,27,27,27,27,41,27,27,41,27,41,27,41,41,41,41,41,41,41,32,41,41,41,27,27,88,41,41,38,41,41,109,41,27,41,41,27,27,41,27,27,41,41,27,41,41,41,41,41,41,41,41,27,27,41,41,27,41,41,39,27,41,27,41,27,41,41,27,41,41,229,41,41,41,41,27,27,41,27,41,37,41,41,41,41,40,41,27,27,27,39,27,27,41,27,41,41,41,27,41,28,39,30,41,41,41,27,27,27,27,27,41,205,41,41,41,41,41,41,27,29,39,41,32,41,41,27,27,57,27,168,41,30,27,27,41,27,41,41,38,27,41,27,41,27,27,27,41,27,27,41,87,41,41,41,27,27,41,41,229,72,39,229,27,39,33,116,230,41,27,27,27,27,27,27,27,41,41,29,87,39,27,230,41,41,41,41,41,230,60,41,27,41,39,27,27,27,41,27,41,41,27,41,27,39,41,27,41,28,41,27,41,27,41,41,41,41,41,41,41,41,27,41,27,68,41,41,41,59,41,205,46,27,27,27,41,27,29,41,27,29,41,27,41,41,41,27,27,27,27,93,27,27,41,27,27,41,27,41,41,27,230,230,27,230,41,230,27,27,27,230,229,27,41,41,229,41,27,27,41,41,41,32,27,27,41,41,229,41,41,41,37,27,41,41,41,41,41,27,41,41,39,41,41,41,27,41,27,41,30,41,101,41,27,27,41,28,41,230,27,27,214,27,41,97,41,41,179,27,205,27,27,229,41,229,229,229,41,29,45,229,27,230,27,229,230,27,39,27,27,27,58,40,41,27,41,41,27,41,41,41,27,41,27,41,27,41,41,41,41,41,27,41,41,41,30,41,41,41,41,27,41,27,27,41,41,41,41,29,41,32,41,27,41,27,27,27,27,27,40,27,41,27,27,27,32,41,41,41,41,34,41,41,41,41,27,41,41,41,41,80,229,230,205,27,27,41,230,230,230,27
27,41,38,27,27,41,41,27,27,41,41,27,41,27,27,41,41,27,41,41,27,27,41,41,27,28,41,32,41,41,41,41,41,38,41,27,41,41,41,27,41,41,41,27,41,41,41,41,27,41,41,41,41,27,41,41,27,41,28,41,27,41,41,41,27,27,27,41,27,41,27,27,27,27,41,41,41,27,27,27,41,41,27,41,27,41,27,41,27,41,41,41,41,38,41,41,27,41,41,41,41,41,27,41,27,27,29,27,27,41,27,30,33,41,27,27,39,39,27,41,41,38,37,41,41,27,41,27,41,41,41,27,41,41,41,27,41,41,27,32,28,41,27,41,41,27,39,41,41,33,41,41,41,27,41,27,41,27,41,41,41,27,27,27,27,27,27,27,27,27,27,27,27,38,27,41,27,27,41,41,41,41,27,41,27,27,41,41,41,41,41,41,27,41,27,27,41,27,27,38,27,27,27,37,27,41,41,41,41,27,27,27,41,27,39,41,27,41,29,29,27,27,27,41,27,41,27,41,27,41,41,41,41,41,28,41,27,41,27,27,27,39,41,28,41,27,41,38,41,41,41,41,41,27,41,27,41,41,41,41,30,27,27,41,41,41,41,27,27,41,41,27,37,41,27,27,38,41,41,31,41,33,27,39,41,41,41,41,41,27,41,41,27,41,230,27,27,40,30,200,41,41,27,27,41,27,41,27,27,41,41,27,27,27,41,27,41,41,41,27,41,38,27,27,41,41,27,41,41,41,27,41,27,27,27,41,41,27,27,29,41,41,41,27,41,38,41,41,41,27,41,27,27,41,41,41,27,41,41,40,27,27,27,41,31,41,27,41,41,27,27,39,39,27,30,27,27,27,41,27,27,27,230,41,41,27,41,27,27,230,41,32,41,205,41,27,205,27,41,41,41,27,40,41,41,27,27,41,27,41,39,27,41,41,27,41,37,41,41,39,41,41,29,41,41,41,32,41,41,41,41,230,41,41,41,230,30,40,41,41,27,41,27,27,41,41,41,41,41,41,230,27,41,41,27,41,81,230,27,27,41,27,27,41,27,41,27,27,39,27,41,27,41,41,41,41,41,27,27,39,41,41,41,27,41,27,27,41,41,87,229,229,27,27,229,229,27,230,41,27,43,27,27,41,41,40,27,27,41,40,27,41,41,27,27,27,27,41,41,41,39,41,41,41,27,41,41,41,41,41,27,41,41,27,41,27,41,27,41,41,27,191,229,40,27,41,229,27,27,33,73,41,41,27,28,41,41,41,41,27,28,41,41,27,27,41,27,41,38,38,27,27,27,27,41,27,27,41,27,41,27,41,41,41,41,41,41,41,27,41,41,41,27,29,183,41,41,41,41,41,101,41,27,41,41,27,27,41,27,27,41,41,27,41,41,41,41,41,41,41,41,27,27,41,41,27,41,41,33,27,41,27,41,27,88,41,27,41,41,229,41,41,41,41,30,27,41,30,41,41,41,41,41,41,41,41,27,27,27,39,27,27,41,27,41,41,39,27,39,27,41,38,41,41,41,27,27,27,27,27,41,205,40,41,41,41,41,41,27,40,41,41,27,41,41,27,27,189,29,160,41,37,27,27,41,27,41,41,30,27,41,30,39,27,29,27,41,27,27,41,175,41,41,41,27,27,41,41,229,41,33,229,27,41,28,52,209,41,27,27,27,27,27,27,27,41,41,40,184,33,27,230,41,41,41,41,41,230,212,41,27,41,29,27,27,27,41,27,41,41,27,41,27,29,32,27,41,27,41,41,41,27,41,41,41,41,41,32,41,41,27,41,27,177,41,41,41,188,41,205,58,27,27,27,41,27,27,41,27,38,41,27,41,41,41,27,27,27,27,93,27,27,41,27,27,41,41,41,41,27,230,230,28,230,57,229,27,30,27,230,229,27,41,41,229,41,27,27,41,41,41,28,27,27,41,41,215,41,41,41,41,27,41,41,41,40,41,27,41,41,33,41,41,41,29,41,27,41,37,41,45,41,27,27,60,27,41,230,27,27,190,27,41,41,41,41,205,27,205,27,27,229,39,229,229,229,41,39,109,229,27,230,27,230,230,27,33,27,27,27,58,41,41,27,41,41,27,41,41,41,27,41,27,41,27,41,41,41,41,41,41,41,41,41,39,41,41,41,41,27,41,27,29,41,41,41,41,40,41,27,41,27,41,27,27,27,27,27,41,27,41,27,27,27,27,41,41,41,41,34,41,41,41,41,27,41,41,41,41,56,206,230,205,27,46,41,230,230,230,27
27,41,38,27,27,41,41,27,27,41,41,27,41,27,27,41,41,27,41,41,27,27,41,41,27,28,41,32,41,41,41,41,41,38,41,27,41,41,41,27,41,41,41,27,41,41,41,41,27,41,41,41,41,27,41,41,27,41,28,41,27,41,41,41,27,27,27,41,27,41,27,27,27,27,41,41,41,27,27,27,41,41,27,41,27,41,27,41,27,41,41,41,41,38,41,41,27,41,41,41,41,41,27,41,27,27,29,27,27,41,27,30,33,41,27,27,39,39,27,41,41,38,37,41,41,27,41,27,41,41,41,27,41,41,41,27,41,41,27,32,28,41,27,41,41,27,39,41,41,33,41,41,41,27,41,27,41,27,41,41,41,27,27,27,27,27,27,27,27,27,27,27,27,38,27,41,27,27,41,41,41,41,27,41,27,27,41,41,41,41,41,41,27,41,27,27,41,27,27,38,27,27,27,37,27,41,41,41,41,27,27,27,41,27,39,41,27,41,29,29,27,27,27,41,27,41,27,41,27,41,41,41,41,41,28,41,27,41,27,27,27,39,41,28,41,27,41,38,41,41,41,41,41,27,41,27,41,41,41,41,30,27,27,41,41,41,41,27,27,41,41,27,37,41,27,27,38,41,41,31,41,33,27,39,41,41,41,41,41,27,41,41,27,41,230,27,27,40,30,200,41,41,27,27,41,27,41,27,27,41,41,27,27,27,41,27,41,41,41,27,41,38,27,27,41,41,27,41,41,41,27,41,27,27,27,41,41,27,27,29,41,41,41,27,41,38,41,41,41,27,41,27,27,41,41,41,27,41,41,40,27,27,27,41,31,41,27,41,41,27,27,39,39,27,30,27,27,27,41,27,27,27,230,41,41,27,41,27,27,230,41,32,41,205,41,27,205,27,41,41,41,27,40,41,41,27,27,41,27,41,39,27,41,41,27,41,37,41,41,39,41,41,29,41,41,41,32,41,41,41,41,230,41,41,41,230,30,40,41,41,27,41,27,27,41,41,41,41,41,41,230,27,41,41,27,41,81,230,27,27,41,27,27,41,27,41,27,27,39,27,41,27,41,41,41,41,41,27,27,39,41,41,41,27,41,27,27,41,41,87,229,229,27,27,229,229,27,230,41,27,43,27,27,41,41,40,27,27,41,40,27,41,41,27,27,27,27,41,41,41,39,41,41,41,27,41,41,41,41,41,27,41,41,27,41,27,41,27,41,41,27,191,229,40,27,41,229,27,27,33,73,41,41,27,28,41,41,41,41,27,28,41,41,27,27,41,27,41,38,38,27,27,27,27,41,27,27,41,27,41,27,41,41,41,41,41,41,41,27,41,41,41,27,29,183,41,41,41,41,41,101,41,27,41,41,27,27,41,27,27,41,41,27,41,41,41,41,41,41,41,41,27,27,41,41,27,41,41,33,27,41,27,41,27,88,41,27,41,41,229,41,41,41,41,30,27,41,30,41,41,41,41,41,41,41,41,27,27,27,39,27,27,41,27,41,41,39,27,39,27,41,38,41,41,41,27,27,27,27,27,41,205,40,41,41,41,41,41,27,40,41,41,27,41,41,27,27,189,29,160,41,37,27,27,41,27,41,41,30,27,41,30,39,27,29,27,41,27,27,41,175,41,41,41,27,27,41,41,229,41,33,229,27,41,28,52,209,41,27,27,27,27,27,27,27,41,41,40,184,33,27,230,41,41,41,41,41,230,212,41,27,41,29,27,27,27,41,27,41,41,27,41,27,29,32,27,41,27,41,41,41,27,41,41,41,41,41,32,41,41,27,41,27,177,41,41,41,188,41,205,58,27,27,27,41,27,27,41,27,38,41,27,41,41,41,27,27,27,27,93,27,27,41,27,27,41,41,41,41,27,230,230,28,230,57,229,27,30,27,230,229,27,41,41,229,41,27,27,41,41,41,28,27,27,41,41,215,41,41,41,41,27,41,41,41,40,41,27,41,41,33,41,41,41,29,41,27,41,37,41,45,41,27,27,60,27,41,230,27,27,190,27,41,41,41,41,205,27,205,27,27,229,39,229,229,229,41,39,109,229,27,230,27,230,230,27,33,27,27,27,58,41,41,27,41,41,27,41,41,41,27,41,27,41,27,41,41,41,41,41,41,41,41,41,39,41,41,41,41,27,41,27,29,41,41,41,41,40,41,27,41,27,41,27,27,27,27,27,41,27,41,27,27,27,27,41,41,41,41,34,41,41,41,41,27,41,41,41,41,56,206,230,205,27,46,41,230,230,230,27
27,41,30,27,27,41,39,27,27,41,41,27,41,27,27,41,41,27,41,41,27,27,41,41,27,27,38,37,41,41,41,41,40,41,41,27,41,41,41,27,41,41,41,27,41,41,41,41,27,41,41,41,41,27,41,41,27,41,27,41,41,41,41,41,27,27,27,41,27,41,27,27,27,27,41,41,41,27,27,27,41,41,27,41,27,41,27,41,27,41,41,41,41,41,41,41,27,41,41,41,41,41,27,41,27,27,39,27,29,41,27,27,28,41,27,41,41,41,27,41,41,41,41,41,41,27,41,27,41,41,41,27,41,41,41,27,41,41,27,28,27,38,27,41,41,30,41,41,41,28,41,41,41,27,41,27,32,27,41,41,41,27,27,27,27,27,27,27,27,27,27,27,27,30,27,41,27,27,41,41,41,41,27,41,27,41,41,41,41,41,41,41,27,41,27,27,41,27,27,38,27,27,27,30,27,41,41,41,41,27,27,27,41,27,29,41,28,41,40,40,27,28,27,41,30,41,27,41,41,41,41,41,41,41,27,41,27,41,27,27,27,33,41,27,41,27,41,41,41,41,41,41,41,27,41,27,41,41,41,41,30,27,27,41,37,41,41,27,27,41,27,27,30,41,27,27,41,41,41,31,41,28,27,33,41,41,41,41,41,27,41,169,27,41,230,27,27,32,37,120,41,41,27,27,41,27,41,27,27,41,41,27,27,27,41,27,41,41,41,27,41,30,27,27,41,41,27,41,41,41,29,41,27,27,27,41,41,27,27,40,41,41,41,27,41,41,41,41,41,27,41,27,27,41,41,41,27,41,41,41,27,27,27,41,27,41,27,41,41,27,27,41,41,27,27,27,27,27,28,40,27,27,230,41,41,27,41,27,27,230,41,28,41,205,41,27,205,27,41,41,41,27,41,40,41,27,27,41,27,41,41,27,41,41,27,41,41,41,41,41,41,41,38,41,41,41,27,41,41,41,41,230,41,41,41,230,38,28,86,41,27,41,41,27,41,41,41,41,41,41,230,27,41,41,27,41,190,230,27,27,41,27,27,41,27,41,27,27,29,27,41,27,41,41,39,41,41,27,27,41,41,41,41,27,41,27,27,41,41,87,229,230,27,72,230,229,27,230,40,27,43,30,27,41,39,41,27,27,41,28,27,41,41,27,27,27,29,41,41,41,39,41,41,41,41,41,41,41,41,41,27,41,41,28,41,27,41,27,41,41,27,229,229,41,27,74,229,27,27,28,80,41,41,30,27,41,41,41,41,27,27,41,41,27,27,41,27,41,41,41,27,27,27,27,41,29,27,41,29,41,30,41,41,41,41,41,41,41,27,41,41,41,27,40,230,60,41,41,41,41,62,41,27,41,27,27,27,41,27,27,41,41,27,41,41,41,27,41,41,41,41,27,27,41,41,27,41,41,28,27,41,27,41,27,182,41,27,41,41,229,41,41,41,41,38,30,41,37,41,41,41,41,41,41,41,41,27,27,27,39,27,27,41,27,41,41,33,27,29,27,41,41,41,39,41,27,27,27,27,27,41,188,33,41,41,41,41,41,30,41,41,41,27,41,41,30,30,205,40,87,41,41,27,27,41,27,41,41,27,27,27,37,28,27,40,27,41,27,27,41,175,41,41,55,27,27,41,40,229,41,28,229,27,41,27,41,116,41,27,27,27,27,27,27,27,41,41,41,230,28,41,199,41,41,41,41,41,230,230,41,27,39,27,27,27,27,40,27,40,41,29,41,27,27,27,27,41,27,41,41,41,29,41,41,41,41,41,27,41,41,27,41,27,205,41,41,41,205,41,205,64,27,27,27,41,27,27,41,27,41,41,27,41,41,41,27,27,27,27,92,27,27,41,27,41,230,41,41,41,27,230,230,40,230,121,106,27,38,30,230,229,27,41,45,229,41,27,30,41,41,41,27,29,27,41,41,112,41,75,41,41,27,41,41,41,27,41,27,41,41,28,41,41,41,40,39,27,27,41,41,39,41,27,27,212,27,41,230,27,27,112,27,41,41,41,41,205,27,205,27,27,229,33,180,27,229,49,41,223,229,27,230,27,230,210,66,28,27,27,27,58,41,41,27,41,41,27,41,41,41,27,41,27,41,27,41,41,41,41,41,41,41,41,41,41,41,41,41,41,28,41,27,40,41,41,41,39,41,41,27,41,27,41,27,27,27,27,27,41,27,41,27,27,27,27,41,41,41,41,34,41,41,41,41,27,41,41,41,41,41,205,230,205,73,206,41,230,230,230,27
27,41,27,27,27,41,29,41,27,41,41,30,41,27,27,41,41,27,41,41,27,27,41,41,27,27,31,41,41,41,41,41,28,41,41,27,41,41,41,27,41,27,41,27,41,41,41,41,27,41,41,41,41,27,41,41,27,41,27,41,41,41,41,41,27,27,27,41,29,39,27,27,27,30,41,38,41,27,27,30,41,41,27,41,27,41,27,41,27,41,41,41,41,41,41,41,27,41,41,41,41,41,27,41,27,27,41,27,39,41,27,27,27,41,27,41,41,41,27,41,41,41,41,41,41,27,41,27,41,41,41,27,41,41,41,27,41,41,27,27,27,30,27,41,41,37,41,41,41,27,41,41,41,28,41,27,27,27,41,41,27,27,27,27,27,27,27,27,27,27,27,27,27,27,27,27,27,41,41,41,41,41,27,41,27,41,41,38,41,41,41,41,27,41,29,27,41,27,27,38,27,27,31,27,27,41,41,41,41,27,27,27,41,27,27,41,57,39,41,41,27,39,27,41,39,41,29,41,41,41,41,41,41,41,27,41,27,41,27,27,27,28,41,27,41,27,41,41,41,39,41,41,41,27,41,27,41,41,41,41,30,27,27,41,30,41,41,27,41,41,27,27,27,27,27,27,41,41,41,31,41,27,29,28,41,41,41,41,41,27,41,41,27,41,230,27,27,27,41,57,41,41,27,27,41,27,41,27,27,41,41,27,27,27,41,27,41,41,41,27,41,27,27,27,41,38,27,41,41,41,40,41,27,27,27,41,41,27,27,41,41,41,41,27,41,41,41,41,41,27,41,27,27,41,41,41,27,41,41,41,27,27,27,41,27,41,27,41,41,27,27,41,41,27,27,27,27,27,27,41,27,27,208,41,41,27,41,27,27,230,41,27,41,205,41,27,205,27,41,41,41,27,41,33,41,27,27,41,27,41,41,27,41,41,27,40,41,41,41,41,41,41,41,41,41,41,27,41,41,41,41,205,41,41,41,106,41,27,185,41,27,41,41,27,41,41,41,41,41,39,230,27,41,41,27,41,230,205,27,27,41,27,27,41,27,41,27,27,27,27,41,27,41,41,33,41,41,27,27,41,41,41,41,27,41,30,27,41,41,80,229,230,27,179,230,229,27,230,28,27,43,37,27,27,28,41,27,27,41,27,27,41,41,27,27,27,39,41,41,41,33,41,41,41,41,41,41,41,41,41,27,41,41,40,41,27,41,41,41,41,27,229,229,41,27,196,229,27,27,27,80,41,41,38,27,41,41,41,41,27,27,41,41,27,27,38,27,41,41,41,27,27,27,27,41,40,27,41,39,41,38,41,41,41,41,41,41,41,27,41,41,41,27,41,230,212,41,41,41,41,37,41,29,27,27,27,27,41,27,27,41,41,27,41,41,41,27,37,41,29,41,27,28,41,41,27,41,41,27,27,41,27,27,30,229,41,27,39,41,229,41,41,41,41,41,38,41,41,41,41,41,41,41,41,41,41,30,27,27,39,27,27,41,27,41,41,28,27,27,27,41,41,38,28,41,27,27,27,27,27,41,105,28,41,41,41,41,41,38,41,41,41,27,41,41,37,37,205,41,42,41,41,27,27,41,27,39,41,27,30,27,41,27,27,41,27,41,27,27,41,175,41,41,118,27,27,41,32,229,41,27,229,27,41,27,41,52,41,27,27,27,27,27,31,27,41,41,41,230,27,41,120,41,88,41,41,41,230,230,41,27,29,27,30,27,27,28,27,32,41,39,41,27,27,27,27,41,27,41,41,41,38,41,41,41,41,41,27,41,41,27,41,27,205,41,41,74,205,41,179,64,27,27,27,41,27,27,41,27,41,41,27,41,41,41,30,27,27,27,54,41,29,58,27,41,230,41,41,41,27,230,230,41,230,199,41,27,41,38,230,229,27,41,223,229,41,30,38,41,41,41,27,39,27,41,41,49,41,194,41,41,27,41,41,41,27,41,27,41,38,27,41,41,41,41,29,27,27,41,41,39,41,27,30,230,27,41,230,27,27,53,30,41,41,41,41,205,27,202,27,27,229,28,75,27,229,113,41,229,229,27,187,27,230,47,185,27,27,27,76,58,41,41,27,41,41,27,41,41,41,27,41,27,41,27,41,41,41,41,41,41,41,41,41,41,41,41,41,41,40,41,30,41,41,41,41,29,41,41,27,41,27,41,27,27,27,27,29,41,27,41,28,27,27,27,41,41,41,41,34,41,41,41,41,27,41,41,41,41,41,205,230,180,178,229,41,224,226,230,27
27,41,27,27,27,41,29,41,27,41,41,30,41,27,27,41,41,27,41,41,27,27,41,41,27,27,31,41,41,41,41,41,28,41,41,27,41,41,41,27,41,27,41,27,41,41,41,41,27,41,41,41,41,27,41,41,27,41,27,41,41,41,41,41,27,27,27,41,29,39,27,27,27,30,41,38,41,27,27,30,41,41,27,41,27,41,27,41,27,41,41,41,41,41,41,41,27,41,41,41,41,41,27,41,27,27,41,27,39,41,27,27,27,41,27,41,41,41,27,41,41,41,41,41,41,27,41,27,41,41,41,27,41,41,41,27,41,41,27,27,27,30,27,41,41,37,41,41,41,27,41,41,41,28,41,27,27,27,41,41,27,27,27,27,27,27,27,27,27,27,27,27,27,27,27,27,27,41,41,41,41,41,27,41,27,41,41,38,41,41,41,41,27,41,29,27,41,27,27,38,27,27,31,27,27,41,41,41,41,27,27,27,41,27,27,41,57,39,41,41,27,39,27,41,39,41,29,41,41,41,41,41,41,41,27,41,27,41,27,27,27,28,41,27,41,27,41,41,41,39,41,41,41,27,41,27,41,41,41,41,30,27,27,41,30,41,41,27,41,41,27,27,27,27,27,27,41,41,41,31,41,27,29,28,41,41,41,41,41,27,41,41,27,41,230,27,27,27,41,57,41,41,27,27,41,27,41,27,27,41,41,27,27,27,41,27,41,41,41,27,41,27,27,27,41,38,27,41,41,41,40,41,27,27,27,41,41,27,27,41,41,41,41,27,41,41,41,41,41,27,41,27,27,41,41,41,27,41,41,41,27,27,27,41,27,41,27,41,41,27,27,41,41,27,27,27,27,27,27,41,27,27,208,41,41,27,41,27,27,230,41,27,41,205,41,27,205,27,41,41,41,27,41,33,41,27,27,41,27,41,41,27,41,41,27,40,41,41,41,41,41,41,41,41,41,41,27,41,41,41,41,205,41,41,41,106,41,27,185,41,27,41,41,27,41,41,41,41,41,39,230,27,41,41,27,41,230,205,27,27,41,27,27,41,27,41,27,27,27,27,41,27,41,41,33,41,41,27,27,41,41,41,41,27,41,30,27,41,41,80,229,230,27,179,230,229,27,230,28,27,43,37,27,27,28,41,27,27,41,27,27,41,41,27,27,27,39,41,41,41,33,41,41,41,41,41,41,41,41,41,27,41,41,40,41,27,41,41,41,41,27,229,229,41,27,196,229,27,27,27,80,41,41,38,27,41,41,41,41,27,27,41,41,27,27,38,27,41,41,41,27,27,27,27,41,40,27,41,39,41,38,41,41,41,41,41,41,41,27,41,41,41,27,41,230,212,41,41,41,41,37,41,29,27,27,27,27,41,27,27,41,41,27,41,41,41,27,37,41,29,41,27,28,41,41,27,41,41,27,27,41,27,27,30,229,41,27,39,41,229,41,41,41,41,41,38,41,41,41,41,41,41,41,41,41,41,30,27,27,39,27,27,41,27,41,41,28,27,27,27,41,41,38,28,41,27,27,27,27,27,41,105,28,41,41,41,41,41,38,41,41,41,27,41,41,37,37,205,41,42,41,41,27,27,41,27,39,41,27,30,27,41,27,27,41,27,41,27,27,41,175,41,41,118,27,27,41,32,229,41,27,229,27,41,27,41,52,41,27,27,27,27,27,31,27,41,41,41,230,27,41,120,41,88,41,41,41,230,230,41,27,29,27,30,27,27,28,27,32,41,39,41,27,27,27,27,41,27,41,41,41,38,41,41,41,41,41,27,41,41,27,41,27,205,41,41,74,205,41,179,64,27,27,27,41,27,27,41,27,41,41,27,41,41,41,30,27,27,27,54,41,29,58,27,41,230,41,41,41,27,230,230,41,230,199,41,27,41,38,230,229,27,41,223,229,41,30,38,41,41,41,27,39,27,41,41,49,41,194,41,41,27,41,41,41,27,41,27,41,38,27,41,41,41,41,29,27,27,41,41,39,41,27,30,230,27,41,230,27,27,53,30,41,41,41,41,205,27,202,27,27,229,28,75,27,229,113,41,229,229,27,187,27,230,47,185,27,27,27,76,58,41,41,27,41,41,27,41,41,41,27,41,27,41,27,41,41,41,41,41,41,41,41,41,41,41,41,41,41,40,41,30,41,41,41,41,29,41,41,27,41,27,41,27,27,27,27,29,41,27,41,28,27,27,27,41,41,41,41,34,41,41,41,41,27,41,41,41,41,41,205,230,180,178,229,41,224,226,230,27
27,41,27,27,27,41,27,41,27,41,41,38,41,27,27,41,41,27,41,41,27,27,41,41,27,27,27,41,41,41,41,41,27,41,41,27,41,41,41,29,41,27,41,41,41,41,41,41,27,41,41,41,41,27,41,41,29,41,27,41,41,41,41,41,27,27,29,41,39,29,27,27,41,37,41,30,41,27,27,39,41,41,27,41,27,41,27,41,41,41,41,41,41,41,41,41,27,41,41,41,41,41,27,41,41,29,41,27,41,41,27,27,27,41,27,41,41,41,27,41,41,41,41,41,41,27,41,27,41,41,41,27,41,41,41,29,41,41,27,27,27,27,27,41,41,41,41,41,41,27,41,41,41,40,41,27,27,28,41,41,27,27,27,27,27,27,27,27,27,27,27,27,27,27,27,27,27,41,27,41,41,41,27,41,41,41,41,31,41,41,41,41,30,41,40,27,41,27,27,38,27,29,38,27,27,27,41,41,41,28,27,27,41,27,27,41,205,28,41,41,27,41,27,41,41,41,39,41,41,41,41,41,41,41,27,41,31,41,27,27,27,27,41,27,41,27,41,41,41,29,41,41,41,27,41,27,41,41,41,41,30,27,27,41,27,41,41,27,41,41,27,27,27,27,27,27,41,41,41,31,41,27,38,27,41,41,41,41,41,27,41,41,27,41,230,27,27,27,41,41,41,41,27,41,41,27,41,29,27,41,41,27,27,31,41,27,40,41,41,27,41,27,27,27,41,30,27,41,41,41,41,41,27,27,27,41,41,29,27,41,41,41,41,27,41,41,41,41,41,30,41,27,27,41,41,41,27,41,41,41,27,27,27,41,27,39,27,41,41,27,27,41,41,30,27,27,27,27,27,41,41,27,116,41,41,27,41,27,27,230,41,27,41,205,41,27,205,27,41,41,41,27,41,27,41,27,27,41,27,41,41,27,41,41,28,28,41,41,41,41,41,41,41,41,41,41,27,41,41,41,41,118,41,41,41,41,41,27,230,39,27,41,41,27,41,41,41,41,41,29,203,27,41,41,27,41,230,117,27,27,41,27,27,41,27,41,27,27,27,27,38,27,41,41,28,41,37,27,27,41,41,41,41,27,41,38,27,41,41,60,229,230,71,228,230,229,27,199,27,27,43,41,27,27,27,41,27,27,41,27,27,41,41,28,27,27,41,41,41,39,41,41,41,41,41,41,41,41,41,41,27,41,41,41,41,27,41,41,41,50,27,229,217,41,27,229,229,27,41,27,80,41,41,41,27,41,41,41,41,27,27,41,41,28,27,31,27,41,41,41,27,27,27,27,41,41,27,41,41,41,41,41,41,41,41,41,41,41,27,41,41,41,27,41,230,230,41,41,41,41,33,41,39,27,27,27,28,41,27,27,41,39,27,41,41,40,27,30,41,29,41,27,40,41,41,27,41,41,27,30,39,41,27,37,229,229,27,28,41,229,41,41,41,41,41,41,41,41,41,41,41,41,41,41,41,41,38,27,27,39,27,27,41,27,41,41,27,27,27,27,41,41,30,27,41,27,27,27,30,27,41,50,27,41,41,41,41,41,41,41,41,41,27,41,27,41,41,205,41,38,41,41,27,27,41,27,33,41,27,38,27,41,27,27,41,27,41,27,27,41,175,41,55,203,27,27,41,27,219,41,27,229,27,41,27,41,41,57,27,29,27,27,27,38,41,41,41,41,230,27,41,57,41,183,41,41,41,218,230,41,27,27,27,38,27,27,27,27,28,41,41,41,27,27,27,27,41,27,41,41,41,41,41,41,41,41,41,27,41,41,27,41,31,205,41,41,171,205,41,109,64,27,27,27,41,27,27,39,27,41,41,27,41,41,38,38,27,27,27,52,41,40,213,27,41,230,41,41,41,27,230,230,41,230,230,41,27,41,41,203,229,27,41,146,106,78,38,41,41,78,41,27,41,41,63,41,41,41,229,41,41,27,41,41,40,27,40,27,41,29,27,41,41,41,41,27,27,27,41,41,39,41,29,38,230,27,74,106,41,27,41,38,41,41,41,41,205,27,98,27,41,229,27,27,27,203,214,41,229,219,27,70,27,230,27,228,27,27,27,175,58,41,41,27,41,41,27,41,29,41,27,41,27,41,27,41,41,41,41,41,41,41,41,41,41,41,41,41,41,41,41,38,41,41,41,41,27,41,41,27,41,27,41,27,27,27,27,39,41,27,41,40,27,27,27,41,41,41,41,34,41,41,41,41,27,41,41,41,41,41,205,230,110,228,230,39,210,210,230,27
27,41,27,27,27,41,27,41,27,41,41,38,41,27,27,41,41,27,41,41,27,27,41,41,27,27,27,41,41,41,41,41,27,41,41,27,41,41,41,29,41,27,41,41,41,41,41,41,27,41,41,41,41,27,41,41,29,41,27,41,41,41,41,41,27,27,29,41,39,29,27,27,41,37,41,30,41,27,27,39,41,41,27,41,27,41,27,41,41,41,41,41,41,41,41,41,27,41,41,41,41,41,27,41,41,29,41,27,41,41,27,27,27,41,27,41,41,41,27,41,41,41,41,41,41,27,41,27,41,41,41,27,41,41,41,29,41,41,27,27,27,27,27,41,41,41,41,41,41,27,41,41,41,40,41,27,27,28,41,41,27,27,27,27,27,27,27,27,27,27,27,27,27,27,27,27,27,41,27,41,41,41,27,41,41,41,41,31,41,41,41,41,30,41,40,27,41,27,27,38,27,29,38,27,27,27,41,41,41,28,27,27,41,27,27,41,205,28,41,41,27,41,27,41,41,41,39,41,41,41,41,41,41,41,27,41,31,41,27,27,27,27,41,27,41,27,41,41,41,29,41,41,41,27,41,27,41,41,41,41,30,27,27,41,27,41,41,27,41,41,27,27,27,27,27,27,41,41,41,31,41,27,38,27,41,41,41,41,41,27,41,41,27,41,230,27,27,27,41,41,41,41,27,41,41,27,41,29,27,41,41,27,27,31,41,27,40,41,41,27,41,27,27,27,41,30,27,41,41,41,41,41,27,27,27,41,41,29,27,41,41,41,41,27,41,41,41,41,41,30,41,27,27,41,41,41,27,41,41,41,27,27,27,41,27,39,27,41,41,27,27,41,41,30,27,27,27,27,27,41,41,27,116,41,41,27,41,27,27,230,41,27,41,205,41,27,205,27,41,41,41,27,41,27,41,27,27,41,27,41,41,27,41,41,28,28,41,41,41,41,41,41,41,41,41,41,27,41,41,41,41,118,41,41,41,41,41,27,230,39,27,41,41,27,41,41,41,41,41,29,203,27,41,41,27,41,230,117,27,27,41,27,27,41,27,41,27,27,27,27,38,27,41,41,28,41,37,27,27,41,41,41,41,27,41,38,27,41,41,60,229,230,71,228,230,229,27,199,27,27,43,41,27,27,27,41,27,27,41,27,27,41,41,28,27,27,41,41,41,39,41,41,41,41,41,41,41,41,41,41,27,41,41,41,41,27,41,41,41,50,27,229,217,41,27,229,229,27,41,27,80,41,41,41,27,41,41,41,41,27,27,41,41,28,27,31,27,41,41,41,27,27,27,27,41,41,27,41,41,41,41,41,41,41,41,41,41,41,27,41,41,41,27,41,230,230,41,41,41,41,33,41,39,27,27,27,28,41,27,27,41,39,27,41,41,40,27,30,41,29,41,27,40,41,41,27,41,41,27,30,39,41,27,37,229,229,27,28,41,229,41,41,41,41,41,41,41,41,41,41,41,41,41,41,41,41,38,27,27,39,27,27,41,27,41,41,27,27,27,27,41,41,30,27,41,27,27,27,30,27,41,50,27,41,41,41,41,41,41,41,41,41,27,41,27,41,41,205,41,38,41,41,27,27,41,27,33,41,27,38,27,41,27,27,41,27,41,27,27,41,175,41,55,203,27,27,41,27,219,41,27,229,27,41,27,41,41,57,27,29,27,27,27,38,41,41,41,41,230,27,41,57,41,183,41,41,41,218,230,41,27,27,27,38,27,27,27,27,28,41,41,41,27,27,27,27,41,27,41,41,41,41,41,41,41,41,41,27,41,41,27,41,31,205,41,41,171,205,41,109,64,27,27,27,41,27,27,39,27,41,41,27,41,41,38,38,27,27,27,52,41,40,213,27,41,230,41,41,41,27,230,230,41,230,230,41,27,41,41,203,229,27,41,146,106,78,38,41,41,78,41,27,41,41,63,41,41,41,229,41,41,27,41,41,40,27,40,27,41,29,27,41,41,41,41,27,27,27,41,41,39,41,29,38,230,27,74,106,41,27,41,38,41,41,41,41,205,27,98,27,41,229,27,27,27,203,214,41,229,219,27,70,27,230,27,228,27,27,27,175,58,41,41,27,41,41,27,41,29,41,27,41,27,41,27,41,41,41,41,41,41,41,41,41,41,41,41,41,41,41,41,38,41,41,41,41,27,41,41,27,41,27,41,27,27,27,27,39,41,27,41,40,27,27,27,41,41,41,41,34,41,41,41,41,27,41,41,41,41,41,205,230,110,228,230,39,210,210,230,27
27,41,27,27,27,41,27,41,27,41,41,41,41,27,27,41,41,27,41,41,27,27,41,41,30,27,27,41,41,41,41,41,27,41,41,27,41,41,41,39,41,27,41,41,41,41,41,41,27,41,41,41,41,27,41,41,39,41,27,41,41,41,41,41,41,27,40,41,41,27,29,27,41,41,41,27,41,27,27,41,41,41,27,41,27,41,27,41,41,41,41,41,41,41,41,41,27,41,41,41,41,39,27,41,41,39,41,27,41,39,27,27,27,41,27,41,41,41,27,41,38,41,41,41,41,27,41,27,41,41,41,30,41,41,41,40,41,41,27,27,27,27,30,41,41,41,41,41,41,27,41,41,41,41,41,41,27,40,41,41,27,27,27,27,27,27,27,27,27,27,27,27,27,27,27,27,27,41,27,41,40,41,27,41,41,41,41,27,41,41,41,41,38,41,41,27,41,27,27,38,27,39,41,27,27,27,41,39,41,39,27,27,41,27,27,41,230,27,41,41,27,41,27,41,41,41,41,41,41,41,41,41,41,41,27,41,38,41,27,27,27,27,41,27,41,27,41,41,41,27,41,41,41,41,41,27,41,41,41,41,30,27,27,41,27,37,41,27,41,41,27,27,27,27,27,27,41,41,41,31,41,27,41,27,41,41,41,41,39,27,41,41,27,41,209,27,27,27,41,41,46,41,30,41,41,27,41,40,27,41,41,28,27,38,41,27,28,41,41,27,41,27,27,27,41,27,27,41,41,41,41,41,27,27,27,41,41,40,27,41,41,41,41,31,41,41,41,41,41,38,41,27,30,41,41,41,29,41,41,41,27,27,27,41,27,28,27,41,41,27,27,41,41,38,27,27,28,27,27,41,41,27,53,41,41,28,41,27,27,230,41,27,41,194,41,27,178,27,41,41,41,27,41,27,41,27,28,41,27,41,41,27,41,41,40,27,41,41,41,41,40,41,41,41,41,41,27,41,41,41,41,54,41,41,41,41,41,27,230,28,27,41,41,27,41,41,41,41,41,27,133,27,41,41,27,41,230,54,27,27,41,27,27,41,27,41,27,27,27,27,30,27,41,41,27,38,30,27,29,41,41,41,41,27,41,41,30,41,41,45,229,230,180,229,230,229,27,121,27,27,43,41,27,27,27,41,27,27,41,27,31,41,41,78,27,27,41,41,41,29,41,41,41,41,41,41,41,41,41,41,27,41,41,41,41,27,41,41,41,50,27,229,112,41,30,229,207,27,41,27,80,41,41,41,27,41,41,41,41,27,27,41,41,40,27,27,27,41,41,41,27,27,27,27,41,41,27,41,41,41,41,41,41,41,41,41,41,41,27,41,41,41,27,41,230,230,41,41,78,41,33,41,41,27,27,27,81,41,27,27,41,29,41,41,41,27,27,27,41,29,41,27,41,41,41,27,41,41,27,38,29,41,27,41,229,229,27,27,41,106,41,41,41,41,41,41,41,41,41,41,41,41,41,41,41,41,41,30,27,39,27,27,41,27,41,41,27,27,27,27,41,41,27,27,41,27,27,27,38,27,41,41,27,41,205,41,205,41,41,41,41,41,27,41,27,41,41,205,41,38,41,41,28,28,41,27,28,38,27,41,27,41,27,27,41,28,41,27,27,41,175,41,92,229,27,27,41,27,51,41,27,230,27,52,27,41,41,120,27,39,27,27,31,41,41,41,41,41,230,27,41,41,41,230,27,230,41,112,230,41,27,27,27,41,27,27,27,27,27,41,41,41,27,27,27,27,40,27,41,41,41,41,41,41,41,41,41,27,41,42,27,41,38,148,41,41,205,205,41,54,64,27,27,27,38,27,27,28,27,41,41,27,41,41,30,41,27,27,27,33,41,41,230,27,41,230,41,41,41,27,230,230,41,199,230,41,27,41,41,119,106,27,43,229,41,192,41,41,41,191,41,27,41,41,207,41,41,75,229,41,41,27,41,41,27,27,27,27,41,27,27,41,41,41,41,27,27,27,41,41,38,41,40,41,230,27,196,41,41,27,41,41,41,41,41,41,188,27,43,27,41,180,27,27,27,53,229,49,229,37,27,27,46,230,27,229,27,27,27,227,58,41,41,27,41,41,27,41,27,41,27,41,27,41,41,41,41,41,41,41,41,41,41,41,41,41,41,41,41,41,41,41,41,41,41,41,27,41,41,27,41,27,41,29,27,27,27,41,41,27,41,41,27,27,27,30,39,41,41,34,41,41,41,41,29,41,41,41,41,41,205,229,54,230,230,28,205,205,226,27
30,41,27,27,29,39,27,41,27,41,41,41,41,41,27,41,27,27,41,41,41,27,41,41,38,27,27,41,41,41,41,41,27,41,41,27,41,41,41,41,41,27,41,41,41,41,41,41,27,41,41,41,41,27,41,41,41,41,27,41,41,41,40,41,41,30,41,41,41,27,39,27,41,41,41,27,39,27,29,41,41,38,27,41,27,41,27,41,41,41,41,41,38,41,41,41,29,41,41,41,40,29,27,41,41,41,41,27,41,29,27,27,27,41,27,41,41,41,27,41,30,41,41,41,41,30,41,27,41,41,41,38,41,41,41,41,41,41,27,27,27,27,38,41,41,41,41,41,41,27,41,41,41,41,41,41,27,41,41,41,27,27,27,27,27,27,27,30,27,27,27,27,27,27,27,27,27,41,27,41,37,41,27,41,41,41,41,27,41,41,41,41,41,41,41,27,41,27,30,38,27,41,41,27,27,27,41,28,41,41,27,27,40,27,27,41,230,27,41,41,28,41,27,41,41,41,41,41,41,41,41,41,41,41,27,41,41,41,27,27,27,27,41,27,41,30,41,41,41,27,41,41,41,41,41,27,41,41,41,41,30,27,27,41,27,30,41,27,41,41,27,31,27,27,27,27,41,41,41,31,41,27,41,27,41,41,41,41,29,27,41,230,27,41,116,27,27,27,41,41,64,41,39,41,41,27,41,41,27,41,27,58,27,41,41,27,27,41,41,27,41,27,27,41,41,27,27,41,41,41,41,41,27,28,27,41,41,41,29,41,41,41,41,38,41,41,41,41,41,41,41,27,37,41,41,41,39,41,41,41,27,27,27,41,27,27,27,38,41,27,27,41,41,41,27,27,40,27,27,41,41,29,41,74,41,40,41,27,27,230,41,27,41,102,41,41,110,31,41,41,27,27,41,27,41,28,58,27,27,41,41,27,41,39,41,27,41,41,41,41,40,41,41,41,41,41,27,41,41,41,67,41,41,230,41,41,41,27,230,27,29,41,41,27,41,41,41,41,41,27,92,27,60,74,27,41,230,41,30,27,41,27,31,41,27,41,28,35,27,27,27,27,41,41,27,31,27,30,40,41,41,41,41,27,41,41,38,41,38,41,229,227,228,229,222,229,27,57,27,40,43,41,27,27,27,41,30,27,41,27,38,41,41,184,27,27,41,41,41,27,41,41,41,41,41,41,41,41,41,41,27,41,41,41,41,27,41,41,41,50,27,204,47,41,38,229,116,27,41,27,75,41,41,41,27,41,41,41,41,27,27,41,41,41,27,27,27,41,41,41,27,27,27,27,39,41,27,41,41,41,41,41,41,41,41,41,41,41,27,41,41,41,30,41,199,230,41,41,193,41,33,39,41,27,27,27,181,41,28,30,37,27,41,38,41,41,27,27,41,29,41,27,41,41,41,27,41,41,27,41,27,41,27,41,198,229,27,27,60,41,41,41,41,41,41,41,41,41,41,41,41,41,41,41,41,41,41,38,27,39,30,27,41,27,37,37,27,31,27,27,41,41,27,27,41,27,27,27,41,27,41,41,27,67,205,27,205,41,41,41,41,41,27,41,27,41,41,194,41,38,40,41,74,74,41,27,27,31,27,41,27,41,27,27,41,40,41,27,41,41,175,41,132,229,27,27,38,27,41,41,27,230,29,116,27,39,41,199,27,41,29,27,38,41,41,41,41,41,230,27,41,41,88,230,27,230,41,47,230,41,27,27,27,41,27,27,27,27,27,41,41,41,27,27,27,27,28,27,41,41,41,41,41,41,41,41,41,27,41,48,27,41,41,76,41,41,205,194,41,41,64,27,27,27,30,27,27,27,27,41,41,27,41,41,27,41,28,27,27,32,41,41,230,27,41,230,41,41,75,29,114,230,102,120,230,41,41,41,41,55,41,27,229,229,41,229,41,41,41,229,41,27,41,41,229,41,41,194,229,156,41,27,41,41,27,27,27,27,41,27,27,41,41,41,41,27,41,27,41,41,28,41,41,41,230,27,230,41,41,27,41,41,41,41,41,41,105,27,41,27,41,75,27,27,27,27,229,113,229,27,27,27,205,210,27,229,27,27,27,229,58,41,41,30,41,41,27,41,27,41,27,41,27,41,41,41,41,41,41,41,41,41,41,41,41,41,41,41,41,41,41,41,41,41,41,41,27,41,41,27,40,27,41,40,30,27,27,41,41,27,41,41,27,27,27,29,28,41,41,34,41,41,41,41,40,41,41,41,41,41,205,206,41,230,230,27,205,205,210,27
30,41,27,27,29,39,27,41,27,41,41,41,41,41,27,41,27,27,41,41,41,27,41,41,38,27,27,41,41,41,41,41,27,41,41,27,41,41,41,41,41,27,41,41,41,41,41,41,27,41,41,41,41,27,41,41,41,41,27,41,41,41,40,41,41,30,41,41,41,27,39,27,41,41,41,27,39,27,29,41,41,38,27,41,27,41,27,41,41,41,41,41,38,41,41,41,29,41,41,41,40,29,27,41,41,41,41,27,41,29,27,27,27,41,27,41,41,41,27,41,30,41,41,41,41,30,41,27,41,41,41,38,41,41,41,41,41,41,27,27,27,27,38,41,41,41,41,41,41,27,41,41,41,41,41,41,27,41,41,41,27,27,27,27,27,27,27,30,27,27,27,27,27,27,27,27,27,41,27,41,37,41,27,41,41,41,41,27,41,41,41,41,41,41,41,27,41,27,30,38,27,41,41,27,27,27,41,28,41,41,27,27,40,27,27,41,230,27,41,41,28,41,27,41,41,41,41,41,41,41,41,41,41,41,27,41,41,41,27,27,27,27,41,27,41,30,41,41,41,27,41,41,41,41,41,27,41,41,41,41,30,27,27,41,27,30,41,27,41,41,27,31,27,27,27,27,41,41,41,31,41,27,41,27,41,41,41,41,29,27,41,230,27,41,116,27,27,27,41,41,64,41,39,41,41,27,41,41,27,41,27,58,27,41,41,27,27,41,41,27,41,27,27,41,41,27,27,41,41,41,41,41,27,28,27,41,41,41,29,41,41,41,41,38,41,41,41,41,41,41,41,27,37,41,41,41,39,41,41,41,27,27,27,41,27,27,27,38,41,27,27,41,41,41,27,27,40,27,27,41,41,29,41,74,41,40,41,27,27,230,41,27,41,102,41,41,110,31,41,41,27,27,41,27,41,28,58,27,27,41,41,27,41,39,41,27,41,41,41,41,40,41,41,41,41,41,27,41,41,41,67,41,41,230,41,41,41,27,230,27,29,41,41,27,41,41,41,41,41,27,92,27,60,74,27,41,230,41,30,27,41,27,31,41,27,41,28,35,27,27,27,27,41,41,27,31,27,30,40,41,41,41,41,27,41,41,38,41,38,41,229,227,228,229,222,229,27,57,27,40,43,41,27,27,27,41,30,27,41,27,38,41,41,184,27,27,41,41,41,27,41,41,41,41,41,41,41,41,41,41,27,41,41,41,41,27,41,41,41,50,27,204,47,41,38,229,116,27,41,27,75,41,41,41,27,41,41,41,41,27,27,41,41,41,27,27,27,41,41,41,27,27,27,27,39,41,27,41,41,41,41,41,41,41,41,41,41,41,27,41,41,41,30,41,199,230,41,41,193,41,33,39,41,27,27,27,181,41,28,30,37,27,41,38,41,41,27,27,41,29,41,27,41,41,41,27,41,41,27,41,27,41,27,41,198,229,27,27,60,41,41,41,41,41,41,41,41,41,41,41,41,41,41,41,41,41,41,38,27,39,30,27,41,27,37,37,27,31,27,27,41,41,27,27,41,27,27,27,41,27,41,41,27,67,205,27,205,41,41,41,41,41,27,41,27,41,41,194,41,38,40,41,74,74,41,27,27,31,27,41,27,41,27,27,41,40,41,27,41,41,175,41,132,229,27,27,38,27,41,41,27,230,29,116,27,39,41,199,27,41,29,27,38,41,41,41,41,41,230,27,41,41,88,230,27,230,41,47,230,41,27,27,27,41,27,27,27,27,27,41,41,41,27,27,27,27,28,27,41,41,41,41,41,41,41,41,41,27,41,48,27,41,41,76,41,41,205,194,41,41,64,27,27,27,30,27,27,27,27,41,41,27,41,41,27,41,28,27,27,32,41,41,230,27,41,230,41,41,75,29,114,230,102,120,230,41,41,41,41,55,41,27,229,229,41,229,41,41,41,229,41,27,41,41,229,41,41,194,229,156,41,27,41,41,27,27,27,27,41,27,27,41,41,41,41,27,41,27,41,41,28,41,41,41,230,27,230,41,41,27,41,41,41,41,41,41,105,27,41,27,41,75,27,27,27,27,229,113,229,27,27,27,205,210,27,229,27,27,27,229,58,41,41,30,41,41,27,41,27,41,27,41,27,41,41,41,41,41,41,41,41,41,41,41,41,41,41,41,41,41,41,41,41,41,41,41,27,41,41,27,40,27,41,40,30,27,27,41,41,27,41,41,27,27,27,29,28,41,41,34,41,41,41,41,40,41,41,41,41,41,205,206,41,230,230,27,205,205,210,27
38,41,27,27,40,28,27,41,29,41,41,41,27,41,27,41,27,41,41,41,41,27,41,41,41,27,27,41,41,41,41,41,27,41,41,27,41,41,41,41,41,27,41,41,41,41,41,41,27,41,41,41,41,27,41,41,41,41,27,41,41,41,28,41,41,38,41,41,41,27,41,27,41,41,41,27,29,27,40,41,41,30,27,41,27,41,27,41,41,41,41,41,30,41,41,41,39,41,41,41,34,27,27,41,41,41,41,27,41,27,27,27,27,41,27,41,41,41,27,40,27,41,41,41,41,38,41,27,41,41,41,41,41,41,41,41,41,41,27,27,27,27,41,41,41,41,41,41,41,27,41,41,41,41,41,41,27,41,41,39,27,30,27,27,28,27,27,38,27,27,27,31,27,27,27,27,27,41,27,39,36,41,29,41,41,41,41,27,41,41,41,41,41,41,41,27,41,27,38,38,27,41,41,27,41,27,41,27,41,41,27,27,28,27,27,41,230,27,41,41,39,41,27,41,41,41,41,41,41,41,41,41,41,41,27,41,41,41,27,27,27,27,41,27,41,38,41,41,41,27,41,41,41,41,27,28,41,41,41,41,30,27,27,41,27,27,41,27,41,41,27,38,27,27,27,27,41,41,41,31,41,27,41,27,41,41,41,41,27,27,41,230,27,41,52,27,27,27,41,41,69,41,41,41,40,27,41,41,27,41,27,203,27,41,41,27,27,41,41,27,41,27,27,41,41,27,27,41,41,41,41,41,27,40,27,41,41,41,40,41,41,41,41,41,41,41,41,41,41,41,41,27,41,41,41,41,41,41,41,41,30,27,27,41,27,27,27,30,41,27,27,41,41,41,27,27,41,27,27,41,41,39,41,197,41,41,41,27,28,106,41,27,41,46,41,41,55,38,41,133,27,27,41,27,41,58,203,27,27,41,41,27,41,29,41,27,41,41,41,41,40,41,41,41,41,27,27,27,27,41,143,41,41,230,230,41,41,27,230,27,40,41,41,27,41,41,41,41,41,27,55,27,212,197,27,88,199,41,38,27,41,27,38,41,41,41,41,41,27,27,27,27,40,41,27,27,27,38,41,41,41,40,41,27,41,41,41,41,31,41,229,107,229,229,109,229,27,41,27,207,43,41,27,27,27,41,37,27,40,27,41,37,41,230,27,27,41,41,41,27,41,41,41,41,41,41,41,41,41,41,27,41,41,41,41,27,41,41,41,50,27,131,41,41,41,229,52,29,41,27,56,41,41,41,27,41,41,41,41,27,27,41,41,41,27,27,27,41,41,41,27,27,27,27,28,41,27,41,41,41,41,41,41,41,41,41,41,41,27,41,56,41,37,41,121,230,41,41,230,41,33,29,41,27,27,27,230,41,72,37,30,27,41,30,41,27,27,27,41,29,41,27,41,41,41,27,41,41,27,41,27,41,27,41,120,229,30,27,211,41,41,41,41,41,41,41,41,41,41,41,41,41,41,41,41,41,41,41,27,39,38,27,41,27,30,30,27,38,27,27,41,41,27,27,41,27,27,29,41,27,147,41,27,179,205,27,205,46,41,41,41,41,27,41,27,41,41,102,41,38,28,41,187,187,41,27,27,27,27,41,27,41,27,28,41,41,41,27,41,41,37,41,203,229,27,27,30,27,41,27,27,230,40,208,27,29,41,229,30,41,39,27,41,41,41,41,41,41,200,27,41,41,183,230,27,230,41,41,218,49,27,27,27,41,27,27,27,27,27,40,41,41,27,27,27,27,27,27,41,41,41,41,41,41,41,41,41,27,41,49,29,41,41,45,41,41,205,102,41,41,59,27,27,27,27,27,27,27,27,41,41,27,41,41,27,41,70,27,27,32,41,41,230,27,41,230,41,41,197,38,230,230,41,57,230,41,41,82,41,41,41,27,229,229,41,229,41,41,41,229,229,27,41,41,229,41,41,229,229,156,41,27,39,41,27,27,27,27,41,27,27,41,37,41,41,27,41,27,41,38,27,41,41,41,218,27,230,41,41,27,41,41,41,27,41,41,50,41,41,41,41,27,27,27,27,27,229,214,219,27,27,27,228,47,27,229,27,53,27,229,58,41,41,38,41,41,27,41,27,41,27,41,27,41,41,41,41,41,41,41,41,41,41,41,41,27,41,41,41,41,41,41,41,41,41,41,27,41,41,27,29,27,38,41,39,27,27,41,41,27,41,41,27,27,27,27,27,41,41,33,41,41,41,41,41,41,41,41,41,41,202,205,41,230,230,27,205,205,205,61
41,41,27,27,41,27,27,41,40,39,41,41,27,41,27,41,27,41,41,27,41,30,41,41,41,27,27,41,41,41,41,41,27,41,41,27,41,41,39,41,41,27,41,41,41,41,41,41,27,41,41,41,41,27,41,41,41,41,27,41,41,41,27,41,41,41,41,41,41,27,41,27,41,41,41,27,27,29,41,41,41,27,27,41,27,41,30,41,41,41,41,41,27,41,41,41,41,41,41,41,33,27,27,41,41,41,41,27,41,27,27,27,27,37,41,41,41,41,27,30,27,41,41,41,41,41,41,41,41,41,41,41,41,41,41,41,41,41,27,27,27,27,41,41,41,41,41,41,41,27,41,41,41,41,41,41,27,41,41,39,27,38,27,27,40,27,27,41,27,27,27,38,27,27,27,27,27,41,27,29,36,41,40,41,41,41,41,27,41,41,41,41,41,41,41,29,41,27,41,38,29,41,41,27,41,27,38,27,41,41,27,27,27,28,27,41,230,27,41,41,41,41,27,41,41,41,41,41,41,41,41,41,41,41,27,41,41,41,27,27,27,27,41,27,41,41,41,41,41,27,41,41,41,41,27,40,41,41,41,41,30,27,27,41,27,27,41,27,41,41,27,41,27,27,27,27,41,41,41,31,41,27,41,27,41,41,41,41,27,27,41,230,27,41,41,27,27,27,41,38,69,41,41,41,28,27,41,41,31,41,27,229,27,41,41,27,27,41,41,27,41,27,41,41,41,27,27,41,41,41,41,41,27,41,27,41,41,41,41,41,41,41,41,41,41,41,41,41,41,41,41,27,41,41,41,41,41,41,41,41,37,27,27,41,27,27,27,27,39,27,27,41,41,41,27,27,41,27,27,41,41,41,41,230,58,41,41,27,40,41,41,27,57,41,41,41,41,41,41,133,27,27,41,27,39,203,229,27,27,39,41,27,41,27,41,27,41,41,41,41,40,41,41,41,41,27,27,27,27,41,169,41,41,230,230,41,41,27,201,27,41,41,41,27,41,41,41,41,41,27,41,27,230,230,27,206,106,41,41,27,41,27,41,41,41,41,41,41,27,27,27,27,28,41,27,27,27,41,41,41,41,41,41,27,41,41,41,41,27,41,229,43,229,229,45,229,27,41,27,226,41,41,27,27,27,41,41,27,28,27,41,30,41,230,27,27,41,41,41,27,41,41,41,41,41,41,41,41,41,41,27,41,41,41,41,27,41,41,41,50,27,93,41,41,41,207,41,38,41,27,43,41,41,41,27,41,41,41,41,27,27,38,41,41,27,27,41,41,41,41,27,27,27,27,27,41,27,39,41,41,41,41,41,41,41,41,41,41,27,41,183,41,41,41,57,218,41,41,230,41,52,27,41,27,27,27,230,41,191,41,27,27,41,27,41,27,27,27,37,29,41,30,41,37,41,27,41,41,27,41,27,41,27,41,57,229,37,27,229,41,41,41,41,41,41,41,41,41,41,41,41,41,41,41,41,41,41,41,30,36,41,27,41,27,27,27,27,41,27,27,41,41,27,27,41,27,27,40,41,27,147,41,27,205,205,27,205,102,41,41,41,41,27,41,27,41,41,46,41,42,27,41,230,230,40,27,27,27,27,41,27,41,27,39,41,41,41,27,41,41,37,41,229,229,27,30,27,27,41,27,27,230,41,229,27,27,39,229,38,41,41,27,41,41,41,41,41,41,121,27,41,41,230,230,27,230,41,41,118,222,27,27,27,41,27,28,27,27,27,29,41,38,27,27,27,27,27,27,41,41,41,41,41,38,41,41,41,27,41,49,40,41,41,41,41,41,205,47,59,41,44,27,41,27,27,27,27,27,27,41,41,27,27,41,27,41,166,27,27,32,41,41,230,27,41,106,41,41,230,41,230,230,41,41,230,41,41,189,55,41,41,27,229,182,41,229,41,41,41,229,229,27,41,41,229,41,39,229,206,156,41,27,28,41,27,27,27,27,41,27,27,41,28,41,41,27,41,27,41,31,27,60,41,41,112,27,230,41,41,27,38,41,41,27,41,44,41,41,41,41,41,27,27,27,27,27,229,229,37,27,27,27,229,27,27,229,27,198,27,229,58,41,41,41,41,41,27,41,27,41,27,41,27,41,41,41,41,41,41,41,41,41,41,41,41,27,41,41,38,41,41,41,41,41,41,41,27,41,41,27,28,27,31,41,41,27,27,41,41,27,41,41,27,27,27,27,27,41,41,27,41,41,41,41,41,41,41,41,41,27,98,205,41,230,230,27,205,186,205,189
41,41,27,27,41,27,27,41,40,39,41,41,27,41,27,41,27,41,41,27,41,30,41,41,41,27,27,41,41,41,41,41,27,41,41,27,41,41,39,41,41,27,41,41,41,41,41,41,27,41,41,41,41,27,41,41,41,41,27,41,41,41,27,41,41,41,41,41,41,27,41,27,41,41,41,27,27,29,41,41,41,27,27,41,27,41,30,41,41,41,41,41,27,41,41,41,41,41,41,41,33,27,27,41,41,41,41,27,41,27,27,27,27,37,41,41,41,41,27,30,27,41,41,41,41,41,41,41,41,41,41,41,41,41,41,41,41,41,27,27,27,27,41,41,41,41,41,41,41,27,41,41,41,41,41,41,27,41,41,39,27,38,27,27,40,27,27,41,27,27,27,38,27,27,27,27,27,41,27,29,36,41,40,41,41,41,41,27,41,41,41,41,41,41,41,29,41,27,41,38,29,41,41,27,41,27,38,27,41,41,27,27,27,28,27,41,230,27,41,41,41,41,27,41,41,41,41,41,41,41,41,41,41,41,27,41,41,41,27,27,27,27,41,27,41,41,41,41,41,27,41,41,41,41,27,40,41,41,41,41,30,27,27,41,27,27,41,27,41,41,27,41,27,27,27,27,41,41,41,31,41,27,41,27,41,41,41,41,27,27,41,230,27,41,41,27,27,27,41,38,69,41,41,41,28,27,41,41,31,41,27,229,27,41,41,27,27,41,41,27,41,27,41,41,41,27,27,41,41,41,41,41,27,41,27,41,41,41,41,41,41,41,41,41,41,41,41,41,41,41,41,27,41,41,41,41,41,41,41,41,37,27,27,41,27,27,27,27,39,27,27,41,41,41,27,27,41,27,27,41,41,41,41,230,58,41,41,27,40,41,41,27,57,41,41,41,41,41,41,133,27,27,41,27,39,203,229,27,27,39,41,27,41,27,41,27,41,41,41,41,40,41,41,41,41,27,27,27,27,41,169,41,41,230,230,41,41,27,201,27,41,41,41,27,41,41,41,41,41,27,41,27,230,230,27,206,106,41,41,27,41,27,41,41,41,41,41,41,27,27,27,27,28,41,27,27,27,41,41,41,41,41,41,27,41,41,41,41,27,41,229,43,229,229,45,229,27,41,27,226,41,41,27,27,27,41,41,27,28,27,41,30,41,230,27,27,41,41,41,27,41,41,41,41,41,41,41,41,41,41,27,41,41,41,41,27,41,41,41,50,27,93,41,41,41,207,41,38,41,27,43,41,41,41,27,41,41,41,41,27,27,38,41,41,27,27,41,41,41,41,27,27,27,27,27,41,27,39,41,41,41,41,41,41,41,41,41,41,27,41,183,41,41,41,57,218,41,41,230,41,52,27,41,27,27,27,230,41,191,41,27,27,41,27,41,27,27,27,37,29,41,30,41,37,41,27,41,41,27,41,27,41,27,41,57,229,37,27,229,41,41,41,41,41,41,41,41,41,41,41,41,41,41,41,41,41,41,41,30,36,41,27,41,27,27,27,27,41,27,27,41,41,27,27,41,27,27,40,41,27,147,41,27,205,205,27,205,102,41,41,41,41,27,41,27,41,41,46,41,42,27,41,230,230,40,27,27,27,27,41,27,41,27,39,41,41,41,27,41,41,37,41,229,229,27,30,27,27,41,27,27,230,41,229,27,27,39,229,38,41,41,27,41,41,41,41,41,41,121,27,41,41,230,230,27,230,41,41,118,222,27,27,27,41,27,28,27,27,27,29,41,38,27,27,27,27,27,27,41,41,41,41,41,38,41,41,41,27,41,49,40,41,41,41,41,41,205,47,59,41,44,27,41,27,27,27,27,27,27,41,41,27,27,41,27,41,166,27,27,32,41,41,230,27,41,106,41,41,230,41,230,230,41,41,230,41,41,189,55,41,41,27,229,182,41,229,41,41,41,229,229,27,41,41,229,41,39,229,206,156,41,27,28,41,27,27,27,27,41,27,27,41,28,41,41,27,41,27,41,31,27,60,41,41,112,27,230,41,41,27,38,41,41,27,41,44,41,41,41,41,41,27,27,27,27,27,229,229,37,27,27,27,229,27,27,229,27,198,27,229,58,41,41,41,41,41,27,41,27,41,27,41,27,41,41,41,41,41,41,41,41,41,41,41,41,27,41,41,38,41,41,41,41,41,41,41,27,41,41,27,28,27,31,41,41,27,27,41,41,27,41,41,27,27,27,27,27,41,41,27,41,41,41,41,41,41,41,41,41,27,98,205,41,230,230,27,205,186,205,189
41,41,27,28,41,27,27,41,41,28,38,41,27,41,27,27,27,41,41,27,41,38,41,41,41,27,27,41,27,41,41,41,27,41,41,27,41,41,29,41,27,27,41,41,41,41,41,41,27,41,41,41,41,27,41,41,41,41,27,41,41,41,27,41,41,41,41,39,41,27,41,27,41,41,41,27,27,40,41,41,41,27,27,41,27,41,38,41,41,41,41,41,27,41,41,41,41,41,41,41,33,27,27,38,41,41,41,27,41,27,27,27,27,30,41,41,41,41,31,29,27,41,41,41,41,41,38,41,41,41,41,41,41,41,41,41,41,41,27,27,27,27,41,41,41,41,41,41,41,27,41,41,41,41,41,41,27,41,41,39,27,41,27,27,41,27,27,41,27,27,27,41,27,27,27,27,27,41,27,27,36,41,41,41,41,41,41,27,41,41,41,41,41,41,41,40,41,27,41,38,39,41,41,27,41,27,30,27,41,41,27,27,27,40,27,39,207,27,41,41,41,41,27,41,41,41,41,41,41,41,41,41,41,41,27,41,41,41,29,27,27,27,41,27,41,41,41,41,41,27,41,41,41,41,27,41,41,41,41,41,30,29,27,41,27,27,41,27,41,41,27,41,27,27,27,27,41,41,41,31,41,27,41,27,41,41,41,41,27,27,41,230,27,41,41,27,27,27,41,31,69,38,41,41,27,29,41,41,38,37,27,229,27,41,37,28,27,41,41,41,41,27,41,41,41,27,41,41,41,41,41,41,28,41,27,41,41,41,41,41,41,41,41,41,41,41,38,41,41,41,41,27,41,41,41,41,41,41,41,41,41,27,27,41,27,27,27,27,28,27,27,41,41,41,27,27,41,27,27,41,41,41,41,230,213,41,41,27,41,41,41,27,189,41,41,41,41,41,41,133,27,28,41,27,29,229,229,27,27,28,41,27,41,27,41,27,41,41,41,41,40,41,41,41,41,27,27,27,27,41,169,38,41,230,230,41,41,27,120,27,41,41,41,27,41,41,41,41,41,27,41,27,230,230,27,230,49,41,41,30,41,27,41,37,41,41,41,41,27,27,27,27,27,40,27,27,27,41,41,41,41,40,41,27,41,41,41,41,27,41,229,41,229,229,41,229,27,41,27,227,30,41,41,27,27,41,41,28,27,27,41,27,41,230,27,28,41,41,41,27,41,41,41,41,41,41,41,41,41,41,27,41,41,41,41,27,41,41,41,50,27,54,41,41,41,116,41,41,41,27,41,41,41,41,27,41,41,41,41,30,27,30,41,41,27,27,41,41,41,41,27,27,27,30,27,41,27,29,41,38,41,41,41,41,41,41,41,41,27,41,198,41,41,41,41,112,88,41,230,41,131,27,41,27,27,28,230,41,230,41,27,27,41,27,38,27,27,27,30,29,41,37,41,30,41,41,41,41,27,41,27,41,27,41,41,229,41,27,229,41,41,41,41,41,41,41,41,41,41,41,41,41,41,41,41,41,41,41,38,29,41,30,41,27,27,27,27,41,27,27,41,41,27,27,41,27,27,41,41,27,147,41,27,205,205,27,205,205,41,41,41,41,27,49,27,41,41,41,41,66,27,41,230,230,28,28,27,27,27,41,27,41,27,41,41,41,41,27,41,41,37,27,229,189,27,38,27,27,41,27,27,230,41,229,27,27,29,229,41,41,41,27,41,41,41,41,41,41,57,27,41,37,230,199,27,230,41,41,100,230,27,27,27,41,27,40,27,27,27,27,41,29,27,27,27,28,27,27,41,41,41,41,41,30,41,41,41,27,41,49,41,41,41,41,78,41,183,41,188,41,32,27,41,27,27,29,27,27,27,41,27,28,27,41,27,41,205,27,27,32,41,41,230,28,41,41,41,41,230,41,106,230,106,41,230,27,41,230,119,41,41,30,229,87,41,229,41,41,41,229,229,27,41,41,229,63,29,229,116,156,41,27,27,41,27,27,27,27,41,27,27,41,27,41,41,27,41,27,41,27,27,212,41,41,47,27,230,41,41,27,30,41,41,27,68,202,41,41,41,41,41,27,27,27,27,27,229,229,27,27,27,27,229,27,27,229,27,228,27,229,58,41,41,41,41,41,27,41,27,41,30,41,27,41,41,41,41,41,41,27,41,27,41,41,41,27,41,41,31,41,41,41,41,41,41,41,27,41,41,27,28,27,27,41,41,27,27,41,41,27,41,41,27,27,27,27,27,41,41,27,41,41,41,41,41,27,41,41,41,27,43,205,41,230,230,27,181,106,205,225
41,38,27,40,41,27,27,41,41,27,30,41,27,41,41,27,27,41,41,27,41,41,41,31,41,27,27,41,27,41,41,41,27,41,41,41,41,41,27,41,27,27,41,41,41,41,41,41,27,41,41,41,41,27,38,41,41,41,27,41,41,41,27,41,41,41,41,28,41,27,41,27,41,41,38,27,27,41,41,41,41,27,27,41,27,41,41,41,41,41,41,41,27,41,41,41,41,41,41,41,33,27,27,31,41,41,41,27,41,27,41,27,27,27,41,41,41,41,38,29,27,41,41,38,41,41,30,41,41,41,41,41,41,41,41,41,41,41,27,27,27,27,41,41,41,41,41,41,41,27,41,27,41,41,41,41,27,41,41,39,27,41,28,27,41,27,27,41,27,30,27,41,27,27,27,27,27,41,27,27,36,41,41,41,41,41,41,27,41,41,41,41,41,41,41,41,41,27,41,38,41,41,41,27,41,27,27,27,40,41,33,33,27,41,27,29,69,27,41,41,41,41,27,41,41,41,41,39,41,41,41,41,41,41,27,41,41,41,39,29,27,27,41,27,41,41,41,41,41,27,41,41,41,41,27,41,41,41,41,41,27,38,27,41,27,27,41,27,41,41,27,41,27,27,27,30,41,41,41,31,41,27,41,27,41,41,41,41,27,27,230,230,27,73,41,27,30,27,41,27,69,29,41,41,27,40,37,41,41,30,27,229,27,41,30,50,27,41,27,41,41,27,41,41,41,27,41,41,41,41,41,41,40,41,41,41,41,41,41,41,41,41,41,41,41,41,30,41,41,41,41,27,41,41,41,41,41,41,41,41,41,27,27,38,27,27,27,27,27,27,27,41,41,41,27,27,41,27,27,41,41,41,38,230,230,41,230,27,41,41,41,27,205,41,41,41,41,41,41,133,27,50,41,27,27,229,229,27,29,27,41,27,41,27,41,27,41,38,38,41,40,41,41,41,41,27,27,27,27,27,169,30,80,230,230,41,41,27,57,27,41,41,41,27,41,41,41,41,41,27,41,27,230,230,27,230,51,38,41,38,41,27,41,30,41,41,41,41,27,27,27,27,27,28,27,27,27,41,41,41,27,28,41,28,41,41,41,41,27,41,230,41,229,229,41,229,105,41,27,227,29,41,41,27,27,41,41,40,27,27,41,27,41,230,28,60,41,39,39,27,41,41,41,41,41,41,41,41,41,41,27,41,41,41,41,30,41,41,40,44,27,41,39,41,41,52,41,41,41,27,41,41,41,41,27,41,41,41,41,37,27,27,38,41,27,27,41,38,41,41,27,27,27,37,27,41,27,27,41,31,41,41,41,41,41,41,41,41,27,41,198,41,41,41,41,47,183,41,230,41,148,27,41,27,27,81,229,27,230,41,27,27,41,27,30,27,27,27,27,29,41,41,41,27,41,41,41,41,27,41,27,41,27,41,41,106,41,27,229,41,109,41,41,41,41,41,41,41,41,41,41,41,41,41,41,41,41,41,41,27,41,38,41,27,27,27,27,41,27,27,41,41,27,27,37,27,27,41,41,27,147,39,27,205,205,27,205,205,41,41,41,57,27,197,27,41,41,41,41,69,27,41,230,230,27,73,27,27,27,41,27,41,27,41,41,41,40,41,41,41,37,27,229,80,27,41,27,27,41,27,27,230,41,229,27,27,27,229,41,47,41,31,41,41,41,41,41,41,41,27,41,30,230,120,27,230,41,41,47,230,41,27,27,41,27,41,27,27,27,27,41,27,27,27,27,40,27,27,41,41,41,41,41,27,41,27,41,27,41,49,41,41,41,41,169,80,108,41,205,38,30,30,41,30,27,40,27,27,27,41,27,68,27,38,27,41,205,27,27,38,41,41,219,40,41,41,41,41,230,41,41,230,230,41,230,27,41,230,203,41,41,38,229,41,27,205,41,41,41,204,229,27,41,41,229,207,27,206,53,156,41,27,27,41,27,27,27,27,41,27,27,27,27,38,41,27,41,27,41,27,27,230,41,41,41,27,208,41,41,41,27,41,41,27,177,205,41,41,41,41,106,27,27,27,27,27,203,229,27,27,27,27,229,27,27,230,27,229,28,229,56,41,41,41,41,41,27,41,27,41,37,41,28,41,41,41,41,41,41,27,41,27,41,38,41,27,41,41,27,41,41,41,41,41,41,41,27,41,41,27,28,27,27,41,41,41,27,41,41,27,41,41,27,27,27,27,27,38,41,27,38,38,41,41,41,27,41,41,41,27,41,205,38,230,230,27,109,51,205,229
41,38,27,40,41,27,27,41,41,27,30,41,27,41,41,27,27,41,41,27,41,41,41,31,41,27,27,41,27,41,41,41,27,41,41,41,41,41,27,41,27,27,41,41,41,41,41,41,27,41,41,41,41,27,38,41,41,41,27,41,41,41,27,41,41,41,41,28,41,27,41,27,41,41,38,27,27,41,41,41,41,27,27,41,27,41,41,41,41,41,41,41,27,41,41,41,41,41,41,41,33,27,27,31,41,41,41,27,41,27,41,27,27,27,41,41,41,41,38,29,27,41,41,38,41,41,30,41,41,41,41,41,41,41,41,41,41,41,27,27,27,27,41,41,41,41,41,41,41,27,41,27,41,41,41,41,27,41,41,39,27,41,28,27,41,27,27,41,27,30,27,41,27,27,27,27,27,41,27,27,36,41,41,41,41,41,41,27,41,41,41,41,41,41,41,41,41,27,41,38,41,41,41,27,41,27,27,27,40,41,33,33,27,41,27,29,69,27,41,41,41,41,27,41,41,41,41,39,41,41,41,41,41,41,27,41,41,41,39,29,27,27,41,27,41,41,41,41,41,27,41,41,41,41,27,41,41,41,41,41,27,38,27,41,27,27,41,27,41,41,27,41,27,27,27,30,41,41,41,31,41,27,41,27,41,41,41,41,27,27,230,230,27,73,41,27,30,27,41,27,69,29,41,41,27,40,37,41,41,30,27,229,27,41,30,50,27,41,27,41,41,27,41,41,41,27,41,41,41,41,41,41,40,41,41,41,41,41,41,41,41,41,41,41,41,41,30,41,41,41,41,27,41,41,41,41,41,41,41,41,41,27,27,38,27,27,27,27,27,27,27,41,41,41,27,27,41,27,27,41,41,41,38,230,230,41,230,27,41,41,41,27,205,41,41,41,41,41,41,133,27,50,41,27,27,229,229,27,29,27,41,27,41,27,41,27,41,38,38,41,40,41,41,41,41,27,27,27,27,27,169,30,80,230,230,41,41,27,57,27,41,41,41,27,41,41,41,41,41,27,41,27,230,230,27,230,51,38,41,38,41,27,41,30,41,41,41,41,27,27,27,27,27,28,27,27,27,41,41,41,27,28,41,28,41,41,41,41,27,41,230,41,229,229,41,229,105,41,27,227,29,41,41,27,27,41,41,40,27,27,41,27,41,230,28,60,41,39,39,27,41,41,41,41,41,41,41,41,41,41,27,41,41,41,41,30,41,41,40,44,27,41,39,41,41,52,41,41,41,27,41,41,41,41,27,41,41,41,41,37,27,27,38,41,27,27,41,38,41,41,27,27,27,37,27,41,27,27,41,31,41,41,41,41,41,41,41,41,27,41,198,41,41,41,41,47,183,41,230,41,148,27,41,27,27,81,229,27,230,41,27,27,41,27,30,27,27,27,27,29,41,41,41,27,41,41,41,41,27,41,27,41,27,41,41,106,41,27,229,41,109,41,41,41,41,41,41,41,41,41,41,41,41,41,41,41,41,41,41,27,41,38,41,27,27,27,27,41,27,27,41,41,27,27,37,27,27,41,41,27,147,39,27,205,205,27,205,205,41,41,41,57,27,197,27,41,41,41,41,69,27,41,230,230,27,73,27,27,27,41,27,41,27,41,41,41,40,41,41,41,37,27,229,80,27,41,27,27,41,27,27,230,41,229,27,27,27,229,41,47,41,31,41,41,41,41,41,41,41,27,41,30,230,120,27,230,41,41,47,230,41,27,27,41,27,41,27,27,27,27,41,27,27,27,27,40,27,27,41,41,41,41,41,27,41,27,41,27,41,49,41,41,41,41,169,80,108,41,205,38,30,30,41,30,27,40,27,27,27,41,27,68,27,38,27,41,205,27,27,38,41,41,219,40,41,41,41,41,230,41,41,230,230,41,230,27,41,230,203,41,41,38,229,41,27,205,41,41,41,204,229,27,41,41,229,207,27,206,53,156,41,27,27,41,27,27,27,27,41,27,27,27,27,38,41,27,41,27,41,27,27,230,41,41,41,27,208,41,41,41,27,41,41,27,177,205,41,41,41,41,106,27,27,27,27,27,203,229,27,27,27,27,229,27,27,230,27,229,28,229,56,41,41,41,41,41,27,41,27,41,37,41,28,41,41,41,41,41,41,27,41,27,41,38,41,27,41,41,27,41,41,41,41,41,41,41,27,41,41,27,28,27,27,41,41,41,27,41,41,27,41,41,27,27,27,27,27,38,41,27,38,38,41,41,41,27,41,41,41,27,41,205,38,230,230,27,109,51,205,229
41,30,27,41,41,27,27,41,41,27,27,41,27,41,41,27,27,41,41,27,41,41,41,27,41,27,27,41,27,41,41,41,27,41,41,41,41,41,27,41,27,27,41,41,41,41,41,41,27,41,41,41,41,27,31,41,41,41,31,41,41,40,27,41,41,41,41,27,41,27,41,27,41,41,30,27,27,41,41,41,41,27,30,41,29,41,41,41,41,41,41,41,27,41,41,41,41,41,41,41,33,27,27,27,41,41,41,29,41,27,41,27,27,27,41,41,41,41,41,29,27,41,41,31,41,41,27,41,41,41,41,41,41,41,41,41,41,41,41,27,27,27,41,41,41,41,41,41,38,27,41,27,41,41,41,41,27,41,40,39,27,41,40,27,41,27,27,41,27,38,27,41,27,27,27,27,27,41,27,27,36,41,41,41,41,41,41,27,41,41,41,38,41,41,41,41,39,27,41,36,41,41,41,27,41,27,27,27,29,41,220,230,27,41,27,27,42,27,41,41,41,41,41,41,41,41,41,29,41,41,41,41,41,41,30,41,41,41,41,39,29,27,41,31,41,41,41,41,41,27,41,41,41,41,27,41,41,41,41,41,27,41,27,41,27,27,38,27,41,41,27,41,27,27,27,38,41,41,41,27,39,27,41,27,41,41,41,41,27,29,230,230,29,198,41,27,38,27,41,27,69,27,41,41,27,41,30,41,41,27,27,229,28,41,27,212,27,40,27,41,38,27,41,41,41,27,41,41,41,41,41,41,41,41,41,41,41,41,41,41,41,41,41,41,41,41,27,41,41,41,41,30,41,27,41,41,41,27,41,41,41,27,27,31,27,27,27,27,27,27,27,41,41,41,27,29,41,27,27,41,41,41,29,230,230,41,230,27,41,41,41,27,205,41,41,41,41,41,41,133,27,212,41,27,27,229,229,27,80,27,41,28,40,27,41,27,41,31,30,41,40,41,41,41,41,27,27,27,27,27,169,27,191,230,230,27,41,27,41,27,41,41,41,29,41,41,41,41,41,27,41,29,218,208,29,230,41,30,41,41,41,27,41,27,41,41,41,41,27,27,27,27,27,27,27,27,27,41,41,41,27,27,41,40,41,41,41,41,27,27,230,41,229,229,41,229,205,38,27,227,29,41,41,27,27,41,41,41,27,27,41,27,41,230,78,202,41,29,29,27,41,41,41,41,41,41,41,41,41,41,30,41,41,41,41,38,41,41,27,41,27,37,28,41,41,41,41,41,41,27,41,41,41,41,27,41,41,41,41,41,27,27,30,41,27,27,41,30,41,41,27,27,27,41,27,41,27,27,41,28,41,41,41,41,41,41,41,41,27,41,198,41,41,41,41,41,230,41,206,41,148,27,41,27,27,181,229,27,230,41,27,27,41,27,27,27,27,27,27,29,38,41,41,27,41,41,41,41,27,41,27,41,27,41,41,41,41,27,229,41,109,41,41,41,41,41,41,41,41,41,41,41,41,41,41,41,41,41,41,27,41,41,27,27,27,27,27,41,27,29,41,38,27,27,30,27,27,41,41,27,147,29,27,205,97,27,97,194,41,41,65,189,27,205,27,41,41,41,41,69,27,41,230,230,27,189,27,27,27,41,27,41,27,41,41,41,28,41,41,41,37,27,229,41,41,41,27,27,41,27,27,218,41,229,27,27,27,229,41,95,41,38,41,41,41,230,41,41,41,27,41,27,230,57,27,230,73,39,41,230,41,27,27,41,27,41,27,27,27,27,41,27,27,27,27,41,27,27,27,41,41,41,41,27,41,27,41,27,41,48,41,70,41,41,205,166,52,41,205,30,30,38,41,38,27,41,27,27,29,41,27,169,27,30,27,41,205,27,27,144,41,41,112,41,41,41,41,75,230,41,41,230,230,41,230,27,41,230,230,38,41,41,198,41,27,117,41,41,41,117,229,27,41,41,215,229,27,116,41,77,41,27,27,39,27,27,27,27,27,27,27,27,27,30,41,27,41,27,41,27,27,230,41,41,41,30,117,27,41,41,27,41,41,27,205,205,41,41,41,41,229,27,27,27,27,27,53,229,27,27,223,27,229,27,27,230,27,229,81,229,42,41,41,41,41,41,41,41,27,41,41,41,40,41,41,41,38,41,41,27,41,27,41,29,41,27,41,41,27,41,41,41,41,41,41,41,27,41,41,28,28,27,27,41,41,41,27,41,39,27,40,41,27,27,27,27,27,30,39,27,30,30,41,41,41,27,41,41,41,27,41,202,30,230,230,27,54,41,186,230
41,27,27,41,41,27,27,41,41,27,27,41,27,41,41,27,27,41,27,27,41,41,41,27,41,30,27,41,27,41,41,41,27,41,41,41,41,41,27,41,27,27,41,41,41,41,41,41,27,39,41,41,27,41,27,41,41,41,38,37,41,28,27,27,41,41,41,27,41,27,41,27,41,41,27,27,27,41,41,41,41,27,38,41,40,41,41,41,41,41,41,41,27,41,27,41,41,41,41,41,33,27,30,27,41,41,41,40,41,27,41,27,27,27,41,41,41,41,41,29,27,41,41,27,41,41,27,41,41,41,41,41,41,41,41,41,41,41,41,27,29,27,41,38,41,41,41,41,30,27,41,27,41,41,41,41,27,41,28,39,27,41,41,27,41,27,27,41,27,41,27,41,27,27,27,27,27,41,27,27,36,41,41,41,41,41,41,27,41,41,41,30,41,41,41,41,28,27,41,31,41,41,41,27,41,27,27,27,27,41,220,230,27,41,27,27,41,27,39,41,41,41,41,41,41,38,41,27,41,41,41,41,41,41,38,41,41,41,41,41,40,27,41,38,41,41,41,41,41,27,41,41,27,41,27,41,41,41,41,39,27,41,27,27,27,27,30,27,41,41,27,41,27,27,27,41,38,41,41,27,29,29,41,27,41,41,41,41,27,39,230,230,39,230,39,41,41,27,41,27,64,27,41,41,27,41,27,41,41,27,27,204,51,41,27,229,27,28,27,41,30,27,41,41,41,27,41,41,41,41,41,41,41,41,41,41,41,41,41,41,41,41,41,41,41,41,27,41,41,41,41,37,41,27,41,41,41,27,41,41,41,27,27,27,27,27,27,27,27,27,27,41,41,41,27,40,41,27,27,41,41,41,27,208,230,41,230,28,41,41,41,29,205,39,205,41,41,41,41,133,27,229,41,27,27,229,205,27,181,27,41,40,28,27,41,27,38,27,27,41,40,41,41,39,41,27,27,27,27,27,143,27,230,230,230,27,41,27,41,27,41,41,41,40,41,41,41,41,41,27,38,40,112,122,39,230,41,27,41,41,41,27,41,27,41,41,41,41,27,27,27,27,27,27,27,27,27,41,41,41,27,27,41,41,41,41,41,41,27,27,230,41,229,229,41,230,228,31,27,227,29,41,41,27,27,39,41,41,27,27,41,27,37,229,184,230,41,27,27,27,41,41,41,41,41,41,41,41,41,39,39,41,41,41,41,41,41,41,27,41,27,27,27,41,41,41,39,41,41,29,39,41,38,41,30,41,41,41,41,41,27,27,27,41,27,27,41,27,41,41,27,27,27,41,27,41,27,27,41,28,41,38,41,41,41,41,41,41,29,41,198,86,41,41,41,41,230,41,117,230,148,27,41,27,27,230,229,27,230,41,27,27,41,27,27,27,27,27,27,29,30,41,41,27,41,41,41,41,27,41,27,41,27,41,41,41,41,27,217,27,109,41,41,41,41,41,41,41,41,41,41,41,41,41,41,41,41,41,41,27,41,41,27,27,27,27,27,41,27,39,39,30,27,27,27,27,27,41,41,27,147,27,27,188,41,27,41,102,41,41,181,205,27,205,27,41,41,41,41,69,27,41,191,230,27,230,27,27,28,41,27,41,27,41,41,41,27,41,41,41,37,27,229,41,41,41,27,27,41,27,27,112,47,229,29,27,27,230,41,171,41,41,41,41,41,230,45,41,41,27,41,27,230,41,27,106,198,28,41,230,41,27,27,41,27,41,27,27,27,27,41,27,27,27,27,41,27,27,27,41,41,41,41,27,41,27,41,27,39,44,41,177,41,38,205,205,41,29,110,27,30,41,41,41,27,41,27,27,38,41,27,205,27,27,27,41,205,33,41,147,41,41,47,41,41,41,41,197,208,42,41,106,230,37,230,27,106,230,230,30,27,41,120,41,27,53,41,41,78,54,229,27,41,41,112,229,27,53,41,36,41,27,27,29,27,27,27,27,27,27,27,27,27,27,41,27,41,27,40,27,27,230,41,41,41,39,53,27,41,41,27,41,41,27,205,205,39,41,27,41,229,27,27,27,27,27,27,203,27,27,229,27,230,27,27,230,27,229,181,230,40,41,41,41,41,41,41,41,27,38,41,40,41,41,41,41,30,41,41,27,41,27,41,27,41,27,41,41,27,41,41,41,41,41,41,41,27,41,41,40,28,27,27,41,41,41,27,41,29,27,28,41,27,27,29,27,27,27,28,27,27,27,41,39,41,27,41,41,41,27,41,98,27,230,230,27,41,41,106,230
41,27,27,41,41,27,27,41,41,27,27,41,27,41,41,27,27,41,27,27,41,41,41,27,41,30,27,41,27,41,41,41,27,41,41,41,41,41,27,41,27,27,41,41,41,41,41,41,27,39,41,41,27,41,27,41,41,41,38,37,41,28,27,27,41,41,41,27,41,27,41,27,41,41,27,27,27,41,41,41,41,27,38,41,40,41,41,41,41,41,41,41,27,41,27,41,41,41,41,41,33,27,30,27,41,41,41,40,41,27,41,27,27,27,41,41,41,41,41,29,27,41,41,27,41,41,27,41,41,41,41,41,41,41,41,41,41,41,41,27,29,27,41,38,41,41,41,41,30,27,41,27,41,41,41,41,27,41,28,39,27,41,41,27,41,27,27,41,27,41,27,41,27,27,27,27,27,41,27,27,36,41,41,41,41,41,41,27,41,41,41,30,41,41,41,41,28,27,41,31,41,41,41,27,41,27,27,27,27,41,220,230,27,41,27,27,41,27,39,41,41,41,41,41,41,38,41,27,41,41,41,41,41,41,38,41,41,41,41,41,40,27,41,38,41,41,41,41,41,27,41,41,27,41,27,41,41,41,41,39,27,41,27,27,27,27,30,27,41,41,27,41,27,27,27,41,38,41,41,27,29,29,41,27,41,41,41,41,27,39,230,230,39,230,39,41,41,27,41,27,64,27,41,41,27,41,27,41,41,27,27,204,51,41,27,229,27,28,27,41,30,27,41,41,41,27,41,41,41,41,41,41,41,41,41,41,41,41,41,41,41,41,41,41,41,41,27,41,41,41,41,37,41,27,41,41,41,27,41,41,41,27,27,27,27,27,27,27,27,27,27,41,41,41,27,40,41,27,27,41,41,41,27,208,230,41,230,28,41,41,41,29,205,39,205,41,41,41,41,133,27,229,41,27,27,229,205,27,181,27,41,40,28,27,41,27,38,27,27,41,40,41,41,39,41,27,27,27,27,27,143,27,230,230,230,27,41,27,41,27,41,41,41,40,41,41,41,41,41,27,38,40,112,122,39,230,41,27,41,41,41,27,41,27,41,41,41,41,27,27,27,27,27,27,27,27,27,41,41,41,27,27,41,41,41,41,41,41,27,27,230,41,229,229,41,230,228,31,27,227,29,41,41,27,27,39,41,41,27,27,41,27,37,229,184,230,41,27,27,27,41,41,41,41,41,41,41,41,41,39,39,41,41,41,41,41,41,41,27,41,27,27,27,41,41,41,39,41,41,29,39,41,38,41,30,41,41,41,41,41,27,27,27,41,27,27,41,27,41,41,27,27,27,41,27,41,27,27,41,28,41,38,41,41,41,41,41,41,29,41,198,86,41,41,41,41,230,41,117,230,148,27,41,27,27,230,229,27,230,41,27,27,41,27,27,27,27,27,27,29,30,41,41,27,41,41,41,41,27,41,27,41,27,41,41,41,41,27,217,27,109,41,41,41,41,41,41,41,41,41,41,41,41,41,41,41,41,41,41,27,41,41,27,27,27,27,27,41,27,39,39,30,27,27,27,27,27,41,41,27,147,27,27,188,41,27,41,102,41,41,181,205,27,205,27,41,41,41,41,69,27,41,191,230,27,230,27,27,28,41,27,41,27,41,41,41,27,41,41,41,37,27,229,41,41,41,27,27,41,27,27,112,47,229,29,27,27,230,41,171,41,41,41,41,41,230,45,41,41,27,41,27,230,41,27,106,198,28,41,230,41,27,27,41,27,41,27,27,27,27,41,27,27,27,27,41,27,27,27,41,41,41,41,27,41,27,41,27,39,44,41,177,41,38,205,205,41,29,110,27,30,41,41,41,27,41,27,27,38,41,27,205,27,27,27,41,205,33,41,147,41,41,47,41,41,41,41,197,208,42,41,106,230,37,230,27,106,230,230,30,27,41,120,41,27,53,41,41,78,54,229,27,41,41,112,229,27,53,41,36,41,27,27,29,27,27,27,27,27,27,27,27,27,27,41,27,41,27,40,27,27,230,41,41,41,39,53,27,41,41,27,41,41,27,205,205,39,41,27,41,229,27,27,27,27,27,27,203,27,27,229,27,230,27,27,230,27,229,181,230,40,41,41,41,41,41,41,41,27,38,41,40,41,41,41,41,30,41,41,27,41,27,41,27,41,27,41,41,27,41,41,41,41,41,41,41,27,41,41,40,28,27,27,41,41,41,27,41,29,27,28,41,27,27,29,27,27,27,28,27,27,27,41,39,41,27,41,41,41,27,41,98,27,230,230,27,41,41,106,230
41,27,27,41,41,27,27,41,41,27,27,41,27,41,41,27,27,41,27,27,41,41,41,27,41,37,27,41,27,41,41,41,27,41,41,41,41,41,27,41,27,27,41,41,41,41,41,41,29,28,41,41,27,41,27,41,41,41,41,30,41,27,27,27,41,41,41,27,41,27,41,27,41,41,27,27,27,41,41,41,41,27,41,39,41,41,41,41,41,41,41,41,27,41,27,41,41,41,41,41,33,27,37,27,41,41,39,41,41,27,41,27,31,27,41,41,41,39,41,29,27,41,41,27,41,41,27,41,41,41,41,41,39,41,41,41,41,41,41,29,39,27,41,30,41,41,41,40,27,30,41,27,41,41,41,41,27,41,27,39,27,41,41,27,41,27,27,41,27,41,27,41,27,27,27,27,27,41,27,27,36,41,41,39,41,41,41,27,41,41,41,27,41,41,41,41,27,32,41,30,41,41,41,27,41,27,27,27,27,41,220,230,27,41,27,27,41,27,28,41,41,41,41,41,41,29,41,27,41,41,41,38,41,41,41,41,41,41,41,41,41,30,41,41,41,41,41,41,41,27,41,41,27,41,27,41,41,41,41,28,27,41,27,27,27,27,27,27,41,27,27,41,27,27,27,41,30,38,27,27,27,38,41,27,41,41,41,41,27,41,230,106,41,230,29,41,41,27,41,27,45,27,41,41,27,41,27,41,41,27,27,66,210,41,27,229,27,27,27,41,27,28,41,41,41,27,41,41,39,41,41,41,41,41,41,41,41,41,41,41,41,41,41,41,41,41,27,41,41,41,39,41,41,27,41,41,41,27,41,40,41,27,27,27,27,27,27,27,27,27,27,41,41,41,27,41,41,27,27,41,41,41,27,116,230,41,230,40,41,41,214,39,205,28,205,41,37,41,76,133,27,229,40,27,27,205,70,27,229,27,41,41,27,27,41,27,31,27,27,41,40,41,41,30,27,27,39,27,27,27,67,27,230,106,106,27,41,27,41,27,41,41,41,41,41,41,41,41,41,27,30,41,47,54,41,230,41,27,41,41,37,27,41,27,41,27,41,41,27,27,27,27,27,27,27,27,27,41,41,41,27,27,41,41,41,41,41,41,27,27,230,41,229,229,38,230,229,27,27,227,29,41,41,27,27,28,41,41,27,27,41,27,30,229,230,230,41,27,27,27,41,41,41,27,41,41,41,41,41,28,41,41,41,41,40,41,41,41,27,41,32,41,27,60,41,41,30,41,41,38,30,41,30,41,38,41,41,41,41,41,30,27,27,41,27,27,41,27,38,41,27,27,27,41,27,41,27,27,41,28,41,30,41,41,41,38,41,41,40,41,188,185,41,41,38,41,230,78,54,230,148,27,41,27,27,230,229,27,230,41,27,27,41,27,27,27,27,27,27,29,27,41,41,27,41,41,41,41,30,41,27,41,27,41,38,41,41,27,112,27,109,41,41,40,41,41,41,41,41,41,41,41,41,41,41,41,41,41,41,27,41,41,27,27,27,27,27,41,27,41,29,27,27,27,27,27,27,41,41,27,74,27,29,105,41,27,41,46,41,57,205,205,28,205,27,41,41,39,41,69,27,41,85,191,27,230,27,27,77,41,27,38,27,41,41,41,27,41,41,27,37,27,189,41,41,41,27,27,41,27,27,47,111,230,39,27,27,230,57,183,41,41,41,41,41,230,226,60,41,27,41,27,199,41,27,41,230,27,41,225,41,27,27,41,27,41,27,27,27,27,41,27,27,27,41,41,27,27,27,31,41,41,41,27,38,27,27,27,30,41,41,205,41,30,205,205,41,27,48,27,30,41,41,41,27,41,29,27,41,39,27,205,27,27,27,41,205,205,41,147,41,41,41,41,41,39,68,230,116,47,41,41,230,31,230,27,229,230,230,27,27,41,57,41,27,41,41,41,191,41,106,29,41,41,49,229,27,41,41,36,38,27,27,27,27,27,27,27,27,27,30,27,27,27,41,27,41,27,28,27,27,112,41,41,39,41,41,27,41,41,27,41,205,27,205,203,29,41,27,67,229,27,27,27,27,27,27,53,27,27,229,27,230,27,27,230,70,229,230,230,40,41,41,41,41,41,41,41,27,30,41,28,41,41,41,41,27,41,41,27,41,27,41,27,41,27,41,41,27,41,41,41,41,41,41,41,27,41,41,41,28,27,27,41,41,41,27,41,27,27,27,41,27,27,40,27,27,27,27,27,27,27,41,28,41,27,41,41,41,27,41,43,27,230,230,27,41,41,51,230
41,27,27,41,41,27,27,41,41,27,27,41,27,41,41,27,27,41,27,27,41,41,41,27,41,37,27,41,27,41,41,41,27,41,41,41,41,41,27,41,27,27,41,41,41,41,41,41,29,28,41,41,27,41,27,41,41,41,41,30,41,27,27,27,41,41,41,27,41,27,41,27,41,41,27,27,27,41,41,41,41,27,41,39,41,41,41,41,41,41,41,41,27,41,27,41,41,41,41,41,33,27,37,27,41,41,39,41,41,27,41,27,31,27,41,41,41,39,41,29,27,41,41,27,41,41,27,41,41,41,41,41,39,41,41,41,41,41,41,29,39,27,41,30,41,41,41,40,27,30,41,27,41,41,41,41,27,41,27,39,27,41,41,27,41,27,27,41,27,41,27,41,27,27,27,27,27,41,27,27,36,41,41,39,41,41,41,27,41,41,41,27,41,41,41,41,27,32,41,30,41,41,41,27,41,27,27,27,27,41,220,230,27,41,27,27,41,27,28,41,41,41,41,41,41,29,41,27,41,41,41,38,41,41,41,41,41,41,41,41,41,30,41,41,41,41,41,41,41,27,41,41,27,41,27,41,41,41,41,28,27,41,27,27,27,27,27,27,41,27,27,41,27,27,27,41,30,38,27,27,27,38,41,27,41,41,41,41,27,41,230,106,41,230,29,41,41,27,41,27,45,27,41,41,27,41,27,41,41,27,27,66,210,41,27,229,27,27,27,41,27,28,41,41,41,27,41,41,39,41,41,41,41,41,41,41,41,41,41,41,41,41,41,41,41,41,27,41,41,41,39,41,41,27,41,41,41,27,41,40,41,27,27,27,27,27,27,27,27,27,27,41,41,41,27,41,41,27,27,41,41,41,27,116,230,41,230,40,41,41,214,39,205,28,205,41,37,41,76,133,27,229,40,27,27,205,70,27,229,27,41,41,27,27,41,27,31,27,27,41,40,41,41,30,27,27,39,27,27,27,67,27,230,106,106,27,41,27,41,27,41,41,41,41,41,41,41,41,41,27,30,41,47,54,41,230,41,27,41,41,37,27,41,27,41,27,41,41,27,27,27,27,27,27,27,27,27,41,41,41,27,27,41,41,41,41,41,41,27,27,230,41,229,229,38,230,229,27,27,227,29,41,41,27,27,28,41,41,27,27,41,27,30,229,230,230,41,27,27,27,41,41,41,27,41,41,41,41,41,28,41,41,41,41,40,41,41,41,27,41,32,41,27,60,41,41,30,41,41,38,30,41,30,41,38,41,41,41,41,41,30,27,27,41,27,27,41,27,38,41,27,27,27,41,27,41,27,27,41,28,41,30,41,41,41,38,41,41,40,41,188,185,41,41,38,41,230,78,54,230,148,27,41,27,27,230,229,27,230,41,27,27,41,27,27,27,27,27,27,29,27,41,41,27,41,41,41,41,30,41,27,41,27,41,38,41,41,27,112,27,109,41,41,40,41,41,41,41,41,41,41,41,41,41,41,41,41,41,41,27,41,41,27,27,27,27,27,41,27,41,29,27,27,27,27,27,27,41,41,27,74,27,29,105,41,27,41,46,41,57,205,205,28,205,27,41,41,39,41,69,27,41,85,191,27,230,27,27,77,41,27,38,27,41,41,41,27,41,41,27,37,27,189,41,41,41,27,27,41,27,27,47,111,230,39,27,27,230,57,183,41,41,41,41,41,230,226,60,41,27,41,27,199,41,27,41,230,27,41,225,41,27,27,41,27,41,27,27,27,27,41,27,27,27,41,41,27,27,27,31,41,41,41,27,38,27,27,27,30,41,41,205,41,30,205,205,41,27,48,27,30,41,41,41,27,41,29,27,41,39,27,205,27,27,27,41,205,205,41,147,41,41,41,41,41,39,68,230,116,47,41,41,230,31,230,27,229,230,230,27,27,41,57,41,27,41,41,41,191,41,106,29,41,41,49,229,27,41,41,36,38,27,27,27,27,27,27,27,27,27,30,27,27,27,41,27,41,27,28,27,27,112,41,41,39,41,41,27,41,41,27,41,205,27,205,203,29,41,27,67,229,27,27,27,27,27,27,53,27,27,229,27,230,27,27,230,70,229,230,230,40,41,41,41,41,41,41,41,27,30,41,28,41,41,41,41,27,41,41,27,41,27,41,27,41,27,41,41,27,41,41,41,41,41,41,41,27,41,41,41,28,27,27,41,41,41,27,41,27,27,27,41,27,27,40,27,27,27,27,27,27,27,41,28,41,27,41,41,41,27,41,43,27,230,230,27,41,41,51,230
41,27,30,41,41,27,27,41,41,27,27,41,27,41,41,27,27,41,27,27,41,41,41,27,41,41,28,41,27,41,41,41,27,41,41,41,41,41,27,41,27,27,41,41,41,41,41,41,40,27,41,41,27,41,27,41,41,41,41,27,41,27,27,27,41,41,41,27,41,27,41,27,41,41,27,27,27,41,41,41,41,27,41,28,41,41,41,41,41,41,41,41,27,41,27,41,41,41,41,41,33,27,41,27,41,41,29,41,41,27,41,31,38,27,41,41,39,29,41,29,27,41,41,27,41,41,27,41,41,41,41,41,28,41,41,41,39,41,41,39,41,27,41,27,41,41,41,29,27,38,41,27,41,41,41,41,27,41,27,39,27,41,41,27,41,27,27,41,27,41,27,41,27,27,27,27,27,41,27,27,36,41,41,28,41,41,38,27,41,41,41,27,41,41,41,41,27,41,41,30,41,41,41,31,41,27,27,27,27,41,220,230,27,41,28,27,41,27,27,39,41,41,41,41,41,27,41,27,41,41,41,30,41,41,41,27,41,37,41,41,41,39,41,41,41,41,41,41,41,28,41,41,27,41,27,41,41,41,41,27,27,41,27,27,27,27,27,27,41,27,27,41,27,27,27,41,27,30,27,27,27,41,41,30,41,41,41,41,27,41,230,41,41,230,27,41,41,31,41,27,32,27,41,41,27,41,27,41,41,27,27,41,229,41,27,229,27,27,27,41,27,33,41,41,41,27,41,41,29,41,41,38,41,41,41,38,41,41,41,41,41,41,41,41,41,41,27,41,41,41,28,41,41,27,41,39,41,27,41,36,41,27,27,27,27,27,27,27,27,27,27,39,39,41,27,41,41,27,27,41,41,41,27,53,219,41,230,41,41,41,214,41,194,27,205,41,30,41,171,69,27,229,28,27,27,70,42,27,229,27,40,41,27,27,41,27,27,27,27,39,40,41,41,27,27,27,41,27,27,27,41,27,230,106,41,27,87,30,37,27,41,41,41,41,41,41,41,41,41,28,27,41,41,41,41,230,41,27,41,41,37,27,41,27,41,27,41,41,27,27,27,27,27,27,27,27,27,41,41,39,27,27,41,41,41,41,41,41,27,27,230,27,229,229,30,230,229,27,27,227,28,41,41,27,27,27,41,41,27,27,41,27,27,229,230,230,41,27,27,27,41,41,41,27,41,41,41,41,41,27,41,41,41,41,28,41,41,41,27,41,41,41,27,211,41,41,27,41,41,41,27,41,27,41,41,41,41,41,41,41,38,27,27,41,27,27,41,27,30,41,27,27,27,41,27,41,27,27,41,28,41,27,41,38,41,30,41,41,41,39,100,230,41,60,31,41,230,193,41,230,148,27,41,33,33,230,229,27,229,41,27,27,41,27,27,27,33,27,27,29,27,41,41,27,41,41,40,41,37,41,27,41,27,41,31,41,41,27,47,27,109,41,40,29,41,41,41,41,41,41,41,41,41,41,41,41,41,41,41,27,41,41,27,27,27,27,31,41,27,41,27,27,27,27,27,27,27,41,41,27,36,27,39,50,41,27,41,41,75,189,205,205,40,199,27,41,41,28,57,65,27,38,42,85,27,230,27,27,184,41,27,30,29,41,39,41,27,41,41,27,37,27,80,41,41,79,27,27,41,27,30,41,217,230,41,27,27,230,120,183,41,41,41,87,41,230,230,212,37,30,41,27,120,41,27,41,230,27,41,108,41,27,27,41,27,41,27,27,27,27,39,27,27,27,41,41,27,27,27,31,41,41,41,27,30,27,27,27,27,41,41,205,41,27,205,205,41,27,41,27,32,41,41,41,27,41,39,27,41,30,27,205,27,27,27,38,210,205,41,147,41,41,41,41,41,29,203,230,52,56,41,41,230,27,183,27,230,230,230,27,27,41,41,37,27,41,41,41,229,41,41,39,41,41,41,229,27,41,41,36,31,27,27,27,27,27,27,27,27,27,38,27,27,27,39,27,41,27,27,27,27,47,41,41,28,41,41,27,41,41,27,41,205,27,187,98,27,41,27,117,229,27,27,27,27,27,27,27,27,27,229,27,230,27,27,230,181,229,230,230,40,41,38,41,38,41,41,41,27,27,41,27,41,41,41,41,27,41,41,27,41,27,41,27,41,27,41,41,27,41,41,41,41,41,41,41,27,41,41,41,28,27,27,41,41,41,27,41,27,27,27,41,27,27,41,27,27,27,27,27,27,27,41,27,41,27,41,41,41,27,41,41,27,230,230,27,41,41,41,230
41,27,38,41,41,27,27,39,41,27,27,41,27,41,41,27,27,41,27,27,41,41,41,27,41,41,33,41,27,41,41,41,27,41,41,41,41,41,27,41,27,32,41,41,41,41,41,41,41,27,39,41,27,41,27,41,41,27,41,27,41,27,27,27,41,41,41,27,41,27,41,27,41,41,27,27,27,41,41,41,41,27,41,27,41,41,41,41,41,41,41,41,27,41,27,41,41,41,41,41,33,27,41,27,41,41,27,41,39,27,41,38,41,27,41,27,29,27,41,29,27,41,41,27,41,41,27,41,41,41,41,41,27,41,41,41,28,41,41,41,41,27,41,27,38,41,41,27,27,41,41,27,41,41,41,41,41,41,27,39,27,41,41,27,41,27,27,41,27,41,27,41,27,27,27,27,27,41,27,27,36,41,41,27,41,41,30,27,41,41,41,27,41,39,41,41,27,41,41,30,41,41,40,38,41,27,27,27,27,41,220,230,27,41,66,27,40,28,27,28,41,41,41,41,41,27,41,27,41,41,41,27,41,41,41,27,41,30,41,41,41,41,41,41,41,41,41,41,41,32,41,41,27,41,27,41,41,41,41,27,27,41,27,27,27,27,27,27,27,27,27,41,27,27,27,41,27,27,27,27,27,41,41,38,41,41,41,41,27,41,230,41,41,230,27,41,41,40,117,27,30,27,41,41,27,41,27,41,41,27,27,41,229,41,27,213,27,27,27,41,27,39,41,41,41,28,41,41,27,41,41,31,41,41,41,30,41,41,41,41,39,41,41,41,41,41,27,41,38,41,27,41,41,27,41,28,41,27,41,36,41,27,27,27,27,27,27,27,27,27,27,29,29,41,27,41,41,27,27,41,41,41,27,41,112,41,106,41,41,27,214,41,102,27,205,41,27,41,205,35,27,229,27,28,27,42,41,27,229,27,29,41,27,27,41,27,27,27,27,29,40,41,41,27,27,27,41,27,27,27,41,27,205,41,41,27,183,99,30,27,41,41,41,41,41,41,41,41,41,33,27,41,41,41,41,227,39,27,41,41,37,27,41,27,41,27,41,41,27,27,27,27,27,27,30,27,27,41,41,35,27,27,41,41,41,41,41,38,27,27,227,27,229,229,27,230,229,27,33,227,27,38,41,27,27,27,41,41,27,41,41,27,27,229,230,230,39,27,27,27,40,41,27,27,41,41,41,39,41,27,41,41,41,41,27,41,38,41,27,40,41,27,27,229,41,41,27,41,41,41,27,41,27,41,41,41,41,41,41,41,41,27,27,41,27,27,41,27,27,39,27,27,27,41,27,39,27,27,39,28,41,27,41,30,41,27,41,41,41,28,46,230,41,212,27,41,199,230,41,230,148,27,39,230,230,230,229,27,229,41,27,54,41,27,27,27,205,29,27,34,27,41,41,27,41,41,28,41,41,41,27,41,32,41,27,41,41,28,41,27,109,41,29,27,41,41,41,41,41,41,41,41,41,41,41,41,41,41,41,27,41,41,27,27,27,27,38,41,27,41,27,27,27,27,27,27,27,41,41,27,36,27,41,41,41,27,41,41,171,205,205,205,41,99,97,41,82,27,189,34,27,31,41,42,27,230,27,27,230,41,51,27,40,41,28,41,27,41,41,27,37,27,41,41,41,191,27,29,41,27,37,41,229,230,41,27,27,230,199,183,41,41,41,184,41,230,230,230,30,38,41,27,57,41,27,41,230,27,41,44,41,27,27,41,27,41,27,27,28,27,29,27,27,27,41,41,27,27,27,31,41,41,41,27,27,27,27,41,27,41,41,205,41,27,181,205,41,27,97,27,36,41,41,41,27,41,41,27,41,27,27,205,27,27,28,30,224,205,41,147,47,41,41,41,230,27,230,230,41,58,41,41,230,27,88,27,230,230,230,27,27,41,41,30,27,41,78,78,229,41,41,41,41,41,41,215,27,41,39,36,27,27,27,27,27,27,27,27,27,27,41,27,27,27,28,27,41,27,27,27,27,41,41,41,27,41,41,27,41,41,27,76,205,27,106,42,27,41,27,117,229,27,30,29,33,27,27,27,27,27,229,27,230,27,28,190,228,230,230,230,40,41,30,41,30,27,41,41,27,27,41,27,41,41,41,41,27,41,41,27,41,27,41,27,41,27,41,41,27,41,41,41,41,41,41,39,27,41,41,41,28,27,27,41,41,41,27,41,27,27,27,41,27,27,41,27,27,27,27,27,27,27,39,27,41,27,41,41,41,27,41,41,27,230,227,27,38,38,41,230
41,27,38,41,41,27,27,39,41,27,27,41,27,41,41,27,27,41,27,27,41,41,41,27,41,41,33,41,27,41,41,41,27,41,41,41,41,41,27,41,27,32,41,41,41,41,41,41,41,27,39,41,27,41,27,41,41,27,41,27,41,27,27,27,41,41,41,27,41,27,41,27,41,41,27,27,27,41,41,41,41,27,41,27,41,41,41,41,41,41,41,41,27,41,27,41,41,41,41,41,33,27,41,27,41,41,27,41,39,27,41,38,41,27,41,27,29,27,41,29,27,41,41,27,41,41,27,41,41,41,41,41,27,41,41,41,28,41,41,41,41,27,41,27,38,41,41,27,27,41,41,27,41,41,41,41,41,41,27,39,27,41,41,27,41,27,27,41,27,41,27,41,27,27,27,27,27,41,27,27,36,41,41,27,41,41,30,27,41,41,41,27,41,39,41,41,27,41,41,30,41,41,40,38,41,27,27,27,27,41,220,230,27,41,66,27,40,28,27,28,41,41,41,41,41,27,41,27,41,41,41,27,41,41,41,27,41,30,41,41,41,41,41,41,41,41,41,41,41,32,41,41,27,41,27,41,41,41,41,27,27,41,27,27,27,27,27,27,27,27,27,41,27,27,27,41,27,27,27,27,27,41,41,38,41,41,41,41,27,41,230,41,41,230,27,41,41,40,117,27,30,27,41,41,27,41,27,41,41,27,27,41,229,41,27,213,27,27,27,41,27,39,41,41,41,28,41,41,27,41,41,31,41,41,41,30,41,41,41,41,39,41,41,41,41,41,27,41,38,41,27,41,41,27,41,28,41,27,41,36,41,27,27,27,27,27,27,27,27,27,27,29,29,41,27,41,41,27,27,41,41,41,27,41,112,41,106,41,41,27,214,41,102,27,205,41,27,41,205,35,27,229,27,28,27,42,41,27,229,27,29,41,27,27,41,27,27,27,27,29,40,41,41,27,27,27,41,27,27,27,41,27,205,41,41,27,183,99,30,27,41,41,41,41,41,41,41,41,41,33,27,41,41,41,41,227,39,27,41,41,37,27,41,27,41,27,41,41,27,27,27,27,27,27,30,27,27,41,41,35,27,27,41,41,41,41,41,38,27,27,227,27,229,229,27,230,229,27,33,227,27,38,41,27,27,27,41,41,27,41,41,27,27,229,230,230,39,27,27,27,40,41,27,27,41,41,41,39,41,27,41,41,41,41,27,41,38,41,27,40,41,27,27,229,41,41,27,41,41,41,27,41,27,41,41,41,41,41,41,41,41,27,27,41,27,27,41,27,27,39,27,27,27,41,27,39,27,27,39,28,41,27,41,30,41,27,41,41,41,28,46,230,41,212,27,41,199,230,41,230,148,27,39,230,230,230,229,27,229,41,27,54,41,27,27,27,205,29,27,34,27,41,41,27,41,41,28,41,41,41,27,41,32,41,27,41,41,28,41,27,109,41,29,27,41,41,41,41,41,41,41,41,41,41,41,41,41,41,41,27,41,41,27,27,27,27,38,41,27,41,27,27,27,27,27,27,27,41,41,27,36,27,41,41,41,27,41,41,171,205,205,205,41,99,97,41,82,27,189,34,27,31,41,42,27,230,27,27,230,41,51,27,40,41,28,41,27,41,41,27,37,27,41,41,41,191,27,29,41,27,37,41,229,230,41,27,27,230,199,183,41,41,41,184,41,230,230,230,30,38,41,27,57,41,27,41,230,27,41,44,41,27,27,41,27,41,27,27,28,27,29,27,27,27,41,41,27,27,27,31,41,41,41,27,27,27,27,41,27,41,41,205,41,27,181,205,41,27,97,27,36,41,41,41,27,41,41,27,41,27,27,205,27,27,28,30,224,205,41,147,47,41,41,41,230,27,230,230,41,58,41,41,230,27,88,27,230,230,230,27,27,41,41,30,27,41,78,78,229,41,41,41,41,41,41,215,27,41,39,36,27,27,27,27,27,27,27,27,27,27,41,27,27,27,28,27,41,27,27,27,27,41,41,41,27,41,41,27,41,41,27,76,205,27,106,42,27,41,27,117,229,27,30,29,33,27,27,27,27,27,229,27,230,27,28,190,228,230,230,230,40,41,30,41,30,27,41,41,27,27,41,27,41,41,41,41,27,41,41,27,41,27,41,27,41,27,41,41,27,41,41,41,41,41,41,39,27,41,41,41,28,27,27,41,41,41,27,41,27,27,27,41,27,27,41,27,27,27,27,27,27,27,39,27,41,27,41,41,41,27,41,41,27,230,227,27,38,38,41,230
41,27,41,41,41,27,29,28,41,27,27,41,27,41,41,27,27,41,27,27,41,41,41,27,41,41,39,41,27,41,41,41,33,41,41,41,41,39,27,41,27,41,41,41,41,41,41,41,41,27,28,41,27,41,27,41,41,27,41,27,33,27,27,27,41,41,41,27,39,27,41,27,41,38,27,27,27,41,41,41,41,27,41,27,41,41,41,27,41,41,41,41,27,41,27,41,41,41,38,41,33,27,41,27,41,39,27,41,29,27,41,41,41,27,41,27,27,27,41,29,27,41,41,27,41,41,27,41,41,41,41,41,27,41,41,41,27,41,41,41,41,28,41,27,31,41,41,27,27,41,41,27,41,41,40,41,41,41,27,39,27,41,41,27,41,27,27,41,27,41,27,41,27,27,27,27,27,41,27,27,36,41,41,27,41,41,27,28,41,41,41,27,41,29,41,41,27,41,41,30,41,41,35,41,41,27,27,27,27,41,220,47,27,41,196,27,36,52,27,27,41,41,41,41,41,27,41,27,41,41,41,27,41,41,41,27,41,27,41,41,41,41,41,41,41,41,41,41,41,40,41,41,27,41,27,41,40,41,41,27,27,41,27,27,27,27,27,27,27,27,27,41,27,27,27,41,27,27,27,27,27,41,41,41,41,41,41,41,27,41,106,41,41,209,27,41,41,41,230,27,30,27,41,41,27,41,27,39,41,27,27,41,229,41,27,62,27,27,27,41,27,41,41,41,41,32,41,41,27,41,41,27,41,41,41,27,41,41,41,41,28,41,41,41,41,41,27,41,30,41,27,41,41,27,41,27,41,27,41,36,41,27,27,27,27,27,27,27,27,27,27,27,27,41,27,41,41,27,27,41,41,41,27,41,47,41,41,41,41,27,214,41,46,27,205,41,27,41,205,35,27,213,27,40,27,41,41,27,229,27,27,41,27,27,41,27,27,27,27,27,37,41,41,27,27,27,41,27,27,27,41,27,118,41,41,27,230,223,27,27,41,41,41,41,41,41,41,41,41,39,27,41,41,41,41,47,29,27,41,41,37,27,41,27,41,27,41,41,27,27,27,27,27,27,37,27,27,41,41,34,27,27,41,41,41,41,41,30,27,27,109,27,229,229,27,199,229,27,40,227,27,31,41,27,29,27,41,41,27,41,41,27,27,229,230,230,29,27,27,28,35,41,27,27,41,41,41,29,41,27,41,41,41,41,27,41,30,41,27,27,41,27,27,229,41,39,27,41,229,41,27,41,27,41,41,41,41,41,39,41,41,27,27,40,27,27,41,27,27,30,27,27,27,41,27,28,27,27,29,28,41,27,41,27,41,27,41,41,41,27,41,230,41,230,27,39,121,230,41,230,148,27,29,230,230,229,212,27,229,41,27,178,41,27,27,27,205,72,27,182,27,41,41,27,41,41,27,41,41,41,28,41,41,88,27,27,41,32,41,27,64,41,27,27,41,41,38,41,41,41,41,41,41,41,41,41,41,41,41,27,41,41,27,27,27,27,41,41,27,41,27,27,27,27,27,27,27,41,41,27,36,27,41,41,41,27,41,41,205,205,189,194,41,44,230,82,164,27,205,30,27,27,41,41,27,196,41,27,230,38,51,27,41,41,27,41,27,41,41,27,37,27,41,41,41,229,27,40,41,27,41,41,229,230,41,27,27,230,229,183,41,41,41,230,41,230,230,230,27,41,230,27,41,37,97,41,230,27,39,41,41,27,27,38,27,41,27,27,39,27,27,27,27,27,41,41,27,27,27,31,41,41,41,27,27,27,27,41,27,41,41,205,41,27,109,180,38,27,41,27,38,41,41,41,27,41,41,27,41,27,27,210,27,27,71,27,230,205,41,147,224,60,41,41,230,27,230,230,41,58,27,41,230,27,41,27,230,230,230,27,27,41,41,27,27,38,192,191,229,41,41,41,64,229,41,112,27,41,30,36,27,27,27,27,27,27,27,27,27,27,41,27,27,27,27,27,41,27,27,27,27,41,61,80,27,41,41,27,41,41,27,170,205,27,50,41,27,41,27,117,229,27,37,79,230,28,27,27,27,43,229,28,230,27,52,67,229,230,230,179,40,41,27,41,27,27,41,41,27,27,41,27,41,41,41,41,27,41,41,27,41,27,41,27,41,27,41,41,27,41,41,41,41,41,41,29,28,41,41,41,28,27,27,41,41,41,27,41,27,27,27,41,27,27,41,27,27,27,27,27,27,27,28,27,41,27,41,41,41,27,27,41,27,230,207,34,30,29,41,230
41,27,41,41,41,27,39,27,41,27,27,41,27,41,41,27,27,41,27,27,41,41,41,27,41,41,41,41,27,41,41,41,39,41,41,41,41,29,27,41,27,41,41,41,41,41,41,41,41,27,27,41,27,41,27,41,41,27,41,27,33,27,27,27,41,41,41,27,29,27,41,27,27,30,27,27,27,41,41,41,41,28,41,27,41,41,41,27,41,39,37,41,27,41,27,41,41,41,30,41,33,29,41,27,27,29,27,41,27,27,41,41,41,27,41,27,27,27,41,29,27,41,41,27,41,41,27,41,41,41,41,41,27,41,41,41,27,41,41,41,41,33,41,27,27,41,41,27,27,41,41,27,41,41,28,41,41,41,27,39,27,41,41,27,41,27,27,41,27,41,27,41,27,27,27,27,27,27,27,27,36,41,41,27,41,41,27,33,41,41,41,27,41,27,41,41,27,41,41,30,41,39,29,41,41,41,27,27,27,41,47,41,27,41,230,27,28,211,27,27,40,41,41,41,41,27,41,27,41,41,41,27,41,41,41,27,41,27,41,41,41,41,41,41,41,41,41,41,41,41,41,41,27,41,27,41,28,41,41,27,27,41,27,27,27,27,27,27,27,27,27,41,27,27,27,41,27,27,27,27,27,41,41,41,38,41,41,41,28,41,41,41,41,116,27,41,41,41,230,27,30,27,41,36,27,41,27,28,41,27,27,40,229,37,27,41,28,27,27,41,27,41,41,41,41,39,41,41,27,41,41,27,41,41,41,27,41,41,41,41,27,41,41,41,41,41,27,41,27,41,27,41,41,27,41,27,41,27,41,36,41,27,27,27,27,27,27,27,27,27,27,27,27,38,27,41,41,27,27,41,204,41,27,41,41,41,41,41,41,27,214,41,41,27,205,41,27,41,205,35,27,140,27,41,27,41,41,27,184,27,27,41,27,27,40,28,27,27,27,27,31,41,41,27,27,27,41,27,27,27,41,27,54,41,41,27,230,229,27,31,41,41,41,41,41,41,41,41,41,41,27,41,39,39,41,41,27,27,41,41,37,27,41,27,41,27,41,41,27,27,27,27,27,27,41,27,27,41,41,34,27,27,41,41,41,41,41,27,27,27,104,27,229,229,27,121,229,27,41,227,27,27,41,41,40,27,41,41,27,41,41,27,27,213,229,229,27,27,27,64,34,41,27,27,41,41,41,27,41,27,41,41,41,41,27,41,27,41,27,27,41,27,27,229,41,30,27,41,229,41,27,41,27,41,41,41,41,41,28,41,41,27,27,28,27,27,41,27,27,27,27,27,27,41,27,27,27,27,27,28,41,27,41,27,41,27,41,27,41,27,41,230,41,230,27,28,57,230,38,106,148,27,27,230,230,229,144,27,229,41,27,205,41,27,27,27,205,164,27,182,27,41,41,27,41,41,27,41,41,41,33,41,41,182,27,27,41,40,41,27,41,41,27,27,41,41,31,41,41,41,38,41,41,41,41,41,41,41,41,27,41,41,27,27,27,27,41,41,27,41,27,27,27,27,27,27,27,41,41,27,36,27,41,41,27,27,41,39,205,205,104,102,41,41,230,164,205,27,205,30,28,27,41,41,27,80,41,27,230,30,51,27,41,41,27,41,27,41,41,27,37,27,41,41,106,229,27,41,40,27,41,41,229,230,41,27,27,200,229,189,41,41,41,230,230,106,230,230,27,41,230,27,41,30,230,41,209,27,28,41,41,27,27,30,27,41,27,27,41,27,27,27,27,27,41,41,27,27,27,31,41,41,41,27,27,27,27,41,27,41,41,180,41,27,54,110,30,27,41,27,38,41,41,41,27,41,41,27,41,27,27,224,27,27,165,27,230,205,41,147,230,212,41,41,230,27,230,208,41,58,27,41,230,27,41,27,230,230,230,27,27,41,41,27,27,30,229,229,229,38,41,41,206,229,41,49,27,39,27,36,27,27,27,27,27,27,27,27,27,27,41,27,27,27,27,27,27,27,27,27,28,41,210,191,27,41,38,27,88,41,27,205,205,27,41,41,27,41,27,117,27,27,41,183,230,57,27,27,27,220,229,73,210,28,211,27,229,230,230,78,40,41,27,41,27,27,41,41,27,27,41,27,41,27,41,41,27,41,41,27,41,27,41,27,41,27,41,41,28,41,41,41,41,41,41,27,32,41,39,41,28,27,27,31,41,41,27,39,27,27,27,40,27,27,41,27,27,27,27,27,27,27,27,27,41,27,41,41,41,27,27,41,27,224,205,104,27,27,41,230
41,27,41,41,41,27,39,27,41,27,27,41,27,41,41,27,27,41,27,27,41,41,41,27,41,41,41,41,27,41,41,41,39,41,41,41,41,29,27,41,27,41,41,41,41,41,41,41,41,27,27,41,27,41,27,41,41,27,41,27,33,27,27,27,41,41,41,27,29,27,41,27,27,30,27,27,27,41,41,41,41,28,41,27,41,41,41,27,41,39,37,41,27,41,27,41,41,41,30,41,33,29,41,27,27,29,27,41,27,27,41,41,41,27,41,27,27,27,41,29,27,41,41,27,41,41,27,41,41,41,41,41,27,41,41,41,27,41,41,41,41,33,41,27,27,41,41,27,27,41,41,27,41,41,28,41,41,41,27,39,27,41,41,27,41,27,27,41,27,41,27,41,27,27,27,27,27,27,27,27,36,41,41,27,41,41,27,33,41,41,41,27,41,27,41,41,27,41,41,30,41,39,29,41,41,41,27,27,27,41,47,41,27,41,230,27,28,211,27,27,40,41,41,41,41,27,41,27,41,41,41,27,41,41,41,27,41,27,41,41,41,41,41,41,41,41,41,41,41,41,41,41,27,41,27,41,28,41,41,27,27,41,27,27,27,27,27,27,27,27,27,41,27,27,27,41,27,27,27,27,27,41,41,41,38,41,41,41,28,41,41,41,41,116,27,41,41,41,230,27,30,27,41,36,27,41,27,28,41,27,27,40,229,37,27,41,28,27,27,41,27,41,41,41,41,39,41,41,27,41,41,27,41,41,41,27,41,41,41,41,27,41,41,41,41,41,27,41,27,41,27,41,41,27,41,27,41,27,41,36,41,27,27,27,27,27,27,27,27,27,27,27,27,38,27,41,41,27,27,41,204,41,27,41,41,41,41,41,41,27,214,41,41,27,205,41,27,41,205,35,27,140,27,41,27,41,41,27,184,27,27,41,27,27,40,28,27,27,27,27,31,41,41,27,27,27,41,27,27,27,41,27,54,41,41,27,230,229,27,31,41,41,41,41,41,41,41,41,41,41,27,41,39,39,41,41,27,27,41,41,37,27,41,27,41,27,41,41,27,27,27,27,27,27,41,27,27,41,41,34,27,27,41,41,41,41,41,27,27,27,104,27,229,229,27,121,229,27,41,227,27,27,41,41,40,27,41,41,27,41,41,27,27,213,229,229,27,27,27,64,34,41,27,27,41,41,41,27,41,27,41,41,41,41,27,41,27,41,27,27,41,27,27,229,41,30,27,41,229,41,27,41,27,41,41,41,41,41,28,41,41,27,27,28,27,27,41,27,27,27,27,27,27,41,27,27,27,27,27,28,41,27,41,27,41,27,41,27,41,27,41,230,41,230,27,28,57,230,38,106,148,27,27,230,230,229,144,27,229,41,27,205,41,27,27,27,205,164,27,182,27,41,41,27,41,41,27,41,41,41,33,41,41,182,27,27,41,40,41,27,41,41,27,27,41,41,31,41,41,41,38,41,41,41,41,41,41,41,41,27,41,41,27,27,27,27,41,41,27,41,27,27,27,27,27,27,27,41,41,27,36,27,41,41,27,27,41,39,205,205,104,102,41,41,230,164,205,27,205,30,28,27,41,41,27,80,41,27,230,30,51,27,41,41,27,41,27,41,41,27,37,27,41,41,106,229,27,41,40,27,41,41,229,230,41,27,27,200,229,189,41,41,41,230,230,106,230,230,27,41,230,27,41,30,230,41,209,27,28,41,41,27,27,30,27,41,27,27,41,27,27,27,27,27,41,41,27,27,27,31,41,41,41,27,27,27,27,41,27,41,41,180,41,27,54,110,30,27,41,27,38,41,41,41,27,41,41,27,41,27,27,224,27,27,165,27,230,205,41,147,230,212,41,41,230,27,230,208,41,58,27,41,230,27,41,27,230,230,230,27,27,41,41,27,27,30,229,229,229,38,41,41,206,229,41,49,27,39,27,36,27,27,27,27,27,27,27,27,27,27,41,27,27,27,27,27,27,27,27,27,28,41,210,191,27,41,38,27,88,41,27,205,205,27,41,41,27,41,27,117,27,27,41,183,230,57,27,27,27,220,229,73,210,28,211,27,229,230,230,78,40,41,27,41,27,27,41,41,27,27,41,27,41,27,41,41,27,41,41,27,41,27,41,27,41,27,41,41,28,41,41,41,41,41,41,27,32,41,39,41,28,27,27,31,41,41,27,39,27,27,27,40,27,27,41,27,27,27,27,27,27,27,27,27,41,27,41,41,41,27,27,41,27,224,205,104,27,27,41,230
41,27,41,41,41,27,41,27,41,27,27,38,27,36,41,27,27,41,27,27,41,41,41,27,41,41,41,41,27,41,27,41,41,41,41,41,41,27,27,41,27,41,27,41,41,41,41,41,41,27,27,41,27,41,27,41,41,27,41,27,33,27,27,27,27,41,41,27,27,27,39,27,27,27,27,27,27,41,41,39,41,33,41,27,41,41,41,27,41,29,30,37,27,41,27,41,41,41,27,41,33,39,41,27,27,27,27,41,27,29,41,41,41,27,41,27,27,27,41,29,27,41,41,27,39,41,27,41,41,41,41,41,27,41,41,41,27,41,41,41,41,39,41,27,27,41,41,27,27,41,41,27,41,41,27,41,41,41,27,37,27,41,41,27,41,27,27,41,27,41,27,41,27,27,27,27,27,27,27,27,36,41,41,27,41,41,27,39,41,41,41,27,41,27,41,41,27,41,41,30,41,29,27,41,27,41,27,27,27,40,41,41,27,41,230,27,27,230,27,27,37,41,41,41,41,27,41,27,41,41,41,27,41,41,41,27,41,27,41,41,41,41,41,41,41,41,41,41,41,41,41,27,27,41,27,41,27,41,41,27,27,41,27,27,27,27,27,27,27,27,27,41,27,27,27,41,27,27,27,27,27,41,41,41,30,41,41,41,32,41,41,41,41,52,27,41,41,41,230,27,30,27,38,27,27,41,27,27,41,27,27,36,211,30,27,41,50,27,27,41,27,41,41,41,41,41,41,41,27,41,41,27,41,41,41,27,41,41,41,41,27,41,41,41,41,41,27,41,27,41,27,41,41,27,41,27,41,27,41,36,41,27,27,27,27,27,27,27,27,27,27,27,27,30,27,41,41,27,27,27,204,41,27,41,41,58,41,41,41,27,214,41,41,27,97,41,27,41,205,35,29,43,27,41,27,41,40,27,90,27,27,41,27,27,28,40,27,27,27,27,28,41,41,27,27,27,41,28,28,27,38,27,41,41,41,27,230,229,27,72,41,41,41,41,41,41,41,41,41,41,27,41,28,28,41,41,27,27,79,41,37,27,41,27,41,27,41,38,27,27,27,27,27,27,41,27,27,41,39,34,27,27,41,41,41,41,41,27,27,27,43,27,229,230,27,57,229,27,41,227,27,27,41,41,41,27,41,41,27,41,41,27,27,145,229,229,27,27,27,197,34,41,27,27,41,41,41,27,41,27,41,41,41,41,27,41,27,41,27,27,41,27,27,229,41,27,27,41,229,41,27,39,27,41,41,41,41,41,27,41,41,27,27,27,27,27,41,27,27,27,27,27,27,41,27,27,27,27,27,28,41,27,41,27,41,27,41,27,41,27,41,230,41,230,27,27,41,230,30,41,148,28,27,230,230,229,60,27,229,41,29,205,27,27,27,27,205,205,27,182,27,41,41,27,41,41,27,41,41,41,40,229,41,229,27,27,41,41,41,27,41,40,27,27,41,41,27,41,41,41,30,41,41,41,41,41,41,41,41,27,41,41,27,27,27,27,41,37,27,41,27,27,27,27,27,27,27,41,38,27,36,27,41,41,27,32,41,28,205,205,49,46,41,41,230,205,205,27,205,30,51,27,40,41,27,42,41,33,230,27,51,27,41,41,27,40,27,41,41,27,37,27,41,41,229,229,27,41,28,27,41,41,229,208,52,38,27,121,229,224,41,41,41,230,230,41,230,230,27,41,230,27,41,27,230,41,116,27,27,41,41,27,27,27,27,41,27,27,41,27,27,27,27,27,41,41,27,27,27,31,41,41,38,27,27,27,27,41,27,39,41,109,205,27,41,54,27,27,41,27,38,41,41,41,30,41,41,29,41,27,27,230,27,27,205,27,230,205,41,163,230,230,41,41,230,27,230,116,41,58,27,41,230,27,41,27,230,230,230,27,27,41,37,27,27,27,229,229,229,30,41,41,229,229,41,41,27,30,27,27,27,27,27,27,27,27,27,27,27,27,41,27,27,27,27,27,27,27,27,27,32,41,230,230,27,41,29,27,183,41,27,205,205,27,41,41,27,45,27,117,27,29,41,230,230,205,27,27,27,230,230,188,47,52,230,27,229,230,230,27,40,41,27,41,27,27,41,41,27,27,41,27,41,27,41,41,27,41,41,27,41,27,41,27,41,27,39,41,27,41,41,41,41,41,41,27,39,41,28,41,28,27,27,27,41,41,27,29,27,27,27,28,27,27,41,27,27,27,27,27,27,27,27,27,41,27,41,41,41,27,27,41,27,211,205,217,27,27,38,230
41,27,41,41,41,29,41,27,41,27,27,30,41,27,41,27,28,41,27,27,34,41,41,27,41,41,41,41,27,41,27,41,41,41,27,41,41,27,28,41,27,41,27,41,41,41,41,41,41,27,27,41,27,41,27,41,41,27,41,27,33,27,27,27,27,38,39,27,27,27,29,27,27,27,27,27,27,41,39,30,41,39,41,27,41,41,41,27,41,27,27,30,28,41,27,41,41,41,27,41,33,41,41,27,27,27,27,41,27,39,41,41,41,31,41,27,27,27,41,29,28,41,41,27,28,41,27,41,41,41,41,41,27,41,41,41,27,41,41,41,41,41,41,27,27,41,41,27,27,41,41,27,41,41,27,41,41,41,27,28,27,41,41,27,40,27,27,38,27,41,27,41,27,27,27,27,27,27,27,27,35,41,41,27,41,41,27,41,41,27,41,27,41,27,41,41,27,41,41,30,41,27,27,41,27,41,27,29,27,29,41,41,46,41,230,27,27,230,27,27,37,41,41,41,41,27,41,27,41,41,41,27,41,41,41,27,41,27,41,41,41,41,41,41,41,41,41,41,41,41,41,27,27,41,32,41,27,41,41,27,27,41,27,27,27,27,27,27,27,27,27,37,27,27,27,41,27,27,27,27,27,41,41,41,27,41,41,41,40,41,41,41,41,41,27,41,41,41,230,27,31,27,29,27,27,41,27,27,41,27,30,28,64,27,28,41,212,27,27,41,27,41,41,41,39,41,41,41,27,41,41,27,41,41,41,27,41,41,41,41,27,39,41,41,41,41,27,41,27,41,27,41,41,27,41,27,41,27,41,36,41,27,27,27,27,27,27,27,27,27,27,27,27,27,27,41,40,27,27,27,204,41,27,38,41,213,41,41,41,27,214,41,41,27,41,205,27,41,182,35,80,41,27,41,27,40,36,33,42,27,27,41,27,27,27,41,27,27,27,27,28,41,41,27,27,27,41,32,32,27,30,27,41,41,41,27,230,229,27,138,41,38,41,41,41,41,41,41,41,41,27,41,27,27,41,41,27,27,192,41,31,27,37,27,41,27,41,31,27,27,27,27,27,27,41,27,27,38,28,34,27,27,40,41,41,41,41,27,27,27,41,27,230,230,27,41,229,27,41,227,27,27,41,41,41,27,37,41,27,41,41,28,27,58,229,229,27,27,27,230,34,38,27,27,41,41,41,27,41,27,41,38,41,41,27,41,27,41,27,27,41,27,27,217,41,27,27,41,229,41,27,30,27,41,41,41,27,41,27,41,41,27,27,27,27,27,41,27,27,27,27,27,27,41,27,27,27,27,27,28,41,27,41,27,41,27,38,27,41,27,39,200,86,230,27,27,41,230,27,41,142,62,27,230,230,229,27,27,215,37,74,205,27,28,27,27,205,205,27,182,27,41,41,27,41,41,27,41,41,41,41,229,41,229,27,27,41,41,39,27,41,29,27,27,41,41,27,41,41,41,27,41,41,41,41,41,41,41,41,27,41,41,27,27,27,27,41,30,27,41,27,27,27,27,27,27,27,39,30,27,36,27,41,39,27,41,27,27,183,194,41,41,41,41,230,205,205,27,205,30,211,27,35,40,27,41,41,230,187,27,51,27,41,40,27,28,27,41,27,27,37,27,41,41,229,229,28,41,27,27,41,39,230,116,115,106,38,57,229,230,65,41,87,230,230,41,227,218,27,41,230,27,41,27,230,40,52,27,27,41,41,27,27,27,27,41,27,27,41,27,27,27,27,27,41,41,27,27,27,31,41,41,29,27,27,27,27,41,27,28,57,54,205,27,41,41,27,27,41,27,38,41,41,41,38,41,41,40,41,27,27,230,27,27,205,27,230,229,41,164,230,230,40,41,230,27,212,52,39,58,27,27,230,27,41,27,230,203,230,27,27,41,30,27,27,27,229,229,204,27,41,41,229,229,39,41,27,27,27,27,27,27,27,27,27,27,27,27,27,27,41,27,27,27,27,27,27,27,27,27,37,41,230,230,27,41,27,27,230,41,27,205,97,19,41,41,27,200,27,117,27,79,41,230,230,230,27,27,27,230,230,230,27,211,230,27,229,230,230,27,40,41,27,41,27,27,41,41,28,27,41,27,41,27,41,41,27,41,41,27,41,27,41,27,41,32,29,41,27,41,41,41,41,38,41,27,41,41,27,41,28,27,27,27,38,41,27,27,27,27,27,27,27,27,41,27,27,27,27,27,27,27,27,27,41,27,41,41,38,28,27,27,27,205,205,230,27,27,29,230
41,27,41,41,41,29,41,27,41,27,27,30,41,27,41,27,28,41,27,27,34,41,41,27,41,41,41,41,27,41,27,41,41,41,27,41,41,27,28,41,27,41,27,41,41,41,41,41,41,27,27,41,27,41,27,41,41,27,41,27,33,27,27,27,27,38,39,27,27,27,29,27,27,27,27,27,27,41,39,30,41,39,41,27,41,41,41,27,41,27,27,30,28,41,27,41,41,41,27,41,33,41,41,27,27,27,27,41,27,39,41,41,41,31,41,27,27,27,41,29,28,41,41,27,28,41,27,41,41,41,41,41,27,41,41,41,27,41,41,41,41,41,41,27,27,41,41,27,27,41,41,27,41,41,27,41,41,41,27,28,27,41,41,27,40,27,27,38,27,41,27,41,27,27,27,27,27,27,27,27,35,41,41,27,41,41,27,41,41,27,41,27,41,27,41,41,27,41,41,30,41,27,27,41,27,41,27,29,27,29,41,41,46,41,230,27,27,230,27,27,37,41,41,41,41,27,41,27,41,41,41,27,41,41,41,27,41,27,41,41,41,41,41,41,41,41,41,41,41,41,41,27,27,41,32,41,27,41,41,27,27,41,27,27,27,27,27,27,27,27,27,37,27,27,27,41,27,27,27,27,27,41,41,41,27,41,41,41,40,41,41,41,41,41,27,41,41,41,230,27,31,27,29,27,27,41,27,27,41,27,30,28,64,27,28,41,212,27,27,41,27,41,41,41,39,41,41,41,27,41,41,27,41,41,41,27,41,41,41,41,27,39,41,41,41,41,27,41,27,41,27,41,41,27,41,27,41,27,41,36,41,27,27,27,27,27,27,27,27,27,27,27,27,27,27,41,40,27,27,27,204,41,27,38,41,213,41,41,41,27,214,41,41,27,41,205,27,41,182,35,80,41,27,41,27,40,36,33,42,27,27,41,27,27,27,41,27,27,27,27,28,41,41,27,27,27,41,32,32,27,30,27,41,41,41,27,230,229,27,138,41,38,41,41,41,41,41,41,41,41,27,41,27,27,41,41,27,27,192,41,31,27,37,27,41,27,41,31,27,27,27,27,27,27,41,27,27,38,28,34,27,27,40,41,41,41,41,27,27,27,41,27,230,230,27,41,229,27,41,227,27,27,41,41,41,27,37,41,27,41,41,28,27,58,229,229,27,27,27,230,34,38,27,27,41,41,41,27,41,27,41,38,41,41,27,41,27,41,27,27,41,27,27,217,41,27,27,41,229,41,27,30,27,41,41,41,27,41,27,41,41,27,27,27,27,27,41,27,27,27,27,27,27,41,27,27,27,27,27,28,41,27,41,27,41,27,38,27,41,27,39,200,86,230,27,27,41,230,27,41,142,62,27,230,230,229,27,27,215,37,74,205,27,28,27,27,205,205,27,182,27,41,41,27,41,41,27,41,41,41,41,229,41,229,27,27,41,41,39,27,41,29,27,27,41,41,27,41,41,41,27,41,41,41,41,41,41,41,41,27,41,41,27,27,27,27,41,30,27,41,27,27,27,27,27,27,27,39,30,27,36,27,41,39,27,41,27,27,183,194,41,41,41,41,230,205,205,27,205,30,211,27,35,40,27,41,41,230,187,27,51,27,41,40,27,28,27,41,27,27,37,27,41,41,229,229,28,41,27,27,41,39,230,116,115,106,38,57,229,230,65,41,87,230,230,41,227,218,27,41,230,27,41,27,230,40,52,27,27,41,41,27,27,27,27,41,27,27,41,27,27,27,27,27,41,41,27,27,27,31,41,41,29,27,27,27,27,41,27,28,57,54,205,27,41,41,27,27,41,27,38,41,41,41,38,41,41,40,41,27,27,230,27,27,205,27,230,229,41,164,230,230,40,41,230,27,212,52,39,58,27,27,230,27,41,27,230,203,230,27,27,41,30,27,27,27,229,229,204,27,41,41,229,229,39,41,27,27,27,27,27,27,27,27,27,27,27,27,27,27,41,27,27,27,27,27,27,27,27,27,37,41,230,230,27,41,27,27,230,41,27,205,97,19,41,41,27,200,27,117,27,79,41,230,230,230,27,27,27,230,230,230,27,211,230,27,229,230,230,27,40,41,27,41,27,27,41,41,28,27,41,27,41,27,41,41,27,41,41,27,41,27,41,27,41,32,29,41,27,41,41,41,41,38,41,27,41,41,27,41,28,27,27,27,38,41,27,27,27,27,27,27,27,27,41,27,27,27,27,27,27,27,27,27,41,27,41,41,38,28,27,27,27,205,205,230,27,27,29,230
38,27,41,41,41,40,41,27,39,27,27,27,41,27,41,27,40,41,27,27,34,41,41,27,41,41,41,41,27,41,27,38,41,41,27,41,41,27,33,41,27,41,27,41,38,27,37,41,41,27,27,41,27,41,27,41,41,27,41,27,33,27,27,27,27,30,28,27,27,27,27,27,27,27,27,27,27,39,28,28,41,41,41,27,41,41,41,27,41,27,27,27,33,41,27,41,41,41,27,41,35,41,41,27,27,27,27,41,27,41,41,41,41,38,41,27,27,27,41,30,33,41,41,27,27,41,27,41,41,41,41,41,27,41,41,41,27,41,41,41,41,41,41,27,27,41,41,27,27,41,41,27,41,41,27,41,41,41,27,27,27,38,41,27,28,27,27,30,27,41,27,37,27,27,27,27,27,27,27,27,29,41,41,27,41,41,27,41,41,27,41,27,41,27,41,41,27,41,41,30,41,27,27,41,27,41,30,40,27,27,41,41,216,41,230,28,27,230,27,27,37,41,41,38,41,27,41,27,41,39,41,27,41,41,41,27,41,27,41,41,41,41,41,41,41,41,41,41,41,41,39,27,27,41,41,41,27,41,41,27,28,41,27,27,27,27,27,27,27,27,27,30,27,27,27,41,27,27,27,27,27,41,41,41,27,41,41,39,41,41,41,41,41,41,27,41,41,41,230,27,36,27,27,27,28,41,27,27,41,27,146,27,42,27,79,41,229,27,27,41,27,41,41,41,28,41,41,41,27,41,41,27,41,41,41,27,41,41,41,41,27,28,41,41,41,41,27,41,27,41,27,41,41,27,39,27,41,27,41,36,38,27,27,27,27,27,27,27,27,27,27,27,27,27,27,41,28,27,27,27,204,74,27,29,41,230,41,41,49,27,100,41,39,27,41,205,27,41,108,37,181,41,27,41,27,36,28,229,41,28,27,41,27,29,27,41,27,27,27,27,28,41,41,27,27,32,41,40,40,32,27,27,41,41,27,27,199,229,27,146,41,30,41,41,41,41,41,41,41,41,27,41,27,27,41,41,27,27,230,41,28,27,30,27,27,27,27,27,27,27,27,27,27,27,41,27,27,30,27,34,27,27,28,41,41,41,41,27,32,27,41,27,230,230,27,41,229,27,41,227,29,27,41,41,41,27,31,41,27,41,28,80,27,27,229,229,27,27,27,230,34,30,27,27,41,41,37,27,41,27,41,30,41,41,27,41,27,41,27,27,41,27,27,112,83,27,27,74,229,41,27,27,27,41,41,41,27,41,27,41,41,27,27,27,27,27,41,27,27,27,27,27,27,41,27,27,27,27,27,28,41,27,41,27,41,27,30,27,41,27,28,120,185,218,27,27,41,206,27,41,102,200,27,229,230,229,27,27,147,30,162,205,27,71,28,33,205,205,29,182,27,41,41,27,41,41,27,41,41,41,41,229,41,229,27,27,41,41,28,27,41,27,27,27,41,41,27,41,33,41,27,41,41,41,41,41,41,41,41,27,38,41,27,27,27,27,41,27,27,41,27,27,27,27,27,27,27,28,27,27,27,27,41,29,27,41,27,27,108,102,41,41,41,40,230,205,205,27,194,35,230,27,29,35,46,41,41,230,88,27,41,27,41,29,27,27,27,41,27,27,31,27,41,41,229,191,33,41,27,63,57,28,230,52,208,207,106,41,229,230,206,41,184,200,230,41,107,112,27,41,230,44,41,27,230,28,41,27,27,40,41,27,27,27,27,41,27,27,41,27,27,27,27,27,41,41,27,27,27,31,41,41,27,28,27,27,27,41,27,27,189,41,205,27,41,41,27,27,41,27,38,41,36,41,41,41,41,41,41,27,27,230,33,27,205,27,230,230,41,164,230,230,28,41,230,27,115,41,30,89,27,27,230,27,37,32,230,119,230,27,27,41,27,27,27,27,229,229,117,27,27,41,229,229,29,41,28,27,27,27,27,27,27,27,27,27,27,27,27,27,41,27,27,27,27,27,27,27,27,27,39,41,230,230,27,41,27,27,230,88,27,205,41,4,39,41,27,205,27,133,27,183,41,230,230,230,27,27,27,230,230,230,27,230,230,27,230,203,230,27,40,41,27,41,27,27,41,41,33,27,41,27,41,27,41,38,27,41,41,27,41,27,38,27,41,41,27,41,28,41,38,41,41,30,41,27,41,41,27,41,27,27,27,27,29,41,27,27,27,27,27,27,27,27,41,27,27,27,27,27,27,27,27,27,41,27,41,41,30,48,27,27,27,205,205,230,27,27,27,230
38,27,41,41,41,40,41,27,39,27,27,27,41,27,41,27,40,41,27,27,34,41,41,27,41,41,41,41,27,41,27,38,41,41,27,41,41,27,33,41,27,41,27,41,38,27,37,41,41,27,27,41,27,41,27,41,41,27,41,27,33,27,27,27,27,30,28,27,27,27,27,27,27,27,27,27,27,39,28,28,41,41,41,27,41,41,41,27,41,27,27,27,33,41,27,41,41,41,27,41,35,41,41,27,27,27,27,41,27,41,41,41,41,38,41,27,27,27,41,30,33,41,41,27,27,41,27,41,41,41,41,41,27,41,41,41,27,41,41,41,41,41,41,27,27,41,41,27,27,41,41,27,41,41,27,41,41,41,27,27,27,38,41,27,28,27,27,30,27,41,27,37,27,27,27,27,27,27,27,27,29,41,41,27,41,41,27,41,41,27,41,27,41,27,41,41,27,41,41,30,41,27,27,41,27,41,30,40,27,27,41,41,216,41,230,28,27,230,27,27,37,41,41,38,41,27,41,27,41,39,41,27,41,41,41,27,41,27,41,41,41,41,41,41,41,41,41,41,41,41,39,27,27,41,41,41,27,41,41,27,28,41,27,27,27,27,27,27,27,27,27,30,27,27,27,41,27,27,27,27,27,41,41,41,27,41,41,39,41,41,41,41,41,41,27,41,41,41,230,27,36,27,27,27,28,41,27,27,41,27,146,27,42,27,79,41,229,27,27,41,27,41,41,41,28,41,41,41,27,41,41,27,41,41,41,27,41,41,41,41,27,28,41,41,41,41,27,41,27,41,27,41,41,27,39,27,41,27,41,36,38,27,27,27,27,27,27,27,27,27,27,27,27,27,27,41,28,27,27,27,204,74,27,29,41,230,41,41,49,27,100,41,39,27,41,205,27,41,108,37,181,41,27,41,27,36,28,229,41,28,27,41,27,29,27,41,27,27,27,27,28,41,41,27,27,32,41,40,40,32,27,27,41,41,27,27,199,229,27,146,41,30,41,41,41,41,41,41,41,41,27,41,27,27,41,41,27,27,230,41,28,27,30,27,27,27,27,27,27,27,27,27,27,27,41,27,27,30,27,34,27,27,28,41,41,41,41,27,32,27,41,27,230,230,27,41,229,27,41,227,29,27,41,41,41,27,31,41,27,41,28,80,27,27,229,229,27,27,27,230,34,30,27,27,41,41,37,27,41,27,41,30,41,41,27,41,27,41,27,27,41,27,27,112,83,27,27,74,229,41,27,27,27,41,41,41,27,41,27,41,41,27,27,27,27,27,41,27,27,27,27,27,27,41,27,27,27,27,27,28,41,27,41,27,41,27,30,27,41,27,28,120,185,218,27,27,41,206,27,41,102,200,27,229,230,229,27,27,147,30,162,205,27,71,28,33,205,205,29,182,27,41,41,27,41,41,27,41,41,41,41,229,41,229,27,27,41,41,28,27,41,27,27,27,41,41,27,41,33,41,27,41,41,41,41,41,41,41,41,27,38,41,27,27,27,27,41,27,27,41,27,27,27,27,27,27,27,28,27,27,27,27,41,29,27,41,27,27,108,102,41,41,41,40,230,205,205,27,194,35,230,27,29,35,46,41,41,230,88,27,41,27,41,29,27,27,27,41,27,27,31,27,41,41,229,191,33,41,27,63,57,28,230,52,208,207,106,41,229,230,206,41,184,200,230,41,107,112,27,41,230,44,41,27,230,28,41,27,27,40,41,27,27,27,27,41,27,27,41,27,27,27,27,27,41,41,27,27,27,31,41,41,27,28,27,27,27,41,27,27,189,41,205,27,41,41,27,27,41,27,38,41,36,41,41,41,41,41,41,27,27,230,33,27,205,27,230,230,41,164,230,230,28,41,230,27,115,41,30,89,27,27,230,27,37,32,230,119,230,27,27,41,27,27,27,27,229,229,117,27,27,41,229,229,29,41,28,27,27,27,27,27,27,27,27,27,27,27,27,27,41,27,27,27,27,27,27,27,27,27,39,41,230,230,27,41,27,27,230,88,27,205,41,4,39,41,27,205,27,133,27,183,41,230,230,230,27,27,27,230,230,230,27,230,230,27,230,203,230,27,40,41,27,41,27,27,41,41,33,27,41,27,41,27,41,38,27,41,41,27,41,27,38,27,41,41,27,41,28,41,38,41,41,30,41,27,41,41,27,41,27,27,27,27,29,41,27,27,27,27,27,27,27,27,41,27,27,27,27,27,27,27,27,27,41,27,41,41,30,48,27,27,27,205,205,230,27,27,27,230
30,30,41,40,39,41,41,27,28,29,27,27,41,27,41,27,41,41,27,41,34,41,38,27,41,41,41,41,32,41,27,30,41,41,27,41,41,27,39,41,32,41,27,41,30,27,30,41,41,27,27,41,27,41,27,41,41,27,41,27,33,27,27,27,27,27,27,27,27,27,27,27,27,27,27,27,27,28,27,28,41,41,41,27,41,41,41,27,41,27,27,27,40,41,27,39,41,41,27,41,35,41,41,27,27,27,27,41,27,41,41,41,41,41,27,27,27,27,41,38,39,41,41,28,27,41,27,41,41,41,41,41,27,41,41,41,27,41,41,41,41,41,41,27,27,41,41,27,27,41,38,27,27,41,27,41,41,41,27,27,27,30,41,27,27,27,27,27,27,41,27,30,27,27,27,27,27,27,27,27,27,41,41,27,41,41,27,41,41,27,41,27,41,27,41,41,27,41,41,30,39,27,27,41,27,41,38,41,27,27,41,41,230,40,230,57,27,230,27,27,37,41,41,29,41,27,41,28,41,28,41,27,38,41,41,27,41,27,41,41,41,41,41,41,41,41,41,41,27,41,29,27,27,41,41,41,27,41,41,27,30,41,27,27,27,27,27,27,27,27,27,27,27,27,27,41,27,27,27,27,27,41,41,41,27,41,41,29,41,41,41,27,41,41,27,41,41,41,230,32,38,27,27,27,40,41,27,27,37,27,146,27,41,27,181,40,229,27,27,41,27,41,41,41,27,41,41,41,27,41,41,27,41,41,41,27,41,41,41,41,27,27,41,41,41,41,27,41,27,41,27,41,41,27,28,27,41,27,41,36,31,27,27,27,27,27,27,27,27,27,27,27,27,27,27,41,27,27,27,27,204,197,27,27,40,230,41,41,221,27,41,41,28,27,41,205,27,41,53,108,229,41,27,41,28,28,27,229,41,48,27,41,27,39,27,41,27,27,27,27,28,41,41,27,27,41,41,41,41,41,27,41,41,41,27,27,120,229,27,146,41,27,41,41,41,41,39,41,36,41,27,41,27,27,41,39,27,28,230,41,28,27,27,27,27,27,27,27,27,27,27,27,27,27,41,27,27,27,27,34,27,32,27,41,41,41,41,27,41,27,41,27,230,230,27,41,229,27,41,228,40,27,41,41,41,27,27,41,41,41,27,181,27,27,229,229,27,28,27,230,34,27,27,27,41,41,30,27,41,27,41,27,41,41,27,41,27,41,27,27,41,27,28,47,187,27,27,196,106,41,27,27,27,41,41,41,27,40,27,41,41,27,27,27,27,27,27,27,27,27,27,27,27,41,27,27,27,27,27,28,41,27,41,27,41,27,27,27,41,27,27,57,230,112,27,27,41,117,27,41,44,230,27,229,229,229,27,27,54,27,205,208,27,165,71,205,229,205,72,182,27,41,41,28,41,41,27,37,41,41,41,229,41,229,27,27,88,41,27,27,41,27,27,27,41,41,27,41,27,41,27,38,38,41,41,39,41,41,41,28,30,38,27,27,27,27,41,27,27,41,27,27,27,27,27,27,27,27,27,27,27,27,41,27,27,41,27,27,52,46,41,41,41,28,229,205,178,27,102,88,230,27,27,29,217,41,41,230,42,27,41,27,41,27,27,27,27,36,27,27,31,32,41,41,229,79,39,41,27,131,121,27,230,41,229,229,207,41,230,230,230,41,230,120,230,41,42,47,27,41,230,113,37,27,230,27,41,27,27,28,41,27,27,27,27,40,27,27,41,27,27,27,27,27,41,40,27,27,27,31,41,41,27,33,27,32,27,41,27,27,205,41,205,27,41,41,27,27,27,27,38,41,27,41,41,40,41,41,41,27,30,230,205,27,205,27,214,230,41,164,226,230,27,58,106,27,50,41,27,200,27,27,230,27,31,41,230,55,230,27,27,41,27,27,32,27,205,204,54,27,27,41,229,229,27,41,32,27,27,27,27,27,27,27,27,27,27,27,27,27,41,27,27,27,27,27,27,27,27,27,39,39,217,230,27,41,27,27,230,183,26,182,41,4,29,27,27,205,27,133,27,230,57,230,230,230,27,27,43,230,230,230,27,230,230,27,230,54,230,27,40,41,27,41,27,27,41,41,39,27,41,27,41,27,41,30,27,39,27,32,41,27,29,28,41,41,27,41,33,41,30,41,41,27,41,27,41,41,27,41,27,27,27,27,27,41,27,27,27,27,27,27,27,27,41,27,27,27,27,29,28,28,27,27,41,27,41,41,27,86,27,27,27,205,194,230,27,27,27,226
27,38,41,28,28,41,41,27,27,40,30,27,41,27,36,28,41,27,27,41,34,41,30,27,41,41,41,41,41,41,27,27,41,41,27,41,41,27,41,41,41,41,27,41,27,27,27,41,41,27,27,40,27,41,28,41,41,27,41,27,33,27,27,27,27,27,27,27,27,27,27,27,27,27,27,27,27,27,27,28,41,41,41,27,41,41,41,27,41,27,27,27,41,41,27,29,41,41,27,41,35,41,41,30,27,27,27,41,27,41,27,41,41,41,27,27,27,27,41,39,41,41,41,33,27,41,28,41,27,41,41,41,27,41,41,41,27,27,41,41,41,41,41,27,27,41,41,27,27,41,30,32,27,41,27,41,41,41,27,27,27,27,41,27,27,27,27,27,27,38,27,27,27,27,27,27,27,27,27,27,27,41,41,27,41,41,27,41,41,27,38,27,41,27,41,41,27,41,41,30,29,27,27,41,27,41,41,41,27,27,41,36,230,28,199,205,27,212,28,27,37,41,41,27,41,27,41,32,41,27,41,27,30,41,41,27,41,27,41,41,41,41,41,41,41,41,41,41,27,41,27,27,27,41,41,41,27,41,41,27,30,38,27,27,27,27,27,27,27,27,27,27,27,27,27,38,27,27,27,27,27,41,41,41,27,27,41,27,41,41,27,27,41,41,27,41,41,41,106,41,38,27,27,27,41,39,27,27,30,31,146,27,41,27,229,35,229,27,33,32,27,41,41,41,27,41,41,41,27,41,41,27,41,41,41,27,41,41,41,41,27,27,41,41,41,38,28,41,27,41,27,41,41,27,27,27,41,32,41,36,27,27,27,27,27,27,27,27,27,27,27,27,27,27,27,41,27,27,27,27,96,230,27,27,28,230,27,41,230,27,41,41,27,27,41,205,27,82,41,108,229,40,27,41,58,27,27,229,41,181,27,41,27,41,27,41,27,30,27,27,28,41,41,27,27,41,41,41,41,41,27,109,38,27,27,27,57,229,27,146,41,27,41,41,41,41,28,41,29,41,27,41,27,27,41,28,27,32,230,79,28,27,27,27,27,27,27,27,27,27,27,27,27,27,41,27,27,27,27,34,32,40,27,41,41,41,41,27,41,32,41,27,230,230,27,41,229,27,41,228,41,27,27,41,41,27,27,41,41,41,27,230,27,27,213,219,27,60,27,230,34,27,27,27,41,41,27,27,41,27,41,27,37,41,27,41,27,41,27,27,41,27,32,41,229,27,27,229,41,41,27,27,27,41,41,27,27,28,27,41,41,27,27,27,27,27,27,27,27,27,27,27,27,38,27,27,27,27,27,28,41,27,38,27,38,27,27,27,41,27,27,41,230,47,27,27,37,54,27,41,33,230,27,229,229,212,27,33,27,27,205,225,27,205,165,205,230,211,164,203,28,41,41,33,37,41,27,30,41,41,41,229,41,198,27,27,182,41,27,27,27,27,27,27,41,41,27,41,27,33,27,30,30,41,41,28,41,41,41,30,27,30,27,27,27,27,41,27,27,41,27,27,27,27,27,27,27,27,27,27,27,27,41,27,27,41,27,27,41,41,41,41,41,27,229,178,110,27,46,178,230,27,27,27,230,40,41,230,41,27,41,27,41,27,27,27,27,27,27,27,31,41,41,38,229,41,41,47,27,131,198,27,230,41,229,229,229,41,230,230,230,41,230,57,230,41,41,41,27,41,230,197,30,27,230,27,41,27,27,27,77,27,27,27,27,28,27,27,41,27,27,27,27,27,41,28,27,27,27,31,41,41,27,39,27,41,27,41,27,27,205,41,205,27,41,41,27,27,27,27,38,40,27,38,41,36,41,41,41,27,133,187,205,28,211,27,146,230,41,164,108,218,27,213,41,27,41,41,27,230,27,27,230,27,27,41,230,41,203,27,27,87,27,27,41,27,117,117,41,27,27,41,214,41,27,39,40,27,27,27,27,27,27,27,27,27,27,27,27,27,41,27,27,27,27,27,27,27,27,27,39,28,112,204,27,41,27,27,230,230,23,108,41,4,27,27,27,205,27,133,27,230,120,230,47,230,28,27,220,222,230,230,27,230,230,27,230,27,230,27,40,41,27,41,27,27,41,41,41,27,41,27,41,27,41,27,27,29,27,41,41,32,27,33,41,41,27,39,39,41,27,41,41,27,41,27,41,41,27,41,27,27,27,27,27,41,27,27,27,27,27,27,27,27,41,27,27,27,27,34,33,33,27,27,41,32,41,41,27,87,27,27,27,205,102,230,27,27,27,210
27,38,41,28,28,41,41,27,27,40,30,27,41,27,36,28,41,27,27,41,34,41,30,27,41,41,41,41,41,41,27,27,41,41,27,41,41,27,41,41,41,41,27,41,27,27,27,41,41,27,27,40,27,41,28,41,41,27,41,27,33,27,27,27,27,27,27,27,27,27,27,27,27,27,27,27,27,27,27,28,41,41,41,27,41,41,41,27,41,27,27,27,41,41,27,29,41,41,27,41,35,41,41,30,27,27,27,41,27,41,27,41,41,41,27,27,27,27,41,39,41,41,41,33,27,41,28,41,27,41,41,41,27,41,41,41,27,27,41,41,41,41,41,27,27,41,41,27,27,41,30,32,27,41,27,41,41,41,27,27,27,27,41,27,27,27,27,27,27,38,27,27,27,27,27,27,27,27,27,27,27,41,41,27,41,41,27,41,41,27,38,27,41,27,41,41,27,41,41,30,29,27,27,41,27,41,41,41,27,27,41,36,230,28,199,205,27,212,28,27,37,41,41,27,41,27,41,32,41,27,41,27,30,41,41,27,41,27,41,41,41,41,41,41,41,41,41,41,27,41,27,27,27,41,41,41,27,41,41,27,30,38,27,27,27,27,27,27,27,27,27,27,27,27,27,38,27,27,27,27,27,41,41,41,27,27,41,27,41,41,27,27,41,41,27,41,41,41,106,41,38,27,27,27,41,39,27,27,30,31,146,27,41,27,229,35,229,27,33,32,27,41,41,41,27,41,41,41,27,41,41,27,41,41,41,27,41,41,41,41,27,27,41,41,41,38,28,41,27,41,27,41,41,27,27,27,41,32,41,36,27,27,27,27,27,27,27,27,27,27,27,27,27,27,27,41,27,27,27,27,96,230,27,27,28,230,27,41,230,27,41,41,27,27,41,205,27,82,41,108,229,40,27,41,58,27,27,229,41,181,27,41,27,41,27,41,27,30,27,27,28,41,41,27,27,41,41,41,41,41,27,109,38,27,27,27,57,229,27,146,41,27,41,41,41,41,28,41,29,41,27,41,27,27,41,28,27,32,230,79,28,27,27,27,27,27,27,27,27,27,27,27,27,27,41,27,27,27,27,34,32,40,27,41,41,41,41,27,41,32,41,27,230,230,27,41,229,27,41,228,41,27,27,41,41,27,27,41,41,41,27,230,27,27,213,219,27,60,27,230,34,27,27,27,41,41,27,27,41,27,41,27,37,41,27,41,27,41,27,27,41,27,32,41,229,27,27,229,41,41,27,27,27,41,41,27,27,28,27,41,41,27,27,27,27,27,27,27,27,27,27,27,27,38,27,27,27,27,27,28,41,27,38,27,38,27,27,27,41,27,27,41,230,47,27,27,37,54,27,41,33,230,27,229,229,212,27,33,27,27,205,225,27,205,165,205,230,211,164,203,28,41,41,33,37,41,27,30,41,41,41,229,41,198,27,27,182,41,27,27,27,27,27,27,41,41,27,41,27,33,27,30,30,41,41,28,41,41,41,30,27,30,27,27,27,27,41,27,27,41,27,27,27,27,27,27,27,27,27,27,27,27,41,27,27,41,27,27,41,41,41,41,41,27,229,178,110,27,46,178,230,27,27,27,230,40,41,230,41,27,41,27,41,27,27,27,27,27,27,27,31,41,41,38,229,41,41,47,27,131,198,27,230,41,229,229,229,41,230,230,230,41,230,57,230,41,41,41,27,41,230,197,30,27,230,27,41,27,27,27,77,27,27,27,27,28,27,27,41,27,27,27,27,27,41,28,27,27,27,31,41,41,27,39,27,41,27,41,27,27,205,41,205,27,41,41,27,27,27,27,38,40,27,38,41,36,41,41,41,27,133,187,205,28,211,27,146,230,41,164,108,218,27,213,41,27,41,41,27,230,27,27,230,27,27,41,230,41,203,27,27,87,27,27,41,27,117,117,41,27,27,41,214,41,27,39,40,27,27,27,27,27,27,27,27,27,27,27,27,27,41,27,27,27,27,27,27,27,27,27,39,28,112,204,27,41,27,27,230,230,23,108,41,4,27,27,27,205,27,133,27,230,120,230,47,230,28,27,220,222,230,230,27,230,230,27,230,27,230,27,40,41,27,41,27,27,41,41,41,27,41,27,41,27,41,27,27,29,27,41,41,32,27,33,41,41,27,39,39,41,27,41,41,27,41,27,41,41,27,41,27,27,27,27,27,41,27,27,27,27,27,27,27,27,41,27,27,27,27,34,33,33,27,27,41,32,41,41,27,87,27,27,27,205,102,230,27,27,27,210
27,41,41,27,27,41,41,27,27,41,38,27,41,27,27,40,41,27,27,41,34,41,27,27,41,41,41,41,41,41,27,27,41,41,27,41,41,27,41,41,41,41,27,41,27,27,27,37,41,27,27,28,27,41,33,41,41,27,41,27,33,27,27,27,27,27,27,27,27,27,27,27,27,27,27,27,27,27,27,28,41,41,41,27,41,41,41,27,41,27,27,27,41,41,27,27,41,41,27,39,35,41,41,37,27,27,27,39,27,41,27,41,41,41,27,27,27,27,40,39,41,41,41,39,27,41,33,41,27,41,41,41,28,41,41,41,27,27,41,41,41,41,41,27,27,41,41,27,27,41,27,41,27,41,27,41,41,41,27,27,27,27,38,27,27,27,27,27,27,30,27,27,27,27,27,27,27,27,27,27,27,41,41,27,41,41,27,41,27,27,30,28,41,27,41,41,28,41,41,31,27,27,27,41,27,41,41,41,27,27,36,27,230,27,77,230,27,64,52,27,37,41,41,27,41,27,41,40,41,27,41,27,27,41,41,27,41,27,41,41,41,41,41,41,41,41,41,41,27,41,27,27,27,41,41,41,27,27,38,27,30,29,27,27,27,27,27,27,27,27,27,27,27,27,27,30,27,27,27,28,28,41,41,41,27,27,41,27,41,41,27,27,41,39,27,41,82,41,41,41,38,27,27,27,41,28,30,27,27,38,146,27,41,27,229,28,229,28,229,32,28,41,41,41,27,41,41,41,27,41,41,27,41,41,41,27,38,41,41,41,27,27,41,41,41,30,32,38,27,41,27,41,41,32,27,27,41,41,39,36,27,27,27,27,27,27,27,27,27,27,27,27,27,27,27,41,27,27,27,27,39,230,28,27,27,230,27,41,230,27,41,41,27,27,41,205,27,164,41,108,229,35,27,41,203,27,27,229,40,197,27,41,27,41,27,41,27,37,30,27,28,39,41,27,27,41,41,41,41,41,27,202,30,27,27,27,41,229,27,146,41,27,41,41,41,36,27,41,27,41,27,41,27,27,41,27,27,39,230,192,28,27,27,27,27,27,27,27,27,27,27,27,27,27,41,27,27,27,27,34,41,41,27,41,41,41,41,27,41,41,41,27,230,230,27,38,229,28,41,228,41,27,27,41,41,27,27,27,41,41,27,230,28,27,145,151,27,202,28,230,34,27,27,27,41,38,27,27,41,27,41,27,30,41,27,41,27,41,32,27,41,27,40,41,229,27,27,229,41,41,27,27,28,41,41,27,27,27,27,41,41,27,27,27,27,27,27,27,27,27,27,27,27,31,27,27,27,27,27,27,41,27,30,27,31,27,27,27,41,27,27,41,230,41,27,27,30,41,27,41,33,230,27,229,229,144,27,230,27,27,205,230,27,205,205,205,230,224,205,204,33,41,41,39,30,41,27,27,41,41,41,229,41,120,28,27,229,41,27,27,27,27,27,27,41,41,27,41,41,41,27,27,27,27,41,27,41,41,41,33,27,27,27,27,27,27,41,27,27,41,27,27,27,27,27,27,27,27,27,27,27,28,41,27,27,41,27,27,41,41,41,39,41,27,229,110,133,27,41,188,213,27,27,27,230,35,41,230,41,27,41,27,41,27,27,27,28,27,27,27,31,41,41,30,229,41,41,111,27,131,229,27,230,41,229,229,229,41,230,230,230,87,230,41,106,41,41,41,27,41,106,230,27,27,230,27,41,27,27,27,77,27,27,27,27,27,27,27,41,27,27,27,27,27,41,27,27,27,27,31,41,41,27,41,27,41,27,41,27,27,205,38,205,30,38,38,27,27,27,28,38,35,27,30,41,28,41,41,41,27,133,70,205,68,223,27,57,230,41,163,43,112,27,230,41,27,41,39,27,230,27,27,106,28,27,41,230,41,119,27,32,183,27,27,41,27,53,54,41,27,27,41,113,41,27,29,41,27,27,27,27,27,27,27,27,27,27,27,27,27,41,27,27,27,27,27,27,27,27,27,39,27,48,118,27,41,27,32,230,230,18,53,41,4,27,27,27,205,27,133,27,230,199,186,41,207,57,28,230,86,230,230,27,230,230,27,230,27,212,27,41,41,27,41,27,27,41,41,41,27,41,27,41,27,41,27,28,27,27,41,41,41,27,39,41,41,27,29,41,41,27,41,41,27,41,27,41,39,27,41,27,27,27,27,27,27,27,27,27,27,27,27,27,27,41,27,27,27,27,34,39,39,27,27,41,41,41,41,27,87,27,27,44,205,46,230,27,27,27,205
27,41,41,27,27,41,41,27,27,41,41,27,41,27,27,41,41,27,41,41,34,41,27,27,41,41,41,41,41,27,27,27,41,41,27,41,27,27,41,41,41,41,27,41,27,27,27,30,41,28,27,27,27,41,39,41,41,27,41,28,33,27,27,27,27,27,27,27,27,27,27,27,27,27,27,27,27,27,27,28,41,41,41,27,41,41,41,27,41,27,27,27,41,41,27,27,41,41,27,29,35,41,41,41,27,27,27,28,27,41,27,41,41,41,27,27,27,27,35,39,41,38,38,41,27,41,39,41,27,41,41,41,32,41,39,41,27,27,41,41,41,41,41,28,27,41,41,27,28,41,27,41,27,41,27,41,41,41,32,27,27,27,30,27,27,27,27,27,27,27,27,27,27,27,27,27,27,27,27,27,27,41,41,27,41,41,27,41,27,27,27,33,41,27,41,41,32,41,41,33,27,27,27,41,27,41,41,41,28,27,27,27,230,27,42,230,27,42,211,27,37,41,41,27,41,28,41,41,41,27,41,28,27,41,41,27,41,27,41,41,41,41,41,41,37,41,37,41,27,41,27,27,27,41,41,41,27,27,29,27,30,27,27,27,27,27,27,27,27,27,27,27,27,27,27,27,27,27,27,31,33,41,41,41,27,27,41,27,41,42,27,27,41,29,28,230,189,41,41,41,38,27,27,27,41,27,38,27,27,41,146,27,40,27,229,27,213,50,229,32,33,41,41,41,27,41,41,41,27,39,41,27,41,41,41,27,30,41,41,41,27,27,41,41,41,27,40,30,27,41,27,41,41,41,27,27,41,41,28,36,27,27,27,27,27,27,27,27,27,27,27,27,27,27,27,39,27,27,27,27,39,230,33,27,27,219,27,41,230,27,41,41,27,27,41,205,27,205,41,108,229,29,27,41,229,27,27,229,35,197,27,35,27,41,27,41,30,41,38,27,28,29,39,28,27,41,41,41,41,41,27,229,27,27,27,96,41,229,27,146,41,27,41,41,41,28,27,39,27,41,27,41,27,27,60,27,27,41,205,230,28,27,27,27,27,27,27,27,27,27,27,27,27,27,41,27,27,27,27,34,41,41,27,41,41,41,41,27,41,41,27,27,202,201,28,31,229,33,41,228,41,27,27,41,41,29,27,27,41,41,27,230,80,27,58,46,27,230,64,229,34,27,27,27,41,30,27,27,39,27,41,27,27,41,27,41,27,41,41,27,41,27,41,41,229,27,28,229,41,41,28,27,33,41,41,27,27,27,27,41,41,27,27,27,27,27,27,27,27,27,27,27,27,27,27,27,27,27,27,27,41,28,27,27,27,27,27,27,41,27,27,41,230,41,27,27,27,41,27,27,33,230,27,229,229,60,27,230,27,27,205,230,27,205,205,205,230,230,205,204,39,41,41,41,27,41,27,27,41,41,41,229,41,57,33,27,229,41,27,27,27,27,27,27,41,41,27,41,27,41,27,27,27,27,41,27,41,41,41,38,27,27,27,27,27,27,41,27,27,39,27,27,27,27,27,27,27,27,27,27,27,33,41,27,27,41,27,27,41,41,30,28,41,27,229,55,41,34,41,188,63,27,27,27,230,29,41,47,41,27,41,27,41,27,27,27,40,27,27,27,31,41,41,27,41,41,41,217,27,131,229,27,218,41,229,229,229,41,230,215,230,184,230,41,41,41,41,41,27,41,41,230,27,27,230,27,39,34,27,27,77,27,27,27,27,27,27,27,41,27,27,27,27,27,27,27,27,27,27,31,27,41,27,41,27,41,27,41,28,27,205,30,97,38,30,30,27,27,27,33,38,29,27,27,41,27,41,41,40,27,133,27,205,169,230,27,27,230,41,117,41,47,27,230,41,27,41,30,27,230,27,27,41,33,27,41,229,41,55,28,41,229,27,27,41,27,41,41,41,27,27,41,49,41,27,27,41,27,27,27,27,27,27,27,27,27,27,27,27,27,41,27,27,27,27,27,27,27,27,27,39,27,41,54,28,74,27,41,199,230,17,41,41,4,27,27,26,202,27,133,27,230,229,90,41,69,205,57,230,73,27,230,27,230,230,27,230,27,144,27,45,41,27,41,27,27,41,27,41,28,41,32,41,27,41,27,33,27,27,41,27,41,27,41,41,41,27,27,41,41,27,41,41,27,38,27,41,28,27,41,27,27,27,27,27,27,27,27,27,27,27,27,27,27,41,27,27,27,27,34,41,41,27,27,41,41,41,41,27,87,27,27,112,180,41,230,27,27,27,205
27,41,41,27,27,41,41,27,27,41,41,27,41,27,27,41,41,27,41,41,34,41,27,27,41,41,41,41,41,27,27,27,41,41,27,41,27,27,41,41,41,41,27,41,27,27,27,30,41,28,27,27,27,41,39,41,41,27,41,28,33,27,27,27,27,27,27,27,27,27,27,27,27,27,27,27,27,27,27,28,41,41,41,27,41,41,41,27,41,27,27,27,41,41,27,27,41,41,27,29,35,41,41,41,27,27,27,28,27,41,27,41,41,41,27,27,27,27,35,39,41,38,38,41,27,41,39,41,27,41,41,41,32,41,39,41,27,27,41,41,41,41,41,28,27,41,41,27,28,41,27,41,27,41,27,41,41,41,32,27,27,27,30,27,27,27,27,27,27,27,27,27,27,27,27,27,27,27,27,27,27,41,41,27,41,41,27,41,27,27,27,33,41,27,41,41,32,41,41,33,27,27,27,41,27,41,41,41,28,27,27,27,230,27,42,230,27,42,211,27,37,41,41,27,41,28,41,41,41,27,41,28,27,41,41,27,41,27,41,41,41,41,41,41,37,41,37,41,27,41,27,27,27,41,41,41,27,27,29,27,30,27,27,27,27,27,27,27,27,27,27,27,27,27,27,27,27,27,27,31,33,41,41,41,27,27,41,27,41,42,27,27,41,29,28,230,189,41,41,41,38,27,27,27,41,27,38,27,27,41,146,27,40,27,229,27,213,50,229,32,33,41,41,41,27,41,41,41,27,39,41,27,41,41,41,27,30,41,41,41,27,27,41,41,41,27,40,30,27,41,27,41,41,41,27,27,41,41,28,36,27,27,27,27,27,27,27,27,27,27,27,27,27,27,27,39,27,27,27,27,39,230,33,27,27,219,27,41,230,27,41,41,27,27,41,205,27,205,41,108,229,29,27,41,229,27,27,229,35,197,27,35,27,41,27,41,30,41,38,27,28,29,39,28,27,41,41,41,41,41,27,229,27,27,27,96,41,229,27,146,41,27,41,41,41,28,27,39,27,41,27,41,27,27,60,27,27,41,205,230,28,27,27,27,27,27,27,27,27,27,27,27,27,27,41,27,27,27,27,34,41,41,27,41,41,41,41,27,41,41,27,27,202,201,28,31,229,33,41,228,41,27,27,41,41,29,27,27,41,41,27,230,80,27,58,46,27,230,64,229,34,27,27,27,41,30,27,27,39,27,41,27,27,41,27,41,27,41,41,27,41,27,41,41,229,27,28,229,41,41,28,27,33,41,41,27,27,27,27,41,41,27,27,27,27,27,27,27,27,27,27,27,27,27,27,27,27,27,27,27,41,28,27,27,27,27,27,27,41,27,27,41,230,41,27,27,27,41,27,27,33,230,27,229,229,60,27,230,27,27,205,230,27,205,205,205,230,230,205,204,39,41,41,41,27,41,27,27,41,41,41,229,41,57,33,27,229,41,27,27,27,27,27,27,41,41,27,41,27,41,27,27,27,27,41,27,41,41,41,38,27,27,27,27,27,27,41,27,27,39,27,27,27,27,27,27,27,27,27,27,27,33,41,27,27,41,27,27,41,41,30,28,41,27,229,55,41,34,41,188,63,27,27,27,230,29,41,47,41,27,41,27,41,27,27,27,40,27,27,27,31,41,41,27,41,41,41,217,27,131,229,27,218,41,229,229,229,41,230,215,230,184,230,41,41,41,41,41,27,41,41,230,27,27,230,27,39,34,27,27,77,27,27,27,27,27,27,27,41,27,27,27,27,27,27,27,27,27,27,31,27,41,27,41,27,41,27,41,28,27,205,30,97,38,30,30,27,27,27,33,38,29,27,27,41,27,41,41,40,27,133,27,205,169,230,27,27,230,41,117,41,47,27,230,41,27,41,30,27,230,27,27,41,33,27,41,229,41,55,28,41,229,27,27,41,27,41,41,41,27,27,41,49,41,27,27,41,27,27,27,27,27,27,27,27,27,27,27,27,27,41,27,27,27,27,27,27,27,27,27,39,27,41,54,28,74,27,41,199,230,17,41,41,4,27,27,26,202,27,133,27,230,229,90,41,69,205,57,230,73,27,230,27,230,230,27,230,27,144,27,45,41,27,41,27,27,41,27,41,28,41,32,41,27,41,27,33,27,27,41,27,41,27,41,41,41,27,27,41,41,27,41,41,27,38,27,41,28,27,41,27,27,27,27,27,27,27,27,27,27,27,27,27,27,41,27,27,27,27,34,41,41,27,27,41,41,41,41,27,87,27,27,112,180,41,230,27,27,27,205
27,41,41,27,27,41,41,27,27,41,41,27,41,27,27,41,41,27,41,41,34,41,27,32,41,41,41,38,41,27,27,27,41,41,27,41,27,27,41,41,41,41,27,41,27,27,27,27,41,32,27,27,32,41,41,41,41,27,41,33,33,27,27,27,27,27,27,27,27,27,27,27,27,27,27,27,27,27,27,28,38,41,41,28,41,38,41,27,41,27,27,27,41,41,32,27,41,27,27,27,35,41,38,41,27,27,29,27,29,41,27,41,41,41,27,27,27,27,29,39,41,30,31,41,27,41,41,41,27,39,41,41,40,39,28,41,27,27,41,41,41,41,41,33,27,41,41,32,33,41,27,41,27,41,27,41,41,41,40,27,27,27,27,27,27,27,27,27,27,27,27,27,27,27,27,27,27,27,27,27,27,41,41,28,41,27,27,41,27,27,27,40,41,27,41,41,40,41,41,37,27,27,27,41,27,41,41,41,39,27,27,27,217,27,41,230,27,41,230,27,37,41,41,27,38,33,41,41,41,27,41,33,27,41,41,27,41,27,41,41,41,41,41,41,30,41,30,41,27,41,27,27,28,41,41,41,27,27,27,28,30,27,27,27,27,27,27,27,27,27,27,27,27,27,27,27,27,27,27,31,39,41,41,41,27,27,27,27,41,50,27,27,73,27,33,230,230,41,41,41,38,30,27,27,41,27,41,27,27,41,146,27,36,27,185,27,62,212,229,32,39,41,41,41,27,41,41,41,27,28,41,27,41,41,41,27,27,41,41,41,27,27,37,41,27,27,41,27,27,41,27,41,41,41,27,27,41,41,27,36,27,27,27,27,27,27,27,27,27,27,27,27,27,27,27,28,27,27,27,27,39,230,39,27,27,112,27,49,230,27,41,66,27,34,41,97,27,205,41,108,184,27,28,41,229,27,27,229,29,197,27,27,27,41,27,41,37,41,41,27,28,27,30,32,32,41,41,41,41,41,27,229,27,27,27,229,41,229,43,146,41,27,41,41,37,27,27,28,27,41,28,60,27,27,212,27,27,41,117,230,28,27,27,27,27,27,27,27,27,27,27,27,27,27,41,27,27,27,27,34,41,41,27,41,41,41,41,28,41,41,27,27,119,119,33,27,230,39,41,228,41,27,27,41,41,40,27,27,41,41,27,230,181,27,27,27,27,230,197,229,34,27,28,28,41,27,27,27,29,27,41,27,27,41,27,41,27,41,41,27,41,27,41,41,229,27,33,207,41,75,33,27,39,41,41,27,27,27,27,41,41,27,27,27,27,27,27,27,27,27,27,27,27,27,27,27,27,27,27,27,41,33,27,27,27,27,27,27,41,27,27,41,200,41,28,27,27,41,27,27,33,230,27,160,229,27,27,230,27,27,211,230,27,205,205,205,230,230,205,204,41,41,41,41,27,41,27,27,41,41,41,106,41,41,39,27,229,41,27,32,27,27,32,27,41,41,27,41,27,41,27,27,27,27,41,27,37,41,41,39,27,27,27,27,27,27,41,27,27,29,27,27,27,27,27,27,27,27,27,27,27,39,41,27,27,41,27,27,41,41,27,27,41,27,229,41,41,104,41,188,42,27,27,27,230,27,41,41,40,27,41,30,40,27,27,27,41,27,27,27,31,41,41,27,41,41,41,229,27,131,229,27,112,39,229,229,229,38,230,113,215,230,230,41,41,27,41,41,27,41,41,230,27,27,230,27,29,104,27,27,77,27,27,27,27,27,27,27,41,27,27,27,27,27,27,27,27,27,27,27,27,41,27,41,28,41,32,41,33,27,194,27,41,41,27,27,27,27,27,39,38,27,27,27,41,27,40,41,35,27,133,27,205,205,230,28,27,160,41,35,41,41,27,230,41,28,41,27,27,230,27,27,41,38,27,41,106,38,41,33,41,229,27,27,41,27,41,41,41,27,27,41,41,41,27,27,41,27,27,27,27,27,27,27,27,27,27,27,27,27,41,27,27,27,27,27,27,27,27,27,39,27,41,41,32,196,27,41,121,230,17,41,41,4,27,27,18,98,19,133,27,230,229,42,41,42,230,205,230,73,27,230,27,230,230,27,185,27,60,27,45,41,28,41,28,27,41,27,41,33,41,41,41,27,41,27,39,27,27,41,27,41,27,41,41,41,27,27,41,41,27,41,41,27,30,27,41,27,27,41,27,27,27,27,27,27,27,27,27,27,27,27,27,27,39,27,27,27,27,34,41,41,27,28,41,41,27,38,27,87,27,27,199,110,41,230,27,27,27,205
27,41,40,27,27,41,41,27,27,41,41,27,41,27,27,41,41,27,41,41,34,41,27,41,41,41,41,31,41,27,27,27,41,41,27,41,27,27,41,41,41,41,27,41,27,27,27,27,41,40,27,27,41,41,41,38,41,27,41,39,33,27,27,27,27,27,27,27,27,27,27,27,27,27,27,27,27,27,27,28,30,41,41,32,41,30,41,27,41,27,27,27,41,38,41,27,41,27,27,27,35,41,31,41,27,27,39,27,27,41,27,41,37,41,27,27,27,27,27,39,41,27,27,41,27,41,41,41,27,29,41,41,41,28,27,41,28,27,41,41,41,41,41,40,28,41,40,40,39,41,27,41,27,41,27,41,41,41,41,27,27,27,27,27,27,27,27,27,27,27,27,27,27,27,27,27,27,27,27,27,27,27,41,32,41,27,28,41,27,27,27,41,41,27,41,41,41,41,41,38,27,27,27,40,27,41,41,41,41,27,27,27,60,27,41,230,27,41,230,28,37,41,41,27,29,39,41,41,41,27,38,39,27,38,41,32,41,31,41,41,41,41,41,41,27,41,27,41,27,41,27,27,33,41,41,41,27,27,27,32,30,27,27,27,27,27,27,27,27,27,27,27,27,27,27,27,27,27,27,31,41,41,41,41,27,27,27,27,41,51,27,27,198,27,39,230,230,41,41,41,38,39,27,27,41,27,41,27,27,41,44,27,28,27,90,27,41,229,229,32,41,41,41,41,27,41,41,27,28,27,41,28,41,41,41,27,27,41,41,41,27,27,30,41,27,27,41,27,27,41,28,41,41,41,27,27,41,41,27,35,27,27,27,27,27,27,27,27,27,27,27,27,27,27,27,27,27,27,27,27,39,208,41,27,27,47,27,221,224,27,41,180,27,104,27,41,44,205,41,108,92,27,80,41,229,27,27,47,27,197,27,27,28,41,27,41,41,41,41,27,28,27,27,39,41,41,41,41,41,41,27,229,27,27,27,229,41,229,111,146,41,27,41,41,27,27,27,27,27,41,31,212,27,27,230,27,27,41,54,230,28,27,27,27,27,27,27,27,27,27,27,27,27,27,41,27,27,27,27,34,41,41,27,41,41,38,41,33,41,41,27,32,56,56,39,27,230,41,41,220,41,27,27,41,41,41,27,27,41,40,27,230,230,27,27,27,27,230,230,229,34,27,33,33,27,27,27,27,27,27,41,27,27,41,27,41,28,41,41,27,41,27,41,41,201,27,39,116,41,195,39,27,41,41,41,27,27,27,27,41,41,27,27,27,27,27,27,27,27,27,27,27,27,27,27,27,27,27,27,27,41,39,27,27,27,28,27,27,41,28,27,41,120,41,33,27,27,41,27,27,33,229,27,27,229,27,27,230,27,27,223,219,27,211,205,205,230,230,211,204,41,41,41,41,27,41,27,27,41,41,41,41,41,41,41,27,229,41,27,41,27,27,40,32,38,41,27,41,27,27,27,27,27,27,39,27,30,41,41,39,27,27,27,27,27,27,41,27,27,27,27,27,27,27,27,27,27,27,27,27,27,41,67,27,27,41,27,27,38,39,27,27,66,27,229,41,41,217,41,188,41,28,27,27,218,27,41,41,35,27,36,37,36,27,27,27,41,27,27,41,31,41,41,27,41,41,41,229,27,131,229,27,47,29,230,230,229,30,200,49,113,230,200,37,41,27,41,39,28,41,41,230,27,27,230,27,27,217,27,27,77,27,27,27,27,27,27,27,41,27,27,27,27,27,27,27,27,27,27,27,27,41,27,41,33,41,41,41,39,27,102,27,41,41,27,27,27,27,27,41,38,27,27,27,41,27,36,41,29,29,133,27,205,205,230,71,27,27,27,32,41,41,27,230,41,32,41,27,27,208,27,27,41,41,27,41,41,30,41,39,41,229,27,28,41,27,41,41,41,27,27,64,41,41,27,27,41,27,28,27,27,27,27,27,27,27,27,27,27,27,38,27,27,27,27,27,27,27,27,27,39,27,41,41,40,230,27,41,57,199,17,41,27,4,27,27,6,43,4,69,27,186,229,41,41,41,230,230,230,73,27,230,27,230,230,82,72,27,27,27,45,41,33,41,33,27,41,27,41,39,41,41,41,27,41,27,41,27,27,41,27,41,27,41,38,41,27,27,41,41,27,41,39,27,27,27,41,27,27,41,27,27,27,27,27,27,27,27,27,27,27,27,27,27,28,27,27,27,27,34,41,41,27,32,41,41,27,30,27,87,27,27,230,54,41,230,27,39,27,205
27,41,40,27,27,41,41,27,27,41,41,27,41,27,27,41,41,27,41,41,34,41,27,41,41,41,41,31,41,27,27,27,41,41,27,41,27,27,41,41,41,41,27,41,27,27,27,27,41,40,27,27,41,41,41,38,41,27,41,39,33,27,27,27,27,27,27,27,27,27,27,27,27,27,27,27,27,27,27,28,30,41,41,32,41,30,41,27,41,27,27,27,41,38,41,27,41,27,27,27,35,41,31,41,27,27,39,27,27,41,27,41,37,41,27,27,27,27,27,39,41,27,27,41,27,41,41,41,27,29,41,41,41,28,27,41,28,27,41,41,41,41,41,40,28,41,40,40,39,41,27,41,27,41,27,41,41,41,41,27,27,27,27,27,27,27,27,27,27,27,27,27,27,27,27,27,27,27,27,27,27,27,41,32,41,27,28,41,27,27,27,41,41,27,41,41,41,41,41,38,27,27,27,40,27,41,41,41,41,27,27,27,60,27,41,230,27,41,230,28,37,41,41,27,29,39,41,41,41,27,38,39,27,38,41,32,41,31,41,41,41,41,41,41,27,41,27,41,27,41,27,27,33,41,41,41,27,27,27,32,30,27,27,27,27,27,27,27,27,27,27,27,27,27,27,27,27,27,27,31,41,41,41,41,27,27,27,27,41,51,27,27,198,27,39,230,230,41,41,41,38,39,27,27,41,27,41,27,27,41,44,27,28,27,90,27,41,229,229,32,41,41,41,41,27,41,41,27,28,27,41,28,41,41,41,27,27,41,41,41,27,27,30,41,27,27,41,27,27,41,28,41,41,41,27,27,41,41,27,35,27,27,27,27,27,27,27,27,27,27,27,27,27,27,27,27,27,27,27,27,39,208,41,27,27,47,27,221,224,27,41,180,27,104,27,41,44,205,41,108,92,27,80,41,229,27,27,47,27,197,27,27,28,41,27,41,41,41,41,27,28,27,27,39,41,41,41,41,41,41,27,229,27,27,27,229,41,229,111,146,41,27,41,41,27,27,27,27,27,41,31,212,27,27,230,27,27,41,54,230,28,27,27,27,27,27,27,27,27,27,27,27,27,27,41,27,27,27,27,34,41,41,27,41,41,38,41,33,41,41,27,32,56,56,39,27,230,41,41,220,41,27,27,41,41,41,27,27,41,40,27,230,230,27,27,27,27,230,230,229,34,27,33,33,27,27,27,27,27,27,41,27,27,41,27,41,28,41,41,27,41,27,41,41,201,27,39,116,41,195,39,27,41,41,41,27,27,27,27,41,41,27,27,27,27,27,27,27,27,27,27,27,27,27,27,27,27,27,27,27,41,39,27,27,27,28,27,27,41,28,27,41,120,41,33,27,27,41,27,27,33,229,27,27,229,27,27,230,27,27,223,219,27,211,205,205,230,230,211,204,41,41,41,41,27,41,27,27,41,41,41,41,41,41,41,27,229,41,27,41,27,27,40,32,38,41,27,41,27,27,27,27,27,27,39,27,30,41,41,39,27,27,27,27,27,27,41,27,27,27,27,27,27,27,27,27,27,27,27,27,27,41,67,27,27,41,27,27,38,39,27,27,66,27,229,41,41,217,41,188,41,28,27,27,218,27,41,41,35,27,36,37,36,27,27,27,41,27,27,41,31,41,41,27,41,41,41,229,27,131,229,27,47,29,230,230,229,30,200,49,113,230,200,37,41,27,41,39,28,41,41,230,27,27,230,27,27,217,27,27,77,27,27,27,27,27,27,27,41,27,27,27,27,27,27,27,27,27,27,27,27,41,27,41,33,41,41,41,39,27,102,27,41,41,27,27,27,27,27,41,38,27,27,27,41,27,36,41,29,29,133,27,205,205,230,71,27,27,27,32,41,41,27,230,41,32,41,27,27,208,27,27,41,41,27,41,41,30,41,39,41,229,27,28,41,27,41,41,41,27,27,64,41,41,27,27,41,27,28,27,27,27,27,27,27,27,27,27,27,27,38,27,27,27,27,27,27,27,27,27,39,27,41,41,40,230,27,41,57,199,17,41,27,4,27,27,6,43,4,69,27,186,229,41,41,41,230,230,230,73,27,230,27,230,230,82,72,27,27,27,45,41,33,41,33,27,41,27,41,39,41,41,41,27,41,27,41,27,27,41,27,41,27,41,38,41,27,27,41,41,27,41,39,27,27,27,41,27,27,41,27,27,27,27,27,27,27,27,27,27,27,27,27,27,28,27,27,27,27,34,41,41,27,32,41,41,27,30,27,87,27,27,230,54,41,230,27,39,27,205
27,41,35,27,27,41,41,27,27,41,41,27,41,27,27,41,41,27,41,41,34,41,27,41,41,41,41,27,41,27,27,27,41,41,27,41,27,27,41,41,41,41,27,41,27,27,27,27,41,41,28,27,41,41,41,31,41,32,41,41,33,27,27,27,27,27,27,27,27,27,27,27,27,27,27,27,27,27,27,28,27,41,41,40,41,27,41,32,41,27,27,27,41,30,41,27,41,27,27,27,35,41,27,41,27,29,41,27,27,41,27,40,30,41,27,27,27,29,27,39,41,27,27,41,27,41,41,41,27,27,39,41,41,27,27,41,32,27,41,41,41,41,41,41,33,41,29,41,41,41,27,41,27,41,27,41,41,41,41,27,27,27,27,27,27,27,27,27,27,27,27,27,27,27,27,27,27,27,27,27,27,27,41,40,41,27,32,41,27,27,27,41,38,27,41,41,41,41,41,38,27,27,27,35,27,41,41,41,41,27,27,27,41,27,40,207,27,41,230,52,37,40,41,27,27,41,39,41,27,27,30,41,27,30,41,41,41,38,41,41,41,41,41,41,27,41,27,41,27,41,27,27,39,41,41,41,27,27,27,40,30,27,27,27,27,27,27,27,27,27,27,27,27,27,27,27,27,27,27,31,41,41,37,41,27,27,27,27,41,51,27,27,230,27,41,230,230,82,41,41,38,41,27,27,41,27,41,27,27,41,41,27,27,27,43,27,41,229,229,32,41,41,41,41,27,41,41,27,32,27,41,33,41,41,41,28,27,41,41,39,29,27,27,41,27,27,41,27,28,41,32,41,41,41,27,28,41,41,27,28,27,27,27,27,27,27,27,27,27,27,27,27,27,27,27,27,27,27,27,27,39,128,41,27,27,41,27,230,109,27,41,205,27,217,27,41,112,205,38,108,45,27,180,41,229,27,27,41,27,182,27,27,40,41,27,41,41,41,41,29,28,27,27,41,41,41,41,41,41,41,27,229,27,27,27,229,37,223,197,146,41,27,41,41,28,27,27,27,27,67,34,230,27,28,230,27,27,41,41,230,27,27,27,27,27,27,27,27,27,27,27,27,27,27,41,27,27,27,27,32,41,41,27,41,41,30,41,39,41,41,27,41,41,41,41,27,230,41,41,109,41,27,27,41,41,41,27,27,41,35,27,229,230,27,27,27,28,230,230,229,34,27,39,39,27,27,27,27,27,32,41,27,27,41,32,41,33,41,41,27,41,27,41,39,119,27,41,52,27,229,41,27,41,41,41,27,27,27,27,41,39,27,27,27,27,27,27,27,27,27,27,27,27,27,27,27,27,27,27,27,41,41,27,28,27,33,27,27,41,32,27,38,57,39,39,27,27,38,27,27,33,229,27,27,160,27,27,230,27,27,229,150,27,224,211,229,160,213,224,204,41,41,41,41,27,41,32,27,41,41,41,41,41,41,41,27,229,41,27,41,27,27,41,40,30,41,27,41,27,27,27,27,27,27,28,27,27,41,41,39,27,27,27,27,27,27,37,27,27,27,27,27,27,27,27,27,27,27,27,27,27,41,179,27,27,41,27,27,30,28,27,27,180,27,229,41,40,230,39,188,41,80,27,27,59,27,41,41,29,27,27,41,28,27,27,27,41,27,27,41,31,41,41,27,41,41,41,229,27,132,229,27,41,27,230,230,230,27,121,41,49,230,120,30,41,27,41,28,33,87,41,230,27,27,230,27,27,230,27,27,77,27,27,27,27,27,27,27,40,27,27,27,27,27,27,27,27,27,27,27,27,41,27,41,39,41,41,41,41,27,46,27,41,41,27,27,27,32,27,41,38,27,27,27,41,27,29,41,27,38,133,27,229,205,230,165,27,27,27,32,41,41,27,219,41,39,39,27,27,116,27,27,41,41,27,41,41,27,41,41,41,229,27,33,41,27,41,41,41,27,27,206,41,41,27,27,41,28,32,27,27,27,27,27,27,27,27,27,27,27,30,27,27,27,27,27,27,27,27,27,39,27,41,41,41,230,27,41,41,121,17,41,27,4,27,27,4,41,4,35,27,90,229,41,41,41,230,230,221,73,27,230,27,218,218,230,27,27,27,27,45,39,39,41,39,32,41,27,41,41,41,41,41,27,41,27,41,27,27,41,27,41,27,41,29,41,27,27,41,41,27,38,28,27,27,27,41,27,27,41,27,27,27,27,27,27,27,27,27,27,27,27,27,27,27,27,27,27,27,34,41,41,27,40,41,41,27,27,27,87,27,27,230,41,41,230,43,108,27,186
27,41,29,27,27,41,40,27,27,41,41,27,41,27,27,41,41,27,41,41,34,41,27,41,41,41,41,27,41,27,27,27,41,40,27,41,27,28,41,41,41,41,27,41,27,27,27,27,41,41,32,27,41,41,41,27,41,41,41,41,33,27,27,27,27,27,27,27,27,27,27,27,27,27,27,27,27,27,27,28,27,41,41,41,41,27,41,41,41,27,27,27,41,27,41,27,41,27,28,27,35,41,27,41,27,39,41,27,27,41,27,35,27,41,27,41,29,39,27,39,41,27,27,41,27,41,41,41,27,27,29,41,41,27,27,41,40,27,41,41,41,41,41,41,39,41,27,41,41,41,27,41,27,41,33,41,41,41,41,27,27,27,27,27,27,27,27,27,27,27,27,27,27,27,27,27,27,27,27,27,27,27,41,41,41,27,39,41,27,27,27,41,30,28,41,41,41,41,41,38,27,27,27,29,27,41,41,41,41,27,27,27,41,27,34,69,28,40,212,211,37,29,41,27,27,41,29,41,27,27,27,41,27,27,41,41,37,41,41,41,41,41,39,41,27,41,27,27,27,41,27,27,41,41,41,41,33,27,27,41,30,27,27,27,27,27,27,27,27,27,27,27,27,27,27,27,27,27,27,31,41,41,30,41,28,27,27,27,41,51,27,27,230,27,41,230,230,189,41,41,38,41,27,27,41,27,41,29,27,41,41,27,27,27,41,27,41,229,229,32,41,41,41,41,27,41,41,27,39,27,39,39,41,41,41,33,27,41,41,28,39,27,27,41,27,27,41,27,32,41,40,41,37,41,27,32,41,41,27,27,27,27,27,27,27,27,27,27,27,27,27,27,27,27,27,27,27,27,27,27,39,95,41,27,27,41,27,230,44,27,27,205,27,230,27,41,196,205,30,35,42,27,229,40,205,27,27,41,27,60,28,27,41,41,27,41,41,41,41,39,29,27,27,41,41,41,41,41,41,41,37,229,27,27,27,229,30,109,229,146,41,27,41,41,27,27,27,27,27,80,39,230,29,32,230,27,28,41,41,205,27,27,27,27,27,27,27,27,27,27,27,27,27,27,37,27,27,27,27,28,41,41,27,41,27,27,41,41,41,41,27,41,41,41,41,27,230,41,41,46,41,27,27,41,41,41,27,27,41,29,27,229,230,27,27,27,60,230,230,229,34,27,41,41,27,27,27,32,27,41,41,27,27,41,41,41,39,41,41,32,41,32,41,28,56,27,41,41,27,229,41,27,41,41,41,27,27,27,28,41,34,27,27,27,27,27,27,27,27,27,27,27,27,27,27,27,27,27,27,27,41,41,27,32,27,39,27,27,41,40,27,31,41,28,41,28,27,30,27,27,33,229,33,27,27,27,29,230,27,27,230,47,27,230,224,230,27,145,230,143,41,41,41,41,27,41,41,27,41,41,41,41,41,41,41,32,198,41,27,41,27,27,41,41,27,41,27,41,27,27,27,27,27,27,27,27,27,41,41,39,27,27,27,27,27,27,30,27,27,27,27,27,27,27,27,27,27,27,27,27,27,41,205,27,27,41,27,28,27,27,27,27,205,27,229,41,28,230,28,187,41,181,27,27,41,27,27,41,27,28,27,41,27,27,29,27,41,27,27,41,31,41,38,27,41,41,41,229,27,132,229,27,41,27,230,230,230,27,57,41,41,230,57,27,41,27,27,27,39,184,41,230,27,27,230,27,27,230,27,27,47,27,27,27,27,27,27,27,29,27,27,27,27,27,27,27,27,27,27,27,27,41,27,41,41,41,41,41,41,27,41,27,41,41,27,27,27,41,27,41,37,27,27,27,41,27,27,41,27,41,146,27,229,205,214,205,27,27,27,32,41,41,27,112,27,41,29,27,27,52,27,27,41,41,27,41,41,27,41,41,41,199,27,39,41,28,38,38,38,27,27,229,41,27,27,27,41,32,39,27,27,27,27,27,27,27,27,27,27,27,27,27,27,27,27,27,27,27,27,27,39,27,39,38,41,230,27,41,41,57,17,38,27,4,27,27,4,41,4,35,27,42,180,41,36,41,230,230,56,72,27,230,27,143,143,230,27,27,27,28,45,28,41,41,41,41,41,27,41,41,41,41,41,32,41,27,41,27,27,41,27,41,27,41,27,41,27,27,41,41,27,30,27,27,27,28,41,27,27,41,27,27,27,27,27,27,27,27,27,27,27,27,27,27,27,27,27,27,27,34,41,41,28,41,41,41,27,27,27,87,27,27,230,41,39,230,111,207,27,106
27,41,29,27,27,41,40,27,27,41,41,27,41,27,27,41,41,27,41,41,34,41,27,41,41,41,41,27,41,27,27,27,41,40,27,41,27,28,41,41,41,41,27,41,27,27,27,27,41,41,32,27,41,41,41,27,41,41,41,41,33,27,27,27,27,27,27,27,27,27,27,27,27,27,27,27,27,27,27,28,27,41,41,41,41,27,41,41,41,27,27,27,41,27,41,27,41,27,28,27,35,41,27,41,27,39,41,27,27,41,27,35,27,41,27,41,29,39,27,39,41,27,27,41,27,41,41,41,27,27,29,41,41,27,27,41,40,27,41,41,41,41,41,41,39,41,27,41,41,41,27,41,27,41,33,41,41,41,41,27,27,27,27,27,27,27,27,27,27,27,27,27,27,27,27,27,27,27,27,27,27,27,41,41,41,27,39,41,27,27,27,41,30,28,41,41,41,41,41,38,27,27,27,29,27,41,41,41,41,27,27,27,41,27,34,69,28,40,212,211,37,29,41,27,27,41,29,41,27,27,27,41,27,27,41,41,37,41,41,41,41,41,39,41,27,41,27,27,27,41,27,27,41,41,41,41,33,27,27,41,30,27,27,27,27,27,27,27,27,27,27,27,27,27,27,27,27,27,27,31,41,41,30,41,28,27,27,27,41,51,27,27,230,27,41,230,230,189,41,41,38,41,27,27,41,27,41,29,27,41,41,27,27,27,41,27,41,229,229,32,41,41,41,41,27,41,41,27,39,27,39,39,41,41,41,33,27,41,41,28,39,27,27,41,27,27,41,27,32,41,40,41,37,41,27,32,41,41,27,27,27,27,27,27,27,27,27,27,27,27,27,27,27,27,27,27,27,27,27,27,39,95,41,27,27,41,27,230,44,27,27,205,27,230,27,41,196,205,30,35,42,27,229,40,205,27,27,41,27,60,28,27,41,41,27,41,41,41,41,39,29,27,27,41,41,41,41,41,41,41,37,229,27,27,27,229,30,109,229,146,41,27,41,41,27,27,27,27,27,80,39,230,29,32,230,27,28,41,41,205,27,27,27,27,27,27,27,27,27,27,27,27,27,27,37,27,27,27,27,28,41,41,27,41,27,27,41,41,41,41,27,41,41,41,41,27,230,41,41,46,41,27,27,41,41,41,27,27,41,29,27,229,230,27,27,27,60,230,230,229,34,27,41,41,27,27,27,32,27,41,41,27,27,41,41,41,39,41,41,32,41,32,41,28,56,27,41,41,27,229,41,27,41,41,41,27,27,27,28,41,34,27,27,27,27,27,27,27,27,27,27,27,27,27,27,27,27,27,27,27,41,41,27,32,27,39,27,27,41,40,27,31,41,28,41,28,27,30,27,27,33,229,33,27,27,27,29,230,27,27,230,47,27,230,224,230,27,145,230,143,41,41,41,41,27,41,41,27,41,41,41,41,41,41,41,32,198,41,27,41,27,27,41,41,27,41,27,41,27,27,27,27,27,27,27,27,27,41,41,39,27,27,27,27,27,27,30,27,27,27,27,27,27,27,27,27,27,27,27,27,27,41,205,27,27,41,27,28,27,27,27,27,205,27,229,41,28,230,28,187,41,181,27,27,41,27,27,41,27,28,27,41,27,27,29,27,41,27,27,41,31,41,38,27,41,41,41,229,27,132,229,27,41,27,230,230,230,27,57,41,41,230,57,27,41,27,27,27,39,184,41,230,27,27,230,27,27,230,27,27,47,27,27,27,27,27,27,27,29,27,27,27,27,27,27,27,27,27,27,27,27,41,27,41,41,41,41,41,41,27,41,27,41,41,27,27,27,41,27,41,37,27,27,27,41,27,27,41,27,41,146,27,229,205,214,205,27,27,27,32,41,41,27,112,27,41,29,27,27,52,27,27,41,41,27,41,41,27,41,41,41,199,27,39,41,28,38,38,38,27,27,229,41,27,27,27,41,32,39,27,27,27,27,27,27,27,27,27,27,27,27,27,27,27,27,27,27,27,27,27,39,27,39,38,41,230,27,41,41,57,17,38,27,4,27,27,4,41,4,35,27,42,180,41,36,41,230,230,56,72,27,230,27,143,143,230,27,27,27,28,45,28,41,41,41,41,41,27,41,41,41,41,41,32,41,27,41,27,27,41,27,41,27,41,27,41,27,27,41,41,27,30,27,27,27,28,41,27,27,41,27,27,27,27,27,27,27,27,27,27,27,27,27,27,27,27,27,27,27,34,41,41,28,41,41,41,27,27,27,87,27,27,230,41,39,230,111,207,27,106
27,41,27,27,27,41,35,27,27,41,41,27,41,27,27,41,41,27,41,41,34,41,27,41,41,41,41,27,41,27,27,27,41,28,27,41,27,33,41,41,41,41,32,41,27,27,27,27,41,41,40,27,41,41,41,27,41,41,41,41,27,27,27,27,27,27,27,27,27,27,27,27,27,27,27,27,27,27,27,28,27,41,41,41,41,27,41,41,27,27,28,27,41,27,41,27,41,27,33,27,35,40,27,41,27,41,41,27,41,41,27,29,27,41,27,41,39,41,27,39,41,27,27,41,27,41,41,41,27,27,27,41,41,27,27,41,41,27,41,41,41,41,41,41,41,41,27,41,41,41,27,41,27,41,40,41,41,41,41,27,27,27,27,27,27,27,27,27,27,27,27,27,27,27,27,27,27,27,27,27,27,27,41,41,41,27,41,41,27,27,27,41,27,32,41,41,41,41,41,38,27,29,29,27,27,41,41,41,41,27,27,27,41,27,28,41,37,36,64,230,43,27,41,27,27,41,27,41,27,27,27,41,27,27,41,41,30,41,41,41,41,41,30,41,27,41,27,27,27,41,27,27,41,41,41,41,40,27,27,41,30,27,27,27,27,27,27,27,27,27,27,27,27,27,27,27,27,27,27,31,41,41,27,41,32,27,27,27,41,51,27,27,230,27,41,230,203,230,41,41,38,41,27,27,41,27,41,40,27,41,41,28,27,28,41,27,41,229,47,32,41,41,41,41,27,41,41,27,41,27,28,41,41,41,41,39,27,41,41,27,41,27,27,41,27,27,41,27,40,41,41,41,30,41,27,40,41,41,27,27,27,27,27,27,27,27,27,27,27,27,27,27,27,27,27,27,27,27,27,27,27,53,41,27,27,41,27,230,41,32,27,205,27,230,27,41,230,178,27,33,41,27,229,28,70,27,27,41,27,41,39,27,41,41,27,40,41,41,41,41,33,27,27,41,41,41,41,41,41,41,84,229,27,27,27,229,27,44,229,146,41,27,27,41,27,27,27,27,27,80,41,230,40,40,230,27,32,41,41,117,27,27,27,27,27,27,27,27,27,27,27,27,27,27,30,27,27,27,27,27,41,41,27,41,27,27,41,41,41,41,27,41,41,41,41,27,199,41,41,41,41,30,27,36,40,41,27,27,41,27,27,229,230,29,27,27,202,229,230,218,35,27,41,41,27,27,27,40,27,41,41,27,27,27,41,41,41,41,41,41,41,41,41,27,41,28,41,41,27,229,41,28,41,40,41,27,27,27,32,41,33,27,27,27,27,27,27,27,27,27,27,27,27,27,27,27,27,27,27,27,38,41,27,39,27,41,27,32,41,41,27,27,41,27,41,32,27,27,28,27,33,229,230,27,27,27,35,229,27,28,223,27,33,230,230,230,27,58,230,29,41,41,40,41,27,41,41,27,41,41,41,41,41,38,41,41,121,41,27,41,27,27,41,41,27,41,28,41,27,27,28,27,27,27,27,27,27,41,41,39,27,27,27,27,27,27,27,27,27,27,27,27,27,27,27,27,27,27,27,27,27,41,205,27,32,41,27,32,27,27,27,27,205,27,229,37,27,230,27,187,40,230,27,27,41,27,27,41,27,77,27,41,27,27,40,27,41,27,27,41,31,41,30,27,41,41,41,210,27,132,230,27,41,27,230,230,230,27,41,41,41,200,41,27,41,27,27,27,41,230,41,230,27,44,230,27,27,230,27,27,30,27,27,27,27,27,27,27,27,27,27,27,27,27,27,27,27,27,27,27,27,41,27,41,41,41,41,41,41,27,41,27,41,41,27,27,28,41,27,41,34,27,27,27,41,27,27,41,27,41,147,27,230,210,146,205,27,27,27,32,27,39,27,47,27,41,27,27,27,41,32,27,41,41,27,41,41,27,41,41,41,120,27,41,41,33,30,30,30,28,27,229,39,27,27,27,41,39,41,30,27,27,27,27,27,27,27,27,27,27,27,27,27,27,27,27,27,27,27,27,39,27,28,30,41,230,28,41,41,41,17,30,27,4,27,27,4,41,4,35,33,41,75,41,27,40,207,230,41,56,27,215,28,39,39,230,27,27,27,81,45,27,41,41,41,41,41,27,41,41,41,41,41,41,41,27,41,27,27,41,27,41,27,41,27,41,28,27,41,27,27,27,27,27,27,32,41,27,28,41,27,27,27,27,27,27,27,27,27,27,27,27,27,27,27,27,27,27,27,34,41,41,32,41,41,41,27,27,27,87,29,29,230,41,28,230,200,230,39,51
27,41,27,27,27,41,35,27,27,41,41,27,41,27,27,41,41,27,41,41,34,41,27,41,41,41,41,27,41,27,27,27,41,28,27,41,27,33,41,41,41,41,32,41,27,27,27,27,41,41,40,27,41,41,41,27,41,41,41,41,27,27,27,27,27,27,27,27,27,27,27,27,27,27,27,27,27,27,27,28,27,41,41,41,41,27,41,41,27,27,28,27,41,27,41,27,41,27,33,27,35,40,27,41,27,41,41,27,41,41,27,29,27,41,27,41,39,41,27,39,41,27,27,41,27,41,41,41,27,27,27,41,41,27,27,41,41,27,41,41,41,41,41,41,41,41,27,41,41,41,27,41,27,41,40,41,41,41,41,27,27,27,27,27,27,27,27,27,27,27,27,27,27,27,27,27,27,27,27,27,27,27,41,41,41,27,41,41,27,27,27,41,27,32,41,41,41,41,41,38,27,29,29,27,27,41,41,41,41,27,27,27,41,27,28,41,37,36,64,230,43,27,41,27,27,41,27,41,27,27,27,41,27,27,41,41,30,41,41,41,41,41,30,41,27,41,27,27,27,41,27,27,41,41,41,41,40,27,27,41,30,27,27,27,27,27,27,27,27,27,27,27,27,27,27,27,27,27,27,31,41,41,27,41,32,27,27,27,41,51,27,27,230,27,41,230,203,230,41,41,38,41,27,27,41,27,41,40,27,41,41,28,27,28,41,27,41,229,47,32,41,41,41,41,27,41,41,27,41,27,28,41,41,41,41,39,27,41,41,27,41,27,27,41,27,27,41,27,40,41,41,41,30,41,27,40,41,41,27,27,27,27,27,27,27,27,27,27,27,27,27,27,27,27,27,27,27,27,27,27,27,53,41,27,27,41,27,230,41,32,27,205,27,230,27,41,230,178,27,33,41,27,229,28,70,27,27,41,27,41,39,27,41,41,27,40,41,41,41,41,33,27,27,41,41,41,41,41,41,41,84,229,27,27,27,229,27,44,229,146,41,27,27,41,27,27,27,27,27,80,41,230,40,40,230,27,32,41,41,117,27,27,27,27,27,27,27,27,27,27,27,27,27,27,30,27,27,27,27,27,41,41,27,41,27,27,41,41,41,41,27,41,41,41,41,27,199,41,41,41,41,30,27,36,40,41,27,27,41,27,27,229,230,29,27,27,202,229,230,218,35,27,41,41,27,27,27,40,27,41,41,27,27,27,41,41,41,41,41,41,41,41,41,27,41,28,41,41,27,229,41,28,41,40,41,27,27,27,32,41,33,27,27,27,27,27,27,27,27,27,27,27,27,27,27,27,27,27,27,27,38,41,27,39,27,41,27,32,41,41,27,27,41,27,41,32,27,27,28,27,33,229,230,27,27,27,35,229,27,28,223,27,33,230,230,230,27,58,230,29,41,41,40,41,27,41,41,27,41,41,41,41,41,38,41,41,121,41,27,41,27,27,41,41,27,41,28,41,27,27,28,27,27,27,27,27,27,41,41,39,27,27,27,27,27,27,27,27,27,27,27,27,27,27,27,27,27,27,27,27,27,41,205,27,32,41,27,32,27,27,27,27,205,27,229,37,27,230,27,187,40,230,27,27,41,27,27,41,27,77,27,41,27,27,40,27,41,27,27,41,31,41,30,27,41,41,41,210,27,132,230,27,41,27,230,230,230,27,41,41,41,200,41,27,41,27,27,27,41,230,41,230,27,44,230,27,27,230,27,27,30,27,27,27,27,27,27,27,27,27,27,27,27,27,27,27,27,27,27,27,27,41,27,41,41,41,41,41,41,27,41,27,41,41,27,27,28,41,27,41,34,27,27,27,41,27,27,41,27,41,147,27,230,210,146,205,27,27,27,32,27,39,27,47,27,41,27,27,27,41,32,27,41,41,27,41,41,27,41,41,41,120,27,41,41,33,30,30,30,28,27,229,39,27,27,27,41,39,41,30,27,27,27,27,27,27,27,27,27,27,27,27,27,27,27,27,27,27,27,27,39,27,28,30,41,230,28,41,41,41,17,30,27,4,27,27,4,41,4,35,33,41,75,41,27,40,207,230,41,56,27,215,28,39,39,230,27,27,27,81,45,27,41,41,41,41,41,27,41,41,41,41,41,41,41,27,41,27,27,41,27,41,27,41,27,41,28,27,41,27,27,27,27,27,27,32,41,27,28,41,27,27,27,27,27,27,27,27,27,27,27,27,27,27,27,27,27,27,27,34,41,41,32,41,41,41,27,27,27,87,29,29,230,41,28,230,200,230,39,51
27,41,27,27,27,41,29,29,27,41,41,27,36,27,27,41,41,27,41,41,34,41,27,41,41,41,41,27,41,27,32,27,41,27,27,41,27,39,41,39,41,41,41,41,27,27,28,27,41,41,41,27,41,41,41,27,39,41,41,41,27,27,27,27,27,27,27,27,27,27,27,27,27,27,27,27,27,27,27,28,27,41,41,41,41,27,41,41,27,28,33,27,41,27,41,27,41,27,39,27,35,35,27,41,41,41,41,27,41,36,27,27,27,40,27,41,41,41,27,39,41,27,27,41,27,41,41,41,27,27,27,41,41,27,27,41,41,27,41,41,41,41,39,41,41,38,27,41,41,41,27,41,27,41,41,27,41,40,41,31,27,27,27,27,27,27,27,27,27,27,27,27,27,27,27,27,27,27,27,27,27,27,41,41,27,27,41,41,27,27,27,41,27,39,41,41,41,41,41,38,27,39,35,27,41,36,41,41,41,27,27,27,41,27,28,41,36,28,42,230,80,27,41,28,27,41,27,41,27,27,27,41,27,27,41,41,27,41,41,41,41,41,27,41,27,41,27,27,27,41,27,27,41,27,41,41,41,27,27,41,30,27,27,27,27,27,27,27,27,27,27,27,27,27,27,27,27,27,27,31,41,41,27,41,40,27,27,27,41,50,27,27,230,27,41,106,119,230,27,41,38,41,27,27,41,27,41,41,27,41,41,36,27,79,41,27,41,213,41,32,41,41,41,41,27,41,41,27,41,27,27,41,41,41,41,41,27,41,41,27,41,28,27,37,27,27,41,27,41,38,41,41,27,41,27,41,41,41,27,27,27,27,27,27,27,27,27,27,27,27,27,27,27,27,27,27,27,27,27,27,27,41,41,27,27,41,27,230,41,41,27,189,27,230,27,41,230,110,27,33,41,27,229,27,42,27,27,41,27,41,41,27,41,41,28,35,41,41,41,41,38,27,27,41,41,41,41,41,41,41,149,229,27,27,27,229,27,41,229,146,41,27,27,41,27,27,27,27,27,80,41,230,41,41,218,27,39,41,41,54,27,27,27,27,27,27,27,27,27,27,27,27,27,27,27,27,27,27,27,27,41,41,27,41,27,27,41,41,41,41,27,41,41,41,41,27,121,41,41,41,41,37,27,27,36,41,27,27,41,27,27,229,230,35,27,27,230,229,230,149,54,28,41,41,27,27,27,41,27,41,41,27,27,27,41,41,41,41,41,41,41,41,41,27,41,31,41,41,27,229,41,33,41,32,41,27,32,27,40,41,33,27,27,27,27,27,27,27,27,27,27,27,27,27,27,27,27,27,27,27,30,41,27,41,27,41,27,41,41,41,27,27,41,27,41,40,27,27,32,27,33,229,230,27,27,27,40,229,27,49,173,27,205,230,230,230,27,27,230,29,41,41,28,41,27,41,41,27,41,38,41,41,41,31,41,41,57,41,28,41,27,27,41,41,27,41,33,41,27,27,33,27,27,27,27,27,27,41,41,39,27,27,27,27,27,27,27,27,27,27,27,27,27,27,27,27,27,27,27,27,27,41,205,28,41,41,27,40,27,27,27,27,205,27,229,30,27,230,27,187,28,230,27,27,41,27,27,36,27,184,27,41,27,27,41,27,41,27,27,41,31,41,27,27,41,41,41,59,32,132,230,27,41,27,209,230,230,27,41,41,41,120,41,27,27,27,27,27,41,230,27,230,27,113,230,27,27,230,41,27,30,27,27,27,27,27,27,27,27,27,27,27,27,27,27,27,27,27,27,27,27,41,28,41,41,41,41,41,41,27,41,27,41,41,27,27,33,41,27,41,31,27,27,27,40,27,27,40,27,41,147,27,230,224,58,205,27,27,27,32,27,28,27,41,27,41,27,27,27,41,41,27,27,41,27,41,41,27,38,41,41,57,27,41,41,40,27,27,27,32,27,229,29,27,27,27,41,41,41,36,27,27,27,27,27,27,27,27,27,27,27,27,27,27,27,27,27,27,27,27,39,27,27,27,41,208,33,41,41,41,17,27,27,4,27,27,4,41,4,35,230,41,27,40,27,36,69,206,41,29,27,147,52,48,48,230,27,27,27,181,45,27,41,41,41,41,41,27,41,41,41,41,41,41,41,27,41,27,27,41,27,41,27,41,27,41,33,27,41,27,27,27,27,27,27,39,41,27,32,41,27,27,27,27,27,27,27,27,27,27,27,27,27,27,27,27,27,27,27,34,41,41,40,41,41,41,27,27,27,87,99,99,230,41,27,230,230,230,108,41
27,41,27,27,27,40,27,40,27,41,41,27,27,36,27,41,41,27,41,41,34,41,27,41,27,41,41,27,41,27,41,27,41,27,32,41,27,41,41,29,41,41,41,38,27,27,33,27,41,41,41,27,41,41,41,27,29,41,41,41,27,27,27,27,27,27,27,27,27,27,27,27,27,27,27,27,27,27,27,28,27,41,41,41,41,27,41,41,27,33,39,28,41,27,41,27,41,27,41,27,35,29,27,39,41,41,41,27,41,27,27,27,27,35,27,41,41,41,27,39,41,27,27,41,28,41,41,41,27,27,27,38,41,27,27,39,41,27,41,41,41,41,29,41,41,31,27,41,41,41,27,41,27,40,41,27,41,28,41,38,27,27,27,27,27,27,27,27,27,27,27,27,27,27,27,27,27,27,27,27,27,27,41,41,27,27,41,41,27,32,27,41,27,41,39,41,41,41,38,38,27,41,40,27,41,27,40,40,41,28,27,27,41,27,27,41,41,27,41,230,85,27,41,33,27,41,27,41,27,27,27,41,27,27,41,41,27,41,41,41,41,41,27,41,27,41,27,27,27,41,27,28,41,27,41,41,41,27,27,41,30,27,27,27,27,27,27,27,27,27,27,27,27,27,27,27,27,27,27,31,41,41,27,41,41,27,27,27,41,45,27,27,209,27,41,41,55,230,27,41,37,41,27,36,41,27,41,41,27,41,41,40,27,181,33,27,40,62,41,32,41,41,41,41,27,41,41,27,41,27,27,41,41,41,41,41,27,39,41,27,41,32,27,30,27,27,41,27,41,30,41,41,27,41,29,41,41,41,27,27,27,27,27,27,27,27,27,27,27,27,27,27,27,27,27,27,27,27,27,27,27,41,41,28,27,40,27,230,41,41,27,105,27,230,27,41,230,55,27,33,41,27,229,27,41,27,27,41,27,41,41,27,41,41,40,28,41,41,41,41,40,27,27,41,41,41,41,41,41,41,168,229,27,27,27,229,27,41,229,139,41,28,27,41,27,27,27,27,27,80,41,218,41,41,112,27,41,41,38,41,27,27,27,27,27,27,27,27,27,27,27,27,27,27,27,27,27,27,27,27,41,41,32,41,27,27,41,41,41,41,27,41,38,41,41,27,57,41,41,41,41,41,27,27,28,41,27,27,41,27,27,229,229,40,27,27,230,229,230,49,107,33,41,41,27,27,27,41,27,41,41,28,27,27,41,41,41,41,41,41,41,41,41,27,41,33,41,41,27,207,41,39,41,27,41,27,41,27,41,41,33,27,27,27,27,27,27,27,27,27,27,27,27,27,27,27,27,27,27,27,27,41,27,41,27,41,28,41,41,41,29,27,41,27,41,41,27,27,39,27,33,218,230,27,27,27,41,229,33,150,77,27,205,230,230,230,27,27,230,29,41,41,27,41,27,41,41,27,41,30,41,41,41,27,41,41,41,41,32,41,27,27,41,41,27,38,39,27,27,27,40,27,27,27,27,28,27,41,41,39,27,27,27,27,27,27,27,27,27,27,27,27,27,27,27,27,27,27,27,27,27,41,205,33,41,41,32,41,27,27,27,27,205,31,229,27,27,230,27,187,27,230,29,27,41,27,27,27,27,230,27,41,27,27,41,28,41,27,27,41,31,41,27,27,41,41,41,41,40,132,230,27,39,27,116,209,230,27,41,39,39,57,41,27,27,27,27,27,41,230,27,230,27,197,230,27,27,230,110,27,30,27,27,27,27,27,27,27,27,27,27,27,27,27,27,27,27,27,27,27,27,41,33,41,41,41,41,41,41,28,39,27,27,41,27,27,39,41,27,41,30,27,27,27,37,27,27,36,27,41,147,27,230,230,27,211,27,27,27,32,27,27,27,41,27,41,27,27,28,41,41,27,27,41,27,41,41,27,30,41,41,41,28,41,41,41,27,27,27,39,27,229,27,27,27,27,41,41,41,36,27,27,27,27,27,27,27,27,27,27,27,27,27,27,27,27,27,27,27,27,39,27,27,27,41,117,39,41,37,41,17,27,27,4,23,27,4,41,4,35,230,41,27,35,27,28,42,65,41,27,27,55,211,27,27,230,27,28,27,230,45,27,41,41,41,41,41,27,41,41,41,41,41,41,41,27,41,27,27,41,27,41,28,41,27,41,39,27,41,27,27,27,27,27,27,41,41,27,40,41,27,27,27,27,27,27,27,27,27,27,27,27,27,27,27,27,27,27,27,34,41,41,41,41,41,41,27,27,28,87,226,226,230,38,27,230,230,230,207,41
27,41,27,27,27,40,27,40,27,41,41,27,27,36,27,41,41,27,41,41,34,41,27,41,27,41,41,27,41,27,41,27,41,27,32,41,27,41,41,29,41,41,41,38,27,27,33,27,41,41,41,27,41,41,41,27,29,41,41,41,27,27,27,27,27,27,27,27,27,27,27,27,27,27,27,27,27,27,27,28,27,41,41,41,41,27,41,41,27,33,39,28,41,27,41,27,41,27,41,27,35,29,27,39,41,41,41,27,41,27,27,27,27,35,27,41,41,41,27,39,41,27,27,41,28,41,41,41,27,27,27,38,41,27,27,39,41,27,41,41,41,41,29,41,41,31,27,41,41,41,27,41,27,40,41,27,41,28,41,38,27,27,27,27,27,27,27,27,27,27,27,27,27,27,27,27,27,27,27,27,27,27,41,41,27,27,41,41,27,32,27,41,27,41,39,41,41,41,38,38,27,41,40,27,41,27,40,40,41,28,27,27,41,27,27,41,41,27,41,230,85,27,41,33,27,41,27,41,27,27,27,41,27,27,41,41,27,41,41,41,41,41,27,41,27,41,27,27,27,41,27,28,41,27,41,41,41,27,27,41,30,27,27,27,27,27,27,27,27,27,27,27,27,27,27,27,27,27,27,31,41,41,27,41,41,27,27,27,41,45,27,27,209,27,41,41,55,230,27,41,37,41,27,36,41,27,41,41,27,41,41,40,27,181,33,27,40,62,41,32,41,41,41,41,27,41,41,27,41,27,27,41,41,41,41,41,27,39,41,27,41,32,27,30,27,27,41,27,41,30,41,41,27,41,29,41,41,41,27,27,27,27,27,27,27,27,27,27,27,27,27,27,27,27,27,27,27,27,27,27,27,41,41,28,27,40,27,230,41,41,27,105,27,230,27,41,230,55,27,33,41,27,229,27,41,27,27,41,27,41,41,27,41,41,40,28,41,41,41,41,40,27,27,41,41,41,41,41,41,41,168,229,27,27,27,229,27,41,229,139,41,28,27,41,27,27,27,27,27,80,41,218,41,41,112,27,41,41,38,41,27,27,27,27,27,27,27,27,27,27,27,27,27,27,27,27,27,27,27,27,41,41,32,41,27,27,41,41,41,41,27,41,38,41,41,27,57,41,41,41,41,41,27,27,28,41,27,27,41,27,27,229,229,40,27,27,230,229,230,49,107,33,41,41,27,27,27,41,27,41,41,28,27,27,41,41,41,41,41,41,41,41,41,27,41,33,41,41,27,207,41,39,41,27,41,27,41,27,41,41,33,27,27,27,27,27,27,27,27,27,27,27,27,27,27,27,27,27,27,27,27,41,27,41,27,41,28,41,41,41,29,27,41,27,41,41,27,27,39,27,33,218,230,27,27,27,41,229,33,150,77,27,205,230,230,230,27,27,230,29,41,41,27,41,27,41,41,27,41,30,41,41,41,27,41,41,41,41,32,41,27,27,41,41,27,38,39,27,27,27,40,27,27,27,27,28,27,41,41,39,27,27,27,27,27,27,27,27,27,27,27,27,27,27,27,27,27,27,27,27,27,41,205,33,41,41,32,41,27,27,27,27,205,31,229,27,27,230,27,187,27,230,29,27,41,27,27,27,27,230,27,41,27,27,41,28,41,27,27,41,31,41,27,27,41,41,41,41,40,132,230,27,39,27,116,209,230,27,41,39,39,57,41,27,27,27,27,27,41,230,27,230,27,197,230,27,27,230,110,27,30,27,27,27,27,27,27,27,27,27,27,27,27,27,27,27,27,27,27,27,27,41,33,41,41,41,41,41,41,28,39,27,27,41,27,27,39,41,27,41,30,27,27,27,37,27,27,36,27,41,147,27,230,230,27,211,27,27,27,32,27,27,27,41,27,41,27,27,28,41,41,27,27,41,27,41,41,27,30,41,41,41,28,41,41,41,27,27,27,39,27,229,27,27,27,27,41,41,41,36,27,27,27,27,27,27,27,27,27,27,27,27,27,27,27,27,27,27,27,27,39,27,27,27,41,117,39,41,37,41,17,27,27,4,23,27,4,41,4,35,230,41,27,35,27,28,42,65,41,27,27,55,211,27,27,230,27,28,27,230,45,27,41,41,41,41,41,27,41,41,41,41,41,41,41,27,41,27,27,41,27,41,28,41,27,41,39,27,41,27,27,27,27,27,27,41,41,27,40,41,27,27,27,27,27,27,27,27,27,27,27,27,27,27,27,27,27,27,27,34,41,41,41,41,41,41,27,27,28,87,226,226,230,38,27,230,230,230,207,41
30,40,27,27,27,36,27,41,27,41,41,27,27,41,27,41,41,27,41,41,34,41,27,41,27,41,41,27,41,27,41,28,41,27,41,41,27,41,41,27,41,41,41,30,30,27,39,27,41,41,41,27,41,41,41,27,27,41,41,41,27,27,27,27,27,27,27,27,27,27,27,27,27,27,27,27,27,27,27,28,27,41,41,41,41,27,41,41,27,40,41,33,41,27,41,27,39,27,41,27,34,27,27,32,41,41,41,27,41,27,27,27,27,29,27,41,41,41,27,39,41,27,27,41,32,41,41,41,27,27,27,30,41,27,27,28,41,27,41,41,41,41,27,41,41,27,27,41,41,41,27,41,27,28,41,27,41,27,41,39,27,27,27,27,27,27,27,27,27,27,27,27,27,27,27,27,27,27,27,27,30,27,39,41,27,27,41,41,27,41,27,41,27,41,28,41,41,41,30,38,27,41,41,27,41,27,35,36,41,39,27,27,35,27,27,41,41,27,41,230,85,27,41,39,27,41,27,41,27,28,27,41,27,27,41,41,27,41,41,41,41,41,27,41,27,37,27,27,27,41,27,33,41,27,41,40,41,27,27,41,30,27,27,27,27,27,27,27,27,27,27,27,27,27,27,27,27,27,27,31,41,41,27,41,41,27,27,28,41,41,27,27,116,27,41,41,41,230,27,41,35,41,30,41,35,27,41,41,27,41,36,41,27,229,27,27,35,41,41,32,41,41,41,27,28,41,41,27,41,27,27,41,41,41,41,41,27,28,41,27,41,40,27,27,27,28,41,27,41,27,41,41,27,41,40,41,39,41,27,27,27,27,27,27,27,27,27,27,27,27,27,27,27,27,27,27,27,27,27,27,27,41,41,33,27,28,27,224,41,41,27,49,34,230,27,27,230,41,27,33,40,27,184,27,41,27,28,36,27,41,41,27,41,41,41,27,41,41,41,41,40,27,27,41,41,41,41,41,41,41,168,229,27,27,27,229,27,41,229,80,41,33,27,41,27,27,28,27,27,78,41,118,41,41,47,28,41,41,30,41,27,27,27,27,27,27,27,27,27,27,27,27,27,27,27,27,27,27,27,27,41,41,40,41,27,27,38,41,41,41,27,41,30,38,41,27,41,41,41,41,40,41,27,27,27,41,27,27,41,27,42,212,229,41,27,27,230,229,229,27,125,39,41,41,27,27,28,41,27,41,41,33,27,27,41,41,41,41,41,41,41,41,41,27,32,39,41,39,27,117,41,41,41,27,41,27,41,27,41,41,33,27,27,27,27,27,27,27,27,27,27,27,27,27,27,27,27,27,27,27,27,41,27,41,27,41,33,41,41,41,40,27,38,27,41,41,27,27,41,27,34,150,230,27,27,27,41,229,27,60,150,27,205,230,230,230,27,27,213,29,41,41,27,41,27,41,41,27,41,27,41,41,41,27,41,41,41,41,40,41,27,27,41,41,27,30,41,27,27,27,41,27,27,27,27,32,27,37,41,39,27,27,27,27,27,27,27,27,27,27,27,27,27,27,27,27,27,27,27,27,30,41,188,39,41,41,41,41,27,27,27,27,189,100,223,27,27,229,27,187,27,230,35,27,41,27,27,27,27,230,27,41,27,28,41,40,41,27,41,41,33,41,27,27,41,38,41,41,41,132,230,27,28,27,52,116,209,27,41,29,29,41,41,27,27,27,27,27,41,230,27,230,27,230,230,32,27,230,203,27,30,27,27,27,27,27,27,27,27,27,27,27,27,27,27,27,27,27,27,27,27,38,39,41,41,41,41,41,41,32,28,27,27,41,27,27,41,41,32,41,30,27,27,27,30,27,27,35,27,41,147,27,230,230,27,223,27,27,27,32,27,27,27,41,27,41,27,27,33,41,41,32,27,41,28,41,27,27,27,41,41,41,33,41,41,41,27,27,27,41,32,214,27,27,27,27,41,41,41,36,27,27,27,27,27,27,27,27,27,27,27,27,27,27,27,27,27,27,27,27,39,27,27,27,41,53,41,41,30,37,17,27,27,28,8,27,4,27,4,37,230,40,27,29,27,27,41,41,41,27,27,27,230,27,27,230,27,58,27,230,45,27,41,41,41,41,41,27,41,41,41,41,41,41,41,27,41,27,27,41,27,41,33,41,27,41,41,27,41,27,27,27,27,28,27,41,41,27,41,41,27,27,27,27,27,27,27,27,27,27,27,27,27,27,27,27,27,27,27,34,41,41,41,41,41,41,27,27,33,87,230,230,230,30,27,230,230,230,230,41
38,35,27,27,27,28,27,41,29,40,40,30,27,41,27,41,41,27,41,36,34,38,28,41,27,41,41,27,41,27,41,33,41,27,41,41,27,41,41,27,41,41,41,27,37,27,41,27,41,41,41,27,41,41,41,27,27,41,41,41,27,27,27,27,27,27,27,27,27,27,27,27,27,27,27,27,27,27,27,27,27,41,41,41,41,27,41,41,27,41,41,39,41,27,41,27,29,27,41,27,33,27,27,27,41,41,41,27,41,27,27,27,27,27,27,41,41,41,27,35,41,27,27,41,40,38,41,41,27,27,27,27,41,27,27,27,41,27,41,41,41,41,27,41,41,27,27,41,41,41,27,41,27,27,41,27,41,27,41,39,27,27,27,27,27,27,27,27,27,27,27,27,27,27,27,27,27,27,27,27,35,27,28,41,27,27,41,41,27,41,28,41,27,41,27,41,41,41,27,38,27,41,41,27,41,27,29,28,41,41,27,27,28,27,27,41,41,27,40,211,85,27,41,41,27,41,27,41,27,32,27,41,28,27,41,41,27,41,41,41,41,41,27,41,27,30,27,27,32,41,28,39,41,27,41,28,41,27,27,41,30,27,27,27,27,27,27,27,27,27,27,27,27,27,27,27,27,27,27,31,41,41,27,41,41,27,27,32,41,41,27,27,52,27,41,41,41,203,27,41,31,41,39,41,28,27,41,41,27,41,27,41,27,229,27,27,28,41,41,32,41,41,27,27,32,41,41,27,41,27,27,41,41,40,41,41,27,27,41,27,41,41,27,27,27,32,41,27,41,27,41,41,27,41,41,41,29,41,27,27,27,27,27,27,27,27,27,27,27,27,27,27,27,27,27,27,27,27,27,27,27,41,41,39,27,27,32,109,40,41,27,41,104,230,27,27,229,41,27,33,35,27,91,27,41,28,36,27,27,40,41,27,41,40,41,27,41,41,41,41,40,27,27,41,41,41,41,41,41,41,168,229,27,27,96,229,27,41,229,44,39,39,27,41,27,27,32,27,28,41,41,100,41,41,41,32,41,41,27,41,27,27,27,27,27,27,27,27,27,27,27,27,27,27,27,27,27,27,27,27,41,41,41,41,27,27,30,41,41,41,27,41,27,30,41,27,41,41,41,39,36,41,27,27,27,41,30,27,36,27,173,144,229,41,27,27,230,219,229,27,125,41,41,41,27,27,33,41,27,41,41,39,27,27,41,41,41,41,41,41,41,41,41,27,41,41,41,30,27,53,41,41,41,27,41,32,41,27,41,41,33,27,27,27,27,27,27,27,27,27,27,27,27,27,27,27,27,27,27,27,27,41,27,41,27,41,39,41,41,41,41,27,31,27,41,41,27,27,41,27,38,47,230,27,27,27,41,229,36,192,47,27,205,214,214,160,27,27,145,29,41,41,27,41,27,41,41,27,41,27,41,27,41,27,41,41,41,41,41,41,32,32,41,41,27,27,41,27,27,27,41,28,28,27,27,40,27,30,41,39,27,27,27,27,27,27,27,27,27,27,27,27,27,27,27,27,27,27,27,27,36,41,105,41,41,41,41,41,27,27,27,27,105,224,41,27,27,229,27,187,27,184,40,27,35,27,27,27,27,230,27,41,27,39,41,41,41,27,41,41,37,41,27,27,41,30,41,41,41,72,199,33,27,27,41,52,116,27,38,27,27,41,37,27,27,27,27,27,41,230,27,230,27,230,230,101,27,230,230,27,30,27,27,27,27,27,27,27,27,27,27,27,27,27,27,27,27,27,27,27,27,29,41,41,41,41,41,41,41,40,27,27,27,41,27,27,41,41,41,41,30,27,27,27,27,27,27,28,27,41,147,27,230,230,27,230,27,27,27,32,27,27,27,41,27,41,27,27,39,39,41,41,27,41,33,41,27,27,27,41,41,41,39,41,41,41,27,27,27,41,41,113,27,27,27,27,41,41,41,36,27,27,27,27,27,27,27,27,27,27,27,27,27,27,27,27,27,27,27,27,39,28,27,27,41,41,41,41,27,30,17,27,27,41,4,19,4,27,4,109,230,35,27,27,27,27,41,41,41,27,27,27,230,27,27,230,27,204,27,230,45,27,41,41,41,41,41,27,41,41,41,41,41,41,27,28,41,28,28,41,27,41,39,41,27,41,41,28,41,27,27,27,27,33,27,41,41,27,41,41,27,27,27,27,27,27,27,27,27,27,27,27,27,27,27,27,27,27,27,34,41,41,41,41,41,41,27,27,39,87,230,230,230,27,27,230,230,230,230,41
38,35,27,27,27,28,27,41,29,40,40,30,27,41,27,41,41,27,41,36,34,38,28,41,27,41,41,27,41,27,41,33,41,27,41,41,27,41,41,27,41,41,41,27,37,27,41,27,41,41,41,27,41,41,41,27,27,41,41,41,27,27,27,27,27,27,27,27,27,27,27,27,27,27,27,27,27,27,27,27,27,41,41,41,41,27,41,41,27,41,41,39,41,27,41,27,29,27,41,27,33,27,27,27,41,41,41,27,41,27,27,27,27,27,27,41,41,41,27,35,41,27,27,41,40,38,41,41,27,27,27,27,41,27,27,27,41,27,41,41,41,41,27,41,41,27,27,41,41,41,27,41,27,27,41,27,41,27,41,39,27,27,27,27,27,27,27,27,27,27,27,27,27,27,27,27,27,27,27,27,35,27,28,41,27,27,41,41,27,41,28,41,27,41,27,41,41,41,27,38,27,41,41,27,41,27,29,28,41,41,27,27,28,27,27,41,41,27,40,211,85,27,41,41,27,41,27,41,27,32,27,41,28,27,41,41,27,41,41,41,41,41,27,41,27,30,27,27,32,41,28,39,41,27,41,28,41,27,27,41,30,27,27,27,27,27,27,27,27,27,27,27,27,27,27,27,27,27,27,31,41,41,27,41,41,27,27,32,41,41,27,27,52,27,41,41,41,203,27,41,31,41,39,41,28,27,41,41,27,41,27,41,27,229,27,27,28,41,41,32,41,41,27,27,32,41,41,27,41,27,27,41,41,40,41,41,27,27,41,27,41,41,27,27,27,32,41,27,41,27,41,41,27,41,41,41,29,41,27,27,27,27,27,27,27,27,27,27,27,27,27,27,27,27,27,27,27,27,27,27,27,41,41,39,27,27,32,109,40,41,27,41,104,230,27,27,229,41,27,33,35,27,91,27,41,28,36,27,27,40,41,27,41,40,41,27,41,41,41,41,40,27,27,41,41,41,41,41,41,41,168,229,27,27,96,229,27,41,229,44,39,39,27,41,27,27,32,27,28,41,41,100,41,41,41,32,41,41,27,41,27,27,27,27,27,27,27,27,27,27,27,27,27,27,27,27,27,27,27,27,41,41,41,41,27,27,30,41,41,41,27,41,27,30,41,27,41,41,41,39,36,41,27,27,27,41,30,27,36,27,173,144,229,41,27,27,230,219,229,27,125,41,41,41,27,27,33,41,27,41,41,39,27,27,41,41,41,41,41,41,41,41,41,27,41,41,41,30,27,53,41,41,41,27,41,32,41,27,41,41,33,27,27,27,27,27,27,27,27,27,27,27,27,27,27,27,27,27,27,27,27,41,27,41,27,41,39,41,41,41,41,27,31,27,41,41,27,27,41,27,38,47,230,27,27,27,41,229,36,192,47,27,205,214,214,160,27,27,145,29,41,41,27,41,27,41,41,27,41,27,41,27,41,27,41,41,41,41,41,41,32,32,41,41,27,27,41,27,27,27,41,28,28,27,27,40,27,30,41,39,27,27,27,27,27,27,27,27,27,27,27,27,27,27,27,27,27,27,27,27,36,41,105,41,41,41,41,41,27,27,27,27,105,224,41,27,27,229,27,187,27,184,40,27,35,27,27,27,27,230,27,41,27,39,41,41,41,27,41,41,37,41,27,27,41,30,41,41,41,72,199,33,27,27,41,52,116,27,38,27,27,41,37,27,27,27,27,27,41,230,27,230,27,230,230,101,27,230,230,27,30,27,27,27,27,27,27,27,27,27,27,27,27,27,27,27,27,27,27,27,27,29,41,41,41,41,41,41,41,40,27,27,27,41,27,27,41,41,41,41,30,27,27,27,27,27,27,28,27,41,147,27,230,230,27,230,27,27,27,32,27,27,27,41,27,41,27,27,39,39,41,41,27,41,33,41,27,27,27,41,41,41,39,41,41,41,27,27,27,41,41,113,27,27,27,27,41,41,41,36,27,27,27,27,27,27,27,27,27,27,27,27,27,27,27,27,27,27,27,27,39,28,27,27,41,41,41,41,27,30,17,27,27,41,4,19,4,27,4,109,230,35,27,27,27,27,41,41,41,27,27,27,230,27,27,230,27,204,27,230,45,27,41,41,41,41,41,27,41,41,41,41,41,41,27,28,41,28,28,41,27,41,39,41,27,41,41,28,41,27,27,27,27,33,27,41,41,27,41,41,27,27,27,27,27,27,27,27,27,27,27,27,27,27,27,27,27,27,27,34,41,41,41,41,41,41,27,27,39,87,230,230,230,27,27,230,230,230,230,41
41,29,27,28,27,27,27,41,40,36,35,38,27,41,27,41,35,27,41,27,34,30,33,41,27,41,41,27,41,27,41,39,41,27,41,41,27,41,41,27,41,41,41,27,41,32,41,27,41,41,41,32,41,41,41,27,27,41,41,41,27,27,27,27,27,27,27,27,27,27,27,27,27,27,27,27,27,27,27,27,27,41,41,41,41,27,41,41,27,41,41,41,41,27,41,28,27,27,41,27,33,27,27,41,41,41,41,27,41,27,27,27,27,27,27,41,41,41,27,30,41,27,27,41,41,30,41,41,32,27,27,27,41,27,27,27,41,32,41,41,41,41,27,41,41,27,27,41,41,41,28,41,27,27,41,27,41,27,41,39,27,27,27,27,27,27,27,27,27,27,27,27,27,27,27,27,27,27,27,27,36,27,27,41,27,27,41,41,32,41,33,41,27,41,27,41,41,41,27,38,29,41,41,27,41,27,27,27,41,41,27,27,27,46,27,36,41,27,36,59,79,27,41,41,27,41,27,41,27,40,27,41,33,27,41,41,27,41,27,41,41,41,27,41,27,27,27,27,41,41,32,41,41,27,41,27,41,27,28,41,30,27,27,27,27,27,27,27,27,27,27,27,27,27,27,27,27,27,27,31,41,41,27,41,41,32,27,40,41,41,32,32,41,27,41,41,41,119,27,41,30,41,41,41,27,27,40,41,31,40,27,41,27,229,27,28,27,41,41,35,41,41,27,27,40,41,41,27,41,27,27,41,41,28,41,41,28,27,38,27,41,41,27,27,27,39,41,27,41,27,41,41,27,41,41,41,27,41,27,27,27,27,27,27,27,27,27,27,27,27,27,27,27,27,27,27,27,27,27,27,27,38,41,41,32,27,41,44,28,41,27,41,217,229,27,27,229,41,27,73,29,27,43,27,40,36,40,27,27,36,41,27,41,36,41,27,41,40,40,41,40,27,27,41,41,41,41,41,41,41,168,204,41,27,229,229,27,41,229,41,28,41,27,41,27,27,40,27,33,41,41,47,41,41,41,40,41,66,27,41,27,27,27,27,27,27,27,27,27,27,27,27,27,27,27,27,27,27,27,27,41,41,41,41,27,27,27,41,41,41,27,41,27,27,41,27,41,41,41,28,28,41,27,27,27,41,37,27,27,27,183,60,229,41,29,27,230,151,229,27,125,41,41,41,27,27,39,41,27,41,41,41,27,27,41,41,41,40,41,41,41,41,41,27,41,41,41,27,27,41,41,41,41,27,41,41,41,27,41,41,33,27,27,27,27,27,27,27,27,27,27,27,27,27,27,27,27,27,27,27,27,41,28,41,27,41,41,41,41,41,41,27,27,27,41,41,27,27,41,27,40,27,229,27,27,27,41,229,41,221,27,27,205,145,145,27,27,27,58,29,41,41,27,41,27,41,41,27,41,27,41,27,41,27,41,41,41,41,41,41,41,40,41,41,27,27,41,27,27,27,41,33,33,27,27,41,27,27,41,39,27,27,27,27,27,27,27,27,27,27,27,27,27,27,27,27,27,27,27,27,36,41,50,41,41,41,41,41,27,27,71,27,49,230,41,27,27,229,27,189,27,91,41,29,28,27,27,27,27,230,27,41,27,41,41,41,41,36,41,41,37,41,27,28,41,27,41,41,41,41,121,103,27,27,41,41,52,27,30,27,27,41,30,27,27,27,27,27,41,200,27,230,27,230,230,222,27,230,230,97,27,27,27,27,27,27,27,27,27,27,27,27,27,27,27,27,27,27,27,27,27,27,41,41,41,41,41,41,41,41,27,27,27,41,27,27,41,41,41,41,30,27,36,27,27,28,27,27,27,41,106,29,160,215,27,230,27,27,27,32,27,27,32,40,27,41,27,27,41,30,41,41,27,41,38,41,27,27,27,41,41,41,41,41,41,41,27,27,27,41,41,49,27,27,28,28,41,41,41,36,27,27,27,27,27,27,27,27,27,27,27,27,27,27,27,27,27,27,27,27,39,32,27,27,41,41,41,41,27,27,20,27,27,41,4,4,4,27,4,109,230,29,27,27,27,27,41,41,35,27,27,27,230,27,27,230,27,230,27,230,45,27,41,41,41,41,41,27,41,41,41,41,40,41,27,33,41,33,33,41,32,41,41,41,27,41,41,32,41,27,28,27,27,39,27,41,41,28,41,41,28,27,27,27,27,27,27,27,27,27,27,27,27,27,27,27,27,27,27,34,41,41,41,41,39,41,27,27,41,87,230,230,230,27,27,230,230,230,230,38
41,27,27,40,29,27,27,41,41,28,29,41,27,41,36,35,28,27,41,27,34,27,39,41,27,41,41,27,41,27,41,41,41,27,41,41,27,41,41,27,41,41,41,27,41,41,41,27,41,41,41,41,41,41,41,27,27,41,41,41,27,27,27,27,27,27,27,27,27,27,27,27,27,27,27,27,27,27,27,27,27,41,41,41,41,27,38,41,27,41,41,41,41,27,41,33,27,27,41,28,33,27,27,36,41,41,41,29,41,27,41,27,27,27,41,41,41,41,27,29,41,27,28,41,41,27,41,27,41,27,27,27,41,27,27,27,41,41,41,41,41,41,27,41,41,27,27,41,41,41,33,41,32,27,41,27,41,27,41,39,27,27,27,27,27,27,27,27,27,27,27,27,27,27,27,27,27,27,27,27,36,27,27,41,27,32,41,41,41,41,40,41,27,41,27,39,41,41,27,38,39,41,41,27,41,27,27,27,41,41,27,36,27,216,27,27,41,27,28,41,37,27,41,41,27,41,27,41,27,41,27,41,39,27,41,41,27,41,27,41,41,41,27,41,27,27,27,27,41,41,40,41,41,27,41,27,41,32,33,41,30,27,27,27,27,27,27,27,27,27,27,27,27,27,27,27,27,27,27,31,41,41,27,41,41,41,27,41,41,41,41,41,41,28,41,41,41,55,27,41,30,41,41,41,27,29,35,41,38,35,27,41,27,229,27,35,27,41,36,163,41,41,27,27,41,41,41,27,41,27,27,41,40,27,41,41,33,27,30,27,41,41,27,27,27,41,41,28,41,27,41,41,27,41,41,41,27,41,28,27,27,27,27,27,27,27,27,27,27,27,27,27,27,27,27,27,27,27,27,27,27,29,41,41,40,27,41,41,27,41,27,41,230,229,27,27,229,41,27,73,27,29,41,27,36,40,41,27,29,28,41,27,41,28,41,27,41,35,35,41,40,27,28,41,41,41,41,41,41,41,168,118,109,27,229,229,27,41,229,41,27,41,27,41,27,28,41,27,39,41,41,41,41,41,41,41,41,153,27,38,27,27,27,27,27,27,27,27,27,27,27,27,27,27,27,27,27,27,27,27,41,41,41,40,27,27,27,41,41,41,27,41,27,27,41,28,41,41,41,27,27,41,41,27,27,41,41,27,27,27,183,27,212,41,35,29,229,46,229,27,125,41,41,41,27,27,41,41,27,41,41,41,27,27,41,38,41,28,41,41,41,41,41,27,27,41,41,27,27,41,41,41,41,27,41,41,41,32,41,38,33,27,27,27,27,27,27,27,27,27,27,27,27,27,27,27,27,27,27,27,27,41,32,41,27,41,41,41,41,41,41,27,27,27,41,41,28,27,41,27,41,27,229,28,27,29,41,160,41,221,27,27,229,58,58,27,27,27,27,29,41,38,27,41,27,41,41,30,41,27,41,27,41,27,41,41,38,41,41,41,41,41,41,41,27,27,41,27,27,27,41,40,40,32,27,41,27,27,37,39,27,27,27,27,27,27,27,27,27,27,27,27,27,27,27,27,27,27,27,27,36,41,41,41,41,41,41,41,27,27,186,27,41,230,41,27,27,229,27,190,27,43,41,35,27,28,27,27,27,187,27,41,27,41,41,41,41,41,41,41,37,41,27,32,41,27,41,41,41,41,57,216,27,27,41,41,41,27,27,27,27,41,27,27,27,27,27,27,41,121,27,230,44,230,230,230,27,230,230,230,27,27,27,27,27,27,27,27,27,27,27,27,27,27,27,27,27,27,27,27,32,27,41,41,41,41,41,41,41,41,27,28,27,41,27,27,41,41,41,41,30,29,41,30,27,36,27,27,27,41,27,35,27,147,27,230,27,27,27,32,27,27,40,28,27,41,27,28,41,27,41,41,27,41,41,41,27,27,27,41,41,38,41,41,41,41,27,27,27,41,41,41,27,27,32,32,41,41,41,36,27,27,27,27,27,27,27,27,27,27,27,27,27,27,27,27,27,27,27,27,39,40,27,27,41,41,41,41,27,27,31,27,27,41,4,4,4,27,4,109,230,27,27,27,27,27,40,40,27,27,33,27,230,27,27,230,27,230,27,230,45,27,41,38,41,41,41,27,41,41,38,41,28,41,27,39,41,39,39,41,41,41,41,41,27,41,41,40,41,27,32,27,27,41,27,41,41,32,41,41,28,27,27,27,27,27,27,27,27,27,27,27,27,27,27,27,27,27,27,34,41,41,41,41,28,41,27,27,41,87,230,230,230,27,27,229,230,230,230,29
41,27,27,40,29,27,27,41,41,28,29,41,27,41,36,35,28,27,41,27,34,27,39,41,27,41,41,27,41,27,41,41,41,27,41,41,27,41,41,27,41,41,41,27,41,41,41,27,41,41,41,41,41,41,41,27,27,41,41,41,27,27,27,27,27,27,27,27,27,27,27,27,27,27,27,27,27,27,27,27,27,41,41,41,41,27,38,41,27,41,41,41,41,27,41,33,27,27,41,28,33,27,27,36,41,41,41,29,41,27,41,27,27,27,41,41,41,41,27,29,41,27,28,41,41,27,41,27,41,27,27,27,41,27,27,27,41,41,41,41,41,41,27,41,41,27,27,41,41,41,33,41,32,27,41,27,41,27,41,39,27,27,27,27,27,27,27,27,27,27,27,27,27,27,27,27,27,27,27,27,36,27,27,41,27,32,41,41,41,41,40,41,27,41,27,39,41,41,27,38,39,41,41,27,41,27,27,27,41,41,27,36,27,216,27,27,41,27,28,41,37,27,41,41,27,41,27,41,27,41,27,41,39,27,41,41,27,41,27,41,41,41,27,41,27,27,27,27,41,41,40,41,41,27,41,27,41,32,33,41,30,27,27,27,27,27,27,27,27,27,27,27,27,27,27,27,27,27,27,31,41,41,27,41,41,41,27,41,41,41,41,41,41,28,41,41,41,55,27,41,30,41,41,41,27,29,35,41,38,35,27,41,27,229,27,35,27,41,36,163,41,41,27,27,41,41,41,27,41,27,27,41,40,27,41,41,33,27,30,27,41,41,27,27,27,41,41,28,41,27,41,41,27,41,41,41,27,41,28,27,27,27,27,27,27,27,27,27,27,27,27,27,27,27,27,27,27,27,27,27,27,29,41,41,40,27,41,41,27,41,27,41,230,229,27,27,229,41,27,73,27,29,41,27,36,40,41,27,29,28,41,27,41,28,41,27,41,35,35,41,40,27,28,41,41,41,41,41,41,41,168,118,109,27,229,229,27,41,229,41,27,41,27,41,27,28,41,27,39,41,41,41,41,41,41,41,41,153,27,38,27,27,27,27,27,27,27,27,27,27,27,27,27,27,27,27,27,27,27,27,41,41,41,40,27,27,27,41,41,41,27,41,27,27,41,28,41,41,41,27,27,41,41,27,27,41,41,27,27,27,183,27,212,41,35,29,229,46,229,27,125,41,41,41,27,27,41,41,27,41,41,41,27,27,41,38,41,28,41,41,41,41,41,27,27,41,41,27,27,41,41,41,41,27,41,41,41,32,41,38,33,27,27,27,27,27,27,27,27,27,27,27,27,27,27,27,27,27,27,27,27,41,32,41,27,41,41,41,41,41,41,27,27,27,41,41,28,27,41,27,41,27,229,28,27,29,41,160,41,221,27,27,229,58,58,27,27,27,27,29,41,38,27,41,27,41,41,30,41,27,41,27,41,27,41,41,38,41,41,41,41,41,41,41,27,27,41,27,27,27,41,40,40,32,27,41,27,27,37,39,27,27,27,27,27,27,27,27,27,27,27,27,27,27,27,27,27,27,27,27,36,41,41,41,41,41,41,41,27,27,186,27,41,230,41,27,27,229,27,190,27,43,41,35,27,28,27,27,27,187,27,41,27,41,41,41,41,41,41,41,37,41,27,32,41,27,41,41,41,41,57,216,27,27,41,41,41,27,27,27,27,41,27,27,27,27,27,27,41,121,27,230,44,230,230,230,27,230,230,230,27,27,27,27,27,27,27,27,27,27,27,27,27,27,27,27,27,27,27,27,32,27,41,41,41,41,41,41,41,41,27,28,27,41,27,27,41,41,41,41,30,29,41,30,27,36,27,27,27,41,27,35,27,147,27,230,27,27,27,32,27,27,40,28,27,41,27,28,41,27,41,41,27,41,41,41,27,27,27,41,41,38,41,41,41,41,27,27,27,41,41,41,27,27,32,32,41,41,41,36,27,27,27,27,27,27,27,27,27,27,27,27,27,27,27,27,27,27,27,27,39,40,27,27,41,41,41,41,27,27,31,27,27,41,4,4,4,27,4,109,230,27,27,27,27,27,40,40,27,27,33,27,230,27,27,230,27,230,27,230,45,27,41,38,41,41,41,27,41,41,38,41,28,41,27,39,41,39,39,41,41,41,41,41,27,41,41,40,41,27,32,27,27,41,27,41,41,32,41,41,28,27,27,27,27,27,27,27,27,27,27,27,27,27,27,27,27,27,27,34,41,41,41,41,28,41,27,27,41,87,230,230,230,27,27,229,230,230,230,29
41,27,27,41,40,27,27,41,41,27,27,41,27,41,41,28,27,41,36,27,34,27,41,41,27,41,41,28,41,27,41,41,41,27,41,41,41,41,41,27,41,41,41,27,41,41,41,28,41,41,41,41,41,41,41,27,27,41,37,41,27,27,27,27,27,27,27,27,27,27,27,27,27,27,27,27,27,27,27,27,27,41,38,41,41,27,30,41,27,41,41,41,41,27,41,40,27,32,41,32,33,27,27,27,41,41,40,39,41,27,41,27,27,27,41,41,41,41,27,29,41,28,33,41,41,27,41,27,41,27,27,27,41,27,27,27,41,41,27,41,41,41,27,41,41,27,27,41,41,41,39,41,32,27,41,27,41,27,41,39,27,27,27,27,27,27,27,27,27,27,27,27,27,27,27,27,27,27,27,27,36,27,27,41,27,41,41,41,41,41,41,41,27,41,27,28,41,41,27,38,41,41,41,27,41,27,27,27,41,41,36,41,27,230,27,27,41,27,27,41,31,27,41,41,27,41,27,41,27,41,27,41,41,27,38,41,27,41,27,41,41,41,27,37,28,27,27,27,41,41,41,41,41,27,41,27,41,41,39,41,30,27,27,27,27,27,27,27,27,27,27,27,27,27,27,27,27,27,27,31,41,39,27,41,41,41,27,41,41,41,41,41,41,33,41,41,38,41,27,41,30,41,41,41,27,40,29,41,41,29,27,41,27,229,27,37,27,40,27,163,41,41,27,27,41,41,27,27,41,29,27,41,28,27,27,41,39,27,27,27,41,41,27,27,27,41,41,33,41,27,41,41,27,41,41,41,27,41,32,27,27,27,27,27,27,27,27,27,27,27,27,27,27,27,27,27,27,27,27,27,27,27,41,41,41,27,41,41,27,41,27,41,230,229,27,27,229,41,27,148,27,35,41,27,28,41,41,27,35,27,41,28,41,27,41,27,40,29,29,41,40,27,32,41,41,41,39,41,41,41,168,54,202,96,229,229,27,41,229,41,27,41,27,41,27,33,41,27,41,41,41,41,41,41,41,41,41,216,27,30,27,27,27,27,27,27,27,27,27,27,27,27,27,27,27,27,27,27,27,27,41,41,41,28,27,27,27,41,41,41,27,41,27,27,41,33,38,41,41,27,27,41,41,27,27,40,41,27,27,27,183,27,144,41,40,36,229,27,229,27,125,41,41,41,27,28,41,41,27,41,38,41,28,27,41,30,41,27,41,41,41,41,41,27,27,41,41,27,27,41,41,41,41,27,41,41,41,33,41,30,33,27,27,27,27,27,27,27,27,27,27,27,27,27,27,27,27,27,27,28,27,41,39,41,27,41,41,41,39,41,41,27,27,27,41,41,33,27,41,32,41,27,229,35,27,35,41,27,41,221,27,27,230,27,27,27,27,27,27,29,41,30,27,41,32,27,41,37,41,27,41,27,41,27,41,41,31,41,41,41,41,41,41,41,27,27,41,27,27,27,41,41,41,41,27,41,28,27,30,39,27,27,27,27,27,27,27,27,27,27,27,27,27,27,27,27,27,27,27,27,36,41,41,41,41,41,41,41,27,27,230,34,41,230,41,27,27,229,50,190,27,41,41,40,27,35,27,27,27,88,27,41,27,41,41,41,36,41,41,41,37,41,27,39,41,27,41,41,41,41,41,229,27,39,41,41,41,27,27,27,27,37,27,27,27,27,27,27,41,57,27,230,79,230,230,230,39,230,230,230,27,27,27,27,27,27,27,27,27,27,27,27,27,27,27,27,27,27,27,28,41,27,41,41,41,41,41,41,41,41,27,33,27,41,28,28,41,41,41,41,30,35,41,38,27,41,27,27,27,41,27,40,27,55,27,214,29,27,27,32,27,27,41,27,27,41,27,33,41,27,41,41,27,41,41,41,27,28,27,41,41,30,41,41,41,41,27,27,27,41,41,41,27,27,40,40,41,41,41,36,27,27,27,27,27,27,27,27,27,27,27,27,27,27,27,27,27,27,27,27,39,41,27,27,41,41,41,41,27,27,40,27,27,41,4,4,4,27,4,109,47,27,27,27,27,27,36,36,27,27,230,27,230,27,27,230,27,230,27,230,45,27,41,30,41,41,41,32,41,41,30,41,27,41,27,41,41,41,41,41,41,41,41,41,27,41,41,41,41,27,39,27,27,41,27,41,41,40,41,40,28,27,27,27,27,27,27,27,27,27,27,27,27,27,27,27,27,27,27,34,41,41,41,41,27,41,32,27,41,87,230,230,230,27,27,229,230,230,230,27
41,27,27,41,40,27,27,41,41,27,27,41,27,41,41,28,27,41,36,27,34,27,41,41,27,41,41,28,41,27,41,41,41,27,41,41,41,41,41,27,41,41,41,27,41,41,41,28,41,41,41,41,41,41,41,27,27,41,37,41,27,27,27,27,27,27,27,27,27,27,27,27,27,27,27,27,27,27,27,27,27,41,38,41,41,27,30,41,27,41,41,41,41,27,41,40,27,32,41,32,33,27,27,27,41,41,40,39,41,27,41,27,27,27,41,41,41,41,27,29,41,28,33,41,41,27,41,27,41,27,27,27,41,27,27,27,41,41,27,41,41,41,27,41,41,27,27,41,41,41,39,41,32,27,41,27,41,27,41,39,27,27,27,27,27,27,27,27,27,27,27,27,27,27,27,27,27,27,27,27,36,27,27,41,27,41,41,41,41,41,41,41,27,41,27,28,41,41,27,38,41,41,41,27,41,27,27,27,41,41,36,41,27,230,27,27,41,27,27,41,31,27,41,41,27,41,27,41,27,41,27,41,41,27,38,41,27,41,27,41,41,41,27,37,28,27,27,27,41,41,41,41,41,27,41,27,41,41,39,41,30,27,27,27,27,27,27,27,27,27,27,27,27,27,27,27,27,27,27,31,41,39,27,41,41,41,27,41,41,41,41,41,41,33,41,41,38,41,27,41,30,41,41,41,27,40,29,41,41,29,27,41,27,229,27,37,27,40,27,163,41,41,27,27,41,41,27,27,41,29,27,41,28,27,27,41,39,27,27,27,41,41,27,27,27,41,41,33,41,27,41,41,27,41,41,41,27,41,32,27,27,27,27,27,27,27,27,27,27,27,27,27,27,27,27,27,27,27,27,27,27,27,41,41,41,27,41,41,27,41,27,41,230,229,27,27,229,41,27,148,27,35,41,27,28,41,41,27,35,27,41,28,41,27,41,27,40,29,29,41,40,27,32,41,41,41,39,41,41,41,168,54,202,96,229,229,27,41,229,41,27,41,27,41,27,33,41,27,41,41,41,41,41,41,41,41,41,216,27,30,27,27,27,27,27,27,27,27,27,27,27,27,27,27,27,27,27,27,27,27,41,41,41,28,27,27,27,41,41,41,27,41,27,27,41,33,38,41,41,27,27,41,41,27,27,40,41,27,27,27,183,27,144,41,40,36,229,27,229,27,125,41,41,41,27,28,41,41,27,41,38,41,28,27,41,30,41,27,41,41,41,41,41,27,27,41,41,27,27,41,41,41,41,27,41,41,41,33,41,30,33,27,27,27,27,27,27,27,27,27,27,27,27,27,27,27,27,27,27,28,27,41,39,41,27,41,41,41,39,41,41,27,27,27,41,41,33,27,41,32,41,27,229,35,27,35,41,27,41,221,27,27,230,27,27,27,27,27,27,29,41,30,27,41,32,27,41,37,41,27,41,27,41,27,41,41,31,41,41,41,41,41,41,41,27,27,41,27,27,27,41,41,41,41,27,41,28,27,30,39,27,27,27,27,27,27,27,27,27,27,27,27,27,27,27,27,27,27,27,27,36,41,41,41,41,41,41,41,27,27,230,34,41,230,41,27,27,229,50,190,27,41,41,40,27,35,27,27,27,88,27,41,27,41,41,41,36,41,41,41,37,41,27,39,41,27,41,41,41,41,41,229,27,39,41,41,41,27,27,27,27,37,27,27,27,27,27,27,41,57,27,230,79,230,230,230,39,230,230,230,27,27,27,27,27,27,27,27,27,27,27,27,27,27,27,27,27,27,27,28,41,27,41,41,41,41,41,41,41,41,27,33,27,41,28,28,41,41,41,41,30,35,41,38,27,41,27,27,27,41,27,40,27,55,27,214,29,27,27,32,27,27,41,27,27,41,27,33,41,27,41,41,27,41,41,41,27,28,27,41,41,30,41,41,41,41,27,27,27,41,41,41,27,27,40,40,41,41,41,36,27,27,27,27,27,27,27,27,27,27,27,27,27,27,27,27,27,27,27,27,39,41,27,27,41,41,41,41,27,27,40,27,27,41,4,4,4,27,4,109,47,27,27,27,27,27,36,36,27,27,230,27,230,27,27,230,27,230,27,230,45,27,41,30,41,41,41,32,41,41,30,41,27,41,27,41,41,41,41,41,41,41,41,41,27,41,41,41,41,27,39,27,27,41,27,41,41,40,41,40,28,27,27,27,27,27,27,27,27,27,27,27,27,27,27,27,27,27,27,34,41,41,41,41,27,41,32,27,41,87,230,230,230,27,27,229,230,230,230,27
41,27,27,41,41,27,27,41,41,27,27,41,27,41,41,27,27,41,27,27,34,27,41,41,27,38,41,33,41,32,41,41,41,27,41,41,41,41,41,27,41,41,41,27,41,41,41,33,41,41,41,41,41,27,41,27,27,41,30,41,27,27,27,27,27,27,27,27,27,27,27,27,27,27,27,27,27,27,27,27,28,41,30,41,27,28,27,41,27,41,41,41,41,27,41,41,27,41,41,40,33,27,27,27,41,41,36,41,41,27,41,27,27,27,41,41,41,41,29,29,41,33,39,41,41,27,41,27,41,28,27,27,41,28,28,27,41,41,27,41,41,41,27,41,41,27,27,41,41,41,41,41,41,27,41,27,41,27,41,39,27,27,27,27,27,27,27,27,27,27,27,27,27,27,27,27,27,27,27,27,36,27,27,41,27,41,41,41,41,41,41,41,28,41,27,27,41,41,27,40,41,41,41,27,41,27,27,27,40,41,41,41,27,230,27,27,41,27,27,41,31,27,41,41,32,41,27,41,27,41,27,41,41,27,30,41,27,41,27,27,41,38,27,30,33,27,28,27,41,41,41,41,41,27,41,27,41,41,41,41,30,27,27,27,27,27,27,27,27,27,27,27,27,27,27,27,27,27,27,31,41,29,27,41,41,41,27,41,41,41,41,41,41,39,41,27,30,41,27,41,30,41,41,41,27,41,27,41,41,27,27,41,27,47,27,41,27,35,27,163,41,41,27,27,41,41,27,27,41,40,27,41,27,27,27,41,41,27,27,27,41,41,27,27,27,41,41,39,41,27,41,41,27,41,41,41,27,41,40,27,27,27,27,27,27,27,27,27,27,27,27,27,27,27,27,27,27,27,27,27,27,27,41,41,41,27,41,41,27,41,27,39,230,229,27,27,229,37,27,148,27,40,41,27,27,41,41,27,40,27,41,35,41,27,41,27,35,27,27,41,40,27,39,41,41,41,29,41,41,41,168,41,229,229,229,229,27,41,229,41,27,41,27,39,27,39,41,27,41,41,41,41,41,41,39,41,41,229,27,27,27,27,27,27,27,27,27,27,27,27,27,27,27,27,27,27,27,27,27,27,41,41,41,27,27,30,27,41,41,41,32,41,27,27,41,39,31,41,41,27,27,41,41,27,27,36,41,41,27,27,183,27,60,41,41,40,229,27,218,27,125,41,41,41,27,33,41,41,32,41,30,41,33,27,41,27,41,27,41,41,40,41,41,27,27,41,41,27,27,41,41,41,41,27,41,41,41,40,41,27,33,27,27,27,27,27,27,27,27,27,27,27,27,27,27,27,27,27,27,28,27,41,41,41,28,41,41,41,28,41,41,27,27,27,41,41,39,27,41,41,41,27,229,40,27,40,41,27,41,222,27,27,230,27,27,27,27,27,27,29,41,27,27,41,41,27,41,41,38,27,41,27,41,27,41,41,27,41,41,41,41,41,41,41,27,27,41,27,27,27,41,41,41,41,27,41,33,27,27,39,27,27,27,27,27,27,27,27,27,27,27,27,27,27,27,27,27,27,27,27,36,41,41,41,41,41,41,41,28,27,230,104,41,230,41,27,27,229,27,190,27,41,41,41,27,40,27,27,27,42,27,38,27,41,41,41,27,41,41,41,37,41,27,41,27,27,41,41,41,41,41,229,27,107,39,41,41,44,27,27,27,30,27,28,27,32,27,27,41,41,27,230,130,230,230,230,108,230,230,230,27,27,27,27,27,27,27,27,27,27,27,27,27,27,27,27,27,27,27,31,41,27,41,41,41,41,41,41,41,41,27,39,27,41,33,33,41,41,41,41,30,40,41,41,27,41,27,27,27,41,27,41,27,27,27,146,35,27,27,32,27,27,41,27,27,41,27,39,41,27,41,41,27,41,41,41,27,33,27,41,41,27,41,41,41,41,27,27,27,41,41,41,27,27,41,41,41,41,41,36,27,27,27,27,27,27,27,27,27,27,27,27,27,27,27,27,27,27,27,27,39,41,27,27,41,38,41,41,27,27,41,27,27,41,4,4,8,27,4,109,41,27,27,27,27,27,28,28,27,27,230,27,230,27,27,230,28,230,29,230,43,27,41,27,41,41,41,41,41,41,27,41,27,41,27,41,41,41,41,41,41,41,41,41,28,41,41,41,41,27,41,27,27,41,28,41,41,41,41,28,28,27,27,27,27,27,27,27,27,27,27,27,27,27,27,27,27,27,27,34,41,41,41,41,27,41,41,27,41,87,230,230,230,27,27,229,230,230,230,27
41,27,29,41,41,27,27,41,41,27,27,41,27,41,41,27,27,41,27,27,34,27,41,41,27,31,41,39,41,41,41,41,41,27,41,41,41,41,41,27,41,41,41,27,41,41,41,39,41,41,41,41,41,27,41,27,27,41,27,41,27,27,27,27,27,27,27,27,27,27,27,27,27,27,27,27,27,27,27,27,33,41,27,41,27,33,27,41,27,41,41,41,41,28,41,41,27,41,41,41,33,27,27,27,41,40,28,41,41,27,41,27,28,27,41,41,41,41,35,29,41,39,41,41,41,27,41,27,41,32,27,27,41,32,32,27,41,41,27,39,39,41,27,41,41,27,27,41,41,41,41,41,41,27,41,27,41,27,41,39,27,27,27,27,27,27,27,27,27,27,27,27,27,27,27,27,27,27,27,27,36,32,27,41,27,41,41,41,41,41,41,41,33,41,27,27,41,41,27,41,41,41,41,27,41,27,27,27,36,41,41,41,27,230,27,27,41,27,27,40,31,27,27,41,41,41,28,41,32,41,27,41,41,28,27,41,27,41,27,27,41,29,27,27,39,27,33,27,41,41,41,41,41,27,41,27,41,41,41,41,30,27,27,27,27,27,27,27,27,27,27,27,27,27,27,27,27,27,27,31,41,27,31,41,41,41,32,41,41,39,41,41,39,41,41,27,27,41,27,41,30,41,41,41,27,41,27,41,41,27,27,41,28,41,27,41,27,28,27,163,41,41,27,27,41,41,27,27,41,41,27,41,27,27,27,41,41,27,27,27,41,41,27,27,32,41,41,41,41,27,41,37,27,41,41,41,27,41,41,27,27,27,27,27,27,27,27,27,27,27,27,27,27,27,27,27,27,27,27,27,27,27,41,41,41,27,41,41,27,41,27,29,230,229,97,27,229,30,27,148,27,41,40,27,27,41,41,27,41,27,41,41,41,27,41,27,29,27,27,41,40,28,41,41,41,41,27,41,41,41,168,41,229,229,229,106,27,41,184,41,27,41,27,28,27,41,41,28,41,41,41,41,41,41,28,41,41,229,27,27,27,27,27,27,27,27,27,27,27,27,27,27,27,27,27,27,27,27,27,27,41,41,41,27,27,38,27,41,41,41,41,41,27,27,41,41,27,41,41,27,27,41,41,27,27,28,41,41,27,27,183,27,27,41,41,41,229,27,149,27,124,41,41,41,32,39,41,41,40,41,27,41,39,27,41,27,41,27,41,41,27,41,41,27,27,41,41,27,32,39,41,41,41,27,39,41,41,41,41,27,33,27,27,27,27,27,27,27,27,27,27,27,27,27,27,27,27,27,27,28,27,41,41,41,32,41,41,41,27,41,41,27,27,27,41,41,41,27,41,41,41,27,222,41,27,41,41,27,41,228,27,29,230,27,27,27,27,27,27,29,41,27,27,41,41,27,41,41,31,27,41,27,41,27,41,41,27,41,41,41,41,41,41,41,28,27,41,27,32,32,41,41,41,41,27,41,39,27,27,39,27,27,27,27,27,27,27,27,27,27,27,27,27,27,27,46,27,27,27,27,36,41,41,41,41,41,41,41,33,31,230,217,41,229,41,27,27,229,27,190,27,41,41,41,27,41,27,27,29,41,27,30,28,41,41,41,27,41,41,36,37,41,27,41,27,27,41,41,41,41,34,229,27,206,29,41,41,112,27,27,27,27,27,33,27,41,27,28,41,41,27,230,197,230,230,230,207,230,230,230,27,27,27,27,27,27,27,27,27,27,27,27,27,27,27,27,27,27,27,31,41,27,41,41,41,41,41,41,41,41,27,41,27,41,39,39,41,41,41,41,30,41,41,41,27,41,29,27,29,40,27,41,27,27,27,58,40,36,33,38,27,27,41,27,27,41,27,41,41,27,41,41,27,41,41,41,27,39,27,41,41,27,41,41,41,41,27,27,27,41,41,41,27,27,41,41,41,41,41,36,27,27,27,27,27,27,27,27,27,27,27,27,27,27,27,27,27,27,27,27,39,41,28,27,41,29,41,41,27,27,41,27,27,41,4,4,26,27,5,35,41,27,27,27,27,27,27,27,27,27,230,27,230,27,27,230,75,230,35,230,40,27,41,27,41,41,27,41,41,41,27,41,27,41,27,41,41,41,41,41,41,41,41,41,33,41,41,41,41,27,41,28,28,41,33,41,41,41,41,27,28,27,27,27,27,27,27,27,27,27,27,27,27,27,27,27,27,27,27,34,41,41,41,41,27,41,41,28,41,87,230,230,230,27,27,229,230,230,230,27
41,27,29,41,41,27,27,41,41,27,27,41,27,41,41,27,27,41,27,27,34,27,41,41,27,31,41,39,41,41,41,41,41,27,41,41,41,41,41,27,41,41,41,27,41,41,41,39,41,41,41,41,41,27,41,27,27,41,27,41,27,27,27,27,27,27,27,27,27,27,27,27,27,27,27,27,27,27,27,27,33,41,27,41,27,33,27,41,27,41,41,41,41,28,41,41,27,41,41,41,33,27,27,27,41,40,28,41,41,27,41,27,28,27,41,41,41,41,35,29,41,39,41,41,41,27,41,27,41,32,27,27,41,32,32,27,41,41,27,39,39,41,27,41,41,27,27,41,41,41,41,41,41,27,41,27,41,27,41,39,27,27,27,27,27,27,27,27,27,27,27,27,27,27,27,27,27,27,27,27,36,32,27,41,27,41,41,41,41,41,41,41,33,41,27,27,41,41,27,41,41,41,41,27,41,27,27,27,36,41,41,41,27,230,27,27,41,27,27,40,31,27,27,41,41,41,28,41,32,41,27,41,41,28,27,41,27,41,27,27,41,29,27,27,39,27,33,27,41,41,41,41,41,27,41,27,41,41,41,41,30,27,27,27,27,27,27,27,27,27,27,27,27,27,27,27,27,27,27,31,41,27,31,41,41,41,32,41,41,39,41,41,39,41,41,27,27,41,27,41,30,41,41,41,27,41,27,41,41,27,27,41,28,41,27,41,27,28,27,163,41,41,27,27,41,41,27,27,41,41,27,41,27,27,27,41,41,27,27,27,41,41,27,27,32,41,41,41,41,27,41,37,27,41,41,41,27,41,41,27,27,27,27,27,27,27,27,27,27,27,27,27,27,27,27,27,27,27,27,27,27,27,41,41,41,27,41,41,27,41,27,29,230,229,97,27,229,30,27,148,27,41,40,27,27,41,41,27,41,27,41,41,41,27,41,27,29,27,27,41,40,28,41,41,41,41,27,41,41,41,168,41,229,229,229,106,27,41,184,41,27,41,27,28,27,41,41,28,41,41,41,41,41,41,28,41,41,229,27,27,27,27,27,27,27,27,27,27,27,27,27,27,27,27,27,27,27,27,27,27,41,41,41,27,27,38,27,41,41,41,41,41,27,27,41,41,27,41,41,27,27,41,41,27,27,28,41,41,27,27,183,27,27,41,41,41,229,27,149,27,124,41,41,41,32,39,41,41,40,41,27,41,39,27,41,27,41,27,41,41,27,41,41,27,27,41,41,27,32,39,41,41,41,27,39,41,41,41,41,27,33,27,27,27,27,27,27,27,27,27,27,27,27,27,27,27,27,27,27,28,27,41,41,41,32,41,41,41,27,41,41,27,27,27,41,41,41,27,41,41,41,27,222,41,27,41,41,27,41,228,27,29,230,27,27,27,27,27,27,29,41,27,27,41,41,27,41,41,31,27,41,27,41,27,41,41,27,41,41,41,41,41,41,41,28,27,41,27,32,32,41,41,41,41,27,41,39,27,27,39,27,27,27,27,27,27,27,27,27,27,27,27,27,27,27,46,27,27,27,27,36,41,41,41,41,41,41,41,33,31,230,217,41,229,41,27,27,229,27,190,27,41,41,41,27,41,27,27,29,41,27,30,28,41,41,41,27,41,41,36,37,41,27,41,27,27,41,41,41,41,34,229,27,206,29,41,41,112,27,27,27,27,27,33,27,41,27,28,41,41,27,230,197,230,230,230,207,230,230,230,27,27,27,27,27,27,27,27,27,27,27,27,27,27,27,27,27,27,27,31,41,27,41,41,41,41,41,41,41,41,27,41,27,41,39,39,41,41,41,41,30,41,41,41,27,41,29,27,29,40,27,41,27,27,27,58,40,36,33,38,27,27,41,27,27,41,27,41,41,27,41,41,27,41,41,41,27,39,27,41,41,27,41,41,41,41,27,27,27,41,41,41,27,27,41,41,41,41,41,36,27,27,27,27,27,27,27,27,27,27,27,27,27,27,27,27,27,27,27,27,39,41,28,27,41,29,41,41,27,27,41,27,27,41,4,4,26,27,5,35,41,27,27,27,27,27,27,27,27,27,230,27,230,27,27,230,75,230,35,230,40,27,41,27,41,41,27,41,41,41,27,41,27,41,27,41,41,41,41,41,41,41,41,41,33,41,41,41,41,27,41,28,28,41,33,41,41,41,41,27,28,27,27,27,27,27,27,27,27,27,27,27,27,27,27,27,27,27,27,34,41,41,41,41,27,41,41,28,41,87,230,230,230,27,27,229,230,230,230,27
41,27,35,41,41,27,27,41,41,27,27,41,27,41,41,27,27,41,27,27,34,27,41,41,27,27,41,41,41,41,41,41,41,27,41,27,41,41,41,27,41,41,41,27,41,41,41,41,41,41,41,41,41,27,41,27,27,41,27,41,27,27,27,27,27,27,27,27,27,27,27,27,27,27,27,27,27,27,27,27,39,41,27,41,27,40,27,41,27,41,41,41,41,33,41,41,27,41,41,41,33,27,27,27,41,36,27,41,41,27,41,27,36,27,41,41,41,40,40,29,41,41,41,41,41,27,41,27,41,39,27,27,41,40,40,27,41,41,27,29,29,41,27,41,41,27,32,41,41,38,41,41,41,27,41,27,41,27,41,39,27,27,27,27,27,27,27,27,27,27,27,27,27,27,27,27,27,27,27,27,36,41,27,41,27,41,41,41,41,41,41,41,40,41,27,27,41,41,27,41,41,41,41,27,41,27,27,27,28,41,41,41,27,230,27,27,41,27,27,36,31,27,27,41,41,41,32,41,41,41,28,41,41,33,27,41,28,41,27,27,38,27,27,27,41,27,39,27,41,41,41,41,41,27,41,27,41,41,41,41,30,27,27,27,27,27,27,27,27,27,27,27,27,27,27,27,27,27,27,31,41,27,38,39,41,41,41,41,41,29,41,41,29,41,41,27,27,41,27,41,30,40,41,41,27,41,27,41,41,27,27,41,35,41,27,41,27,27,27,163,41,41,27,27,41,41,27,32,41,41,27,41,27,27,27,41,41,27,27,28,41,41,28,27,41,41,41,41,41,27,41,30,30,41,41,41,27,41,41,31,27,27,27,27,27,27,27,27,27,27,27,27,27,27,27,27,27,27,27,27,27,27,41,41,41,27,41,40,27,41,27,27,230,217,230,27,229,27,27,148,27,41,35,27,27,41,41,27,41,27,41,41,41,27,41,27,27,27,27,40,40,32,41,41,41,41,27,41,41,41,151,41,229,229,229,41,44,41,86,41,27,41,27,27,28,41,41,32,41,27,41,39,53,53,27,41,41,229,27,27,27,27,27,27,27,27,27,27,27,27,27,27,27,27,27,27,27,27,27,27,41,41,41,27,27,41,27,41,41,41,41,41,27,27,41,41,27,41,41,27,27,41,41,27,27,27,41,41,27,27,183,27,27,41,41,41,229,27,49,27,124,41,41,41,41,41,41,41,41,41,27,41,41,27,41,27,41,27,41,41,27,41,41,28,27,41,41,27,41,30,41,41,41,27,28,41,41,41,41,27,33,27,27,27,27,27,27,27,27,27,27,27,27,27,27,27,27,27,27,28,27,41,41,41,39,41,41,41,27,41,41,27,27,28,41,41,41,27,41,41,41,27,153,41,27,41,41,27,41,229,27,39,230,27,27,27,36,27,27,29,41,27,27,41,41,27,41,41,27,27,41,27,41,27,41,41,27,41,41,41,41,41,41,41,33,27,41,27,41,41,41,41,41,41,28,41,41,27,27,39,27,27,27,27,27,27,27,27,27,27,27,27,27,27,27,206,27,27,27,27,36,41,39,41,41,41,41,41,39,64,230,230,39,229,27,27,44,229,43,190,27,40,41,41,27,41,33,27,35,41,36,27,36,41,41,41,27,41,41,27,37,41,27,41,27,27,41,41,41,41,27,229,27,229,27,41,41,196,27,27,27,27,27,39,27,41,27,32,71,41,27,230,230,230,230,230,230,230,230,230,27,27,27,27,27,27,27,27,27,27,27,27,27,27,27,27,27,27,27,31,41,27,41,41,41,41,41,41,41,41,27,41,27,41,41,41,41,41,41,41,30,41,41,41,27,41,35,27,35,35,27,41,27,27,27,27,41,41,205,38,27,27,41,27,27,41,28,41,41,27,41,41,27,41,41,41,27,41,27,41,41,27,41,41,41,41,27,27,27,41,41,39,27,41,41,41,41,41,41,36,27,27,27,27,27,27,27,27,27,27,27,27,27,27,27,27,27,27,27,27,39,41,32,28,41,27,41,41,27,27,41,27,19,41,4,4,39,27,27,33,41,27,27,27,27,27,27,27,27,27,230,27,230,27,27,230,186,230,40,230,40,27,41,27,41,41,27,41,41,41,27,41,27,41,27,41,41,41,41,41,41,41,41,41,39,41,41,41,41,27,41,32,32,41,39,41,41,41,41,27,28,27,27,27,27,27,29,27,27,27,27,27,27,27,27,27,27,27,27,34,41,41,41,41,27,41,41,33,41,87,230,230,230,27,27,229,230,230,230,27
41,27,40,41,41,27,27,41,41,27,27,41,27,41,41,27,27,41,27,27,34,27,41,41,27,27,41,41,41,41,41,41,41,27,41,27,41,41,41,27,41,27,41,27,41,41,41,41,39,41,41,41,41,27,41,28,27,41,27,41,27,27,27,27,27,27,27,27,27,27,27,27,27,27,27,27,27,27,27,27,41,41,27,41,27,41,27,41,27,41,41,41,41,39,41,41,27,41,41,41,33,27,41,27,41,28,27,41,41,27,41,27,41,27,41,36,41,35,41,29,41,41,41,41,41,27,41,27,41,41,28,27,41,41,41,27,41,41,27,27,27,41,27,41,41,27,40,41,41,30,41,41,41,27,41,27,40,27,41,39,27,27,27,27,27,27,27,27,27,27,27,27,27,27,27,27,27,27,27,27,36,41,27,41,27,41,41,41,41,41,41,41,41,41,27,27,41,27,27,41,41,40,41,29,36,27,27,27,27,41,41,41,27,217,27,27,41,27,27,28,33,32,27,41,41,41,40,41,41,41,33,41,41,39,27,41,33,41,27,27,29,27,27,27,41,27,41,32,41,39,41,41,41,27,41,27,41,41,41,41,30,27,27,27,27,27,27,27,27,27,27,27,27,27,27,27,27,27,27,31,41,27,41,28,41,41,41,41,41,27,41,41,27,41,41,27,27,38,27,41,30,37,41,41,27,41,27,40,41,27,27,41,37,41,27,41,27,27,27,163,41,38,27,27,41,41,27,41,41,41,28,41,27,27,27,41,41,27,27,32,41,41,32,27,41,41,41,41,41,27,41,27,37,41,41,41,27,41,41,35,27,27,27,27,27,27,27,27,27,27,27,27,27,27,27,27,27,27,27,27,27,27,41,41,41,27,41,28,27,41,27,27,229,112,230,27,209,27,27,148,27,41,29,28,27,41,41,27,41,27,40,41,41,27,41,27,27,27,27,36,40,40,41,41,41,41,27,41,41,41,92,41,229,229,229,41,112,41,41,41,27,41,27,27,32,41,41,40,41,27,68,28,158,158,27,41,41,228,27,27,27,27,27,27,27,27,27,27,27,27,27,27,27,27,27,27,27,27,27,27,41,41,41,27,27,41,27,41,41,41,41,41,27,27,41,41,27,41,41,27,27,41,41,27,27,27,41,41,27,29,183,27,27,41,41,41,219,27,27,27,124,41,41,41,41,41,41,41,41,41,27,41,41,27,41,27,41,27,41,41,27,41,41,33,27,41,41,27,41,27,41,41,41,27,27,41,41,41,41,27,33,27,27,27,27,27,27,27,27,27,27,27,27,27,27,27,27,27,27,28,27,41,41,41,41,41,41,41,27,41,41,27,27,32,41,41,41,28,41,41,41,27,40,41,36,41,41,27,41,229,27,41,230,27,27,27,41,27,27,29,41,27,27,41,41,27,41,41,27,27,41,27,41,27,41,41,27,39,41,41,41,41,41,41,39,27,41,27,41,41,41,41,41,41,32,41,41,27,27,39,27,27,27,27,27,27,27,27,27,27,27,27,27,27,27,229,27,27,27,224,36,41,29,41,41,41,41,41,41,118,230,230,29,229,27,27,112,229,112,172,28,35,41,41,27,41,230,27,40,41,41,27,41,41,41,41,27,41,41,27,37,41,27,41,27,27,41,41,41,41,41,229,27,229,27,41,41,229,27,27,27,27,27,41,27,41,27,40,150,41,27,230,230,230,230,230,230,230,230,230,27,27,27,27,27,27,27,27,27,27,27,27,27,27,27,27,27,27,27,31,41,27,41,41,41,41,41,41,41,41,27,41,27,41,41,41,41,41,41,41,30,41,41,41,27,41,40,27,40,29,27,41,27,27,29,27,41,41,205,41,27,27,41,27,27,41,32,41,41,27,41,41,27,41,41,41,27,41,27,41,41,27,41,41,41,41,28,28,27,41,41,29,27,41,41,41,41,41,41,36,27,27,27,27,27,27,27,27,27,27,27,27,27,27,27,27,27,27,27,27,39,41,40,33,41,27,41,41,27,27,41,19,4,41,4,4,41,27,41,33,41,27,29,27,27,27,27,27,27,27,230,27,230,29,27,215,230,230,41,230,40,28,41,27,41,41,27,41,41,41,27,41,27,41,27,41,41,41,41,41,41,41,41,41,41,41,41,41,41,27,41,39,40,41,41,41,41,41,41,27,28,27,27,27,27,27,39,27,27,27,27,27,27,27,27,27,27,27,27,34,41,41,41,41,27,41,41,39,41,87,230,230,230,27,43,229,230,230,230,27
41,27,40,41,41,27,27,41,41,27,27,41,27,41,41,27,27,41,27,27,34,27,41,41,27,27,41,41,41,41,41,41,41,27,41,27,41,41,41,27,41,27,41,27,41,41,41,41,39,41,41,41,41,27,41,28,27,41,27,41,27,27,27,27,27,27,27,27,27,27,27,27,27,27,27,27,27,27,27,27,41,41,27,41,27,41,27,41,27,41,41,41,41,39,41,41,27,41,41,41,33,27,41,27,41,28,27,41,41,27,41,27,41,27,41,36,41,35,41,29,41,41,41,41,41,27,41,27,41,41,28,27,41,41,41,27,41,41,27,27,27,41,27,41,41,27,40,41,41,30,41,41,41,27,41,27,40,27,41,39,27,27,27,27,27,27,27,27,27,27,27,27,27,27,27,27,27,27,27,27,36,41,27,41,27,41,41,41,41,41,41,41,41,41,27,27,41,27,27,41,41,40,41,29,36,27,27,27,27,41,41,41,27,217,27,27,41,27,27,28,33,32,27,41,41,41,40,41,41,41,33,41,41,39,27,41,33,41,27,27,29,27,27,27,41,27,41,32,41,39,41,41,41,27,41,27,41,41,41,41,30,27,27,27,27,27,27,27,27,27,27,27,27,27,27,27,27,27,27,31,41,27,41,28,41,41,41,41,41,27,41,41,27,41,41,27,27,38,27,41,30,37,41,41,27,41,27,40,41,27,27,41,37,41,27,41,27,27,27,163,41,38,27,27,41,41,27,41,41,41,28,41,27,27,27,41,41,27,27,32,41,41,32,27,41,41,41,41,41,27,41,27,37,41,41,41,27,41,41,35,27,27,27,27,27,27,27,27,27,27,27,27,27,27,27,27,27,27,27,27,27,27,41,41,41,27,41,28,27,41,27,27,229,112,230,27,209,27,27,148,27,41,29,28,27,41,41,27,41,27,40,41,41,27,41,27,27,27,27,36,40,40,41,41,41,41,27,41,41,41,92,41,229,229,229,41,112,41,41,41,27,41,27,27,32,41,41,40,41,27,68,28,158,158,27,41,41,228,27,27,27,27,27,27,27,27,27,27,27,27,27,27,27,27,27,27,27,27,27,27,41,41,41,27,27,41,27,41,41,41,41,41,27,27,41,41,27,41,41,27,27,41,41,27,27,27,41,41,27,29,183,27,27,41,41,41,219,27,27,27,124,41,41,41,41,41,41,41,41,41,27,41,41,27,41,27,41,27,41,41,27,41,41,33,27,41,41,27,41,27,41,41,41,27,27,41,41,41,41,27,33,27,27,27,27,27,27,27,27,27,27,27,27,27,27,27,27,27,27,28,27,41,41,41,41,41,41,41,27,41,41,27,27,32,41,41,41,28,41,41,41,27,40,41,36,41,41,27,41,229,27,41,230,27,27,27,41,27,27,29,41,27,27,41,41,27,41,41,27,27,41,27,41,27,41,41,27,39,41,41,41,41,41,41,39,27,41,27,41,41,41,41,41,41,32,41,41,27,27,39,27,27,27,27,27,27,27,27,27,27,27,27,27,27,27,229,27,27,27,224,36,41,29,41,41,41,41,41,41,118,230,230,29,229,27,27,112,229,112,172,28,35,41,41,27,41,230,27,40,41,41,27,41,41,41,41,27,41,41,27,37,41,27,41,27,27,41,41,41,41,41,229,27,229,27,41,41,229,27,27,27,27,27,41,27,41,27,40,150,41,27,230,230,230,230,230,230,230,230,230,27,27,27,27,27,27,27,27,27,27,27,27,27,27,27,27,27,27,27,31,41,27,41,41,41,41,41,41,41,41,27,41,27,41,41,41,41,41,41,41,30,41,41,41,27,41,40,27,40,29,27,41,27,27,29,27,41,41,205,41,27,27,41,27,27,41,32,41,41,27,41,41,27,41,41,41,27,41,27,41,41,27,41,41,41,41,28,28,27,41,41,29,27,41,41,41,41,41,41,36,27,27,27,27,27,27,27,27,27,27,27,27,27,27,27,27,27,27,27,27,39,41,40,33,41,27,41,41,27,27,41,19,4,41,4,4,41,27,41,33,41,27,29,27,27,27,27,27,27,27,230,27,230,29,27,215,230,230,41,230,40,28,41,27,41,41,27,41,41,41,27,41,27,41,27,41,41,41,41,41,41,41,41,41,41,41,41,41,41,27,41,39,40,41,41,41,41,41,41,27,28,27,27,27,27,27,39,27,27,27,27,27,27,27,27,27,27,27,27,34,41,41,41,41,27,41,41,39,41,87,230,230,230,27,43,229,230,230,230,27
41,27,41,41,41,27,27,41,41,27,27,41,27,41,41,27,27,41,27,27,34,27,41,41,27,27,38,41,41,41,41,41,41,33,41,27,41,41,41,27,41,27,41,27,41,41,41,41,28,41,41,41,41,27,41,33,27,41,27,41,29,27,27,27,27,27,27,27,27,27,27,27,27,27,27,27,27,27,27,27,41,41,27,41,27,41,27,41,32,41,41,41,41,41,41,41,27,41,41,41,33,27,41,27,40,27,27,41,36,27,41,28,41,27,41,27,40,28,41,29,41,41,41,41,41,27,41,27,41,41,32,27,41,41,41,27,41,41,27,27,27,41,30,41,41,27,41,41,41,27,41,41,41,27,41,32,28,27,41,39,27,27,27,27,27,27,27,27,27,27,27,27,27,27,27,27,27,27,27,27,36,41,27,41,27,41,41,41,41,41,41,41,41,41,27,27,41,27,27,41,41,36,41,35,28,27,27,27,27,41,41,41,27,60,27,27,41,28,27,27,36,40,27,41,41,41,41,41,41,41,39,41,41,41,27,41,39,41,27,27,27,27,27,27,41,27,41,41,41,29,41,41,41,27,41,27,41,41,41,41,30,27,27,27,27,27,27,27,27,27,27,27,27,27,27,27,27,27,27,31,41,27,41,27,41,41,41,41,41,27,41,41,27,41,41,27,27,30,27,41,30,34,41,41,27,41,27,36,41,27,27,41,40,40,27,41,27,27,27,40,41,30,27,32,41,41,27,41,41,41,32,41,27,27,27,41,41,27,27,40,41,41,39,27,41,41,41,41,41,27,41,27,41,41,41,41,27,41,41,36,27,27,27,27,27,27,27,27,27,27,27,27,27,27,27,27,27,27,27,27,31,27,41,41,41,27,41,27,27,41,27,27,229,47,230,27,115,27,97,148,27,41,27,50,27,41,41,27,41,27,36,41,35,27,41,27,27,27,27,29,41,41,41,41,41,41,27,41,41,41,49,41,229,229,229,41,196,40,41,41,27,41,32,27,40,41,41,41,41,27,152,27,223,223,27,41,41,188,27,27,27,27,27,27,27,27,27,27,27,27,27,27,27,27,27,27,27,27,27,29,41,41,41,27,32,41,27,41,41,41,41,41,27,27,41,41,27,41,40,27,27,40,41,27,27,27,41,41,27,35,183,27,27,41,41,41,151,27,27,27,124,41,41,41,41,41,41,41,41,41,27,41,41,32,41,27,41,27,41,41,27,41,41,39,27,41,41,27,41,27,41,41,41,28,27,41,41,41,41,27,32,27,27,27,27,27,27,27,27,27,27,27,27,27,27,27,27,27,27,28,28,41,41,41,41,41,41,41,27,41,41,28,27,40,41,41,41,32,41,41,41,27,27,41,41,41,41,27,41,229,27,41,160,27,27,27,41,27,27,37,41,27,27,41,41,27,41,41,27,27,41,27,41,28,41,41,27,28,41,41,41,41,41,41,41,27,41,27,41,41,41,41,41,41,40,41,41,27,27,39,27,27,27,27,27,27,27,27,27,27,27,27,27,27,27,230,27,27,27,230,36,41,27,41,41,41,41,41,41,124,229,230,27,229,27,27,197,229,199,54,35,29,41,41,27,41,230,27,41,40,41,27,41,41,40,41,27,41,41,27,37,41,27,41,27,27,41,41,41,41,27,229,27,229,27,41,41,229,27,27,27,27,27,41,27,41,32,41,214,37,27,230,230,230,217,230,230,230,230,230,27,27,27,27,27,27,27,27,27,27,27,27,27,27,27,27,27,27,27,31,41,27,41,41,41,41,41,41,41,41,27,41,27,41,41,41,41,41,41,41,30,41,41,41,27,41,41,27,41,27,27,41,27,27,35,27,41,41,205,41,32,28,41,27,32,41,39,41,41,27,41,41,27,41,41,41,27,41,27,41,41,27,41,41,41,41,33,32,27,41,41,27,27,41,41,41,41,41,41,36,27,27,27,27,27,27,27,27,27,27,27,27,27,27,27,27,27,27,27,27,39,41,41,39,41,27,41,41,27,27,41,4,4,41,4,4,41,27,41,33,36,27,79,27,36,27,27,27,27,27,230,27,223,35,29,146,230,230,41,215,40,32,41,27,41,41,27,41,41,41,27,41,27,41,27,41,41,41,41,41,41,41,41,41,41,41,41,41,41,32,41,41,41,41,41,41,41,41,41,27,28,27,27,27,27,27,41,27,27,27,27,27,27,27,27,27,27,27,27,34,41,41,41,41,27,41,41,41,41,87,230,230,230,27,111,229,230,230,230,27
41,27,41,41,41,27,28,41,41,27,27,41,27,41,41,27,27,41,27,27,34,27,41,41,27,27,31,41,41,41,41,41,41,40,41,27,41,41,41,28,41,27,41,27,41,41,41,41,27,41,41,41,41,27,41,39,28,41,27,41,33,27,27,27,27,27,27,27,27,27,27,27,27,27,27,27,27,27,27,27,41,38,27,41,27,41,27,41,41,41,41,41,41,41,41,41,27,41,41,41,33,29,41,27,35,27,27,41,27,27,41,36,41,29,41,27,35,27,41,29,41,41,41,41,41,27,41,27,41,41,39,27,41,41,41,27,41,41,27,27,27,41,28,41,41,27,41,41,41,27,41,41,41,27,41,40,27,27,41,39,27,27,27,27,27,27,27,27,27,27,27,27,27,27,27,27,27,27,27,27,36,41,27,41,27,41,41,41,41,41,41,41,41,41,27,27,41,27,28,41,41,28,41,40,27,28,27,27,27,41,41,41,27,41,28,27,41,36,27,27,37,41,27,41,41,41,41,41,41,41,41,41,41,41,27,41,41,41,27,27,27,27,28,27,41,27,41,41,41,27,41,41,41,32,41,27,41,41,41,41,31,27,27,27,27,27,27,27,27,27,27,27,27,27,27,27,27,27,27,31,41,27,41,27,41,41,41,41,41,27,41,41,27,41,41,27,27,27,27,41,30,28,41,41,27,41,27,28,41,27,27,41,41,35,29,41,27,27,27,36,41,27,27,41,41,41,27,41,41,41,40,41,27,27,27,41,41,27,27,41,41,41,41,28,41,41,41,41,41,28,41,27,41,41,41,41,27,41,41,36,27,27,27,27,27,27,27,27,27,27,27,27,27,27,27,27,27,27,27,27,39,27,41,41,41,27,41,27,27,41,27,27,229,41,230,27,51,27,230,148,27,41,27,212,27,41,41,27,41,27,28,41,27,27,40,27,27,27,27,27,41,41,41,41,41,41,27,41,41,41,41,41,229,229,229,41,229,28,41,41,27,41,41,27,41,41,41,41,41,27,215,27,229,229,27,41,60,77,27,27,28,27,27,27,27,27,27,27,27,27,27,27,27,27,27,27,27,27,27,33,41,41,41,27,41,41,27,41,41,41,41,41,27,27,41,41,27,41,28,27,27,35,41,27,27,27,41,41,27,40,183,27,27,84,41,41,46,27,27,28,124,41,41,41,41,41,41,41,41,41,27,41,41,41,41,27,41,27,41,41,27,41,41,41,27,41,41,27,41,27,41,41,41,32,27,41,41,41,41,27,28,27,27,27,27,27,27,27,27,27,27,27,27,27,27,27,27,27,27,28,33,41,41,41,41,41,41,41,27,41,41,33,27,41,41,41,41,39,41,41,41,27,27,41,41,41,41,27,41,229,27,41,27,27,27,27,41,31,27,41,41,27,33,41,41,27,41,41,27,29,39,27,27,33,41,41,27,27,41,41,41,41,41,41,41,27,41,27,41,41,41,41,41,41,41,41,41,27,27,39,27,27,27,27,27,27,27,27,27,27,27,27,27,27,27,230,27,27,27,230,36,41,27,41,41,41,41,41,41,124,229,230,27,229,27,27,230,228,230,41,40,27,41,41,27,41,230,36,41,35,41,27,41,41,36,41,27,41,41,27,37,41,28,41,27,27,41,39,41,41,27,230,27,229,27,41,41,229,27,27,27,27,27,41,32,41,41,41,230,30,96,230,230,230,46,230,230,230,230,230,27,27,27,27,27,27,27,27,27,27,27,27,27,27,27,27,27,27,27,31,41,27,41,41,41,41,41,41,41,41,27,41,27,41,41,41,41,41,41,41,32,41,41,41,28,41,41,27,41,27,27,41,27,27,40,27,41,41,205,41,41,32,41,27,41,41,41,41,41,27,41,41,27,41,41,41,27,41,27,41,41,27,41,41,41,41,40,39,28,41,41,27,27,41,41,41,41,41,41,36,27,27,27,27,27,27,27,27,27,27,27,27,27,27,27,27,27,27,27,27,39,41,41,41,41,27,41,41,27,27,41,4,4,41,4,4,41,27,41,33,27,27,183,27,41,28,27,27,27,35,230,27,153,40,35,57,230,230,41,146,40,40,41,27,41,41,27,41,41,41,27,41,27,41,27,41,41,41,41,41,41,41,41,41,41,41,41,41,41,41,41,41,41,41,41,41,41,41,41,27,28,27,27,27,27,27,41,27,27,27,27,27,27,27,27,27,27,27,27,34,41,41,41,41,27,41,41,41,41,87,230,230,230,27,200,229,230,230,230,27
41,27,41,41,41,27,28,41,41,27,27,41,27,41,41,27,27,41,27,27,34,27,41,41,27,27,31,41,41,41,41,41,41,40,41,27,41,41,41,28,41,27,41,27,41,41,41,41,27,41,41,41,41,27,41,39,28,41,27,41,33,27,27,27,27,27,27,27,27,27,27,27,27,27,27,27,27,27,27,27,41,38,27,41,27,41,27,41,41,41,41,41,41,41,41,41,27,41,41,41,33,29,41,27,35,27,27,41,27,27,41,36,41,29,41,27,35,27,41,29,41,41,41,41,41,27,41,27,41,41,39,27,41,41,41,27,41,41,27,27,27,41,28,41,41,27,41,41,41,27,41,41,41,27,41,40,27,27,41,39,27,27,27,27,27,27,27,27,27,27,27,27,27,27,27,27,27,27,27,27,36,41,27,41,27,41,41,41,41,41,41,41,41,41,27,27,41,27,28,41,41,28,41,40,27,28,27,27,27,41,41,41,27,41,28,27,41,36,27,27,37,41,27,41,41,41,41,41,41,41,41,41,41,41,27,41,41,41,27,27,27,27,28,27,41,27,41,41,41,27,41,41,41,32,41,27,41,41,41,41,31,27,27,27,27,27,27,27,27,27,27,27,27,27,27,27,27,27,27,31,41,27,41,27,41,41,41,41,41,27,41,41,27,41,41,27,27,27,27,41,30,28,41,41,27,41,27,28,41,27,27,41,41,35,29,41,27,27,27,36,41,27,27,41,41,41,27,41,41,41,40,41,27,27,27,41,41,27,27,41,41,41,41,28,41,41,41,41,41,28,41,27,41,41,41,41,27,41,41,36,27,27,27,27,27,27,27,27,27,27,27,27,27,27,27,27,27,27,27,27,39,27,41,41,41,27,41,27,27,41,27,27,229,41,230,27,51,27,230,148,27,41,27,212,27,41,41,27,41,27,28,41,27,27,40,27,27,27,27,27,41,41,41,41,41,41,27,41,41,41,41,41,229,229,229,41,229,28,41,41,27,41,41,27,41,41,41,41,41,27,215,27,229,229,27,41,60,77,27,27,28,27,27,27,27,27,27,27,27,27,27,27,27,27,27,27,27,27,27,33,41,41,41,27,41,41,27,41,41,41,41,41,27,27,41,41,27,41,28,27,27,35,41,27,27,27,41,41,27,40,183,27,27,84,41,41,46,27,27,28,124,41,41,41,41,41,41,41,41,41,27,41,41,41,41,27,41,27,41,41,27,41,41,41,27,41,41,27,41,27,41,41,41,32,27,41,41,41,41,27,28,27,27,27,27,27,27,27,27,27,27,27,27,27,27,27,27,27,27,28,33,41,41,41,41,41,41,41,27,41,41,33,27,41,41,41,41,39,41,41,41,27,27,41,41,41,41,27,41,229,27,41,27,27,27,27,41,31,27,41,41,27,33,41,41,27,41,41,27,29,39,27,27,33,41,41,27,27,41,41,41,41,41,41,41,27,41,27,41,41,41,41,41,41,41,41,41,27,27,39,27,27,27,27,27,27,27,27,27,27,27,27,27,27,27,230,27,27,27,230,36,41,27,41,41,41,41,41,41,124,229,230,27,229,27,27,230,228,230,41,40,27,41,41,27,41,230,36,41,35,41,27,41,41,36,41,27,41,41,27,37,41,28,41,27,27,41,39,41,41,27,230,27,229,27,41,41,229,27,27,27,27,27,41,32,41,41,41,230,30,96,230,230,230,46,230,230,230,230,230,27,27,27,27,27,27,27,27,27,27,27,27,27,27,27,27,27,27,27,31,41,27,41,41,41,41,41,41,41,41,27,41,27,41,41,41,41,41,41,41,32,41,41,41,28,41,41,27,41,27,27,41,27,27,40,27,41,41,205,41,41,32,41,27,41,41,41,41,41,27,41,41,27,41,41,41,27,41,27,41,41,27,41,41,41,41,40,39,28,41,41,27,27,41,41,41,41,41,41,36,27,27,27,27,27,27,27,27,27,27,27,27,27,27,27,27,27,27,27,27,39,41,41,41,41,27,41,41,27,27,41,4,4,41,4,4,41,27,41,33,27,27,183,27,41,28,27,27,27,35,230,27,153,40,35,57,230,230,41,146,40,40,41,27,41,41,27,41,41,41,27,41,27,41,27,41,41,41,41,41,41,41,41,41,41,41,41,41,41,41,41,41,41,41,41,41,41,41,41,27,28,27,27,27,27,27,41,27,27,27,27,27,27,27,27,27,27,27,27,34,41,41,41,41,27,41,41,41,41,87,230,230,230,27,200,229,230,230,230,27
41,29,41,41,41,27,35,40,41,27,27,41,36,41,41,27,27,41,27,27,34,27,41,41,32,27,27,41,41,41,41,41,38,41,41,27,41,41,41,33,41,27,41,28,41,41,41,41,27,41,41,41,41,27,41,41,32,41,27,41,33,27,27,27,27,27,27,27,27,27,27,27,27,27,27,27,27,27,27,27,41,30,27,41,27,41,27,41,41,41,41,41,41,41,41,41,27,41,41,41,34,35,41,27,29,27,27,41,27,36,41,41,41,35,41,27,28,27,41,29,41,41,41,41,41,27,41,27,41,41,41,27,41,41,41,27,41,41,27,27,27,41,33,41,41,28,41,41,41,27,41,41,41,27,41,41,27,32,41,39,27,27,27,27,27,27,27,27,27,27,27,27,27,27,27,27,27,27,27,27,36,41,27,41,32,41,41,41,41,41,41,41,41,41,28,27,41,27,33,41,41,27,41,41,27,36,29,27,27,40,41,41,27,41,35,27,41,41,27,27,37,41,27,41,41,41,41,41,41,41,41,41,41,41,27,41,41,41,27,27,27,27,32,27,41,27,41,41,41,27,41,41,41,41,41,27,41,41,41,41,36,27,27,27,27,27,27,27,27,27,27,27,27,27,27,27,27,27,27,31,41,27,41,27,41,41,41,41,39,27,41,41,27,41,41,27,27,27,32,41,30,27,41,41,27,41,27,27,41,27,27,41,41,29,35,41,27,27,27,36,41,27,27,27,41,38,27,41,41,41,41,41,27,27,27,41,41,27,27,41,41,41,41,32,41,41,41,41,41,33,41,27,41,41,41,41,27,41,41,36,27,27,27,27,27,27,27,27,27,27,27,27,27,27,27,27,27,27,27,27,39,27,41,41,41,32,41,27,27,41,73,27,229,41,230,27,41,27,230,148,27,41,27,229,27,41,41,27,41,27,27,41,27,27,35,28,27,27,27,27,41,41,41,41,41,41,27,39,41,27,41,41,229,229,229,41,229,27,41,41,27,41,41,27,41,41,41,41,41,27,229,27,229,229,27,41,155,41,27,27,28,27,27,27,27,27,27,27,27,27,27,27,27,27,27,27,27,27,27,34,41,41,41,27,41,41,27,41,41,41,41,41,28,27,41,41,27,41,27,27,27,29,41,36,28,27,41,41,27,41,183,27,27,182,41,41,27,27,27,35,117,41,41,41,41,41,41,41,41,41,27,41,41,41,41,27,41,27,41,41,27,41,41,41,27,41,41,27,41,27,41,41,41,40,27,41,41,41,41,27,27,27,27,27,27,27,27,27,27,27,27,27,27,27,27,27,27,27,27,28,39,41,41,41,41,41,41,41,27,41,41,39,27,41,41,41,41,41,41,41,41,27,27,41,41,41,41,27,41,218,27,41,27,27,27,27,41,41,27,41,41,27,40,41,41,27,41,41,27,39,29,27,27,39,41,41,27,27,41,41,41,41,41,41,41,27,41,27,41,41,41,41,41,41,41,41,41,27,27,39,27,27,27,27,27,27,27,27,27,27,27,27,27,27,27,230,27,27,27,230,36,41,27,41,41,41,41,41,41,124,229,230,27,229,27,97,230,180,230,41,41,27,41,41,27,41,230,41,41,29,41,27,41,40,28,41,27,41,41,27,37,41,32,41,27,27,41,28,41,41,27,230,33,229,27,41,41,229,27,34,28,27,27,41,41,41,41,41,230,27,228,230,230,230,27,230,230,230,230,230,27,27,27,27,27,27,27,27,27,27,27,27,27,27,27,27,27,27,27,31,41,27,41,41,41,41,41,27,41,41,28,41,32,41,41,41,41,41,41,41,36,41,41,41,36,41,41,27,41,27,27,41,27,27,41,27,41,41,205,41,41,40,41,27,41,41,41,41,41,27,41,41,32,41,41,41,27,41,28,41,41,27,41,41,41,41,41,41,32,41,41,27,30,41,41,41,41,41,41,36,27,27,27,27,27,27,27,27,27,27,27,27,27,27,27,27,27,27,27,27,36,41,41,41,41,27,41,41,27,28,41,4,4,41,28,4,41,19,41,33,27,27,230,27,41,36,27,27,27,41,230,29,40,41,40,27,230,221,41,56,40,41,41,27,41,41,27,41,41,41,27,41,27,41,27,41,41,41,41,41,41,41,41,41,41,41,41,41,41,41,41,41,41,41,41,41,41,41,41,27,28,27,27,27,27,27,41,27,27,27,27,27,27,27,27,27,27,27,27,34,41,41,41,41,27,41,41,41,41,87,230,230,230,27,230,229,230,230,230,27
40,35,41,41,41,28,40,36,41,27,27,41,41,41,41,27,27,41,27,27,34,27,41,41,41,27,27,41,41,41,41,41,31,41,41,27,41,41,39,39,41,27,41,33,41,41,41,41,27,41,41,41,41,27,41,41,39,41,27,41,33,27,27,27,27,27,27,27,27,27,27,27,27,27,27,27,27,27,27,27,41,27,27,41,27,41,27,41,41,41,41,41,41,41,41,41,28,41,41,41,37,40,41,27,27,27,27,41,27,41,41,41,41,40,41,27,27,27,41,29,41,41,41,41,41,27,41,27,41,41,41,28,41,41,41,28,41,41,27,27,27,41,39,41,41,33,41,41,41,27,41,41,41,27,41,41,27,40,41,39,27,27,27,27,27,27,27,27,27,27,31,27,27,27,27,27,27,27,27,27,36,41,28,41,41,41,41,38,41,41,41,41,41,41,32,27,41,27,39,41,41,27,41,41,27,41,35,27,27,36,41,41,27,41,41,27,41,41,28,27,37,41,27,41,41,41,41,41,41,41,41,41,41,41,27,41,41,41,27,27,27,27,39,27,41,28,41,41,41,27,41,41,41,41,41,27,41,41,41,41,38,27,27,27,27,27,27,28,27,27,27,27,27,27,27,27,27,27,27,31,41,27,41,27,41,41,41,41,29,27,41,41,27,41,41,27,27,27,41,41,31,27,41,41,28,41,27,27,41,27,27,41,41,27,40,41,27,27,27,36,41,27,32,32,41,30,27,41,41,41,41,41,27,27,27,41,41,28,27,41,41,41,41,39,41,41,41,41,41,39,41,27,41,41,41,41,27,41,41,36,27,27,27,27,27,27,27,27,27,27,27,27,27,27,27,27,27,27,27,27,39,27,41,41,41,40,41,27,27,41,161,27,229,41,230,27,41,27,230,148,27,41,27,229,27,41,41,27,41,27,27,41,27,27,28,35,27,27,27,27,41,41,41,41,41,41,27,41,41,27,41,41,229,229,229,41,229,27,41,41,27,41,41,27,41,41,41,41,41,27,229,27,228,228,27,41,219,41,32,27,28,27,27,27,27,27,27,27,27,27,27,27,27,27,27,27,27,27,27,34,41,40,41,27,41,41,28,41,41,41,41,41,33,27,41,41,27,41,27,27,28,27,41,41,36,27,41,41,27,41,179,27,27,228,41,41,27,27,27,40,87,41,41,41,41,41,41,41,41,41,27,41,41,41,41,27,41,27,41,41,27,41,41,41,27,41,41,28,41,27,41,41,41,41,27,41,41,41,41,27,27,27,27,27,27,27,27,27,27,27,27,27,27,27,27,27,27,27,27,28,41,41,41,41,41,41,41,41,27,41,41,41,28,41,41,41,41,41,41,41,41,28,27,41,41,41,41,27,41,150,27,41,27,27,27,27,41,41,29,41,41,27,41,41,41,27,41,41,27,41,27,27,27,41,41,41,27,27,41,41,41,41,41,41,41,28,41,27,41,41,41,41,41,41,41,41,41,28,27,39,27,27,27,27,27,27,27,27,27,27,27,27,27,27,27,230,27,27,27,230,36,41,27,41,41,41,41,41,41,124,229,229,27,229,27,230,230,85,230,41,41,27,41,41,27,41,230,41,41,27,41,27,41,36,27,41,27,41,36,27,37,41,39,41,27,28,41,27,41,41,27,230,103,230,27,39,39,229,44,86,32,27,27,41,41,41,41,41,230,27,228,230,230,230,27,230,230,230,230,230,27,27,27,27,27,27,27,27,27,27,27,27,27,27,27,27,27,27,27,31,41,27,41,41,41,41,41,27,41,41,32,41,41,41,41,41,41,41,41,41,40,41,41,41,40,41,41,28,41,27,27,41,27,27,41,27,41,41,205,41,41,41,41,27,41,41,41,41,41,27,41,41,41,41,41,41,32,41,33,41,41,27,41,41,41,41,41,41,39,41,41,27,39,41,41,41,41,41,41,36,27,27,27,27,27,27,27,27,27,27,27,27,27,27,27,27,27,27,27,27,32,41,41,41,41,27,41,41,28,33,41,4,4,41,41,8,41,4,41,26,27,27,230,29,41,40,27,27,27,41,230,35,27,41,41,27,230,152,41,27,40,41,41,27,41,41,27,41,41,41,27,41,27,41,27,41,41,41,41,41,41,41,41,41,41,41,41,41,41,41,41,41,41,41,41,41,41,41,41,27,28,27,27,27,27,27,41,27,27,27,27,27,27,27,27,27,27,27,27,34,41,41,41,41,27,41,41,41,41,87,230,230,229,44,230,190,230,230,230,27
40,35,41,41,41,28,40,36,41,27,27,41,41,41,41,27,27,41,27,27,34,27,41,41,41,27,27,41,41,41,41,41,31,41,41,27,41,41,39,39,41,27,41,33,41,41,41,41,27,41,41,41,41,27,41,41,39,41,27,41,33,27,27,27,27,27,27,27,27,27,27,27,27,27,27,27,27,27,27,27,41,27,27,41,27,41,27,41,41,41,41,41,41,41,41,41,28,41,41,41,37,40,41,27,27,27,27,41,27,41,41,41,41,40,41,27,27,27,41,29,41,41,41,41,41,27,41,27,41,41,41,28,41,41,41,28,41,41,27,27,27,41,39,41,41,33,41,41,41,27,41,41,41,27,41,41,27,40,41,39,27,27,27,27,27,27,27,27,27,27,31,27,27,27,27,27,27,27,27,27,36,41,28,41,41,41,41,38,41,41,41,41,41,41,32,27,41,27,39,41,41,27,41,41,27,41,35,27,27,36,41,41,27,41,41,27,41,41,28,27,37,41,27,41,41,41,41,41,41,41,41,41,41,41,27,41,41,41,27,27,27,27,39,27,41,28,41,41,41,27,41,41,41,41,41,27,41,41,41,41,38,27,27,27,27,27,27,28,27,27,27,27,27,27,27,27,27,27,27,31,41,27,41,27,41,41,41,41,29,27,41,41,27,41,41,27,27,27,41,41,31,27,41,41,28,41,27,27,41,27,27,41,41,27,40,41,27,27,27,36,41,27,32,32,41,30,27,41,41,41,41,41,27,27,27,41,41,28,27,41,41,41,41,39,41,41,41,41,41,39,41,27,41,41,41,41,27,41,41,36,27,27,27,27,27,27,27,27,27,27,27,27,27,27,27,27,27,27,27,27,39,27,41,41,41,40,41,27,27,41,161,27,229,41,230,27,41,27,230,148,27,41,27,229,27,41,41,27,41,27,27,41,27,27,28,35,27,27,27,27,41,41,41,41,41,41,27,41,41,27,41,41,229,229,229,41,229,27,41,41,27,41,41,27,41,41,41,41,41,27,229,27,228,228,27,41,219,41,32,27,28,27,27,27,27,27,27,27,27,27,27,27,27,27,27,27,27,27,27,34,41,40,41,27,41,41,28,41,41,41,41,41,33,27,41,41,27,41,27,27,28,27,41,41,36,27,41,41,27,41,179,27,27,228,41,41,27,27,27,40,87,41,41,41,41,41,41,41,41,41,27,41,41,41,41,27,41,27,41,41,27,41,41,41,27,41,41,28,41,27,41,41,41,41,27,41,41,41,41,27,27,27,27,27,27,27,27,27,27,27,27,27,27,27,27,27,27,27,27,28,41,41,41,41,41,41,41,41,27,41,41,41,28,41,41,41,41,41,41,41,41,28,27,41,41,41,41,27,41,150,27,41,27,27,27,27,41,41,29,41,41,27,41,41,41,27,41,41,27,41,27,27,27,41,41,41,27,27,41,41,41,41,41,41,41,28,41,27,41,41,41,41,41,41,41,41,41,28,27,39,27,27,27,27,27,27,27,27,27,27,27,27,27,27,27,230,27,27,27,230,36,41,27,41,41,41,41,41,41,124,229,229,27,229,27,230,230,85,230,41,41,27,41,41,27,41,230,41,41,27,41,27,41,36,27,41,27,41,36,27,37,41,39,41,27,28,41,27,41,41,27,230,103,230,27,39,39,229,44,86,32,27,27,41,41,41,41,41,230,27,228,230,230,230,27,230,230,230,230,230,27,27,27,27,27,27,27,27,27,27,27,27,27,27,27,27,27,27,27,31,41,27,41,41,41,41,41,27,41,41,32,41,41,41,41,41,41,41,41,41,40,41,41,41,40,41,41,28,41,27,27,41,27,27,41,27,41,41,205,41,41,41,41,27,41,41,41,41,41,27,41,41,41,41,41,41,32,41,33,41,41,27,41,41,41,41,41,41,39,41,41,27,39,41,41,41,41,41,41,36,27,27,27,27,27,27,27,27,27,27,27,27,27,27,27,27,27,27,27,27,32,41,41,41,41,27,41,41,28,33,41,4,4,41,41,8,41,4,41,26,27,27,230,29,41,40,27,27,27,41,230,35,27,41,41,27,230,152,41,27,40,41,41,27,41,41,27,41,41,41,27,41,27,41,27,41,41,41,41,41,41,41,41,41,41,41,41,41,41,41,41,41,41,41,41,41,41,41,41,27,28,27,27,27,27,27,41,27,27,27,27,27,27,27,27,27,27,27,27,34,41,41,41,41,27,41,41,41,41,87,230,230,229,44,230,190,230,230,230,27
35,40,41,41,41,36,41,28,40,27,29,41,41,41,41,27,27,41,27,27,34,28,41,41,41,27,27,41,41,41,41,41,27,41,41,27,41,41,29,41,41,27,41,39,41,41,41,41,27,41,41,41,41,27,41,41,41,41,27,41,33,27,27,27,27,27,27,27,27,27,27,27,27,27,27,27,27,27,27,27,41,27,27,41,27,41,27,41,41,41,41,41,41,41,41,41,33,41,41,41,41,41,41,27,27,27,27,41,27,41,41,41,41,41,41,27,27,27,41,30,41,41,41,41,41,27,41,27,41,41,41,33,41,41,41,32,41,41,27,27,27,27,41,41,41,39,41,41,41,27,41,41,41,33,41,41,27,41,41,39,27,27,27,27,27,27,27,27,27,27,38,27,27,27,27,27,27,27,27,27,36,41,32,41,41,41,41,31,41,41,41,41,41,41,40,27,41,27,41,41,41,27,41,41,27,41,40,28,27,28,41,41,28,41,41,27,41,41,36,27,37,41,27,41,41,41,41,41,41,41,41,41,41,41,27,41,41,41,32,27,27,27,41,27,41,33,41,41,41,27,41,41,41,41,41,33,41,41,41,41,38,27,27,27,27,27,27,40,27,27,27,27,27,27,27,27,27,27,27,31,41,27,41,27,41,41,41,41,27,27,41,41,27,41,41,27,27,27,41,41,35,27,40,41,35,41,27,27,40,27,27,41,41,27,41,41,28,27,27,36,41,27,41,41,41,27,27,41,41,41,41,41,27,27,27,41,41,32,27,41,41,41,41,41,41,41,41,41,41,41,41,27,41,41,41,41,28,41,41,36,27,27,27,27,27,27,27,27,27,27,27,27,27,27,27,27,27,27,27,27,39,27,41,41,41,41,41,27,27,41,161,27,217,41,229,97,41,27,230,148,27,41,27,229,27,41,41,27,41,28,27,41,27,27,27,40,27,27,27,27,41,41,41,41,41,41,27,39,41,27,41,41,229,229,229,41,229,27,41,39,27,41,41,27,41,41,41,41,41,27,229,27,206,206,27,53,229,41,41,27,28,27,27,27,27,27,27,27,27,27,27,27,27,27,27,27,27,27,27,34,41,28,41,27,41,41,33,41,41,41,41,41,39,27,41,41,27,41,27,27,36,27,41,41,41,27,40,41,36,41,126,27,27,229,41,41,27,29,27,41,46,41,41,41,41,41,41,41,41,41,27,41,41,41,41,27,41,27,41,41,27,41,38,41,27,41,41,33,41,27,41,41,41,41,27,41,41,41,41,27,27,27,27,27,27,27,27,27,27,27,27,27,27,27,27,27,27,27,27,28,41,41,41,41,41,41,41,41,27,41,41,41,33,41,41,41,41,41,41,41,40,35,27,41,41,41,41,27,41,47,29,41,27,27,27,29,41,41,35,41,41,27,41,41,41,27,41,41,27,41,27,27,27,41,41,41,27,27,41,41,41,41,39,41,41,33,41,32,41,41,41,41,41,41,41,41,41,33,27,39,27,27,27,27,27,27,27,27,27,27,27,27,27,27,27,230,27,27,27,230,36,41,27,41,41,27,41,41,41,124,229,229,27,229,27,230,230,41,230,41,41,27,41,41,28,41,47,41,41,27,41,27,41,28,27,36,27,41,27,27,37,41,41,41,27,33,41,27,41,41,27,230,216,230,27,29,29,230,112,170,40,27,27,41,41,41,41,41,228,27,228,230,230,230,27,230,230,230,230,230,27,27,27,27,27,27,27,27,27,27,27,27,27,27,27,27,27,27,27,31,41,28,41,41,41,41,41,27,41,41,40,41,41,41,41,41,41,41,41,41,41,41,41,41,41,41,41,36,41,27,27,41,27,27,41,27,41,41,229,41,41,41,41,27,41,41,41,41,41,28,41,41,41,41,41,27,41,41,39,41,41,27,41,41,41,41,41,41,41,41,41,27,41,41,41,41,41,41,41,36,27,27,27,27,27,27,27,27,27,27,27,27,27,27,27,27,27,27,27,27,29,41,41,41,41,27,41,41,33,39,41,4,4,27,41,26,41,4,41,13,27,27,230,35,41,41,27,27,27,41,230,40,27,41,41,27,230,45,41,27,40,41,41,27,41,41,27,41,41,41,27,41,27,41,27,41,41,41,41,41,41,41,41,41,41,41,41,41,38,41,41,41,41,41,41,41,41,41,41,27,28,28,27,27,27,27,41,27,27,27,27,27,27,27,27,27,27,27,27,34,41,41,41,41,27,41,41,41,41,85,230,230,229,112,230,71,230,230,230,27
35,40,41,41,41,36,41,28,40,27,29,41,41,41,41,27,27,41,27,27,34,28,41,41,41,27,27,41,41,41,41,41,27,41,41,27,41,41,29,41,41,27,41,39,41,41,41,41,27,41,41,41,41,27,41,41,41,41,27,41,33,27,27,27,27,27,27,27,27,27,27,27,27,27,27,27,27,27,27,27,41,27,27,41,27,41,27,41,41,41,41,41,41,41,41,41,33,41,41,41,41,41,41,27,27,27,27,41,27,41,41,41,41,41,41,27,27,27,41,30,41,41,41,41,41,27,41,27,41,41,41,33,41,41,41,32,41,41,27,27,27,27,41,41,41,39,41,41,41,27,41,41,41,33,41,41,27,41,41,39,27,27,27,27,27,27,27,27,27,27,38,27,27,27,27,27,27,27,27,27,36,41,32,41,41,41,41,31,41,41,41,41,41,41,40,27,41,27,41,41,41,27,41,41,27,41,40,28,27,28,41,41,28,41,41,27,41,41,36,27,37,41,27,41,41,41,41,41,41,41,41,41,41,41,27,41,41,41,32,27,27,27,41,27,41,33,41,41,41,27,41,41,41,41,41,33,41,41,41,41,38,27,27,27,27,27,27,40,27,27,27,27,27,27,27,27,27,27,27,31,41,27,41,27,41,41,41,41,27,27,41,41,27,41,41,27,27,27,41,41,35,27,40,41,35,41,27,27,40,27,27,41,41,27,41,41,28,27,27,36,41,27,41,41,41,27,27,41,41,41,41,41,27,27,27,41,41,32,27,41,41,41,41,41,41,41,41,41,41,41,41,27,41,41,41,41,28,41,41,36,27,27,27,27,27,27,27,27,27,27,27,27,27,27,27,27,27,27,27,27,39,27,41,41,41,41,41,27,27,41,161,27,217,41,229,97,41,27,230,148,27,41,27,229,27,41,41,27,41,28,27,41,27,27,27,40,27,27,27,27,41,41,41,41,41,41,27,39,41,27,41,41,229,229,229,41,229,27,41,39,27,41,41,27,41,41,41,41,41,27,229,27,206,206,27,53,229,41,41,27,28,27,27,27,27,27,27,27,27,27,27,27,27,27,27,27,27,27,27,34,41,28,41,27,41,41,33,41,41,41,41,41,39,27,41,41,27,41,27,27,36,27,41,41,41,27,40,41,36,41,126,27,27,229,41,41,27,29,27,41,46,41,41,41,41,41,41,41,41,41,27,41,41,41,41,27,41,27,41,41,27,41,38,41,27,41,41,33,41,27,41,41,41,41,27,41,41,41,41,27,27,27,27,27,27,27,27,27,27,27,27,27,27,27,27,27,27,27,27,28,41,41,41,41,41,41,41,41,27,41,41,41,33,41,41,41,41,41,41,41,40,35,27,41,41,41,41,27,41,47,29,41,27,27,27,29,41,41,35,41,41,27,41,41,41,27,41,41,27,41,27,27,27,41,41,41,27,27,41,41,41,41,39,41,41,33,41,32,41,41,41,41,41,41,41,41,41,33,27,39,27,27,27,27,27,27,27,27,27,27,27,27,27,27,27,230,27,27,27,230,36,41,27,41,41,27,41,41,41,124,229,229,27,229,27,230,230,41,230,41,41,27,41,41,28,41,47,41,41,27,41,27,41,28,27,36,27,41,27,27,37,41,41,41,27,33,41,27,41,41,27,230,216,230,27,29,29,230,112,170,40,27,27,41,41,41,41,41,228,27,228,230,230,230,27,230,230,230,230,230,27,27,27,27,27,27,27,27,27,27,27,27,27,27,27,27,27,27,27,31,41,28,41,41,41,41,41,27,41,41,40,41,41,41,41,41,41,41,41,41,41,41,41,41,41,41,41,36,41,27,27,41,27,27,41,27,41,41,229,41,41,41,41,27,41,41,41,41,41,28,41,41,41,41,41,27,41,41,39,41,41,27,41,41,41,41,41,41,41,41,41,27,41,41,41,41,41,41,41,36,27,27,27,27,27,27,27,27,27,27,27,27,27,27,27,27,27,27,27,27,29,41,41,41,41,27,41,41,33,39,41,4,4,27,41,26,41,4,41,13,27,27,230,35,41,41,27,27,27,41,230,40,27,41,41,27,230,45,41,27,40,41,41,27,41,41,27,41,41,41,27,41,27,41,27,41,41,41,41,41,41,41,41,41,41,41,41,41,38,41,41,41,41,41,41,41,41,41,41,27,28,28,27,27,27,27,41,27,27,27,27,27,27,27,27,27,27,27,27,34,41,41,41,41,27,41,41,41,41,85,230,230,229,112,230,71,230,230,230,27
29,41,41,35,41,41,41,27,36,28,35,40,41,41,41,27,27,41,27,36,34,33,41,41,41,27,27,41,41,41,41,41,27,41,41,27,41,41,27,41,27,27,41,41,41,41,41,41,27,41,41,41,41,27,41,41,41,41,27,41,33,27,27,27,27,27,27,27,27,27,27,27,27,27,27,27,27,27,27,27,41,27,27,41,27,41,27,41,41,41,41,41,41,41,41,41,40,41,41,41,41,41,41,27,27,27,27,40,27,41,36,41,41,41,41,27,27,27,41,36,41,41,41,38,41,28,41,27,41,41,41,39,39,41,41,40,41,41,27,27,27,27,41,41,41,41,41,41,41,27,41,41,41,40,41,41,27,41,41,39,27,27,27,27,27,27,27,27,27,27,41,27,27,27,41,27,41,27,27,27,36,41,40,41,41,41,41,27,41,41,41,41,41,41,41,27,41,27,41,41,40,27,41,41,27,41,41,36,27,27,41,41,35,41,41,36,41,41,41,27,37,41,27,41,41,41,41,39,41,41,41,41,41,41,27,41,41,41,41,27,27,27,41,27,41,39,41,41,41,27,41,41,41,41,41,40,41,41,41,41,38,27,29,27,27,27,27,41,27,27,27,27,27,27,27,27,27,27,27,31,41,27,41,27,41,41,41,41,27,27,41,41,27,41,41,27,27,27,41,41,38,27,35,41,41,41,27,27,35,27,36,41,41,27,41,41,35,27,27,36,41,27,41,41,41,27,27,41,41,41,41,41,27,27,27,41,41,40,28,41,41,41,41,41,41,41,41,41,41,41,41,27,41,41,41,41,33,27,41,36,27,27,27,27,27,27,27,27,27,27,27,27,27,27,27,27,27,27,27,27,39,27,41,41,41,41,41,27,28,41,161,27,112,41,229,230,41,27,230,148,29,41,27,229,27,41,41,36,41,36,27,41,27,27,27,41,27,27,27,27,41,41,41,41,41,41,27,27,27,27,41,38,204,229,229,41,229,27,41,28,28,41,41,27,41,41,41,41,41,27,229,27,59,59,27,158,229,41,41,27,28,27,27,27,27,27,27,27,27,27,27,28,27,27,27,27,27,27,27,34,41,27,41,27,41,41,39,41,41,41,41,41,41,28,41,41,27,41,27,33,41,27,41,41,41,27,37,41,41,41,33,29,27,229,84,41,27,36,27,41,34,41,41,41,41,41,41,41,41,41,27,41,41,41,41,28,41,27,41,41,27,41,30,41,27,41,41,39,41,27,41,41,41,41,27,41,41,41,41,27,27,27,27,27,27,27,27,27,27,27,27,27,27,27,27,27,27,27,27,28,41,41,41,41,41,41,41,41,27,41,41,41,39,41,41,41,41,41,41,41,36,40,27,41,41,41,41,27,41,27,35,41,27,27,29,35,41,41,40,41,41,27,41,41,41,27,41,41,27,41,27,32,27,41,41,41,27,27,41,41,41,41,27,41,41,39,41,41,41,41,41,41,41,41,41,41,41,39,27,39,27,27,27,27,27,27,27,27,27,27,27,27,27,27,27,230,47,27,27,230,36,41,27,41,41,27,41,41,41,124,229,229,27,229,27,230,230,41,229,40,41,27,41,41,35,41,41,41,41,27,41,27,41,27,27,27,27,41,27,27,40,41,41,41,27,39,41,27,41,41,27,230,229,230,27,27,27,230,196,183,41,27,28,41,41,41,41,41,181,27,228,33,230,230,27,230,230,230,230,230,44,27,27,27,75,27,27,42,27,27,27,27,27,27,27,27,27,27,27,31,41,33,41,41,41,41,41,27,41,41,41,41,41,41,41,41,41,41,41,41,41,41,41,41,41,41,41,41,41,27,27,41,27,27,41,27,41,41,230,41,41,41,41,32,41,41,41,41,41,33,41,41,41,41,41,27,41,41,41,41,41,28,41,41,27,41,41,41,41,41,41,27,41,41,41,41,41,41,41,36,27,27,27,27,27,27,27,27,27,27,27,27,27,27,27,27,27,27,27,27,29,41,41,41,41,27,41,41,39,41,41,4,4,27,41,39,41,4,41,13,27,27,230,40,41,41,27,27,27,41,230,41,27,41,41,27,230,27,41,27,40,41,41,27,41,41,27,41,41,41,27,41,27,41,32,41,41,41,41,41,41,41,41,38,41,27,41,41,30,41,41,41,41,41,41,41,41,41,41,27,28,40,27,27,27,27,41,27,27,27,27,27,29,27,27,27,27,27,27,34,27,41,41,41,27,41,41,41,41,31,230,230,229,199,230,28,230,230,230,39
27,41,41,27,41,41,41,27,28,36,40,35,41,41,41,28,28,41,27,41,34,39,41,41,41,27,27,41,27,41,41,41,27,41,41,27,41,41,27,41,27,27,41,41,41,41,41,41,27,41,41,41,41,27,41,41,41,41,28,41,33,27,27,27,27,27,27,27,27,27,27,29,27,27,27,27,27,27,27,28,41,27,28,41,27,41,28,41,41,41,41,41,41,41,41,41,41,41,41,41,41,41,41,36,27,27,27,36,27,41,27,41,41,41,36,27,27,27,41,41,41,41,41,31,41,33,41,32,41,41,41,41,28,41,41,41,41,41,27,27,27,27,41,41,41,41,41,41,41,27,41,41,41,41,41,41,27,41,41,39,27,27,27,28,27,27,27,27,27,27,41,27,29,27,41,27,41,27,27,27,36,41,41,41,41,41,41,27,41,41,41,41,41,41,41,27,41,27,41,41,36,27,41,41,27,41,41,41,27,27,41,41,41,35,41,41,41,41,41,27,37,41,27,41,41,41,41,29,41,41,41,41,41,41,28,41,41,41,41,27,27,28,41,28,41,41,41,41,41,27,41,41,41,41,27,41,41,41,41,41,38,27,38,27,27,27,27,41,27,27,27,27,27,27,27,27,27,27,27,31,41,28,41,27,41,41,41,41,27,27,41,41,27,41,41,27,27,27,41,27,40,27,28,41,41,41,28,27,29,29,41,41,41,27,41,41,40,27,27,35,41,27,41,41,41,27,27,41,41,41,41,41,32,32,27,41,41,41,33,41,41,41,41,41,41,41,41,41,41,41,41,27,41,41,41,41,40,27,41,36,27,27,27,27,27,27,29,27,27,27,27,27,27,27,27,27,27,27,27,27,39,28,41,41,41,41,41,27,33,41,161,27,47,41,229,230,41,27,230,148,34,41,27,213,28,41,41,41,41,41,27,41,27,28,27,41,27,29,29,27,41,41,41,41,41,41,28,27,27,27,41,30,118,229,106,41,229,27,41,27,32,41,41,27,41,41,41,41,41,27,228,27,41,41,27,223,229,41,41,32,28,27,27,27,27,27,27,27,27,27,27,40,27,27,27,27,27,27,27,34,27,27,41,27,41,41,41,41,41,41,41,41,41,31,41,41,27,41,27,40,41,27,36,41,41,27,28,41,41,41,27,35,27,229,182,41,27,40,27,41,34,41,41,41,41,41,41,41,41,41,27,41,41,41,41,33,41,27,41,41,27,41,27,41,27,41,41,41,41,27,41,41,41,41,27,41,41,41,41,28,27,27,27,27,27,27,27,27,27,27,27,30,27,27,27,27,29,27,27,28,41,41,41,41,41,41,41,41,27,41,41,41,41,41,41,41,41,41,41,41,35,41,27,41,41,41,41,27,41,27,40,41,27,29,35,40,41,41,41,41,38,28,41,41,41,27,41,41,27,41,27,32,27,41,38,41,29,27,41,41,41,41,27,41,41,41,41,41,41,41,41,41,41,41,41,41,41,41,28,39,27,27,27,27,27,27,27,27,27,27,27,27,27,27,27,230,204,27,27,230,36,41,27,41,41,27,41,41,41,124,229,229,27,229,27,230,229,41,229,31,41,27,41,41,41,41,41,41,41,27,41,27,41,27,27,27,27,41,27,27,41,27,41,41,27,41,41,27,41,27,27,230,229,230,27,27,27,230,229,183,41,27,33,41,41,41,41,41,86,27,228,27,230,230,27,230,230,230,230,230,77,27,27,27,177,27,27,210,27,27,27,27,27,27,27,27,27,27,27,31,41,39,41,38,41,27,41,27,41,41,41,41,41,38,41,41,41,41,41,41,41,41,41,38,41,41,41,41,41,27,36,81,36,29,41,27,41,41,230,41,41,41,41,40,41,41,41,41,41,39,41,41,41,37,41,27,41,41,41,41,41,33,41,41,27,41,41,41,41,41,41,27,41,41,41,41,39,41,41,36,27,30,27,27,27,27,27,27,27,27,27,27,27,27,27,27,27,27,27,27,29,41,41,41,41,27,41,41,41,41,41,4,4,27,41,41,41,4,41,13,27,29,186,41,41,41,28,29,35,41,230,41,27,41,41,27,230,27,41,27,40,41,41,27,41,41,27,41,41,41,27,40,32,41,41,41,41,41,41,41,41,41,41,29,41,27,41,41,27,41,41,41,41,41,41,41,39,41,41,27,28,41,27,27,27,27,41,27,27,38,27,27,40,27,27,27,27,27,27,34,27,41,41,41,27,41,41,41,41,27,230,230,229,230,230,27,229,229,230,108
27,41,41,27,41,41,41,27,28,36,40,35,41,41,41,28,28,41,27,41,34,39,41,41,41,27,27,41,27,41,41,41,27,41,41,27,41,41,27,41,27,27,41,41,41,41,41,41,27,41,41,41,41,27,41,41,41,41,28,41,33,27,27,27,27,27,27,27,27,27,27,29,27,27,27,27,27,27,27,28,41,27,28,41,27,41,28,41,41,41,41,41,41,41,41,41,41,41,41,41,41,41,41,36,27,27,27,36,27,41,27,41,41,41,36,27,27,27,41,41,41,41,41,31,41,33,41,32,41,41,41,41,28,41,41,41,41,41,27,27,27,27,41,41,41,41,41,41,41,27,41,41,41,41,41,41,27,41,41,39,27,27,27,28,27,27,27,27,27,27,41,27,29,27,41,27,41,27,27,27,36,41,41,41,41,41,41,27,41,41,41,41,41,41,41,27,41,27,41,41,36,27,41,41,27,41,41,41,27,27,41,41,41,35,41,41,41,41,41,27,37,41,27,41,41,41,41,29,41,41,41,41,41,41,28,41,41,41,41,27,27,28,41,28,41,41,41,41,41,27,41,41,41,41,27,41,41,41,41,41,38,27,38,27,27,27,27,41,27,27,27,27,27,27,27,27,27,27,27,31,41,28,41,27,41,41,41,41,27,27,41,41,27,41,41,27,27,27,41,27,40,27,28,41,41,41,28,27,29,29,41,41,41,27,41,41,40,27,27,35,41,27,41,41,41,27,27,41,41,41,41,41,32,32,27,41,41,41,33,41,41,41,41,41,41,41,41,41,41,41,41,27,41,41,41,41,40,27,41,36,27,27,27,27,27,27,29,27,27,27,27,27,27,27,27,27,27,27,27,27,39,28,41,41,41,41,41,27,33,41,161,27,47,41,229,230,41,27,230,148,34,41,27,213,28,41,41,41,41,41,27,41,27,28,27,41,27,29,29,27,41,41,41,41,41,41,28,27,27,27,41,30,118,229,106,41,229,27,41,27,32,41,41,27,41,41,41,41,41,27,228,27,41,41,27,223,229,41,41,32,28,27,27,27,27,27,27,27,27,27,27,40,27,27,27,27,27,27,27,34,27,27,41,27,41,41,41,41,41,41,41,41,41,31,41,41,27,41,27,40,41,27,36,41,41,27,28,41,41,41,27,35,27,229,182,41,27,40,27,41,34,41,41,41,41,41,41,41,41,41,27,41,41,41,41,33,41,27,41,41,27,41,27,41,27,41,41,41,41,27,41,41,41,41,27,41,41,41,41,28,27,27,27,27,27,27,27,27,27,27,27,30,27,27,27,27,29,27,27,28,41,41,41,41,41,41,41,41,27,41,41,41,41,41,41,41,41,41,41,41,35,41,27,41,41,41,41,27,41,27,40,41,27,29,35,40,41,41,41,41,38,28,41,41,41,27,41,41,27,41,27,32,27,41,38,41,29,27,41,41,41,41,27,41,41,41,41,41,41,41,41,41,41,41,41,41,41,41,28,39,27,27,27,27,27,27,27,27,27,27,27,27,27,27,27,230,204,27,27,230,36,41,27,41,41,27,41,41,41,124,229,229,27,229,27,230,229,41,229,31,41,27,41,41,41,41,41,41,41,27,41,27,41,27,27,27,27,41,27,27,41,27,41,41,27,41,41,27,41,27,27,230,229,230,27,27,27,230,229,183,41,27,33,41,41,41,41,41,86,27,228,27,230,230,27,230,230,230,230,230,77,27,27,27,177,27,27,210,27,27,27,27,27,27,27,27,27,27,27,31,41,39,41,38,41,27,41,27,41,41,41,41,41,38,41,41,41,41,41,41,41,41,41,38,41,41,41,41,41,27,36,81,36,29,41,27,41,41,230,41,41,41,41,40,41,41,41,41,41,39,41,41,41,37,41,27,41,41,41,41,41,33,41,41,27,41,41,41,41,41,41,27,41,41,41,41,39,41,41,36,27,30,27,27,27,27,27,27,27,27,27,27,27,27,27,27,27,27,27,27,29,41,41,41,41,27,41,41,41,41,41,4,4,27,41,41,41,4,41,13,27,29,186,41,41,41,28,29,35,41,230,41,27,41,41,27,230,27,41,27,40,41,41,27,41,41,27,41,41,41,27,40,32,41,41,41,41,41,41,41,41,41,41,29,41,27,41,41,27,41,41,41,41,41,41,41,39,41,41,27,28,41,27,27,27,27,41,27,27,38,27,27,40,27,27,27,27,27,27,34,27,41,41,41,27,41,41,41,41,27,230,230,229,230,230,27,229,229,230,108
27,41,41,27,40,41,41,27,27,41,41,29,41,41,41,35,35,41,36,41,34,41,41,41,41,27,27,41,27,41,41,41,27,41,41,27,41,41,27,41,27,27,41,41,41,41,41,41,27,41,41,41,41,32,41,41,41,41,33,41,33,27,27,27,27,27,27,27,27,27,27,39,27,27,27,27,27,27,27,28,41,27,33,41,32,41,33,41,41,41,41,41,41,41,41,41,41,41,41,41,41,41,41,41,27,27,28,28,27,41,27,41,41,41,27,27,27,27,41,41,37,41,41,27,41,39,41,41,41,41,41,41,27,41,41,41,41,41,32,27,27,27,41,41,41,41,41,41,41,27,41,27,41,41,41,41,27,41,41,39,27,27,27,40,27,27,27,27,27,27,41,27,40,27,41,27,41,27,27,27,36,41,41,41,41,41,41,27,41,41,41,41,41,41,41,28,41,27,41,41,28,27,41,41,27,41,41,41,27,27,41,41,41,28,41,41,41,41,41,27,37,41,27,41,41,41,41,27,41,41,41,38,41,41,33,41,41,41,41,32,27,33,41,33,41,41,41,41,41,27,41,41,41,41,27,41,41,41,41,41,38,27,41,27,27,27,27,41,27,27,27,27,27,27,27,27,27,27,27,31,41,33,41,27,41,41,41,41,27,27,41,41,27,41,41,32,27,27,41,27,41,27,27,41,41,40,36,27,27,35,41,41,41,27,41,41,41,27,36,32,41,27,41,41,41,27,32,41,41,41,41,41,41,41,32,41,41,41,39,41,41,41,41,41,41,41,41,41,41,41,41,27,41,27,41,41,41,27,41,36,27,27,27,27,27,27,40,27,27,27,27,27,27,27,27,27,27,223,27,27,39,33,41,41,41,41,41,27,39,41,161,38,41,41,229,230,41,27,229,148,37,41,27,62,36,41,41,41,41,41,27,41,27,36,27,41,29,35,35,27,41,41,41,41,41,41,32,27,27,27,41,27,54,229,41,41,229,27,41,27,40,41,41,27,41,41,41,41,41,27,185,27,41,41,27,229,228,27,41,41,28,27,27,27,27,27,27,27,27,27,27,41,27,27,27,27,27,27,27,34,27,27,41,32,41,41,41,38,27,27,41,41,41,34,41,41,28,41,27,41,41,27,27,41,41,28,27,41,41,41,27,40,31,229,228,41,27,41,27,41,34,41,41,41,41,41,41,41,41,41,28,41,41,41,41,39,41,27,40,41,27,41,27,41,32,41,41,41,41,27,41,41,41,41,27,41,41,41,41,33,27,27,27,27,27,27,27,27,27,27,30,37,27,27,27,27,39,27,27,28,41,41,41,41,41,41,41,41,28,41,41,41,41,41,41,41,41,41,41,41,35,41,27,41,41,41,41,36,41,27,41,41,27,35,40,41,41,41,41,41,30,33,41,40,41,32,41,41,32,41,27,41,27,41,31,41,27,27,41,41,41,41,27,41,41,41,41,41,41,41,41,41,41,41,41,41,41,41,33,39,27,27,27,29,27,27,27,27,27,27,27,27,27,27,27,230,229,27,27,230,36,41,27,41,41,27,41,41,41,124,228,229,27,229,27,230,229,41,229,30,41,27,41,41,41,41,41,41,41,27,41,27,41,27,27,27,27,41,27,27,41,27,41,41,27,41,38,27,41,27,27,218,229,230,27,27,27,230,229,183,41,28,39,71,41,41,41,41,41,27,228,27,230,230,27,230,230,230,230,230,77,27,27,27,228,27,42,229,27,27,27,27,27,27,27,27,27,27,27,31,41,41,41,30,41,27,41,27,41,41,41,41,41,30,41,41,41,41,41,41,41,41,41,30,41,41,41,41,41,27,41,190,41,35,41,29,41,41,230,41,41,41,41,41,41,41,41,41,41,41,41,41,41,31,41,27,41,41,41,41,41,39,41,41,27,41,41,41,41,41,41,27,41,41,41,41,29,41,41,36,27,37,27,27,27,27,27,41,27,27,27,27,27,27,27,27,27,27,27,27,29,41,41,41,39,27,41,41,41,41,41,4,4,27,41,41,41,4,41,13,27,35,90,41,41,41,37,41,41,41,160,41,27,41,41,27,230,27,41,27,40,41,41,28,41,41,27,41,41,41,28,28,41,41,41,41,41,41,41,37,41,41,41,27,41,27,41,41,27,41,41,41,41,41,41,41,29,41,41,32,28,41,27,27,27,27,41,27,27,41,27,27,41,27,27,27,27,27,27,34,27,27,41,41,28,41,41,41,41,27,230,230,229,230,230,27,229,229,230,207
27,41,41,27,36,41,41,27,27,41,41,27,41,41,41,41,41,36,41,41,34,41,41,41,41,28,27,41,27,41,41,41,27,41,41,27,41,41,27,41,27,27,41,41,41,41,41,41,27,41,41,41,41,41,38,41,41,41,39,37,33,27,27,27,27,27,27,27,27,29,27,41,27,27,27,27,27,27,27,28,41,27,39,41,41,41,40,41,41,41,41,41,38,41,41,41,41,41,41,41,41,41,41,41,27,27,36,27,27,41,27,41,40,41,27,27,27,27,41,41,27,41,41,27,41,41,38,41,41,41,41,41,27,41,41,41,41,41,41,28,27,27,41,39,41,41,41,40,41,27,41,27,41,41,41,41,27,41,40,39,27,27,27,41,27,27,27,27,30,27,41,27,41,27,41,27,41,27,27,27,36,41,41,41,41,41,41,27,41,41,41,41,41,41,41,32,39,27,41,39,27,27,41,41,27,41,41,41,27,27,41,41,41,27,41,41,41,41,41,27,37,41,27,41,41,41,41,27,41,41,41,30,41,41,39,41,41,41,41,41,27,39,41,39,41,41,41,41,41,27,41,41,41,41,27,41,41,41,41,41,38,27,41,27,27,27,27,41,27,27,27,27,29,27,27,27,27,27,27,37,41,39,41,27,41,41,41,41,27,27,41,41,27,41,41,41,28,27,41,27,41,27,27,41,41,36,41,27,27,40,41,41,41,27,41,41,41,27,41,32,41,27,41,41,41,27,41,41,41,41,41,41,41,41,41,41,41,41,41,41,41,41,41,41,41,41,41,41,41,41,41,27,41,27,41,41,41,27,41,36,27,27,27,27,27,27,41,27,27,34,27,27,27,27,27,27,27,229,229,27,39,39,41,41,41,41,41,27,41,41,161,107,41,41,229,230,41,27,229,78,40,41,27,41,40,41,41,41,41,41,27,41,27,40,27,41,35,40,40,27,41,41,41,41,27,27,40,27,27,27,41,27,41,229,41,41,229,27,41,27,41,41,41,28,41,41,41,41,41,27,80,27,41,41,28,229,224,27,41,41,28,30,27,27,27,27,27,27,27,27,27,41,27,27,27,27,27,27,27,34,27,27,41,40,41,41,41,30,27,27,41,41,41,39,38,41,33,38,27,41,41,27,27,41,41,36,27,36,41,41,27,41,38,229,229,67,27,41,27,41,34,41,41,41,41,41,41,41,41,41,33,41,41,41,41,41,41,32,28,41,27,41,27,41,41,41,41,41,41,28,39,41,39,41,27,41,41,41,41,39,27,27,27,27,27,27,27,27,27,27,37,41,27,27,27,27,41,27,27,28,41,41,41,41,41,41,41,41,32,41,41,41,41,41,41,41,41,41,41,41,35,41,27,41,41,41,41,41,41,27,41,69,27,40,41,41,41,41,41,41,27,39,41,28,41,41,41,41,41,41,27,41,27,41,27,41,32,27,41,41,41,41,27,41,41,41,41,41,41,41,41,41,41,41,41,41,41,41,39,39,27,27,27,39,27,27,27,27,27,27,27,27,27,27,27,230,230,27,27,230,36,41,27,41,41,27,41,41,41,124,207,229,27,215,27,230,229,38,229,30,41,27,41,41,41,41,41,41,41,27,41,29,41,27,27,27,36,41,27,27,41,27,41,41,32,41,30,27,41,27,27,112,229,208,38,27,27,230,229,183,41,33,41,151,41,41,41,41,41,27,228,27,230,230,27,230,230,230,230,230,77,27,27,27,230,27,210,230,27,27,27,27,29,27,27,27,27,27,27,31,41,41,41,27,41,27,41,27,39,41,41,41,41,27,41,41,41,41,41,41,41,41,41,27,41,41,41,41,41,27,41,230,41,40,41,35,41,41,230,41,41,41,41,41,41,41,41,41,41,41,41,41,41,27,41,27,41,41,41,41,27,41,41,41,27,41,41,41,41,41,41,27,41,41,41,41,27,41,41,36,27,41,27,27,27,27,29,41,27,27,27,27,27,27,27,27,27,27,27,27,29,41,41,41,28,28,41,41,41,41,41,4,4,27,41,41,41,4,41,13,27,40,42,41,41,41,36,41,41,41,27,41,27,41,41,27,215,27,41,27,40,41,38,33,38,41,27,41,38,41,33,27,41,41,41,41,38,41,41,30,41,27,41,27,41,27,41,41,27,41,41,41,41,41,41,41,27,41,41,41,28,41,27,27,27,27,41,27,27,41,27,27,41,27,27,27,27,27,27,34,27,27,41,41,32,27,41,41,41,27,230,230,183,230,230,27,229,229,230,230
27,41,41,27,36,41,41,27,27,41,41,27,41,41,41,41,41,36,41,41,34,41,41,41,41,28,27,41,27,41,41,41,27,41,41,27,41,41,27,41,27,27,41,41,41,41,41,41,27,41,41,41,41,41,38,41,41,41,39,37,33,27,27,27,27,27,27,27,27,29,27,41,27,27,27,27,27,27,27,28,41,27,39,41,41,41,40,41,41,41,41,41,38,41,41,41,41,41,41,41,41,41,41,41,27,27,36,27,27,41,27,41,40,41,27,27,27,27,41,41,27,41,41,27,41,41,38,41,41,41,41,41,27,41,41,41,41,41,41,28,27,27,41,39,41,41,41,40,41,27,41,27,41,41,41,41,27,41,40,39,27,27,27,41,27,27,27,27,30,27,41,27,41,27,41,27,41,27,27,27,36,41,41,41,41,41,41,27,41,41,41,41,41,41,41,32,39,27,41,39,27,27,41,41,27,41,41,41,27,27,41,41,41,27,41,41,41,41,41,27,37,41,27,41,41,41,41,27,41,41,41,30,41,41,39,41,41,41,41,41,27,39,41,39,41,41,41,41,41,27,41,41,41,41,27,41,41,41,41,41,38,27,41,27,27,27,27,41,27,27,27,27,29,27,27,27,27,27,27,37,41,39,41,27,41,41,41,41,27,27,41,41,27,41,41,41,28,27,41,27,41,27,27,41,41,36,41,27,27,40,41,41,41,27,41,41,41,27,41,32,41,27,41,41,41,27,41,41,41,41,41,41,41,41,41,41,41,41,41,41,41,41,41,41,41,41,41,41,41,41,41,27,41,27,41,41,41,27,41,36,27,27,27,27,27,27,41,27,27,34,27,27,27,27,27,27,27,229,229,27,39,39,41,41,41,41,41,27,41,41,161,107,41,41,229,230,41,27,229,78,40,41,27,41,40,41,41,41,41,41,27,41,27,40,27,41,35,40,40,27,41,41,41,41,27,27,40,27,27,27,41,27,41,229,41,41,229,27,41,27,41,41,41,28,41,41,41,41,41,27,80,27,41,41,28,229,224,27,41,41,28,30,27,27,27,27,27,27,27,27,27,41,27,27,27,27,27,27,27,34,27,27,41,40,41,41,41,30,27,27,41,41,41,39,38,41,33,38,27,41,41,27,27,41,41,36,27,36,41,41,27,41,38,229,229,67,27,41,27,41,34,41,41,41,41,41,41,41,41,41,33,41,41,41,41,41,41,32,28,41,27,41,27,41,41,41,41,41,41,28,39,41,39,41,27,41,41,41,41,39,27,27,27,27,27,27,27,27,27,27,37,41,27,27,27,27,41,27,27,28,41,41,41,41,41,41,41,41,32,41,41,41,41,41,41,41,41,41,41,41,35,41,27,41,41,41,41,41,41,27,41,69,27,40,41,41,41,41,41,41,27,39,41,28,41,41,41,41,41,41,27,41,27,41,27,41,32,27,41,41,41,41,27,41,41,41,41,41,41,41,41,41,41,41,41,41,41,41,39,39,27,27,27,39,27,27,27,27,27,27,27,27,27,27,27,230,230,27,27,230,36,41,27,41,41,27,41,41,41,124,207,229,27,215,27,230,229,38,229,30,41,27,41,41,41,41,41,41,41,27,41,29,41,27,27,27,36,41,27,27,41,27,41,41,32,41,30,27,41,27,27,112,229,208,38,27,27,230,229,183,41,33,41,151,41,41,41,41,41,27,228,27,230,230,27,230,230,230,230,230,77,27,27,27,230,27,210,230,27,27,27,27,29,27,27,27,27,27,27,31,41,41,41,27,41,27,41,27,39,41,41,41,41,27,41,41,41,41,41,41,41,41,41,27,41,41,41,41,41,27,41,230,41,40,41,35,41,41,230,41,41,41,41,41,41,41,41,41,41,41,41,41,41,27,41,27,41,41,41,41,27,41,41,41,27,41,41,41,41,41,41,27,41,41,41,41,27,41,41,36,27,41,27,27,27,27,29,41,27,27,27,27,27,27,27,27,27,27,27,27,29,41,41,41,28,28,41,41,41,41,41,4,4,27,41,41,41,4,41,13,27,40,42,41,41,41,36,41,41,41,27,41,27,41,41,27,215,27,41,27,40,41,38,33,38,41,27,41,38,41,33,27,41,41,41,41,38,41,41,30,41,27,41,27,41,27,41,41,27,41,41,41,41,41,41,41,27,41,41,41,28,41,27,27,27,27,41,27,27,41,27,27,41,27,27,27,27,27,27,34,27,27,41,41,32,27,41,41,41,27,230,230,183,230,230,27,229,229,230,230
27,41,41,27,28,41,41,27,27,41,41,27,41,41,41,41,41,27,41,41,34,41,41,41,41,33,27,41,27,41,41,41,27,41,41,27,41,41,27,41,27,27,41,41,41,41,41,41,27,41,41,41,41,41,31,41,41,41,41,30,33,27,27,27,27,27,27,27,27,39,27,41,27,27,27,27,27,27,27,28,41,27,41,41,41,41,41,41,41,41,41,41,30,41,41,41,41,41,41,41,41,41,41,41,27,29,40,27,27,41,27,41,36,41,27,27,27,27,41,41,27,41,41,27,41,41,30,41,41,41,41,41,27,41,41,41,39,41,41,32,28,27,41,29,41,41,41,29,38,27,41,27,41,41,41,41,27,41,28,39,27,27,27,41,27,28,27,27,38,27,41,27,41,27,41,27,41,27,41,27,36,41,41,39,41,41,41,27,41,41,41,41,41,41,41,40,28,27,41,32,27,27,41,41,28,41,41,41,27,27,41,41,41,27,41,41,41,41,41,27,37,41,27,41,41,38,41,27,41,41,41,27,41,41,41,41,41,40,41,41,27,41,41,41,41,41,41,41,41,27,41,41,41,41,27,41,40,41,41,41,38,27,41,27,27,27,27,41,27,27,27,27,40,27,27,27,27,27,27,37,39,41,41,29,41,41,41,41,27,28,41,41,28,41,41,41,33,27,41,27,41,27,27,41,41,28,41,27,27,41,41,41,41,27,41,41,41,28,41,32,38,27,41,41,41,27,41,41,41,41,41,41,41,41,41,41,41,41,41,41,41,41,41,41,41,41,41,41,41,41,41,27,41,27,41,41,41,27,41,36,27,27,27,27,30,27,41,27,27,58,27,27,27,27,27,27,27,229,229,27,39,41,41,41,41,41,41,27,41,41,161,210,41,41,106,230,41,38,229,41,41,41,27,41,41,41,41,41,41,41,27,41,27,41,27,41,40,41,41,27,41,41,41,41,27,27,41,27,27,27,38,27,41,229,41,41,229,27,37,27,41,41,41,32,41,41,41,41,41,27,41,27,39,39,32,229,195,27,41,41,28,37,27,27,27,27,27,27,27,27,27,41,27,27,27,27,27,27,27,34,27,27,41,41,41,41,41,27,27,27,41,41,41,41,30,41,39,31,27,41,41,27,27,41,41,41,27,27,41,41,27,41,41,229,229,198,27,41,27,41,34,41,38,41,41,41,41,41,41,41,39,41,41,41,41,41,41,40,27,41,27,41,27,41,41,41,39,41,41,33,30,41,28,41,28,41,41,41,41,41,27,27,27,27,30,27,27,27,27,27,41,41,27,27,27,27,41,27,27,28,41,41,41,41,41,41,41,41,40,41,41,41,41,41,41,41,41,41,41,41,35,41,28,41,41,41,41,41,41,27,41,197,27,41,41,41,41,41,41,41,27,41,41,27,41,41,41,41,41,41,27,41,27,41,27,41,41,27,41,41,41,41,27,41,41,41,41,41,41,41,41,41,41,41,41,41,41,41,41,39,27,27,27,41,27,27,27,27,27,27,27,27,27,27,27,211,230,27,27,230,36,41,27,41,41,27,41,41,41,124,90,229,27,50,27,229,229,30,229,30,41,27,41,41,41,41,41,41,41,27,41,35,41,27,27,27,41,41,27,27,41,27,41,41,41,41,27,27,41,27,27,47,230,116,106,27,27,200,229,183,41,39,41,214,41,41,41,41,41,27,228,27,230,230,27,230,230,190,230,230,77,27,27,27,230,27,229,230,27,27,27,27,39,27,27,27,27,28,27,31,41,41,41,27,41,27,41,27,30,41,41,41,41,27,41,41,41,41,41,38,41,41,41,27,41,41,41,41,41,27,41,230,41,41,41,40,41,41,230,41,41,41,41,41,41,39,41,41,41,41,41,41,41,27,41,27,41,41,41,38,27,41,41,41,27,41,41,41,41,41,41,27,41,41,41,41,27,41,41,36,27,41,27,27,27,27,39,41,27,27,27,27,27,27,27,27,27,27,27,27,29,41,41,41,27,33,41,27,41,41,27,4,4,27,41,41,39,4,27,13,27,41,41,41,41,41,41,41,41,41,27,41,27,41,41,27,146,27,81,27,41,41,30,39,30,41,32,41,30,41,39,27,41,41,41,41,30,41,41,27,41,27,41,27,41,27,41,41,27,41,41,41,41,41,41,41,27,41,41,41,28,41,27,27,27,27,41,27,27,41,27,27,41,29,27,27,27,27,27,34,27,27,41,41,40,27,41,41,41,27,230,229,78,230,230,27,229,229,229,230
27,41,41,27,27,41,41,27,27,41,41,27,41,41,41,41,41,27,41,41,34,41,41,41,41,39,27,41,27,41,41,41,27,41,41,27,41,41,27,41,27,27,41,41,41,41,41,41,27,39,41,41,41,41,27,41,41,41,41,27,33,27,27,27,27,27,27,27,27,41,27,41,27,27,27,27,27,27,27,28,41,27,41,41,41,41,41,27,41,41,41,41,27,41,41,41,41,41,41,41,41,41,41,41,27,40,41,27,27,41,27,41,28,41,27,27,27,27,41,41,27,41,41,27,41,41,27,41,41,41,41,41,27,41,41,41,41,41,41,40,32,27,41,27,38,41,41,27,30,27,41,27,41,41,41,41,27,41,27,39,27,27,27,41,27,40,27,27,41,27,41,27,41,27,41,27,41,27,41,27,36,41,41,28,41,41,41,27,41,41,41,38,41,41,41,41,27,27,41,30,27,27,41,41,36,41,41,41,28,27,41,41,41,27,41,41,41,41,41,28,37,41,32,41,41,29,41,27,41,41,41,27,41,41,41,41,41,28,41,41,28,41,41,41,41,41,41,41,41,27,41,41,41,41,27,41,28,41,41,41,38,27,41,27,31,27,27,41,27,27,41,27,41,29,27,27,27,27,27,37,29,41,41,40,41,41,41,41,27,32,41,41,33,41,39,41,39,27,41,27,41,27,27,41,41,27,41,27,27,41,41,41,41,27,41,41,41,41,41,32,30,27,41,41,41,27,41,41,41,41,41,41,41,41,41,41,41,41,41,41,39,41,41,41,41,41,41,41,41,41,41,28,41,27,41,41,41,27,41,36,27,27,27,27,37,27,41,27,27,65,223,27,27,27,27,27,27,229,229,27,39,41,38,41,41,41,41,28,41,41,161,230,41,41,41,230,41,107,229,41,41,41,29,41,41,41,41,41,41,41,27,41,27,41,27,41,41,41,41,28,41,41,41,39,27,27,41,27,27,27,30,27,41,106,41,41,229,27,30,27,41,41,41,40,41,41,41,41,41,27,41,27,28,28,40,228,69,27,41,41,28,41,27,27,27,27,27,27,27,27,27,41,27,27,27,27,27,27,27,34,27,27,41,41,41,41,41,27,27,27,41,41,41,41,27,41,41,27,27,41,41,27,27,41,41,41,27,27,41,41,27,41,41,229,229,228,27,41,28,41,34,41,30,41,41,41,41,41,41,41,41,41,41,41,41,41,39,41,27,41,27,41,27,41,41,41,30,41,41,39,27,41,27,41,32,41,41,41,41,41,27,27,27,27,37,27,27,27,27,27,41,41,27,27,27,27,41,27,27,28,41,38,41,41,41,41,41,41,41,41,41,41,41,41,38,41,41,41,41,41,35,41,36,41,41,41,41,41,41,27,41,229,27,41,41,41,84,41,41,41,27,41,41,27,41,41,40,41,41,41,27,41,27,41,27,41,41,27,41,41,41,41,27,41,41,41,41,41,41,41,41,41,41,41,41,41,41,41,41,30,27,27,27,41,27,27,27,27,27,27,27,27,27,27,27,59,230,27,27,230,36,39,28,41,41,27,41,41,41,124,228,229,38,41,27,229,229,27,229,30,41,27,41,41,41,41,36,41,41,27,41,40,41,27,27,27,41,41,27,27,41,27,41,41,41,41,27,27,41,27,27,41,230,52,207,27,27,121,229,183,41,41,41,230,41,165,41,53,41,27,228,27,230,230,27,230,230,71,230,230,77,50,50,27,230,27,230,230,27,27,27,27,41,27,27,27,27,40,27,31,41,41,41,27,38,27,27,27,27,41,41,41,41,27,41,41,41,41,41,30,41,41,41,27,41,41,41,41,41,29,41,230,41,41,41,41,82,224,160,41,41,41,41,41,41,29,41,41,41,41,41,41,41,27,41,27,41,41,41,30,27,41,41,41,27,41,41,41,41,41,41,28,41,41,41,41,27,39,41,36,27,41,27,27,27,27,41,41,27,27,27,27,27,27,27,27,27,27,27,27,29,41,41,41,27,39,41,27,41,41,27,4,4,27,41,41,29,4,41,13,27,41,41,41,41,41,41,41,41,41,27,41,27,41,41,27,57,27,185,27,41,41,27,41,27,41,41,41,27,41,41,27,41,41,41,41,27,41,41,27,41,27,41,27,41,27,41,41,27,41,41,41,41,41,41,41,27,41,41,41,28,41,27,27,27,27,41,27,27,41,27,27,41,40,27,27,27,27,27,34,27,27,41,41,41,27,41,41,41,27,230,229,29,230,230,27,229,229,229,230
27,41,41,27,27,41,41,27,27,41,41,27,41,41,41,41,41,27,41,41,34,41,41,41,41,39,27,41,27,41,41,41,27,41,41,27,41,41,27,41,27,27,41,41,41,41,41,41,27,39,41,41,41,41,27,41,41,41,41,27,33,27,27,27,27,27,27,27,27,41,27,41,27,27,27,27,27,27,27,28,41,27,41,41,41,41,41,27,41,41,41,41,27,41,41,41,41,41,41,41,41,41,41,41,27,40,41,27,27,41,27,41,28,41,27,27,27,27,41,41,27,41,41,27,41,41,27,41,41,41,41,41,27,41,41,41,41,41,41,40,32,27,41,27,38,41,41,27,30,27,41,27,41,41,41,41,27,41,27,39,27,27,27,41,27,40,27,27,41,27,41,27,41,27,41,27,41,27,41,27,36,41,41,28,41,41,41,27,41,41,41,38,41,41,41,41,27,27,41,30,27,27,41,41,36,41,41,41,28,27,41,41,41,27,41,41,41,41,41,28,37,41,32,41,41,29,41,27,41,41,41,27,41,41,41,41,41,28,41,41,28,41,41,41,41,41,41,41,41,27,41,41,41,41,27,41,28,41,41,41,38,27,41,27,31,27,27,41,27,27,41,27,41,29,27,27,27,27,27,37,29,41,41,40,41,41,41,41,27,32,41,41,33,41,39,41,39,27,41,27,41,27,27,41,41,27,41,27,27,41,41,41,41,27,41,41,41,41,41,32,30,27,41,41,41,27,41,41,41,41,41,41,41,41,41,41,41,41,41,41,39,41,41,41,41,41,41,41,41,41,41,28,41,27,41,41,41,27,41,36,27,27,27,27,37,27,41,27,27,65,223,27,27,27,27,27,27,229,229,27,39,41,38,41,41,41,41,28,41,41,161,230,41,41,41,230,41,107,229,41,41,41,29,41,41,41,41,41,41,41,27,41,27,41,27,41,41,41,41,28,41,41,41,39,27,27,41,27,27,27,30,27,41,106,41,41,229,27,30,27,41,41,41,40,41,41,41,41,41,27,41,27,28,28,40,228,69,27,41,41,28,41,27,27,27,27,27,27,27,27,27,41,27,27,27,27,27,27,27,34,27,27,41,41,41,41,41,27,27,27,41,41,41,41,27,41,41,27,27,41,41,27,27,41,41,41,27,27,41,41,27,41,41,229,229,228,27,41,28,41,34,41,30,41,41,41,41,41,41,41,41,41,41,41,41,41,39,41,27,41,27,41,27,41,41,41,30,41,41,39,27,41,27,41,32,41,41,41,41,41,27,27,27,27,37,27,27,27,27,27,41,41,27,27,27,27,41,27,27,28,41,38,41,41,41,41,41,41,41,41,41,41,41,41,38,41,41,41,41,41,35,41,36,41,41,41,41,41,41,27,41,229,27,41,41,41,84,41,41,41,27,41,41,27,41,41,40,41,41,41,27,41,27,41,27,41,41,27,41,41,41,41,27,41,41,41,41,41,41,41,41,41,41,41,41,41,41,41,41,30,27,27,27,41,27,27,27,27,27,27,27,27,27,27,27,59,230,27,27,230,36,39,28,41,41,27,41,41,41,124,228,229,38,41,27,229,229,27,229,30,41,27,41,41,41,41,36,41,41,27,41,40,41,27,27,27,41,41,27,27,41,27,41,41,41,41,27,27,41,27,27,41,230,52,207,27,27,121,229,183,41,41,41,230,41,165,41,53,41,27,228,27,230,230,27,230,230,71,230,230,77,50,50,27,230,27,230,230,27,27,27,27,41,27,27,27,27,40,27,31,41,41,41,27,38,27,27,27,27,41,41,41,41,27,41,41,41,41,41,30,41,41,41,27,41,41,41,41,41,29,41,230,41,41,41,41,82,224,160,41,41,41,41,41,41,29,41,41,41,41,41,41,41,27,41,27,41,41,41,30,27,41,41,41,27,41,41,41,41,41,41,28,41,41,41,41,27,39,41,36,27,41,27,27,27,27,41,41,27,27,27,27,27,27,27,27,27,27,27,27,29,41,41,41,27,39,41,27,41,41,27,4,4,27,41,41,29,4,41,13,27,41,41,41,41,41,41,41,41,41,27,41,27,41,41,27,57,27,185,27,41,41,27,41,27,41,41,41,27,41,41,27,41,41,41,41,27,41,41,27,41,27,41,27,41,27,41,41,27,41,41,41,41,41,41,41,27,41,41,41,28,41,27,27,27,27,41,27,27,41,27,27,41,40,27,27,27,27,27,34,27,27,41,41,41,27,41,41,41,27,230,229,29,230,230,27,229,229,229,230
27,41,41,27,27,41,41,27,27,41,41,27,41,41,41,41,41,27,41,41,34,41,41,41,41,41,27,41,27,41,41,41,27,41,41,32,41,41,27,41,27,41,41,41,41,41,41,41,29,28,41,41,41,41,27,41,41,41,41,27,33,27,27,27,27,27,27,27,27,41,27,41,27,27,27,27,29,27,27,28,41,27,41,41,41,41,41,27,41,41,41,41,27,41,27,41,41,41,41,41,41,41,36,41,27,41,41,27,27,41,27,41,27,41,27,27,27,27,41,41,27,41,41,27,41,41,27,41,41,41,41,41,27,41,41,41,39,41,41,41,40,27,41,27,31,41,41,27,27,28,41,27,41,41,40,41,27,41,27,39,27,27,27,41,27,41,27,27,41,27,41,27,41,27,41,27,41,27,41,27,36,41,41,27,41,41,41,27,41,41,41,30,41,41,41,41,27,27,41,30,27,28,41,41,41,41,41,41,36,27,41,41,41,27,41,41,41,41,41,36,40,41,41,41,41,27,41,27,41,41,41,27,41,41,41,41,41,27,41,41,33,41,41,41,41,41,41,41,41,27,41,41,41,41,27,41,27,41,41,41,38,27,41,27,38,27,27,41,27,27,41,27,41,38,41,27,27,27,27,37,27,41,41,41,39,41,41,41,27,40,41,41,39,41,29,41,41,28,41,27,41,27,27,41,41,27,41,28,27,41,41,41,41,27,41,41,41,41,41,32,27,27,41,41,41,27,41,41,41,41,41,38,41,41,41,41,41,41,41,41,28,41,41,41,41,41,39,41,41,41,39,33,41,27,41,41,41,27,41,36,27,27,27,27,41,27,41,30,27,65,229,27,27,27,72,27,27,229,229,27,39,41,29,41,41,41,41,33,41,41,161,230,41,41,41,229,41,208,229,41,41,41,35,41,41,41,41,41,41,41,27,41,27,41,27,41,41,41,41,35,41,41,41,30,27,27,41,27,27,27,27,27,41,41,41,27,199,27,27,27,41,41,41,41,41,41,41,41,41,80,41,28,27,27,41,206,41,27,41,41,28,41,27,27,27,27,27,27,27,27,27,41,27,27,27,27,27,27,27,34,27,27,41,41,41,41,41,27,27,27,41,27,41,41,27,41,41,27,27,41,41,27,27,41,41,41,27,27,41,41,27,41,41,229,229,229,27,41,35,41,34,41,27,41,41,41,41,41,41,41,41,41,41,41,41,41,28,41,27,40,40,41,27,41,41,41,27,41,41,41,27,41,27,41,40,41,41,41,41,41,27,27,27,27,41,27,27,27,27,27,41,41,41,27,27,27,41,27,27,28,41,30,41,41,41,41,41,41,41,39,41,41,41,41,31,41,41,41,41,41,35,41,41,41,41,41,41,41,41,27,41,230,27,41,41,41,182,59,41,41,27,41,41,27,41,41,28,41,41,41,27,41,27,41,27,41,41,27,41,41,41,41,27,27,41,41,41,41,41,41,41,41,41,41,41,41,41,41,41,29,27,27,27,41,27,27,27,27,27,27,27,27,27,27,27,41,230,27,27,230,36,29,33,41,41,27,41,39,41,124,201,229,107,41,230,229,229,27,229,30,41,29,41,41,41,41,27,41,41,27,41,41,41,27,27,27,41,41,27,36,41,27,41,41,41,41,27,27,41,27,27,41,230,41,229,27,27,57,230,183,41,41,41,230,41,230,41,159,37,27,228,27,230,230,27,230,230,28,230,230,77,202,202,27,230,27,230,230,27,27,27,27,41,29,27,27,27,41,27,31,41,41,41,27,30,27,27,27,27,41,41,41,41,27,41,41,41,41,41,27,41,41,41,27,41,41,41,41,41,35,41,230,41,41,41,41,184,230,27,45,41,41,41,41,41,27,41,41,41,41,41,41,41,27,41,27,41,41,41,27,27,41,41,37,27,38,41,41,41,41,41,32,41,41,41,41,27,28,39,36,27,41,27,27,27,29,41,41,27,29,27,27,27,27,27,27,27,27,27,27,29,41,41,41,27,41,41,27,41,41,27,28,28,27,41,41,27,4,41,13,27,41,41,41,41,41,41,41,41,41,27,41,27,70,41,27,27,27,228,27,41,41,27,41,27,41,41,41,27,38,41,27,41,41,41,41,27,41,41,27,41,27,41,27,41,27,41,41,27,41,41,41,41,41,41,41,27,41,41,41,28,41,27,27,27,27,41,27,27,41,27,27,41,41,27,27,27,27,27,34,27,27,41,39,41,27,41,41,41,27,229,229,27,230,230,27,229,195,229,230
27,41,41,27,27,41,41,27,27,41,41,27,41,41,41,41,41,27,41,41,34,41,41,41,41,41,27,41,27,41,41,41,27,41,41,32,41,41,27,41,27,41,41,41,41,41,41,41,29,28,41,41,41,41,27,41,41,41,41,27,33,27,27,27,27,27,27,27,27,41,27,41,27,27,27,27,29,27,27,28,41,27,41,41,41,41,41,27,41,41,41,41,27,41,27,41,41,41,41,41,41,41,36,41,27,41,41,27,27,41,27,41,27,41,27,27,27,27,41,41,27,41,41,27,41,41,27,41,41,41,41,41,27,41,41,41,39,41,41,41,40,27,41,27,31,41,41,27,27,28,41,27,41,41,40,41,27,41,27,39,27,27,27,41,27,41,27,27,41,27,41,27,41,27,41,27,41,27,41,27,36,41,41,27,41,41,41,27,41,41,41,30,41,41,41,41,27,27,41,30,27,28,41,41,41,41,41,41,36,27,41,41,41,27,41,41,41,41,41,36,40,41,41,41,41,27,41,27,41,41,41,27,41,41,41,41,41,27,41,41,33,41,41,41,41,41,41,41,41,27,41,41,41,41,27,41,27,41,41,41,38,27,41,27,38,27,27,41,27,27,41,27,41,38,41,27,27,27,27,37,27,41,41,41,39,41,41,41,27,40,41,41,39,41,29,41,41,28,41,27,41,27,27,41,41,27,41,28,27,41,41,41,41,27,41,41,41,41,41,32,27,27,41,41,41,27,41,41,41,41,41,38,41,41,41,41,41,41,41,41,28,41,41,41,41,41,39,41,41,41,39,33,41,27,41,41,41,27,41,36,27,27,27,27,41,27,41,30,27,65,229,27,27,27,72,27,27,229,229,27,39,41,29,41,41,41,41,33,41,41,161,230,41,41,41,229,41,208,229,41,41,41,35,41,41,41,41,41,41,41,27,41,27,41,27,41,41,41,41,35,41,41,41,30,27,27,41,27,27,27,27,27,41,41,41,27,199,27,27,27,41,41,41,41,41,41,41,41,41,80,41,28,27,27,41,206,41,27,41,41,28,41,27,27,27,27,27,27,27,27,27,41,27,27,27,27,27,27,27,34,27,27,41,41,41,41,41,27,27,27,41,27,41,41,27,41,41,27,27,41,41,27,27,41,41,41,27,27,41,41,27,41,41,229,229,229,27,41,35,41,34,41,27,41,41,41,41,41,41,41,41,41,41,41,41,41,28,41,27,40,40,41,27,41,41,41,27,41,41,41,27,41,27,41,40,41,41,41,41,41,27,27,27,27,41,27,27,27,27,27,41,41,41,27,27,27,41,27,27,28,41,30,41,41,41,41,41,41,41,39,41,41,41,41,31,41,41,41,41,41,35,41,41,41,41,41,41,41,41,27,41,230,27,41,41,41,182,59,41,41,27,41,41,27,41,41,28,41,41,41,27,41,27,41,27,41,41,27,41,41,41,41,27,27,41,41,41,41,41,41,41,41,41,41,41,41,41,41,41,29,27,27,27,41,27,27,27,27,27,27,27,27,27,27,27,41,230,27,27,230,36,29,33,41,41,27,41,39,41,124,201,229,107,41,230,229,229,27,229,30,41,29,41,41,41,41,27,41,41,27,41,41,41,27,27,27,41,41,27,36,41,27,41,41,41,41,27,27,41,27,27,41,230,41,229,27,27,57,230,183,41,41,41,230,41,230,41,159,37,27,228,27,230,230,27,230,230,28,230,230,77,202,202,27,230,27,230,230,27,27,27,27,41,29,27,27,27,41,27,31,41,41,41,27,30,27,27,27,27,41,41,41,41,27,41,41,41,41,41,27,41,41,41,27,41,41,41,41,41,35,41,230,41,41,41,41,184,230,27,45,41,41,41,41,41,27,41,41,41,41,41,41,41,27,41,27,41,41,41,27,27,41,41,37,27,38,41,41,41,41,41,32,41,41,41,41,27,28,39,36,27,41,27,27,27,29,41,41,27,29,27,27,27,27,27,27,27,27,27,27,29,41,41,41,27,41,41,27,41,41,27,28,28,27,41,41,27,4,41,13,27,41,41,41,41,41,41,41,41,41,27,41,27,70,41,27,27,27,228,27,41,41,27,41,27,41,41,41,27,38,41,27,41,41,41,41,27,41,41,27,41,27,41,27,41,27,41,41,27,41,41,41,41,41,41,41,27,41,41,41,28,41,27,27,27,27,41,27,27,41,27,27,41,41,27,27,27,27,27,34,27,27,41,39,41,27,41,41,41,27,229,229,27,230,230,27,229,195,229,230
27,41,41,27,27,41,41,27,27,41,41,27,41,41,41,41,41,27,41,41,34,41,41,27,41,41,27,41,27,41,41,41,27,41,41,41,41,38,27,41,27,41,41,41,41,41,37,41,40,27,39,41,41,41,27,41,41,27,41,27,33,27,27,27,27,27,27,27,27,41,27,41,27,27,27,27,39,27,27,28,41,27,41,27,41,41,41,27,41,41,41,41,27,41,27,41,41,41,41,41,41,41,27,41,27,41,41,27,27,41,27,41,27,41,27,36,27,29,41,41,27,41,41,27,41,41,27,41,41,41,41,41,27,41,41,41,29,41,41,41,41,27,41,27,27,41,41,27,27,33,41,27,41,41,28,41,32,41,27,39,41,27,27,41,27,41,27,27,41,27,41,27,41,27,41,41,41,27,41,27,36,41,41,27,41,41,38,27,41,41,41,27,41,41,41,41,27,41,41,30,27,36,41,41,41,41,41,41,40,27,41,41,41,27,41,41,41,41,41,41,41,41,41,27,41,27,41,27,41,41,41,27,41,41,41,41,41,27,41,41,39,41,41,41,41,41,41,41,41,27,41,41,41,41,27,41,27,41,41,41,38,27,41,27,41,27,27,41,27,27,41,27,41,41,41,27,27,27,27,37,27,41,41,41,28,41,41,41,27,41,41,41,41,41,27,41,41,33,41,27,41,27,27,41,41,27,41,36,27,41,41,41,41,27,41,41,41,41,41,32,27,27,41,41,41,27,41,41,39,41,41,31,41,41,41,41,41,41,41,41,27,41,41,41,41,41,28,41,41,41,28,39,41,27,39,41,41,27,41,36,27,27,27,27,41,27,41,38,27,65,229,27,27,27,179,27,27,229,229,27,39,41,27,41,41,41,41,39,41,41,161,230,41,39,41,229,41,230,229,41,41,41,40,41,41,41,41,41,41,41,27,41,27,41,27,41,41,41,41,40,38,41,41,27,27,27,41,27,27,27,27,27,41,41,41,27,120,27,27,27,41,41,41,41,41,41,41,41,41,80,41,32,27,27,41,59,41,27,41,41,28,41,27,27,27,27,27,27,30,41,27,41,27,27,27,27,27,27,27,34,27,27,41,41,41,41,41,27,27,27,41,27,41,41,27,41,41,27,27,41,41,27,27,41,41,41,27,27,41,41,27,41,41,229,229,229,29,41,40,41,34,41,27,38,41,41,41,39,41,41,41,41,41,41,41,41,27,41,27,27,41,41,27,41,41,41,27,41,41,41,27,39,27,41,41,41,27,41,39,41,27,27,27,27,41,30,27,27,27,27,41,41,41,27,27,27,41,29,27,28,41,27,41,41,41,38,41,41,41,29,41,41,41,41,27,41,41,41,41,41,35,41,41,41,41,41,41,41,41,27,41,230,36,41,41,41,229,207,41,41,27,41,41,27,41,41,27,41,41,41,27,41,27,41,27,27,41,29,41,27,41,41,27,27,41,41,41,41,41,41,41,41,41,41,41,41,41,41,41,29,27,27,27,41,27,31,27,27,27,27,27,27,27,46,27,41,230,27,27,41,36,27,39,41,41,27,41,28,41,124,63,229,210,41,230,229,229,27,229,30,41,35,41,41,41,41,27,41,41,27,41,41,41,27,27,27,41,41,27,41,41,27,41,41,41,41,27,27,41,27,96,41,230,41,229,27,27,41,230,183,41,41,41,230,41,230,41,224,30,27,228,27,230,230,27,230,230,27,230,230,77,229,229,27,230,27,230,230,27,27,27,27,41,39,27,27,27,41,27,31,41,41,41,27,27,27,27,27,27,41,41,41,41,27,41,41,41,27,41,27,41,41,41,27,41,41,41,41,41,40,41,230,41,41,83,41,229,230,27,157,41,41,41,41,41,27,41,41,41,41,41,41,41,27,41,27,41,41,41,27,27,41,41,30,27,30,41,41,41,41,41,39,41,41,41,41,27,27,28,32,27,41,27,27,27,39,41,41,27,38,27,27,27,27,27,29,27,27,27,27,29,41,41,41,27,41,41,27,41,41,27,41,41,27,41,41,27,4,27,13,27,41,40,41,41,41,41,41,41,43,27,41,27,195,41,29,27,27,229,27,41,41,27,41,27,41,41,41,27,30,41,27,41,41,41,41,27,41,41,27,41,27,41,27,41,27,41,41,27,41,41,41,41,41,41,41,27,41,41,41,28,41,27,27,27,27,41,27,27,41,27,27,41,41,27,27,27,27,27,34,27,27,41,28,41,27,41,41,41,27,229,229,27,230,230,27,33,66,229,230
27,41,41,27,27,41,41,27,27,41,41,27,41,41,41,41,41,27,41,41,34,41,41,27,41,41,30,41,27,41,41,41,27,41,41,41,41,30,27,41,27,41,41,41,41,41,30,41,41,27,28,41,27,41,27,41,41,27,41,27,33,27,27,27,27,27,27,27,27,41,27,41,27,27,27,27,41,27,27,28,41,27,41,27,41,41,41,27,41,41,41,41,27,41,27,41,41,41,38,41,41,41,27,41,27,41,41,27,36,41,27,41,27,41,27,41,29,35,41,41,27,41,41,27,41,41,27,41,41,41,41,41,27,41,41,41,27,41,41,41,41,27,41,27,27,41,41,27,27,39,41,27,41,41,27,41,40,41,27,38,41,27,27,41,27,41,27,27,41,27,41,27,41,27,41,41,41,27,41,27,36,41,41,27,41,41,30,27,41,41,41,27,41,41,41,41,27,41,41,30,27,40,41,41,41,41,41,41,41,27,41,41,41,27,41,41,41,41,41,41,41,41,41,27,41,27,41,27,41,41,41,27,41,41,41,27,41,27,41,41,41,41,41,41,41,41,41,41,41,30,41,41,41,41,27,41,27,41,41,38,38,27,41,27,41,27,27,41,27,27,41,27,41,41,41,27,27,27,27,37,27,41,41,41,27,41,41,41,27,41,41,41,41,41,27,41,41,39,41,27,41,27,27,41,41,27,41,41,27,41,41,41,41,29,41,41,41,41,41,32,27,30,41,41,41,27,41,41,29,41,41,27,41,41,41,38,41,41,41,41,27,39,41,41,41,38,27,41,39,41,27,41,41,27,28,39,41,27,41,36,27,27,27,27,41,29,41,41,27,65,229,27,27,27,228,27,27,229,229,27,39,41,27,41,41,41,41,41,41,41,161,230,41,28,41,229,39,230,229,41,41,41,41,40,41,41,41,41,41,41,28,41,28,41,28,41,41,41,41,41,32,41,41,27,27,27,41,27,27,30,27,27,41,41,41,27,57,27,27,27,41,41,41,41,41,41,41,41,41,80,38,40,27,27,41,41,41,27,41,41,28,41,27,27,27,27,27,27,37,41,27,41,27,27,27,27,27,27,27,34,27,27,41,41,41,41,41,27,27,27,41,27,41,41,27,41,41,27,27,41,41,27,27,41,41,41,27,27,41,41,27,41,41,229,229,229,36,41,41,41,34,38,27,30,41,41,41,29,41,41,41,41,41,41,41,41,27,41,27,27,41,41,27,41,41,41,27,41,41,41,27,30,27,41,41,41,27,41,28,41,29,27,27,27,41,37,27,27,27,27,41,41,41,27,27,27,41,39,27,28,41,27,41,41,41,30,41,41,41,27,41,41,41,41,27,41,41,41,38,41,35,41,41,41,41,41,41,41,41,27,41,230,41,41,41,41,230,229,41,199,27,41,41,27,41,41,27,41,41,41,27,41,27,41,27,27,41,39,41,27,41,41,27,27,41,41,41,41,41,41,41,41,41,41,41,39,41,41,41,29,27,27,27,41,27,38,27,27,27,27,27,27,27,206,27,41,230,27,27,41,36,27,41,41,37,27,41,27,41,124,41,229,230,40,230,229,229,27,229,30,41,40,41,41,41,41,27,41,41,29,41,41,41,27,27,27,41,41,27,41,41,27,41,41,41,41,27,28,41,27,229,41,230,41,229,27,27,41,230,183,41,41,41,228,41,230,44,230,27,28,228,27,230,230,40,230,230,27,230,230,77,230,230,27,230,27,230,230,27,27,27,27,41,41,27,27,27,41,27,31,41,41,41,27,27,27,27,27,27,41,41,41,41,27,41,41,41,27,41,27,41,41,41,27,41,41,41,41,41,41,41,230,41,41,183,41,230,230,27,164,41,41,41,41,41,27,41,41,41,41,41,41,41,27,41,27,41,41,41,27,27,41,41,27,27,27,41,41,41,41,41,41,41,41,41,41,27,27,27,32,27,41,27,27,29,41,41,41,27,41,27,27,27,27,27,39,27,27,27,27,29,41,41,41,27,41,38,27,41,41,27,41,41,27,27,41,27,4,27,13,36,41,35,41,41,41,41,41,41,70,27,41,28,228,41,35,27,27,229,29,41,41,27,41,27,27,41,41,27,27,41,27,41,27,41,41,27,41,41,27,41,27,41,27,41,27,39,41,27,41,41,41,41,41,41,41,27,41,41,41,28,41,27,27,27,27,41,27,27,41,27,27,41,41,27,27,27,27,27,34,27,27,41,27,41,27,41,41,41,27,229,229,27,230,230,27,27,28,195,230
27,41,41,27,27,41,41,27,27,41,41,27,41,41,41,41,41,27,41,41,34,41,41,27,41,41,30,41,27,41,41,41,27,41,41,41,41,30,27,41,27,41,41,41,41,41,30,41,41,27,28,41,27,41,27,41,41,27,41,27,33,27,27,27,27,27,27,27,27,41,27,41,27,27,27,27,41,27,27,28,41,27,41,27,41,41,41,27,41,41,41,41,27,41,27,41,41,41,38,41,41,41,27,41,27,41,41,27,36,41,27,41,27,41,27,41,29,35,41,41,27,41,41,27,41,41,27,41,41,41,41,41,27,41,41,41,27,41,41,41,41,27,41,27,27,41,41,27,27,39,41,27,41,41,27,41,40,41,27,38,41,27,27,41,27,41,27,27,41,27,41,27,41,27,41,41,41,27,41,27,36,41,41,27,41,41,30,27,41,41,41,27,41,41,41,41,27,41,41,30,27,40,41,41,41,41,41,41,41,27,41,41,41,27,41,41,41,41,41,41,41,41,41,27,41,27,41,27,41,41,41,27,41,41,41,27,41,27,41,41,41,41,41,41,41,41,41,41,41,30,41,41,41,41,27,41,27,41,41,38,38,27,41,27,41,27,27,41,27,27,41,27,41,41,41,27,27,27,27,37,27,41,41,41,27,41,41,41,27,41,41,41,41,41,27,41,41,39,41,27,41,27,27,41,41,27,41,41,27,41,41,41,41,29,41,41,41,41,41,32,27,30,41,41,41,27,41,41,29,41,41,27,41,41,41,38,41,41,41,41,27,39,41,41,41,38,27,41,39,41,27,41,41,27,28,39,41,27,41,36,27,27,27,27,41,29,41,41,27,65,229,27,27,27,228,27,27,229,229,27,39,41,27,41,41,41,41,41,41,41,161,230,41,28,41,229,39,230,229,41,41,41,41,40,41,41,41,41,41,41,28,41,28,41,28,41,41,41,41,41,32,41,41,27,27,27,41,27,27,30,27,27,41,41,41,27,57,27,27,27,41,41,41,41,41,41,41,41,41,80,38,40,27,27,41,41,41,27,41,41,28,41,27,27,27,27,27,27,37,41,27,41,27,27,27,27,27,27,27,34,27,27,41,41,41,41,41,27,27,27,41,27,41,41,27,41,41,27,27,41,41,27,27,41,41,41,27,27,41,41,27,41,41,229,229,229,36,41,41,41,34,38,27,30,41,41,41,29,41,41,41,41,41,41,41,41,27,41,27,27,41,41,27,41,41,41,27,41,41,41,27,30,27,41,41,41,27,41,28,41,29,27,27,27,41,37,27,27,27,27,41,41,41,27,27,27,41,39,27,28,41,27,41,41,41,30,41,41,41,27,41,41,41,41,27,41,41,41,38,41,35,41,41,41,41,41,41,41,41,27,41,230,41,41,41,41,230,229,41,199,27,41,41,27,41,41,27,41,41,41,27,41,27,41,27,27,41,39,41,27,41,41,27,27,41,41,41,41,41,41,41,41,41,41,41,39,41,41,41,29,27,27,27,41,27,38,27,27,27,27,27,27,27,206,27,41,230,27,27,41,36,27,41,41,37,27,41,27,41,124,41,229,230,40,230,229,229,27,229,30,41,40,41,41,41,41,27,41,41,29,41,41,41,27,27,27,41,41,27,41,41,27,41,41,41,41,27,28,41,27,229,41,230,41,229,27,27,41,230,183,41,41,41,228,41,230,44,230,27,28,228,27,230,230,40,230,230,27,230,230,77,230,230,27,230,27,230,230,27,27,27,27,41,41,27,27,27,41,27,31,41,41,41,27,27,27,27,27,27,41,41,41,41,27,41,41,41,27,41,27,41,41,41,27,41,41,41,41,41,41,41,230,41,41,183,41,230,230,27,164,41,41,41,41,41,27,41,41,41,41,41,41,41,27,41,27,41,41,41,27,27,41,41,27,27,27,41,41,41,41,41,41,41,41,41,41,27,27,27,32,27,41,27,27,29,41,41,41,27,41,27,27,27,27,27,39,27,27,27,27,29,41,41,41,27,41,38,27,41,41,27,41,41,27,27,41,27,4,27,13,36,41,35,41,41,41,41,41,41,70,27,41,28,228,41,35,27,27,229,29,41,41,27,41,27,27,41,41,27,27,41,27,41,27,41,41,27,41,41,27,41,27,41,27,41,27,39,41,27,41,41,41,41,41,41,41,27,41,41,41,28,41,27,27,27,27,41,27,27,41,27,27,41,41,27,27,27,27,27,34,27,27,41,27,41,27,41,41,41,27,229,229,27,230,230,27,27,28,195,230
27,41,41,27,27,41,41,27,27,41,41,27,41,41,41,41,41,27,41,41,34,41,41,27,41,41,37,41,27,41,27,41,27,41,41,41,41,27,27,41,27,41,27,41,41,41,27,41,41,27,27,41,27,41,27,41,41,27,41,27,33,27,27,27,27,27,27,27,27,41,27,41,27,27,27,27,41,27,27,28,41,30,41,27,41,41,41,27,41,41,37,41,27,41,27,41,41,41,30,41,41,41,27,41,28,41,41,27,41,41,27,41,27,41,27,41,35,40,41,41,27,41,41,27,41,41,27,41,41,41,41,41,27,41,41,41,27,41,41,41,41,27,41,27,27,41,41,27,27,41,41,27,41,41,27,41,41,41,27,30,41,27,27,41,27,41,27,27,41,27,41,27,41,27,41,41,41,27,41,29,36,41,41,27,41,41,27,27,41,41,41,27,41,41,41,41,27,41,41,30,27,41,41,41,41,41,41,41,41,27,41,41,41,27,41,41,41,41,41,41,41,41,41,27,41,27,41,27,41,41,41,27,41,41,41,27,41,27,41,41,41,41,41,41,41,41,41,41,41,37,41,41,37,41,27,41,27,41,41,29,41,27,41,27,41,29,27,41,27,27,41,27,41,41,41,27,27,27,27,37,27,41,41,41,27,41,41,41,27,41,41,41,41,41,27,41,41,41,41,27,41,29,27,41,41,27,41,41,27,41,41,41,41,35,41,41,41,41,41,32,27,38,41,41,41,27,41,41,27,41,41,27,41,41,41,30,41,41,41,41,27,28,41,41,41,30,27,41,28,41,27,41,41,27,27,28,41,27,41,36,27,27,27,27,41,40,41,41,27,65,229,27,27,27,229,27,27,229,229,27,39,41,27,41,41,41,41,41,41,41,161,230,41,27,41,229,29,230,106,41,41,41,41,35,41,41,41,41,41,41,36,41,35,41,35,41,41,41,41,41,28,41,41,27,27,27,41,27,27,38,27,27,41,41,41,27,41,47,27,27,41,41,41,41,41,41,41,41,41,80,30,41,27,27,41,41,41,27,41,41,34,41,27,27,27,27,27,27,41,41,27,41,27,27,27,27,27,27,27,34,27,27,40,41,41,41,41,27,27,27,41,27,41,41,27,41,41,27,28,41,41,29,27,41,41,41,27,27,41,41,27,41,41,185,229,229,40,41,41,71,34,30,27,27,41,41,41,27,41,41,41,41,41,41,41,41,27,41,27,27,41,41,27,41,41,41,27,41,41,41,27,27,27,41,41,41,27,41,27,41,32,27,27,27,41,41,27,27,27,27,41,41,41,27,27,27,41,41,27,28,41,27,41,41,41,27,41,27,41,27,39,41,41,41,27,39,41,41,30,41,35,41,41,41,41,41,41,41,41,29,41,230,41,41,41,41,230,230,41,204,27,41,41,27,41,41,27,41,41,41,33,41,27,41,27,27,41,41,39,27,41,41,27,27,41,41,41,41,41,41,38,41,41,41,41,28,41,41,41,29,27,27,27,41,27,41,27,27,29,27,27,70,70,229,27,41,230,27,27,41,36,27,41,41,30,27,41,27,41,124,41,229,230,28,230,229,229,27,229,30,41,41,41,41,41,41,27,41,41,35,41,41,41,28,28,27,41,41,27,41,41,27,41,41,41,41,27,32,41,27,229,41,218,41,229,27,27,41,230,183,41,41,41,181,165,230,163,230,27,32,228,27,230,230,217,230,230,27,230,230,77,230,230,27,230,27,230,230,27,27,27,27,41,41,27,27,27,41,27,31,41,41,41,27,27,27,27,32,27,41,41,41,41,27,41,41,38,27,41,27,41,41,41,27,41,41,41,41,41,41,41,230,41,41,229,41,230,230,27,164,41,41,41,41,41,27,41,41,41,41,41,41,41,27,41,27,41,41,41,27,27,41,41,27,27,27,41,41,41,38,41,41,41,41,41,41,27,27,27,32,27,41,29,27,39,41,41,41,27,41,27,27,27,27,27,41,27,27,27,27,29,41,41,41,27,41,29,27,41,41,27,41,41,27,27,41,27,4,27,13,41,41,29,41,41,41,41,41,41,73,27,41,36,229,70,40,27,27,229,35,41,41,27,41,27,27,41,41,27,27,41,27,41,27,41,41,27,41,41,27,41,27,41,27,41,27,29,41,27,41,41,41,41,41,41,39,27,41,39,41,28,41,27,27,27,27,41,27,27,41,27,27,41,41,27,27,27,27,27,34,27,27,41,27,41,27,41,41,41,27,229,223,27,230,230,27,27,27,66,230
27,41,41,27,27,41,41,27,27,41,41,27,41,41,41,41,41,27,41,41,39,41,41,27,41,41,41,41,27,41,27,41,27,41,41,41,41,27,27,41,27,41,27,41,38,41,27,41,41,27,27,41,27,41,27,41,41,27,41,27,33,27,27,27,27,27,27,27,27,41,27,41,27,27,27,30,41,27,27,28,41,38,41,27,41,41,41,27,41,39,30,41,27,41,27,41,41,41,27,41,40,41,27,41,35,41,41,27,41,41,27,41,27,41,27,41,37,41,41,41,27,41,41,27,41,41,27,41,41,41,41,41,27,41,41,41,27,41,41,41,41,27,41,27,27,41,41,27,27,41,41,27,41,41,27,41,41,41,27,29,41,27,27,41,27,41,27,27,41,27,41,27,41,27,41,41,41,27,41,39,36,41,41,27,41,41,27,27,41,27,38,27,41,39,41,41,27,41,41,30,27,41,41,41,41,41,41,41,41,27,41,41,41,27,41,41,41,41,41,41,41,41,41,27,41,27,41,27,41,41,41,27,41,41,41,27,41,27,41,41,41,41,41,41,41,41,41,41,41,41,41,41,30,41,27,41,27,41,41,27,41,27,41,27,41,40,27,41,27,27,41,27,41,41,41,27,27,27,27,37,27,41,41,41,27,41,41,41,29,41,41,41,41,41,27,41,41,41,41,27,41,35,27,41,41,27,41,41,27,41,41,41,41,40,41,41,41,41,41,32,27,41,41,41,31,37,41,41,27,41,41,27,41,41,41,27,41,41,41,41,27,27,41,41,41,27,27,41,27,41,27,41,41,27,27,27,41,27,41,36,27,27,41,27,41,41,41,41,27,65,229,27,27,27,229,27,27,229,229,27,39,41,27,38,41,41,38,41,41,41,161,229,41,27,41,229,27,230,41,41,41,41,41,28,41,41,41,41,41,41,40,41,36,41,40,41,41,41,41,41,28,41,41,27,27,27,41,29,27,41,27,27,41,41,41,27,41,209,27,27,41,41,41,41,41,41,39,41,41,80,27,41,27,27,41,41,39,27,41,41,34,41,27,27,27,27,27,27,41,41,27,41,27,27,27,27,27,27,27,34,27,28,28,41,41,41,41,27,27,27,41,27,41,41,27,41,41,27,40,41,41,35,27,41,41,41,27,27,41,41,27,41,41,85,229,229,41,41,41,194,34,27,27,27,41,41,41,27,41,27,41,41,41,41,41,41,27,41,27,27,41,27,27,41,41,41,27,41,41,41,27,27,27,41,41,41,27,41,27,41,33,27,27,27,41,41,27,27,27,27,41,41,41,27,27,27,41,41,27,28,41,27,41,37,41,27,38,27,41,27,29,41,41,41,27,28,41,41,27,41,35,41,41,41,41,41,41,41,41,35,41,229,41,41,41,41,230,230,41,204,27,41,41,27,41,41,27,41,41,41,60,41,41,41,27,27,41,41,29,27,41,41,27,27,41,41,41,41,41,41,30,41,41,41,41,27,41,41,41,29,27,27,27,41,27,41,27,27,39,27,27,183,183,230,27,41,230,27,27,41,36,27,41,39,27,27,41,27,41,124,41,228,230,27,230,229,229,27,229,30,41,41,41,41,41,41,27,41,41,40,41,41,41,36,36,27,41,41,36,41,41,27,41,41,41,41,27,40,40,27,229,41,112,41,229,27,61,41,230,175,65,41,41,85,230,230,228,230,27,42,229,27,230,230,230,230,230,27,230,230,77,230,230,27,230,27,230,230,27,47,27,27,41,41,27,27,28,41,27,31,41,41,41,27,27,27,27,41,27,41,41,41,41,27,41,41,30,27,27,27,41,41,41,27,41,41,41,41,41,41,41,230,41,41,230,41,230,230,27,164,41,41,41,41,41,27,41,41,39,41,41,41,41,27,37,27,41,41,41,27,27,41,41,27,27,27,41,41,41,30,41,41,41,41,41,41,27,27,27,32,27,41,40,27,41,41,41,41,27,41,27,27,27,27,27,41,27,27,27,29,32,41,41,41,27,41,27,27,41,41,27,41,41,27,27,41,27,28,27,13,41,41,27,41,41,41,41,41,41,73,27,41,41,229,195,41,27,28,215,40,41,41,27,41,27,27,41,41,27,27,41,27,41,27,41,41,27,41,41,27,41,27,38,27,41,27,27,41,27,41,41,41,41,41,41,29,27,41,28,41,28,41,27,27,27,27,41,27,27,41,27,27,41,41,27,41,27,27,27,34,27,27,40,27,41,27,41,41,41,27,229,39,27,230,230,27,27,27,28,230
27,41,41,27,27,41,41,27,27,41,41,27,41,41,41,41,41,27,41,41,39,41,41,27,41,41,41,41,27,41,27,41,27,41,41,41,41,27,27,41,27,41,27,41,38,41,27,41,41,27,27,41,27,41,27,41,41,27,41,27,33,27,27,27,27,27,27,27,27,41,27,41,27,27,27,30,41,27,27,28,41,38,41,27,41,41,41,27,41,39,30,41,27,41,27,41,41,41,27,41,40,41,27,41,35,41,41,27,41,41,27,41,27,41,27,41,37,41,41,41,27,41,41,27,41,41,27,41,41,41,41,41,27,41,41,41,27,41,41,41,41,27,41,27,27,41,41,27,27,41,41,27,41,41,27,41,41,41,27,29,41,27,27,41,27,41,27,27,41,27,41,27,41,27,41,41,41,27,41,39,36,41,41,27,41,41,27,27,41,27,38,27,41,39,41,41,27,41,41,30,27,41,41,41,41,41,41,41,41,27,41,41,41,27,41,41,41,41,41,41,41,41,41,27,41,27,41,27,41,41,41,27,41,41,41,27,41,27,41,41,41,41,41,41,41,41,41,41,41,41,41,41,30,41,27,41,27,41,41,27,41,27,41,27,41,40,27,41,27,27,41,27,41,41,41,27,27,27,27,37,27,41,41,41,27,41,41,41,29,41,41,41,41,41,27,41,41,41,41,27,41,35,27,41,41,27,41,41,27,41,41,41,41,40,41,41,41,41,41,32,27,41,41,41,31,37,41,41,27,41,41,27,41,41,41,27,41,41,41,41,27,27,41,41,41,27,27,41,27,41,27,41,41,27,27,27,41,27,41,36,27,27,41,27,41,41,41,41,27,65,229,27,27,27,229,27,27,229,229,27,39,41,27,38,41,41,38,41,41,41,161,229,41,27,41,229,27,230,41,41,41,41,41,28,41,41,41,41,41,41,40,41,36,41,40,41,41,41,41,41,28,41,41,27,27,27,41,29,27,41,27,27,41,41,41,27,41,209,27,27,41,41,41,41,41,41,39,41,41,80,27,41,27,27,41,41,39,27,41,41,34,41,27,27,27,27,27,27,41,41,27,41,27,27,27,27,27,27,27,34,27,28,28,41,41,41,41,27,27,27,41,27,41,41,27,41,41,27,40,41,41,35,27,41,41,41,27,27,41,41,27,41,41,85,229,229,41,41,41,194,34,27,27,27,41,41,41,27,41,27,41,41,41,41,41,41,27,41,27,27,41,27,27,41,41,41,27,41,41,41,27,27,27,41,41,41,27,41,27,41,33,27,27,27,41,41,27,27,27,27,41,41,41,27,27,27,41,41,27,28,41,27,41,37,41,27,38,27,41,27,29,41,41,41,27,28,41,41,27,41,35,41,41,41,41,41,41,41,41,35,41,229,41,41,41,41,230,230,41,204,27,41,41,27,41,41,27,41,41,41,60,41,41,41,27,27,41,41,29,27,41,41,27,27,41,41,41,41,41,41,30,41,41,41,41,27,41,41,41,29,27,27,27,41,27,41,27,27,39,27,27,183,183,230,27,41,230,27,27,41,36,27,41,39,27,27,41,27,41,124,41,228,230,27,230,229,229,27,229,30,41,41,41,41,41,41,27,41,41,40,41,41,41,36,36,27,41,41,36,41,41,27,41,41,41,41,27,40,40,27,229,41,112,41,229,27,61,41,230,175,65,41,41,85,230,230,228,230,27,42,229,27,230,230,230,230,230,27,230,230,77,230,230,27,230,27,230,230,27,47,27,27,41,41,27,27,28,41,27,31,41,41,41,27,27,27,27,41,27,41,41,41,41,27,41,41,30,27,27,27,41,41,41,27,41,41,41,41,41,41,41,230,41,41,230,41,230,230,27,164,41,41,41,41,41,27,41,41,39,41,41,41,41,27,37,27,41,41,41,27,27,41,41,27,27,27,41,41,41,30,41,41,41,41,41,41,27,27,27,32,27,41,40,27,41,41,41,41,27,41,27,27,27,27,27,41,27,27,27,29,32,41,41,41,27,41,27,27,41,41,27,41,41,27,27,41,27,28,27,13,41,41,27,41,41,41,41,41,41,73,27,41,41,229,195,41,27,28,215,40,41,41,27,41,27,27,41,41,27,27,41,27,41,27,41,41,27,41,41,27,41,27,38,27,41,27,27,41,27,41,41,41,41,41,41,29,27,41,28,41,28,41,27,27,27,27,41,27,27,41,27,27,41,41,27,41,27,27,27,34,27,27,40,27,41,27,41,41,41,27,229,39,27,230,230,27,27,27,28,230
29,41,41,27,27,41,41,27,28,41,41,27,41,41,41,41,41,27,41,41,41,41,41,27,41,41,41,41,27,41,27,41,30,41,27,41,41,27,29,41,27,41,27,41,30,41,27,41,41,27,27,41,27,41,27,41,41,27,41,27,33,27,27,27,27,27,27,27,27,41,27,41,27,27,27,37,41,27,27,28,41,41,41,27,41,41,41,27,41,29,27,41,27,41,27,41,41,41,27,41,36,41,27,41,40,41,41,28,41,41,27,41,27,41,27,41,40,41,41,41,27,41,41,27,41,41,27,41,41,41,41,41,29,41,41,41,27,41,41,41,41,27,41,27,27,41,41,27,27,41,41,27,41,41,27,41,41,41,27,29,41,27,27,41,27,41,41,27,41,27,41,27,41,27,41,41,41,27,41,41,36,41,41,27,41,41,27,27,41,27,30,27,41,29,41,41,27,41,41,30,27,41,41,41,41,41,41,41,41,28,41,41,41,27,41,41,41,41,41,41,41,41,41,27,41,27,41,27,41,29,41,27,41,41,41,27,41,27,41,41,41,41,41,41,41,41,41,41,41,41,41,41,27,41,27,41,27,41,41,27,41,27,41,27,41,41,27,41,27,27,41,27,41,41,41,27,27,27,27,37,27,41,41,41,27,41,41,41,39,41,41,41,41,41,27,41,41,41,41,27,41,40,27,41,41,27,41,41,27,41,41,41,41,41,41,41,41,41,41,32,27,41,41,41,27,41,41,41,27,41,41,27,41,41,41,27,41,41,41,41,27,27,41,41,41,27,27,41,27,41,27,41,41,27,27,27,41,27,41,36,27,27,41,27,41,41,41,41,27,65,229,27,27,27,229,27,27,229,229,27,39,41,27,29,41,41,31,41,41,41,161,229,39,27,41,229,27,230,41,41,41,41,41,27,41,41,41,41,41,41,41,41,41,41,41,41,41,41,41,41,28,41,41,27,27,27,41,40,29,41,27,27,41,41,41,27,41,229,27,27,41,38,41,41,41,41,28,41,41,54,27,41,27,27,41,41,29,27,164,41,37,41,27,28,27,27,27,27,41,41,27,41,27,27,27,30,30,27,27,34,27,40,27,41,41,41,41,27,27,27,41,27,41,41,27,41,41,27,41,41,41,40,27,41,41,41,27,27,41,41,27,41,41,41,229,229,41,67,41,228,35,27,27,27,41,41,40,27,41,27,41,41,41,41,41,41,27,41,27,27,41,27,30,41,41,41,27,41,41,41,27,27,27,41,41,27,27,41,27,41,33,27,27,27,41,41,27,27,27,27,41,41,41,27,29,27,41,41,27,28,41,27,41,30,41,27,30,27,41,27,27,41,41,41,27,27,41,41,27,41,35,41,41,41,41,41,41,41,41,40,41,229,41,41,41,41,230,230,84,204,27,41,41,27,41,41,27,41,41,41,65,41,41,41,27,27,41,41,27,27,27,41,27,27,41,41,38,41,41,41,27,41,41,41,41,27,41,41,41,29,27,27,41,41,27,41,27,27,41,27,27,229,229,230,27,41,230,27,27,41,36,27,41,29,27,27,41,27,41,124,39,196,230,27,230,229,229,27,228,30,41,41,41,41,41,41,27,41,41,41,41,41,41,40,41,27,41,41,41,41,41,27,41,41,41,41,27,41,28,27,229,41,47,41,230,27,196,41,200,124,206,41,41,41,230,230,230,229,27,43,230,27,230,230,230,230,230,27,230,230,77,230,230,27,230,27,230,230,27,205,27,29,41,41,27,27,40,41,27,31,41,41,41,27,27,27,27,41,27,39,41,41,41,27,41,41,27,27,27,27,40,41,41,27,41,41,41,41,41,41,41,230,41,41,230,41,230,230,27,164,41,41,41,41,41,27,41,41,30,41,41,41,41,27,31,41,41,41,41,27,27,41,41,27,30,27,41,41,41,27,27,41,41,41,41,41,27,27,27,32,27,41,41,27,41,41,41,41,27,41,27,27,27,27,27,41,27,27,27,40,38,41,41,41,27,41,27,27,41,41,27,41,41,27,27,39,27,41,27,31,41,41,27,41,41,41,41,41,41,73,27,79,41,219,228,41,27,36,151,41,41,41,27,41,27,27,41,41,27,27,41,27,41,27,41,41,27,41,41,27,27,27,29,27,41,27,27,39,30,41,41,41,41,41,41,27,27,39,27,41,28,41,27,27,27,27,41,27,27,41,27,27,41,41,27,41,30,27,27,34,27,27,28,27,41,27,41,41,38,27,223,27,27,230,230,67,27,27,27,230
35,41,41,27,27,41,41,28,36,41,41,27,41,41,41,41,41,27,41,41,41,41,38,27,41,41,41,41,27,41,27,38,37,41,27,41,41,27,39,41,27,41,27,41,27,41,27,41,41,27,27,40,27,41,27,41,41,27,41,27,33,27,27,27,27,27,27,27,27,41,27,41,27,27,27,41,41,27,27,28,41,41,41,27,41,41,41,27,41,27,27,41,27,41,27,41,41,41,27,41,35,41,27,41,41,41,41,36,41,41,36,41,27,41,27,41,41,41,41,40,27,41,41,30,41,41,27,41,41,41,41,41,40,41,41,41,27,41,41,41,41,27,41,27,27,41,41,27,27,41,41,27,41,41,27,41,41,41,27,29,41,27,27,41,27,41,41,27,41,27,41,27,41,27,41,41,41,27,41,41,35,41,41,27,41,27,27,27,41,27,27,27,41,27,41,41,27,41,41,30,27,41,41,41,41,41,41,41,41,36,41,41,41,27,41,41,41,41,41,41,41,41,41,27,41,27,41,27,41,27,41,27,41,41,41,27,41,27,41,41,41,41,41,41,41,41,41,41,41,41,41,41,27,41,27,41,27,41,38,27,41,27,41,27,41,41,27,41,27,27,41,27,41,41,41,27,27,27,27,37,27,41,41,41,27,41,41,39,41,41,41,41,41,41,27,41,41,41,41,27,40,41,29,41,41,27,41,41,29,41,41,41,41,41,41,41,41,41,41,32,27,41,41,41,27,41,41,41,27,41,41,27,41,41,41,27,41,41,41,41,27,27,41,41,41,27,27,41,27,41,27,41,41,27,27,27,41,41,41,36,27,41,41,27,41,41,41,41,27,65,229,27,27,27,229,27,27,229,229,27,39,41,27,27,40,41,27,41,41,27,82,229,28,27,41,106,27,230,41,41,41,41,41,27,41,41,41,41,41,41,41,41,41,41,41,41,41,41,41,41,28,41,39,27,27,27,41,41,40,41,27,27,41,41,41,27,41,229,27,27,41,30,41,41,41,41,27,41,38,41,27,41,27,27,41,39,27,27,229,41,37,41,27,39,27,27,27,27,41,41,27,41,27,27,27,37,38,27,27,34,27,41,27,41,41,41,41,27,27,27,41,27,41,41,27,41,41,27,41,41,41,41,27,41,41,41,28,27,41,41,28,41,41,41,229,229,41,198,41,229,39,27,27,27,41,41,28,27,41,27,41,41,41,41,27,41,27,41,27,27,41,27,37,41,41,39,27,41,41,41,27,27,27,41,41,27,27,41,27,41,33,27,27,27,41,41,27,27,27,27,41,41,41,27,40,27,41,41,27,28,41,27,41,27,41,27,27,27,41,27,27,41,41,41,27,27,41,41,27,41,36,41,41,41,41,41,41,41,41,41,69,229,41,41,83,84,230,230,182,204,27,41,41,27,41,41,27,41,41,41,65,41,41,41,30,27,41,41,27,27,27,41,27,27,41,41,31,41,41,41,27,41,41,41,41,27,37,41,41,29,27,27,41,41,27,41,27,27,41,27,27,230,230,230,27,41,230,27,27,41,36,27,41,27,27,76,41,27,41,123,29,69,230,27,106,229,228,27,182,30,41,41,41,41,41,41,27,41,41,41,41,41,41,41,41,36,41,41,41,41,41,27,41,41,41,41,27,41,27,27,229,41,41,41,230,61,230,41,121,91,230,41,41,41,230,224,230,207,27,43,230,54,230,33,230,230,230,27,230,230,77,230,230,27,230,27,230,230,27,229,27,38,41,41,27,27,41,41,27,31,41,41,38,27,27,27,27,41,27,28,41,41,41,27,41,41,27,27,27,27,39,41,41,27,41,41,41,41,41,41,41,230,41,41,230,41,230,230,27,164,41,41,41,41,41,27,41,41,27,41,27,41,41,27,27,41,41,41,41,27,27,41,41,27,38,27,41,41,41,27,27,41,41,41,41,41,27,27,27,32,27,41,41,27,41,41,41,41,27,41,27,27,27,27,27,41,27,27,27,41,41,41,41,41,27,41,27,27,41,41,27,41,41,27,27,29,27,41,27,41,41,41,27,41,41,41,41,41,41,73,27,186,41,155,229,41,27,40,68,41,41,41,27,41,27,27,41,41,27,27,41,27,41,27,41,41,27,41,41,27,27,27,27,27,41,27,27,29,38,41,41,41,41,37,41,27,27,28,27,41,28,41,27,27,27,27,41,27,27,41,27,27,41,41,27,41,38,27,27,34,41,27,27,27,41,27,41,41,30,29,39,27,27,230,229,189,27,27,27,230
35,41,41,27,27,41,41,28,36,41,41,27,41,41,41,41,41,27,41,41,41,41,38,27,41,41,41,41,27,41,27,38,37,41,27,41,41,27,39,41,27,41,27,41,27,41,27,41,41,27,27,40,27,41,27,41,41,27,41,27,33,27,27,27,27,27,27,27,27,41,27,41,27,27,27,41,41,27,27,28,41,41,41,27,41,41,41,27,41,27,27,41,27,41,27,41,41,41,27,41,35,41,27,41,41,41,41,36,41,41,36,41,27,41,27,41,41,41,41,40,27,41,41,30,41,41,27,41,41,41,41,41,40,41,41,41,27,41,41,41,41,27,41,27,27,41,41,27,27,41,41,27,41,41,27,41,41,41,27,29,41,27,27,41,27,41,41,27,41,27,41,27,41,27,41,41,41,27,41,41,35,41,41,27,41,27,27,27,41,27,27,27,41,27,41,41,27,41,41,30,27,41,41,41,41,41,41,41,41,36,41,41,41,27,41,41,41,41,41,41,41,41,41,27,41,27,41,27,41,27,41,27,41,41,41,27,41,27,41,41,41,41,41,41,41,41,41,41,41,41,41,41,27,41,27,41,27,41,38,27,41,27,41,27,41,41,27,41,27,27,41,27,41,41,41,27,27,27,27,37,27,41,41,41,27,41,41,39,41,41,41,41,41,41,27,41,41,41,41,27,40,41,29,41,41,27,41,41,29,41,41,41,41,41,41,41,41,41,41,32,27,41,41,41,27,41,41,41,27,41,41,27,41,41,41,27,41,41,41,41,27,27,41,41,41,27,27,41,27,41,27,41,41,27,27,27,41,41,41,36,27,41,41,27,41,41,41,41,27,65,229,27,27,27,229,27,27,229,229,27,39,41,27,27,40,41,27,41,41,27,82,229,28,27,41,106,27,230,41,41,41,41,41,27,41,41,41,41,41,41,41,41,41,41,41,41,41,41,41,41,28,41,39,27,27,27,41,41,40,41,27,27,41,41,41,27,41,229,27,27,41,30,41,41,41,41,27,41,38,41,27,41,27,27,41,39,27,27,229,41,37,41,27,39,27,27,27,27,41,41,27,41,27,27,27,37,38,27,27,34,27,41,27,41,41,41,41,27,27,27,41,27,41,41,27,41,41,27,41,41,41,41,27,41,41,41,28,27,41,41,28,41,41,41,229,229,41,198,41,229,39,27,27,27,41,41,28,27,41,27,41,41,41,41,27,41,27,41,27,27,41,27,37,41,41,39,27,41,41,41,27,27,27,41,41,27,27,41,27,41,33,27,27,27,41,41,27,27,27,27,41,41,41,27,40,27,41,41,27,28,41,27,41,27,41,27,27,27,41,27,27,41,41,41,27,27,41,41,27,41,36,41,41,41,41,41,41,41,41,41,69,229,41,41,83,84,230,230,182,204,27,41,41,27,41,41,27,41,41,41,65,41,41,41,30,27,41,41,27,27,27,41,27,27,41,41,31,41,41,41,27,41,41,41,41,27,37,41,41,29,27,27,41,41,27,41,27,27,41,27,27,230,230,230,27,41,230,27,27,41,36,27,41,27,27,76,41,27,41,123,29,69,230,27,106,229,228,27,182,30,41,41,41,41,41,41,27,41,41,41,41,41,41,41,41,36,41,41,41,41,41,27,41,41,41,41,27,41,27,27,229,41,41,41,230,61,230,41,121,91,230,41,41,41,230,224,230,207,27,43,230,54,230,33,230,230,230,27,230,230,77,230,230,27,230,27,230,230,27,229,27,38,41,41,27,27,41,41,27,31,41,41,38,27,27,27,27,41,27,28,41,41,41,27,41,41,27,27,27,27,39,41,41,27,41,41,41,41,41,41,41,230,41,41,230,41,230,230,27,164,41,41,41,41,41,27,41,41,27,41,27,41,41,27,27,41,41,41,41,27,27,41,41,27,38,27,41,41,41,27,27,41,41,41,41,41,27,27,27,32,27,41,41,27,41,41,41,41,27,41,27,27,27,27,27,41,27,27,27,41,41,41,41,41,27,41,27,27,41,41,27,41,41,27,27,29,27,41,27,41,41,41,27,41,41,41,41,41,41,73,27,186,41,155,229,41,27,40,68,41,41,41,27,41,27,27,41,41,27,27,41,27,41,27,41,41,27,41,41,27,27,27,27,27,41,27,27,29,38,41,41,41,41,37,41,27,27,28,27,41,28,41,27,27,27,27,41,27,27,41,27,27,41,41,27,41,38,27,27,34,41,27,27,27,41,27,41,41,30,29,39,27,27,230,229,189,27,27,27,230
40,41,41,35,27,41,41,36,41,41,41,27,41,41,41,41,41,27,41,41,41,41,30,27,41,41,41,41,27,41,27,30,41,41,27,41,41,27,41,41,41,41,27,41,27,41,27,41,41,27,27,28,27,41,27,41,41,27,41,27,33,27,28,27,27,27,27,27,27,41,27,41,27,27,27,41,41,27,27,28,41,41,41,27,41,41,41,27,41,27,27,37,27,41,27,41,41,41,27,41,35,41,27,41,41,41,41,40,41,41,41,41,27,41,29,41,41,41,41,39,27,41,38,37,39,41,27,41,41,41,41,41,41,41,41,41,27,41,41,41,41,27,41,27,27,41,41,27,27,41,41,27,41,41,27,41,41,41,27,29,41,27,27,41,27,41,41,27,41,27,41,27,41,27,41,41,41,27,41,41,33,41,41,27,41,27,27,30,27,27,27,27,41,27,41,41,27,41,41,30,28,41,41,41,41,41,41,41,41,40,41,41,41,28,41,41,41,41,41,41,41,41,41,27,41,27,41,29,41,27,41,33,38,41,41,27,41,27,41,41,41,41,41,41,41,41,41,41,41,41,41,41,27,41,27,41,27,41,29,27,41,27,41,27,41,41,27,41,27,27,41,27,41,41,41,27,27,27,27,37,27,41,41,41,27,27,41,29,41,41,27,41,41,41,27,41,41,41,41,27,39,41,35,41,41,27,41,41,35,41,41,41,41,41,41,41,41,41,41,33,27,41,41,41,27,41,41,41,27,41,41,27,41,41,41,27,38,41,41,41,27,27,41,41,41,27,27,41,27,41,27,41,41,27,27,27,41,41,35,36,27,41,41,27,41,41,41,41,27,65,229,27,27,27,229,27,27,229,229,27,39,41,27,27,28,41,27,41,41,27,82,229,27,27,41,41,27,229,41,41,41,41,41,27,41,41,41,41,41,41,41,41,41,41,41,41,41,41,41,41,28,41,30,27,27,27,41,41,41,41,27,69,38,41,41,27,41,229,27,39,41,27,41,41,41,38,27,41,31,41,27,41,27,27,41,28,27,27,229,41,37,41,27,41,27,27,27,27,41,41,27,41,28,29,27,41,41,27,27,34,41,41,27,41,41,41,41,30,27,27,41,27,41,41,27,38,41,27,41,41,41,41,27,41,41,41,36,27,41,41,35,86,86,41,185,229,41,228,41,229,41,27,27,27,41,41,27,27,41,27,41,38,41,41,27,41,27,41,27,27,41,27,41,41,41,30,27,41,41,41,27,27,27,41,41,27,27,41,27,41,33,27,27,27,41,41,27,27,27,27,41,41,41,27,41,27,41,41,27,28,41,27,41,27,41,27,27,27,41,27,27,41,41,41,27,27,41,41,27,41,40,41,41,41,41,41,41,41,41,41,197,229,41,41,183,182,229,230,229,204,72,41,41,27,41,41,27,41,41,41,65,41,41,41,37,27,41,41,27,27,27,41,41,27,41,41,27,41,41,41,27,41,41,41,41,27,30,41,41,29,27,27,41,41,29,41,27,27,41,27,27,230,230,230,27,41,211,27,27,41,91,27,41,27,27,181,27,27,41,105,27,41,229,27,41,229,180,27,84,30,41,41,41,41,41,41,27,41,41,41,41,41,41,41,41,41,41,41,41,41,31,27,41,38,41,41,27,41,27,27,229,41,41,41,230,196,230,41,57,87,230,41,41,41,230,41,230,59,27,43,230,202,230,27,230,230,230,27,230,230,77,230,230,27,230,27,230,230,27,230,27,41,41,41,27,27,41,41,27,31,41,41,29,27,27,27,27,41,27,27,41,41,41,30,41,41,27,27,27,27,38,41,41,29,41,41,41,41,41,41,41,230,41,80,230,83,230,230,27,164,41,41,41,41,41,27,41,41,27,41,27,27,41,27,27,41,41,41,41,27,27,41,37,27,41,27,41,41,41,27,27,41,41,41,41,41,27,27,27,32,27,41,41,27,41,41,41,41,27,41,27,30,27,27,27,41,27,27,27,41,41,41,41,41,27,41,27,27,41,41,27,41,41,41,27,27,27,41,27,41,41,41,27,41,41,41,41,41,41,72,27,228,41,60,229,41,27,41,41,41,41,41,27,41,27,27,41,41,27,27,41,28,41,27,41,38,27,41,41,27,27,27,27,30,41,41,27,27,41,41,41,41,41,38,41,27,27,27,27,41,28,41,27,27,27,27,41,27,30,41,27,27,41,41,27,41,41,27,27,34,41,27,27,27,41,27,41,41,27,85,27,27,27,230,230,230,27,27,27,230
40,41,41,41,27,41,41,41,41,41,41,29,41,41,41,41,41,27,41,41,41,41,27,27,41,41,41,38,41,41,27,27,41,41,27,41,39,27,41,41,41,41,27,41,27,41,27,41,41,27,27,27,27,41,27,41,41,27,41,27,33,27,39,29,27,27,27,29,27,41,27,41,27,27,27,41,41,27,27,28,41,41,41,27,41,41,41,27,41,27,27,30,27,41,27,41,41,27,27,41,35,41,27,41,41,41,41,41,41,41,41,41,27,41,35,41,41,41,41,39,27,41,31,41,28,41,27,41,41,41,41,41,41,41,41,41,27,41,41,41,41,41,41,27,27,41,41,27,27,41,41,41,41,41,27,41,41,41,27,29,41,27,27,41,27,41,41,27,41,27,41,27,41,30,41,41,41,27,41,41,32,41,41,27,41,27,27,37,27,27,27,27,38,27,41,41,27,41,41,30,36,41,41,41,41,41,41,41,41,41,41,41,41,35,41,41,41,41,41,41,41,41,41,27,41,27,41,39,41,27,41,40,30,41,41,27,41,27,41,41,41,41,41,41,41,41,41,41,27,41,41,41,27,41,27,41,27,27,27,27,41,27,41,27,41,41,27,41,27,27,41,27,41,41,41,27,27,27,27,37,27,41,41,41,27,27,41,27,41,41,27,41,41,41,27,41,41,41,41,27,38,41,40,41,41,27,41,41,40,41,41,41,41,41,41,41,41,41,41,37,27,41,41,41,27,41,41,41,27,41,41,27,41,41,41,27,30,41,41,41,27,27,41,41,41,27,27,38,27,41,27,41,41,27,27,27,41,41,28,36,27,41,41,30,41,41,41,41,29,65,229,27,27,27,229,27,27,229,41,27,39,41,27,27,27,41,27,41,41,27,41,229,27,27,41,41,27,229,41,41,41,41,41,27,41,41,41,41,41,41,41,41,41,41,41,41,41,41,41,41,28,41,27,27,27,27,41,41,41,41,27,188,30,41,41,27,41,229,27,134,41,27,41,41,41,31,27,41,27,41,27,41,27,27,41,27,27,27,229,164,37,41,27,41,27,27,27,27,41,41,27,41,40,40,27,41,41,27,27,34,41,41,27,41,41,38,41,38,27,27,41,27,41,41,27,31,41,27,41,41,41,41,36,41,41,41,41,27,41,41,41,180,180,41,85,229,41,229,41,229,41,27,27,27,41,41,27,27,41,27,41,30,41,41,27,41,27,41,27,27,41,27,41,41,41,27,27,41,41,41,27,27,27,41,41,27,27,41,27,41,33,27,27,27,41,41,27,27,27,27,41,41,41,27,41,27,41,41,27,30,41,27,41,27,41,27,27,27,41,27,27,41,41,41,27,27,41,41,27,41,41,41,41,41,41,41,41,41,41,41,229,229,41,83,229,229,229,229,230,204,185,41,41,27,41,41,27,41,41,41,65,41,41,41,41,27,41,41,27,27,27,27,41,27,41,41,27,41,41,41,27,38,38,27,41,27,27,41,41,29,27,27,41,41,39,41,27,27,41,27,27,230,230,230,27,41,61,27,27,41,93,27,41,27,27,230,27,27,41,57,27,41,229,27,41,229,85,27,41,49,41,41,81,41,41,41,27,41,41,41,41,41,41,41,41,41,41,41,41,41,31,41,41,30,41,41,27,41,27,27,230,41,41,41,230,230,230,41,41,87,230,41,71,37,230,41,230,41,27,43,230,230,230,27,230,230,230,27,230,230,77,230,230,27,230,27,230,230,27,230,27,41,41,41,27,27,41,41,27,37,27,41,27,30,27,29,27,41,27,27,41,39,41,38,41,41,27,27,27,27,38,41,41,35,41,41,41,41,41,41,144,229,41,187,230,183,230,230,27,164,41,41,41,41,41,27,41,39,27,41,27,27,41,30,27,41,41,41,41,27,27,41,30,27,41,27,41,41,41,27,27,41,41,41,41,41,27,27,27,32,27,41,41,27,41,41,41,41,27,41,27,38,30,27,27,41,27,27,27,41,41,39,41,41,29,41,27,27,41,41,27,41,41,41,27,27,27,41,27,41,41,41,27,41,41,41,41,41,41,62,27,229,41,41,229,41,27,41,41,41,41,41,27,41,27,27,41,41,27,27,41,40,41,27,41,30,27,27,41,27,27,27,27,39,41,41,27,27,41,41,41,41,41,30,41,27,27,27,27,41,29,41,27,27,27,27,41,27,37,41,27,27,41,41,27,41,41,27,27,34,41,41,27,27,41,27,41,41,27,87,27,27,27,230,229,230,27,27,27,230
40,41,41,41,27,41,41,41,41,41,41,29,41,41,41,41,41,27,41,41,41,41,27,27,41,41,41,38,41,41,27,27,41,41,27,41,39,27,41,41,41,41,27,41,27,41,27,41,41,27,27,27,27,41,27,41,41,27,41,27,33,27,39,29,27,27,27,29,27,41,27,41,27,27,27,41,41,27,27,28,41,41,41,27,41,41,41,27,41,27,27,30,27,41,27,41,41,27,27,41,35,41,27,41,41,41,41,41,41,41,41,41,27,41,35,41,41,41,41,39,27,41,31,41,28,41,27,41,41,41,41,41,41,41,41,41,27,41,41,41,41,41,41,27,27,41,41,27,27,41,41,41,41,41,27,41,41,41,27,29,41,27,27,41,27,41,41,27,41,27,41,27,41,30,41,41,41,27,41,41,32,41,41,27,41,27,27,37,27,27,27,27,38,27,41,41,27,41,41,30,36,41,41,41,41,41,41,41,41,41,41,41,41,35,41,41,41,41,41,41,41,41,41,27,41,27,41,39,41,27,41,40,30,41,41,27,41,27,41,41,41,41,41,41,41,41,41,41,27,41,41,41,27,41,27,41,27,27,27,27,41,27,41,27,41,41,27,41,27,27,41,27,41,41,41,27,27,27,27,37,27,41,41,41,27,27,41,27,41,41,27,41,41,41,27,41,41,41,41,27,38,41,40,41,41,27,41,41,40,41,41,41,41,41,41,41,41,41,41,37,27,41,41,41,27,41,41,41,27,41,41,27,41,41,41,27,30,41,41,41,27,27,41,41,41,27,27,38,27,41,27,41,41,27,27,27,41,41,28,36,27,41,41,30,41,41,41,41,29,65,229,27,27,27,229,27,27,229,41,27,39,41,27,27,27,41,27,41,41,27,41,229,27,27,41,41,27,229,41,41,41,41,41,27,41,41,41,41,41,41,41,41,41,41,41,41,41,41,41,41,28,41,27,27,27,27,41,41,41,41,27,188,30,41,41,27,41,229,27,134,41,27,41,41,41,31,27,41,27,41,27,41,27,27,41,27,27,27,229,164,37,41,27,41,27,27,27,27,41,41,27,41,40,40,27,41,41,27,27,34,41,41,27,41,41,38,41,38,27,27,41,27,41,41,27,31,41,27,41,41,41,41,36,41,41,41,41,27,41,41,41,180,180,41,85,229,41,229,41,229,41,27,27,27,41,41,27,27,41,27,41,30,41,41,27,41,27,41,27,27,41,27,41,41,41,27,27,41,41,41,27,27,27,41,41,27,27,41,27,41,33,27,27,27,41,41,27,27,27,27,41,41,41,27,41,27,41,41,27,30,41,27,41,27,41,27,27,27,41,27,27,41,41,41,27,27,41,41,27,41,41,41,41,41,41,41,41,41,41,41,229,229,41,83,229,229,229,229,230,204,185,41,41,27,41,41,27,41,41,41,65,41,41,41,41,27,41,41,27,27,27,27,41,27,41,41,27,41,41,41,27,38,38,27,41,27,27,41,41,29,27,27,41,41,39,41,27,27,41,27,27,230,230,230,27,41,61,27,27,41,93,27,41,27,27,230,27,27,41,57,27,41,229,27,41,229,85,27,41,49,41,41,81,41,41,41,27,41,41,41,41,41,41,41,41,41,41,41,41,41,31,41,41,30,41,41,27,41,27,27,230,41,41,41,230,230,230,41,41,87,230,41,71,37,230,41,230,41,27,43,230,230,230,27,230,230,230,27,230,230,77,230,230,27,230,27,230,230,27,230,27,41,41,41,27,27,41,41,27,37,27,41,27,30,27,29,27,41,27,27,41,39,41,38,41,41,27,27,27,27,38,41,41,35,41,41,41,41,41,41,144,229,41,187,230,183,230,230,27,164,41,41,41,41,41,27,41,39,27,41,27,27,41,30,27,41,41,41,41,27,27,41,30,27,41,27,41,41,41,27,27,41,41,41,41,41,27,27,27,32,27,41,41,27,41,41,41,41,27,41,27,38,30,27,27,41,27,27,27,41,41,39,41,41,29,41,27,27,41,41,27,41,41,41,27,27,27,41,27,41,41,41,27,41,41,41,41,41,41,62,27,229,41,41,229,41,27,41,41,41,41,41,27,41,27,27,41,41,27,27,41,40,41,27,41,30,27,27,41,27,27,27,27,39,41,41,27,27,41,41,41,41,41,30,41,27,27,27,27,41,29,41,27,27,27,27,41,27,37,41,27,27,41,41,27,41,41,27,27,34,41,41,27,27,41,27,41,41,27,87,27,27,27,230,229,230,27,27,27,230
41,41,41,41,27,41,41,41,41,41,41,35,41,41,41,41,41,27,41,41,41,41,27,27,41,41,41,31,41,41,27,27,41,41,27,41,29,27,41,41,41,41,27,41,27,41,27,41,41,27,27,27,27,41,27,41,41,27,41,31,33,27,41,39,27,27,27,40,27,41,27,41,27,27,27,41,41,27,27,28,41,41,41,27,41,41,41,27,41,27,27,27,27,41,27,39,41,27,27,41,35,41,27,41,41,41,41,41,41,41,41,41,28,41,40,41,41,41,41,39,27,41,27,41,27,41,27,41,27,41,41,41,41,41,41,41,27,27,41,41,41,41,41,27,27,41,41,28,27,41,38,41,41,41,27,41,41,41,27,29,41,27,27,41,27,41,41,27,41,27,41,27,41,38,41,41,41,27,41,41,32,41,41,27,41,27,27,41,27,27,27,27,30,27,41,41,27,41,41,30,40,41,41,41,41,41,41,41,41,41,41,41,41,41,41,41,41,41,41,41,41,41,41,27,27,27,41,41,41,27,41,37,27,41,41,27,41,27,41,41,41,41,41,41,41,41,41,41,27,41,41,41,27,41,41,41,27,27,27,27,41,27,41,27,41,41,27,41,27,27,41,27,41,41,41,27,27,27,27,37,27,41,37,41,27,27,41,27,41,41,27,41,41,39,27,41,41,41,41,41,38,41,41,41,41,28,41,41,41,41,41,41,41,41,41,41,41,41,41,40,27,41,41,41,27,41,41,41,27,39,41,27,41,41,41,27,27,41,41,41,27,27,41,41,41,27,27,30,27,41,27,41,37,41,27,27,41,41,38,36,27,41,41,37,41,41,41,41,39,65,229,27,27,27,229,27,27,41,41,27,39,41,27,27,27,41,27,41,41,27,41,201,27,27,41,41,27,229,41,41,41,41,41,27,41,41,41,41,41,41,41,41,41,41,41,41,41,41,41,41,28,41,27,27,27,27,41,41,41,41,27,229,27,41,27,27,41,217,27,146,41,27,41,41,41,27,27,41,27,41,27,41,27,27,41,27,27,229,229,229,37,41,27,41,27,27,27,27,41,41,41,41,41,41,27,41,41,27,27,34,41,41,27,41,41,30,41,41,31,31,41,27,41,41,27,27,41,27,41,41,41,41,41,41,41,41,41,27,41,41,41,227,227,41,41,229,41,229,41,229,41,27,27,27,41,41,27,27,41,27,41,27,41,41,27,41,27,41,28,27,41,27,41,41,41,27,27,41,27,41,27,27,27,41,41,27,27,41,27,41,33,27,27,27,41,41,27,27,27,27,41,41,41,27,41,27,41,41,27,37,41,27,37,27,41,27,27,27,41,27,27,41,41,41,27,27,41,41,27,41,41,41,41,41,41,41,41,41,41,41,230,201,41,182,230,230,229,229,230,204,230,41,41,27,41,41,27,41,41,41,63,41,41,41,41,27,41,41,27,27,27,27,41,27,41,41,27,41,41,41,27,30,30,27,41,27,27,41,41,29,27,27,41,41,41,41,27,27,41,27,49,230,230,230,27,41,189,27,27,41,93,27,41,27,27,230,27,27,38,41,27,41,229,27,41,229,41,27,41,211,41,41,188,41,41,76,27,41,41,41,41,41,41,41,41,41,41,41,41,41,31,41,41,27,41,41,27,41,27,132,230,41,41,41,209,230,230,41,41,87,229,41,62,38,224,41,230,41,27,43,230,230,230,27,230,217,230,27,190,230,77,230,230,27,230,27,230,230,27,230,27,41,41,41,27,27,41,41,27,37,27,41,27,38,27,39,27,41,27,27,41,28,41,41,41,41,27,27,27,27,38,41,41,40,41,41,41,41,41,41,147,229,224,229,230,229,230,230,27,164,41,41,41,41,41,27,41,30,27,41,27,27,41,37,27,41,41,38,41,27,27,41,27,27,41,27,41,41,41,27,27,41,41,40,41,41,29,27,27,32,27,41,41,27,41,41,41,41,41,41,27,41,38,30,27,41,41,28,29,41,41,28,41,41,40,41,27,27,41,41,27,41,41,41,27,27,27,41,27,41,41,41,27,41,41,41,41,41,41,42,36,229,41,41,219,41,29,41,41,41,41,41,30,41,30,27,41,27,27,27,41,41,41,27,41,27,27,27,41,27,27,27,27,41,41,41,27,27,41,41,41,41,41,27,41,27,27,27,27,41,39,41,27,27,27,27,41,27,41,41,27,27,41,41,27,41,41,27,29,36,41,41,27,27,41,27,41,41,27,87,27,27,27,230,229,230,27,27,27,230
41,41,41,41,27,41,41,41,41,41,41,35,41,41,41,41,41,27,41,41,41,41,27,27,41,41,41,31,41,41,27,27,41,41,27,41,29,27,41,41,41,41,27,41,27,41,27,41,41,27,27,27,27,41,27,41,41,27,41,31,33,27,41,39,27,27,27,40,27,41,27,41,27,27,27,41,41,27,27,28,41,41,41,27,41,41,41,27,41,27,27,27,27,41,27,39,41,27,27,41,35,41,27,41,41,41,41,41,41,41,41,41,28,41,40,41,41,41,41,39,27,41,27,41,27,41,27,41,27,41,41,41,41,41,41,41,27,27,41,41,41,41,41,27,27,41,41,28,27,41,38,41,41,41,27,41,41,41,27,29,41,27,27,41,27,41,41,27,41,27,41,27,41,38,41,41,41,27,41,41,32,41,41,27,41,27,27,41,27,27,27,27,30,27,41,41,27,41,41,30,40,41,41,41,41,41,41,41,41,41,41,41,41,41,41,41,41,41,41,41,41,41,41,27,27,27,41,41,41,27,41,37,27,41,41,27,41,27,41,41,41,41,41,41,41,41,41,41,27,41,41,41,27,41,41,41,27,27,27,27,41,27,41,27,41,41,27,41,27,27,41,27,41,41,41,27,27,27,27,37,27,41,37,41,27,27,41,27,41,41,27,41,41,39,27,41,41,41,41,41,38,41,41,41,41,28,41,41,41,41,41,41,41,41,41,41,41,41,41,40,27,41,41,41,27,41,41,41,27,39,41,27,41,41,41,27,27,41,41,41,27,27,41,41,41,27,27,30,27,41,27,41,37,41,27,27,41,41,38,36,27,41,41,37,41,41,41,41,39,65,229,27,27,27,229,27,27,41,41,27,39,41,27,27,27,41,27,41,41,27,41,201,27,27,41,41,27,229,41,41,41,41,41,27,41,41,41,41,41,41,41,41,41,41,41,41,41,41,41,41,28,41,27,27,27,27,41,41,41,41,27,229,27,41,27,27,41,217,27,146,41,27,41,41,41,27,27,41,27,41,27,41,27,27,41,27,27,229,229,229,37,41,27,41,27,27,27,27,41,41,41,41,41,41,27,41,41,27,27,34,41,41,27,41,41,30,41,41,31,31,41,27,41,41,27,27,41,27,41,41,41,41,41,41,41,41,41,27,41,41,41,227,227,41,41,229,41,229,41,229,41,27,27,27,41,41,27,27,41,27,41,27,41,41,27,41,27,41,28,27,41,27,41,41,41,27,27,41,27,41,27,27,27,41,41,27,27,41,27,41,33,27,27,27,41,41,27,27,27,27,41,41,41,27,41,27,41,41,27,37,41,27,37,27,41,27,27,27,41,27,27,41,41,41,27,27,41,41,27,41,41,41,41,41,41,41,41,41,41,41,230,201,41,182,230,230,229,229,230,204,230,41,41,27,41,41,27,41,41,41,63,41,41,41,41,27,41,41,27,27,27,27,41,27,41,41,27,41,41,41,27,30,30,27,41,27,27,41,41,29,27,27,41,41,41,41,27,27,41,27,49,230,230,230,27,41,189,27,27,41,93,27,41,27,27,230,27,27,38,41,27,41,229,27,41,229,41,27,41,211,41,41,188,41,41,76,27,41,41,41,41,41,41,41,41,41,41,41,41,41,31,41,41,27,41,41,27,41,27,132,230,41,41,41,209,230,230,41,41,87,229,41,62,38,224,41,230,41,27,43,230,230,230,27,230,217,230,27,190,230,77,230,230,27,230,27,230,230,27,230,27,41,41,41,27,27,41,41,27,37,27,41,27,38,27,39,27,41,27,27,41,28,41,41,41,41,27,27,27,27,38,41,41,40,41,41,41,41,41,41,147,229,224,229,230,229,230,230,27,164,41,41,41,41,41,27,41,30,27,41,27,27,41,37,27,41,41,38,41,27,27,41,27,27,41,27,41,41,41,27,27,41,41,40,41,41,29,27,27,32,27,41,41,27,41,41,41,41,41,41,27,41,38,30,27,41,41,28,29,41,41,28,41,41,40,41,27,27,41,41,27,41,41,41,27,27,27,41,27,41,41,41,27,41,41,41,41,41,41,42,36,229,41,41,219,41,29,41,41,41,41,41,30,41,30,27,41,27,27,27,41,41,41,27,41,27,27,27,41,27,27,27,27,41,41,41,27,27,41,41,41,41,41,27,41,27,27,27,27,41,39,41,27,27,27,27,41,27,41,41,27,27,41,41,27,41,41,27,29,36,41,41,27,27,41,27,41,41,27,87,27,27,27,230,229,230,27,27,27,230
41,41,41,41,28,41,41,41,41,41,41,40,41,41,41,41,41,36,41,41,41,41,27,27,41,41,41,27,41,41,27,27,41,41,27,41,27,27,41,41,41,41,27,41,27,41,27,41,41,27,27,27,27,41,30,41,41,27,41,38,33,28,41,41,27,27,27,41,27,41,27,41,27,27,27,41,41,27,27,28,41,41,41,27,41,41,41,27,41,27,27,27,27,41,27,29,41,27,27,39,35,41,27,41,41,41,41,41,41,41,41,41,36,41,41,41,41,41,41,39,27,27,27,41,27,41,27,41,27,41,41,41,41,41,41,41,27,27,41,41,41,41,41,29,27,41,41,39,27,41,30,41,41,41,27,41,41,41,27,29,41,27,27,41,27,41,41,27,41,27,41,27,41,41,41,41,41,27,41,41,32,41,41,29,41,27,27,41,27,27,27,27,27,27,41,41,29,41,41,30,41,41,41,41,41,41,41,41,41,41,41,41,41,41,41,41,41,41,41,41,40,41,41,27,27,27,39,41,41,27,41,41,27,41,41,27,41,27,41,41,41,41,41,41,37,41,41,41,27,41,41,41,27,41,41,41,28,27,27,27,41,27,41,27,41,41,27,41,41,27,41,27,41,41,41,27,27,27,27,41,27,41,30,41,27,27,41,27,41,41,27,41,41,29,27,41,41,41,41,41,38,41,41,41,41,36,41,41,41,41,41,41,41,41,41,41,41,41,41,41,27,41,41,41,27,41,41,41,27,28,41,27,41,41,41,27,27,41,41,41,27,27,41,41,41,27,27,27,27,41,27,41,30,41,27,27,41,41,31,36,27,41,41,41,41,41,41,41,41,61,229,27,27,27,229,27,27,41,41,27,39,41,27,27,27,41,27,41,41,27,41,205,27,27,41,41,27,229,41,41,41,41,41,27,41,41,41,41,41,41,41,41,41,41,41,41,41,41,41,41,28,41,27,27,41,27,41,41,41,41,56,229,27,41,27,27,41,112,47,146,41,27,41,41,41,27,27,41,27,41,27,41,47,47,53,27,27,229,229,229,37,41,27,41,27,27,27,27,41,41,41,41,41,41,27,41,41,27,27,34,41,41,27,41,41,27,41,41,38,38,41,27,41,41,30,27,41,30,41,41,41,41,41,41,41,41,41,27,41,41,41,229,229,41,41,202,41,229,41,229,41,27,72,27,39,38,27,27,39,27,41,27,41,41,27,41,27,41,40,27,41,27,41,41,41,27,27,41,27,41,29,27,27,41,41,27,27,40,27,41,33,30,27,27,41,41,27,27,27,27,41,41,41,27,41,27,41,41,27,40,41,27,30,27,41,27,27,27,41,27,27,41,41,41,27,27,37,41,27,27,41,41,41,41,41,41,41,41,41,41,230,70,41,225,230,230,229,229,230,203,230,41,41,43,41,41,27,41,41,41,50,41,41,41,41,27,41,41,27,27,27,27,41,27,41,41,27,41,41,41,27,27,27,27,41,27,27,41,41,29,27,27,41,41,41,41,27,27,41,27,186,230,230,230,27,41,61,27,27,41,93,27,41,27,27,230,27,27,30,41,27,41,229,27,41,229,41,77,41,230,41,41,229,41,41,194,36,41,41,41,41,41,41,41,41,41,41,41,41,41,31,41,41,27,41,41,30,41,27,132,230,39,41,39,116,230,209,41,41,87,202,160,225,27,41,41,220,41,27,43,230,230,230,27,230,46,33,27,72,33,77,230,230,27,230,27,230,230,27,230,27,41,41,41,27,27,41,41,27,37,27,41,27,41,27,41,27,41,29,27,41,27,41,41,41,41,27,27,27,27,38,41,41,41,41,41,41,41,41,41,147,229,230,230,230,230,230,230,27,164,41,41,41,41,41,27,41,27,27,41,27,27,41,41,27,41,41,30,41,27,41,41,27,27,41,27,41,41,41,27,27,41,41,28,41,39,39,27,27,32,27,41,41,27,41,41,41,41,41,41,27,41,41,38,27,41,41,39,40,41,41,27,39,41,41,41,27,27,41,41,27,41,41,41,27,27,27,41,27,41,41,41,27,41,41,41,41,41,41,41,41,229,41,41,155,41,35,41,41,41,41,41,38,41,38,27,41,27,27,27,41,41,41,27,41,27,30,27,37,30,27,27,27,41,41,41,27,27,41,41,41,38,41,27,41,27,27,27,27,41,40,41,27,27,27,27,41,27,41,41,27,27,41,41,27,41,41,27,40,39,41,41,27,27,41,41,27,41,27,87,27,27,27,230,229,230,27,27,27,230
41,41,41,41,36,41,41,41,41,41,41,41,41,41,41,41,41,41,41,41,41,41,27,27,41,41,41,27,41,41,27,27,41,41,27,41,27,27,41,41,41,41,27,41,27,27,27,41,41,27,27,27,27,41,37,41,41,27,41,41,33,40,41,41,27,27,27,41,27,41,27,41,27,27,30,41,41,27,27,28,41,41,41,27,41,38,41,41,41,27,27,27,30,41,27,27,41,27,27,29,35,41,27,41,41,41,41,41,41,41,41,41,41,41,41,41,41,41,41,39,27,27,27,41,27,41,30,41,27,41,41,41,41,41,39,41,27,27,41,41,41,41,41,39,27,41,41,41,30,41,27,41,41,41,27,41,41,41,28,29,41,27,27,41,27,41,41,27,41,27,41,27,41,41,41,41,41,27,41,41,32,41,41,40,41,27,27,41,27,27,27,27,27,27,41,41,40,41,41,32,41,41,41,41,41,41,41,41,41,41,41,41,41,41,41,41,41,41,41,41,32,41,41,27,27,30,29,41,27,27,41,41,27,38,41,27,41,28,41,41,41,41,41,41,30,41,41,41,27,41,27,38,27,41,41,41,40,27,27,27,41,27,41,27,41,41,27,41,41,27,41,27,41,41,41,27,30,27,27,41,27,41,27,41,27,27,41,27,41,41,27,27,41,27,27,41,41,41,41,41,38,41,41,41,41,41,41,41,41,41,41,41,41,41,41,41,41,41,41,41,30,41,41,41,27,41,41,41,27,27,41,27,41,41,41,27,27,41,41,41,29,27,41,41,41,27,27,27,27,41,27,41,27,41,27,27,41,41,27,36,27,41,41,41,41,41,41,41,41,45,229,27,27,27,229,27,27,41,41,27,39,41,27,27,27,41,27,41,41,27,41,72,27,27,27,41,27,229,41,33,41,41,41,27,41,41,41,41,41,41,41,41,41,41,41,41,41,41,41,41,28,41,27,27,41,41,41,41,41,41,139,229,27,41,27,27,41,47,209,146,41,27,41,41,41,27,27,41,27,41,27,41,209,209,158,27,27,229,223,229,28,41,27,41,27,41,27,27,41,41,41,41,41,41,27,41,41,27,27,34,41,41,27,41,41,27,41,41,41,41,41,27,41,41,38,27,41,37,41,41,41,41,41,41,41,41,41,36,41,41,41,229,229,41,41,67,41,229,41,229,41,27,184,27,29,31,27,27,29,27,41,27,38,41,27,41,28,41,41,27,41,27,41,41,41,27,27,41,27,41,38,27,29,41,41,27,27,28,27,41,33,38,27,27,41,41,27,27,27,27,41,41,41,27,41,27,41,41,27,40,41,27,27,27,41,27,27,27,41,27,27,41,41,41,27,27,30,41,27,27,41,41,41,41,41,41,41,41,41,41,230,41,41,229,230,230,229,229,230,203,230,41,41,214,41,41,35,41,41,41,42,41,41,41,41,27,41,41,27,27,27,27,41,27,41,41,27,41,41,41,27,27,27,27,41,27,27,41,41,29,27,27,41,41,41,41,27,27,41,27,212,230,230,230,27,39,41,27,27,41,93,27,41,27,27,230,27,27,27,41,27,39,229,27,41,223,41,181,41,230,59,41,229,41,41,229,41,41,41,41,41,41,41,41,41,41,41,41,41,41,31,41,41,27,41,41,38,41,27,132,230,28,41,29,52,230,116,41,41,80,64,225,230,27,41,41,45,41,27,43,228,230,230,27,230,27,27,67,32,27,77,230,230,27,230,27,230,230,27,230,39,41,41,41,27,27,41,41,27,37,27,41,27,41,27,41,29,41,38,27,41,27,41,41,41,35,27,27,27,27,38,41,41,41,41,41,41,41,41,41,147,229,230,230,230,230,230,230,27,164,41,41,41,41,41,56,41,27,27,41,27,27,41,41,27,41,41,27,41,30,41,41,27,27,41,27,41,41,41,27,27,41,41,27,41,29,41,29,27,32,27,41,41,29,41,41,41,41,41,41,27,41,41,41,27,41,41,41,41,41,41,27,28,38,41,41,27,27,41,41,27,41,41,41,27,27,29,41,27,41,41,41,27,41,41,41,41,41,41,41,41,229,41,41,60,41,40,41,41,41,43,41,41,41,41,27,41,27,27,27,41,41,41,27,41,27,38,27,30,37,27,41,27,41,38,41,27,27,41,41,41,30,41,27,41,27,29,27,27,41,40,41,27,27,27,27,41,27,41,41,27,27,41,41,27,41,41,27,41,41,41,41,27,27,41,41,27,41,27,87,27,27,27,230,229,230,27,27,27,230
41,41,41,41,36,41,41,41,41,41,41,41,41,41,41,41,41,41,41,41,41,41,27,27,41,41,41,27,41,41,27,27,41,41,27,41,27,27,41,41,41,41,27,41,27,27,27,41,41,27,27,27,27,41,37,41,41,27,41,41,33,40,41,41,27,27,27,41,27,41,27,41,27,27,30,41,41,27,27,28,41,41,41,27,41,38,41,41,41,27,27,27,30,41,27,27,41,27,27,29,35,41,27,41,41,41,41,41,41,41,41,41,41,41,41,41,41,41,41,39,27,27,27,41,27,41,30,41,27,41,41,41,41,41,39,41,27,27,41,41,41,41,41,39,27,41,41,41,30,41,27,41,41,41,27,41,41,41,28,29,41,27,27,41,27,41,41,27,41,27,41,27,41,41,41,41,41,27,41,41,32,41,41,40,41,27,27,41,27,27,27,27,27,27,41,41,40,41,41,32,41,41,41,41,41,41,41,41,41,41,41,41,41,41,41,41,41,41,41,41,32,41,41,27,27,30,29,41,27,27,41,41,27,38,41,27,41,28,41,41,41,41,41,41,30,41,41,41,27,41,27,38,27,41,41,41,40,27,27,27,41,27,41,27,41,41,27,41,41,27,41,27,41,41,41,27,30,27,27,41,27,41,27,41,27,27,41,27,41,41,27,27,41,27,27,41,41,41,41,41,38,41,41,41,41,41,41,41,41,41,41,41,41,41,41,41,41,41,41,41,30,41,41,41,27,41,41,41,27,27,41,27,41,41,41,27,27,41,41,41,29,27,41,41,41,27,27,27,27,41,27,41,27,41,27,27,41,41,27,36,27,41,41,41,41,41,41,41,41,45,229,27,27,27,229,27,27,41,41,27,39,41,27,27,27,41,27,41,41,27,41,72,27,27,27,41,27,229,41,33,41,41,41,27,41,41,41,41,41,41,41,41,41,41,41,41,41,41,41,41,28,41,27,27,41,41,41,41,41,41,139,229,27,41,27,27,41,47,209,146,41,27,41,41,41,27,27,41,27,41,27,41,209,209,158,27,27,229,223,229,28,41,27,41,27,41,27,27,41,41,41,41,41,41,27,41,41,27,27,34,41,41,27,41,41,27,41,41,41,41,41,27,41,41,38,27,41,37,41,41,41,41,41,41,41,41,41,36,41,41,41,229,229,41,41,67,41,229,41,229,41,27,184,27,29,31,27,27,29,27,41,27,38,41,27,41,28,41,41,27,41,27,41,41,41,27,27,41,27,41,38,27,29,41,41,27,27,28,27,41,33,38,27,27,41,41,27,27,27,27,41,41,41,27,41,27,41,41,27,40,41,27,27,27,41,27,27,27,41,27,27,41,41,41,27,27,30,41,27,27,41,41,41,41,41,41,41,41,41,41,230,41,41,229,230,230,229,229,230,203,230,41,41,214,41,41,35,41,41,41,42,41,41,41,41,27,41,41,27,27,27,27,41,27,41,41,27,41,41,41,27,27,27,27,41,27,27,41,41,29,27,27,41,41,41,41,27,27,41,27,212,230,230,230,27,39,41,27,27,41,93,27,41,27,27,230,27,27,27,41,27,39,229,27,41,223,41,181,41,230,59,41,229,41,41,229,41,41,41,41,41,41,41,41,41,41,41,41,41,41,31,41,41,27,41,41,38,41,27,132,230,28,41,29,52,230,116,41,41,80,64,225,230,27,41,41,45,41,27,43,228,230,230,27,230,27,27,67,32,27,77,230,230,27,230,27,230,230,27,230,39,41,41,41,27,27,41,41,27,37,27,41,27,41,27,41,29,41,38,27,41,27,41,41,41,35,27,27,27,27,38,41,41,41,41,41,41,41,41,41,147,229,230,230,230,230,230,230,27,164,41,41,41,41,41,56,41,27,27,41,27,27,41,41,27,41,41,27,41,30,41,41,27,27,41,27,41,41,41,27,27,41,41,27,41,29,41,29,27,32,27,41,41,29,41,41,41,41,41,41,27,41,41,41,27,41,41,41,41,41,41,27,28,38,41,41,27,27,41,41,27,41,41,41,27,27,29,41,27,41,41,41,27,41,41,41,41,41,41,41,41,229,41,41,60,41,40,41,41,41,43,41,41,41,41,27,41,27,27,27,41,41,41,27,41,27,38,27,30,37,27,41,27,41,38,41,27,27,41,41,41,30,41,27,41,27,29,27,27,41,40,41,27,27,27,27,41,27,41,41,27,27,41,41,27,41,41,27,41,41,41,41,27,27,41,41,27,41,27,87,27,27,27,230,229,230,27,27,27,230
41,41,41,41,41,41,41,41,41,41,41,41,41,41,41,41,41,41,41,41,41,41,27,27,41,41,41,27,41,41,27,27,41,41,27,41,27,27,41,41,41,41,27,41,27,27,29,37,41,29,27,27,27,41,41,41,41,27,41,41,33,41,41,41,27,27,27,41,27,41,27,41,27,27,37,41,41,27,27,28,38,41,41,27,41,30,41,41,41,27,27,27,38,41,27,27,41,27,27,27,35,41,27,41,41,41,41,41,41,41,41,41,41,41,41,41,41,41,41,39,41,27,27,41,27,41,38,41,27,39,41,41,41,39,28,41,27,27,41,41,41,41,41,41,30,41,41,41,38,41,27,41,41,41,28,40,41,41,40,29,41,27,27,41,27,41,41,27,41,27,41,27,41,41,41,41,41,27,41,41,32,41,41,41,41,27,27,41,27,27,27,27,27,27,41,41,41,41,41,39,41,41,41,41,41,41,41,41,41,41,41,41,41,41,41,41,41,41,41,41,31,41,41,41,27,39,27,41,27,27,41,41,27,30,41,27,40,40,41,41,41,41,41,41,27,41,41,41,27,41,27,30,27,41,41,41,41,27,27,27,41,27,41,27,41,41,27,41,41,27,41,27,41,41,41,27,38,30,27,41,29,41,27,41,29,27,41,27,41,41,27,27,41,27,27,41,41,41,41,41,38,41,41,41,41,41,41,41,41,41,41,41,41,41,41,41,41,41,41,41,38,41,41,41,27,41,41,41,27,27,41,27,41,41,41,27,27,41,41,39,39,27,41,41,41,27,27,27,27,41,27,41,27,41,29,27,41,41,27,32,27,41,41,41,41,41,41,41,41,41,229,27,27,27,229,27,27,41,41,27,39,41,29,27,27,41,27,41,41,27,41,41,27,27,27,41,27,209,41,33,41,41,41,27,41,41,41,41,41,41,41,41,41,41,41,41,41,41,41,41,28,41,27,29,41,41,41,41,41,41,168,204,27,41,27,27,41,41,229,146,41,27,41,41,41,27,27,41,27,27,27,41,229,229,223,27,27,229,41,229,28,41,27,41,27,41,27,27,41,41,41,41,41,41,27,41,41,27,27,34,41,41,27,41,41,27,41,41,41,41,41,27,41,41,41,27,41,41,41,41,41,41,41,41,41,41,41,41,41,41,41,229,229,41,41,41,41,229,41,229,41,27,229,27,27,27,27,27,27,27,41,27,30,41,27,41,40,41,41,27,40,27,41,38,41,27,41,41,27,41,41,27,40,41,41,27,27,27,27,41,33,41,27,27,41,41,27,27,30,27,41,41,41,27,41,27,41,41,27,40,41,27,27,27,41,27,27,27,41,29,27,41,41,41,30,27,27,41,27,27,41,41,41,41,41,41,41,41,41,41,230,41,41,230,230,230,185,229,229,203,230,41,41,230,41,41,221,41,41,41,41,41,41,41,41,27,41,41,27,27,27,27,41,41,38,41,27,41,41,27,27,27,27,27,41,27,27,41,41,29,27,27,41,41,41,41,27,27,41,27,213,230,230,230,74,28,41,27,27,41,93,27,41,27,27,200,27,47,27,41,27,29,229,27,41,41,38,230,38,230,211,41,229,81,41,229,41,41,41,41,41,41,41,41,41,41,41,41,41,41,31,41,41,27,41,41,41,41,27,132,230,27,41,27,41,209,52,38,41,47,41,230,230,27,41,41,41,39,27,43,228,230,230,27,230,27,27,189,28,27,77,230,230,27,230,27,230,230,27,230,116,41,41,41,27,27,41,41,41,37,27,41,27,41,30,41,39,41,41,27,41,27,41,41,38,29,27,27,27,30,38,41,41,41,41,41,41,41,41,41,147,229,230,230,230,230,230,229,36,164,41,41,40,41,41,200,41,27,27,41,27,27,41,41,27,41,41,27,41,38,41,41,27,27,41,30,41,41,41,27,27,41,41,27,41,27,41,40,29,32,30,41,41,40,41,41,41,41,41,41,27,41,41,41,27,41,41,41,41,41,41,27,27,30,41,41,27,41,41,41,41,41,41,41,27,27,39,41,27,41,41,41,27,41,41,41,41,41,41,41,41,215,41,41,41,41,41,41,41,41,45,41,41,41,41,27,41,27,27,27,41,41,41,27,41,27,41,27,27,41,27,41,27,41,29,41,27,27,41,41,38,27,39,27,38,27,39,27,27,41,40,41,41,27,27,27,39,27,41,41,28,27,41,41,27,41,41,27,41,41,41,41,27,27,41,41,27,41,27,87,27,27,230,230,190,230,27,27,27,230
41,41,41,41,41,41,41,41,41,41,41,41,41,41,41,41,41,41,41,41,41,41,27,27,41,41,41,27,41,27,27,27,41,41,27,41,27,27,41,41,41,27,27,41,27,27,40,30,41,40,27,27,27,41,41,41,41,27,41,41,33,41,41,41,27,27,27,41,27,41,27,41,28,30,41,41,41,29,27,28,30,41,41,27,41,27,41,41,41,27,27,27,41,38,41,27,41,27,27,27,35,41,36,41,41,41,41,41,41,41,41,41,41,41,41,41,41,41,41,39,41,27,27,41,27,41,41,41,27,29,41,41,41,28,27,41,29,27,41,41,41,41,41,41,37,41,40,41,41,41,27,41,41,41,40,28,41,41,41,29,41,27,27,41,27,41,41,27,41,27,41,27,41,41,41,41,41,27,41,41,32,27,41,41,41,27,27,41,27,27,27,30,27,27,41,41,41,41,41,41,41,41,41,41,41,41,41,41,41,41,41,41,41,41,41,41,41,41,41,41,31,40,41,41,27,41,27,41,27,27,41,41,27,27,41,27,28,41,41,41,41,41,41,41,27,41,37,41,27,41,27,27,27,41,41,41,41,27,27,27,41,27,41,27,41,41,29,41,41,27,41,27,41,41,41,27,41,38,27,41,38,41,27,41,40,27,41,27,41,41,27,27,41,27,27,41,41,41,41,41,38,41,41,41,41,41,41,41,41,41,41,39,41,41,41,41,41,41,41,41,41,41,41,41,27,41,41,41,27,27,41,30,41,41,41,27,27,41,41,28,41,27,41,41,27,30,27,27,27,41,29,41,27,41,40,27,41,41,27,32,27,41,41,41,41,41,41,41,41,41,41,27,27,27,229,27,27,41,41,27,39,41,39,27,27,41,27,41,41,27,41,41,27,27,27,41,27,115,41,33,41,41,41,27,41,41,41,41,41,41,41,41,41,41,41,41,41,41,41,41,31,41,27,38,41,41,41,41,41,41,168,118,27,41,27,27,37,41,229,139,41,27,41,41,41,27,27,41,27,27,27,53,229,229,229,27,27,229,41,229,28,41,27,41,27,41,27,27,41,41,41,41,41,41,27,41,41,27,27,34,41,41,27,41,41,27,41,41,41,41,27,41,41,41,41,27,41,41,41,41,41,41,41,41,41,41,41,41,41,41,41,229,229,41,41,41,41,229,71,229,41,27,229,27,27,27,27,27,27,27,41,27,27,41,27,41,41,41,41,27,27,27,41,30,41,27,41,41,27,41,41,29,41,41,41,27,41,27,27,41,33,41,27,27,41,41,27,27,38,27,41,41,41,27,41,29,41,41,29,40,41,30,27,27,41,27,27,27,41,39,27,41,41,39,37,27,27,41,27,27,41,41,41,41,41,41,41,41,41,41,230,41,224,230,230,230,85,210,229,203,202,41,41,230,27,41,230,40,41,41,41,41,41,41,41,41,41,41,27,27,27,27,41,41,30,41,27,41,41,27,27,27,27,27,41,29,27,41,41,29,27,27,41,41,41,41,27,27,41,27,213,230,230,230,178,27,41,46,27,27,93,59,41,27,27,120,27,210,27,38,27,27,229,27,27,41,30,230,30,230,229,41,229,188,41,229,41,41,41,41,50,41,41,41,41,41,41,41,41,41,31,41,41,27,41,41,41,41,27,132,230,27,41,27,41,116,41,30,41,41,41,230,230,27,41,27,41,28,30,43,228,230,230,27,230,27,27,230,27,27,77,230,230,66,230,27,221,230,27,230,131,41,41,41,27,27,41,41,41,37,27,41,27,41,38,41,41,41,41,27,41,27,41,41,30,27,27,27,27,38,38,41,41,41,41,41,41,41,41,41,147,203,230,230,230,230,230,229,41,164,41,41,28,41,41,230,41,27,27,41,27,27,41,41,27,41,41,27,41,41,41,41,27,31,41,38,41,41,41,27,27,41,41,27,39,27,41,41,40,41,37,41,41,41,41,41,41,41,41,41,27,41,41,41,27,41,41,41,41,41,41,27,27,27,41,41,27,41,41,41,41,27,41,41,27,27,41,41,27,41,41,41,27,41,41,41,41,41,41,41,41,152,41,41,41,41,41,41,41,41,45,41,41,41,41,27,41,27,30,27,41,41,41,27,41,27,41,27,27,41,27,41,27,41,27,41,27,27,41,41,30,27,28,27,30,27,41,27,27,41,40,41,41,27,27,27,29,27,41,41,40,27,41,41,27,41,41,30,41,41,41,41,27,29,41,41,27,41,27,87,27,27,230,230,71,229,230,63,27,230
41,41,41,41,41,41,41,41,41,41,41,41,41,41,41,41,41,41,41,41,41,41,27,27,41,41,41,27,41,27,27,27,41,41,27,41,27,27,41,41,41,27,27,41,27,27,40,30,41,40,27,27,27,41,41,41,41,27,41,41,33,41,41,41,27,27,27,41,27,41,27,41,28,30,41,41,41,29,27,28,30,41,41,27,41,27,41,41,41,27,27,27,41,38,41,27,41,27,27,27,35,41,36,41,41,41,41,41,41,41,41,41,41,41,41,41,41,41,41,39,41,27,27,41,27,41,41,41,27,29,41,41,41,28,27,41,29,27,41,41,41,41,41,41,37,41,40,41,41,41,27,41,41,41,40,28,41,41,41,29,41,27,27,41,27,41,41,27,41,27,41,27,41,41,41,41,41,27,41,41,32,27,41,41,41,27,27,41,27,27,27,30,27,27,41,41,41,41,41,41,41,41,41,41,41,41,41,41,41,41,41,41,41,41,41,41,41,41,41,41,31,40,41,41,27,41,27,41,27,27,41,41,27,27,41,27,28,41,41,41,41,41,41,41,27,41,37,41,27,41,27,27,27,41,41,41,41,27,27,27,41,27,41,27,41,41,29,41,41,27,41,27,41,41,41,27,41,38,27,41,38,41,27,41,40,27,41,27,41,41,27,27,41,27,27,41,41,41,41,41,38,41,41,41,41,41,41,41,41,41,41,39,41,41,41,41,41,41,41,41,41,41,41,41,27,41,41,41,27,27,41,30,41,41,41,27,27,41,41,28,41,27,41,41,27,30,27,27,27,41,29,41,27,41,40,27,41,41,27,32,27,41,41,41,41,41,41,41,41,41,41,27,27,27,229,27,27,41,41,27,39,41,39,27,27,41,27,41,41,27,41,41,27,27,27,41,27,115,41,33,41,41,41,27,41,41,41,41,41,41,41,41,41,41,41,41,41,41,41,41,31,41,27,38,41,41,41,41,41,41,168,118,27,41,27,27,37,41,229,139,41,27,41,41,41,27,27,41,27,27,27,53,229,229,229,27,27,229,41,229,28,41,27,41,27,41,27,27,41,41,41,41,41,41,27,41,41,27,27,34,41,41,27,41,41,27,41,41,41,41,27,41,41,41,41,27,41,41,41,41,41,41,41,41,41,41,41,41,41,41,41,229,229,41,41,41,41,229,71,229,41,27,229,27,27,27,27,27,27,27,41,27,27,41,27,41,41,41,41,27,27,27,41,30,41,27,41,41,27,41,41,29,41,41,41,27,41,27,27,41,33,41,27,27,41,41,27,27,38,27,41,41,41,27,41,29,41,41,29,40,41,30,27,27,41,27,27,27,41,39,27,41,41,39,37,27,27,41,27,27,41,41,41,41,41,41,41,41,41,41,230,41,224,230,230,230,85,210,229,203,202,41,41,230,27,41,230,40,41,41,41,41,41,41,41,41,41,41,27,27,27,27,41,41,30,41,27,41,41,27,27,27,27,27,41,29,27,41,41,29,27,27,41,41,41,41,27,27,41,27,213,230,230,230,178,27,41,46,27,27,93,59,41,27,27,120,27,210,27,38,27,27,229,27,27,41,30,230,30,230,229,41,229,188,41,229,41,41,41,41,50,41,41,41,41,41,41,41,41,41,31,41,41,27,41,41,41,41,27,132,230,27,41,27,41,116,41,30,41,41,41,230,230,27,41,27,41,28,30,43,228,230,230,27,230,27,27,230,27,27,77,230,230,66,230,27,221,230,27,230,131,41,41,41,27,27,41,41,41,37,27,41,27,41,38,41,41,41,41,27,41,27,41,41,30,27,27,27,27,38,38,41,41,41,41,41,41,41,41,41,147,203,230,230,230,230,230,229,41,164,41,41,28,41,41,230,41,27,27,41,27,27,41,41,27,41,41,27,41,41,41,41,27,31,41,38,41,41,41,27,27,41,41,27,39,27,41,41,40,41,37,41,41,41,41,41,41,41,41,41,27,41,41,41,27,41,41,41,41,41,41,27,27,27,41,41,27,41,41,41,41,27,41,41,27,27,41,41,27,41,41,41,27,41,41,41,41,41,41,41,41,152,41,41,41,41,41,41,41,41,45,41,41,41,41,27,41,27,30,27,41,41,41,27,41,27,41,27,27,41,27,41,27,41,27,41,27,27,41,41,30,27,28,27,30,27,41,27,27,41,40,41,41,27,27,27,29,27,41,41,40,27,41,41,27,41,41,30,41,41,41,41,27,29,41,41,27,41,27,87,27,27,230,230,71,229,230,63,27,230
41,41,41,41,41,41,41,41,41,41,41,41,41,41,41,41,41,41,41,41,41,41,27,41,41,41,41,27,41,27,27,27,41,41,27,41,27,30,41,41,41,27,27,41,27,27,41,27,41,41,29,27,27,41,41,41,41,41,41,41,33,41,41,41,27,27,27,41,27,41,27,41,39,38,41,41,41,40,27,28,27,41,41,30,41,27,41,41,27,27,27,27,41,30,41,27,41,27,27,27,35,41,41,41,41,41,41,41,41,41,41,41,41,41,41,41,41,41,41,39,41,27,27,41,27,41,41,41,27,27,41,41,41,27,27,41,39,27,41,41,41,41,41,41,41,41,29,41,41,41,27,41,41,41,41,27,41,41,41,29,41,27,27,41,27,41,41,27,41,27,41,27,41,41,41,41,41,27,41,41,32,27,41,41,41,27,30,41,27,27,27,38,27,27,41,41,41,41,38,41,41,41,41,41,41,41,41,41,41,41,41,41,41,41,41,41,41,41,41,41,31,29,41,41,27,41,27,41,27,27,37,41,27,27,41,27,27,41,41,41,41,41,41,41,27,41,30,41,27,41,27,27,27,41,41,41,41,27,27,27,41,27,41,41,41,41,40,41,41,27,41,27,41,41,41,27,41,41,41,41,41,41,27,41,41,27,27,27,41,41,27,27,41,27,29,41,41,41,41,41,38,41,41,41,41,41,41,41,41,41,41,29,41,41,41,41,41,41,41,41,41,41,41,41,27,41,41,38,27,27,39,37,41,41,41,27,27,41,41,27,41,27,41,41,27,38,27,27,27,41,40,41,27,41,41,27,41,41,27,32,27,41,41,41,41,41,41,41,41,41,41,27,27,27,186,27,27,41,41,27,53,41,41,27,27,41,27,41,41,27,41,41,27,29,27,41,27,51,41,33,41,41,41,27,41,41,41,41,41,41,41,41,41,41,41,41,41,41,41,41,38,41,27,41,41,41,41,41,41,38,168,54,27,27,27,229,30,41,229,80,41,27,41,41,41,27,27,41,27,27,27,158,229,229,229,27,27,229,41,223,28,41,27,41,27,41,27,30,41,41,41,41,41,41,27,41,41,27,27,34,41,41,27,41,41,27,41,41,41,41,27,41,41,41,41,27,41,41,41,41,41,41,41,41,41,41,41,41,41,41,41,229,229,41,41,41,41,229,193,229,41,72,229,27,27,27,27,49,27,27,41,27,27,41,27,41,41,41,41,40,27,27,41,27,41,27,41,41,27,41,41,38,41,41,41,27,41,27,27,41,33,41,27,27,41,41,27,27,41,27,41,41,41,27,41,40,41,41,39,40,41,38,27,27,41,27,27,27,41,41,29,41,41,28,41,27,27,41,30,27,41,41,41,41,41,41,41,41,41,41,229,41,230,230,229,229,41,59,229,203,119,41,41,230,27,41,230,28,41,39,41,41,41,38,41,41,41,39,27,27,27,27,41,41,27,41,27,41,41,27,27,27,27,27,39,40,27,41,41,41,27,30,41,41,41,41,27,31,41,27,213,230,230,211,228,27,41,206,27,27,93,198,41,27,27,57,27,230,27,30,27,27,229,36,27,41,27,230,27,218,229,41,202,229,41,229,41,229,60,41,50,41,41,41,41,41,41,41,41,41,31,41,41,27,41,41,41,41,27,132,106,27,41,27,41,52,38,27,41,41,41,230,229,27,41,27,41,27,38,43,228,230,230,27,230,27,27,230,27,27,77,230,230,185,200,27,110,221,27,230,132,41,41,41,27,28,41,41,41,37,27,41,27,41,41,41,41,41,41,27,41,27,41,41,27,27,27,41,27,41,38,41,41,41,41,41,41,41,41,41,147,118,230,230,230,230,230,229,41,164,41,41,27,41,41,230,39,27,27,41,27,27,41,41,27,41,41,27,41,41,41,41,27,38,41,41,41,38,41,27,27,41,39,27,29,27,41,41,41,41,41,41,41,41,41,41,41,41,41,41,27,41,41,41,27,41,41,41,41,41,41,27,27,27,41,41,27,41,41,41,41,27,27,41,41,27,41,41,27,41,41,41,28,41,41,41,41,41,41,41,41,67,59,41,41,81,41,41,41,81,45,34,41,41,41,27,41,27,38,30,41,41,41,27,41,27,41,27,27,41,27,41,27,41,27,41,29,27,41,41,27,27,27,27,27,27,41,27,27,41,40,41,41,27,27,27,27,27,41,41,41,27,41,41,27,41,41,38,41,41,41,41,27,40,41,41,27,38,27,87,27,27,230,229,28,229,230,194,27,229
41,41,41,41,41,41,41,41,41,41,41,41,41,41,41,41,41,41,41,41,41,41,27,41,27,41,41,27,41,27,27,27,41,40,27,41,27,38,41,41,41,27,41,41,29,27,41,27,41,41,40,27,27,41,41,41,39,41,41,41,35,41,41,41,27,27,27,41,29,41,27,41,41,41,41,41,41,41,27,28,27,38,41,37,41,27,41,41,27,27,27,27,41,27,41,27,41,27,30,27,35,41,41,41,41,41,41,41,41,41,41,41,41,41,41,41,41,41,41,39,41,27,27,41,27,41,41,41,27,27,41,41,41,27,27,41,41,27,41,41,41,41,39,41,41,41,27,41,41,41,27,41,27,41,41,27,41,40,41,30,41,27,27,41,28,41,41,27,41,27,41,27,41,41,41,41,41,27,41,41,32,27,41,41,41,27,38,41,27,27,30,41,27,27,41,41,41,27,30,41,41,41,41,41,41,41,41,41,41,41,41,41,41,41,41,41,41,41,41,41,31,27,41,41,27,41,27,41,27,27,31,41,27,27,41,27,27,41,41,41,41,41,41,41,27,41,27,27,27,41,27,27,27,27,41,41,41,27,27,27,39,27,41,41,41,41,41,41,41,27,41,27,41,41,41,27,41,41,41,41,41,41,27,41,41,27,27,27,41,41,27,27,41,27,39,41,41,41,41,41,38,41,41,41,41,41,41,41,41,41,41,27,41,41,41,41,41,41,41,41,41,41,41,41,27,41,41,30,29,27,28,41,41,41,41,27,27,41,41,27,41,29,37,41,27,41,29,27,29,41,41,41,27,41,41,27,41,41,27,32,27,41,41,41,41,41,41,41,41,41,41,27,27,72,84,27,27,41,41,27,53,41,41,27,27,41,27,41,41,27,41,41,27,40,27,41,27,41,41,33,41,41,41,28,41,41,41,41,41,41,41,41,41,41,41,41,41,41,41,41,41,41,27,41,41,41,41,41,41,30,151,41,27,27,27,229,27,41,229,44,41,27,41,41,39,27,27,41,27,27,207,223,229,217,229,27,27,229,41,41,28,41,27,41,27,41,27,37,41,41,41,41,41,41,27,41,41,27,27,34,41,41,28,41,41,27,41,41,41,41,27,41,41,41,41,27,41,41,41,41,41,41,41,41,41,41,41,41,41,41,41,229,229,41,41,41,67,229,224,229,41,184,229,27,27,27,27,207,27,27,41,27,27,27,27,41,41,41,41,41,27,27,41,27,41,27,41,41,27,41,41,41,41,39,41,27,41,27,29,41,33,41,27,28,41,41,27,27,41,27,41,41,41,27,41,41,41,41,41,40,38,41,27,27,41,27,27,27,41,41,39,41,41,27,41,27,27,41,38,27,41,41,41,41,41,41,38,41,41,51,229,41,230,230,229,229,41,41,229,203,56,41,40,230,27,41,230,27,41,29,41,41,41,31,41,41,41,29,29,27,27,27,41,41,27,41,27,41,27,27,27,27,27,27,28,41,27,41,41,41,27,39,41,41,41,41,27,38,41,27,213,189,230,59,230,27,41,229,27,27,93,230,41,27,76,41,27,230,27,27,27,27,229,220,27,41,27,230,27,112,229,41,118,229,41,206,41,229,211,41,50,41,41,41,41,41,41,41,41,41,31,41,41,27,41,41,41,41,27,72,41,27,41,27,41,41,27,27,41,41,41,229,211,27,41,27,41,27,41,55,202,230,33,27,211,27,27,230,27,27,77,230,230,229,120,27,46,110,27,230,132,41,41,41,27,40,41,41,41,37,27,41,27,41,41,41,41,41,41,27,39,27,41,41,27,27,27,41,27,41,38,41,41,41,41,41,41,41,41,41,147,55,230,230,229,230,229,229,41,166,27,39,27,41,27,230,29,27,27,41,27,27,41,41,27,41,41,27,41,41,41,41,27,41,41,41,38,30,41,27,27,41,41,27,27,27,41,41,41,41,41,41,41,41,41,41,41,41,41,41,27,41,41,41,29,41,41,41,41,41,41,27,27,27,41,41,30,41,41,37,41,27,27,41,41,27,41,41,27,41,41,41,35,41,41,41,41,41,41,41,41,41,206,41,41,184,41,41,41,185,45,30,41,41,41,41,41,27,41,38,41,41,41,27,41,27,41,27,27,41,27,41,27,41,27,41,39,27,41,41,27,27,27,27,27,27,41,27,27,41,40,41,41,30,27,27,27,27,41,41,41,27,41,41,27,41,41,41,41,41,41,41,27,41,41,41,27,30,27,87,27,27,230,229,27,229,230,230,74,229
41,41,41,41,41,41,41,41,41,41,41,41,41,41,41,41,41,41,41,41,41,41,27,41,27,41,41,27,41,27,27,27,41,40,27,41,27,38,41,41,41,27,41,41,29,27,41,27,41,41,40,27,27,41,41,41,39,41,41,41,35,41,41,41,27,27,27,41,29,41,27,41,41,41,41,41,41,41,27,28,27,38,41,37,41,27,41,41,27,27,27,27,41,27,41,27,41,27,30,27,35,41,41,41,41,41,41,41,41,41,41,41,41,41,41,41,41,41,41,39,41,27,27,41,27,41,41,41,27,27,41,41,41,27,27,41,41,27,41,41,41,41,39,41,41,41,27,41,41,41,27,41,27,41,41,27,41,40,41,30,41,27,27,41,28,41,41,27,41,27,41,27,41,41,41,41,41,27,41,41,32,27,41,41,41,27,38,41,27,27,30,41,27,27,41,41,41,27,30,41,41,41,41,41,41,41,41,41,41,41,41,41,41,41,41,41,41,41,41,41,31,27,41,41,27,41,27,41,27,27,31,41,27,27,41,27,27,41,41,41,41,41,41,41,27,41,27,27,27,41,27,27,27,27,41,41,41,27,27,27,39,27,41,41,41,41,41,41,41,27,41,27,41,41,41,27,41,41,41,41,41,41,27,41,41,27,27,27,41,41,27,27,41,27,39,41,41,41,41,41,38,41,41,41,41,41,41,41,41,41,41,27,41,41,41,41,41,41,41,41,41,41,41,41,27,41,41,30,29,27,28,41,41,41,41,27,27,41,41,27,41,29,37,41,27,41,29,27,29,41,41,41,27,41,41,27,41,41,27,32,27,41,41,41,41,41,41,41,41,41,41,27,27,72,84,27,27,41,41,27,53,41,41,27,27,41,27,41,41,27,41,41,27,40,27,41,27,41,41,33,41,41,41,28,41,41,41,41,41,41,41,41,41,41,41,41,41,41,41,41,41,41,27,41,41,41,41,41,41,30,151,41,27,27,27,229,27,41,229,44,41,27,41,41,39,27,27,41,27,27,207,223,229,217,229,27,27,229,41,41,28,41,27,41,27,41,27,37,41,41,41,41,41,41,27,41,41,27,27,34,41,41,28,41,41,27,41,41,41,41,27,41,41,41,41,27,41,41,41,41,41,41,41,41,41,41,41,41,41,41,41,229,229,41,41,41,67,229,224,229,41,184,229,27,27,27,27,207,27,27,41,27,27,27,27,41,41,41,41,41,27,27,41,27,41,27,41,41,27,41,41,41,41,39,41,27,41,27,29,41,33,41,27,28,41,41,27,27,41,27,41,41,41,27,41,41,41,41,41,40,38,41,27,27,41,27,27,27,41,41,39,41,41,27,41,27,27,41,38,27,41,41,41,41,41,41,38,41,41,51,229,41,230,230,229,229,41,41,229,203,56,41,40,230,27,41,230,27,41,29,41,41,41,31,41,41,41,29,29,27,27,27,41,41,27,41,27,41,27,27,27,27,27,27,28,41,27,41,41,41,27,39,41,41,41,41,27,38,41,27,213,189,230,59,230,27,41,229,27,27,93,230,41,27,76,41,27,230,27,27,27,27,229,220,27,41,27,230,27,112,229,41,118,229,41,206,41,229,211,41,50,41,41,41,41,41,41,41,41,41,31,41,41,27,41,41,41,41,27,72,41,27,41,27,41,41,27,27,41,41,41,229,211,27,41,27,41,27,41,55,202,230,33,27,211,27,27,230,27,27,77,230,230,229,120,27,46,110,27,230,132,41,41,41,27,40,41,41,41,37,27,41,27,41,41,41,41,41,41,27,39,27,41,41,27,27,27,41,27,41,38,41,41,41,41,41,41,41,41,41,147,55,230,230,229,230,229,229,41,166,27,39,27,41,27,230,29,27,27,41,27,27,41,41,27,41,41,27,41,41,41,41,27,41,41,41,38,30,41,27,27,41,41,27,27,27,41,41,41,41,41,41,41,41,41,41,41,41,41,41,27,41,41,41,29,41,41,41,41,41,41,27,27,27,41,41,30,41,41,37,41,27,27,41,41,27,41,41,27,41,41,41,35,41,41,41,41,41,41,41,41,41,206,41,41,184,41,41,41,185,45,30,41,41,41,41,41,27,41,38,41,41,41,27,41,27,41,27,27,41,27,41,27,41,27,41,39,27,41,41,27,27,27,27,27,27,41,27,27,41,40,41,41,30,27,27,27,27,41,41,41,27,41,41,27,41,41,41,41,41,41,41,27,41,41,41,27,30,27,87,27,27,230,229,27,229,230,230,74,229
41,41,41,41,41,41,41,41,41,41,41,41,41,41,41,41,41,41,41,41,41,41,27,41,27,41,38,27,41,27,41,27,41,28,27,41,27,41,41,41,41,27,41,41,39,27,41,27,41,41,41,27,41,41,41,41,29,41,41,41,35,41,41,41,27,27,27,41,40,41,29,41,41,41,41,41,41,41,27,28,27,30,41,41,41,27,41,41,27,27,30,27,41,27,41,27,41,27,38,27,36,41,41,41,41,41,41,41,41,41,41,41,41,41,41,41,41,41,41,39,41,27,27,41,27,41,41,41,27,27,39,41,41,27,27,41,41,27,41,41,41,41,29,41,41,41,27,41,41,41,27,41,27,41,41,27,41,28,41,40,41,27,27,41,40,41,41,30,41,27,41,31,41,41,41,41,41,27,41,41,32,27,41,41,41,27,41,41,27,41,38,41,27,27,41,41,41,27,27,41,41,41,37,41,41,41,41,41,41,41,41,41,41,41,41,41,41,41,41,41,31,27,41,41,27,41,27,41,27,27,27,41,27,27,41,41,27,41,38,41,41,41,41,41,27,41,27,27,27,41,27,27,27,27,41,41,41,27,27,29,28,27,41,41,41,41,41,41,41,27,41,31,41,41,41,27,41,41,41,41,41,41,27,41,41,27,27,27,41,41,27,27,41,27,41,41,41,41,41,41,38,41,41,41,41,41,41,41,41,41,41,27,41,41,41,41,41,41,41,41,41,38,41,41,27,41,41,27,39,27,27,41,41,41,41,30,27,41,41,27,41,39,30,37,27,41,40,27,40,38,41,41,27,41,41,29,41,41,27,32,27,41,41,41,41,41,41,41,41,41,41,73,73,179,41,27,27,41,41,27,53,41,41,27,27,40,30,41,41,27,41,41,27,41,27,41,27,41,41,33,41,41,41,35,41,41,41,41,41,41,41,41,41,41,41,41,41,41,41,41,41,41,27,41,41,41,41,41,41,27,92,41,27,27,27,229,27,39,217,41,41,27,27,41,28,27,29,39,27,27,229,229,205,112,228,27,27,106,41,41,28,41,27,41,27,41,27,41,41,41,41,41,41,41,27,41,41,27,27,34,41,39,40,41,27,27,41,41,41,41,27,41,41,41,41,27,41,41,41,41,41,41,41,41,41,41,41,41,41,41,41,229,229,38,41,41,198,229,228,198,41,229,202,72,27,27,27,229,27,27,41,27,27,27,27,41,41,41,41,41,27,27,41,27,41,27,41,41,27,41,41,41,41,28,41,41,41,27,40,41,33,41,28,40,41,41,27,27,41,27,41,41,41,27,41,41,41,41,41,40,30,41,27,27,39,30,27,41,41,41,41,41,41,27,41,27,27,38,41,27,41,41,41,41,41,41,31,41,41,98,229,41,230,230,229,229,41,41,229,65,41,41,28,230,27,41,230,27,41,27,39,41,41,27,41,41,41,27,39,41,27,27,41,41,27,41,27,41,27,27,30,27,27,27,27,41,27,41,41,41,27,41,41,41,41,41,27,41,41,27,213,82,230,41,230,27,41,230,27,27,93,230,41,27,181,41,27,230,27,27,27,27,229,230,27,41,27,200,27,47,217,41,55,229,41,117,41,229,229,41,50,41,41,41,41,41,41,41,41,41,31,41,41,27,41,38,41,41,27,41,41,27,39,27,41,38,27,27,41,41,39,211,54,27,27,27,41,27,41,160,58,230,27,27,40,27,27,230,27,27,77,230,230,230,57,27,41,46,27,230,132,41,41,41,41,41,41,41,41,37,27,41,27,41,41,41,41,41,41,27,28,27,41,41,27,27,27,41,41,41,38,41,41,41,41,41,41,41,41,41,147,41,230,230,229,230,229,229,41,227,27,28,27,41,27,230,27,27,27,41,27,27,41,41,30,41,41,27,41,41,41,41,27,41,41,41,30,27,41,30,27,41,41,27,27,27,41,41,41,41,41,41,41,41,41,41,41,41,41,41,27,41,41,41,40,41,41,41,41,41,41,27,27,27,41,41,39,41,41,30,41,27,27,41,41,27,41,27,41,41,41,41,40,41,41,41,41,41,41,41,41,41,228,41,41,228,41,65,41,228,45,27,41,41,41,41,41,27,41,41,41,41,41,41,41,27,41,27,27,41,29,41,30,41,27,41,41,27,41,27,27,27,27,27,27,29,41,27,29,41,40,41,41,39,27,27,27,27,41,41,41,27,41,41,27,41,41,41,41,41,41,41,27,41,41,41,27,27,27,87,27,33,230,229,27,229,230,230,183,229
41,41,41,41,41,41,41,41,41,41,41,41,41,41,41,41,41,41,41,41,41,41,27,41,27,41,38,27,41,27,41,27,41,28,27,41,27,41,41,41,41,27,41,41,39,27,41,27,41,41,41,27,41,41,41,41,29,41,41,41,35,41,41,41,27,27,27,41,40,41,29,41,41,41,41,41,41,41,27,28,27,30,41,41,41,27,41,41,27,27,30,27,41,27,41,27,41,27,38,27,36,41,41,41,41,41,41,41,41,41,41,41,41,41,41,41,41,41,41,39,41,27,27,41,27,41,41,41,27,27,39,41,41,27,27,41,41,27,41,41,41,41,29,41,41,41,27,41,41,41,27,41,27,41,41,27,41,28,41,40,41,27,27,41,40,41,41,30,41,27,41,31,41,41,41,41,41,27,41,41,32,27,41,41,41,27,41,41,27,41,38,41,27,27,41,41,41,27,27,41,41,41,37,41,41,41,41,41,41,41,41,41,41,41,41,41,41,41,41,41,31,27,41,41,27,41,27,41,27,27,27,41,27,27,41,41,27,41,38,41,41,41,41,41,27,41,27,27,27,41,27,27,27,27,41,41,41,27,27,29,28,27,41,41,41,41,41,41,41,27,41,31,41,41,41,27,41,41,41,41,41,41,27,41,41,27,27,27,41,41,27,27,41,27,41,41,41,41,41,41,38,41,41,41,41,41,41,41,41,41,41,27,41,41,41,41,41,41,41,41,41,38,41,41,27,41,41,27,39,27,27,41,41,41,41,30,27,41,41,27,41,39,30,37,27,41,40,27,40,38,41,41,27,41,41,29,41,41,27,32,27,41,41,41,41,41,41,41,41,41,41,73,73,179,41,27,27,41,41,27,53,41,41,27,27,40,30,41,41,27,41,41,27,41,27,41,27,41,41,33,41,41,41,35,41,41,41,41,41,41,41,41,41,41,41,41,41,41,41,41,41,41,27,41,41,41,41,41,41,27,92,41,27,27,27,229,27,39,217,41,41,27,27,41,28,27,29,39,27,27,229,229,205,112,228,27,27,106,41,41,28,41,27,41,27,41,27,41,41,41,41,41,41,41,27,41,41,27,27,34,41,39,40,41,27,27,41,41,41,41,27,41,41,41,41,27,41,41,41,41,41,41,41,41,41,41,41,41,41,41,41,229,229,38,41,41,198,229,228,198,41,229,202,72,27,27,27,229,27,27,41,27,27,27,27,41,41,41,41,41,27,27,41,27,41,27,41,41,27,41,41,41,41,28,41,41,41,27,40,41,33,41,28,40,41,41,27,27,41,27,41,41,41,27,41,41,41,41,41,40,30,41,27,27,39,30,27,41,41,41,41,41,41,27,41,27,27,38,41,27,41,41,41,41,41,41,31,41,41,98,229,41,230,230,229,229,41,41,229,65,41,41,28,230,27,41,230,27,41,27,39,41,41,27,41,41,41,27,39,41,27,27,41,41,27,41,27,41,27,27,30,27,27,27,27,41,27,41,41,41,27,41,41,41,41,41,27,41,41,27,213,82,230,41,230,27,41,230,27,27,93,230,41,27,181,41,27,230,27,27,27,27,229,230,27,41,27,200,27,47,217,41,55,229,41,117,41,229,229,41,50,41,41,41,41,41,41,41,41,41,31,41,41,27,41,38,41,41,27,41,41,27,39,27,41,38,27,27,41,41,39,211,54,27,27,27,41,27,41,160,58,230,27,27,40,27,27,230,27,27,77,230,230,230,57,27,41,46,27,230,132,41,41,41,41,41,41,41,41,37,27,41,27,41,41,41,41,41,41,27,28,27,41,41,27,27,27,41,41,41,38,41,41,41,41,41,41,41,41,41,147,41,230,230,229,230,229,229,41,227,27,28,27,41,27,230,27,27,27,41,27,27,41,41,30,41,41,27,41,41,41,41,27,41,41,41,30,27,41,30,27,41,41,27,27,27,41,41,41,41,41,41,41,41,41,41,41,41,41,41,27,41,41,41,40,41,41,41,41,41,41,27,27,27,41,41,39,41,41,30,41,27,27,41,41,27,41,27,41,41,41,41,40,41,41,41,41,41,41,41,41,41,228,41,41,228,41,65,41,228,45,27,41,41,41,41,41,27,41,41,41,41,41,41,41,27,41,27,27,41,29,41,30,41,27,41,41,27,41,27,27,27,27,27,27,29,41,27,29,41,40,41,41,39,27,27,27,27,41,41,41,27,41,41,27,41,41,41,41,41,41,41,27,41,41,41,27,27,27,87,27,33,230,229,27,229,230,230,183,229
41,41,41,41,41,41,41,41,41,41,41,41,41,41,41,41,41,41,41,41,34,41,27,41,27,41,31,27,41,27,41,27,41,27,41,41,27,41,41,39,41,27,41,41,41,27,41,27,41,41,41,27,41,41,41,41,27,41,41,41,35,41,41,41,27,27,27,41,41,41,39,41,41,41,41,41,41,41,27,28,27,27,41,41,41,27,41,41,27,29,37,27,41,27,41,27,41,27,41,27,40,41,41,41,41,41,41,41,41,41,41,41,41,41,41,41,41,41,41,39,41,27,27,41,27,41,41,41,27,27,29,41,39,27,27,41,41,27,41,41,41,41,27,41,41,38,27,41,41,41,27,41,27,41,41,27,41,27,41,41,41,27,27,41,41,41,41,38,41,27,41,38,41,41,41,41,41,27,41,41,32,27,39,41,27,27,41,41,27,41,41,41,27,29,39,41,41,27,27,41,41,41,30,41,41,41,41,41,41,41,41,41,41,41,41,41,41,41,41,41,31,27,41,41,27,41,27,41,27,27,27,41,27,27,41,41,27,41,31,41,41,41,41,41,27,37,27,27,27,27,27,27,27,27,41,41,41,27,27,38,27,29,41,41,41,41,41,41,41,41,41,38,41,41,41,27,41,41,41,41,41,41,27,41,41,27,27,27,39,41,27,27,41,27,41,41,41,41,41,41,38,41,41,41,41,41,41,41,41,41,41,27,41,41,41,41,41,41,41,41,41,30,41,27,27,41,41,27,41,27,27,41,41,41,41,37,27,41,41,27,41,41,27,30,27,41,41,27,41,30,41,41,27,41,41,40,41,41,27,32,29,41,41,41,41,41,41,41,41,41,41,179,179,228,41,27,27,41,41,223,53,41,41,29,27,28,37,41,41,27,41,41,29,41,27,41,29,41,27,33,41,41,41,40,41,41,41,41,41,41,41,41,41,41,41,41,41,41,41,41,41,39,27,41,41,41,41,39,41,27,49,41,27,27,27,229,27,28,112,41,41,27,27,41,27,27,40,28,27,27,229,229,104,47,206,27,27,41,41,41,28,41,27,41,27,41,27,41,41,41,41,41,41,41,27,41,41,30,27,34,41,29,41,41,27,27,41,41,41,41,27,41,41,41,41,27,41,41,40,41,41,41,41,41,41,41,41,41,41,41,41,229,229,30,41,41,228,202,229,72,41,229,119,184,27,27,47,229,27,27,41,27,27,27,27,41,41,41,41,41,27,27,41,27,41,27,41,40,27,41,41,41,41,27,41,41,41,27,41,41,33,41,40,41,41,41,30,27,41,27,41,41,41,27,41,41,41,41,41,40,27,41,27,27,29,38,30,41,41,41,41,41,41,27,41,29,27,30,41,27,41,41,41,41,41,41,27,41,41,110,229,41,230,229,229,229,41,41,185,65,41,41,27,220,27,41,225,27,41,27,29,41,27,27,41,41,41,27,41,41,41,27,41,41,27,41,27,41,27,27,38,27,27,27,27,41,30,41,41,41,27,41,41,41,41,41,27,41,41,27,213,41,189,41,230,27,41,230,27,27,93,230,41,27,230,41,27,120,27,27,52,27,228,230,27,41,27,121,27,41,112,41,41,229,41,53,41,229,229,41,50,41,41,41,41,41,41,41,41,41,31,41,41,27,41,30,41,41,28,41,41,27,28,27,41,27,27,27,38,39,29,54,41,27,27,27,27,27,41,224,28,230,27,27,27,27,27,230,27,27,77,215,215,230,41,27,41,41,27,230,132,41,41,41,41,41,41,41,41,37,27,41,27,41,41,41,41,41,41,27,27,27,27,41,27,27,41,41,41,41,38,41,41,41,41,41,41,41,41,41,147,41,230,230,229,230,229,229,41,229,27,27,27,40,27,212,27,27,63,41,27,27,41,41,37,41,27,27,41,41,41,41,27,41,41,41,27,27,41,38,27,41,38,27,27,27,41,41,41,41,41,41,41,41,41,41,41,41,41,41,27,41,41,41,41,41,41,41,41,41,38,27,27,27,41,41,41,41,41,27,41,27,27,41,41,27,41,27,41,41,41,41,41,41,41,41,41,41,41,41,41,41,229,41,41,229,41,200,41,229,44,27,41,41,41,41,41,27,41,41,41,41,41,41,41,27,41,27,27,41,39,41,39,41,27,41,41,29,41,27,27,27,27,27,27,39,41,29,39,41,40,41,41,41,27,27,27,27,41,41,41,27,41,41,27,41,41,41,41,41,41,41,27,41,41,41,27,27,27,87,27,224,230,229,27,229,230,230,230,229
41,41,41,41,41,41,41,41,41,41,41,41,41,27,41,41,41,41,41,41,34,38,27,41,27,41,27,27,41,27,41,27,41,27,41,41,27,41,39,29,41,27,41,41,41,27,41,27,41,41,41,28,41,41,41,41,27,41,41,41,35,41,41,41,41,27,27,41,41,41,41,41,41,41,41,41,41,41,27,28,27,27,41,41,38,27,41,41,27,39,41,27,41,27,41,27,39,27,41,27,41,41,41,41,41,41,41,41,41,41,41,41,41,41,41,41,41,41,41,39,41,27,27,38,27,41,41,41,27,27,27,41,28,27,27,41,41,27,41,41,41,41,27,41,41,31,27,41,41,41,27,41,27,40,41,27,41,27,41,41,41,27,27,41,41,41,41,41,41,29,39,41,41,41,41,41,41,41,41,41,32,27,28,41,27,41,41,41,27,41,41,41,27,39,28,41,41,27,27,41,41,41,27,41,41,41,41,41,41,41,41,41,41,41,41,41,41,41,41,41,31,27,41,41,27,41,27,41,27,27,27,41,27,27,38,41,27,41,27,41,41,41,41,41,27,30,27,27,27,27,27,27,31,27,41,40,41,27,29,41,27,38,41,41,41,41,41,35,41,41,41,41,41,41,41,30,41,41,41,41,41,41,27,41,41,27,27,27,29,41,27,27,41,27,41,41,41,41,41,41,38,41,41,41,41,41,41,41,41,41,41,27,41,41,41,41,41,41,41,41,41,27,27,27,27,41,41,27,41,27,27,41,41,41,41,41,27,41,41,27,41,41,27,27,27,41,41,27,41,27,41,41,27,41,41,41,41,41,27,32,40,41,41,41,41,41,41,41,41,41,41,228,228,229,41,27,27,41,41,229,53,41,41,39,27,27,41,41,41,27,41,41,40,41,27,27,39,41,27,33,41,41,41,41,41,41,41,41,41,41,41,41,41,41,41,41,41,41,41,41,41,29,29,41,41,41,41,28,39,27,41,41,27,27,27,229,27,27,47,41,41,37,27,41,27,27,41,27,27,27,229,229,47,41,59,27,58,41,27,41,40,41,27,41,27,41,27,41,41,41,41,41,41,41,27,41,41,38,27,34,41,27,41,41,27,27,41,41,41,41,27,41,38,41,41,27,41,41,28,41,41,41,41,41,41,41,41,41,41,41,41,229,229,27,41,41,229,67,229,41,41,229,55,229,27,27,209,229,27,175,41,27,27,27,27,41,41,41,41,41,27,41,38,27,41,27,41,28,27,41,41,41,41,27,41,41,41,27,41,41,33,41,41,41,41,41,38,27,41,27,41,41,41,27,41,41,41,41,41,40,27,41,27,27,27,41,38,41,41,41,41,41,38,27,41,40,27,27,41,27,41,41,41,41,41,41,27,41,41,110,229,41,230,229,229,229,41,41,86,65,41,41,27,111,27,41,108,27,27,27,27,41,27,27,38,41,41,27,41,41,41,27,41,41,27,41,27,41,27,27,41,27,27,27,27,41,38,41,41,41,27,41,41,41,41,41,27,41,41,27,213,41,82,41,230,27,41,230,27,27,93,230,41,59,230,41,27,48,27,27,206,27,196,230,27,27,27,57,27,41,47,41,41,202,53,41,41,229,229,41,50,41,41,41,41,41,41,41,41,41,31,41,41,27,41,27,41,41,40,41,41,27,27,27,41,41,27,27,30,29,27,41,41,27,27,27,27,27,41,230,27,229,27,27,27,27,27,230,27,27,177,113,113,230,41,42,41,41,27,230,132,41,41,41,41,41,41,41,41,37,27,41,27,41,41,41,41,41,41,29,27,27,27,41,27,27,41,41,41,41,38,41,41,41,41,41,41,41,41,41,147,41,230,230,229,230,229,106,41,229,27,27,27,27,27,115,27,27,194,41,27,27,27,41,41,27,27,27,38,41,41,38,27,41,38,41,27,27,41,41,41,41,30,27,27,27,41,41,41,41,41,41,41,41,41,41,41,41,41,41,27,41,41,41,41,41,41,41,41,41,31,27,27,27,41,41,41,41,41,27,41,27,27,41,41,29,41,27,41,33,41,41,41,41,41,41,41,41,41,41,41,41,229,41,41,229,41,228,41,229,38,27,41,41,41,41,41,27,41,41,41,41,41,41,41,27,41,27,27,41,41,41,41,41,27,41,41,39,38,27,27,27,27,27,27,41,41,39,41,41,40,41,41,41,30,27,27,27,41,41,41,27,41,41,27,41,41,41,41,41,27,41,27,41,41,41,27,27,30,87,27,230,229,229,27,228,230,230,230,184
41,41,41,41,41,41,41,41,41,41,41,41,41,27,41,41,41,41,41,41,34,38,27,41,27,41,27,27,41,27,41,27,41,27,41,41,27,41,39,29,41,27,41,41,41,27,41,27,41,41,41,28,41,41,41,41,27,41,41,41,35,41,41,41,41,27,27,41,41,41,41,41,41,41,41,41,41,41,27,28,27,27,41,41,38,27,41,41,27,39,41,27,41,27,41,27,39,27,41,27,41,41,41,41,41,41,41,41,41,41,41,41,41,41,41,41,41,41,41,39,41,27,27,38,27,41,41,41,27,27,27,41,28,27,27,41,41,27,41,41,41,41,27,41,41,31,27,41,41,41,27,41,27,40,41,27,41,27,41,41,41,27,27,41,41,41,41,41,41,29,39,41,41,41,41,41,41,41,41,41,32,27,28,41,27,41,41,41,27,41,41,41,27,39,28,41,41,27,27,41,41,41,27,41,41,41,41,41,41,41,41,41,41,41,41,41,41,41,41,41,31,27,41,41,27,41,27,41,27,27,27,41,27,27,38,41,27,41,27,41,41,41,41,41,27,30,27,27,27,27,27,27,31,27,41,40,41,27,29,41,27,38,41,41,41,41,41,35,41,41,41,41,41,41,41,30,41,41,41,41,41,41,27,41,41,27,27,27,29,41,27,27,41,27,41,41,41,41,41,41,38,41,41,41,41,41,41,41,41,41,41,27,41,41,41,41,41,41,41,41,41,27,27,27,27,41,41,27,41,27,27,41,41,41,41,41,27,41,41,27,41,41,27,27,27,41,41,27,41,27,41,41,27,41,41,41,41,41,27,32,40,41,41,41,41,41,41,41,41,41,41,228,228,229,41,27,27,41,41,229,53,41,41,39,27,27,41,41,41,27,41,41,40,41,27,27,39,41,27,33,41,41,41,41,41,41,41,41,41,41,41,41,41,41,41,41,41,41,41,41,41,29,29,41,41,41,41,28,39,27,41,41,27,27,27,229,27,27,47,41,41,37,27,41,27,27,41,27,27,27,229,229,47,41,59,27,58,41,27,41,40,41,27,41,27,41,27,41,41,41,41,41,41,41,27,41,41,38,27,34,41,27,41,41,27,27,41,41,41,41,27,41,38,41,41,27,41,41,28,41,41,41,41,41,41,41,41,41,41,41,41,229,229,27,41,41,229,67,229,41,41,229,55,229,27,27,209,229,27,175,41,27,27,27,27,41,41,41,41,41,27,41,38,27,41,27,41,28,27,41,41,41,41,27,41,41,41,27,41,41,33,41,41,41,41,41,38,27,41,27,41,41,41,27,41,41,41,41,41,40,27,41,27,27,27,41,38,41,41,41,41,41,38,27,41,40,27,27,41,27,41,41,41,41,41,41,27,41,41,110,229,41,230,229,229,229,41,41,86,65,41,41,27,111,27,41,108,27,27,27,27,41,27,27,38,41,41,27,41,41,41,27,41,41,27,41,27,41,27,27,41,27,27,27,27,41,38,41,41,41,27,41,41,41,41,41,27,41,41,27,213,41,82,41,230,27,41,230,27,27,93,230,41,59,230,41,27,48,27,27,206,27,196,230,27,27,27,57,27,41,47,41,41,202,53,41,41,229,229,41,50,41,41,41,41,41,41,41,41,41,31,41,41,27,41,27,41,41,40,41,41,27,27,27,41,41,27,27,30,29,27,41,41,27,27,27,27,27,41,230,27,229,27,27,27,27,27,230,27,27,177,113,113,230,41,42,41,41,27,230,132,41,41,41,41,41,41,41,41,37,27,41,27,41,41,41,41,41,41,29,27,27,27,41,27,27,41,41,41,41,38,41,41,41,41,41,41,41,41,41,147,41,230,230,229,230,229,106,41,229,27,27,27,27,27,115,27,27,194,41,27,27,27,41,41,27,27,27,38,41,41,38,27,41,38,41,27,27,41,41,41,41,30,27,27,27,41,41,41,41,41,41,41,41,41,41,41,41,41,41,27,41,41,41,41,41,41,41,41,41,31,27,27,27,41,41,41,41,41,27,41,27,27,41,41,29,41,27,41,33,41,41,41,41,41,41,41,41,41,41,41,41,229,41,41,229,41,228,41,229,38,27,41,41,41,41,41,27,41,41,41,41,41,41,41,27,41,27,27,41,41,41,41,41,27,41,41,39,38,27,27,27,27,27,27,41,41,39,41,41,40,41,41,41,30,27,27,27,41,41,41,27,41,41,27,41,41,41,41,41,27,41,27,41,41,41,27,27,30,87,27,230,229,229,27,228,230,230,230,184
41,41,41,41,41,41,41,41,41,41,41,41,41,27,41,41,41,41,41,41,34,30,30,41,27,41,27,27,41,27,41,30,38,27,41,41,27,41,29,27,41,27,41,38,41,27,41,27,41,41,41,40,41,41,41,38,27,41,41,41,35,41,41,41,41,27,27,41,41,41,41,41,41,41,41,41,41,41,29,30,27,27,39,41,31,27,41,41,27,41,41,27,41,27,41,27,29,27,41,27,41,41,41,41,41,41,41,41,41,41,41,41,41,41,41,41,41,41,41,40,41,27,30,31,27,41,41,41,27,27,27,39,27,27,27,39,41,27,41,41,41,41,27,41,41,27,27,41,41,41,27,41,27,28,41,27,41,27,41,41,41,27,27,41,41,41,41,41,41,40,28,41,41,41,41,41,27,41,41,41,33,27,27,41,27,41,41,41,41,41,41,41,30,41,27,41,41,27,27,41,41,41,27,41,41,41,41,41,41,41,41,41,41,41,41,41,27,41,41,41,31,27,41,41,27,41,27,41,27,41,27,41,27,27,30,41,27,41,27,41,41,38,39,41,27,27,27,27,27,27,27,27,38,27,41,28,41,27,38,41,27,41,41,41,41,41,41,28,41,41,41,41,41,41,41,38,41,41,41,41,41,39,27,41,41,30,27,29,27,41,27,27,41,27,41,41,41,41,27,41,38,41,41,41,41,41,41,41,41,41,41,27,41,41,41,41,41,41,41,41,41,27,27,27,27,41,41,27,41,27,27,41,40,40,41,41,30,39,41,27,41,41,27,27,27,41,41,27,41,27,41,41,27,41,41,41,41,27,27,32,41,41,41,41,41,41,41,41,41,41,41,229,229,229,41,27,35,41,41,229,53,41,41,41,28,27,41,41,41,27,41,41,41,41,27,27,41,41,27,33,41,41,41,41,41,41,41,41,41,41,41,41,41,41,41,41,41,41,41,41,41,27,38,41,41,41,39,27,28,27,41,38,27,27,27,229,27,27,41,41,41,41,27,41,27,30,41,27,30,27,229,228,41,41,41,47,198,41,27,41,40,41,28,41,27,41,41,41,41,41,41,41,41,41,27,41,41,41,27,34,39,27,41,41,27,27,41,41,41,41,27,41,30,41,41,30,41,41,27,41,41,41,41,41,41,41,41,41,41,41,50,229,229,28,41,41,229,41,229,41,58,229,41,229,27,27,229,229,27,175,41,27,27,27,27,41,41,41,41,41,27,41,30,27,41,27,41,27,27,41,41,41,41,27,41,41,41,27,41,41,33,41,41,41,41,41,41,30,41,27,41,41,41,27,41,41,41,41,41,40,27,41,27,31,27,41,41,41,41,41,41,38,31,27,41,41,27,27,41,27,39,41,41,38,41,41,27,41,27,110,201,41,229,229,185,185,41,41,41,65,38,41,27,46,27,41,44,27,27,27,27,41,27,27,31,41,41,27,41,41,41,27,27,41,27,41,30,41,27,27,41,27,27,27,27,41,41,37,41,41,30,41,41,41,41,41,27,41,41,27,189,41,41,41,230,27,41,230,46,27,93,210,41,198,230,41,27,41,27,27,230,27,69,224,27,27,27,41,27,41,41,41,41,132,217,41,41,106,229,41,44,41,41,41,41,41,41,41,41,41,33,41,41,27,41,27,41,41,41,41,41,27,27,27,41,41,27,27,27,27,27,41,41,27,27,27,27,27,41,230,27,198,27,27,27,27,27,230,27,27,180,49,49,230,41,210,41,41,27,230,132,41,41,41,41,41,41,41,41,37,27,41,29,41,41,41,41,41,41,40,27,27,27,41,27,27,41,41,41,41,39,41,41,41,41,41,41,41,41,41,147,41,230,230,229,230,229,41,41,229,27,27,27,27,27,50,27,27,230,39,27,27,27,41,41,27,27,27,30,41,41,30,31,41,30,41,27,27,41,41,41,41,27,27,27,27,41,41,41,41,41,41,41,41,41,41,41,41,41,41,27,41,41,41,41,41,41,41,41,41,27,27,27,27,41,41,41,41,37,27,41,27,27,41,41,39,41,27,41,33,41,41,41,41,41,41,41,41,41,41,41,41,229,41,41,229,41,229,41,229,31,27,41,41,41,41,41,27,41,41,41,40,40,41,41,27,41,27,27,41,41,41,41,38,27,41,41,41,30,27,27,27,27,27,27,41,41,41,41,41,40,41,41,41,39,27,27,30,41,41,41,27,41,41,27,41,41,41,41,41,27,41,28,41,41,41,27,27,38,83,33,230,229,229,27,185,229,230,230,76
41,41,41,41,41,41,41,41,41,41,41,41,41,27,41,41,41,41,41,41,34,27,38,41,27,41,27,30,41,27,41,38,31,27,41,41,29,41,27,27,41,27,41,30,41,27,41,27,41,41,41,41,41,41,41,31,27,41,37,41,35,41,41,41,41,30,27,41,41,41,41,41,41,41,41,41,41,41,40,37,27,27,29,41,27,31,37,41,27,41,41,27,41,27,41,27,27,41,41,27,41,41,41,41,41,41,41,41,41,41,41,41,41,41,41,41,41,41,41,41,41,27,37,27,29,41,41,41,27,27,27,29,27,27,27,29,41,27,41,39,41,41,27,41,41,27,27,41,41,41,27,41,27,27,41,27,41,27,41,41,41,41,27,41,41,41,41,41,41,41,27,41,39,41,27,41,27,41,41,41,39,27,27,41,27,41,41,41,41,41,41,41,38,41,27,41,41,27,27,41,41,41,27,41,41,41,41,41,41,41,41,41,41,41,41,41,27,41,41,41,31,27,41,41,41,41,27,39,27,41,27,37,30,27,27,41,27,41,27,41,41,29,30,37,27,27,27,27,27,27,27,27,41,27,41,27,41,27,41,41,27,41,38,41,41,41,41,27,41,41,41,41,41,41,41,41,41,41,41,41,41,29,27,41,41,38,27,40,27,41,41,27,41,27,41,41,41,41,27,41,38,41,41,41,41,41,41,41,41,41,41,27,41,41,41,39,41,41,41,40,41,27,27,27,27,27,41,27,41,27,27,41,28,28,41,41,37,28,41,27,41,41,27,27,27,41,41,27,41,27,41,41,27,41,41,41,41,27,27,32,41,41,41,41,41,41,39,41,41,41,41,229,229,229,41,27,215,41,27,229,53,41,41,41,40,27,41,41,37,27,41,41,41,41,27,27,41,41,27,33,41,41,41,41,41,41,41,41,41,41,41,41,41,41,41,41,41,41,41,41,41,27,41,41,41,41,29,27,27,27,41,30,69,27,27,229,27,27,41,41,41,41,27,41,27,37,41,27,37,27,229,192,41,41,41,209,229,41,27,27,40,41,39,41,27,41,41,41,41,41,41,41,41,41,27,41,41,41,27,34,29,27,41,40,27,41,41,27,41,41,27,41,27,41,41,37,41,41,27,40,41,41,41,41,41,41,41,41,41,41,169,183,59,27,29,41,229,41,229,41,106,202,41,229,27,27,229,215,27,175,41,30,27,27,27,27,41,41,41,41,27,41,27,27,41,29,41,27,30,41,41,41,41,27,41,41,41,27,41,41,33,41,41,41,41,41,41,38,41,27,41,41,41,30,41,41,41,41,41,40,27,41,27,38,27,41,41,41,39,41,41,31,27,27,41,41,27,27,41,27,29,41,41,30,41,41,27,41,27,110,70,41,229,229,84,85,41,41,41,65,30,41,27,41,27,41,41,27,27,27,27,41,27,27,27,41,41,27,41,41,41,27,27,41,27,41,37,41,27,27,41,27,27,27,27,41,41,30,41,41,39,41,41,41,41,41,27,41,41,29,41,41,41,41,230,27,39,230,206,27,169,115,41,230,230,37,28,41,86,27,230,27,41,109,27,27,27,41,27,41,41,41,41,92,229,41,41,41,217,41,41,41,41,41,41,41,41,27,41,41,39,41,38,30,41,27,41,41,41,41,41,27,27,27,41,27,27,27,27,27,27,41,41,28,27,27,27,27,41,230,27,54,27,27,27,27,27,230,27,27,180,41,41,230,41,229,40,41,27,230,132,41,41,41,41,41,41,41,41,41,27,41,38,41,41,41,41,41,41,41,27,29,27,38,27,27,41,41,41,41,40,41,41,41,41,39,41,41,41,41,147,38,230,230,200,229,229,41,41,229,27,27,27,27,27,41,27,27,230,30,41,41,27,37,41,27,27,27,27,41,41,27,38,41,27,41,27,27,38,41,41,41,27,28,27,27,41,41,41,41,41,41,41,41,41,41,41,41,41,41,27,41,41,41,41,41,41,41,41,41,27,27,27,27,39,41,41,41,30,27,41,27,27,39,41,41,41,27,41,33,41,41,41,41,41,41,41,41,41,41,41,41,223,41,41,214,41,229,41,215,28,27,41,41,41,41,41,27,41,41,41,28,28,41,41,30,41,41,27,41,41,41,41,29,27,41,41,41,27,27,27,27,27,27,27,41,41,41,41,41,40,41,41,41,41,27,27,37,41,41,41,27,39,41,27,41,41,41,41,41,27,37,39,41,41,41,27,27,41,29,224,230,229,229,27,66,229,229,230,28
41,41,41,41,41,41,41,41,41,41,41,41,41,27,41,41,41,41,41,41,34,27,38,41,27,41,27,30,41,27,41,38,31,27,41,41,29,41,27,27,41,27,41,30,41,27,41,27,41,41,41,41,41,41,41,31,27,41,37,41,35,41,41,41,41,30,27,41,41,41,41,41,41,41,41,41,41,41,40,37,27,27,29,41,27,31,37,41,27,41,41,27,41,27,41,27,27,41,41,27,41,41,41,41,41,41,41,41,41,41,41,41,41,41,41,41,41,41,41,41,41,27,37,27,29,41,41,41,27,27,27,29,27,27,27,29,41,27,41,39,41,41,27,41,41,27,27,41,41,41,27,41,27,27,41,27,41,27,41,41,41,41,27,41,41,41,41,41,41,41,27,41,39,41,27,41,27,41,41,41,39,27,27,41,27,41,41,41,41,41,41,41,38,41,27,41,41,27,27,41,41,41,27,41,41,41,41,41,41,41,41,41,41,41,41,41,27,41,41,41,31,27,41,41,41,41,27,39,27,41,27,37,30,27,27,41,27,41,27,41,41,29,30,37,27,27,27,27,27,27,27,27,41,27,41,27,41,27,41,41,27,41,38,41,41,41,41,27,41,41,41,41,41,41,41,41,41,41,41,41,41,29,27,41,41,38,27,40,27,41,41,27,41,27,41,41,41,41,27,41,38,41,41,41,41,41,41,41,41,41,41,27,41,41,41,39,41,41,41,40,41,27,27,27,27,27,41,27,41,27,27,41,28,28,41,41,37,28,41,27,41,41,27,27,27,41,41,27,41,27,41,41,27,41,41,41,41,27,27,32,41,41,41,41,41,41,39,41,41,41,41,229,229,229,41,27,215,41,27,229,53,41,41,41,40,27,41,41,37,27,41,41,41,41,27,27,41,41,27,33,41,41,41,41,41,41,41,41,41,41,41,41,41,41,41,41,41,41,41,41,41,27,41,41,41,41,29,27,27,27,41,30,69,27,27,229,27,27,41,41,41,41,27,41,27,37,41,27,37,27,229,192,41,41,41,209,229,41,27,27,40,41,39,41,27,41,41,41,41,41,41,41,41,41,27,41,41,41,27,34,29,27,41,40,27,41,41,27,41,41,27,41,27,41,41,37,41,41,27,40,41,41,41,41,41,41,41,41,41,41,169,183,59,27,29,41,229,41,229,41,106,202,41,229,27,27,229,215,27,175,41,30,27,27,27,27,41,41,41,41,27,41,27,27,41,29,41,27,30,41,41,41,41,27,41,41,41,27,41,41,33,41,41,41,41,41,41,38,41,27,41,41,41,30,41,41,41,41,41,40,27,41,27,38,27,41,41,41,39,41,41,31,27,27,41,41,27,27,41,27,29,41,41,30,41,41,27,41,27,110,70,41,229,229,84,85,41,41,41,65,30,41,27,41,27,41,41,27,27,27,27,41,27,27,27,41,41,27,41,41,41,27,27,41,27,41,37,41,27,27,41,27,27,27,27,41,41,30,41,41,39,41,41,41,41,41,27,41,41,29,41,41,41,41,230,27,39,230,206,27,169,115,41,230,230,37,28,41,86,27,230,27,41,109,27,27,27,41,27,41,41,41,41,92,229,41,41,41,217,41,41,41,41,41,41,41,41,27,41,41,39,41,38,30,41,27,41,41,41,41,41,27,27,27,41,27,27,27,27,27,27,41,41,28,27,27,27,27,41,230,27,54,27,27,27,27,27,230,27,27,180,41,41,230,41,229,40,41,27,230,132,41,41,41,41,41,41,41,41,41,27,41,38,41,41,41,41,41,41,41,27,29,27,38,27,27,41,41,41,41,40,41,41,41,41,39,41,41,41,41,147,38,230,230,200,229,229,41,41,229,27,27,27,27,27,41,27,27,230,30,41,41,27,37,41,27,27,27,27,41,41,27,38,41,27,41,27,27,38,41,41,41,27,28,27,27,41,41,41,41,41,41,41,41,41,41,41,41,41,41,27,41,41,41,41,41,41,41,41,41,27,27,27,27,39,41,41,41,30,27,41,27,27,39,41,41,41,27,41,33,41,41,41,41,41,41,41,41,41,41,41,41,223,41,41,214,41,229,41,215,28,27,41,41,41,41,41,27,41,41,41,28,28,41,41,30,41,41,27,41,41,41,41,29,27,41,41,41,27,27,27,27,27,27,27,41,41,41,41,41,40,41,41,41,41,27,27,37,41,41,41,27,39,41,27,41,41,41,41,41,27,37,39,41,41,41,27,27,41,29,224,230,229,229,27,66,229,229,230,28
41,41,41,41,41,41,41,41,41,41,41,41,41,27,27,41,41,41,41,41,34,27,41,41,27,41,27,37,39,27,41,41,27,27,41,41,39,41,27,27,27,27,41,27,41,27,41,27,41,41,41,41,41,27,41,27,27,41,30,41,35,41,41,41,41,38,27,41,41,41,41,41,41,41,41,41,41,41,41,40,27,27,27,41,27,41,27,41,27,41,41,31,41,27,41,27,27,41,41,27,41,41,41,41,41,41,41,41,41,41,41,41,41,41,41,41,41,41,41,41,41,27,41,27,40,38,41,27,27,27,27,27,27,27,27,27,41,27,41,29,41,41,27,41,41,27,27,40,41,41,27,27,27,27,41,27,41,27,41,41,41,41,41,41,41,41,41,41,41,41,27,41,28,41,27,41,27,41,27,41,41,27,27,41,27,41,41,41,41,41,41,41,41,41,27,41,41,27,27,41,41,41,27,41,41,41,41,41,41,41,41,39,41,41,41,41,27,41,41,41,32,27,41,41,41,41,29,29,27,41,27,31,38,27,27,41,27,41,27,27,41,27,27,30,27,27,27,27,27,27,27,27,41,27,41,27,40,41,41,41,27,41,29,41,41,41,41,27,41,41,41,41,41,41,41,41,41,41,41,41,41,27,31,39,41,41,27,41,27,41,41,27,41,27,41,27,41,41,27,41,39,41,41,41,41,41,41,41,41,41,41,27,41,41,41,28,41,41,41,38,41,27,27,27,41,27,41,27,41,27,27,41,27,27,41,41,41,27,38,27,41,41,27,27,27,41,41,30,41,27,41,41,30,41,41,41,39,27,27,32,41,41,41,41,41,41,28,41,41,41,41,229,229,229,41,27,229,41,27,229,53,41,41,41,41,27,41,41,30,41,38,39,41,41,27,27,41,41,27,33,41,41,41,41,41,41,41,41,41,41,41,41,41,41,41,41,41,41,41,41,41,27,41,41,41,41,27,27,27,27,41,27,188,27,27,106,27,27,41,31,31,41,27,41,27,41,41,27,41,27,229,72,41,41,41,229,229,41,27,27,40,41,41,41,41,41,41,41,41,41,41,41,41,41,27,41,41,41,29,34,27,27,41,28,27,41,27,27,41,41,27,41,27,41,41,41,38,41,27,29,41,41,41,41,41,41,41,41,41,41,183,87,41,27,27,41,229,41,229,41,123,119,41,229,27,27,229,112,27,175,41,38,27,27,41,27,41,41,41,41,27,41,27,27,41,38,41,27,38,41,41,41,41,27,41,41,41,27,41,38,33,41,41,41,41,41,41,41,41,30,41,41,41,37,41,41,41,41,41,40,27,41,27,41,27,41,41,41,29,41,41,27,27,27,41,41,27,27,41,27,27,41,41,27,41,41,27,41,27,110,41,39,229,229,41,41,41,41,41,65,27,38,27,41,27,41,41,27,27,27,27,41,27,27,27,41,41,27,41,41,41,27,27,41,27,38,41,27,27,27,41,30,30,41,27,41,41,27,37,41,41,41,41,41,41,41,27,41,41,27,213,41,41,41,230,27,28,230,229,27,169,51,41,230,200,30,229,41,27,27,230,27,41,44,27,27,27,41,27,40,41,41,41,55,229,41,41,41,112,41,41,41,41,41,41,41,41,27,41,41,41,27,30,38,41,27,41,41,41,41,41,27,27,27,41,27,27,27,27,27,27,41,40,40,27,27,27,27,41,229,27,27,27,230,27,27,27,230,27,27,180,41,41,230,38,230,28,41,27,230,132,41,41,41,41,41,41,41,41,41,41,41,41,41,41,39,41,41,41,41,27,39,27,30,27,27,41,41,41,41,41,41,41,41,41,28,41,41,41,41,146,30,230,229,119,229,201,41,41,229,27,27,27,27,27,41,27,63,230,27,41,41,27,31,41,27,27,30,27,41,41,27,41,41,27,41,27,27,30,41,41,41,27,40,27,27,41,41,41,41,41,38,41,41,41,41,39,41,41,41,27,41,41,41,41,41,41,41,41,41,27,27,27,27,28,41,41,41,27,27,41,27,27,29,41,41,41,27,41,33,41,41,41,41,41,41,41,41,41,41,41,41,159,41,41,151,41,229,41,151,28,27,38,41,38,41,41,27,41,41,41,27,27,41,41,38,41,41,27,41,41,41,41,27,27,27,41,41,27,27,27,27,27,30,27,41,41,41,41,40,40,41,41,41,41,27,27,41,41,39,41,27,28,41,27,41,41,41,41,41,27,30,41,41,41,41,27,27,41,27,230,230,229,33,27,27,229,229,230,27
41,41,41,41,41,41,41,41,41,41,41,41,41,27,27,41,41,41,41,41,34,27,41,41,27,41,27,41,29,27,41,41,27,27,41,41,41,41,27,27,27,27,41,27,41,27,41,27,41,41,41,41,41,27,41,27,27,41,27,37,35,41,41,41,41,41,27,41,41,41,41,41,41,41,41,41,41,41,41,40,27,27,27,41,27,41,27,41,27,41,41,38,41,27,41,27,27,41,41,27,41,41,41,41,41,41,41,41,41,41,41,41,41,41,41,41,41,41,41,41,41,27,41,27,41,30,41,27,27,27,27,27,27,27,27,27,41,41,27,27,41,41,27,41,41,27,27,29,41,41,30,27,27,27,41,27,41,27,41,41,41,41,41,41,41,41,41,41,41,41,27,41,27,41,27,41,27,41,27,41,41,27,27,41,27,41,41,41,41,41,41,41,41,41,27,41,41,27,27,41,41,41,27,41,41,41,41,41,41,41,39,29,41,41,41,41,27,41,41,41,40,27,41,41,41,41,39,27,27,41,27,27,41,27,27,41,27,41,27,27,41,27,27,27,27,27,27,27,41,27,27,27,41,27,41,27,28,41,41,41,27,41,27,41,41,41,41,27,41,41,41,41,39,41,41,41,41,41,41,27,41,27,38,28,41,41,27,41,27,41,41,27,41,29,41,27,41,41,27,27,39,41,41,41,41,41,41,41,41,41,41,27,41,41,41,27,41,41,41,36,41,27,27,27,41,27,38,27,41,29,27,41,27,27,27,41,41,27,30,27,41,41,27,27,27,41,41,38,41,27,41,41,37,41,41,41,29,27,30,32,41,41,41,41,41,41,27,41,41,41,41,229,229,229,41,27,229,40,27,229,53,41,41,41,41,27,41,41,27,41,30,28,41,41,27,27,41,41,27,33,41,41,41,41,41,39,39,41,38,41,41,41,41,41,41,41,41,41,41,41,41,27,41,41,27,41,27,27,27,27,38,27,229,27,229,41,27,27,41,29,29,41,27,41,27,41,41,27,41,27,229,41,39,39,41,229,229,41,27,27,40,41,41,41,41,41,41,41,41,41,41,40,41,41,27,41,41,41,40,34,27,27,41,27,27,41,27,27,41,37,27,41,27,41,41,41,31,41,27,27,41,41,41,41,41,41,41,41,41,41,183,41,41,27,27,41,229,41,229,41,124,55,41,202,51,27,217,48,27,175,38,41,27,27,41,27,41,41,40,41,27,41,27,27,27,41,41,27,41,39,39,41,41,27,41,41,41,27,41,30,33,41,41,41,41,41,41,41,41,37,41,37,41,41,41,41,41,41,41,41,27,41,27,41,27,41,41,41,27,41,41,27,27,27,41,41,27,27,41,41,27,41,41,27,41,41,27,41,27,109,41,29,229,185,41,41,41,41,41,49,27,30,27,41,27,27,41,27,27,27,27,41,27,27,27,41,41,27,41,41,41,41,27,41,27,30,41,27,27,27,41,38,38,41,27,41,41,27,30,41,41,41,41,39,41,41,27,41,41,27,213,41,41,41,230,27,27,230,230,27,169,41,41,230,120,27,230,41,27,27,215,27,41,41,27,27,27,41,27,28,41,41,38,41,229,39,41,41,47,41,41,41,41,41,41,41,41,27,41,41,41,27,27,41,27,27,41,41,41,41,41,27,27,27,41,27,27,27,27,27,27,40,28,41,27,27,27,27,41,207,27,27,27,230,27,27,27,230,27,27,180,41,41,230,31,230,27,40,47,218,132,41,41,41,41,41,41,41,41,41,41,38,41,38,41,29,41,41,41,41,27,41,27,27,27,27,41,41,41,41,41,41,41,41,41,27,41,41,41,41,146,27,230,229,56,229,119,41,41,225,27,27,27,27,27,41,27,194,230,27,41,41,27,27,41,27,27,38,27,41,27,27,41,41,27,41,27,27,27,41,41,41,27,41,27,27,41,39,41,41,41,31,41,41,41,41,29,27,41,41,27,41,41,41,41,41,41,41,41,41,27,29,29,27,27,38,41,41,27,27,41,27,27,27,41,41,41,27,41,33,41,41,41,41,41,41,41,41,41,41,223,41,53,41,41,68,81,220,41,68,28,27,30,41,30,41,41,41,41,41,41,27,27,41,27,41,41,41,27,41,41,41,41,27,27,27,41,41,27,27,27,30,27,38,27,41,41,41,41,28,40,40,41,41,41,27,27,41,41,30,41,27,27,41,29,41,41,41,41,41,27,27,41,41,41,41,41,27,41,27,230,230,229,27,27,27,229,229,229,27
41,41,41,41,41,41,41,41,41,41,41,41,41,27,27,41,41,41,41,41,34,27,41,41,27,41,27,41,29,27,41,41,27,27,41,41,41,41,27,27,27,27,41,27,41,27,41,27,41,41,41,41,41,27,41,27,27,41,27,37,35,41,41,41,41,41,27,41,41,41,41,41,41,41,41,41,41,41,41,40,27,27,27,41,27,41,27,41,27,41,41,38,41,27,41,27,27,41,41,27,41,41,41,41,41,41,41,41,41,41,41,41,41,41,41,41,41,41,41,41,41,27,41,27,41,30,41,27,27,27,27,27,27,27,27,27,41,41,27,27,41,41,27,41,41,27,27,29,41,41,30,27,27,27,41,27,41,27,41,41,41,41,41,41,41,41,41,41,41,41,27,41,27,41,27,41,27,41,27,41,41,27,27,41,27,41,41,41,41,41,41,41,41,41,27,41,41,27,27,41,41,41,27,41,41,41,41,41,41,41,39,29,41,41,41,41,27,41,41,41,40,27,41,41,41,41,39,27,27,41,27,27,41,27,27,41,27,41,27,27,41,27,27,27,27,27,27,27,41,27,27,27,41,27,41,27,28,41,41,41,27,41,27,41,41,41,41,27,41,41,41,41,39,41,41,41,41,41,41,27,41,27,38,28,41,41,27,41,27,41,41,27,41,29,41,27,41,41,27,27,39,41,41,41,41,41,41,41,41,41,41,27,41,41,41,27,41,41,41,36,41,27,27,27,41,27,38,27,41,29,27,41,27,27,27,41,41,27,30,27,41,41,27,27,27,41,41,38,41,27,41,41,37,41,41,41,29,27,30,32,41,41,41,41,41,41,27,41,41,41,41,229,229,229,41,27,229,40,27,229,53,41,41,41,41,27,41,41,27,41,30,28,41,41,27,27,41,41,27,33,41,41,41,41,41,39,39,41,38,41,41,41,41,41,41,41,41,41,41,41,41,27,41,41,27,41,27,27,27,27,38,27,229,27,229,41,27,27,41,29,29,41,27,41,27,41,41,27,41,27,229,41,39,39,41,229,229,41,27,27,40,41,41,41,41,41,41,41,41,41,41,40,41,41,27,41,41,41,40,34,27,27,41,27,27,41,27,27,41,37,27,41,27,41,41,41,31,41,27,27,41,41,41,41,41,41,41,41,41,41,183,41,41,27,27,41,229,41,229,41,124,55,41,202,51,27,217,48,27,175,38,41,27,27,41,27,41,41,40,41,27,41,27,27,27,41,41,27,41,39,39,41,41,27,41,41,41,27,41,30,33,41,41,41,41,41,41,41,41,37,41,37,41,41,41,41,41,41,41,41,27,41,27,41,27,41,41,41,27,41,41,27,27,27,41,41,27,27,41,41,27,41,41,27,41,41,27,41,27,109,41,29,229,185,41,41,41,41,41,49,27,30,27,41,27,27,41,27,27,27,27,41,27,27,27,41,41,27,41,41,41,41,27,41,27,30,41,27,27,27,41,38,38,41,27,41,41,27,30,41,41,41,41,39,41,41,27,41,41,27,213,41,41,41,230,27,27,230,230,27,169,41,41,230,120,27,230,41,27,27,215,27,41,41,27,27,27,41,27,28,41,41,38,41,229,39,41,41,47,41,41,41,41,41,41,41,41,27,41,41,41,27,27,41,27,27,41,41,41,41,41,27,27,27,41,27,27,27,27,27,27,40,28,41,27,27,27,27,41,207,27,27,27,230,27,27,27,230,27,27,180,41,41,230,31,230,27,40,47,218,132,41,41,41,41,41,41,41,41,41,41,38,41,38,41,29,41,41,41,41,27,41,27,27,27,27,41,41,41,41,41,41,41,41,41,27,41,41,41,41,146,27,230,229,56,229,119,41,41,225,27,27,27,27,27,41,27,194,230,27,41,41,27,27,41,27,27,38,27,41,27,27,41,41,27,41,27,27,27,41,41,41,27,41,27,27,41,39,41,41,41,31,41,41,41,41,29,27,41,41,27,41,41,41,41,41,41,41,41,41,27,29,29,27,27,38,41,41,27,27,41,27,27,27,41,41,41,27,41,33,41,41,41,41,41,41,41,41,41,41,223,41,53,41,41,68,81,220,41,68,28,27,30,41,30,41,41,41,41,41,41,27,27,41,27,41,41,41,27,41,41,41,41,27,27,27,41,41,27,27,27,30,27,38,27,41,41,41,41,28,40,40,41,41,41,27,27,41,41,30,41,27,27,41,29,41,41,41,41,41,27,27,41,41,41,41,41,27,41,27,230,230,229,27,27,27,229,229,229,27
41,41,41,41,41,41,41,41,41,41,41,41,41,27,27,41,41,41,41,41,34,27,41,41,27,38,27,41,27,27,41,41,27,27,41,41,41,41,27,27,27,27,41,27,41,27,39,27,41,41,41,41,41,27,41,27,27,41,27,30,35,41,41,41,41,41,30,41,41,39,41,39,41,41,41,41,39,41,41,40,27,27,27,41,27,41,27,41,27,41,41,41,41,27,41,41,27,41,41,29,41,41,41,41,41,41,41,41,41,41,41,41,41,41,41,41,41,41,41,41,41,41,41,27,41,27,41,27,41,27,27,27,27,27,27,27,41,41,27,27,41,27,27,39,41,27,27,27,41,41,38,27,27,27,41,27,41,27,41,41,41,41,41,40,41,41,41,41,41,41,27,41,27,41,27,41,27,41,27,41,41,27,27,39,27,41,41,40,41,41,41,41,41,41,27,39,39,27,27,41,41,41,27,41,41,41,41,41,41,41,29,27,41,41,41,41,27,41,41,41,41,27,41,27,41,41,41,27,41,41,27,27,41,27,27,41,27,41,27,27,41,27,27,27,31,27,27,27,41,27,27,27,41,27,27,27,27,41,41,41,27,41,27,41,41,41,41,27,41,41,41,41,28,41,41,41,41,41,41,27,41,27,41,27,41,41,27,41,27,41,41,27,41,39,41,27,38,41,27,27,41,41,41,41,41,41,41,41,41,41,41,27,41,41,41,27,41,41,41,36,41,27,27,27,41,27,30,27,41,40,27,41,27,27,27,41,41,27,27,27,41,41,27,27,27,41,41,41,41,27,41,41,41,27,41,41,27,27,37,32,41,41,41,41,41,41,27,38,41,38,41,229,229,229,41,46,229,28,27,229,53,38,41,41,41,27,41,41,27,41,27,27,41,41,27,27,41,41,27,33,41,41,41,41,41,29,29,41,30,41,41,40,41,41,41,41,41,41,41,41,41,27,41,41,27,41,27,27,27,27,30,27,229,27,229,41,27,27,39,27,27,41,27,39,27,41,41,27,41,28,206,41,29,28,39,229,229,27,27,27,40,41,41,41,41,41,41,41,41,41,41,28,41,41,27,41,41,41,41,34,27,27,41,27,27,41,27,27,41,30,27,41,27,38,38,41,27,38,27,27,41,41,41,41,41,41,41,41,41,41,183,41,41,27,27,39,229,41,229,41,124,41,38,119,205,76,112,41,49,175,30,41,27,27,41,27,41,41,28,41,27,41,27,27,27,41,40,27,41,28,28,41,41,27,41,41,41,28,41,27,33,41,41,41,41,41,41,41,41,41,37,30,41,41,41,41,39,41,41,41,27,41,31,41,27,41,41,41,27,41,41,27,27,27,41,41,27,27,41,41,27,41,41,27,41,38,27,41,27,109,41,27,229,84,41,41,41,41,41,41,27,27,27,41,27,27,41,27,27,27,27,41,27,27,27,41,27,27,41,41,41,41,27,41,27,27,41,27,27,27,41,41,41,41,27,41,41,27,27,41,41,41,41,29,41,41,27,41,41,27,41,41,41,41,230,33,27,230,230,27,169,41,41,230,57,27,230,41,230,27,113,27,39,41,27,27,27,38,27,27,40,41,30,41,229,30,41,41,41,41,41,41,41,41,41,41,41,27,41,41,41,27,27,41,27,27,41,41,41,27,41,27,27,62,27,27,27,27,27,27,27,28,27,41,27,27,27,27,41,61,27,27,27,230,27,40,230,230,27,27,180,41,41,230,27,230,27,28,205,112,132,41,39,41,41,41,41,40,41,41,41,29,41,30,41,27,41,41,39,41,27,41,27,27,27,27,41,41,41,41,41,38,27,41,41,27,41,41,41,41,146,27,229,229,41,229,56,41,41,108,27,27,27,27,27,41,27,230,208,27,41,41,27,27,41,27,27,41,27,31,27,27,41,41,27,41,27,27,27,41,41,41,27,41,27,27,39,28,41,41,41,27,41,41,41,41,27,27,41,41,27,41,41,41,41,41,41,41,41,41,27,40,40,30,27,29,41,41,27,27,41,27,27,27,41,41,41,27,41,33,41,41,41,41,41,41,41,41,41,41,229,41,41,39,41,41,184,156,41,41,28,27,27,41,27,41,41,41,41,41,40,27,27,41,27,41,38,41,27,38,41,41,41,27,27,27,41,41,27,27,27,38,27,41,27,41,41,41,41,27,41,28,41,41,41,27,27,41,41,27,41,27,27,41,40,41,41,41,41,39,27,27,41,41,41,41,41,27,41,27,230,229,229,27,27,27,229,229,229,27
41,41,38,41,41,41,41,41,41,41,41,41,41,27,27,41,41,41,41,41,34,27,41,41,27,31,27,41,27,27,41,41,27,27,41,41,41,41,27,27,27,27,41,27,41,27,28,27,39,41,41,41,41,27,38,27,27,41,27,27,35,41,41,41,41,41,38,41,41,28,41,28,41,41,41,41,29,41,41,40,27,27,27,41,27,41,27,27,27,41,41,41,41,27,41,41,27,41,41,39,41,41,41,41,41,41,41,41,41,41,41,41,41,41,41,41,41,41,41,41,41,41,41,27,41,27,38,27,41,27,27,27,27,27,29,27,41,41,27,27,39,27,27,29,41,27,27,27,41,41,41,27,27,27,41,28,41,27,40,41,41,41,41,28,41,41,41,41,41,41,27,41,27,41,27,41,27,41,27,41,41,27,27,28,27,41,41,32,41,41,41,41,41,41,27,28,28,27,27,38,41,41,27,41,41,41,41,41,41,41,27,27,41,41,41,41,27,41,41,41,41,27,41,27,41,38,41,27,41,41,27,27,41,30,27,41,28,41,27,27,41,27,27,27,38,27,27,27,41,27,27,27,41,27,27,27,27,41,41,41,27,41,27,41,41,41,41,27,41,41,27,41,27,38,41,41,41,41,41,27,41,27,41,27,39,41,27,41,27,39,41,27,39,41,41,27,30,41,27,27,41,41,41,41,41,41,41,41,41,41,41,28,41,41,38,27,41,41,41,36,38,27,27,27,41,27,27,27,41,41,27,41,27,27,27,41,41,27,27,29,39,41,27,27,27,38,41,41,41,27,41,41,41,27,39,41,27,27,41,33,41,41,41,41,39,41,27,30,41,29,41,229,229,229,41,205,229,27,27,229,53,29,41,41,41,27,41,37,27,41,27,27,41,41,41,27,41,41,27,33,41,38,41,41,41,27,27,41,27,41,41,28,41,41,41,41,41,41,41,41,41,27,41,41,27,41,27,27,27,27,27,27,229,27,229,41,27,27,28,27,27,41,27,28,27,41,41,27,41,33,117,41,27,27,28,229,210,27,27,27,40,41,41,41,41,41,41,41,41,41,41,27,41,41,27,41,41,41,41,34,27,27,41,27,27,41,27,27,37,27,27,41,27,30,30,41,27,31,27,27,41,41,41,41,41,41,41,41,41,41,183,41,41,27,27,29,229,41,229,41,124,41,30,55,229,181,47,41,207,175,27,41,27,27,41,27,40,40,27,41,27,41,27,30,27,41,28,27,41,27,27,41,41,27,39,41,41,40,41,27,33,41,41,41,41,41,41,41,41,41,30,27,41,41,41,41,29,39,41,41,27,41,38,41,27,41,41,41,27,41,41,27,27,27,41,41,31,27,41,41,27,41,41,27,41,31,27,41,27,109,41,27,229,41,41,41,38,41,41,41,27,27,27,40,27,27,40,27,27,27,27,27,27,27,27,41,27,27,41,41,41,41,27,41,27,27,41,27,27,27,41,41,41,41,27,41,41,27,27,41,41,41,41,27,41,41,27,41,41,41,41,41,41,41,230,103,27,230,230,27,169,41,41,210,41,27,230,41,230,27,49,27,29,41,27,27,27,30,74,27,28,41,27,41,217,27,41,41,41,41,41,41,41,41,41,41,41,27,41,41,41,27,27,41,27,27,38,41,41,27,41,27,27,195,27,27,27,27,27,27,27,27,27,41,27,27,27,27,41,43,27,27,27,230,27,217,230,229,27,230,180,39,39,230,27,230,27,27,229,47,132,41,29,41,41,41,41,41,41,41,41,27,41,27,41,27,39,41,30,41,27,41,27,27,27,27,41,41,41,41,41,30,27,41,41,27,36,41,41,41,146,27,229,229,41,200,41,41,224,43,27,27,27,27,27,39,27,230,116,27,41,41,27,27,41,27,27,41,27,27,27,27,41,41,27,41,27,27,27,41,41,41,27,41,27,29,29,27,41,41,41,27,41,41,41,41,27,27,41,41,30,41,41,41,41,41,41,41,41,41,27,41,41,38,27,27,41,41,27,27,41,27,27,27,41,41,39,27,41,33,41,41,41,41,41,41,41,41,41,41,229,41,41,29,41,41,228,57,41,41,28,27,27,38,27,41,27,41,41,41,34,27,27,41,27,41,30,41,30,30,41,39,41,27,30,27,41,41,27,27,27,41,27,41,27,41,41,41,41,27,41,27,41,41,41,41,28,41,41,27,41,28,27,39,41,41,41,41,41,28,27,27,41,41,41,27,41,27,41,27,230,229,223,27,67,27,223,229,229,27
41,41,38,41,41,41,41,41,41,41,41,41,41,27,27,41,41,41,41,41,34,27,41,41,27,31,27,41,27,27,41,41,27,27,41,41,41,41,27,27,27,27,41,27,41,27,28,27,39,41,41,41,41,27,38,27,27,41,27,27,35,41,41,41,41,41,38,41,41,28,41,28,41,41,41,41,29,41,41,40,27,27,27,41,27,41,27,27,27,41,41,41,41,27,41,41,27,41,41,39,41,41,41,41,41,41,41,41,41,41,41,41,41,41,41,41,41,41,41,41,41,41,41,27,41,27,38,27,41,27,27,27,27,27,29,27,41,41,27,27,39,27,27,29,41,27,27,27,41,41,41,27,27,27,41,28,41,27,40,41,41,41,41,28,41,41,41,41,41,41,27,41,27,41,27,41,27,41,27,41,41,27,27,28,27,41,41,32,41,41,41,41,41,41,27,28,28,27,27,38,41,41,27,41,41,41,41,41,41,41,27,27,41,41,41,41,27,41,41,41,41,27,41,27,41,38,41,27,41,41,27,27,41,30,27,41,28,41,27,27,41,27,27,27,38,27,27,27,41,27,27,27,41,27,27,27,27,41,41,41,27,41,27,41,41,41,41,27,41,41,27,41,27,38,41,41,41,41,41,27,41,27,41,27,39,41,27,41,27,39,41,27,39,41,41,27,30,41,27,27,41,41,41,41,41,41,41,41,41,41,41,28,41,41,38,27,41,41,41,36,38,27,27,27,41,27,27,27,41,41,27,41,27,27,27,41,41,27,27,29,39,41,27,27,27,38,41,41,41,27,41,41,41,27,39,41,27,27,41,33,41,41,41,41,39,41,27,30,41,29,41,229,229,229,41,205,229,27,27,229,53,29,41,41,41,27,41,37,27,41,27,27,41,41,41,27,41,41,27,33,41,38,41,41,41,27,27,41,27,41,41,28,41,41,41,41,41,41,41,41,41,27,41,41,27,41,27,27,27,27,27,27,229,27,229,41,27,27,28,27,27,41,27,28,27,41,41,27,41,33,117,41,27,27,28,229,210,27,27,27,40,41,41,41,41,41,41,41,41,41,41,27,41,41,27,41,41,41,41,34,27,27,41,27,27,41,27,27,37,27,27,41,27,30,30,41,27,31,27,27,41,41,41,41,41,41,41,41,41,41,183,41,41,27,27,29,229,41,229,41,124,41,30,55,229,181,47,41,207,175,27,41,27,27,41,27,40,40,27,41,27,41,27,30,27,41,28,27,41,27,27,41,41,27,39,41,41,40,41,27,33,41,41,41,41,41,41,41,41,41,30,27,41,41,41,41,29,39,41,41,27,41,38,41,27,41,41,41,27,41,41,27,27,27,41,41,31,27,41,41,27,41,41,27,41,31,27,41,27,109,41,27,229,41,41,41,38,41,41,41,27,27,27,40,27,27,40,27,27,27,27,27,27,27,27,41,27,27,41,41,41,41,27,41,27,27,41,27,27,27,41,41,41,41,27,41,41,27,27,41,41,41,41,27,41,41,27,41,41,41,41,41,41,41,230,103,27,230,230,27,169,41,41,210,41,27,230,41,230,27,49,27,29,41,27,27,27,30,74,27,28,41,27,41,217,27,41,41,41,41,41,41,41,41,41,41,41,27,41,41,41,27,27,41,27,27,38,41,41,27,41,27,27,195,27,27,27,27,27,27,27,27,27,41,27,27,27,27,41,43,27,27,27,230,27,217,230,229,27,230,180,39,39,230,27,230,27,27,229,47,132,41,29,41,41,41,41,41,41,41,41,27,41,27,41,27,39,41,30,41,27,41,27,27,27,27,41,41,41,41,41,30,27,41,41,27,36,41,41,41,146,27,229,229,41,200,41,41,224,43,27,27,27,27,27,39,27,230,116,27,41,41,27,27,41,27,27,41,27,27,27,27,41,41,27,41,27,27,27,41,41,41,27,41,27,29,29,27,41,41,41,27,41,41,41,41,27,27,41,41,30,41,41,41,41,41,41,41,41,41,27,41,41,38,27,27,41,41,27,27,41,27,27,27,41,41,39,27,41,33,41,41,41,41,41,41,41,41,41,41,229,41,41,29,41,41,228,57,41,41,28,27,27,38,27,41,27,41,41,41,34,27,27,41,27,41,30,41,30,30,41,39,41,27,30,27,41,41,27,27,27,41,27,41,27,41,41,41,41,27,41,27,41,41,41,41,28,41,41,27,41,28,27,39,41,41,41,41,41,28,27,27,41,41,41,27,41,27,41,27,230,229,223,27,67,27,223,229,229,27
41,41,30,41,41,41,41,41,41,41,41,41,41,27,27,41,41,41,41,41,34,27,41,41,27,27,27,41,27,29,41,41,27,27,41,41,41,41,27,27,27,32,41,27,41,29,27,27,28,41,41,41,41,27,31,27,27,41,27,27,35,41,41,41,41,41,41,41,41,27,41,27,41,41,41,41,27,41,41,40,30,27,27,41,27,41,27,27,27,41,41,41,41,27,41,41,27,41,41,41,41,41,41,41,41,41,41,41,41,41,41,41,41,41,41,41,41,41,41,41,41,41,41,27,41,27,30,27,41,29,27,27,27,29,40,27,41,41,27,27,29,27,27,27,41,27,31,27,38,41,41,27,27,27,40,40,40,27,28,41,41,41,41,27,41,41,41,41,37,41,27,41,27,41,27,41,27,41,27,41,41,27,27,27,27,41,41,27,41,41,41,41,41,41,27,27,27,27,27,30,41,41,27,41,41,41,41,41,41,41,27,27,41,41,41,41,27,41,41,41,41,28,27,27,41,29,41,27,41,41,27,27,41,38,27,41,40,40,27,27,41,27,27,27,41,27,27,27,41,27,41,27,41,27,27,27,27,41,41,41,27,41,27,41,37,41,41,27,41,41,27,41,27,29,41,41,41,41,41,27,41,27,41,27,28,41,27,41,27,29,41,41,29,41,41,27,27,41,27,27,41,41,41,27,41,41,41,41,41,41,41,32,41,41,30,27,41,41,41,36,30,27,27,27,41,27,27,27,41,41,27,41,27,27,27,41,41,27,27,40,28,41,27,27,27,30,41,41,41,27,41,37,41,27,28,41,27,27,41,40,41,41,41,41,28,41,27,27,41,27,41,229,229,229,41,228,229,27,27,229,53,27,41,41,41,27,41,30,27,41,27,27,41,41,41,27,41,39,27,41,41,31,41,41,41,27,27,41,27,41,41,27,41,41,41,41,41,41,41,41,41,27,41,39,27,41,27,27,27,28,27,27,229,27,229,41,27,27,27,27,27,41,27,27,27,41,41,27,41,39,53,41,27,27,27,217,115,27,27,27,40,41,41,41,41,41,41,41,41,41,41,27,41,41,30,41,41,41,41,34,27,27,41,27,27,41,27,27,30,27,27,41,27,27,27,41,27,27,27,27,41,41,41,41,41,41,41,41,41,41,183,41,41,27,27,27,229,41,229,41,124,41,27,41,229,229,41,41,229,87,27,41,30,27,41,27,28,28,27,40,27,41,27,37,27,41,27,27,41,27,27,39,39,27,28,41,41,41,41,27,33,41,41,41,41,41,41,41,41,41,27,27,41,41,41,41,27,29,41,41,27,41,41,41,27,41,41,41,27,39,41,27,27,27,38,41,38,27,41,41,27,41,41,27,41,27,27,41,27,109,41,27,41,41,41,41,30,41,41,41,27,27,27,28,27,27,28,27,27,27,27,27,27,27,27,41,27,28,41,41,41,41,27,27,30,27,41,27,27,41,41,41,41,41,27,39,41,27,27,41,41,41,41,27,41,41,31,41,41,41,41,41,41,41,185,216,27,211,230,96,169,41,39,115,41,27,230,27,230,27,41,58,27,41,32,27,77,27,182,27,27,41,27,41,53,27,41,41,41,41,41,41,39,41,41,41,41,27,41,41,41,27,27,41,27,27,30,41,41,27,41,47,27,230,27,27,27,77,27,27,27,27,27,41,27,27,27,29,41,43,27,27,27,230,27,230,230,209,67,230,180,29,29,230,27,230,27,27,230,41,132,41,27,41,41,41,41,39,41,41,41,27,41,27,41,27,29,41,27,41,27,41,27,27,27,30,41,41,41,38,41,27,27,41,41,27,41,41,41,41,146,27,229,203,41,119,41,27,230,41,27,27,27,27,27,29,27,230,52,27,41,41,27,27,41,27,27,41,27,27,27,27,41,41,27,38,27,27,27,41,41,41,27,41,27,39,27,27,39,27,41,27,41,41,41,41,27,27,41,41,38,41,41,41,41,41,41,41,41,41,27,41,41,41,27,27,41,41,27,27,41,41,27,27,39,41,29,27,41,33,41,41,41,41,41,41,41,41,41,41,229,41,41,27,41,41,229,41,38,41,31,27,27,30,27,41,27,41,41,41,27,27,27,41,27,41,27,41,37,27,41,29,41,27,39,27,41,41,27,27,27,41,29,41,27,41,41,41,41,27,41,27,41,41,41,41,32,41,41,27,41,40,27,28,41,41,41,41,41,27,27,27,41,41,39,27,41,27,41,27,230,229,27,27,189,27,27,228,229,27
41,41,30,41,41,41,41,41,41,41,41,41,41,27,27,41,41,41,41,41,34,27,41,41,27,27,27,41,27,29,41,41,27,27,41,41,41,41,27,27,27,32,41,27,41,29,27,27,28,41,41,41,41,27,31,27,27,41,27,27,35,41,41,41,41,41,41,41,41,27,41,27,41,41,41,41,27,41,41,40,30,27,27,41,27,41,27,27,27,41,41,41,41,27,41,41,27,41,41,41,41,41,41,41,41,41,41,41,41,41,41,41,41,41,41,41,41,41,41,41,41,41,41,27,41,27,30,27,41,29,27,27,27,29,40,27,41,41,27,27,29,27,27,27,41,27,31,27,38,41,41,27,27,27,40,40,40,27,28,41,41,41,41,27,41,41,41,41,37,41,27,41,27,41,27,41,27,41,27,41,41,27,27,27,27,41,41,27,41,41,41,41,41,41,27,27,27,27,27,30,41,41,27,41,41,41,41,41,41,41,27,27,41,41,41,41,27,41,41,41,41,28,27,27,41,29,41,27,41,41,27,27,41,38,27,41,40,40,27,27,41,27,27,27,41,27,27,27,41,27,41,27,41,27,27,27,27,41,41,41,27,41,27,41,37,41,41,27,41,41,27,41,27,29,41,41,41,41,41,27,41,27,41,27,28,41,27,41,27,29,41,41,29,41,41,27,27,41,27,27,41,41,41,27,41,41,41,41,41,41,41,32,41,41,30,27,41,41,41,36,30,27,27,27,41,27,27,27,41,41,27,41,27,27,27,41,41,27,27,40,28,41,27,27,27,30,41,41,41,27,41,37,41,27,28,41,27,27,41,40,41,41,41,41,28,41,27,27,41,27,41,229,229,229,41,228,229,27,27,229,53,27,41,41,41,27,41,30,27,41,27,27,41,41,41,27,41,39,27,41,41,31,41,41,41,27,27,41,27,41,41,27,41,41,41,41,41,41,41,41,41,27,41,39,27,41,27,27,27,28,27,27,229,27,229,41,27,27,27,27,27,41,27,27,27,41,41,27,41,39,53,41,27,27,27,217,115,27,27,27,40,41,41,41,41,41,41,41,41,41,41,27,41,41,30,41,41,41,41,34,27,27,41,27,27,41,27,27,30,27,27,41,27,27,27,41,27,27,27,27,41,41,41,41,41,41,41,41,41,41,183,41,41,27,27,27,229,41,229,41,124,41,27,41,229,229,41,41,229,87,27,41,30,27,41,27,28,28,27,40,27,41,27,37,27,41,27,27,41,27,27,39,39,27,28,41,41,41,41,27,33,41,41,41,41,41,41,41,41,41,27,27,41,41,41,41,27,29,41,41,27,41,41,41,27,41,41,41,27,39,41,27,27,27,38,41,38,27,41,41,27,41,41,27,41,27,27,41,27,109,41,27,41,41,41,41,30,41,41,41,27,27,27,28,27,27,28,27,27,27,27,27,27,27,27,41,27,28,41,41,41,41,27,27,30,27,41,27,27,41,41,41,41,41,27,39,41,27,27,41,41,41,41,27,41,41,31,41,41,41,41,41,41,41,185,216,27,211,230,96,169,41,39,115,41,27,230,27,230,27,41,58,27,41,32,27,77,27,182,27,27,41,27,41,53,27,41,41,41,41,41,41,39,41,41,41,41,27,41,41,41,27,27,41,27,27,30,41,41,27,41,47,27,230,27,27,27,77,27,27,27,27,27,41,27,27,27,29,41,43,27,27,27,230,27,230,230,209,67,230,180,29,29,230,27,230,27,27,230,41,132,41,27,41,41,41,41,39,41,41,41,27,41,27,41,27,29,41,27,41,27,41,27,27,27,30,41,41,41,38,41,27,27,41,41,27,41,41,41,41,146,27,229,203,41,119,41,27,230,41,27,27,27,27,27,29,27,230,52,27,41,41,27,27,41,27,27,41,27,27,27,27,41,41,27,38,27,27,27,41,41,41,27,41,27,39,27,27,39,27,41,27,41,41,41,41,27,27,41,41,38,41,41,41,41,41,41,41,41,41,27,41,41,41,27,27,41,41,27,27,41,41,27,27,39,41,29,27,41,33,41,41,41,41,41,41,41,41,41,41,229,41,41,27,41,41,229,41,38,41,31,27,27,30,27,41,27,41,41,41,27,27,27,41,27,41,27,41,37,27,41,29,41,27,39,27,41,41,27,27,27,41,29,41,27,41,41,41,41,27,41,27,41,41,41,41,32,41,41,27,41,40,27,28,41,41,41,41,41,27,27,27,41,41,39,27,41,27,41,27,230,229,27,27,189,27,27,228,229,27
41,38,27,41,41,41,41,41,41,41,41,41,41,27,27,41,41,41,41,41,34,27,41,41,27,27,27,41,27,39,41,41,27,27,41,41,41,41,27,27,27,41,41,27,41,39,27,27,27,39,41,41,41,27,27,27,27,41,27,27,35,41,41,41,41,41,41,41,41,27,41,27,41,41,41,41,27,41,41,40,38,27,27,41,27,41,27,27,41,41,41,41,38,30,41,41,27,41,41,41,41,41,41,41,41,41,41,41,41,41,41,41,41,41,41,41,41,41,41,41,41,41,41,27,41,27,27,27,41,39,27,27,27,40,41,27,39,41,27,27,27,27,27,27,27,27,41,27,30,38,41,27,27,27,28,41,28,27,27,41,41,41,41,27,41,40,41,41,30,41,27,41,27,41,27,41,27,41,27,41,41,41,27,27,27,41,41,27,41,41,41,38,41,41,27,27,27,27,30,27,41,41,27,41,41,41,41,41,41,41,27,27,41,41,41,41,27,41,39,41,41,39,27,27,41,27,41,27,41,41,27,27,41,41,27,41,41,28,27,27,41,27,27,27,41,27,27,27,41,27,41,30,41,27,27,27,27,41,41,41,27,41,27,41,30,41,41,27,41,41,27,41,27,27,41,41,41,41,41,27,39,27,41,27,27,41,27,41,27,27,41,41,27,41,41,27,27,38,27,27,41,41,41,27,41,41,41,41,41,41,41,40,41,41,27,27,41,41,41,36,27,27,27,27,41,27,27,27,41,41,27,38,27,27,27,41,41,27,27,41,27,41,27,27,41,27,41,41,41,27,39,30,41,27,27,41,27,27,41,41,41,41,41,41,27,41,27,27,41,27,41,229,229,229,41,229,229,27,27,229,41,27,38,41,41,27,41,27,27,41,27,27,41,41,41,27,41,29,27,41,41,27,41,41,41,27,27,41,27,41,41,27,41,41,41,41,41,41,41,41,38,27,41,30,27,27,27,27,27,33,27,27,204,27,229,41,77,27,27,27,27,41,27,27,27,41,41,27,41,41,41,30,27,27,27,112,51,27,27,27,40,37,41,41,41,41,41,41,41,41,41,27,41,41,38,41,41,41,41,34,27,27,41,27,27,41,27,27,27,27,27,27,27,27,27,41,27,27,27,27,41,41,41,41,41,41,41,41,41,41,183,41,41,27,27,27,229,41,229,41,124,38,27,41,229,229,41,41,229,41,27,41,37,30,41,27,27,27,27,27,32,41,27,41,27,41,27,27,41,27,27,30,28,27,27,41,27,41,41,27,33,41,41,41,41,41,41,41,41,41,27,27,41,41,41,41,27,27,41,41,27,41,41,41,27,41,41,41,27,29,39,27,27,29,31,41,41,27,41,41,27,41,41,27,41,27,27,41,27,109,41,27,41,41,41,41,27,39,41,41,27,27,27,27,27,27,27,27,27,57,27,27,27,30,27,27,27,32,41,41,41,41,27,27,38,27,41,27,27,41,41,41,41,41,27,28,41,27,27,41,41,41,41,27,41,37,38,41,41,41,41,38,41,41,86,229,27,59,230,229,85,41,29,51,41,27,229,27,230,27,41,199,27,40,41,27,181,27,230,27,27,88,27,38,41,27,41,27,41,41,27,41,28,41,41,41,41,27,41,41,41,27,27,41,27,27,27,41,41,27,41,210,27,230,27,27,27,180,27,27,27,27,27,41,27,27,27,40,37,43,27,27,27,230,27,230,230,76,189,230,180,27,27,230,27,230,27,27,230,41,132,41,27,41,41,41,41,27,41,41,41,27,41,27,27,27,27,41,27,41,27,41,27,27,27,38,41,41,41,30,41,27,27,41,41,27,38,41,41,41,146,27,229,118,41,56,41,27,230,41,27,27,27,27,27,27,27,208,41,27,41,41,27,27,41,27,27,41,27,27,27,27,41,38,27,30,27,27,27,41,41,38,27,41,27,41,27,27,28,27,41,27,41,41,41,39,27,27,41,27,41,41,41,41,41,41,41,41,41,41,27,41,41,41,27,27,41,27,27,27,41,41,29,27,29,41,27,27,41,33,41,41,41,41,41,41,41,41,41,40,229,41,41,27,41,41,229,41,30,41,38,27,27,27,27,41,27,41,41,41,27,27,27,41,27,41,27,41,41,27,41,27,41,27,41,27,39,41,27,27,27,41,40,41,30,41,41,41,41,27,41,27,41,41,41,41,40,41,41,27,41,41,27,27,41,41,41,41,41,27,27,27,41,41,28,27,41,27,41,27,229,229,27,27,230,27,27,189,229,27
41,30,27,41,41,41,41,41,41,41,41,41,41,27,27,41,41,41,41,41,34,27,41,41,27,27,27,41,27,41,39,41,27,27,41,41,41,38,27,27,27,41,41,27,39,41,27,31,27,28,39,41,41,27,27,27,27,27,27,27,35,41,41,41,41,41,41,41,41,27,41,27,41,41,41,41,27,41,41,40,41,28,27,38,27,41,27,27,41,41,41,41,30,38,27,41,27,41,41,41,41,39,41,41,41,41,41,41,41,41,41,41,41,39,41,41,41,41,41,41,27,41,41,27,41,27,27,27,41,41,27,27,28,41,41,27,29,41,27,27,27,27,27,27,27,27,41,27,27,30,41,27,27,27,27,41,27,27,27,41,41,41,41,27,41,28,41,41,27,41,27,41,27,41,27,27,27,41,27,41,41,41,27,27,27,41,38,27,41,41,38,30,41,41,27,27,27,27,38,27,41,41,27,41,41,41,38,41,41,41,27,27,41,41,41,41,27,41,29,41,41,41,27,27,41,27,41,27,41,41,27,27,41,41,27,41,41,27,27,27,38,27,27,27,41,27,30,27,41,27,41,37,41,27,27,27,27,41,41,41,28,41,27,41,27,41,41,27,41,41,27,41,27,27,27,41,41,41,41,27,29,27,41,27,27,41,30,41,27,27,41,41,27,41,41,27,27,30,27,27,41,41,41,27,41,41,41,41,41,41,41,41,41,41,27,27,41,41,41,36,27,27,27,27,41,27,27,30,41,41,29,31,27,27,27,41,41,27,27,41,27,41,27,27,41,27,41,41,41,27,28,27,41,27,27,41,27,27,41,41,41,41,41,41,27,41,27,27,41,27,41,229,229,229,41,229,229,27,27,229,41,27,29,41,41,27,41,27,27,41,27,27,41,41,41,27,41,27,27,41,41,27,41,41,41,27,27,41,27,41,41,27,41,41,41,41,41,41,41,41,30,27,41,27,27,27,27,27,27,39,27,27,118,27,229,41,179,27,27,27,27,41,27,27,27,41,41,27,41,41,41,27,27,27,27,47,41,27,27,27,40,30,41,41,41,41,41,41,41,41,41,27,41,41,41,41,41,41,41,34,27,27,40,27,27,41,27,27,27,27,41,27,27,27,27,41,27,27,27,27,41,41,41,41,41,41,41,41,41,41,183,41,41,27,27,27,229,41,229,41,124,30,27,41,229,229,41,39,229,41,27,41,41,39,41,27,27,27,27,27,41,41,27,41,27,41,27,27,41,27,27,27,27,27,27,41,27,41,41,27,33,41,41,41,27,41,41,41,41,41,27,27,27,41,41,41,27,27,41,41,27,38,41,41,27,41,41,41,27,27,29,27,27,40,27,41,41,27,38,41,27,41,41,27,27,27,27,41,27,98,41,27,41,41,41,41,27,28,41,41,27,27,27,27,230,27,27,27,27,201,27,27,27,37,27,27,27,40,39,41,41,41,27,27,41,27,41,27,27,41,41,41,41,41,27,27,41,27,27,41,41,41,41,27,41,30,41,41,41,41,41,30,41,41,41,229,27,41,230,229,41,39,27,41,41,27,106,27,230,230,41,230,27,28,41,27,230,27,230,27,27,182,27,30,41,27,41,27,41,41,27,41,27,41,41,41,41,27,41,41,41,27,27,41,27,27,27,39,41,27,41,230,27,230,27,27,27,230,27,27,27,27,27,41,27,41,27,41,30,43,27,27,27,230,32,230,230,27,230,230,180,27,27,230,27,230,27,27,230,41,132,41,27,39,41,41,41,27,41,41,41,27,41,27,27,27,27,41,27,41,29,41,27,27,30,41,41,27,41,27,41,27,27,41,41,27,29,41,41,41,77,27,229,55,38,41,41,27,230,41,33,27,27,27,27,27,27,116,41,27,41,41,27,27,41,27,27,41,27,27,27,27,41,30,27,27,27,30,27,41,41,30,27,41,27,41,27,27,27,27,41,27,39,41,39,29,27,27,41,27,41,41,41,41,41,41,41,41,41,41,27,41,41,41,27,27,41,27,27,31,27,41,39,27,27,41,27,27,41,33,41,41,41,41,41,41,41,41,41,28,229,41,41,27,41,41,229,41,27,41,41,30,27,27,27,41,27,41,41,41,27,27,27,41,27,41,27,41,41,27,39,27,41,27,41,27,29,41,27,27,30,41,41,41,38,41,39,41,41,27,41,27,41,41,41,41,41,41,41,27,41,41,27,27,41,41,41,41,41,27,27,27,41,39,27,27,41,27,41,27,229,229,27,27,230,27,27,61,228,27
41,30,27,41,41,41,41,41,41,41,41,41,41,27,27,41,41,41,41,41,34,27,41,41,27,27,27,41,27,41,39,41,27,27,41,41,41,38,27,27,27,41,41,27,39,41,27,31,27,28,39,41,41,27,27,27,27,27,27,27,35,41,41,41,41,41,41,41,41,27,41,27,41,41,41,41,27,41,41,40,41,28,27,38,27,41,27,27,41,41,41,41,30,38,27,41,27,41,41,41,41,39,41,41,41,41,41,41,41,41,41,41,41,39,41,41,41,41,41,41,27,41,41,27,41,27,27,27,41,41,27,27,28,41,41,27,29,41,27,27,27,27,27,27,27,27,41,27,27,30,41,27,27,27,27,41,27,27,27,41,41,41,41,27,41,28,41,41,27,41,27,41,27,41,27,27,27,41,27,41,41,41,27,27,27,41,38,27,41,41,38,30,41,41,27,27,27,27,38,27,41,41,27,41,41,41,38,41,41,41,27,27,41,41,41,41,27,41,29,41,41,41,27,27,41,27,41,27,41,41,27,27,41,41,27,41,41,27,27,27,38,27,27,27,41,27,30,27,41,27,41,37,41,27,27,27,27,41,41,41,28,41,27,41,27,41,41,27,41,41,27,41,27,27,27,41,41,41,41,27,29,27,41,27,27,41,30,41,27,27,41,41,27,41,41,27,27,30,27,27,41,41,41,27,41,41,41,41,41,41,41,41,41,41,27,27,41,41,41,36,27,27,27,27,41,27,27,30,41,41,29,31,27,27,27,41,41,27,27,41,27,41,27,27,41,27,41,41,41,27,28,27,41,27,27,41,27,27,41,41,41,41,41,41,27,41,27,27,41,27,41,229,229,229,41,229,229,27,27,229,41,27,29,41,41,27,41,27,27,41,27,27,41,41,41,27,41,27,27,41,41,27,41,41,41,27,27,41,27,41,41,27,41,41,41,41,41,41,41,41,30,27,41,27,27,27,27,27,27,39,27,27,118,27,229,41,179,27,27,27,27,41,27,27,27,41,41,27,41,41,41,27,27,27,27,47,41,27,27,27,40,30,41,41,41,41,41,41,41,41,41,27,41,41,41,41,41,41,41,34,27,27,40,27,27,41,27,27,27,27,41,27,27,27,27,41,27,27,27,27,41,41,41,41,41,41,41,41,41,41,183,41,41,27,27,27,229,41,229,41,124,30,27,41,229,229,41,39,229,41,27,41,41,39,41,27,27,27,27,27,41,41,27,41,27,41,27,27,41,27,27,27,27,27,27,41,27,41,41,27,33,41,41,41,27,41,41,41,41,41,27,27,27,41,41,41,27,27,41,41,27,38,41,41,27,41,41,41,27,27,29,27,27,40,27,41,41,27,38,41,27,41,41,27,27,27,27,41,27,98,41,27,41,41,41,41,27,28,41,41,27,27,27,27,230,27,27,27,27,201,27,27,27,37,27,27,27,40,39,41,41,41,27,27,41,27,41,27,27,41,41,41,41,41,27,27,41,27,27,41,41,41,41,27,41,30,41,41,41,41,41,30,41,41,41,229,27,41,230,229,41,39,27,41,41,27,106,27,230,230,41,230,27,28,41,27,230,27,230,27,27,182,27,30,41,27,41,27,41,41,27,41,27,41,41,41,41,27,41,41,41,27,27,41,27,27,27,39,41,27,41,230,27,230,27,27,27,230,27,27,27,27,27,41,27,41,27,41,30,43,27,27,27,230,32,230,230,27,230,230,180,27,27,230,27,230,27,27,230,41,132,41,27,39,41,41,41,27,41,41,41,27,41,27,27,27,27,41,27,41,29,41,27,27,30,41,41,27,41,27,41,27,27,41,41,27,29,41,41,41,77,27,229,55,38,41,41,27,230,41,33,27,27,27,27,27,27,116,41,27,41,41,27,27,41,27,27,41,27,27,27,27,41,30,27,27,27,30,27,41,41,30,27,41,27,41,27,27,27,27,41,27,39,41,39,29,27,27,41,27,41,41,41,41,41,41,41,41,41,41,27,41,41,41,27,27,41,27,27,31,27,41,39,27,27,41,27,27,41,33,41,41,41,41,41,41,41,41,41,28,229,41,41,27,41,41,229,41,27,41,41,30,27,27,27,41,27,41,41,41,27,27,27,41,27,41,27,41,41,27,39,27,41,27,41,27,29,41,27,27,30,41,41,41,38,41,39,41,41,27,41,27,41,41,41,41,41,41,41,27,41,41,27,27,41,41,41,41,41,27,27,27,41,39,27,27,41,27,41,27,229,229,27,27,230,27,27,61,228,27
41,27,27,41,41,41,41,41,41,41,41,41,27,27,27,41,41,41,41,41,34,27,41,27,41,27,28,41,27,41,29,41,27,28,41,27,41,30,27,27,27,41,27,27,29,41,27,38,27,27,28,41,41,27,27,27,29,27,27,27,41,41,41,41,41,41,41,41,41,27,41,27,41,41,41,41,27,41,41,40,41,33,27,31,27,41,27,27,41,41,41,41,27,41,27,41,27,41,38,41,41,29,41,41,41,41,41,41,41,41,41,41,41,28,41,41,41,41,41,41,27,41,41,27,41,27,27,27,41,41,27,27,32,41,41,27,27,41,27,27,27,27,29,27,27,27,41,27,27,27,41,27,27,27,27,41,27,28,27,40,27,41,41,27,41,27,41,41,27,41,27,41,27,41,27,27,27,41,27,39,41,41,27,27,27,41,30,27,41,37,30,27,41,41,27,27,27,32,41,27,41,41,27,41,41,41,30,41,41,41,27,27,41,41,41,41,27,41,27,41,41,41,27,27,41,27,41,27,41,41,30,27,41,41,27,41,41,27,27,27,29,27,27,27,41,27,38,41,41,27,41,41,41,41,27,27,27,41,41,41,32,41,27,41,27,41,41,27,41,41,27,41,27,27,27,41,41,41,41,27,27,27,41,27,27,41,38,41,27,27,41,41,27,41,39,27,27,27,27,27,41,41,41,27,41,41,41,41,41,41,41,41,41,41,27,27,41,41,41,36,27,27,27,27,41,27,27,38,41,41,40,27,27,27,27,41,41,27,27,41,27,39,27,31,41,27,41,41,39,30,27,27,41,27,27,41,27,27,41,41,41,41,41,41,27,39,27,27,41,27,27,229,229,186,38,229,229,27,27,229,41,27,27,41,41,27,38,27,27,41,27,27,41,39,41,27,41,27,27,41,41,27,41,41,41,27,27,41,27,41,41,27,41,41,41,41,41,41,41,41,27,27,41,27,27,27,27,27,27,41,27,27,54,27,229,41,229,27,27,27,27,41,27,27,27,41,41,27,41,41,41,27,27,27,27,41,41,27,27,27,40,27,41,41,41,41,41,41,41,41,41,27,41,41,41,41,41,41,41,34,27,28,28,27,27,41,27,27,27,27,41,27,27,27,27,41,27,27,27,27,41,41,41,41,41,41,41,41,41,38,183,41,41,39,27,27,202,41,198,41,124,27,27,41,214,229,41,29,229,41,27,41,41,41,41,27,27,27,27,27,41,41,27,41,27,41,27,27,41,27,27,27,27,27,27,27,27,41,39,27,33,41,41,41,27,41,41,41,41,41,27,27,27,41,41,41,27,27,41,41,30,30,41,41,27,41,41,27,27,27,27,27,27,41,27,41,41,27,30,41,27,41,41,27,27,27,28,41,27,51,41,27,41,41,41,41,27,27,41,41,27,27,43,27,230,27,27,35,27,230,28,27,27,41,27,27,27,41,29,41,41,41,27,27,41,27,41,27,27,41,41,41,41,41,29,27,41,27,27,27,41,41,41,27,41,27,41,41,41,41,41,27,41,39,41,229,27,41,230,229,41,29,27,41,41,27,41,27,106,230,39,230,27,27,41,27,230,27,230,27,27,229,27,27,41,27,41,27,39,60,27,41,27,41,41,41,41,27,41,41,41,27,27,41,27,27,27,28,41,27,27,230,47,208,27,27,27,230,27,27,29,27,27,41,27,41,27,41,27,41,54,27,27,230,101,230,230,27,230,230,180,27,27,230,27,230,27,27,230,41,132,41,27,29,41,41,41,27,41,41,41,27,41,27,27,27,27,41,27,41,40,41,27,27,38,41,41,27,27,27,41,27,27,41,39,27,27,41,41,41,41,27,229,41,30,41,41,27,230,41,224,33,230,27,230,27,56,52,41,27,41,41,27,27,37,27,27,41,27,27,27,27,41,27,27,27,30,38,27,41,41,27,27,41,29,41,27,27,27,27,41,27,28,41,29,27,27,27,41,27,41,41,41,41,41,39,41,41,41,41,27,41,41,41,27,27,38,27,27,38,27,41,41,27,27,41,27,41,41,33,41,41,41,41,27,41,41,41,41,27,164,41,41,27,41,41,214,41,27,41,41,38,27,27,27,27,27,41,41,39,27,27,27,41,27,41,27,41,41,27,29,27,41,27,41,27,27,41,27,27,38,41,41,41,41,41,29,41,41,27,41,27,41,41,41,41,41,41,41,27,41,41,27,27,41,41,41,41,41,27,27,27,41,28,27,27,41,30,41,27,229,217,27,27,230,27,27,27,179,27
41,27,27,41,41,41,41,41,41,41,41,41,27,27,27,41,41,41,41,41,34,27,41,27,41,27,33,41,27,41,27,41,27,40,41,27,41,27,27,27,27,41,27,27,27,41,27,41,27,27,27,41,41,27,27,27,39,27,27,27,41,41,41,41,41,41,41,41,41,27,41,27,41,41,41,41,27,41,41,40,41,39,27,27,27,41,27,27,41,39,41,41,27,41,27,41,27,41,30,41,39,27,41,41,41,41,41,41,41,41,41,41,41,27,41,41,41,41,41,41,27,41,41,27,41,27,27,27,41,41,27,27,40,41,41,27,27,41,27,27,27,27,39,27,27,27,41,27,27,27,41,27,27,27,27,41,27,40,27,28,27,41,41,27,41,27,41,41,27,41,27,41,27,41,27,27,27,41,27,29,41,41,27,27,27,27,27,27,41,30,27,27,41,41,27,27,27,41,41,27,41,41,27,27,41,41,27,41,41,41,27,27,41,41,41,41,27,39,27,41,41,41,27,27,41,27,41,27,41,41,37,27,41,41,30,41,41,27,30,27,27,27,27,27,41,27,41,41,41,27,41,41,41,41,27,27,27,41,41,41,40,41,27,41,27,41,41,27,41,41,27,41,27,27,27,41,41,41,41,27,27,27,41,27,27,41,41,41,28,27,41,41,27,41,29,27,27,27,27,27,41,41,41,27,41,41,41,41,41,41,41,41,41,41,27,27,41,41,41,36,27,28,27,27,41,27,27,41,41,41,41,27,27,27,27,38,41,27,27,41,27,28,31,38,41,27,41,41,28,38,27,27,41,27,27,41,27,27,41,41,41,41,41,41,27,28,27,27,41,27,27,185,185,84,30,229,229,27,27,229,41,27,27,41,41,28,31,27,27,41,27,27,41,28,41,27,41,27,27,41,41,27,41,41,41,27,27,41,27,41,41,27,41,41,41,41,41,41,41,41,27,27,39,27,27,27,27,28,27,41,27,27,41,27,106,27,229,28,27,27,27,41,41,27,29,41,39,27,41,41,41,27,27,27,27,41,41,27,27,27,40,27,41,40,41,41,41,41,38,41,41,27,41,41,41,41,41,41,41,35,27,33,27,27,41,41,27,27,27,27,41,27,27,27,27,41,27,27,27,27,41,41,41,41,41,41,41,41,41,30,183,41,41,108,27,27,67,39,72,39,124,27,27,41,113,199,39,27,215,41,27,41,41,41,41,27,27,27,27,27,41,41,27,41,27,41,27,27,41,27,27,27,27,29,27,27,27,41,28,27,35,41,41,41,27,41,41,41,41,41,27,27,27,41,41,41,27,27,41,41,38,27,41,41,27,41,38,27,27,27,27,27,27,41,27,41,41,30,27,41,27,41,41,27,27,27,35,41,27,41,41,27,41,41,41,41,27,27,37,41,27,27,214,27,230,27,27,221,230,230,33,27,27,41,28,27,27,41,27,41,27,41,32,27,41,27,41,27,41,41,38,41,41,41,40,27,37,27,27,27,41,41,27,27,41,27,41,41,41,41,41,27,41,28,41,229,27,41,230,229,41,27,27,41,37,27,41,27,41,230,29,230,27,27,41,27,230,27,230,27,27,229,27,27,41,27,41,27,28,211,27,41,27,41,41,41,41,27,41,41,41,27,27,41,27,30,27,27,41,27,27,230,210,116,27,27,32,230,77,47,39,27,27,41,41,41,27,41,27,29,201,27,230,230,222,230,230,27,230,230,180,27,27,230,27,230,27,27,230,40,125,41,27,27,41,41,41,27,41,41,41,27,41,27,27,27,27,41,27,41,41,41,27,27,41,41,41,27,27,27,41,27,27,41,29,27,27,41,39,41,41,27,106,41,27,41,38,27,230,41,230,224,230,27,230,27,200,41,41,27,41,41,27,27,31,27,27,41,27,27,27,27,41,27,28,27,38,41,27,38,41,27,27,41,39,41,27,27,27,27,41,27,27,41,27,27,27,27,41,27,41,41,41,41,41,29,41,41,41,39,28,41,41,41,27,27,29,27,27,41,27,41,41,27,27,41,27,41,41,33,41,41,41,41,27,41,41,41,41,27,41,41,41,27,41,41,151,41,27,41,41,41,27,27,27,27,27,41,38,28,27,27,27,27,27,41,27,41,41,27,27,27,38,27,41,27,27,39,27,27,41,41,41,41,41,41,27,41,41,27,41,27,41,41,41,41,41,41,41,27,41,41,27,27,41,41,41,41,41,27,28,27,41,27,27,27,41,38,41,27,229,33,27,27,230,27,27,27,72,27
41,27,27,41,41,41,41,41,41,41,41,41,27,27,27,41,41,41,41,41,34,27,41,27,41,27,33,41,27,41,27,41,27,40,41,27,41,27,27,27,27,41,27,27,27,41,27,41,27,27,27,41,41,27,27,27,39,27,27,27,41,41,41,41,41,41,41,41,41,27,41,27,41,41,41,41,27,41,41,40,41,39,27,27,27,41,27,27,41,39,41,41,27,41,27,41,27,41,30,41,39,27,41,41,41,41,41,41,41,41,41,41,41,27,41,41,41,41,41,41,27,41,41,27,41,27,27,27,41,41,27,27,40,41,41,27,27,41,27,27,27,27,39,27,27,27,41,27,27,27,41,27,27,27,27,41,27,40,27,28,27,41,41,27,41,27,41,41,27,41,27,41,27,41,27,27,27,41,27,29,41,41,27,27,27,27,27,27,41,30,27,27,41,41,27,27,27,41,41,27,41,41,27,27,41,41,27,41,41,41,27,27,41,41,41,41,27,39,27,41,41,41,27,27,41,27,41,27,41,41,37,27,41,41,30,41,41,27,30,27,27,27,27,27,41,27,41,41,41,27,41,41,41,41,27,27,27,41,41,41,40,41,27,41,27,41,41,27,41,41,27,41,27,27,27,41,41,41,41,27,27,27,41,27,27,41,41,41,28,27,41,41,27,41,29,27,27,27,27,27,41,41,41,27,41,41,41,41,41,41,41,41,41,41,27,27,41,41,41,36,27,28,27,27,41,27,27,41,41,41,41,27,27,27,27,38,41,27,27,41,27,28,31,38,41,27,41,41,28,38,27,27,41,27,27,41,27,27,41,41,41,41,41,41,27,28,27,27,41,27,27,185,185,84,30,229,229,27,27,229,41,27,27,41,41,28,31,27,27,41,27,27,41,28,41,27,41,27,27,41,41,27,41,41,41,27,27,41,27,41,41,27,41,41,41,41,41,41,41,41,27,27,39,27,27,27,27,28,27,41,27,27,41,27,106,27,229,28,27,27,27,41,41,27,29,41,39,27,41,41,41,27,27,27,27,41,41,27,27,27,40,27,41,40,41,41,41,41,38,41,41,27,41,41,41,41,41,41,41,35,27,33,27,27,41,41,27,27,27,27,41,27,27,27,27,41,27,27,27,27,41,41,41,41,41,41,41,41,41,30,183,41,41,108,27,27,67,39,72,39,124,27,27,41,113,199,39,27,215,41,27,41,41,41,41,27,27,27,27,27,41,41,27,41,27,41,27,27,41,27,27,27,27,29,27,27,27,41,28,27,35,41,41,41,27,41,41,41,41,41,27,27,27,41,41,41,27,27,41,41,38,27,41,41,27,41,38,27,27,27,27,27,27,41,27,41,41,30,27,41,27,41,41,27,27,27,35,41,27,41,41,27,41,41,41,41,27,27,37,41,27,27,214,27,230,27,27,221,230,230,33,27,27,41,28,27,27,41,27,41,27,41,32,27,41,27,41,27,41,41,38,41,41,41,40,27,37,27,27,27,41,41,27,27,41,27,41,41,41,41,41,27,41,28,41,229,27,41,230,229,41,27,27,41,37,27,41,27,41,230,29,230,27,27,41,27,230,27,230,27,27,229,27,27,41,27,41,27,28,211,27,41,27,41,41,41,41,27,41,41,41,27,27,41,27,30,27,27,41,27,27,230,210,116,27,27,32,230,77,47,39,27,27,41,41,41,27,41,27,29,201,27,230,230,222,230,230,27,230,230,180,27,27,230,27,230,27,27,230,40,125,41,27,27,41,41,41,27,41,41,41,27,41,27,27,27,27,41,27,41,41,41,27,27,41,41,41,27,27,27,41,27,27,41,29,27,27,41,39,41,41,27,106,41,27,41,38,27,230,41,230,224,230,27,230,27,200,41,41,27,41,41,27,27,31,27,27,41,27,27,27,27,41,27,28,27,38,41,27,38,41,27,27,41,39,41,27,27,27,27,41,27,27,41,27,27,27,27,41,27,41,41,41,41,41,29,41,41,41,39,28,41,41,41,27,27,29,27,27,41,27,41,41,27,27,41,27,41,41,33,41,41,41,41,27,41,41,41,41,27,41,41,41,27,41,41,151,41,27,41,41,41,27,27,27,27,27,41,38,28,27,27,27,27,27,41,27,41,41,27,27,27,38,27,41,27,27,39,27,27,41,41,41,41,41,41,27,41,41,27,41,27,41,41,41,41,41,41,41,27,41,41,27,27,41,41,41,41,41,27,28,27,41,27,27,27,41,38,41,27,229,33,27,27,230,27,27,27,72,27
41,27,27,41,41,41,39,41,41,41,38,41,27,32,27,41,41,41,41,41,41,30,41,27,41,27,39,41,27,41,27,41,27,41,27,27,41,27,28,29,27,41,27,27,27,41,27,41,27,27,27,41,41,27,27,27,41,27,27,27,41,41,41,41,41,41,41,41,41,27,41,27,41,41,41,41,27,41,41,40,41,41,29,27,30,41,27,27,41,29,37,41,27,41,27,41,27,41,27,41,30,27,41,41,41,41,41,41,41,41,41,39,41,27,41,41,41,41,37,41,27,41,41,28,41,27,27,27,41,41,29,27,41,41,41,27,27,41,27,27,27,27,41,27,27,27,41,27,27,27,41,27,41,27,27,41,27,41,27,27,27,41,41,27,41,27,41,41,27,41,28,41,27,41,28,27,27,41,27,27,41,41,29,27,41,27,27,27,37,27,27,27,41,41,29,27,27,41,41,27,41,41,32,27,41,40,27,41,41,41,27,27,41,41,41,41,27,29,27,41,41,41,27,27,41,27,41,27,41,41,41,27,41,41,38,41,41,27,37,27,27,27,27,27,41,30,41,41,41,32,41,41,41,41,27,27,27,41,41,38,41,41,27,41,27,39,41,28,41,41,27,41,27,27,27,41,41,41,41,27,27,27,41,27,27,41,41,41,32,27,41,41,27,41,27,27,27,27,27,27,41,41,41,27,40,41,41,41,41,41,41,41,41,41,27,27,41,41,41,36,27,31,27,41,41,27,27,41,39,41,41,27,27,27,27,30,41,27,27,41,27,27,38,41,41,27,41,41,27,41,27,27,41,27,27,39,27,32,41,41,41,41,41,41,27,27,27,27,41,27,27,85,85,41,27,229,229,27,31,41,41,27,27,38,41,40,27,27,27,41,27,27,39,27,41,27,41,27,27,41,41,27,41,41,41,27,27,41,27,41,41,27,41,41,41,41,41,41,41,41,27,27,30,27,27,27,27,32,28,41,27,27,41,229,41,27,229,32,27,27,27,41,41,27,40,41,28,27,41,41,41,27,27,27,27,41,41,27,27,27,40,27,41,29,41,41,41,41,31,27,41,27,41,41,41,41,41,41,41,40,28,39,27,27,41,41,27,27,27,27,41,27,27,27,27,41,27,27,27,27,41,41,41,41,41,41,41,41,41,27,183,41,41,205,39,27,41,29,41,29,124,27,27,38,49,120,28,27,112,41,27,41,41,41,41,27,27,27,27,27,41,41,28,41,27,41,27,40,41,27,27,27,27,40,27,27,27,41,27,27,35,41,41,41,27,27,41,41,41,41,27,27,27,41,41,41,27,27,41,41,41,27,41,41,27,38,30,27,27,27,27,27,27,41,27,41,41,38,27,41,27,41,41,28,27,27,41,41,27,41,41,27,41,41,41,41,27,27,30,27,27,27,230,27,230,27,27,230,230,230,40,27,32,41,33,27,27,41,27,27,27,41,41,27,41,27,41,27,41,41,30,41,41,41,41,27,30,27,27,27,41,41,27,27,41,27,41,41,41,41,41,27,38,27,41,210,27,41,230,229,41,27,27,41,30,27,41,27,41,230,27,230,27,27,41,27,230,27,201,27,27,229,27,27,40,27,41,27,27,229,27,41,27,41,41,41,41,27,41,41,41,27,27,41,27,38,27,27,40,27,27,230,230,52,27,27,41,230,180,163,41,27,27,41,41,41,27,41,27,27,228,36,230,230,230,230,230,27,230,230,230,27,27,230,27,230,27,27,230,29,76,38,27,27,41,41,39,27,41,41,41,27,41,27,27,27,27,27,27,41,41,41,41,27,41,41,27,27,27,27,41,27,27,41,27,27,27,41,30,41,41,27,41,41,27,38,30,27,230,39,230,230,230,230,230,27,230,41,39,27,41,41,27,27,27,32,41,41,27,27,27,30,41,27,33,27,41,41,27,30,27,27,30,41,41,41,27,27,27,27,41,27,27,41,27,27,27,27,41,27,41,41,41,41,41,27,41,41,41,28,33,41,41,41,27,27,27,27,27,41,27,41,41,27,27,39,27,41,27,41,41,41,41,41,27,41,41,41,41,27,41,41,41,27,39,41,68,41,27,41,41,41,27,27,27,27,27,41,30,27,27,27,27,27,27,41,27,41,41,27,27,27,29,27,41,27,27,29,28,41,41,41,41,41,41,39,27,27,41,27,41,27,41,41,41,41,41,41,41,27,41,41,27,27,41,27,41,41,41,27,33,27,41,27,27,27,41,41,41,27,229,27,27,27,230,27,27,27,27,74
41,27,27,41,41,39,29,41,41,41,30,41,27,41,27,41,41,41,41,41,41,38,38,27,41,27,41,41,27,41,27,41,27,41,27,27,41,27,33,39,27,41,27,27,27,41,27,41,27,27,27,40,27,27,27,27,41,27,27,27,41,41,41,41,41,41,41,41,41,27,41,27,41,41,41,41,27,41,41,40,41,41,39,27,37,41,27,27,41,27,30,41,27,41,27,41,27,41,27,41,27,27,41,41,41,41,41,41,41,41,41,28,41,27,41,41,41,41,30,41,27,41,38,33,41,27,27,27,41,41,39,27,41,41,41,27,27,41,27,29,27,27,41,27,27,41,41,27,27,27,41,27,41,28,27,41,27,41,27,27,27,41,41,27,41,27,41,41,27,41,32,41,27,41,33,27,27,41,27,27,41,41,40,27,41,27,27,27,30,27,27,27,38,39,40,27,27,41,41,27,41,41,41,27,41,28,27,41,41,41,27,27,41,41,40,27,32,27,27,41,41,41,27,27,38,27,41,27,41,27,41,27,41,41,41,27,41,27,41,27,27,30,27,27,41,38,41,41,41,41,41,41,41,41,27,28,27,41,38,29,41,41,27,41,27,28,41,33,41,41,27,41,27,27,27,41,41,41,41,27,27,29,41,27,27,38,41,41,40,27,41,41,27,41,27,27,27,27,27,27,41,41,41,27,28,41,39,41,41,41,41,41,41,41,27,27,41,41,41,36,27,34,41,41,41,27,27,41,29,41,41,27,28,27,27,27,41,27,27,41,27,27,41,41,41,27,39,41,27,41,27,27,41,27,27,28,27,41,41,41,41,41,41,41,27,27,27,27,41,27,27,41,41,41,27,229,229,27,99,41,41,27,27,29,41,41,27,27,27,41,27,27,28,27,41,41,39,27,41,41,41,27,41,41,41,27,27,41,27,39,41,27,41,41,41,40,41,41,41,41,27,27,27,27,27,27,27,40,32,41,27,28,41,229,41,27,229,40,27,27,27,41,41,27,41,38,27,29,41,41,38,27,27,27,27,41,41,27,229,27,40,27,41,27,41,41,41,41,27,27,41,27,41,41,41,41,41,41,41,41,32,41,27,27,41,41,27,32,27,27,41,27,30,27,27,38,27,27,33,27,41,41,41,41,41,41,41,41,27,27,183,41,39,229,108,27,41,27,41,27,124,27,27,30,41,57,27,27,48,41,27,41,41,41,41,27,27,27,27,27,41,27,33,41,27,41,27,41,38,27,27,27,27,41,27,27,27,41,27,27,35,41,41,41,27,27,41,41,41,41,27,27,27,41,39,41,27,27,41,41,41,27,41,41,29,30,27,27,27,27,27,27,27,41,27,39,41,41,27,41,27,41,41,32,27,27,41,41,32,41,41,27,41,41,38,41,27,27,27,27,28,27,230,27,230,27,27,230,230,212,41,27,41,41,39,27,27,41,27,27,27,41,41,27,41,27,41,27,41,41,27,41,41,41,41,27,27,27,27,27,41,41,27,27,41,27,41,41,41,41,41,27,30,27,41,59,27,41,230,229,41,27,27,39,27,27,41,27,41,230,27,230,27,27,41,230,200,27,120,27,27,229,27,27,28,27,41,27,27,229,27,41,27,41,41,41,41,27,41,41,41,27,27,41,27,41,27,27,28,27,27,218,230,41,27,27,41,230,230,183,41,27,27,40,41,41,41,41,27,27,228,106,230,230,230,230,230,27,230,230,230,27,27,205,27,230,32,27,230,27,45,29,27,27,41,41,28,27,41,41,41,27,41,27,27,27,27,27,27,39,41,41,41,27,41,41,27,27,27,27,41,27,27,41,27,27,27,41,27,41,41,27,41,41,27,30,27,27,230,28,230,230,230,230,230,27,230,41,30,27,41,41,41,27,27,41,41,41,27,27,27,38,41,27,39,27,41,41,27,27,27,27,38,41,41,41,27,27,27,27,41,27,27,41,27,27,27,27,41,27,41,41,41,41,41,27,27,41,41,27,39,41,41,41,27,27,27,27,27,41,27,41,41,27,27,29,27,41,27,41,41,41,41,41,27,41,41,41,41,27,41,41,41,27,29,41,41,41,27,41,41,41,27,27,27,27,27,41,27,27,27,28,28,27,27,41,27,41,41,27,27,27,27,28,41,27,27,27,33,41,41,41,41,41,41,29,27,27,27,27,41,27,41,41,41,41,41,41,38,27,41,41,27,27,41,27,41,41,41,27,39,27,41,27,27,27,41,41,38,29,229,27,27,27,229,27,27,27,27,183
41,27,27,41,41,39,29,41,41,41,30,41,27,41,27,41,41,41,41,41,41,38,38,27,41,27,41,41,27,41,27,41,27,41,27,27,41,27,33,39,27,41,27,27,27,41,27,41,27,27,27,40,27,27,27,27,41,27,27,27,41,41,41,41,41,41,41,41,41,27,41,27,41,41,41,41,27,41,41,40,41,41,39,27,37,41,27,27,41,27,30,41,27,41,27,41,27,41,27,41,27,27,41,41,41,41,41,41,41,41,41,28,41,27,41,41,41,41,30,41,27,41,38,33,41,27,27,27,41,41,39,27,41,41,41,27,27,41,27,29,27,27,41,27,27,41,41,27,27,27,41,27,41,28,27,41,27,41,27,27,27,41,41,27,41,27,41,41,27,41,32,41,27,41,33,27,27,41,27,27,41,41,40,27,41,27,27,27,30,27,27,27,38,39,40,27,27,41,41,27,41,41,41,27,41,28,27,41,41,41,27,27,41,41,40,27,32,27,27,41,41,41,27,27,38,27,41,27,41,27,41,27,41,41,41,27,41,27,41,27,27,30,27,27,41,38,41,41,41,41,41,41,41,41,27,28,27,41,38,29,41,41,27,41,27,28,41,33,41,41,27,41,27,27,27,41,41,41,41,27,27,29,41,27,27,38,41,41,40,27,41,41,27,41,27,27,27,27,27,27,41,41,41,27,28,41,39,41,41,41,41,41,41,41,27,27,41,41,41,36,27,34,41,41,41,27,27,41,29,41,41,27,28,27,27,27,41,27,27,41,27,27,41,41,41,27,39,41,27,41,27,27,41,27,27,28,27,41,41,41,41,41,41,41,27,27,27,27,41,27,27,41,41,41,27,229,229,27,99,41,41,27,27,29,41,41,27,27,27,41,27,27,28,27,41,41,39,27,41,41,41,27,41,41,41,27,27,41,27,39,41,27,41,41,41,40,41,41,41,41,27,27,27,27,27,27,27,40,32,41,27,28,41,229,41,27,229,40,27,27,27,41,41,27,41,38,27,29,41,41,38,27,27,27,27,41,41,27,229,27,40,27,41,27,41,41,41,41,27,27,41,27,41,41,41,41,41,41,41,41,32,41,27,27,41,41,27,32,27,27,41,27,30,27,27,38,27,27,33,27,41,41,41,41,41,41,41,41,27,27,183,41,39,229,108,27,41,27,41,27,124,27,27,30,41,57,27,27,48,41,27,41,41,41,41,27,27,27,27,27,41,27,33,41,27,41,27,41,38,27,27,27,27,41,27,27,27,41,27,27,35,41,41,41,27,27,41,41,41,41,27,27,27,41,39,41,27,27,41,41,41,27,41,41,29,30,27,27,27,27,27,27,27,41,27,39,41,41,27,41,27,41,41,32,27,27,41,41,32,41,41,27,41,41,38,41,27,27,27,27,28,27,230,27,230,27,27,230,230,212,41,27,41,41,39,27,27,41,27,27,27,41,41,27,41,27,41,27,41,41,27,41,41,41,41,27,27,27,27,27,41,41,27,27,41,27,41,41,41,41,41,27,30,27,41,59,27,41,230,229,41,27,27,39,27,27,41,27,41,230,27,230,27,27,41,230,200,27,120,27,27,229,27,27,28,27,41,27,27,229,27,41,27,41,41,41,41,27,41,41,41,27,27,41,27,41,27,27,28,27,27,218,230,41,27,27,41,230,230,183,41,27,27,40,41,41,41,41,27,27,228,106,230,230,230,230,230,27,230,230,230,27,27,205,27,230,32,27,230,27,45,29,27,27,41,41,28,27,41,41,41,27,41,27,27,27,27,27,27,39,41,41,41,27,41,41,27,27,27,27,41,27,27,41,27,27,27,41,27,41,41,27,41,41,27,30,27,27,230,28,230,230,230,230,230,27,230,41,30,27,41,41,41,27,27,41,41,41,27,27,27,38,41,27,39,27,41,41,27,27,27,27,38,41,41,41,27,27,27,27,41,27,27,41,27,27,27,27,41,27,41,41,41,41,41,27,27,41,41,27,39,41,41,41,27,27,27,27,27,41,27,41,41,27,27,29,27,41,27,41,41,41,41,41,27,41,41,41,41,27,41,41,41,27,29,41,41,41,27,41,41,41,27,27,27,27,27,41,27,27,27,28,28,27,27,41,27,41,41,27,27,27,27,28,41,27,27,27,33,41,41,41,41,41,41,29,27,27,27,27,41,27,41,41,41,41,41,41,38,27,41,41,27,27,41,27,41,41,41,27,39,27,41,27,27,27,41,41,38,29,229,27,27,27,229,27,27,27,27,183
41,27,27,41,41,28,27,41,41,41,27,41,27,41,27,41,41,41,41,41,41,41,30,27,41,27,41,38,27,41,27,38,28,41,27,27,41,27,39,41,27,41,27,30,27,41,27,41,27,27,27,28,27,27,27,27,41,27,31,27,41,41,41,41,41,41,41,41,41,27,41,27,41,41,41,38,27,41,41,40,41,41,41,27,41,41,27,27,41,27,27,41,27,41,27,41,39,29,27,41,27,27,41,41,41,39,39,41,41,27,41,27,41,27,41,41,41,41,27,37,27,41,31,39,41,27,27,27,41,41,41,29,41,41,41,27,27,41,27,39,27,27,41,27,27,41,41,27,27,27,41,27,41,40,27,41,27,41,27,27,27,41,41,27,41,27,27,41,27,41,40,41,28,41,39,27,27,41,32,27,39,41,41,27,41,27,27,27,27,27,27,27,30,29,41,27,27,41,41,27,41,41,41,27,40,27,27,41,41,41,27,27,41,41,28,27,33,27,27,41,41,41,27,27,30,27,41,28,41,27,41,28,41,41,41,27,41,27,41,27,27,39,27,31,41,41,41,41,41,41,41,41,41,41,27,40,27,41,29,27,41,41,27,41,27,27,41,39,41,41,27,41,27,27,27,41,41,41,41,27,27,38,37,29,27,30,41,39,41,27,27,41,27,41,27,27,27,27,30,27,41,41,41,27,27,41,29,41,41,41,41,41,39,41,27,28,41,41,41,36,27,39,41,41,41,27,27,41,27,41,41,27,40,28,27,27,41,27,27,41,27,27,41,41,41,27,28,41,27,41,27,27,37,27,27,27,27,41,41,41,41,41,41,41,27,27,28,27,41,27,27,41,41,41,27,229,229,27,222,41,41,27,27,27,40,41,27,27,27,41,27,27,27,27,41,41,29,27,41,41,41,27,41,41,41,27,27,41,27,28,41,27,41,41,41,28,38,41,41,41,27,27,27,27,27,27,29,41,40,41,27,33,41,229,41,27,199,41,27,27,27,27,41,27,41,31,27,40,38,41,29,27,27,27,27,41,39,27,229,27,40,27,41,27,41,41,41,41,27,27,41,27,41,41,41,41,38,41,41,41,40,41,27,27,41,27,27,41,27,27,41,27,38,27,27,31,27,27,40,27,39,41,41,41,39,39,41,41,27,27,174,41,28,229,205,27,41,27,41,27,127,27,27,27,41,41,27,27,41,41,27,41,41,41,41,41,27,27,27,27,41,27,39,41,27,41,27,41,30,27,27,27,27,41,27,27,27,41,27,27,35,41,41,41,27,27,41,41,41,41,27,27,27,41,28,41,27,27,41,41,41,27,41,41,39,27,27,27,27,27,27,27,28,41,27,28,41,41,27,41,28,39,41,39,27,27,41,41,41,41,39,38,41,41,30,38,27,27,27,27,33,27,230,27,230,27,27,230,230,115,41,27,41,41,41,27,27,41,27,27,27,41,41,27,41,27,38,27,41,41,27,41,41,41,41,27,27,27,27,27,41,41,27,27,41,27,41,41,41,41,41,27,27,27,41,41,33,41,211,41,41,27,27,29,27,43,41,27,41,230,27,211,27,27,229,230,121,27,56,27,27,198,27,27,27,27,41,27,27,229,27,41,27,41,41,41,41,32,41,41,39,27,27,41,27,41,27,27,27,27,27,112,230,41,27,32,41,200,230,183,41,27,27,28,41,41,41,41,27,27,228,212,230,230,230,230,230,27,230,230,230,27,27,117,27,230,101,27,230,27,41,27,27,27,41,41,27,27,41,27,41,27,41,27,27,27,27,27,27,28,41,41,41,28,41,41,27,27,27,27,41,27,27,41,27,28,27,41,27,41,41,42,41,38,27,27,27,27,230,27,230,230,230,230,230,27,230,41,27,27,41,41,41,27,27,41,41,41,27,27,27,41,41,27,41,27,41,41,27,27,27,27,41,40,41,41,27,27,27,27,41,27,27,41,27,27,28,27,41,27,41,38,41,41,41,27,27,41,41,27,41,41,41,41,29,27,27,27,27,41,27,41,41,27,27,27,27,41,27,41,41,41,41,41,27,27,41,27,41,27,41,41,41,27,27,41,41,41,27,41,41,41,28,27,28,27,27,41,27,27,27,32,40,27,27,41,27,41,41,27,27,27,27,33,41,27,27,27,39,41,41,41,41,41,41,27,27,27,27,27,41,27,41,41,41,41,41,41,30,27,41,41,28,27,41,27,38,41,41,27,41,28,41,27,27,27,41,41,30,85,217,27,27,27,229,41,27,27,27,230
41,27,27,41,41,28,27,41,41,41,27,41,27,41,27,41,41,41,41,41,41,41,30,27,41,27,41,38,27,41,27,38,28,41,27,27,41,27,39,41,27,41,27,30,27,41,27,41,27,27,27,28,27,27,27,27,41,27,31,27,41,41,41,41,41,41,41,41,41,27,41,27,41,41,41,38,27,41,41,40,41,41,41,27,41,41,27,27,41,27,27,41,27,41,27,41,39,29,27,41,27,27,41,41,41,39,39,41,41,27,41,27,41,27,41,41,41,41,27,37,27,41,31,39,41,27,27,27,41,41,41,29,41,41,41,27,27,41,27,39,27,27,41,27,27,41,41,27,27,27,41,27,41,40,27,41,27,41,27,27,27,41,41,27,41,27,27,41,27,41,40,41,28,41,39,27,27,41,32,27,39,41,41,27,41,27,27,27,27,27,27,27,30,29,41,27,27,41,41,27,41,41,41,27,40,27,27,41,41,41,27,27,41,41,28,27,33,27,27,41,41,41,27,27,30,27,41,28,41,27,41,28,41,41,41,27,41,27,41,27,27,39,27,31,41,41,41,41,41,41,41,41,41,41,27,40,27,41,29,27,41,41,27,41,27,27,41,39,41,41,27,41,27,27,27,41,41,41,41,27,27,38,37,29,27,30,41,39,41,27,27,41,27,41,27,27,27,27,30,27,41,41,41,27,27,41,29,41,41,41,41,41,39,41,27,28,41,41,41,36,27,39,41,41,41,27,27,41,27,41,41,27,40,28,27,27,41,27,27,41,27,27,41,41,41,27,28,41,27,41,27,27,37,27,27,27,27,41,41,41,41,41,41,41,27,27,28,27,41,27,27,41,41,41,27,229,229,27,222,41,41,27,27,27,40,41,27,27,27,41,27,27,27,27,41,41,29,27,41,41,41,27,41,41,41,27,27,41,27,28,41,27,41,41,41,28,38,41,41,41,27,27,27,27,27,27,29,41,40,41,27,33,41,229,41,27,199,41,27,27,27,27,41,27,41,31,27,40,38,41,29,27,27,27,27,41,39,27,229,27,40,27,41,27,41,41,41,41,27,27,41,27,41,41,41,41,38,41,41,41,40,41,27,27,41,27,27,41,27,27,41,27,38,27,27,31,27,27,40,27,39,41,41,41,39,39,41,41,27,27,174,41,28,229,205,27,41,27,41,27,127,27,27,27,41,41,27,27,41,41,27,41,41,41,41,41,27,27,27,27,41,27,39,41,27,41,27,41,30,27,27,27,27,41,27,27,27,41,27,27,35,41,41,41,27,27,41,41,41,41,27,27,27,41,28,41,27,27,41,41,41,27,41,41,39,27,27,27,27,27,27,27,28,41,27,28,41,41,27,41,28,39,41,39,27,27,41,41,41,41,39,38,41,41,30,38,27,27,27,27,33,27,230,27,230,27,27,230,230,115,41,27,41,41,41,27,27,41,27,27,27,41,41,27,41,27,38,27,41,41,27,41,41,41,41,27,27,27,27,27,41,41,27,27,41,27,41,41,41,41,41,27,27,27,41,41,33,41,211,41,41,27,27,29,27,43,41,27,41,230,27,211,27,27,229,230,121,27,56,27,27,198,27,27,27,27,41,27,27,229,27,41,27,41,41,41,41,32,41,41,39,27,27,41,27,41,27,27,27,27,27,112,230,41,27,32,41,200,230,183,41,27,27,28,41,41,41,41,27,27,228,212,230,230,230,230,230,27,230,230,230,27,27,117,27,230,101,27,230,27,41,27,27,27,41,41,27,27,41,27,41,27,41,27,27,27,27,27,27,28,41,41,41,28,41,41,27,27,27,27,41,27,27,41,27,28,27,41,27,41,41,42,41,38,27,27,27,27,230,27,230,230,230,230,230,27,230,41,27,27,41,41,41,27,27,41,41,41,27,27,27,41,41,27,41,27,41,41,27,27,27,27,41,40,41,41,27,27,27,27,41,27,27,41,27,27,28,27,41,27,41,38,41,41,41,27,27,41,41,27,41,41,41,41,29,27,27,27,27,41,27,41,41,27,27,27,27,41,27,41,41,41,41,41,27,27,41,27,41,27,41,41,41,27,27,41,41,41,27,41,41,41,28,27,28,27,27,41,27,27,27,32,40,27,27,41,27,41,41,27,27,27,27,33,41,27,27,27,39,41,41,41,41,41,41,27,27,27,27,27,41,27,41,41,41,41,41,41,30,27,41,41,28,27,41,27,38,41,41,27,41,28,41,27,27,27,41,41,30,85,217,27,27,27,229,41,27,27,27,230
41,27,27,41,41,27,27,41,41,39,27,41,27,41,32,40,41,41,27,41,41,41,27,27,41,27,41,31,27,41,27,30,33,41,27,27,39,27,41,41,32,41,27,37,27,41,28,41,27,27,27,27,27,27,27,30,41,27,38,28,41,41,41,39,41,41,41,38,41,27,41,27,41,41,41,30,27,41,41,41,41,41,41,27,41,41,27,27,41,27,27,41,27,41,27,41,41,27,27,41,27,27,41,41,41,28,28,41,41,27,41,27,41,27,41,41,41,41,27,30,27,41,27,41,41,27,27,27,41,41,41,39,41,41,41,29,27,41,27,41,27,27,41,27,27,41,41,28,27,27,41,32,41,41,27,41,27,41,27,27,27,41,41,27,41,27,27,41,27,41,41,41,32,41,41,27,32,41,41,27,29,41,41,27,41,27,27,27,27,27,27,27,27,27,41,27,27,41,41,27,41,41,41,27,28,27,27,39,41,41,27,29,40,41,27,27,39,27,27,41,40,41,27,30,27,27,39,32,41,27,41,33,38,41,41,27,41,27,41,27,27,41,29,38,41,41,41,41,41,41,41,41,37,41,27,41,33,41,27,27,41,41,28,41,27,27,41,41,41,41,27,41,28,27,27,41,41,41,41,27,27,41,30,40,27,27,41,28,41,27,27,41,27,41,27,27,27,27,38,27,39,41,41,27,27,41,27,41,41,41,41,41,29,41,27,32,41,41,41,37,27,41,41,41,41,27,27,41,27,41,41,27,41,40,27,27,41,29,27,41,27,27,41,41,41,27,27,41,27,41,27,27,30,27,27,27,27,41,41,41,41,41,39,39,27,27,32,27,38,27,27,41,41,41,27,229,221,27,229,41,41,27,27,27,28,41,27,27,27,41,27,29,27,27,41,41,27,27,41,41,41,27,41,41,41,27,27,41,27,27,41,27,41,41,41,27,31,38,41,41,27,29,27,27,27,27,39,41,41,41,28,39,38,229,41,27,120,41,27,27,27,27,41,27,41,27,27,41,31,41,27,27,27,28,27,39,29,27,229,229,50,27,41,27,41,41,41,41,27,27,41,27,40,39,41,41,30,41,41,41,41,41,27,28,41,27,27,41,27,27,41,27,41,27,27,27,30,27,41,28,28,41,41,27,28,28,41,41,27,27,50,37,27,229,229,27,41,27,41,27,136,27,27,27,41,41,27,27,41,27,27,41,41,41,41,41,27,27,27,27,41,27,41,41,27,39,27,41,27,27,28,27,27,41,27,27,27,41,27,27,35,41,41,41,27,27,41,41,41,41,27,27,27,41,27,41,27,27,41,41,41,27,41,41,41,27,27,27,29,27,27,30,34,41,27,27,41,41,27,41,32,29,41,41,27,27,41,41,41,41,29,107,41,41,27,30,27,27,27,27,39,27,230,27,230,27,27,230,230,50,41,27,41,41,41,27,27,41,27,27,27,41,41,27,41,27,31,27,41,41,27,41,41,27,41,27,27,30,27,27,41,41,27,27,39,27,41,41,41,41,41,27,27,27,41,41,103,41,59,41,27,27,27,27,27,111,41,27,41,230,27,115,27,27,229,230,57,27,41,27,27,120,27,27,27,27,229,27,27,229,27,41,27,41,41,41,41,41,41,41,29,27,27,38,27,41,27,27,27,27,27,47,230,41,27,41,41,121,230,183,41,27,27,27,41,41,41,41,27,27,228,230,230,230,230,230,230,27,230,230,230,27,27,54,27,230,220,27,230,27,41,27,27,27,41,41,27,27,41,27,27,27,38,27,27,27,27,27,27,27,41,39,41,33,41,41,27,27,27,27,38,27,27,41,27,32,27,39,27,41,41,110,41,30,27,27,27,27,230,27,226,230,230,230,230,27,230,39,27,60,41,41,41,28,27,41,41,41,41,27,27,41,41,27,41,27,41,41,27,27,27,27,41,28,41,41,27,27,27,27,41,28,27,41,27,27,32,27,41,27,41,30,41,41,41,27,27,41,41,27,41,41,39,41,40,27,27,27,31,41,27,41,41,28,27,27,27,41,27,41,41,41,41,41,27,27,41,27,41,27,41,41,41,27,27,41,41,41,27,41,41,41,33,27,33,27,27,41,27,27,27,40,41,27,27,38,27,27,41,27,27,27,27,39,41,27,27,27,41,41,41,41,41,41,41,27,27,27,27,28,41,27,41,41,41,41,41,41,27,28,41,41,32,27,41,27,30,41,41,27,41,33,40,27,27,27,41,41,27,87,33,27,27,27,229,109,27,27,27,230
41,27,27,41,41,27,27,41,41,28,27,41,27,41,41,28,41,41,27,27,41,41,27,27,41,27,41,27,28,41,27,27,39,41,27,27,29,27,41,41,41,41,27,41,27,41,32,41,27,27,27,27,27,41,27,37,41,27,41,33,41,41,41,29,41,41,41,30,41,27,41,27,41,41,41,27,28,41,41,41,41,41,41,27,41,41,29,27,41,27,27,41,27,41,27,41,41,27,27,41,27,27,41,27,41,27,27,41,41,27,41,27,41,27,41,41,41,41,27,27,27,41,27,41,39,30,27,41,41,41,41,41,41,41,41,39,27,41,27,41,27,27,41,27,27,41,41,33,27,27,41,41,41,41,27,41,27,41,27,27,27,41,41,27,41,27,27,41,27,41,41,41,40,41,41,27,41,41,41,27,27,41,41,27,41,27,27,27,27,27,27,27,27,27,41,27,27,41,41,27,41,41,41,27,27,27,27,28,41,41,28,39,28,41,27,27,41,27,27,41,29,41,27,38,27,27,29,40,41,27,41,38,30,41,41,27,41,27,41,41,27,41,38,41,41,41,41,41,41,41,41,41,30,41,27,41,40,27,27,27,41,41,32,41,27,27,41,41,27,41,27,41,32,27,27,41,41,41,41,32,27,41,27,41,27,27,41,27,41,27,27,41,27,41,27,41,27,27,41,28,28,41,41,27,27,41,27,41,41,41,41,41,27,41,27,40,41,37,41,40,27,41,41,41,41,32,27,41,27,39,41,27,41,41,29,27,27,40,30,41,27,27,41,41,41,28,27,38,27,41,27,27,27,27,28,27,29,41,41,41,41,41,29,28,27,27,40,28,29,27,27,41,41,41,27,229,49,31,229,41,41,27,27,27,27,41,27,27,31,41,27,40,27,27,41,41,27,27,41,41,41,27,41,41,41,27,27,41,28,27,41,27,41,41,41,27,27,31,38,41,27,39,27,27,32,27,41,41,41,41,33,41,30,229,41,27,57,41,28,28,29,27,41,27,41,27,27,41,27,41,27,27,27,33,27,28,27,27,229,229,50,27,41,27,41,41,41,41,27,27,41,27,28,28,41,27,27,41,41,41,41,41,27,40,41,27,27,41,27,27,41,27,41,27,27,27,37,27,41,40,27,41,41,27,27,27,41,41,27,27,41,30,27,229,229,27,41,27,41,27,139,27,27,27,41,41,27,27,41,27,27,38,41,41,41,41,27,27,27,27,41,27,41,41,27,30,27,41,27,29,32,27,27,41,27,27,27,41,27,27,35,41,41,41,27,27,41,41,41,41,27,27,27,41,27,41,27,27,41,38,41,27,41,37,41,27,27,27,39,27,27,37,41,41,27,27,41,41,27,41,39,27,39,41,27,27,41,41,41,41,27,210,41,41,27,27,27,27,27,27,41,76,220,27,106,230,27,230,106,41,41,27,41,41,41,27,27,41,27,27,27,41,41,27,41,30,27,27,41,41,27,41,38,27,41,27,27,38,30,27,41,41,27,28,29,27,41,41,27,41,41,27,27,27,41,41,216,41,41,41,27,27,27,27,27,197,41,27,41,106,27,51,27,27,229,230,41,28,41,31,28,57,27,27,27,28,229,27,27,217,27,41,27,41,41,41,41,41,41,41,27,32,27,30,27,41,27,27,27,27,27,41,218,41,27,41,41,57,200,183,41,28,28,27,41,41,41,41,27,27,228,230,230,224,230,230,230,27,230,230,230,27,27,41,44,230,230,27,230,27,41,27,27,27,41,41,27,27,41,27,27,27,29,27,27,28,27,27,28,27,41,28,41,39,41,41,27,27,27,27,30,27,27,41,27,40,27,30,27,41,27,201,41,27,27,27,27,27,230,27,108,226,230,230,106,27,212,30,27,180,27,27,41,33,27,41,41,41,41,27,27,41,41,27,41,27,41,41,27,27,27,27,41,27,41,41,27,28,27,27,41,33,27,41,27,27,40,32,41,27,41,27,41,41,41,27,27,41,39,27,41,41,28,41,41,30,27,27,38,41,27,41,41,33,27,27,27,41,27,41,41,41,41,41,27,27,41,27,40,27,41,38,41,37,27,41,41,41,27,41,41,41,39,27,39,27,27,27,27,27,27,41,41,27,27,30,27,27,41,27,27,27,27,41,41,32,27,27,41,41,41,38,41,41,41,27,27,27,27,40,41,27,41,41,41,41,41,41,27,33,41,41,40,27,41,27,27,41,41,27,41,39,28,27,27,27,41,41,27,87,27,27,27,230,229,202,27,27,27,230
41,27,27,41,41,27,27,41,41,28,27,41,27,41,41,28,41,41,27,27,41,41,27,27,41,27,41,27,28,41,27,27,39,41,27,27,29,27,41,41,41,41,27,41,27,41,32,41,27,27,27,27,27,41,27,37,41,27,41,33,41,41,41,29,41,41,41,30,41,27,41,27,41,41,41,27,28,41,41,41,41,41,41,27,41,41,29,27,41,27,27,41,27,41,27,41,41,27,27,41,27,27,41,27,41,27,27,41,41,27,41,27,41,27,41,41,41,41,27,27,27,41,27,41,39,30,27,41,41,41,41,41,41,41,41,39,27,41,27,41,27,27,41,27,27,41,41,33,27,27,41,41,41,41,27,41,27,41,27,27,27,41,41,27,41,27,27,41,27,41,41,41,40,41,41,27,41,41,41,27,27,41,41,27,41,27,27,27,27,27,27,27,27,27,41,27,27,41,41,27,41,41,41,27,27,27,27,28,41,41,28,39,28,41,27,27,41,27,27,41,29,41,27,38,27,27,29,40,41,27,41,38,30,41,41,27,41,27,41,41,27,41,38,41,41,41,41,41,41,41,41,41,30,41,27,41,40,27,27,27,41,41,32,41,27,27,41,41,27,41,27,41,32,27,27,41,41,41,41,32,27,41,27,41,27,27,41,27,41,27,27,41,27,41,27,41,27,27,41,28,28,41,41,27,27,41,27,41,41,41,41,41,27,41,27,40,41,37,41,40,27,41,41,41,41,32,27,41,27,39,41,27,41,41,29,27,27,40,30,41,27,27,41,41,41,28,27,38,27,41,27,27,27,27,28,27,29,41,41,41,41,41,29,28,27,27,40,28,29,27,27,41,41,41,27,229,49,31,229,41,41,27,27,27,27,41,27,27,31,41,27,40,27,27,41,41,27,27,41,41,41,27,41,41,41,27,27,41,28,27,41,27,41,41,41,27,27,31,38,41,27,39,27,27,32,27,41,41,41,41,33,41,30,229,41,27,57,41,28,28,29,27,41,27,41,27,27,41,27,41,27,27,27,33,27,28,27,27,229,229,50,27,41,27,41,41,41,41,27,27,41,27,28,28,41,27,27,41,41,41,41,41,27,40,41,27,27,41,27,27,41,27,41,27,27,27,37,27,41,40,27,41,41,27,27,27,41,41,27,27,41,30,27,229,229,27,41,27,41,27,139,27,27,27,41,41,27,27,41,27,27,38,41,41,41,41,27,27,27,27,41,27,41,41,27,30,27,41,27,29,32,27,27,41,27,27,27,41,27,27,35,41,41,41,27,27,41,41,41,41,27,27,27,41,27,41,27,27,41,38,41,27,41,37,41,27,27,27,39,27,27,37,41,41,27,27,41,41,27,41,39,27,39,41,27,27,41,41,41,41,27,210,41,41,27,27,27,27,27,27,41,76,220,27,106,230,27,230,106,41,41,27,41,41,41,27,27,41,27,27,27,41,41,27,41,30,27,27,41,41,27,41,38,27,41,27,27,38,30,27,41,41,27,28,29,27,41,41,27,41,41,27,27,27,41,41,216,41,41,41,27,27,27,27,27,197,41,27,41,106,27,51,27,27,229,230,41,28,41,31,28,57,27,27,27,28,229,27,27,217,27,41,27,41,41,41,41,41,41,41,27,32,27,30,27,41,27,27,27,27,27,41,218,41,27,41,41,57,200,183,41,28,28,27,41,41,41,41,27,27,228,230,230,224,230,230,230,27,230,230,230,27,27,41,44,230,230,27,230,27,41,27,27,27,41,41,27,27,41,27,27,27,29,27,27,28,27,27,28,27,41,28,41,39,41,41,27,27,27,27,30,27,27,41,27,40,27,30,27,41,27,201,41,27,27,27,27,27,230,27,108,226,230,230,106,27,212,30,27,180,27,27,41,33,27,41,41,41,41,27,27,41,41,27,41,27,41,41,27,27,27,27,41,27,41,41,27,28,27,27,41,33,27,41,27,27,40,32,41,27,41,27,41,41,41,27,27,41,39,27,41,41,28,41,41,30,27,27,38,41,27,41,41,33,27,27,27,41,27,41,41,41,41,41,27,27,41,27,40,27,41,38,41,37,27,41,41,41,27,41,41,41,39,27,39,27,27,27,27,27,27,41,41,27,27,30,27,27,41,27,27,27,27,41,41,32,27,27,41,41,41,38,41,41,41,27,27,27,27,40,41,27,41,41,41,41,41,41,27,33,41,41,40,27,41,27,27,41,41,27,41,39,28,27,27,27,41,41,27,87,27,27,27,230,229,202,27,27,27,230
41,27,28,41,41,27,27,41,41,27,27,41,27,41,41,27,40,41,27,27,41,41,27,27,41,27,41,27,32,41,27,27,41,41,27,27,27,27,41,41,41,41,27,41,27,41,40,41,27,27,27,27,27,41,27,41,41,27,41,39,41,41,40,27,41,41,41,27,41,28,41,27,41,41,41,27,32,41,41,41,41,41,41,27,41,41,39,28,41,27,27,37,27,41,27,41,41,27,27,41,27,27,41,27,41,27,27,41,41,27,41,27,41,27,41,41,41,41,27,27,27,41,27,41,28,38,27,41,41,41,41,41,41,41,41,41,27,41,41,41,27,27,41,28,27,41,41,40,27,27,41,41,41,41,27,40,27,41,27,27,27,41,41,27,41,27,27,41,27,41,41,41,41,41,41,27,41,41,41,27,27,41,41,28,41,27,27,27,27,27,27,27,27,27,41,27,27,41,41,27,41,41,41,27,27,27,27,27,41,41,32,41,27,41,27,27,41,27,27,41,27,41,27,41,27,27,27,41,41,27,41,41,27,41,41,27,41,27,41,41,27,41,41,41,41,41,41,41,27,41,41,41,27,41,27,41,41,27,27,27,41,41,39,41,27,27,41,41,27,41,27,41,40,27,27,41,41,41,41,41,27,41,27,41,39,27,41,27,41,27,27,41,27,41,27,41,27,27,41,33,27,41,41,27,27,41,27,41,41,37,27,41,27,41,28,41,41,30,37,41,27,41,41,41,27,41,27,41,27,28,41,27,41,41,39,27,27,41,38,41,28,27,41,41,41,32,27,30,27,41,27,27,27,32,32,27,39,41,38,41,41,41,27,27,27,27,41,33,27,29,27,41,41,41,27,229,41,99,229,41,41,27,27,27,27,41,27,27,38,41,30,41,27,27,41,41,27,27,41,41,41,27,41,41,39,28,28,41,33,27,41,27,41,40,41,27,27,27,30,41,27,41,27,27,41,27,41,41,41,41,39,41,27,229,41,27,41,41,32,33,39,27,41,27,41,27,27,41,27,41,27,27,41,39,27,27,27,32,229,229,50,27,41,27,41,41,41,41,27,27,41,32,27,27,41,27,27,41,41,41,41,41,27,41,41,27,41,41,27,28,41,27,41,27,28,27,41,28,41,41,27,41,41,27,27,27,41,41,27,27,41,27,27,195,229,37,41,27,41,27,139,27,27,27,39,41,27,27,41,27,30,30,41,41,41,41,27,27,32,27,41,27,41,41,41,27,27,41,27,40,40,27,27,41,27,27,27,41,27,30,35,41,41,41,27,27,41,41,41,41,28,28,27,41,27,41,27,28,41,30,41,27,41,30,41,27,27,27,41,27,27,41,41,41,27,27,41,41,27,27,41,27,28,41,27,27,41,27,41,41,27,230,41,41,27,27,27,27,27,27,41,180,111,27,41,230,27,225,41,41,41,27,41,41,41,27,27,41,27,27,27,27,41,27,41,38,27,41,41,41,27,38,30,27,41,27,27,41,38,27,41,41,27,33,27,27,41,41,27,41,27,27,27,27,41,41,229,41,41,41,27,27,27,27,27,229,27,27,27,41,27,41,58,27,229,230,41,33,41,33,39,41,27,27,27,32,229,27,27,112,27,39,27,41,41,41,40,41,41,41,27,41,30,27,41,41,27,27,27,27,27,41,112,39,27,41,41,41,121,171,41,34,41,27,41,41,41,41,27,27,228,230,230,27,230,230,224,27,230,230,136,36,36,41,112,221,230,32,230,27,39,27,28,27,41,41,27,28,41,27,27,27,27,32,27,32,28,27,33,27,41,27,41,41,41,41,27,27,27,27,27,27,32,41,27,41,27,27,27,41,27,229,41,27,27,27,27,27,230,27,43,108,106,230,41,28,115,27,27,213,27,27,41,38,27,41,41,27,41,27,32,41,38,27,41,27,41,41,30,27,27,27,41,27,41,41,27,32,27,27,41,39,27,41,27,27,41,41,27,27,41,27,41,38,41,27,27,41,28,27,41,41,27,38,41,39,27,27,41,41,27,41,41,40,27,27,27,41,27,41,41,41,41,38,27,27,41,27,28,27,41,30,41,106,27,41,41,41,27,41,41,41,41,27,41,27,27,27,27,27,27,41,41,27,41,27,28,27,41,27,27,27,27,41,41,41,27,27,41,41,41,30,41,38,41,27,27,27,27,41,41,27,41,41,41,41,41,41,27,39,41,41,41,27,41,27,27,41,39,27,41,41,27,27,27,27,27,41,27,87,27,27,27,230,229,229,27,27,27,230
41,28,33,41,41,27,27,41,41,27,27,41,27,41,41,27,28,41,27,27,41,41,27,27,41,30,41,27,40,41,27,27,41,41,27,27,27,27,41,41,41,41,27,41,27,41,41,41,29,27,27,27,27,41,28,41,41,27,41,41,41,40,29,27,41,41,41,27,41,32,41,28,41,41,41,27,40,41,41,41,41,41,41,27,41,27,41,33,41,27,27,30,27,41,27,39,41,27,27,39,27,27,41,27,41,27,27,41,41,27,41,27,41,27,41,41,41,41,27,27,27,27,27,41,27,41,27,41,27,41,41,41,41,41,41,41,27,27,41,41,27,27,41,33,27,41,41,41,27,27,38,41,41,41,27,28,27,41,27,27,27,41,41,27,41,27,27,41,27,41,41,41,41,41,41,27,41,41,41,27,27,41,41,32,41,27,27,27,27,27,27,27,27,27,41,27,28,41,41,27,41,38,41,27,27,27,27,27,41,41,40,41,27,41,27,27,41,27,28,41,27,41,27,41,27,27,27,41,27,27,41,41,27,38,41,27,40,27,41,41,27,41,41,41,37,41,41,41,27,41,41,41,27,41,32,41,41,27,27,27,41,41,41,41,27,27,41,41,27,41,32,41,41,28,27,41,41,41,41,41,27,41,27,41,41,27,41,27,41,27,27,41,27,39,27,41,27,27,41,39,27,41,41,27,27,41,27,41,41,30,27,41,27,41,32,41,37,27,30,41,27,41,41,41,27,41,30,41,27,27,41,27,41,41,41,27,27,41,41,41,32,27,41,41,41,39,27,27,27,41,27,27,27,41,40,27,41,41,31,41,41,27,27,27,28,27,41,39,27,42,27,41,41,41,27,210,41,222,220,41,41,27,27,27,27,41,27,31,41,27,38,41,27,27,41,41,27,27,41,41,41,27,41,41,29,32,32,27,39,27,41,33,41,29,41,27,27,27,27,41,27,41,27,28,41,27,41,41,41,41,41,41,27,229,27,27,41,41,40,39,41,27,41,29,41,27,27,41,27,46,27,27,41,41,47,27,27,41,229,229,50,27,41,27,41,41,41,41,27,27,41,41,27,27,41,27,27,41,41,41,41,41,27,41,41,27,41,41,27,33,41,27,41,27,33,27,41,33,41,41,27,41,41,27,27,27,41,41,27,27,41,27,27,75,229,105,41,27,41,27,139,27,28,27,29,38,27,27,39,27,38,27,41,41,41,41,27,27,41,27,41,27,41,41,41,27,32,41,27,41,41,28,27,41,27,27,27,40,27,37,35,41,41,41,27,27,41,41,41,41,33,33,27,41,27,41,27,32,41,27,41,27,37,27,41,27,27,27,41,27,27,41,41,41,28,27,41,41,27,27,41,27,27,41,27,27,41,27,41,41,27,230,41,38,27,27,43,27,27,27,41,230,46,27,41,230,32,108,41,41,41,27,41,41,41,27,41,41,27,27,27,27,41,28,41,41,27,41,41,41,27,30,27,27,41,28,27,41,41,27,41,41,27,40,27,27,41,41,27,41,27,27,27,27,41,40,229,41,41,41,27,27,27,27,27,229,27,27,27,41,27,41,199,27,229,230,41,39,41,40,41,41,28,27,27,39,229,27,27,47,27,29,27,41,41,41,28,41,41,41,27,41,38,27,41,41,28,27,27,32,27,41,47,29,230,41,41,41,57,96,41,41,41,27,41,41,41,41,27,27,228,230,230,27,230,211,27,27,230,230,87,104,104,41,198,110,230,101,230,27,29,27,32,27,41,40,27,32,41,27,27,29,27,41,27,40,32,27,39,27,41,27,41,41,41,41,27,27,27,27,27,28,41,41,27,41,27,27,27,41,27,229,41,27,27,27,27,44,230,27,41,43,41,106,41,32,50,27,27,213,27,27,41,41,27,41,41,27,41,27,41,41,30,27,41,28,41,41,38,27,27,27,41,27,41,41,28,40,28,32,38,41,27,41,27,27,41,41,27,27,41,27,38,30,41,27,27,41,27,27,41,39,27,30,41,41,27,27,41,41,27,41,41,41,28,27,28,41,27,41,41,41,41,31,27,27,27,27,27,27,41,27,41,208,27,41,41,41,27,41,41,41,41,27,41,27,27,27,27,27,29,41,41,27,41,27,33,27,41,28,27,28,27,41,41,41,27,27,41,41,41,27,41,30,41,27,27,27,27,41,40,27,41,41,41,41,41,41,27,41,41,41,41,28,41,27,27,41,28,28,41,41,27,27,27,27,27,41,27,87,27,27,27,230,228,229,27,27,27,230
41,28,33,41,41,27,27,41,41,27,27,41,27,41,41,27,28,41,27,27,41,41,27,27,41,30,41,27,40,41,27,27,41,41,27,27,27,27,41,41,41,41,27,41,27,41,41,41,29,27,27,27,27,41,28,41,41,27,41,41,41,40,29,27,41,41,41,27,41,32,41,28,41,41,41,27,40,41,41,41,41,41,41,27,41,27,41,33,41,27,27,30,27,41,27,39,41,27,27,39,27,27,41,27,41,27,27,41,41,27,41,27,41,27,41,41,41,41,27,27,27,27,27,41,27,41,27,41,27,41,41,41,41,41,41,41,27,27,41,41,27,27,41,33,27,41,41,41,27,27,38,41,41,41,27,28,27,41,27,27,27,41,41,27,41,27,27,41,27,41,41,41,41,41,41,27,41,41,41,27,27,41,41,32,41,27,27,27,27,27,27,27,27,27,41,27,28,41,41,27,41,38,41,27,27,27,27,27,41,41,40,41,27,41,27,27,41,27,28,41,27,41,27,41,27,27,27,41,27,27,41,41,27,38,41,27,40,27,41,41,27,41,41,41,37,41,41,41,27,41,41,41,27,41,32,41,41,27,27,27,41,41,41,41,27,27,41,41,27,41,32,41,41,28,27,41,41,41,41,41,27,41,27,41,41,27,41,27,41,27,27,41,27,39,27,41,27,27,41,39,27,41,41,27,27,41,27,41,41,30,27,41,27,41,32,41,37,27,30,41,27,41,41,41,27,41,30,41,27,27,41,27,41,41,41,27,27,41,41,41,32,27,41,41,41,39,27,27,27,41,27,27,27,41,40,27,41,41,31,41,41,27,27,27,28,27,41,39,27,42,27,41,41,41,27,210,41,222,220,41,41,27,27,27,27,41,27,31,41,27,38,41,27,27,41,41,27,27,41,41,41,27,41,41,29,32,32,27,39,27,41,33,41,29,41,27,27,27,27,41,27,41,27,28,41,27,41,41,41,41,41,41,27,229,27,27,41,41,40,39,41,27,41,29,41,27,27,41,27,46,27,27,41,41,47,27,27,41,229,229,50,27,41,27,41,41,41,41,27,27,41,41,27,27,41,27,27,41,41,41,41,41,27,41,41,27,41,41,27,33,41,27,41,27,33,27,41,33,41,41,27,41,41,27,27,27,41,41,27,27,41,27,27,75,229,105,41,27,41,27,139,27,28,27,29,38,27,27,39,27,38,27,41,41,41,41,27,27,41,27,41,27,41,41,41,27,32,41,27,41,41,28,27,41,27,27,27,40,27,37,35,41,41,41,27,27,41,41,41,41,33,33,27,41,27,41,27,32,41,27,41,27,37,27,41,27,27,27,41,27,27,41,41,41,28,27,41,41,27,27,41,27,27,41,27,27,41,27,41,41,27,230,41,38,27,27,43,27,27,27,41,230,46,27,41,230,32,108,41,41,41,27,41,41,41,27,41,41,27,27,27,27,41,28,41,41,27,41,41,41,27,30,27,27,41,28,27,41,41,27,41,41,27,40,27,27,41,41,27,41,27,27,27,27,41,40,229,41,41,41,27,27,27,27,27,229,27,27,27,41,27,41,199,27,229,230,41,39,41,40,41,41,28,27,27,39,229,27,27,47,27,29,27,41,41,41,28,41,41,41,27,41,38,27,41,41,28,27,27,32,27,41,47,29,230,41,41,41,57,96,41,41,41,27,41,41,41,41,27,27,228,230,230,27,230,211,27,27,230,230,87,104,104,41,198,110,230,101,230,27,29,27,32,27,41,40,27,32,41,27,27,29,27,41,27,40,32,27,39,27,41,27,41,41,41,41,27,27,27,27,27,28,41,41,27,41,27,27,27,41,27,229,41,27,27,27,27,44,230,27,41,43,41,106,41,32,50,27,27,213,27,27,41,41,27,41,41,27,41,27,41,41,30,27,41,28,41,41,38,27,27,27,41,27,41,41,28,40,28,32,38,41,27,41,27,27,41,41,27,27,41,27,38,30,41,27,27,41,27,27,41,39,27,30,41,41,27,27,41,41,27,41,41,41,28,27,28,41,27,41,41,41,41,31,27,27,27,27,27,27,41,27,41,208,27,41,41,41,27,41,41,41,41,27,41,27,27,27,27,27,29,41,41,27,41,27,33,27,41,28,27,28,27,41,41,41,27,27,41,41,41,27,41,30,41,27,27,27,27,41,40,27,41,41,41,41,41,41,27,41,41,41,41,28,41,27,27,41,28,28,41,41,27,27,27,27,27,41,27,87,27,27,27,230,228,229,27,27,27,230
41,33,39,41,41,27,27,41,41,27,27,41,27,41,41,27,27,41,27,27,41,41,27,27,41,37,41,27,41,41,27,27,41,41,27,27,27,27,41,41,41,41,27,41,27,41,41,41,40,27,27,27,27,41,33,41,41,27,41,41,41,28,27,27,41,41,41,27,41,40,41,32,41,41,32,27,41,39,41,41,41,41,41,27,41,27,41,40,41,27,27,27,27,41,27,29,41,27,27,29,27,27,41,27,41,27,27,41,41,27,41,27,41,27,41,41,41,41,27,27,27,27,27,41,27,41,28,41,27,41,41,41,41,41,41,41,27,27,41,41,29,32,41,39,27,41,41,41,28,27,30,41,41,41,27,27,27,41,32,27,27,41,41,32,41,27,27,41,27,41,41,41,41,39,41,27,41,41,41,27,27,41,41,40,41,27,27,28,27,27,27,27,27,27,41,29,32,41,41,28,41,31,41,27,27,27,28,27,41,41,41,41,27,41,27,27,41,27,33,39,27,41,27,41,27,32,27,41,27,27,41,41,27,30,41,27,28,27,41,41,27,41,41,41,30,41,41,41,27,41,41,41,27,41,41,41,41,27,27,27,41,41,41,41,31,27,41,41,27,41,41,41,41,32,27,41,41,41,41,41,27,41,27,41,41,27,41,27,41,29,27,41,29,29,27,41,30,27,41,41,27,41,41,27,27,41,27,39,41,27,27,40,27,41,40,41,30,27,27,41,28,41,41,41,27,41,38,41,27,27,41,27,41,41,41,27,27,41,41,39,40,27,41,41,41,41,27,27,27,41,27,27,27,41,41,27,41,41,27,39,41,27,27,27,32,27,41,41,27,60,27,41,41,41,27,59,41,229,51,41,41,29,27,27,27,41,27,38,41,27,41,41,27,27,27,41,27,27,41,41,38,28,41,41,27,40,40,27,41,27,41,40,41,27,41,27,27,27,27,41,28,41,27,32,41,27,41,41,41,41,41,41,27,106,27,27,41,41,41,41,41,27,41,40,41,27,27,41,27,65,27,27,41,41,209,27,27,41,106,229,50,27,41,27,41,41,41,41,27,27,27,41,27,27,41,27,27,41,41,41,41,41,27,41,41,27,41,41,28,39,41,27,41,30,39,27,41,39,41,41,27,41,41,27,27,27,41,41,27,27,41,27,27,41,195,210,41,27,41,27,139,28,33,27,27,31,27,27,29,27,41,27,41,41,27,41,32,27,41,27,41,27,41,38,41,27,41,41,27,41,41,33,27,41,29,27,32,28,27,41,35,41,41,41,27,27,41,41,38,41,39,39,27,41,27,41,28,39,41,27,41,27,30,27,41,27,27,27,41,28,28,41,41,41,33,27,37,41,27,27,41,27,27,41,27,32,41,27,41,41,27,230,27,30,27,27,112,34,27,27,41,230,41,33,41,230,41,44,41,41,41,27,41,41,41,32,41,41,27,27,27,27,41,32,38,41,27,41,41,41,27,27,27,27,41,27,27,41,41,27,41,38,27,41,27,27,41,41,27,41,27,42,27,27,41,32,229,39,41,41,27,27,27,27,27,229,27,96,27,41,27,41,230,28,229,106,41,41,38,41,41,41,32,27,27,41,229,41,27,41,32,27,28,41,41,41,27,41,41,41,27,41,41,27,41,41,33,27,27,41,27,41,41,27,230,41,41,41,41,47,41,41,41,27,41,41,41,41,27,27,228,230,230,27,230,40,27,34,230,224,87,214,214,41,230,46,230,220,230,27,27,27,40,27,41,28,27,40,41,27,27,38,27,41,27,41,40,27,41,27,41,27,41,41,41,41,27,27,27,27,27,33,41,41,27,41,27,27,27,41,27,229,27,27,27,27,27,111,229,27,41,41,41,41,41,39,41,27,27,213,27,27,41,41,27,41,41,27,41,27,41,41,27,27,41,33,41,41,41,27,27,27,41,27,41,39,32,41,32,41,31,41,27,39,27,27,41,41,27,27,41,27,30,27,41,27,27,41,27,27,41,28,27,27,41,41,27,27,41,41,27,27,41,41,33,27,33,41,27,41,41,41,41,27,27,27,27,27,27,27,41,27,41,229,27,41,41,41,42,41,41,41,41,30,41,27,41,27,27,27,40,41,41,27,41,27,39,27,41,32,27,32,27,41,38,41,27,27,41,41,41,27,41,27,41,27,27,27,27,41,28,32,41,41,41,41,40,41,27,41,41,41,41,32,41,27,27,41,27,32,41,41,27,27,27,32,27,41,27,87,27,27,27,230,185,229,229,27,27,229
41,39,41,41,41,27,27,41,41,27,27,41,27,41,41,27,27,41,27,27,41,41,27,27,41,41,41,27,41,41,28,27,41,41,27,27,27,28,41,41,41,41,27,41,27,41,41,41,41,28,27,27,27,41,39,41,41,27,41,41,41,27,27,27,41,41,41,27,41,41,41,40,39,39,27,27,41,28,41,41,38,41,41,27,41,27,41,41,39,27,27,27,27,41,27,27,41,27,27,27,27,28,41,27,41,27,27,41,38,27,41,27,41,27,41,41,41,41,27,27,27,27,27,41,27,41,33,41,27,39,41,41,41,39,39,41,28,27,41,41,39,41,41,41,32,41,41,41,33,27,27,41,41,41,33,27,28,41,40,27,27,41,41,41,41,27,27,41,27,41,41,41,41,28,41,27,41,41,41,27,27,41,41,41,41,27,27,32,27,27,28,27,27,27,41,40,40,41,38,33,41,27,41,27,27,27,33,27,41,41,41,41,27,41,27,27,41,27,40,29,27,40,41,41,27,41,27,41,27,27,41,41,27,27,41,27,27,33,41,41,27,41,41,41,27,41,41,41,27,41,41,41,27,41,41,41,41,27,27,27,41,41,41,41,38,27,41,41,27,41,41,41,41,39,27,41,38,39,41,41,27,41,27,41,41,27,41,27,41,39,27,38,39,27,27,41,38,30,41,41,27,41,41,28,27,41,27,28,41,27,27,32,27,41,41,41,27,27,27,41,33,41,41,41,27,41,41,41,27,27,41,28,41,41,41,27,27,41,41,28,41,27,41,41,41,41,27,27,27,41,28,30,27,41,41,27,41,41,27,28,41,27,27,27,40,27,41,41,27,65,27,41,41,41,27,41,41,229,41,41,41,39,27,27,27,41,27,41,41,27,41,41,27,27,27,41,27,29,41,41,30,33,41,41,27,41,41,27,41,27,41,41,41,27,41,27,27,27,27,39,33,41,27,29,41,27,41,41,41,41,41,41,27,41,27,27,41,41,41,41,41,27,41,41,41,27,27,41,27,78,27,27,41,41,229,27,27,41,41,106,50,27,41,27,41,27,41,38,27,27,27,41,27,27,41,27,27,41,41,41,41,41,27,41,41,27,41,41,31,41,41,27,41,38,41,27,41,41,41,41,27,41,41,27,27,27,41,41,27,27,41,27,27,41,75,229,41,27,41,27,117,33,39,27,27,27,27,27,27,27,41,27,41,38,27,41,40,28,41,32,41,27,41,30,41,27,41,41,27,41,41,39,28,41,40,27,41,27,27,41,35,41,41,41,27,27,41,41,30,41,41,41,27,41,27,39,32,41,41,27,41,27,27,27,41,27,27,27,41,32,32,41,41,41,39,27,30,41,28,27,41,27,27,41,32,41,41,27,41,41,27,202,27,27,27,27,198,104,27,27,41,230,41,40,41,230,41,41,41,39,41,41,41,41,41,41,41,41,27,27,27,27,41,40,30,41,27,41,41,27,27,27,27,27,41,39,27,41,41,27,41,29,27,41,27,28,41,41,27,41,27,110,27,27,41,27,229,28,41,32,27,27,59,27,27,229,27,228,27,41,27,41,230,40,230,41,38,41,30,41,41,41,39,27,27,41,229,41,27,41,41,27,32,41,41,41,27,41,41,39,27,41,41,27,41,41,39,27,27,41,27,41,41,27,230,41,41,41,41,41,41,41,41,27,41,41,41,39,27,27,228,230,230,27,230,27,27,104,230,27,87,230,230,38,230,41,230,230,230,27,27,27,41,27,27,27,27,41,38,27,27,41,27,41,32,41,41,27,41,27,41,27,41,41,41,38,27,27,27,28,27,39,41,41,27,41,28,27,27,39,27,97,27,27,27,27,27,197,229,27,41,41,41,41,41,41,41,27,27,213,27,27,41,41,27,41,41,27,41,32,41,41,27,28,41,39,41,41,41,27,27,27,41,27,41,27,41,41,40,41,27,41,27,28,28,28,41,41,27,32,41,27,27,27,41,27,27,41,27,27,41,27,27,27,41,41,27,27,41,41,27,27,41,41,40,27,39,41,27,41,41,39,41,27,27,27,27,27,27,28,41,27,41,229,27,41,41,41,110,41,41,41,41,38,41,27,41,27,27,27,41,41,41,27,41,27,41,27,37,39,28,40,27,41,29,41,28,27,41,41,41,27,39,27,41,27,27,27,27,41,27,41,41,41,41,41,32,41,27,41,41,41,41,40,41,27,27,41,27,40,41,41,27,27,27,41,27,41,27,87,27,27,96,230,66,229,229,39,27,229
41,39,41,41,41,27,27,41,41,27,27,41,27,41,41,27,27,41,27,27,41,41,27,27,41,41,41,27,41,41,28,27,41,41,27,27,27,28,41,41,41,41,27,41,27,41,41,41,41,28,27,27,27,41,39,41,41,27,41,41,41,27,27,27,41,41,41,27,41,41,41,40,39,39,27,27,41,28,41,41,38,41,41,27,41,27,41,41,39,27,27,27,27,41,27,27,41,27,27,27,27,28,41,27,41,27,27,41,38,27,41,27,41,27,41,41,41,41,27,27,27,27,27,41,27,41,33,41,27,39,41,41,41,39,39,41,28,27,41,41,39,41,41,41,32,41,41,41,33,27,27,41,41,41,33,27,28,41,40,27,27,41,41,41,41,27,27,41,27,41,41,41,41,28,41,27,41,41,41,27,27,41,41,41,41,27,27,32,27,27,28,27,27,27,41,40,40,41,38,33,41,27,41,27,27,27,33,27,41,41,41,41,27,41,27,27,41,27,40,29,27,40,41,41,27,41,27,41,27,27,41,41,27,27,41,27,27,33,41,41,27,41,41,41,27,41,41,41,27,41,41,41,27,41,41,41,41,27,27,27,41,41,41,41,38,27,41,41,27,41,41,41,41,39,27,41,38,39,41,41,27,41,27,41,41,27,41,27,41,39,27,38,39,27,27,41,38,30,41,41,27,41,41,28,27,41,27,28,41,27,27,32,27,41,41,41,27,27,27,41,33,41,41,41,27,41,41,41,27,27,41,28,41,41,41,27,27,41,41,28,41,27,41,41,41,41,27,27,27,41,28,30,27,41,41,27,41,41,27,28,41,27,27,27,40,27,41,41,27,65,27,41,41,41,27,41,41,229,41,41,41,39,27,27,27,41,27,41,41,27,41,41,27,27,27,41,27,29,41,41,30,33,41,41,27,41,41,27,41,27,41,41,41,27,41,27,27,27,27,39,33,41,27,29,41,27,41,41,41,41,41,41,27,41,27,27,41,41,41,41,41,27,41,41,41,27,27,41,27,78,27,27,41,41,229,27,27,41,41,106,50,27,41,27,41,27,41,38,27,27,27,41,27,27,41,27,27,41,41,41,41,41,27,41,41,27,41,41,31,41,41,27,41,38,41,27,41,41,41,41,27,41,41,27,27,27,41,41,27,27,41,27,27,41,75,229,41,27,41,27,117,33,39,27,27,27,27,27,27,27,41,27,41,38,27,41,40,28,41,32,41,27,41,30,41,27,41,41,27,41,41,39,28,41,40,27,41,27,27,41,35,41,41,41,27,27,41,41,30,41,41,41,27,41,27,39,32,41,41,27,41,27,27,27,41,27,27,27,41,32,32,41,41,41,39,27,30,41,28,27,41,27,27,41,32,41,41,27,41,41,27,202,27,27,27,27,198,104,27,27,41,230,41,40,41,230,41,41,41,39,41,41,41,41,41,41,41,41,27,27,27,27,41,40,30,41,27,41,41,27,27,27,27,27,41,39,27,41,41,27,41,29,27,41,27,28,41,41,27,41,27,110,27,27,41,27,229,28,41,32,27,27,59,27,27,229,27,228,27,41,27,41,230,40,230,41,38,41,30,41,41,41,39,27,27,41,229,41,27,41,41,27,32,41,41,41,27,41,41,39,27,41,41,27,41,41,39,27,27,41,27,41,41,27,230,41,41,41,41,41,41,41,41,27,41,41,41,39,27,27,228,230,230,27,230,27,27,104,230,27,87,230,230,38,230,41,230,230,230,27,27,27,41,27,27,27,27,41,38,27,27,41,27,41,32,41,41,27,41,27,41,27,41,41,41,38,27,27,27,28,27,39,41,41,27,41,28,27,27,39,27,97,27,27,27,27,27,197,229,27,41,41,41,41,41,41,41,27,27,213,27,27,41,41,27,41,41,27,41,32,41,41,27,28,41,39,41,41,41,27,27,27,41,27,41,27,41,41,40,41,27,41,27,28,28,28,41,41,27,32,41,27,27,27,41,27,27,41,27,27,41,27,27,27,41,41,27,27,41,41,27,27,41,41,40,27,39,41,27,41,41,39,41,27,27,27,27,27,27,28,41,27,41,229,27,41,41,41,110,41,41,41,41,38,41,27,41,27,27,27,41,41,41,27,41,27,41,27,37,39,28,40,27,41,29,41,28,27,41,41,41,27,39,27,41,27,27,27,27,41,27,41,41,41,41,41,32,41,27,41,41,41,41,40,41,27,27,41,27,40,41,41,27,27,27,41,27,41,27,87,27,27,96,230,66,229,229,39,27,229
41,41,41,41,41,27,27,41,41,27,27,41,32,41,41,27,27,41,27,27,41,41,27,27,41,41,41,27,41,39,32,27,41,41,27,27,27,33,41,41,41,41,28,41,29,41,41,41,41,32,27,27,27,41,41,41,41,32,41,41,41,27,27,27,41,41,41,27,41,41,41,41,29,29,27,27,41,27,41,41,30,41,41,27,41,27,41,41,29,27,27,27,28,38,32,27,41,27,27,27,27,32,41,27,41,27,27,41,30,27,41,27,41,28,41,38,41,41,27,27,28,27,27,41,27,41,39,41,27,29,41,41,41,28,28,41,32,27,41,41,41,41,41,41,41,41,39,41,39,30,27,41,41,41,40,27,40,41,41,27,27,41,41,41,41,27,27,41,28,41,41,37,41,27,41,32,41,41,41,27,27,27,41,41,41,27,27,40,27,28,33,28,27,27,41,41,41,41,30,39,41,27,41,27,27,27,39,27,41,41,41,41,27,41,27,27,41,27,41,27,27,29,41,41,27,41,27,41,27,27,41,41,27,27,41,27,27,40,41,41,27,41,41,41,27,41,41,41,27,41,27,41,27,41,41,41,41,27,27,27,41,38,41,41,41,27,41,41,27,41,41,41,41,41,27,41,30,28,41,41,28,41,27,41,41,27,41,27,41,41,27,30,41,27,27,41,41,38,41,41,27,41,41,33,27,41,27,27,41,27,27,28,27,41,41,41,27,27,27,41,39,41,41,41,27,41,41,41,27,27,41,33,41,41,41,27,27,41,41,27,41,27,41,41,41,41,27,27,27,41,32,37,27,41,41,27,41,41,27,27,41,27,27,27,41,27,41,41,27,65,27,41,41,41,27,41,41,229,41,41,27,41,28,27,27,41,28,41,41,27,41,41,27,27,27,41,27,39,41,27,27,39,38,41,27,41,41,27,41,27,41,41,41,27,41,27,27,27,27,29,39,41,27,32,41,32,41,41,41,41,41,41,27,41,27,27,37,41,41,41,41,27,41,41,41,27,27,41,27,80,27,27,41,41,229,27,27,41,41,41,50,43,41,27,41,27,41,31,27,27,27,41,27,27,41,27,27,41,41,41,41,41,27,41,41,27,41,41,34,41,41,32,41,41,41,27,41,41,41,41,27,41,41,27,27,27,41,41,27,27,41,27,27,41,41,229,41,27,41,27,72,39,41,27,27,27,27,27,27,27,41,27,37,29,27,41,41,40,41,41,45,27,41,27,41,27,41,41,27,41,41,41,32,41,41,32,41,27,27,41,35,40,41,41,32,27,41,41,27,41,41,41,32,41,27,28,39,41,39,27,41,28,27,27,41,27,27,27,41,40,40,41,41,39,41,27,27,41,32,27,41,27,27,41,41,41,41,27,41,41,27,70,27,27,27,27,230,217,27,27,41,230,41,41,41,230,41,41,41,29,41,41,41,27,41,41,41,41,28,27,27,27,41,41,27,41,27,41,41,27,27,27,27,27,41,41,28,41,41,27,41,27,27,41,27,33,41,37,27,41,27,201,27,27,37,27,210,27,41,27,27,27,198,27,27,229,27,229,27,41,28,39,230,41,230,41,30,41,27,41,41,38,41,27,27,41,41,41,27,41,41,27,40,41,41,41,27,41,41,29,27,41,41,27,41,41,41,29,27,41,27,39,41,27,230,41,41,38,41,41,41,41,41,27,41,41,41,28,28,27,228,230,230,27,230,27,27,217,229,27,87,230,230,30,230,41,230,230,218,27,27,27,41,28,27,27,27,41,30,27,27,41,27,41,41,41,41,27,41,27,41,27,41,41,41,30,27,32,32,33,27,41,41,41,27,41,33,27,27,30,27,41,27,27,43,27,27,229,229,27,41,41,41,41,41,41,41,27,27,193,27,27,41,41,28,41,41,27,41,41,41,41,27,33,41,41,41,41,41,27,27,30,41,27,41,27,41,41,41,41,27,41,28,27,33,32,41,41,27,41,41,27,27,27,41,27,27,41,27,27,41,27,27,27,41,41,27,27,41,37,27,27,39,41,41,27,41,41,27,41,41,29,41,27,27,27,27,27,27,44,41,27,39,229,27,41,41,41,200,38,38,41,41,41,41,27,41,27,27,27,41,41,41,27,41,27,41,27,30,41,32,41,27,41,27,41,33,27,41,41,41,27,28,27,41,27,27,27,27,41,27,41,27,38,41,41,32,41,27,41,40,41,41,41,41,27,27,41,27,41,41,41,27,28,29,41,27,41,27,87,27,27,229,230,27,229,229,107,43,229
41,41,41,41,41,27,27,41,41,27,27,41,41,41,41,27,27,41,27,27,41,41,27,27,27,41,41,27,41,29,40,27,41,41,27,27,27,39,41,41,41,41,32,41,39,39,41,41,41,33,28,27,27,41,41,41,39,41,41,41,27,27,27,27,41,41,41,27,41,41,41,41,27,27,27,27,41,27,41,41,27,41,41,28,41,27,41,41,27,27,27,27,33,30,41,27,41,27,27,27,28,40,41,27,41,27,27,39,27,27,41,27,41,32,41,30,41,41,27,27,33,27,27,41,27,41,41,41,27,27,41,41,41,27,27,41,40,27,41,41,41,41,39,41,41,41,29,41,41,38,27,41,41,41,41,27,41,40,41,27,32,41,41,41,40,32,27,41,33,41,41,30,41,27,41,41,41,41,41,28,27,27,41,41,41,32,28,41,27,33,40,33,27,27,41,41,41,41,27,41,41,27,41,27,27,27,41,27,39,41,41,41,27,41,27,27,41,27,41,27,27,27,41,41,27,41,27,41,27,27,41,41,27,27,38,27,27,41,41,41,30,41,41,41,27,41,41,41,27,41,27,41,27,41,41,41,41,27,27,27,40,29,41,41,41,27,39,41,27,41,41,41,41,41,32,41,27,27,39,41,33,41,27,41,41,27,41,27,41,41,27,27,41,27,27,41,41,41,41,41,27,41,41,39,27,41,27,27,41,27,27,27,27,41,41,41,27,27,27,41,41,41,41,41,27,41,41,41,27,27,39,39,41,41,41,27,27,41,41,27,41,28,41,41,41,41,27,27,27,41,40,41,27,41,41,27,41,41,27,27,41,27,27,27,41,28,41,41,27,65,27,41,41,38,27,41,41,229,41,41,27,41,33,27,27,41,33,41,41,27,41,41,27,27,27,41,27,41,41,27,27,41,31,41,27,41,41,27,41,27,41,41,41,27,40,27,27,27,27,27,41,41,28,41,41,41,41,41,41,41,41,41,27,41,27,27,30,41,41,41,41,27,41,41,41,27,28,41,27,80,27,229,41,41,229,27,27,41,41,41,44,111,41,34,41,27,41,27,27,27,27,41,27,27,41,27,27,41,41,41,41,41,32,41,41,27,41,41,39,41,41,41,41,41,41,27,41,41,41,41,27,41,41,27,27,27,41,41,27,28,41,27,27,41,41,229,41,37,41,41,46,41,41,27,27,27,28,32,27,27,41,27,30,27,27,41,41,41,41,41,162,27,41,27,41,27,41,41,27,41,41,41,40,41,41,41,41,27,27,41,35,28,41,41,32,27,41,41,27,41,41,41,41,41,27,27,41,41,29,27,38,33,27,27,41,27,27,32,41,41,41,41,41,28,41,27,27,41,39,27,41,27,27,41,41,41,41,27,41,27,27,41,27,27,27,27,230,230,27,27,41,200,41,41,41,106,41,41,27,27,41,41,41,27,41,41,41,41,32,27,32,27,41,41,27,41,27,41,41,27,27,27,27,27,41,41,32,41,41,27,41,27,32,41,27,39,41,30,27,41,27,229,27,33,30,27,59,27,41,27,27,38,230,27,27,229,27,229,27,41,32,29,230,41,230,41,27,41,27,41,41,31,41,28,27,41,41,41,27,41,41,27,41,39,41,41,27,41,41,27,27,41,41,27,41,41,41,40,27,41,27,28,41,27,230,41,41,30,41,41,39,41,41,27,41,41,41,27,33,27,227,230,230,27,230,27,27,230,225,27,87,230,230,27,230,41,230,230,112,34,27,27,41,32,27,27,27,41,27,27,27,41,27,41,41,41,41,27,41,27,39,27,41,41,38,27,27,41,41,39,27,41,41,41,28,41,39,27,27,27,27,41,27,27,111,27,27,229,229,27,41,41,41,41,41,41,41,27,27,109,27,27,41,41,33,41,41,27,41,41,41,41,27,39,41,41,41,38,41,28,27,38,41,27,41,27,41,41,41,41,27,41,32,27,39,40,41,41,27,41,41,27,27,27,41,27,27,40,27,28,41,27,27,27,41,41,28,32,41,30,27,27,29,41,41,27,41,41,27,41,39,27,41,27,27,27,27,27,27,71,41,27,28,199,27,38,41,41,229,30,30,38,41,41,41,32,41,27,27,28,41,41,41,27,41,27,41,27,27,41,40,41,28,41,27,41,39,27,41,41,41,27,27,27,38,27,27,32,27,41,27,41,27,29,41,41,28,41,27,41,28,41,41,41,41,27,27,41,27,41,41,41,27,32,40,41,27,41,27,87,27,27,229,229,27,229,229,206,111,229
41,41,41,41,41,27,27,41,41,27,27,41,41,41,41,27,27,41,27,27,41,41,27,27,27,41,41,27,41,29,40,27,41,41,27,27,27,39,41,41,41,41,32,41,39,39,41,41,41,33,28,27,27,41,41,41,39,41,41,41,27,27,27,27,41,41,41,27,41,41,41,41,27,27,27,27,41,27,41,41,27,41,41,28,41,27,41,41,27,27,27,27,33,30,41,27,41,27,27,27,28,40,41,27,41,27,27,39,27,27,41,27,41,32,41,30,41,41,27,27,33,27,27,41,27,41,41,41,27,27,41,41,41,27,27,41,40,27,41,41,41,41,39,41,41,41,29,41,41,38,27,41,41,41,41,27,41,40,41,27,32,41,41,41,40,32,27,41,33,41,41,30,41,27,41,41,41,41,41,28,27,27,41,41,41,32,28,41,27,33,40,33,27,27,41,41,41,41,27,41,41,27,41,27,27,27,41,27,39,41,41,41,27,41,27,27,41,27,41,27,27,27,41,41,27,41,27,41,27,27,41,41,27,27,38,27,27,41,41,41,30,41,41,41,27,41,41,41,27,41,27,41,27,41,41,41,41,27,27,27,40,29,41,41,41,27,39,41,27,41,41,41,41,41,32,41,27,27,39,41,33,41,27,41,41,27,41,27,41,41,27,27,41,27,27,41,41,41,41,41,27,41,41,39,27,41,27,27,41,27,27,27,27,41,41,41,27,27,27,41,41,41,41,41,27,41,41,41,27,27,39,39,41,41,41,27,27,41,41,27,41,28,41,41,41,41,27,27,27,41,40,41,27,41,41,27,41,41,27,27,41,27,27,27,41,28,41,41,27,65,27,41,41,38,27,41,41,229,41,41,27,41,33,27,27,41,33,41,41,27,41,41,27,27,27,41,27,41,41,27,27,41,31,41,27,41,41,27,41,27,41,41,41,27,40,27,27,27,27,27,41,41,28,41,41,41,41,41,41,41,41,41,27,41,27,27,30,41,41,41,41,27,41,41,41,27,28,41,27,80,27,229,41,41,229,27,27,41,41,41,44,111,41,34,41,27,41,27,27,27,27,41,27,27,41,27,27,41,41,41,41,41,32,41,41,27,41,41,39,41,41,41,41,41,41,27,41,41,41,41,27,41,41,27,27,27,41,41,27,28,41,27,27,41,41,229,41,37,41,41,46,41,41,27,27,27,28,32,27,27,41,27,30,27,27,41,41,41,41,41,162,27,41,27,41,27,41,41,27,41,41,41,40,41,41,41,41,27,27,41,35,28,41,41,32,27,41,41,27,41,41,41,41,41,27,27,41,41,29,27,38,33,27,27,41,27,27,32,41,41,41,41,41,28,41,27,27,41,39,27,41,27,27,41,41,41,41,27,41,27,27,41,27,27,27,27,230,230,27,27,41,200,41,41,41,106,41,41,27,27,41,41,41,27,41,41,41,41,32,27,32,27,41,41,27,41,27,41,41,27,27,27,27,27,41,41,32,41,41,27,41,27,32,41,27,39,41,30,27,41,27,229,27,33,30,27,59,27,41,27,27,38,230,27,27,229,27,229,27,41,32,29,230,41,230,41,27,41,27,41,41,31,41,28,27,41,41,41,27,41,41,27,41,39,41,41,27,41,41,27,27,41,41,27,41,41,41,40,27,41,27,28,41,27,230,41,41,30,41,41,39,41,41,27,41,41,41,27,33,27,227,230,230,27,230,27,27,230,225,27,87,230,230,27,230,41,230,230,112,34,27,27,41,32,27,27,27,41,27,27,27,41,27,41,41,41,41,27,41,27,39,27,41,41,38,27,27,41,41,39,27,41,41,41,28,41,39,27,27,27,27,41,27,27,111,27,27,229,229,27,41,41,41,41,41,41,41,27,27,109,27,27,41,41,33,41,41,27,41,41,41,41,27,39,41,41,41,38,41,28,27,38,41,27,41,27,41,41,41,41,27,41,32,27,39,40,41,41,27,41,41,27,27,27,41,27,27,40,27,28,41,27,27,27,41,41,28,32,41,30,27,27,29,41,41,27,41,41,27,41,39,27,41,27,27,27,27,27,27,71,41,27,28,199,27,38,41,41,229,30,30,38,41,41,41,32,41,27,27,28,41,41,41,27,41,27,41,27,27,41,40,41,28,41,27,41,39,27,41,41,41,27,27,27,38,27,27,32,27,41,27,41,27,29,41,41,28,41,27,41,28,41,41,41,41,27,27,41,27,41,41,41,27,32,40,41,27,41,27,87,27,27,229,229,27,229,229,206,111,229
41,41,41,41,41,27,27,41,41,27,27,41,41,41,41,27,27,41,27,27,41,41,27,32,27,41,41,27,41,27,41,27,41,40,32,41,27,41,41,41,41,41,40,41,41,29,41,37,41,40,32,27,27,41,41,41,29,41,41,41,27,27,27,27,41,41,41,27,39,41,41,41,27,27,27,27,41,27,41,41,27,41,41,33,38,27,41,41,27,27,27,27,40,27,41,27,41,27,28,27,32,41,41,27,41,27,27,28,27,27,41,27,41,40,41,27,41,41,27,27,39,27,27,41,27,41,41,41,27,27,41,41,41,27,27,41,41,27,41,41,41,41,29,41,41,41,27,41,41,41,27,41,41,41,41,27,41,28,41,27,41,41,41,41,28,41,27,41,39,41,41,27,41,27,41,41,41,41,41,32,27,27,41,41,41,41,32,41,28,39,41,40,28,27,41,41,41,41,27,41,41,27,41,32,27,27,41,27,29,41,41,41,27,41,27,28,41,27,41,27,27,27,41,41,28,41,27,41,27,27,37,41,27,27,30,27,27,41,38,41,39,41,41,41,27,41,37,41,27,41,27,41,27,27,41,41,41,27,27,27,35,27,41,27,41,27,28,41,27,41,41,41,41,41,41,41,27,27,29,41,39,41,27,41,41,27,41,27,41,41,27,27,41,27,27,41,41,41,41,41,27,41,41,41,27,41,27,27,41,27,27,27,27,38,41,41,27,27,27,41,41,41,41,41,27,41,41,38,27,27,28,41,41,41,41,27,27,41,41,27,41,32,41,37,27,41,27,27,28,38,41,41,27,41,41,27,41,41,27,27,41,27,27,27,41,32,41,41,27,65,96,41,41,30,27,41,41,220,41,41,27,41,39,27,27,41,39,41,41,27,41,41,28,28,27,41,27,41,41,27,27,41,27,41,27,41,41,27,41,27,41,41,41,27,28,27,27,27,27,27,41,41,32,41,41,41,41,41,41,41,41,41,27,41,27,27,27,41,41,41,41,27,41,41,41,27,32,41,27,80,27,229,41,41,229,27,27,41,41,41,41,197,41,103,41,27,41,27,27,27,27,41,27,27,41,27,27,41,41,41,41,41,40,41,41,27,41,41,41,41,27,41,41,41,41,27,41,41,41,41,27,41,41,27,27,27,41,41,27,33,41,27,27,39,41,229,39,105,38,124,41,41,41,27,27,27,32,40,27,27,41,27,27,27,27,41,41,41,41,41,227,27,41,27,41,27,41,41,27,41,41,41,41,41,41,41,41,27,28,41,35,27,41,40,41,27,41,41,27,41,41,41,41,41,27,27,41,41,27,27,30,39,27,27,41,27,28,41,41,41,41,41,41,27,41,27,27,41,41,27,41,27,27,41,41,41,41,27,41,27,27,41,27,27,27,27,230,230,44,27,41,120,40,41,27,41,41,41,27,27,43,41,41,27,41,41,41,41,40,27,41,27,41,41,27,41,27,41,41,27,28,27,27,27,29,41,40,41,41,27,41,27,41,41,27,41,41,27,27,41,27,229,27,103,27,27,41,27,41,27,27,106,230,27,43,229,27,229,27,27,40,27,211,41,230,41,27,87,27,55,41,27,41,32,27,41,41,41,27,39,41,27,41,28,41,41,27,41,27,27,27,41,41,27,41,38,41,41,27,41,230,27,39,27,106,41,165,27,38,41,29,41,41,27,41,27,41,27,39,29,196,230,230,27,230,27,27,230,184,27,27,230,230,27,230,40,230,230,47,103,27,28,41,40,27,27,27,41,27,27,27,41,27,41,41,41,41,27,41,27,28,27,41,41,30,27,27,41,41,41,27,41,41,41,32,41,41,27,27,27,27,41,27,27,198,43,27,229,206,27,27,41,41,41,27,41,41,27,27,51,27,27,41,41,38,41,41,27,41,41,41,38,27,41,41,41,41,30,41,32,32,41,41,27,41,27,41,41,41,41,27,41,40,27,41,41,41,41,27,41,41,27,27,27,41,28,32,28,27,32,41,27,27,27,41,41,33,41,41,27,32,27,37,41,41,27,41,27,27,41,29,27,41,27,32,27,27,27,27,73,41,27,27,70,27,30,41,39,229,27,27,30,41,41,41,41,41,27,27,32,41,41,41,27,41,27,41,27,27,41,41,41,33,41,27,41,41,28,41,41,38,27,27,27,30,27,27,41,27,41,27,41,27,27,41,41,27,41,27,41,27,41,41,41,41,27,27,38,27,41,41,41,27,40,41,41,27,38,27,87,27,96,229,229,27,229,229,229,198,228
41,41,41,41,41,27,27,41,41,27,27,41,41,41,41,27,27,41,27,27,41,41,27,32,27,41,41,27,41,27,41,27,41,40,32,41,27,41,41,41,41,41,40,41,41,29,41,37,41,40,32,27,27,41,41,41,29,41,41,41,27,27,27,27,41,41,41,27,39,41,41,41,27,27,27,27,41,27,41,41,27,41,41,33,38,27,41,41,27,27,27,27,40,27,41,27,41,27,28,27,32,41,41,27,41,27,27,28,27,27,41,27,41,40,41,27,41,41,27,27,39,27,27,41,27,41,41,41,27,27,41,41,41,27,27,41,41,27,41,41,41,41,29,41,41,41,27,41,41,41,27,41,41,41,41,27,41,28,41,27,41,41,41,41,28,41,27,41,39,41,41,27,41,27,41,41,41,41,41,32,27,27,41,41,41,41,32,41,28,39,41,40,28,27,41,41,41,41,27,41,41,27,41,32,27,27,41,27,29,41,41,41,27,41,27,28,41,27,41,27,27,27,41,41,28,41,27,41,27,27,37,41,27,27,30,27,27,41,38,41,39,41,41,41,27,41,37,41,27,41,27,41,27,27,41,41,41,27,27,27,35,27,41,27,41,27,28,41,27,41,41,41,41,41,41,41,27,27,29,41,39,41,27,41,41,27,41,27,41,41,27,27,41,27,27,41,41,41,41,41,27,41,41,41,27,41,27,27,41,27,27,27,27,38,41,41,27,27,27,41,41,41,41,41,27,41,41,38,27,27,28,41,41,41,41,27,27,41,41,27,41,32,41,37,27,41,27,27,28,38,41,41,27,41,41,27,41,41,27,27,41,27,27,27,41,32,41,41,27,65,96,41,41,30,27,41,41,220,41,41,27,41,39,27,27,41,39,41,41,27,41,41,28,28,27,41,27,41,41,27,27,41,27,41,27,41,41,27,41,27,41,41,41,27,28,27,27,27,27,27,41,41,32,41,41,41,41,41,41,41,41,41,27,41,27,27,27,41,41,41,41,27,41,41,41,27,32,41,27,80,27,229,41,41,229,27,27,41,41,41,41,197,41,103,41,27,41,27,27,27,27,41,27,27,41,27,27,41,41,41,41,41,40,41,41,27,41,41,41,41,27,41,41,41,41,27,41,41,41,41,27,41,41,27,27,27,41,41,27,33,41,27,27,39,41,229,39,105,38,124,41,41,41,27,27,27,32,40,27,27,41,27,27,27,27,41,41,41,41,41,227,27,41,27,41,27,41,41,27,41,41,41,41,41,41,41,41,27,28,41,35,27,41,40,41,27,41,41,27,41,41,41,41,41,27,27,41,41,27,27,30,39,27,27,41,27,28,41,41,41,41,41,41,27,41,27,27,41,41,27,41,27,27,41,41,41,41,27,41,27,27,41,27,27,27,27,230,230,44,27,41,120,40,41,27,41,41,41,27,27,43,41,41,27,41,41,41,41,40,27,41,27,41,41,27,41,27,41,41,27,28,27,27,27,29,41,40,41,41,27,41,27,41,41,27,41,41,27,27,41,27,229,27,103,27,27,41,27,41,27,27,106,230,27,43,229,27,229,27,27,40,27,211,41,230,41,27,87,27,55,41,27,41,32,27,41,41,41,27,39,41,27,41,28,41,41,27,41,27,27,27,41,41,27,41,38,41,41,27,41,230,27,39,27,106,41,165,27,38,41,29,41,41,27,41,27,41,27,39,29,196,230,230,27,230,27,27,230,184,27,27,230,230,27,230,40,230,230,47,103,27,28,41,40,27,27,27,41,27,27,27,41,27,41,41,41,41,27,41,27,28,27,41,41,30,27,27,41,41,41,27,41,41,41,32,41,41,27,27,27,27,41,27,27,198,43,27,229,206,27,27,41,41,41,27,41,41,27,27,51,27,27,41,41,38,41,41,27,41,41,41,38,27,41,41,41,41,30,41,32,32,41,41,27,41,27,41,41,41,41,27,41,40,27,41,41,41,41,27,41,41,27,27,27,41,28,32,28,27,32,41,27,27,27,41,41,33,41,41,27,32,27,37,41,41,27,41,27,27,41,29,27,41,27,32,27,27,27,27,73,41,27,27,70,27,30,41,39,229,27,27,30,41,41,41,41,41,27,27,32,41,41,41,27,41,27,41,27,27,41,41,41,33,41,27,41,41,28,41,41,38,27,27,27,30,27,27,41,27,41,27,41,27,27,41,41,27,41,27,41,27,41,41,41,41,27,27,38,27,41,41,41,27,40,41,41,27,38,27,87,27,96,229,229,27,229,229,229,198,228
37,41,41,41,41,27,28,41,41,27,28,41,41,41,41,27,27,41,27,27,27,38,27,41,27,41,41,27,41,27,41,27,41,28,41,41,27,41,41,41,41,41,41,41,41,27,41,30,41,41,40,27,27,41,41,41,27,41,41,41,27,27,27,27,41,41,41,27,30,41,39,41,27,27,27,27,41,27,41,41,27,41,39,39,31,27,41,41,27,32,28,27,41,27,41,27,41,28,33,27,39,41,41,27,39,27,27,27,27,27,41,39,29,41,41,27,41,27,27,27,41,27,28,41,27,41,41,41,27,27,41,41,41,27,27,41,41,27,41,41,41,41,27,41,41,41,27,41,41,41,27,41,41,41,41,27,41,27,41,32,41,41,41,41,27,41,27,41,41,41,41,27,41,27,41,41,41,41,41,39,27,27,39,41,41,41,39,41,33,41,41,41,33,27,41,41,41,41,27,41,41,27,41,41,27,27,41,27,27,41,41,41,27,41,27,33,41,28,41,27,27,27,41,41,32,41,27,41,27,27,31,41,27,27,27,27,27,41,31,41,41,41,41,41,27,41,30,27,27,41,27,38,27,27,41,41,41,27,28,27,30,27,41,27,41,28,27,41,27,41,41,41,41,41,41,38,27,27,27,41,41,41,27,41,41,27,38,27,41,41,27,27,41,27,28,41,41,41,41,41,27,41,41,41,27,41,27,27,41,27,27,27,27,30,41,41,27,27,27,41,41,41,41,41,27,41,41,30,27,27,27,41,41,41,41,28,27,41,41,27,41,40,41,30,27,41,27,27,32,30,41,41,28,41,41,27,41,41,27,27,39,27,27,27,41,40,41,41,27,61,229,38,41,27,43,41,41,51,40,27,27,41,41,28,27,40,41,41,41,27,41,41,32,32,27,41,27,41,41,27,27,41,27,41,27,41,41,27,41,28,40,41,41,27,27,27,27,27,27,27,41,41,40,41,41,41,41,41,41,41,41,41,27,41,27,32,27,41,41,41,41,27,27,41,41,27,40,41,27,80,27,229,41,41,217,27,27,41,41,41,41,229,41,215,41,27,41,27,44,27,27,41,27,27,41,27,27,41,41,41,41,41,41,41,41,32,41,41,41,41,27,41,41,41,41,27,41,41,41,41,27,41,41,27,27,27,41,41,27,39,41,27,33,33,41,229,29,210,41,96,41,41,41,27,27,27,40,41,27,27,41,27,27,27,27,41,41,41,41,41,229,27,53,27,41,27,41,40,28,41,41,41,41,39,41,41,41,27,32,41,41,27,41,28,41,27,41,41,27,41,41,41,41,41,27,27,41,41,27,27,27,41,27,27,41,27,33,41,41,41,41,41,41,27,41,27,27,38,41,27,41,27,27,41,41,41,41,27,41,27,27,41,27,27,27,27,230,230,112,89,41,57,28,41,27,41,41,41,27,27,56,41,41,27,41,41,41,41,41,27,41,27,41,41,27,41,27,41,41,27,33,27,27,27,27,41,41,41,41,32,41,27,41,41,27,41,41,27,27,41,27,229,27,216,27,27,41,27,41,27,27,208,230,27,111,229,27,229,27,27,41,27,115,41,230,41,27,183,27,176,41,27,41,39,27,41,41,41,28,28,41,27,41,27,41,41,27,41,27,27,27,41,41,27,41,30,41,41,27,41,230,27,28,27,41,41,230,27,30,39,27,41,41,28,27,27,41,27,41,41,53,230,230,27,230,27,27,230,66,27,27,230,230,27,230,28,230,230,41,217,27,32,41,41,27,27,28,41,27,27,27,41,27,41,41,41,41,41,41,27,27,27,41,41,27,27,27,41,41,41,27,41,41,41,40,41,41,27,27,27,27,41,27,27,229,111,27,229,117,27,27,27,41,27,27,41,39,27,28,41,27,27,41,41,41,41,27,27,41,41,41,30,27,41,41,41,38,27,41,39,41,41,41,27,41,27,41,41,41,41,27,41,41,27,41,41,41,41,27,41,41,27,27,27,39,32,41,27,27,40,68,27,27,27,41,41,39,41,41,27,41,27,29,41,41,28,41,27,27,27,27,27,41,27,41,27,27,27,27,73,41,27,27,41,37,27,41,27,126,27,27,27,41,41,41,41,41,27,27,40,41,41,41,33,41,27,41,27,27,41,41,41,39,41,27,41,41,32,41,41,30,27,27,27,27,28,28,41,27,41,27,41,27,27,41,41,27,41,28,41,27,41,41,41,41,32,27,30,27,41,41,41,27,41,41,41,27,30,27,87,27,229,229,229,27,229,229,229,229,179
30,41,41,40,41,28,33,41,40,27,33,41,41,33,41,27,27,41,27,27,27,30,28,41,27,41,41,28,41,27,41,27,41,27,41,41,27,41,41,39,41,41,41,41,41,27,41,27,41,41,41,27,27,41,41,41,27,41,41,41,27,27,27,27,41,41,41,27,27,41,29,41,27,27,27,27,41,27,41,41,27,41,29,41,27,27,41,41,27,41,33,27,41,27,41,27,41,32,39,27,41,41,41,27,29,28,28,27,27,27,27,41,27,41,41,27,40,27,27,27,41,27,32,41,27,41,41,41,27,27,38,41,41,27,27,41,41,27,41,39,41,41,27,41,41,41,27,41,41,41,27,41,41,40,41,27,41,27,41,40,41,41,41,41,27,41,27,27,41,37,40,27,41,27,39,41,41,41,41,41,27,27,28,41,41,41,41,41,39,41,41,41,40,28,41,41,41,41,27,41,41,27,32,41,33,33,41,27,27,41,41,41,27,41,27,39,41,32,41,27,27,27,41,41,39,41,27,41,27,32,27,41,27,27,27,27,27,41,27,41,41,38,41,41,27,37,27,27,27,41,27,30,27,27,41,41,41,27,33,28,30,27,41,27,41,32,27,41,27,41,41,35,41,41,41,30,27,27,27,41,41,39,28,39,41,28,30,27,41,41,28,27,41,27,33,41,41,41,41,41,27,41,41,41,33,41,29,27,41,27,27,27,27,27,41,41,27,27,27,41,41,41,41,27,27,41,41,27,28,27,27,41,40,41,41,32,27,41,41,27,41,41,37,27,27,41,27,27,40,27,41,41,33,41,41,28,41,41,27,27,28,27,27,27,41,41,41,41,27,45,229,30,38,27,110,41,41,41,32,27,27,41,41,33,27,28,41,41,41,27,41,41,40,40,27,41,27,41,41,27,27,41,27,41,27,41,41,27,41,32,29,41,41,27,27,27,28,27,27,27,41,41,41,41,41,41,29,41,41,41,41,66,27,41,27,39,27,53,41,41,41,27,27,41,27,28,41,41,28,72,27,229,41,41,112,27,27,41,39,41,41,229,41,229,41,27,41,27,112,96,27,41,27,27,41,27,27,38,41,39,41,41,41,41,27,41,41,41,41,41,27,41,41,41,41,28,41,41,41,41,27,41,41,27,27,31,29,41,32,41,41,27,103,28,39,202,27,229,27,229,41,41,41,28,27,27,41,41,27,27,41,27,27,27,27,41,41,41,41,41,229,27,158,27,41,27,41,28,33,41,41,41,41,28,41,41,41,27,40,41,41,27,41,27,41,32,38,41,27,41,41,41,41,41,28,27,41,41,27,27,27,41,27,27,41,27,39,41,41,41,41,41,39,27,41,28,27,30,41,27,41,27,27,39,41,41,32,27,39,27,27,41,27,27,43,27,185,230,199,89,69,41,27,41,27,41,41,40,27,27,64,41,41,27,41,41,41,41,41,32,41,27,41,41,27,41,27,41,27,27,40,27,27,27,27,41,41,41,41,41,41,27,41,41,27,41,41,27,27,41,27,188,42,229,27,27,41,27,41,27,27,229,230,27,197,229,27,229,27,27,41,27,51,49,230,41,27,229,27,190,41,27,41,41,33,41,41,41,32,27,41,27,41,27,41,41,27,41,27,27,27,41,41,27,41,27,41,41,32,41,230,27,27,27,41,41,230,27,27,29,27,41,41,33,27,27,41,27,41,43,27,230,224,27,230,27,27,230,27,27,27,230,230,27,230,27,215,230,41,230,27,39,41,41,27,27,32,41,27,32,27,41,27,41,41,41,41,41,41,28,27,27,27,41,27,27,32,41,41,41,27,41,41,41,41,41,41,27,28,27,27,41,27,41,229,198,40,183,54,31,27,27,27,27,27,41,29,27,33,41,27,27,27,41,41,163,27,27,41,41,41,27,27,41,41,41,30,27,41,41,41,41,38,28,41,27,41,41,41,41,27,41,41,27,41,41,41,41,27,41,41,28,27,27,28,40,41,27,27,41,134,27,27,27,41,41,41,41,41,27,41,27,27,41,41,33,41,27,32,27,27,27,41,27,41,27,27,32,27,73,41,27,27,41,106,27,41,27,53,27,27,27,41,41,41,41,41,27,28,41,41,41,40,39,41,27,41,27,27,41,41,41,41,41,27,41,41,40,41,27,27,27,27,27,27,32,32,41,32,41,27,41,27,27,38,41,27,41,33,41,27,41,41,41,41,41,27,27,27,41,41,41,27,41,41,41,27,27,28,87,27,229,229,229,27,229,229,229,229,72
30,41,41,40,41,28,33,41,40,27,33,41,41,33,41,27,27,41,27,27,27,30,28,41,27,41,41,28,41,27,41,27,41,27,41,41,27,41,41,39,41,41,41,41,41,27,41,27,41,41,41,27,27,41,41,41,27,41,41,41,27,27,27,27,41,41,41,27,27,41,29,41,27,27,27,27,41,27,41,41,27,41,29,41,27,27,41,41,27,41,33,27,41,27,41,27,41,32,39,27,41,41,41,27,29,28,28,27,27,27,27,41,27,41,41,27,40,27,27,27,41,27,32,41,27,41,41,41,27,27,38,41,41,27,27,41,41,27,41,39,41,41,27,41,41,41,27,41,41,41,27,41,41,40,41,27,41,27,41,40,41,41,41,41,27,41,27,27,41,37,40,27,41,27,39,41,41,41,41,41,27,27,28,41,41,41,41,41,39,41,41,41,40,28,41,41,41,41,27,41,41,27,32,41,33,33,41,27,27,41,41,41,27,41,27,39,41,32,41,27,27,27,41,41,39,41,27,41,27,32,27,41,27,27,27,27,27,41,27,41,41,38,41,41,27,37,27,27,27,41,27,30,27,27,41,41,41,27,33,28,30,27,41,27,41,32,27,41,27,41,41,35,41,41,41,30,27,27,27,41,41,39,28,39,41,28,30,27,41,41,28,27,41,27,33,41,41,41,41,41,27,41,41,41,33,41,29,27,41,27,27,27,27,27,41,41,27,27,27,41,41,41,41,27,27,41,41,27,28,27,27,41,40,41,41,32,27,41,41,27,41,41,37,27,27,41,27,27,40,27,41,41,33,41,41,28,41,41,27,27,28,27,27,27,41,41,41,41,27,45,229,30,38,27,110,41,41,41,32,27,27,41,41,33,27,28,41,41,41,27,41,41,40,40,27,41,27,41,41,27,27,41,27,41,27,41,41,27,41,32,29,41,41,27,27,27,28,27,27,27,41,41,41,41,41,41,29,41,41,41,41,66,27,41,27,39,27,53,41,41,41,27,27,41,27,28,41,41,28,72,27,229,41,41,112,27,27,41,39,41,41,229,41,229,41,27,41,27,112,96,27,41,27,27,41,27,27,38,41,39,41,41,41,41,27,41,41,41,41,41,27,41,41,41,41,28,41,41,41,41,27,41,41,27,27,31,29,41,32,41,41,27,103,28,39,202,27,229,27,229,41,41,41,28,27,27,41,41,27,27,41,27,27,27,27,41,41,41,41,41,229,27,158,27,41,27,41,28,33,41,41,41,41,28,41,41,41,27,40,41,41,27,41,27,41,32,38,41,27,41,41,41,41,41,28,27,41,41,27,27,27,41,27,27,41,27,39,41,41,41,41,41,39,27,41,28,27,30,41,27,41,27,27,39,41,41,32,27,39,27,27,41,27,27,43,27,185,230,199,89,69,41,27,41,27,41,41,40,27,27,64,41,41,27,41,41,41,41,41,32,41,27,41,41,27,41,27,41,27,27,40,27,27,27,27,41,41,41,41,41,41,27,41,41,27,41,41,27,27,41,27,188,42,229,27,27,41,27,41,27,27,229,230,27,197,229,27,229,27,27,41,27,51,49,230,41,27,229,27,190,41,27,41,41,33,41,41,41,32,27,41,27,41,27,41,41,27,41,27,27,27,41,41,27,41,27,41,41,32,41,230,27,27,27,41,41,230,27,27,29,27,41,41,33,27,27,41,27,41,43,27,230,224,27,230,27,27,230,27,27,27,230,230,27,230,27,215,230,41,230,27,39,41,41,27,27,32,41,27,32,27,41,27,41,41,41,41,41,41,28,27,27,27,41,27,27,32,41,41,41,27,41,41,41,41,41,41,27,28,27,27,41,27,41,229,198,40,183,54,31,27,27,27,27,27,41,29,27,33,41,27,27,27,41,41,163,27,27,41,41,41,27,27,41,41,41,30,27,41,41,41,41,38,28,41,27,41,41,41,41,27,41,41,27,41,41,41,41,27,41,41,28,27,27,28,40,41,27,27,41,134,27,27,27,41,41,41,41,41,27,41,27,27,41,41,33,41,27,32,27,27,27,41,27,41,27,27,32,27,73,41,27,27,41,106,27,41,27,53,27,27,27,41,41,41,41,41,27,28,41,41,41,40,39,41,27,41,27,27,41,41,41,41,41,27,41,41,40,41,27,27,27,27,27,27,32,32,41,32,41,27,41,27,27,38,41,27,41,33,41,27,41,41,41,41,41,27,27,27,41,41,41,27,41,41,41,27,27,28,87,27,229,229,229,27,229,229,229,229,72
27,41,41,28,41,32,39,41,28,28,39,41,41,28,41,28,27,41,27,27,27,27,33,41,27,41,41,33,41,27,41,28,41,27,41,41,28,41,41,29,41,41,41,41,41,27,41,27,41,41,41,32,27,41,41,41,27,41,37,41,27,27,27,27,27,41,41,27,27,41,27,41,27,27,27,27,41,27,41,38,27,41,27,41,27,27,41,41,27,41,39,27,41,27,41,27,39,40,41,27,41,41,41,27,27,32,32,27,27,32,27,41,27,41,41,27,28,27,28,28,41,27,40,41,27,41,41,41,27,27,41,41,41,27,27,41,41,27,41,29,41,41,27,41,41,27,27,41,41,41,27,41,41,28,41,27,41,27,41,41,41,41,41,41,27,41,32,27,41,30,32,27,41,27,33,41,41,27,32,41,27,27,27,41,27,41,41,41,41,41,41,41,41,32,39,41,41,41,27,41,39,27,27,41,40,40,41,27,27,41,41,41,27,41,27,41,39,40,41,27,32,27,41,41,41,41,27,41,27,41,27,41,27,27,27,27,27,41,27,41,41,29,41,41,27,30,27,27,27,41,27,27,27,27,41,40,41,27,39,33,30,27,41,27,41,40,27,39,27,41,41,27,41,41,41,27,27,27,27,41,41,29,33,30,41,33,27,28,41,41,33,27,41,27,39,41,41,41,41,41,27,41,41,41,40,41,39,27,37,27,27,27,27,27,41,41,27,27,27,41,41,41,27,27,27,41,41,27,32,27,27,41,28,40,41,40,28,41,41,27,41,41,30,27,27,41,27,27,41,27,41,41,39,41,41,32,41,41,27,27,27,27,27,27,41,41,41,41,28,41,229,27,30,27,199,41,41,41,27,27,27,41,41,39,27,27,41,41,41,27,41,41,41,41,27,27,27,41,41,27,27,41,27,41,27,41,41,27,41,40,27,41,41,27,27,32,33,28,27,27,41,41,41,41,41,41,27,41,41,41,41,153,27,41,27,41,27,159,41,41,41,32,27,41,27,33,41,41,33,48,28,229,41,41,47,27,28,41,29,39,41,229,41,229,41,27,41,27,196,229,27,41,27,27,41,27,28,30,41,29,41,41,41,41,27,41,41,41,41,41,27,41,41,41,41,33,41,41,41,41,28,38,41,27,30,38,27,41,41,41,41,27,216,27,33,67,27,229,27,229,41,41,41,33,27,27,41,41,27,27,41,27,27,27,27,27,41,41,41,41,229,32,223,27,41,27,41,27,39,41,41,41,41,27,41,41,41,27,41,41,41,27,40,27,41,41,30,41,27,41,41,41,41,41,32,27,41,41,27,27,27,41,27,27,41,28,41,41,41,41,41,41,28,27,41,32,27,27,41,27,41,27,27,33,41,41,27,27,33,27,27,39,27,27,112,43,85,211,230,206,152,41,27,41,27,41,41,28,27,27,65,41,41,27,41,41,41,41,41,32,41,27,41,41,27,41,28,41,27,27,41,27,27,27,27,41,41,41,41,41,38,27,41,41,27,41,41,27,27,41,27,81,110,229,27,27,41,27,41,27,27,229,210,38,229,229,27,229,27,27,41,27,41,220,230,27,27,229,27,190,41,27,41,41,40,41,41,41,40,27,41,27,41,27,41,40,27,41,27,27,28,41,41,27,41,27,41,41,40,41,230,27,27,27,41,41,230,27,27,27,27,41,41,39,27,27,41,27,41,43,27,230,27,27,230,27,27,230,27,27,27,230,230,27,230,27,43,230,41,230,27,41,41,41,27,27,40,41,27,41,27,41,27,41,41,41,41,41,41,32,27,28,27,41,27,27,41,41,41,41,27,41,41,41,41,40,41,27,32,27,27,41,27,109,229,229,108,86,41,79,27,27,27,27,27,41,27,27,39,41,27,27,27,41,41,229,27,27,41,41,41,27,27,41,41,41,27,27,41,41,41,41,30,40,27,27,41,41,41,41,27,41,41,27,41,41,41,41,27,41,41,33,27,27,27,41,41,27,27,41,189,27,28,27,53,41,41,41,41,27,41,27,27,41,41,39,41,27,41,27,27,27,41,27,41,27,27,41,27,73,41,27,27,41,208,27,41,27,41,27,27,27,41,41,41,41,41,27,33,41,41,41,28,41,41,27,41,32,27,41,41,41,41,41,27,41,41,41,41,27,27,27,27,27,27,39,39,41,41,41,27,41,27,27,29,41,27,41,39,41,27,41,41,41,41,41,28,27,27,41,41,41,27,41,41,41,27,27,33,83,27,229,229,229,27,229,229,229,229,27
27,41,41,27,41,40,41,41,27,32,41,41,41,27,39,33,27,41,32,27,27,27,39,41,27,41,41,39,41,27,41,33,41,27,41,41,32,41,41,27,41,41,41,41,41,27,41,27,41,41,41,41,32,41,41,41,27,41,30,41,27,27,27,28,27,41,41,28,27,41,27,41,27,27,27,32,41,27,39,29,27,41,27,41,27,27,41,41,27,41,41,27,41,27,41,27,29,41,41,27,41,41,41,32,27,40,40,27,27,32,27,41,27,41,38,27,27,27,33,33,41,27,41,41,27,41,41,41,27,27,27,41,41,27,27,41,41,27,41,27,41,41,27,41,41,27,27,41,41,41,27,41,27,27,41,27,41,27,41,41,41,27,27,41,27,41,41,27,41,27,27,27,40,27,28,41,41,27,27,41,28,27,27,41,27,41,41,41,41,41,41,41,41,39,28,41,41,41,27,41,29,27,27,41,41,41,41,27,27,39,41,40,27,41,33,41,33,41,41,27,40,27,41,41,41,41,29,41,27,41,27,41,28,27,27,32,27,41,27,41,41,27,41,37,27,27,27,27,27,41,27,27,27,27,41,28,41,32,41,39,30,27,41,27,41,41,27,33,32,27,41,27,41,41,41,27,27,27,27,41,41,27,39,27,41,39,27,32,41,41,39,27,41,27,41,41,41,41,41,41,27,41,41,41,41,41,41,27,30,27,27,27,27,27,41,40,27,27,27,41,41,41,27,27,27,41,41,27,39,31,27,41,27,28,41,41,32,41,41,27,41,41,27,27,27,41,28,28,41,27,41,41,41,41,41,40,41,41,27,27,27,27,27,27,41,41,40,41,33,41,229,27,27,27,229,41,28,41,27,27,27,41,41,41,32,27,41,41,41,27,41,39,41,41,27,27,28,41,27,27,27,41,27,41,27,41,41,27,41,41,27,41,41,27,27,40,39,29,27,27,41,41,41,41,41,41,27,41,41,41,58,216,28,27,27,41,27,224,41,41,41,41,27,41,27,39,41,41,39,41,33,229,41,41,41,28,32,41,27,29,41,229,41,229,41,27,27,27,229,229,27,41,27,28,41,27,33,27,41,27,41,41,41,40,27,41,41,41,41,41,27,41,41,41,41,39,41,41,49,41,32,29,41,27,36,41,27,41,41,41,41,44,229,27,28,41,27,229,27,229,41,41,41,39,27,27,41,41,27,27,41,27,27,27,27,27,41,41,41,41,229,40,229,27,41,28,41,27,41,41,41,41,41,27,41,41,41,27,41,41,41,27,28,27,41,41,27,41,27,41,41,41,41,41,40,27,41,41,27,27,27,41,27,27,41,33,41,41,39,41,41,41,27,27,41,40,27,27,41,27,41,32,28,28,41,41,27,27,28,27,38,32,27,27,199,112,41,59,230,206,215,41,27,41,27,41,41,27,27,27,65,41,41,27,41,41,41,41,41,41,41,27,41,41,27,41,33,41,27,27,41,27,27,32,27,41,41,41,41,41,29,27,41,41,27,41,41,27,27,41,27,41,201,229,27,27,39,27,39,27,96,229,115,106,229,229,27,229,27,27,41,27,41,229,230,27,27,229,27,190,40,27,41,41,41,41,27,41,41,27,41,27,41,27,39,28,27,32,27,27,33,41,41,27,41,27,41,41,41,41,230,27,27,27,41,165,230,27,27,27,27,41,41,41,27,27,27,27,41,43,27,230,27,27,230,27,27,230,27,27,27,230,230,27,230,27,27,230,40,230,27,41,41,41,27,27,41,41,27,41,32,41,28,41,41,41,41,41,41,40,27,32,27,68,27,27,41,41,41,41,27,41,41,38,41,32,41,27,39,27,27,41,27,201,229,229,204,41,41,159,27,27,27,27,27,41,27,28,41,41,27,27,27,41,41,229,27,27,41,41,41,27,27,41,41,41,27,27,41,41,41,41,27,41,27,27,41,41,41,41,27,41,41,27,41,41,40,41,27,41,41,39,27,27,27,41,41,27,27,41,203,27,32,27,158,38,41,41,41,27,41,27,27,41,41,41,41,27,41,27,27,27,41,27,41,32,27,41,27,71,41,27,27,41,229,27,41,27,71,27,27,27,41,41,41,41,41,27,39,41,41,41,27,41,41,28,41,41,27,41,41,41,41,41,27,41,41,41,41,27,27,28,27,27,27,41,41,41,41,40,27,41,27,27,27,41,27,41,41,41,27,41,40,41,41,41,33,27,27,41,41,41,27,41,41,41,27,27,39,81,27,229,229,229,27,229,229,229,229,27
27,41,41,27,41,40,41,41,27,32,41,41,41,27,39,33,27,41,32,27,27,27,39,41,27,41,41,39,41,27,41,33,41,27,41,41,32,41,41,27,41,41,41,41,41,27,41,27,41,41,41,41,32,41,41,41,27,41,30,41,27,27,27,28,27,41,41,28,27,41,27,41,27,27,27,32,41,27,39,29,27,41,27,41,27,27,41,41,27,41,41,27,41,27,41,27,29,41,41,27,41,41,41,32,27,40,40,27,27,32,27,41,27,41,38,27,27,27,33,33,41,27,41,41,27,41,41,41,27,27,27,41,41,27,27,41,41,27,41,27,41,41,27,41,41,27,27,41,41,41,27,41,27,27,41,27,41,27,41,41,41,27,27,41,27,41,41,27,41,27,27,27,40,27,28,41,41,27,27,41,28,27,27,41,27,41,41,41,41,41,41,41,41,39,28,41,41,41,27,41,29,27,27,41,41,41,41,27,27,39,41,40,27,41,33,41,33,41,41,27,40,27,41,41,41,41,29,41,27,41,27,41,28,27,27,32,27,41,27,41,41,27,41,37,27,27,27,27,27,41,27,27,27,27,41,28,41,32,41,39,30,27,41,27,41,41,27,33,32,27,41,27,41,41,41,27,27,27,27,41,41,27,39,27,41,39,27,32,41,41,39,27,41,27,41,41,41,41,41,41,27,41,41,41,41,41,41,27,30,27,27,27,27,27,41,40,27,27,27,41,41,41,27,27,27,41,41,27,39,31,27,41,27,28,41,41,32,41,41,27,41,41,27,27,27,41,28,28,41,27,41,41,41,41,41,40,41,41,27,27,27,27,27,27,41,41,40,41,33,41,229,27,27,27,229,41,28,41,27,27,27,41,41,41,32,27,41,41,41,27,41,39,41,41,27,27,28,41,27,27,27,41,27,41,27,41,41,27,41,41,27,41,41,27,27,40,39,29,27,27,41,41,41,41,41,41,27,41,41,41,58,216,28,27,27,41,27,224,41,41,41,41,27,41,27,39,41,41,39,41,33,229,41,41,41,28,32,41,27,29,41,229,41,229,41,27,27,27,229,229,27,41,27,28,41,27,33,27,41,27,41,41,41,40,27,41,41,41,41,41,27,41,41,41,41,39,41,41,49,41,32,29,41,27,36,41,27,41,41,41,41,44,229,27,28,41,27,229,27,229,41,41,41,39,27,27,41,41,27,27,41,27,27,27,27,27,41,41,41,41,229,40,229,27,41,28,41,27,41,41,41,41,41,27,41,41,41,27,41,41,41,27,28,27,41,41,27,41,27,41,41,41,41,41,40,27,41,41,27,27,27,41,27,27,41,33,41,41,39,41,41,41,27,27,41,40,27,27,41,27,41,32,28,28,41,41,27,27,28,27,38,32,27,27,199,112,41,59,230,206,215,41,27,41,27,41,41,27,27,27,65,41,41,27,41,41,41,41,41,41,41,27,41,41,27,41,33,41,27,27,41,27,27,32,27,41,41,41,41,41,29,27,41,41,27,41,41,27,27,41,27,41,201,229,27,27,39,27,39,27,96,229,115,106,229,229,27,229,27,27,41,27,41,229,230,27,27,229,27,190,40,27,41,41,41,41,27,41,41,27,41,27,41,27,39,28,27,32,27,27,33,41,41,27,41,27,41,41,41,41,230,27,27,27,41,165,230,27,27,27,27,41,41,41,27,27,27,27,41,43,27,230,27,27,230,27,27,230,27,27,27,230,230,27,230,27,27,230,40,230,27,41,41,41,27,27,41,41,27,41,32,41,28,41,41,41,41,41,41,40,27,32,27,68,27,27,41,41,41,41,27,41,41,38,41,32,41,27,39,27,27,41,27,201,229,229,204,41,41,159,27,27,27,27,27,41,27,28,41,41,27,27,27,41,41,229,27,27,41,41,41,27,27,41,41,41,27,27,41,41,41,41,27,41,27,27,41,41,41,41,27,41,41,27,41,41,40,41,27,41,41,39,27,27,27,41,41,27,27,41,203,27,32,27,158,38,41,41,41,27,41,27,27,41,41,41,41,27,41,27,27,27,41,27,41,32,27,41,27,71,41,27,27,41,229,27,41,27,71,27,27,27,41,41,41,41,41,27,39,41,41,41,27,41,41,28,41,41,27,41,41,41,41,41,27,41,41,41,41,27,27,28,27,27,27,41,41,41,41,40,27,41,27,27,27,41,27,41,41,41,27,41,40,41,41,41,33,27,27,41,41,41,27,41,41,41,27,27,39,81,27,229,229,229,27,229,229,229,229,27
27,41,41,27,41,41,41,41,27,40,41,41,41,27,33,39,27,41,41,27,27,27,41,41,27,41,41,41,41,27,41,39,41,27,41,41,40,41,41,27,41,41,41,38,41,27,41,27,41,41,41,41,41,27,41,41,27,41,27,41,27,27,27,33,27,37,39,33,27,41,27,41,27,27,27,41,40,27,28,27,27,41,27,41,27,27,41,41,27,41,41,27,41,27,41,27,27,41,41,27,41,41,41,41,27,41,41,27,27,41,27,41,27,41,30,27,27,27,39,39,41,27,41,41,28,41,41,27,27,27,27,39,41,27,27,39,41,27,41,27,41,41,27,41,41,27,27,41,41,41,27,41,27,27,41,27,41,27,41,41,41,27,27,41,27,41,41,27,41,27,27,27,32,27,27,41,41,27,27,41,32,27,27,41,27,41,41,41,41,41,41,41,41,41,27,41,41,41,27,41,27,27,27,41,41,41,41,28,27,29,41,32,32,40,40,41,28,41,41,27,41,27,41,41,41,41,39,41,27,41,27,41,33,27,27,41,27,41,27,27,41,27,39,30,27,27,27,27,27,41,27,27,27,27,41,27,41,41,41,41,30,27,39,27,41,41,27,28,41,27,41,27,40,41,41,27,27,27,27,40,41,27,41,27,41,41,27,40,41,41,41,27,41,27,41,27,41,41,38,41,28,41,41,41,41,41,41,27,27,27,27,27,28,27,41,32,27,28,27,37,41,41,27,27,27,41,41,27,41,38,27,41,27,27,41,41,40,39,41,27,41,41,27,27,27,41,31,33,41,27,41,41,41,41,41,41,41,41,28,27,27,27,27,28,41,41,32,39,39,41,229,27,27,27,229,41,27,41,27,27,27,41,41,41,40,27,41,41,41,27,41,28,41,41,27,27,33,41,27,27,27,41,27,41,27,41,41,27,41,41,27,41,27,27,27,41,41,40,28,27,41,41,41,41,41,41,27,41,41,41,117,230,31,27,27,41,27,230,41,41,41,41,27,41,27,41,41,39,41,41,39,106,41,87,41,32,39,41,27,27,41,229,40,229,41,27,27,27,229,229,27,41,32,32,41,27,39,27,41,27,41,41,41,28,27,41,41,41,41,41,27,41,27,41,41,41,38,41,160,40,40,27,41,27,41,41,27,41,41,41,40,111,229,27,27,41,27,229,27,229,37,41,41,41,28,27,41,41,27,32,41,27,27,27,27,27,41,41,41,41,217,41,229,27,41,33,41,27,41,39,44,41,41,27,41,41,41,27,41,41,41,27,27,27,41,41,27,41,27,41,41,41,41,38,41,27,41,41,27,28,27,41,27,27,39,39,41,41,29,41,41,41,27,27,41,41,27,27,41,27,86,41,32,27,41,41,27,28,27,27,107,28,27,27,230,198,41,41,230,206,230,41,27,41,27,41,41,27,27,27,65,41,41,27,41,41,41,41,41,41,41,28,41,41,27,41,39,41,27,27,41,27,27,41,27,41,41,39,41,41,27,27,41,41,28,41,41,27,27,41,91,41,229,229,27,27,33,27,28,27,229,229,51,208,229,229,27,229,27,27,63,27,41,229,230,27,27,229,27,190,32,27,41,41,41,41,27,41,41,27,41,27,41,27,28,27,27,27,27,27,39,41,41,32,41,27,41,41,41,41,230,27,27,28,41,165,230,27,27,27,27,41,41,41,27,27,27,27,41,43,27,230,27,27,230,27,27,230,27,27,27,230,230,27,230,27,27,230,29,230,31,41,41,41,27,27,41,41,27,41,41,41,32,41,41,41,41,41,41,41,27,40,27,151,27,27,41,41,41,41,27,41,41,30,41,28,41,28,41,27,68,32,27,229,186,229,229,41,41,168,27,27,27,27,27,41,27,33,41,39,27,27,27,72,41,229,27,27,27,41,41,27,27,41,41,41,27,27,41,41,41,41,27,41,27,27,41,41,41,41,27,41,41,27,41,41,32,41,27,41,41,41,27,27,27,41,41,27,28,41,203,27,40,28,223,29,41,41,37,27,41,27,27,41,41,41,41,27,41,27,27,27,41,27,41,41,27,41,27,43,41,27,27,39,229,27,41,27,41,27,27,27,41,41,41,41,41,32,41,41,41,41,27,41,41,33,41,41,27,41,41,41,41,41,27,41,41,41,41,27,27,32,27,27,27,41,41,41,41,28,27,41,27,27,27,41,27,39,41,39,27,41,32,41,41,41,39,27,27,41,41,41,27,41,41,41,27,27,41,81,96,229,229,223,27,226,229,229,229,27
27,41,41,27,41,41,41,41,27,41,41,38,41,27,28,41,27,41,41,32,27,27,41,41,27,41,41,41,41,27,41,41,41,27,41,41,41,41,41,27,41,41,41,30,41,27,41,27,41,41,41,41,41,27,41,41,27,41,27,41,27,27,27,39,27,27,28,41,27,41,27,41,27,27,27,41,32,28,27,27,27,41,27,41,27,32,39,41,27,41,41,27,41,27,41,27,27,41,41,27,41,41,41,41,27,41,41,27,27,41,27,41,27,41,27,27,27,27,41,41,41,28,41,41,32,38,41,27,27,27,27,29,41,27,27,29,41,27,27,27,41,41,27,41,41,27,27,41,41,41,27,41,27,27,41,32,41,27,41,41,41,27,27,41,27,41,41,27,41,27,27,27,27,27,27,41,41,27,27,41,39,27,27,41,27,41,41,41,41,41,41,41,41,41,27,41,41,41,27,41,27,28,27,41,41,41,41,32,27,27,40,28,40,28,41,41,27,41,39,27,41,27,41,41,41,41,41,41,32,41,27,41,39,28,27,41,27,41,27,27,41,27,30,27,27,27,27,27,27,41,27,27,28,27,41,27,41,41,41,41,30,27,33,27,41,41,27,27,41,27,41,27,32,41,41,27,27,27,27,34,41,27,41,27,41,41,27,41,41,41,41,27,41,27,41,27,41,41,30,41,32,38,41,41,41,41,41,27,27,28,32,27,32,27,40,27,27,33,27,30,41,41,27,27,27,41,41,27,41,41,27,41,27,27,39,41,41,28,38,27,41,41,27,27,27,41,34,39,41,27,41,41,41,41,41,41,41,41,33,27,27,27,28,32,41,41,27,32,41,41,229,27,27,27,229,41,41,40,27,27,27,41,41,41,41,27,41,41,37,27,41,27,41,41,27,27,39,41,27,27,27,41,27,41,28,41,41,27,39,41,27,41,27,27,27,41,41,41,32,27,41,39,41,41,41,41,27,41,41,41,160,230,34,27,27,41,27,230,53,41,39,41,27,41,27,41,41,28,41,41,41,41,165,184,41,40,41,61,27,27,41,184,29,209,38,27,27,27,229,229,27,41,41,40,41,32,41,27,41,27,41,41,41,27,27,41,41,41,41,41,27,41,27,41,41,41,31,71,224,28,41,27,27,32,39,41,27,41,41,41,28,196,229,27,27,41,27,202,27,229,30,41,41,41,32,27,41,41,27,41,38,28,27,27,27,27,41,41,47,41,47,41,229,27,41,39,41,27,41,28,65,41,41,27,41,41,41,27,41,41,41,27,27,27,41,41,27,41,27,41,41,41,41,31,41,27,41,40,27,33,27,41,27,28,29,41,41,41,27,41,41,38,27,27,41,41,27,27,41,32,109,41,39,27,41,41,27,32,27,27,210,27,27,27,230,230,41,41,185,206,230,38,27,41,27,27,41,27,27,27,65,41,41,27,41,41,38,41,41,41,41,32,41,41,27,41,41,41,27,27,41,28,28,41,27,41,41,28,37,41,27,28,41,39,33,41,41,27,27,41,212,41,229,210,27,27,28,33,27,27,229,229,41,229,229,230,96,229,96,27,206,27,39,229,230,27,27,229,27,190,28,27,41,41,41,39,27,41,41,27,41,27,41,27,27,27,27,27,27,27,41,41,41,39,41,27,41,41,41,41,106,27,27,33,41,230,224,27,27,27,27,41,38,41,27,27,27,27,41,43,27,230,27,27,230,27,27,230,27,27,27,230,214,27,230,27,27,230,27,230,66,41,41,41,27,32,41,41,27,41,41,41,40,41,41,41,41,41,41,41,27,41,27,214,27,27,41,41,41,41,28,41,41,27,41,27,41,32,41,27,146,27,27,229,85,186,229,41,41,168,27,27,27,27,27,41,27,39,41,30,32,32,27,150,41,229,27,32,27,41,41,27,27,41,41,41,27,27,41,41,41,41,27,41,27,27,41,41,41,41,28,39,41,27,41,41,28,32,32,41,41,41,27,28,27,41,41,27,32,41,203,27,41,33,229,27,41,41,30,27,41,27,27,59,41,41,41,27,41,27,27,27,41,28,41,41,27,41,32,41,41,27,27,33,229,27,38,27,41,27,27,27,41,41,41,41,41,41,41,41,41,41,27,41,41,39,41,41,27,41,41,41,41,41,27,41,41,41,41,27,27,39,27,28,27,41,41,41,41,27,27,41,27,27,27,41,27,28,41,33,27,41,27,41,41,41,41,27,28,41,41,41,32,41,41,41,32,27,41,81,229,229,229,27,27,215,229,229,229,27
27,41,41,27,41,41,41,41,27,41,41,38,41,27,28,41,27,41,41,32,27,27,41,41,27,41,41,41,41,27,41,41,41,27,41,41,41,41,41,27,41,41,41,30,41,27,41,27,41,41,41,41,41,27,41,41,27,41,27,41,27,27,27,39,27,27,28,41,27,41,27,41,27,27,27,41,32,28,27,27,27,41,27,41,27,32,39,41,27,41,41,27,41,27,41,27,27,41,41,27,41,41,41,41,27,41,41,27,27,41,27,41,27,41,27,27,27,27,41,41,41,28,41,41,32,38,41,27,27,27,27,29,41,27,27,29,41,27,27,27,41,41,27,41,41,27,27,41,41,41,27,41,27,27,41,32,41,27,41,41,41,27,27,41,27,41,41,27,41,27,27,27,27,27,27,41,41,27,27,41,39,27,27,41,27,41,41,41,41,41,41,41,41,41,27,41,41,41,27,41,27,28,27,41,41,41,41,32,27,27,40,28,40,28,41,41,27,41,39,27,41,27,41,41,41,41,41,41,32,41,27,41,39,28,27,41,27,41,27,27,41,27,30,27,27,27,27,27,27,41,27,27,28,27,41,27,41,41,41,41,30,27,33,27,41,41,27,27,41,27,41,27,32,41,41,27,27,27,27,34,41,27,41,27,41,41,27,41,41,41,41,27,41,27,41,27,41,41,30,41,32,38,41,41,41,41,41,27,27,28,32,27,32,27,40,27,27,33,27,30,41,41,27,27,27,41,41,27,41,41,27,41,27,27,39,41,41,28,38,27,41,41,27,27,27,41,34,39,41,27,41,41,41,41,41,41,41,41,33,27,27,27,28,32,41,41,27,32,41,41,229,27,27,27,229,41,41,40,27,27,27,41,41,41,41,27,41,41,37,27,41,27,41,41,27,27,39,41,27,27,27,41,27,41,28,41,41,27,39,41,27,41,27,27,27,41,41,41,32,27,41,39,41,41,41,41,27,41,41,41,160,230,34,27,27,41,27,230,53,41,39,41,27,41,27,41,41,28,41,41,41,41,165,184,41,40,41,61,27,27,41,184,29,209,38,27,27,27,229,229,27,41,41,40,41,32,41,27,41,27,41,41,41,27,27,41,41,41,41,41,27,41,27,41,41,41,31,71,224,28,41,27,27,32,39,41,27,41,41,41,28,196,229,27,27,41,27,202,27,229,30,41,41,41,32,27,41,41,27,41,38,28,27,27,27,27,41,41,47,41,47,41,229,27,41,39,41,27,41,28,65,41,41,27,41,41,41,27,41,41,41,27,27,27,41,41,27,41,27,41,41,41,41,31,41,27,41,40,27,33,27,41,27,28,29,41,41,41,27,41,41,38,27,27,41,41,27,27,41,32,109,41,39,27,41,41,27,32,27,27,210,27,27,27,230,230,41,41,185,206,230,38,27,41,27,27,41,27,27,27,65,41,41,27,41,41,38,41,41,41,41,32,41,41,27,41,41,41,27,27,41,28,28,41,27,41,41,28,37,41,27,28,41,39,33,41,41,27,27,41,212,41,229,210,27,27,28,33,27,27,229,229,41,229,229,230,96,229,96,27,206,27,39,229,230,27,27,229,27,190,28,27,41,41,41,39,27,41,41,27,41,27,41,27,27,27,27,27,27,27,41,41,41,39,41,27,41,41,41,41,106,27,27,33,41,230,224,27,27,27,27,41,38,41,27,27,27,27,41,43,27,230,27,27,230,27,27,230,27,27,27,230,214,27,230,27,27,230,27,230,66,41,41,41,27,32,41,41,27,41,41,41,40,41,41,41,41,41,41,41,27,41,27,214,27,27,41,41,41,41,28,41,41,27,41,27,41,32,41,27,146,27,27,229,85,186,229,41,41,168,27,27,27,27,27,41,27,39,41,30,32,32,27,150,41,229,27,32,27,41,41,27,27,41,41,41,27,27,41,41,41,41,27,41,27,27,41,41,41,41,28,39,41,27,41,41,28,32,32,41,41,41,27,28,27,41,41,27,32,41,203,27,41,33,229,27,41,41,30,27,41,27,27,59,41,41,41,27,41,27,27,27,41,28,41,41,27,41,32,41,41,27,27,33,229,27,38,27,41,27,27,27,41,41,41,41,41,41,41,41,41,41,27,41,41,39,41,41,27,41,41,41,41,41,27,41,41,41,41,27,27,39,27,28,27,41,41,41,41,27,27,41,27,27,27,41,27,28,41,33,27,41,27,41,41,41,41,27,28,41,41,41,32,41,41,41,32,27,41,81,229,229,229,27,27,215,229,229,229,27
27,39,39,27,41,41,41,41,27,41,41,30,41,27,27,41,32,27,41,41,27,27,41,41,27,38,41,41,41,27,41,41,41,27,41,41,41,41,41,27,41,41,41,27,41,27,41,27,39,41,41,41,41,27,41,38,27,41,27,41,27,27,27,41,27,27,27,41,27,40,27,41,27,27,27,41,28,32,27,27,27,41,27,41,27,41,29,41,27,41,41,28,41,27,41,27,27,41,41,28,41,41,41,41,27,41,41,27,27,41,27,41,27,41,27,27,27,27,41,41,41,33,41,41,40,30,41,27,27,27,27,27,41,27,27,27,41,27,27,27,41,41,27,41,41,27,27,41,41,41,28,41,27,27,41,40,41,27,41,41,41,27,27,41,27,41,41,27,41,27,27,27,27,27,27,41,32,27,27,41,41,27,27,41,27,41,41,41,41,41,41,41,41,41,27,41,41,41,27,41,27,33,27,41,41,41,41,40,27,27,32,27,41,27,41,41,27,41,33,27,41,27,41,41,41,41,41,41,41,41,27,41,41,33,27,41,27,41,27,27,41,27,27,27,28,27,27,27,32,41,27,27,33,27,41,27,41,41,41,41,30,27,28,27,41,41,27,27,41,27,39,27,27,39,41,27,27,27,27,31,41,27,41,27,41,41,27,41,41,41,41,27,41,28,41,27,41,41,27,69,40,29,40,41,41,41,41,27,27,33,41,27,40,27,32,27,27,39,28,27,41,41,27,27,32,41,41,27,41,39,27,41,27,27,29,41,41,27,30,28,41,41,27,27,27,41,39,41,41,27,41,41,41,41,41,41,39,41,39,28,27,27,33,40,40,41,27,28,41,39,229,27,27,27,229,41,27,32,27,27,27,41,41,41,41,27,41,41,30,27,41,27,41,41,32,27,41,41,27,27,27,41,27,41,32,41,41,27,33,41,27,41,27,27,27,41,41,41,40,27,41,28,41,41,41,41,27,41,41,41,169,230,39,27,28,41,27,230,159,53,29,41,27,41,27,41,41,27,41,41,41,41,230,230,41,41,41,156,27,27,27,86,27,61,29,27,27,27,229,229,27,41,41,41,41,41,41,27,39,27,41,41,41,27,27,41,41,41,41,41,27,41,27,41,41,41,27,149,229,27,41,27,27,41,41,41,27,41,41,41,27,229,229,27,27,41,27,67,27,41,27,41,41,41,40,28,41,41,27,41,30,33,27,27,27,27,41,41,162,41,41,41,228,28,27,41,46,27,41,27,79,41,41,27,41,41,41,27,41,38,41,27,27,27,41,41,27,38,27,41,39,39,41,27,41,27,41,32,27,39,27,41,27,33,27,41,41,41,27,41,41,31,27,27,41,41,27,27,41,41,109,41,41,27,41,41,27,39,27,27,230,27,97,27,230,230,41,41,86,206,230,30,27,41,27,27,46,27,27,27,62,41,41,27,41,41,30,41,41,41,41,40,41,41,27,38,41,27,27,27,41,33,33,41,27,41,41,27,30,41,27,33,41,33,40,41,41,27,32,41,212,39,229,59,27,27,27,103,27,27,229,229,41,229,229,230,228,229,229,27,229,27,29,229,230,27,27,229,28,189,27,27,41,41,41,33,27,32,41,27,41,28,41,27,27,27,32,27,27,27,41,41,41,41,27,27,41,41,41,41,41,27,27,39,27,230,41,27,27,27,27,38,31,41,27,27,27,27,41,43,27,230,27,97,230,27,97,230,27,27,27,214,104,27,230,27,27,230,27,230,124,41,40,41,41,40,41,40,27,41,41,41,41,41,41,41,41,41,41,41,27,41,27,229,27,27,41,41,41,41,33,41,32,27,41,27,41,39,41,27,146,27,27,229,41,85,229,41,38,168,27,27,27,27,27,59,27,41,41,27,32,41,27,213,41,229,27,41,27,41,62,27,28,41,41,41,27,27,41,41,41,41,27,41,27,27,41,41,41,38,33,32,41,27,41,41,27,27,41,41,41,41,27,33,27,41,41,27,40,41,202,27,41,39,229,27,41,41,27,27,41,32,27,157,59,41,41,27,41,27,27,27,41,33,41,41,32,41,40,41,27,42,27,28,229,27,30,27,41,27,27,27,41,41,41,41,41,41,41,41,41,41,27,41,39,41,41,41,27,41,41,41,41,41,27,41,41,41,41,27,27,41,27,33,27,41,41,41,41,27,27,41,27,27,27,40,27,27,41,28,27,41,27,40,39,41,41,27,32,41,41,41,40,41,41,41,41,27,41,81,229,229,229,27,41,207,229,229,229,27
27,39,39,27,41,41,41,41,27,41,41,30,41,27,27,41,32,27,41,41,27,27,41,41,27,38,41,41,41,27,41,41,41,27,41,41,41,41,41,27,41,41,41,27,41,27,41,27,39,41,41,41,41,27,41,38,27,41,27,41,27,27,27,41,27,27,27,41,27,40,27,41,27,27,27,41,28,32,27,27,27,41,27,41,27,41,29,41,27,41,41,28,41,27,41,27,27,41,41,28,41,41,41,41,27,41,41,27,27,41,27,41,27,41,27,27,27,27,41,41,41,33,41,41,40,30,41,27,27,27,27,27,41,27,27,27,41,27,27,27,41,41,27,41,41,27,27,41,41,41,28,41,27,27,41,40,41,27,41,41,41,27,27,41,27,41,41,27,41,27,27,27,27,27,27,41,32,27,27,41,41,27,27,41,27,41,41,41,41,41,41,41,41,41,27,41,41,41,27,41,27,33,27,41,41,41,41,40,27,27,32,27,41,27,41,41,27,41,33,27,41,27,41,41,41,41,41,41,41,41,27,41,41,33,27,41,27,41,27,27,41,27,27,27,28,27,27,27,32,41,27,27,33,27,41,27,41,41,41,41,30,27,28,27,41,41,27,27,41,27,39,27,27,39,41,27,27,27,27,31,41,27,41,27,41,41,27,41,41,41,41,27,41,28,41,27,41,41,27,69,40,29,40,41,41,41,41,27,27,33,41,27,40,27,32,27,27,39,28,27,41,41,27,27,32,41,41,27,41,39,27,41,27,27,29,41,41,27,30,28,41,41,27,27,27,41,39,41,41,27,41,41,41,41,41,41,39,41,39,28,27,27,33,40,40,41,27,28,41,39,229,27,27,27,229,41,27,32,27,27,27,41,41,41,41,27,41,41,30,27,41,27,41,41,32,27,41,41,27,27,27,41,27,41,32,41,41,27,33,41,27,41,27,27,27,41,41,41,40,27,41,28,41,41,41,41,27,41,41,41,169,230,39,27,28,41,27,230,159,53,29,41,27,41,27,41,41,27,41,41,41,41,230,230,41,41,41,156,27,27,27,86,27,61,29,27,27,27,229,229,27,41,41,41,41,41,41,27,39,27,41,41,41,27,27,41,41,41,41,41,27,41,27,41,41,41,27,149,229,27,41,27,27,41,41,41,27,41,41,41,27,229,229,27,27,41,27,67,27,41,27,41,41,41,40,28,41,41,27,41,30,33,27,27,27,27,41,41,162,41,41,41,228,28,27,41,46,27,41,27,79,41,41,27,41,41,41,27,41,38,41,27,27,27,41,41,27,38,27,41,39,39,41,27,41,27,41,32,27,39,27,41,27,33,27,41,41,41,27,41,41,31,27,27,41,41,27,27,41,41,109,41,41,27,41,41,27,39,27,27,230,27,97,27,230,230,41,41,86,206,230,30,27,41,27,27,46,27,27,27,62,41,41,27,41,41,30,41,41,41,41,40,41,41,27,38,41,27,27,27,41,33,33,41,27,41,41,27,30,41,27,33,41,33,40,41,41,27,32,41,212,39,229,59,27,27,27,103,27,27,229,229,41,229,229,230,228,229,229,27,229,27,29,229,230,27,27,229,28,189,27,27,41,41,41,33,27,32,41,27,41,28,41,27,27,27,32,27,27,27,41,41,41,41,27,27,41,41,41,41,41,27,27,39,27,230,41,27,27,27,27,38,31,41,27,27,27,27,41,43,27,230,27,97,230,27,97,230,27,27,27,214,104,27,230,27,27,230,27,230,124,41,40,41,41,40,41,40,27,41,41,41,41,41,41,41,41,41,41,41,27,41,27,229,27,27,41,41,41,41,33,41,32,27,41,27,41,39,41,27,146,27,27,229,41,85,229,41,38,168,27,27,27,27,27,59,27,41,41,27,32,41,27,213,41,229,27,41,27,41,62,27,28,41,41,41,27,27,41,41,41,41,27,41,27,27,41,41,41,38,33,32,41,27,41,41,27,27,41,41,41,41,27,33,27,41,41,27,40,41,202,27,41,39,229,27,41,41,27,27,41,32,27,157,59,41,41,27,41,27,27,27,41,33,41,41,32,41,40,41,27,42,27,28,229,27,30,27,41,27,27,27,41,41,41,41,41,41,41,41,41,41,27,41,39,41,41,41,27,41,41,41,41,41,27,41,41,41,41,27,27,41,27,33,27,41,41,41,41,27,27,41,27,27,27,40,27,27,41,28,27,41,27,40,39,41,41,27,32,41,41,41,40,41,41,41,41,27,41,81,229,229,229,27,41,207,229,229,229,27
27,32,32,27,39,41,41,40,27,41,41,27,41,27,27,41,40,27,41,41,27,27,41,41,27,31,41,41,41,27,41,41,41,27,41,41,41,41,41,27,41,39,41,27,41,27,41,27,28,41,41,41,41,27,41,31,27,41,27,41,27,32,32,41,27,27,27,41,27,32,27,41,27,27,27,41,27,40,27,27,27,41,27,41,27,41,27,41,28,41,41,33,41,27,41,28,27,41,41,32,41,41,41,41,27,41,41,27,30,41,27,41,27,41,27,27,27,27,41,41,41,39,41,41,41,27,41,27,32,27,27,27,41,27,27,27,41,32,27,27,41,41,27,41,41,27,27,41,41,41,33,41,27,27,41,41,41,27,41,41,41,27,27,41,27,41,41,27,41,27,27,27,27,27,27,41,27,27,27,41,41,27,27,41,27,41,41,41,41,41,41,41,41,41,27,41,41,41,28,41,27,39,27,41,41,41,39,41,27,27,28,27,41,27,41,41,27,41,28,28,41,27,41,41,41,41,41,41,41,41,27,41,41,39,27,41,33,41,27,27,41,27,27,27,33,27,27,27,41,41,27,27,39,27,41,27,41,41,41,41,30,28,27,27,39,41,27,27,41,27,33,27,27,33,41,27,27,27,27,31,41,27,41,27,41,41,27,41,41,41,41,27,41,33,41,27,41,41,27,151,41,27,28,41,41,39,41,28,27,39,41,54,41,27,27,27,28,41,33,27,41,41,27,27,41,41,38,27,41,41,27,41,27,27,27,41,41,27,27,32,41,41,27,27,27,41,41,41,41,27,41,41,41,41,41,41,29,41,41,32,27,27,39,41,32,41,27,27,41,33,41,27,27,27,229,38,27,27,27,27,27,41,41,41,41,27,41,37,27,27,38,27,41,41,41,27,41,41,27,27,28,41,27,41,40,40,40,32,28,41,27,32,27,27,27,41,41,41,41,27,41,27,41,41,41,41,27,41,41,41,169,229,41,27,33,41,27,229,224,105,27,41,27,41,27,41,41,27,41,38,41,41,230,230,39,41,41,220,27,27,27,41,27,41,27,27,27,44,229,229,27,32,41,41,41,41,41,27,28,27,41,41,41,27,27,41,27,41,41,48,27,41,27,41,164,41,27,213,229,27,41,27,27,41,41,41,27,41,41,41,27,229,210,27,27,39,27,41,27,41,27,41,41,41,41,33,41,41,32,41,27,39,27,27,27,27,50,41,227,41,41,41,206,33,27,41,162,27,41,27,80,41,41,27,39,41,41,27,41,30,41,27,27,27,41,41,27,30,28,37,33,33,41,27,41,27,41,28,27,41,27,41,28,39,27,41,41,41,27,41,41,27,27,27,72,41,27,27,41,41,109,41,41,27,41,41,27,41,27,35,230,27,230,43,230,230,39,41,41,206,229,27,27,41,27,27,163,27,27,28,45,41,41,27,41,41,27,41,41,41,41,41,41,41,28,30,41,27,27,27,41,40,40,41,27,41,41,27,27,41,27,39,41,28,41,41,41,27,41,41,212,32,229,41,27,27,27,216,27,27,229,229,41,229,229,230,229,229,229,27,229,27,27,230,230,27,28,230,33,188,27,27,41,41,41,28,27,27,41,27,41,32,41,27,27,27,41,27,27,28,41,41,41,41,27,27,41,41,41,41,41,27,27,41,27,230,41,27,27,27,27,31,27,41,27,27,27,27,41,43,27,230,27,230,230,32,230,230,27,27,27,104,35,36,97,27,27,230,27,230,132,41,33,41,41,41,41,32,27,41,41,41,41,41,41,41,41,41,41,41,27,41,27,229,27,27,41,41,41,41,39,41,27,27,41,27,41,41,41,28,146,27,96,229,41,41,229,39,30,168,27,27,27,27,27,155,27,41,41,27,41,41,27,229,41,222,27,41,27,41,73,27,33,41,41,41,27,27,38,41,41,41,27,41,27,27,41,41,41,36,39,28,41,28,41,41,27,27,41,41,41,41,28,39,27,41,41,27,41,41,121,28,41,41,228,27,41,41,27,27,41,40,27,220,157,41,41,27,41,27,27,27,41,39,41,41,41,41,41,41,27,110,27,27,229,27,27,27,41,27,27,27,41,41,41,41,41,41,41,41,41,41,27,41,29,41,41,41,27,41,41,41,41,41,27,41,41,41,41,27,27,41,27,39,27,41,41,41,41,27,32,41,27,27,27,28,27,27,41,27,27,41,27,32,28,41,41,27,40,41,41,41,41,41,41,41,41,27,41,81,229,229,229,27,109,205,213,229,229,27
27,27,27,27,28,41,41,28,27,41,41,27,41,27,27,41,41,27,41,41,27,27,41,41,27,27,41,41,41,28,41,41,41,27,41,41,41,41,41,27,41,28,41,27,41,27,41,27,27,41,41,41,41,27,41,27,27,41,27,41,27,40,40,41,27,27,30,41,27,27,27,40,27,27,27,41,27,41,27,27,28,41,27,41,27,41,27,41,33,41,41,39,41,27,41,32,27,41,41,40,41,41,41,41,27,41,41,27,38,41,27,41,27,41,27,27,27,27,41,41,41,41,41,41,41,27,41,27,41,27,27,27,41,28,28,27,41,41,27,27,39,41,27,41,41,27,27,41,41,41,39,41,27,27,41,41,40,27,41,41,41,27,27,41,27,41,41,27,41,27,27,28,27,27,27,41,27,27,27,41,41,27,27,41,27,41,41,41,41,41,41,41,41,41,27,41,41,41,33,41,27,41,27,41,41,41,33,41,27,27,27,27,41,27,41,41,27,41,27,33,41,32,41,41,41,41,41,41,41,41,27,41,41,41,28,41,40,41,27,27,41,27,27,27,39,27,27,27,41,41,27,27,41,27,41,27,41,41,41,41,30,32,27,27,33,41,27,27,41,27,28,27,27,28,41,27,28,28,27,31,41,27,41,27,41,41,27,41,41,39,41,27,39,39,41,27,38,41,27,214,41,27,27,41,41,28,41,32,27,41,41,198,41,27,27,27,33,41,39,27,41,41,27,27,41,41,30,27,41,41,27,41,27,27,27,41,41,27,27,40,41,41,27,27,27,41,41,41,41,27,41,41,41,41,41,41,27,41,41,40,27,27,41,41,27,41,27,27,41,28,41,27,27,27,186,30,27,27,27,27,40,41,41,41,41,27,41,30,27,32,30,27,41,41,41,27,41,41,27,27,33,41,27,41,41,32,32,41,27,41,27,27,27,32,27,41,41,41,41,27,41,27,41,41,41,41,27,41,41,41,169,188,41,27,39,41,27,207,230,141,27,41,27,27,27,41,41,27,41,29,41,41,230,230,28,41,41,230,27,27,27,41,27,41,27,39,27,112,182,41,50,27,41,41,41,41,41,27,27,27,41,41,41,27,27,41,27,41,41,67,27,41,27,41,229,41,27,229,229,27,41,27,27,41,41,41,27,41,41,41,27,229,59,27,27,32,27,41,27,41,27,41,41,41,41,39,41,41,40,41,27,41,27,28,27,27,160,41,230,45,41,41,59,39,27,41,226,27,41,27,80,41,41,27,28,41,41,32,41,27,41,27,27,27,41,41,27,27,33,30,28,28,41,27,41,28,41,27,28,41,27,41,33,41,27,41,41,41,27,41,53,27,27,28,150,41,28,27,65,41,109,41,41,27,41,32,27,41,27,102,230,27,230,112,186,230,33,40,41,41,184,27,27,51,27,27,227,27,32,33,41,41,41,32,41,41,27,41,41,41,41,41,41,41,33,27,41,27,27,32,41,41,41,41,27,41,41,27,27,41,27,41,41,27,41,41,37,27,41,27,212,28,188,41,27,27,27,229,27,27,229,229,41,229,229,230,229,230,229,27,229,27,27,230,230,27,33,230,39,188,27,27,41,41,41,27,27,27,41,27,32,40,41,27,27,27,41,27,27,33,41,41,38,41,27,27,41,41,41,41,41,27,27,41,27,230,41,27,27,27,28,27,27,41,27,27,27,28,41,43,27,230,27,230,230,101,230,230,27,27,27,35,27,104,27,27,27,220,27,230,132,41,31,41,41,41,41,27,28,41,41,38,41,41,41,41,41,41,41,41,27,41,27,229,27,28,41,41,70,41,41,39,27,27,41,27,41,41,41,32,146,27,96,189,41,41,193,33,27,168,27,27,27,27,27,220,27,41,41,27,41,41,27,229,41,42,27,41,27,41,73,27,39,41,41,41,27,27,30,41,41,41,27,41,27,27,41,41,41,36,41,27,41,32,41,41,27,27,41,41,38,41,33,41,27,41,41,27,41,41,39,32,41,41,206,27,41,41,27,28,41,41,27,230,220,41,41,27,41,27,27,27,41,41,41,41,41,41,41,41,27,201,27,27,199,27,27,27,40,59,27,27,41,41,41,41,27,41,41,41,39,41,27,41,27,41,41,41,28,41,41,41,41,41,32,41,41,41,41,27,27,41,29,41,27,41,41,41,41,27,41,41,27,27,27,27,27,27,41,27,27,41,27,27,27,41,41,27,41,40,41,41,41,41,41,41,41,27,41,82,229,229,229,27,202,205,205,226,229,27
27,27,27,27,28,41,41,28,27,41,41,27,41,27,27,41,41,27,41,41,27,27,41,41,27,27,41,41,41,28,41,41,41,27,41,41,41,41,41,27,41,28,41,27,41,27,41,27,27,41,41,41,41,27,41,27,27,41,27,41,27,40,40,41,27,27,30,41,27,27,27,40,27,27,27,41,27,41,27,27,28,41,27,41,27,41,27,41,33,41,41,39,41,27,41,32,27,41,41,40,41,41,41,41,27,41,41,27,38,41,27,41,27,41,27,27,27,27,41,41,41,41,41,41,41,27,41,27,41,27,27,27,41,28,28,27,41,41,27,27,39,41,27,41,41,27,27,41,41,41,39,41,27,27,41,41,40,27,41,41,41,27,27,41,27,41,41,27,41,27,27,28,27,27,27,41,27,27,27,41,41,27,27,41,27,41,41,41,41,41,41,41,41,41,27,41,41,41,33,41,27,41,27,41,41,41,33,41,27,27,27,27,41,27,41,41,27,41,27,33,41,32,41,41,41,41,41,41,41,41,27,41,41,41,28,41,40,41,27,27,41,27,27,27,39,27,27,27,41,41,27,27,41,27,41,27,41,41,41,41,30,32,27,27,33,41,27,27,41,27,28,27,27,28,41,27,28,28,27,31,41,27,41,27,41,41,27,41,41,39,41,27,39,39,41,27,38,41,27,214,41,27,27,41,41,28,41,32,27,41,41,198,41,27,27,27,33,41,39,27,41,41,27,27,41,41,30,27,41,41,27,41,27,27,27,41,41,27,27,40,41,41,27,27,27,41,41,41,41,27,41,41,41,41,41,41,27,41,41,40,27,27,41,41,27,41,27,27,41,28,41,27,27,27,186,30,27,27,27,27,40,41,41,41,41,27,41,30,27,32,30,27,41,41,41,27,41,41,27,27,33,41,27,41,41,32,32,41,27,41,27,27,27,32,27,41,41,41,41,27,41,27,41,41,41,41,27,41,41,41,169,188,41,27,39,41,27,207,230,141,27,41,27,27,27,41,41,27,41,29,41,41,230,230,28,41,41,230,27,27,27,41,27,41,27,39,27,112,182,41,50,27,41,41,41,41,41,27,27,27,41,41,41,27,27,41,27,41,41,67,27,41,27,41,229,41,27,229,229,27,41,27,27,41,41,41,27,41,41,41,27,229,59,27,27,32,27,41,27,41,27,41,41,41,41,39,41,41,40,41,27,41,27,28,27,27,160,41,230,45,41,41,59,39,27,41,226,27,41,27,80,41,41,27,28,41,41,32,41,27,41,27,27,27,41,41,27,27,33,30,28,28,41,27,41,28,41,27,28,41,27,41,33,41,27,41,41,41,27,41,53,27,27,28,150,41,28,27,65,41,109,41,41,27,41,32,27,41,27,102,230,27,230,112,186,230,33,40,41,41,184,27,27,51,27,27,227,27,32,33,41,41,41,32,41,41,27,41,41,41,41,41,41,41,33,27,41,27,27,32,41,41,41,41,27,41,41,27,27,41,27,41,41,27,41,41,37,27,41,27,212,28,188,41,27,27,27,229,27,27,229,229,41,229,229,230,229,230,229,27,229,27,27,230,230,27,33,230,39,188,27,27,41,41,41,27,27,27,41,27,32,40,41,27,27,27,41,27,27,33,41,41,38,41,27,27,41,41,41,41,41,27,27,41,27,230,41,27,27,27,28,27,27,41,27,27,27,28,41,43,27,230,27,230,230,101,230,230,27,27,27,35,27,104,27,27,27,220,27,230,132,41,31,41,41,41,41,27,28,41,41,38,41,41,41,41,41,41,41,41,27,41,27,229,27,28,41,41,70,41,41,39,27,27,41,27,41,41,41,32,146,27,96,189,41,41,193,33,27,168,27,27,27,27,27,220,27,41,41,27,41,41,27,229,41,42,27,41,27,41,73,27,39,41,41,41,27,27,30,41,41,41,27,41,27,27,41,41,41,36,41,27,41,32,41,41,27,27,41,41,38,41,33,41,27,41,41,27,41,41,39,32,41,41,206,27,41,41,27,28,41,41,27,230,220,41,41,27,41,27,27,27,41,41,41,41,41,41,41,41,27,201,27,27,199,27,27,27,40,59,27,27,41,41,41,41,27,41,41,41,39,41,27,41,27,41,41,41,28,41,41,41,41,41,32,41,41,41,41,27,27,41,29,41,27,41,41,41,41,27,41,41,27,27,27,27,27,27,41,27,27,41,27,27,27,41,41,27,41,40,41,41,41,41,41,41,41,27,41,82,229,229,229,27,202,205,205,226,229,27
27,27,27,27,27,41,41,27,27,41,41,27,41,27,27,41,41,27,41,41,27,27,41,41,32,27,41,41,41,32,41,41,41,27,41,41,41,41,41,27,41,27,41,27,41,27,41,27,27,41,41,41,41,27,41,27,27,41,27,41,27,41,41,41,27,27,27,41,27,27,27,32,32,32,32,41,27,41,27,27,33,41,27,41,28,41,27,41,40,41,41,41,41,28,41,40,27,41,41,41,41,40,41,41,27,41,41,28,41,41,27,41,27,41,27,27,27,27,41,41,41,41,41,41,41,27,41,27,41,32,27,27,41,32,32,27,41,41,27,27,29,41,28,41,41,27,28,41,41,41,41,41,27,27,41,41,28,27,41,41,41,27,27,32,27,41,41,27,41,27,27,33,27,28,27,41,27,27,27,41,41,32,27,41,27,41,41,41,41,41,41,41,41,41,27,39,41,41,39,41,27,41,27,41,41,41,28,41,27,27,27,27,41,27,41,41,27,41,27,40,41,40,41,41,41,41,41,41,41,41,27,41,41,41,33,41,41,41,27,27,41,27,27,27,41,27,27,27,41,41,27,27,41,27,41,27,41,41,41,41,30,39,27,27,28,41,27,27,41,27,27,27,27,27,41,27,33,32,27,31,41,27,41,27,41,41,27,41,41,29,41,28,29,41,41,27,30,38,27,229,41,27,27,41,41,27,41,40,27,41,41,128,41,27,27,27,39,41,41,27,41,41,27,27,41,41,27,27,41,41,27,41,27,27,27,41,41,27,27,41,41,41,27,27,27,41,41,41,41,27,41,37,41,41,41,41,27,41,41,41,27,32,41,41,27,41,27,27,41,27,41,27,27,43,84,27,27,27,27,27,65,38,41,41,41,27,41,27,27,41,27,27,41,41,41,27,41,39,27,27,39,39,28,41,41,28,28,41,27,41,27,27,27,40,27,41,41,41,41,28,40,27,41,41,41,41,27,41,41,38,168,79,41,27,41,41,28,59,230,147,27,41,27,27,27,41,41,27,41,27,41,41,230,228,27,41,41,230,27,27,27,41,27,41,27,107,27,196,88,41,95,27,41,41,38,41,41,27,27,27,41,41,41,27,27,41,27,41,41,83,27,44,27,27,229,41,27,229,229,27,41,27,27,41,41,41,27,27,41,41,27,229,41,27,27,28,27,41,27,41,27,41,41,41,41,41,41,41,41,41,27,41,28,33,32,27,225,40,230,163,41,41,41,41,27,41,229,27,41,27,80,41,41,27,27,41,41,40,41,27,41,27,27,27,41,41,27,27,39,27,27,27,41,27,41,32,40,27,32,41,27,41,39,41,27,41,41,41,27,41,138,27,27,32,214,41,33,27,153,41,109,41,41,27,32,27,27,41,27,110,230,27,230,199,84,185,28,32,41,41,81,27,27,160,27,27,230,27,41,28,41,41,41,41,41,41,27,39,41,41,41,41,41,41,39,27,41,27,27,41,41,41,41,41,27,41,41,27,27,41,27,41,41,27,41,39,30,30,41,27,212,27,81,41,44,27,27,229,27,27,229,229,39,229,229,230,229,230,229,27,229,27,27,230,33,27,39,230,41,188,27,28,39,41,41,27,27,27,41,27,27,41,40,27,27,27,41,27,27,39,41,41,30,41,27,27,41,39,41,101,41,28,27,41,27,230,41,28,27,27,32,27,27,41,27,27,27,32,41,43,27,230,27,230,230,222,230,230,27,27,27,27,27,214,27,27,27,102,27,230,132,41,28,41,41,41,41,27,33,41,41,29,41,41,41,41,41,41,41,41,28,41,27,228,27,32,41,41,150,70,41,33,27,27,41,27,39,41,41,39,146,27,229,80,41,41,77,28,27,156,27,27,27,27,27,229,27,41,41,27,41,41,27,229,72,41,27,41,27,164,73,27,41,41,41,41,27,27,27,41,41,41,27,41,27,27,41,41,41,36,41,27,40,40,39,40,27,27,41,27,30,41,39,41,27,41,41,27,41,34,39,40,41,41,59,27,41,41,27,33,41,41,27,230,230,41,44,27,41,27,28,28,41,41,41,41,41,41,41,40,27,229,33,27,70,27,27,27,33,198,30,27,41,38,41,41,27,41,41,41,28,41,27,41,27,41,41,41,33,41,41,41,41,41,41,41,41,41,41,27,27,41,40,41,27,41,41,41,41,27,41,32,32,28,27,27,27,27,41,27,27,41,27,27,27,41,41,27,41,36,41,41,41,41,41,41,41,27,41,87,229,229,229,27,229,205,205,215,224,27
27,27,27,27,27,41,41,27,27,41,38,27,32,27,27,41,41,27,41,41,27,27,41,41,41,27,41,41,41,40,41,41,41,27,41,41,41,41,41,27,41,27,41,27,41,27,41,27,27,41,41,41,41,27,41,27,28,41,27,41,32,41,41,41,27,27,27,41,27,27,27,27,40,40,41,41,27,41,27,27,39,38,28,41,33,41,27,41,41,41,41,41,41,33,41,41,27,41,41,41,41,32,27,41,27,41,41,32,41,41,27,41,27,39,27,28,27,27,41,41,41,41,41,41,41,27,41,27,41,41,27,27,39,40,40,27,41,41,27,27,27,41,33,41,41,27,33,41,41,38,41,41,27,27,41,41,27,32,41,41,41,27,27,27,27,41,41,27,41,27,27,39,27,32,27,32,27,27,27,40,41,41,27,41,27,41,41,41,41,41,41,41,41,41,27,28,41,41,41,39,27,41,27,41,41,41,27,41,28,27,27,27,41,27,41,41,27,41,27,41,41,41,27,41,41,41,41,41,41,41,27,41,41,41,39,41,41,41,28,27,41,27,27,27,41,27,27,27,41,41,27,27,41,32,41,27,41,41,41,41,30,41,27,27,27,41,28,27,41,27,27,27,27,27,41,27,39,40,28,31,41,27,41,27,41,41,27,41,41,27,41,33,27,41,41,27,27,30,27,229,41,27,27,41,41,27,41,41,27,41,41,207,41,27,27,27,41,41,41,27,41,41,27,27,41,41,27,27,41,41,29,41,27,27,27,41,41,27,27,41,41,41,27,27,27,41,41,41,41,28,41,30,41,41,41,41,27,41,41,41,27,41,41,41,27,41,27,27,41,27,41,27,27,110,41,27,27,27,27,27,65,29,41,41,41,27,41,27,27,41,27,27,41,41,41,27,41,29,27,32,41,33,33,41,41,27,27,41,27,41,27,27,27,41,32,41,41,41,41,32,40,27,41,41,41,41,27,41,41,30,140,41,41,27,41,41,33,41,230,147,27,41,27,27,27,41,41,27,41,27,41,27,230,181,27,41,41,230,27,27,27,41,27,40,27,205,27,229,41,41,95,27,41,41,30,41,41,27,27,27,41,41,41,27,27,41,27,41,41,87,27,162,27,27,229,41,27,229,229,27,41,27,27,41,41,41,27,27,41,41,27,183,41,27,27,27,27,41,27,41,27,41,41,41,41,41,41,41,41,41,27,41,33,39,41,27,230,28,230,228,41,41,41,41,27,41,229,27,41,27,80,41,41,27,27,41,41,41,41,27,41,27,27,27,41,41,27,27,41,27,27,27,32,27,41,40,32,27,39,41,28,41,41,41,27,41,41,41,27,41,192,27,27,40,230,41,39,27,217,41,109,41,41,27,27,27,27,41,27,110,202,27,230,230,41,85,27,27,41,41,41,27,27,224,27,27,230,27,41,41,41,27,41,41,41,41,27,28,41,41,41,41,39,41,41,27,41,27,27,41,41,41,41,41,27,41,41,27,27,41,27,41,32,27,41,33,27,37,41,27,212,27,41,41,111,27,27,229,27,27,168,229,29,229,229,230,229,230,229,27,230,28,27,230,27,27,41,230,41,188,27,33,33,41,41,27,27,27,41,27,27,41,32,28,27,27,41,27,32,41,41,41,27,41,27,27,41,28,41,132,41,32,27,41,27,224,41,33,28,27,40,27,27,41,27,27,27,40,53,43,36,230,27,230,230,230,230,230,27,97,97,27,27,230,27,27,27,32,27,217,132,41,27,41,41,41,41,27,39,41,41,27,41,41,41,41,41,41,41,41,32,41,27,184,27,40,41,69,213,151,41,28,27,27,40,27,32,41,41,41,146,27,229,41,39,39,41,27,27,53,27,27,27,27,27,229,27,41,41,27,41,41,27,227,150,41,27,41,27,229,73,28,41,41,41,41,27,28,27,41,41,38,27,41,27,32,41,41,41,36,41,27,32,41,33,32,27,27,41,27,27,41,41,41,27,41,32,27,41,29,33,41,41,41,41,27,41,41,27,39,41,41,28,230,230,41,223,33,41,27,33,32,39,41,41,41,41,41,41,32,27,229,103,27,41,42,27,42,28,229,40,28,41,30,41,41,27,41,41,41,27,41,27,41,27,41,41,41,39,41,41,41,41,41,41,41,41,41,41,27,27,41,41,41,27,41,41,41,41,27,41,32,41,33,27,27,27,27,41,27,32,40,27,27,27,41,41,27,41,34,41,41,41,41,39,41,41,27,41,87,229,229,213,27,229,205,205,207,212,49
27,27,27,27,27,41,41,27,27,41,38,27,32,27,27,41,41,27,41,41,27,27,41,41,41,27,41,41,41,40,41,41,41,27,41,41,41,41,41,27,41,27,41,27,41,27,41,27,27,41,41,41,41,27,41,27,28,41,27,41,32,41,41,41,27,27,27,41,27,27,27,27,40,40,41,41,27,41,27,27,39,38,28,41,33,41,27,41,41,41,41,41,41,33,41,41,27,41,41,41,41,32,27,41,27,41,41,32,41,41,27,41,27,39,27,28,27,27,41,41,41,41,41,41,41,27,41,27,41,41,27,27,39,40,40,27,41,41,27,27,27,41,33,41,41,27,33,41,41,38,41,41,27,27,41,41,27,32,41,41,41,27,27,27,27,41,41,27,41,27,27,39,27,32,27,32,27,27,27,40,41,41,27,41,27,41,41,41,41,41,41,41,41,41,27,28,41,41,41,39,27,41,27,41,41,41,27,41,28,27,27,27,41,27,41,41,27,41,27,41,41,41,27,41,41,41,41,41,41,41,27,41,41,41,39,41,41,41,28,27,41,27,27,27,41,27,27,27,41,41,27,27,41,32,41,27,41,41,41,41,30,41,27,27,27,41,28,27,41,27,27,27,27,27,41,27,39,40,28,31,41,27,41,27,41,41,27,41,41,27,41,33,27,41,41,27,27,30,27,229,41,27,27,41,41,27,41,41,27,41,41,207,41,27,27,27,41,41,41,27,41,41,27,27,41,41,27,27,41,41,29,41,27,27,27,41,41,27,27,41,41,41,27,27,27,41,41,41,41,28,41,30,41,41,41,41,27,41,41,41,27,41,41,41,27,41,27,27,41,27,41,27,27,110,41,27,27,27,27,27,65,29,41,41,41,27,41,27,27,41,27,27,41,41,41,27,41,29,27,32,41,33,33,41,41,27,27,41,27,41,27,27,27,41,32,41,41,41,41,32,40,27,41,41,41,41,27,41,41,30,140,41,41,27,41,41,33,41,230,147,27,41,27,27,27,41,41,27,41,27,41,27,230,181,27,41,41,230,27,27,27,41,27,40,27,205,27,229,41,41,95,27,41,41,30,41,41,27,27,27,41,41,41,27,27,41,27,41,41,87,27,162,27,27,229,41,27,229,229,27,41,27,27,41,41,41,27,27,41,41,27,183,41,27,27,27,27,41,27,41,27,41,41,41,41,41,41,41,41,41,27,41,33,39,41,27,230,28,230,228,41,41,41,41,27,41,229,27,41,27,80,41,41,27,27,41,41,41,41,27,41,27,27,27,41,41,27,27,41,27,27,27,32,27,41,40,32,27,39,41,28,41,41,41,27,41,41,41,27,41,192,27,27,40,230,41,39,27,217,41,109,41,41,27,27,27,27,41,27,110,202,27,230,230,41,85,27,27,41,41,41,27,27,224,27,27,230,27,41,41,41,27,41,41,41,41,27,28,41,41,41,41,39,41,41,27,41,27,27,41,41,41,41,41,27,41,41,27,27,41,27,41,32,27,41,33,27,37,41,27,212,27,41,41,111,27,27,229,27,27,168,229,29,229,229,230,229,230,229,27,230,28,27,230,27,27,41,230,41,188,27,33,33,41,41,27,27,27,41,27,27,41,32,28,27,27,41,27,32,41,41,41,27,41,27,27,41,28,41,132,41,32,27,41,27,224,41,33,28,27,40,27,27,41,27,27,27,40,53,43,36,230,27,230,230,230,230,230,27,97,97,27,27,230,27,27,27,32,27,217,132,41,27,41,41,41,41,27,39,41,41,27,41,41,41,41,41,41,41,41,32,41,27,184,27,40,41,69,213,151,41,28,27,27,40,27,32,41,41,41,146,27,229,41,39,39,41,27,27,53,27,27,27,27,27,229,27,41,41,27,41,41,27,227,150,41,27,41,27,229,73,28,41,41,41,41,27,28,27,41,41,38,27,41,27,32,41,41,41,36,41,27,32,41,33,32,27,27,41,27,27,41,41,41,27,41,32,27,41,29,33,41,41,41,41,27,41,41,27,39,41,41,28,230,230,41,223,33,41,27,33,32,39,41,41,41,41,41,41,32,27,229,103,27,41,42,27,42,28,229,40,28,41,30,41,41,27,41,41,41,27,41,27,41,27,41,41,41,39,41,41,41,41,41,41,41,41,41,41,27,27,41,41,41,27,41,41,41,41,27,41,32,41,33,27,27,27,27,41,27,32,40,27,27,27,41,41,27,41,34,41,41,41,41,39,41,41,27,41,87,229,229,213,27,229,205,205,207,212,49
27,27,27,27,27,41,41,27,27,41,41,27,27,27,27,41,41,27,41,41,27,28,41,41,41,27,41,41,41,41,41,41,41,27,41,41,41,41,41,27,41,27,41,27,41,28,41,27,27,41,41,41,41,27,41,27,32,41,27,41,41,41,41,41,27,27,27,41,28,27,27,27,41,41,41,41,27,41,27,27,41,30,33,41,39,41,27,41,41,41,41,41,41,39,41,41,27,41,41,41,39,28,27,41,27,41,41,40,41,41,27,41,27,33,27,33,27,27,41,41,41,41,41,41,41,27,41,27,41,41,27,27,28,41,41,27,41,41,27,28,27,41,39,41,41,27,40,41,41,30,41,41,27,27,41,41,27,40,41,41,32,27,27,27,32,32,41,27,39,27,27,41,27,40,27,27,27,27,27,34,41,41,32,41,27,41,41,41,41,41,41,41,41,41,27,27,41,41,41,38,27,41,27,41,40,41,27,41,33,27,27,27,41,27,41,39,27,41,27,41,41,41,27,41,41,41,41,41,41,41,28,41,41,41,41,41,41,41,33,27,38,27,27,27,41,27,27,27,41,41,32,27,41,41,41,27,41,41,41,41,30,41,27,27,27,41,32,27,41,27,27,28,27,27,32,27,41,41,31,31,41,27,41,28,41,41,27,41,41,27,41,39,27,41,41,27,27,27,27,229,41,27,27,39,41,27,41,41,27,41,41,230,41,28,27,27,41,41,41,27,41,41,27,27,41,41,27,28,41,41,39,41,27,27,27,41,41,27,27,41,41,41,27,28,27,41,41,41,41,33,41,27,41,41,41,41,27,41,41,41,27,41,41,41,27,40,27,27,41,27,41,27,27,199,41,27,27,27,27,27,65,27,41,41,41,27,41,27,27,41,27,27,53,41,41,27,41,27,27,41,41,28,39,41,41,27,27,41,27,41,27,27,27,41,40,41,41,41,41,39,40,27,41,41,41,41,27,41,41,27,67,41,41,27,41,41,39,41,229,147,27,41,27,27,27,41,41,27,41,27,41,27,224,85,27,41,41,229,27,27,27,41,27,32,27,229,27,229,41,41,95,27,41,41,27,41,41,27,27,27,41,39,41,27,27,41,27,41,41,87,27,227,27,27,229,41,27,227,210,27,41,27,27,41,41,41,27,27,41,39,27,87,41,27,27,27,37,39,27,41,27,41,41,41,41,41,41,41,41,41,27,41,39,41,41,27,230,27,216,230,40,41,41,41,27,41,229,27,69,27,75,41,41,27,27,41,41,41,41,27,41,27,27,27,32,41,27,27,41,27,27,27,27,27,41,41,28,27,41,41,33,41,41,41,27,41,41,41,27,41,198,27,27,41,230,41,41,27,230,41,106,41,41,27,27,27,27,41,27,110,70,27,230,230,41,41,27,27,39,41,41,27,27,230,27,27,230,27,41,41,41,27,41,41,41,41,27,27,41,41,41,41,29,41,41,27,41,27,27,41,41,41,41,41,27,41,41,27,27,41,27,41,27,27,41,28,27,41,41,27,41,27,41,40,197,27,27,229,27,27,168,229,27,229,229,230,229,230,229,27,230,33,27,230,27,27,41,230,41,188,27,39,28,41,41,27,27,27,41,28,27,41,27,32,27,27,41,27,41,41,41,41,27,41,27,28,41,27,41,132,41,40,28,41,27,41,27,39,33,28,41,27,27,41,32,27,27,41,159,43,105,230,27,230,217,230,230,230,27,230,230,27,27,230,27,112,27,27,27,103,132,39,27,40,41,41,41,27,41,41,41,27,41,41,41,41,41,41,41,41,40,41,27,81,28,41,41,151,229,214,41,27,27,27,32,27,28,41,41,41,41,27,229,41,33,33,41,27,27,41,32,27,27,32,32,229,27,41,41,27,41,41,27,224,213,41,27,41,27,229,73,33,41,41,41,41,27,32,27,41,41,30,27,41,27,41,41,41,41,36,41,27,27,41,28,28,27,27,41,27,27,41,41,41,27,41,27,27,41,32,39,41,41,41,41,27,63,41,27,41,41,41,32,230,230,41,230,39,41,27,39,39,29,41,41,41,41,41,41,27,27,229,216,27,41,110,27,110,27,229,53,33,41,27,41,41,27,41,41,41,27,41,27,41,27,41,41,41,41,41,41,41,41,41,41,41,41,41,41,27,27,41,41,41,28,41,41,41,41,27,41,27,41,39,27,27,27,27,41,27,40,28,27,27,27,41,41,27,41,34,41,41,41,41,28,41,41,27,41,87,229,229,205,27,229,205,205,205,206,132
28,27,27,27,27,41,41,27,27,41,41,27,27,27,27,41,41,27,41,41,32,33,41,41,41,27,41,41,41,41,41,41,41,33,41,27,41,41,41,27,41,27,41,27,41,32,41,28,27,41,41,41,41,27,41,27,39,41,27,41,41,41,41,41,27,27,27,41,31,27,28,27,41,41,41,41,27,41,27,27,41,27,40,41,41,41,27,41,41,41,41,41,41,41,41,41,27,41,41,41,35,27,27,41,28,40,41,41,41,41,27,41,28,28,27,39,27,32,41,41,41,41,41,41,41,27,41,27,41,41,27,27,27,41,41,27,41,41,27,32,27,41,41,41,41,27,41,41,41,27,41,41,27,27,41,41,27,41,41,41,27,27,27,27,41,27,41,27,33,28,27,41,27,41,27,27,27,27,27,31,41,41,40,41,27,41,41,41,41,41,41,41,41,41,27,27,41,41,41,38,27,41,27,41,32,41,27,41,39,27,27,27,41,27,41,33,27,41,27,41,41,41,27,41,41,41,41,41,41,41,33,41,41,41,41,41,41,41,39,27,29,30,27,27,41,27,28,32,41,41,41,27,41,41,41,27,41,41,41,41,30,41,27,32,27,41,40,27,41,27,27,32,27,27,27,28,41,41,33,31,41,29,41,32,41,41,27,41,41,27,41,41,27,41,41,27,27,27,27,228,41,27,27,34,41,27,41,41,27,41,41,230,41,32,27,27,41,41,41,27,41,41,27,27,41,41,27,31,41,41,41,41,28,27,27,41,41,27,27,41,41,41,27,32,32,41,41,41,41,39,41,27,41,41,41,41,27,27,41,41,28,41,41,41,27,32,27,27,41,27,41,43,27,229,41,27,27,27,27,96,65,27,41,41,41,27,41,27,27,41,27,27,159,41,41,27,41,27,27,41,41,27,41,40,41,27,27,41,27,41,27,27,27,41,41,41,41,41,41,41,40,27,41,41,41,41,27,41,41,27,41,41,41,27,41,41,41,41,207,147,27,41,32,27,27,41,41,27,41,27,41,27,41,41,27,41,41,196,28,27,27,39,27,28,27,229,27,229,41,41,95,27,41,41,27,41,41,27,27,27,41,29,41,27,27,41,27,41,41,87,32,229,27,27,229,41,27,179,53,27,41,27,27,41,41,41,27,27,41,33,27,41,40,58,27,27,105,32,27,32,27,41,41,41,41,41,41,41,41,41,27,41,41,41,41,27,230,27,49,230,27,41,41,41,27,41,229,32,151,27,45,41,41,27,27,41,41,41,41,27,41,33,27,32,27,41,28,27,41,27,27,27,27,27,41,41,27,27,41,41,39,41,41,41,27,41,41,41,27,41,198,27,28,41,230,41,41,28,230,41,33,41,41,27,27,27,27,41,27,110,41,27,230,230,41,41,27,27,33,41,41,27,33,230,32,27,222,27,41,41,39,27,41,41,41,41,27,27,41,41,41,41,27,41,41,27,41,27,27,41,41,41,41,41,27,41,41,27,27,41,27,41,27,27,41,27,27,41,41,27,41,27,41,32,229,27,27,210,27,27,168,229,27,229,229,229,229,230,229,68,230,40,27,230,27,27,41,230,41,188,27,41,27,41,41,27,27,27,41,32,27,41,27,40,27,27,41,27,41,41,41,41,27,41,27,33,41,27,41,132,27,41,32,41,27,41,27,41,39,30,41,27,27,72,41,32,27,41,224,41,210,230,27,230,46,230,230,230,27,230,230,27,27,230,27,199,27,27,27,34,132,33,27,33,41,41,41,27,41,41,41,27,41,41,41,41,41,41,41,41,41,41,27,41,33,41,41,214,229,229,41,27,27,27,28,27,27,41,41,41,41,27,229,41,28,28,41,27,27,41,41,32,27,41,41,228,27,41,41,27,41,41,27,177,229,41,32,41,27,229,72,39,41,41,38,41,28,39,27,41,41,27,27,41,27,41,41,41,41,36,41,27,27,41,27,27,27,27,41,27,27,41,41,41,27,40,27,27,41,28,39,41,41,41,41,27,154,41,27,41,41,41,40,229,229,61,230,41,41,32,41,41,27,41,32,41,41,41,41,27,27,229,229,27,41,199,27,199,27,229,58,39,41,27,41,41,27,41,41,41,27,41,27,41,27,41,41,41,41,41,41,41,41,41,41,41,41,41,41,27,28,41,41,41,33,41,41,41,41,27,41,27,41,41,27,27,27,27,41,27,41,27,27,27,27,41,41,28,41,34,41,41,41,41,27,41,41,28,41,87,229,213,205,27,229,211,206,205,206,103
28,27,27,27,27,41,41,27,27,41,41,27,27,27,27,41,41,27,41,41,32,33,41,41,41,27,41,41,41,41,41,41,41,33,41,27,41,41,41,27,41,27,41,27,41,32,41,28,27,41,41,41,41,27,41,27,39,41,27,41,41,41,41,41,27,27,27,41,31,27,28,27,41,41,41,41,27,41,27,27,41,27,40,41,41,41,27,41,41,41,41,41,41,41,41,41,27,41,41,41,35,27,27,41,28,40,41,41,41,41,27,41,28,28,27,39,27,32,41,41,41,41,41,41,41,27,41,27,41,41,27,27,27,41,41,27,41,41,27,32,27,41,41,41,41,27,41,41,41,27,41,41,27,27,41,41,27,41,41,41,27,27,27,27,41,27,41,27,33,28,27,41,27,41,27,27,27,27,27,31,41,41,40,41,27,41,41,41,41,41,41,41,41,41,27,27,41,41,41,38,27,41,27,41,32,41,27,41,39,27,27,27,41,27,41,33,27,41,27,41,41,41,27,41,41,41,41,41,41,41,33,41,41,41,41,41,41,41,39,27,29,30,27,27,41,27,28,32,41,41,41,27,41,41,41,27,41,41,41,41,30,41,27,32,27,41,40,27,41,27,27,32,27,27,27,28,41,41,33,31,41,29,41,32,41,41,27,41,41,27,41,41,27,41,41,27,27,27,27,228,41,27,27,34,41,27,41,41,27,41,41,230,41,32,27,27,41,41,41,27,41,41,27,27,41,41,27,31,41,41,41,41,28,27,27,41,41,27,27,41,41,41,27,32,32,41,41,41,41,39,41,27,41,41,41,41,27,27,41,41,28,41,41,41,27,32,27,27,41,27,41,43,27,229,41,27,27,27,27,96,65,27,41,41,41,27,41,27,27,41,27,27,159,41,41,27,41,27,27,41,41,27,41,40,41,27,27,41,27,41,27,27,27,41,41,41,41,41,41,41,40,27,41,41,41,41,27,41,41,27,41,41,41,27,41,41,41,41,207,147,27,41,32,27,27,41,41,27,41,27,41,27,41,41,27,41,41,196,28,27,27,39,27,28,27,229,27,229,41,41,95,27,41,41,27,41,41,27,27,27,41,29,41,27,27,41,27,41,41,87,32,229,27,27,229,41,27,179,53,27,41,27,27,41,41,41,27,27,41,33,27,41,40,58,27,27,105,32,27,32,27,41,41,41,41,41,41,41,41,41,27,41,41,41,41,27,230,27,49,230,27,41,41,41,27,41,229,32,151,27,45,41,41,27,27,41,41,41,41,27,41,33,27,32,27,41,28,27,41,27,27,27,27,27,41,41,27,27,41,41,39,41,41,41,27,41,41,41,27,41,198,27,28,41,230,41,41,28,230,41,33,41,41,27,27,27,27,41,27,110,41,27,230,230,41,41,27,27,33,41,41,27,33,230,32,27,222,27,41,41,39,27,41,41,41,41,27,27,41,41,41,41,27,41,41,27,41,27,27,41,41,41,41,41,27,41,41,27,27,41,27,41,27,27,41,27,27,41,41,27,41,27,41,32,229,27,27,210,27,27,168,229,27,229,229,229,229,230,229,68,230,40,27,230,27,27,41,230,41,188,27,41,27,41,41,27,27,27,41,32,27,41,27,40,27,27,41,27,41,41,41,41,27,41,27,33,41,27,41,132,27,41,32,41,27,41,27,41,39,30,41,27,27,72,41,32,27,41,224,41,210,230,27,230,46,230,230,230,27,230,230,27,27,230,27,199,27,27,27,34,132,33,27,33,41,41,41,27,41,41,41,27,41,41,41,41,41,41,41,41,41,41,27,41,33,41,41,214,229,229,41,27,27,27,28,27,27,41,41,41,41,27,229,41,28,28,41,27,27,41,41,32,27,41,41,228,27,41,41,27,41,41,27,177,229,41,32,41,27,229,72,39,41,41,38,41,28,39,27,41,41,27,27,41,27,41,41,41,41,36,41,27,27,41,27,27,27,27,41,27,27,41,41,41,27,40,27,27,41,28,39,41,41,41,41,27,154,41,27,41,41,41,40,229,229,61,230,41,41,32,41,41,27,41,32,41,41,41,41,27,27,229,229,27,41,199,27,199,27,229,58,39,41,27,41,41,27,41,41,41,27,41,27,41,27,41,41,41,41,41,41,41,41,41,41,41,41,41,41,27,28,41,41,41,33,41,41,41,41,27,41,27,41,41,27,27,27,27,41,27,41,27,27,27,27,41,41,28,41,34,41,41,41,41,27,41,41,28,41,87,229,213,205,27,229,211,206,205,206,103
32,27,27,32,27,41,41,27,28,41,32,27,27,30,27,41,41,27,41,41,41,39,41,41,41,27,41,41,41,41,41,41,41,40,41,27,41,41,39,28,41,27,41,27,41,39,41,33,27,41,41,41,41,27,41,27,41,41,27,41,41,41,41,41,27,27,27,41,33,27,32,27,41,41,41,41,27,41,27,27,41,27,41,41,41,41,27,41,41,41,41,41,41,41,41,41,27,41,41,41,33,27,27,41,33,32,40,41,41,41,41,41,33,27,27,41,27,41,41,41,41,41,41,41,41,27,41,27,41,41,27,27,27,41,41,27,41,41,27,40,27,41,41,41,41,27,41,41,41,27,41,41,27,27,41,41,27,41,41,39,27,27,27,27,41,27,41,32,28,33,27,41,27,41,27,27,27,27,27,28,41,41,32,41,28,41,41,41,41,41,41,41,41,41,27,27,41,41,41,38,28,41,27,32,27,40,27,41,41,27,27,27,41,27,41,28,27,40,27,41,41,41,27,38,41,41,41,41,41,41,38,41,41,41,41,41,41,41,41,27,27,39,27,27,41,28,33,41,41,41,41,27,41,41,41,27,41,41,41,41,27,41,27,41,27,41,41,27,41,27,27,40,27,27,27,33,41,41,40,31,41,39,41,39,41,41,28,41,39,27,41,41,27,41,41,27,27,27,27,183,41,27,27,31,40,27,40,41,27,41,41,230,41,39,27,27,41,41,41,27,41,41,27,32,41,41,27,32,41,41,41,41,40,27,27,41,41,27,27,41,41,41,28,39,41,41,41,41,41,41,41,27,41,41,41,41,27,27,41,41,32,41,41,41,27,27,27,27,41,27,41,111,43,229,41,27,27,27,27,229,65,27,41,41,41,32,41,27,27,41,27,27,224,53,41,32,41,27,27,41,41,27,41,28,41,27,27,41,27,39,27,27,27,41,41,41,39,41,41,41,40,27,41,41,41,41,28,39,41,27,41,41,41,27,41,61,41,41,59,127,27,41,41,27,27,41,41,27,41,27,41,27,41,41,27,41,41,70,33,28,27,33,27,27,27,229,27,229,41,41,95,27,41,41,27,41,41,28,27,28,39,27,41,27,32,41,27,41,41,86,41,229,27,27,223,71,27,87,41,27,41,27,27,41,41,41,27,27,41,28,27,41,32,170,27,27,210,28,27,27,27,41,41,41,41,41,41,41,41,41,27,41,41,41,41,32,230,27,41,230,27,41,39,41,27,41,216,41,214,27,41,41,41,28,27,41,41,41,41,27,40,40,27,41,27,41,33,27,41,27,27,27,27,27,41,41,27,27,41,41,41,41,41,41,27,41,41,41,27,41,197,27,32,41,228,41,41,32,230,41,33,41,41,27,27,27,27,41,27,103,41,27,41,230,39,41,27,27,28,41,41,27,40,230,41,27,49,27,41,41,29,27,41,41,27,41,27,27,41,41,41,41,27,41,41,27,41,27,32,41,41,41,41,41,32,41,41,27,27,41,27,41,27,27,41,27,27,41,41,27,41,27,41,27,229,27,27,59,27,27,168,230,27,229,229,229,229,230,229,146,230,41,27,230,27,27,41,230,85,188,27,41,27,39,40,27,32,27,41,40,27,41,27,41,27,27,41,27,41,41,41,41,27,41,27,39,41,27,41,132,27,41,40,41,27,41,27,41,41,39,41,27,27,150,41,41,27,41,230,29,228,230,27,230,27,230,230,230,41,230,230,27,27,230,27,230,27,27,27,27,132,28,27,31,41,41,40,27,41,34,41,27,41,41,41,41,41,27,41,42,41,41,32,41,39,41,64,229,229,229,41,27,27,27,27,27,27,41,41,41,41,27,229,41,27,27,41,27,27,41,41,41,27,41,41,197,28,41,63,27,41,41,32,86,229,41,41,41,27,229,41,41,41,41,30,41,33,41,27,41,41,27,28,41,27,41,41,41,41,36,41,27,27,41,27,27,27,27,41,27,27,39,41,41,28,32,27,32,41,27,39,41,41,41,41,27,217,164,27,41,41,41,41,198,198,156,230,41,41,41,41,41,27,41,27,41,41,32,41,27,27,229,229,27,41,229,27,229,27,229,58,41,41,27,41,41,27,41,41,41,27,39,27,41,27,41,41,41,41,41,41,41,41,41,41,41,41,41,41,27,32,41,41,41,39,41,41,41,41,27,41,27,41,41,28,27,27,27,39,27,41,27,27,27,27,32,41,33,41,34,37,41,41,41,27,41,41,33,41,87,229,205,205,27,229,225,230,205,205,213
40,27,27,41,27,40,39,27,40,40,27,27,27,38,27,39,41,27,41,41,41,41,41,41,41,27,38,41,41,41,41,41,41,41,41,27,41,41,28,32,41,27,41,27,41,41,39,39,27,41,41,41,41,27,41,27,41,41,28,41,41,41,41,41,28,27,27,41,39,27,40,27,41,41,41,41,27,41,27,30,41,27,41,41,41,41,27,41,41,41,41,41,41,41,41,41,28,41,41,41,33,27,27,41,39,27,32,41,41,41,41,41,40,27,27,41,27,41,41,41,41,41,41,38,41,27,41,27,41,41,27,27,27,41,41,27,41,41,27,41,27,41,41,41,41,32,41,41,41,27,41,41,27,33,41,41,27,41,41,39,27,27,27,27,41,27,41,41,27,39,27,41,27,41,27,27,27,33,27,27,41,41,40,41,32,41,41,41,41,41,41,41,41,41,28,27,41,27,41,38,32,41,41,27,27,32,27,41,41,27,27,27,41,27,41,27,27,32,27,41,38,41,27,30,41,41,41,41,41,41,41,41,41,41,41,41,41,41,41,27,27,41,27,28,41,33,39,41,41,41,41,27,41,41,41,28,39,41,41,41,27,41,27,41,27,40,41,27,41,27,27,41,27,27,27,39,41,41,41,31,41,41,41,41,41,41,33,41,29,27,71,41,27,41,41,27,27,27,27,82,41,27,27,28,32,27,32,41,28,41,41,230,41,41,27,27,41,41,41,27,41,41,27,41,41,41,27,33,41,41,41,41,41,32,27,41,41,27,27,41,41,41,32,41,41,41,41,41,41,41,41,27,41,41,41,41,27,27,41,41,40,41,41,41,27,27,27,27,39,27,32,198,111,229,41,27,27,27,27,229,65,27,41,41,41,40,41,27,27,41,27,27,230,159,41,41,41,27,27,41,41,27,41,27,41,27,27,41,27,28,32,27,27,41,41,40,33,41,41,41,40,27,41,41,41,41,32,28,41,27,41,38,41,27,41,155,41,41,41,59,27,41,41,27,32,41,41,27,41,27,41,27,41,41,27,41,41,41,39,33,27,28,27,27,27,229,39,182,39,32,95,27,41,41,27,41,41,33,27,33,29,27,41,27,41,41,27,41,41,86,41,229,27,27,41,149,27,41,41,27,41,27,27,41,41,39,27,27,32,27,27,41,27,204,58,27,229,27,96,27,27,41,41,41,41,41,41,41,41,41,27,41,41,41,41,41,229,27,41,218,27,51,28,41,27,41,48,41,229,27,41,41,41,32,27,41,41,41,41,27,28,41,27,41,27,41,39,27,41,27,27,27,27,27,40,41,27,27,41,41,41,41,41,41,27,41,41,41,27,41,175,27,40,41,180,41,41,39,228,41,33,41,41,67,27,27,27,41,67,48,41,53,41,109,31,41,27,27,27,41,38,27,41,229,41,27,41,28,41,41,27,27,41,41,27,41,27,27,41,41,41,41,27,41,41,27,41,27,41,41,41,41,41,41,41,41,41,27,27,39,28,41,27,27,41,27,27,41,41,27,41,27,39,27,229,27,27,41,27,27,168,230,27,229,230,229,229,230,229,146,230,41,27,230,27,27,87,230,185,188,27,41,27,33,33,27,41,27,41,41,27,41,27,41,27,27,41,27,41,41,41,41,27,41,27,41,41,27,41,132,27,41,41,41,27,41,27,41,41,41,41,27,27,214,41,41,27,41,230,27,228,230,97,230,27,230,230,230,110,230,230,27,27,230,27,230,27,27,34,27,132,27,27,28,41,41,32,27,41,31,41,27,41,41,41,41,41,27,41,47,41,54,41,41,41,41,153,229,228,229,41,27,27,28,27,27,27,41,41,41,41,27,229,39,27,27,41,27,27,41,41,41,27,41,41,67,32,41,154,27,41,41,41,41,229,27,41,41,27,229,41,41,41,41,27,41,40,41,27,41,41,27,32,41,27,41,41,41,41,36,41,27,27,41,27,27,27,27,41,27,27,32,41,41,32,28,27,40,41,27,27,41,54,41,39,28,229,229,27,41,165,41,41,68,68,220,229,41,41,41,41,41,27,41,27,41,41,27,41,27,27,189,229,27,39,229,27,229,27,199,58,41,38,27,41,41,27,41,41,41,27,28,32,41,27,41,41,41,41,41,41,41,41,41,41,41,41,41,38,32,39,41,41,41,41,41,41,41,41,27,41,27,41,41,33,27,27,27,33,27,41,27,27,27,27,27,41,39,41,34,30,41,41,41,27,41,41,39,41,87,229,205,205,27,229,230,230,205,205,229
40,27,27,41,27,40,39,27,40,40,27,27,27,38,27,39,41,27,41,41,41,41,41,41,41,27,38,41,41,41,41,41,41,41,41,27,41,41,28,32,41,27,41,27,41,41,39,39,27,41,41,41,41,27,41,27,41,41,28,41,41,41,41,41,28,27,27,41,39,27,40,27,41,41,41,41,27,41,27,30,41,27,41,41,41,41,27,41,41,41,41,41,41,41,41,41,28,41,41,41,33,27,27,41,39,27,32,41,41,41,41,41,40,27,27,41,27,41,41,41,41,41,41,38,41,27,41,27,41,41,27,27,27,41,41,27,41,41,27,41,27,41,41,41,41,32,41,41,41,27,41,41,27,33,41,41,27,41,41,39,27,27,27,27,41,27,41,41,27,39,27,41,27,41,27,27,27,33,27,27,41,41,40,41,32,41,41,41,41,41,41,41,41,41,28,27,41,27,41,38,32,41,41,27,27,32,27,41,41,27,27,27,41,27,41,27,27,32,27,41,38,41,27,30,41,41,41,41,41,41,41,41,41,41,41,41,41,41,41,27,27,41,27,28,41,33,39,41,41,41,41,27,41,41,41,28,39,41,41,41,27,41,27,41,27,40,41,27,41,27,27,41,27,27,27,39,41,41,41,31,41,41,41,41,41,41,33,41,29,27,71,41,27,41,41,27,27,27,27,82,41,27,27,28,32,27,32,41,28,41,41,230,41,41,27,27,41,41,41,27,41,41,27,41,41,41,27,33,41,41,41,41,41,32,27,41,41,27,27,41,41,41,32,41,41,41,41,41,41,41,41,27,41,41,41,41,27,27,41,41,40,41,41,41,27,27,27,27,39,27,32,198,111,229,41,27,27,27,27,229,65,27,41,41,41,40,41,27,27,41,27,27,230,159,41,41,41,27,27,41,41,27,41,27,41,27,27,41,27,28,32,27,27,41,41,40,33,41,41,41,40,27,41,41,41,41,32,28,41,27,41,38,41,27,41,155,41,41,41,59,27,41,41,27,32,41,41,27,41,27,41,27,41,41,27,41,41,41,39,33,27,28,27,27,27,229,39,182,39,32,95,27,41,41,27,41,41,33,27,33,29,27,41,27,41,41,27,41,41,86,41,229,27,27,41,149,27,41,41,27,41,27,27,41,41,39,27,27,32,27,27,41,27,204,58,27,229,27,96,27,27,41,41,41,41,41,41,41,41,41,27,41,41,41,41,41,229,27,41,218,27,51,28,41,27,41,48,41,229,27,41,41,41,32,27,41,41,41,41,27,28,41,27,41,27,41,39,27,41,27,27,27,27,27,40,41,27,27,41,41,41,41,41,41,27,41,41,41,27,41,175,27,40,41,180,41,41,39,228,41,33,41,41,67,27,27,27,41,67,48,41,53,41,109,31,41,27,27,27,41,38,27,41,229,41,27,41,28,41,41,27,27,41,41,27,41,27,27,41,41,41,41,27,41,41,27,41,27,41,41,41,41,41,41,41,41,41,27,27,39,28,41,27,27,41,27,27,41,41,27,41,27,39,27,229,27,27,41,27,27,168,230,27,229,230,229,229,230,229,146,230,41,27,230,27,27,87,230,185,188,27,41,27,33,33,27,41,27,41,41,27,41,27,41,27,27,41,27,41,41,41,41,27,41,27,41,41,27,41,132,27,41,41,41,27,41,27,41,41,41,41,27,27,214,41,41,27,41,230,27,228,230,97,230,27,230,230,230,110,230,230,27,27,230,27,230,27,27,34,27,132,27,27,28,41,41,32,27,41,31,41,27,41,41,41,41,41,27,41,47,41,54,41,41,41,41,153,229,228,229,41,27,27,28,27,27,27,41,41,41,41,27,229,39,27,27,41,27,27,41,41,41,27,41,41,67,32,41,154,27,41,41,41,41,229,27,41,41,27,229,41,41,41,41,27,41,40,41,27,41,41,27,32,41,27,41,41,41,41,36,41,27,27,41,27,27,27,27,41,27,27,32,41,41,32,28,27,40,41,27,27,41,54,41,39,28,229,229,27,41,165,41,41,68,68,220,229,41,41,41,41,41,27,41,27,41,41,27,41,27,27,189,229,27,39,229,27,229,27,199,58,41,38,27,41,41,27,41,41,41,27,28,32,41,27,41,41,41,41,41,41,41,41,41,41,41,41,41,38,32,39,41,41,41,41,41,41,41,41,27,41,27,41,41,33,27,27,27,33,27,41,27,27,27,27,27,41,39,41,34,30,41,41,41,27,41,41,39,41,87,229,205,205,27,229,230,230,205,205,229
41,27,27,41,27,32,33,27,41,32,27,27,27,41,27,33,41,27,32,41,41,41,41,41,41,27,31,41,41,41,41,41,41,41,41,27,41,41,27,40,41,27,41,27,41,41,28,41,27,41,41,41,41,27,41,27,41,41,33,37,41,41,41,39,33,27,27,41,41,27,41,27,41,41,41,41,27,41,28,39,41,27,41,41,41,41,27,41,41,41,41,41,41,41,41,41,32,41,41,41,33,27,27,41,41,27,27,41,41,41,41,39,41,27,28,41,32,41,41,41,41,41,41,31,41,27,41,32,41,41,32,27,27,41,41,27,41,41,27,41,27,41,41,41,41,41,41,41,41,27,41,41,27,40,41,41,27,41,41,39,27,32,32,27,41,27,32,41,27,41,27,41,27,41,27,27,27,39,27,27,41,41,41,41,40,41,41,41,41,41,41,41,41,41,32,27,41,27,41,38,40,41,41,27,27,27,27,41,41,27,27,27,41,27,41,27,58,27,27,41,37,41,27,27,41,41,41,41,41,41,41,37,41,41,41,41,41,41,41,32,27,41,27,33,41,39,41,41,41,41,41,28,41,41,41,32,28,41,41,41,27,41,27,41,27,32,41,27,32,27,27,41,27,27,27,41,41,41,41,31,41,41,41,41,41,41,39,41,27,27,150,41,27,41,62,27,27,27,27,41,41,27,27,27,27,27,28,41,33,41,41,229,41,41,27,27,41,41,41,27,41,41,32,41,41,41,27,38,41,41,41,41,41,41,27,41,41,27,27,41,41,41,39,41,41,27,41,41,41,41,41,27,41,41,39,41,27,27,41,41,41,41,41,41,27,27,27,27,33,27,27,229,198,229,39,27,27,27,27,229,41,27,41,41,41,41,41,27,27,41,27,28,230,224,41,41,41,27,27,41,41,27,41,27,41,27,27,41,27,27,40,27,27,41,41,33,28,40,41,41,40,27,41,41,41,41,40,27,39,27,41,30,41,27,41,220,41,39,41,41,27,41,41,27,41,41,41,27,41,27,41,27,41,41,27,41,41,41,41,39,27,27,27,27,27,196,107,88,33,27,95,27,41,41,27,41,41,39,27,39,27,27,41,27,41,41,27,27,41,75,41,229,27,27,41,213,28,41,41,27,40,28,27,41,41,32,28,27,27,27,27,41,27,205,170,27,229,27,229,27,27,41,41,41,41,41,41,41,41,41,27,41,41,41,41,41,211,27,41,47,27,160,27,41,27,41,41,41,229,27,41,41,41,40,27,41,41,41,41,27,27,41,32,41,27,41,41,27,41,27,27,27,27,28,32,41,27,27,41,41,41,41,41,41,27,41,41,41,28,41,59,27,41,41,86,53,41,41,189,41,33,41,39,186,27,27,224,41,186,41,41,174,41,41,27,39,27,27,27,49,30,27,41,210,41,27,41,32,41,41,27,27,38,41,27,41,27,27,41,41,41,41,27,41,41,27,41,27,41,41,41,41,41,41,41,41,41,27,27,39,33,41,27,27,41,27,27,41,41,27,41,27,34,27,229,27,27,41,33,27,168,230,27,229,230,229,229,229,229,146,230,41,27,230,27,32,183,230,229,188,46,41,27,28,27,27,41,27,40,41,27,41,27,41,28,32,41,27,41,41,40,41,27,41,27,41,41,27,41,129,27,41,41,41,27,41,27,41,41,41,41,27,27,230,41,41,32,41,230,27,228,203,230,230,27,230,230,230,203,230,230,27,27,230,27,230,27,27,103,27,132,27,27,27,41,41,27,27,41,31,41,27,41,41,41,41,41,27,41,50,41,157,41,41,41,41,217,229,181,227,41,27,27,33,27,29,27,41,41,41,41,27,41,33,27,27,39,27,27,41,41,41,32,41,41,41,39,41,217,27,41,41,41,41,227,27,41,41,27,223,41,41,41,41,27,41,41,41,27,41,41,27,39,41,32,41,41,41,41,36,41,27,27,41,27,27,27,27,41,27,27,28,41,41,40,27,27,41,41,27,27,41,158,41,28,33,229,229,27,41,230,41,41,41,41,230,206,41,165,41,41,41,27,41,27,41,41,27,41,27,27,80,210,27,33,229,27,229,27,71,58,41,30,27,41,41,27,41,41,41,27,27,41,41,27,41,41,41,41,41,41,41,41,27,41,41,41,41,30,41,41,41,41,41,41,41,41,41,41,27,41,27,41,41,39,27,27,27,28,27,41,27,27,27,27,27,39,41,41,34,27,37,41,41,27,41,41,41,41,29,229,205,205,27,229,230,230,206,205,229
41,27,27,41,27,32,33,27,41,32,27,27,27,41,27,33,41,27,32,41,41,41,41,41,41,27,31,41,41,41,41,41,41,41,41,27,41,41,27,40,41,27,41,27,41,41,28,41,27,41,41,41,41,27,41,27,41,41,33,37,41,41,41,39,33,27,27,41,41,27,41,27,41,41,41,41,27,41,28,39,41,27,41,41,41,41,27,41,41,41,41,41,41,41,41,41,32,41,41,41,33,27,27,41,41,27,27,41,41,41,41,39,41,27,28,41,32,41,41,41,41,41,41,31,41,27,41,32,41,41,32,27,27,41,41,27,41,41,27,41,27,41,41,41,41,41,41,41,41,27,41,41,27,40,41,41,27,41,41,39,27,32,32,27,41,27,32,41,27,41,27,41,27,41,27,27,27,39,27,27,41,41,41,41,40,41,41,41,41,41,41,41,41,41,32,27,41,27,41,38,40,41,41,27,27,27,27,41,41,27,27,27,41,27,41,27,58,27,27,41,37,41,27,27,41,41,41,41,41,41,41,37,41,41,41,41,41,41,41,32,27,41,27,33,41,39,41,41,41,41,41,28,41,41,41,32,28,41,41,41,27,41,27,41,27,32,41,27,32,27,27,41,27,27,27,41,41,41,41,31,41,41,41,41,41,41,39,41,27,27,150,41,27,41,62,27,27,27,27,41,41,27,27,27,27,27,28,41,33,41,41,229,41,41,27,27,41,41,41,27,41,41,32,41,41,41,27,38,41,41,41,41,41,41,27,41,41,27,27,41,41,41,39,41,41,27,41,41,41,41,41,27,41,41,39,41,27,27,41,41,41,41,41,41,27,27,27,27,33,27,27,229,198,229,39,27,27,27,27,229,41,27,41,41,41,41,41,27,27,41,27,28,230,224,41,41,41,27,27,41,41,27,41,27,41,27,27,41,27,27,40,27,27,41,41,33,28,40,41,41,40,27,41,41,41,41,40,27,39,27,41,30,41,27,41,220,41,39,41,41,27,41,41,27,41,41,41,27,41,27,41,27,41,41,27,41,41,41,41,39,27,27,27,27,27,196,107,88,33,27,95,27,41,41,27,41,41,39,27,39,27,27,41,27,41,41,27,27,41,75,41,229,27,27,41,213,28,41,41,27,40,28,27,41,41,32,28,27,27,27,27,41,27,205,170,27,229,27,229,27,27,41,41,41,41,41,41,41,41,41,27,41,41,41,41,41,211,27,41,47,27,160,27,41,27,41,41,41,229,27,41,41,41,40,27,41,41,41,41,27,27,41,32,41,27,41,41,27,41,27,27,27,27,28,32,41,27,27,41,41,41,41,41,41,27,41,41,41,28,41,59,27,41,41,86,53,41,41,189,41,33,41,39,186,27,27,224,41,186,41,41,174,41,41,27,39,27,27,27,49,30,27,41,210,41,27,41,32,41,41,27,27,38,41,27,41,27,27,41,41,41,41,27,41,41,27,41,27,41,41,41,41,41,41,41,41,41,27,27,39,33,41,27,27,41,27,27,41,41,27,41,27,34,27,229,27,27,41,33,27,168,230,27,229,230,229,229,229,229,146,230,41,27,230,27,32,183,230,229,188,46,41,27,28,27,27,41,27,40,41,27,41,27,41,28,32,41,27,41,41,40,41,27,41,27,41,41,27,41,129,27,41,41,41,27,41,27,41,41,41,41,27,27,230,41,41,32,41,230,27,228,203,230,230,27,230,230,230,203,230,230,27,27,230,27,230,27,27,103,27,132,27,27,27,41,41,27,27,41,31,41,27,41,41,41,41,41,27,41,50,41,157,41,41,41,41,217,229,181,227,41,27,27,33,27,29,27,41,41,41,41,27,41,33,27,27,39,27,27,41,41,41,32,41,41,41,39,41,217,27,41,41,41,41,227,27,41,41,27,223,41,41,41,41,27,41,41,41,27,41,41,27,39,41,32,41,41,41,41,36,41,27,27,41,27,27,27,27,41,27,27,28,41,41,40,27,27,41,41,27,27,41,158,41,28,33,229,229,27,41,230,41,41,41,41,230,206,41,165,41,41,41,27,41,27,41,41,27,41,27,27,80,210,27,33,229,27,229,27,71,58,41,30,27,41,41,27,41,41,41,27,27,41,41,27,41,41,41,41,41,41,41,41,27,41,41,41,41,30,41,41,41,41,41,41,41,41,41,41,27,41,27,41,41,39,27,27,27,28,27,41,27,27,27,27,27,39,41,41,34,27,37,41,41,27,41,41,41,41,29,229,205,205,27,229,230,230,206,205,229
41,27,27,41,27,27,28,27,41,27,27,27,27,41,30,28,41,27,27,41,41,41,41,41,41,27,27,41,41,41,41,41,41,41,41,27,41,41,27,41,41,27,41,28,41,41,27,41,27,41,41,41,41,32,41,27,41,41,39,30,41,41,41,33,39,27,27,41,41,27,41,27,41,41,41,32,27,41,32,41,41,27,41,41,41,41,27,41,41,41,41,41,41,41,41,41,40,41,41,41,33,27,27,32,41,27,27,41,41,41,41,33,41,27,33,41,40,41,39,39,41,41,41,27,41,27,41,41,41,41,41,28,27,41,41,27,41,41,27,41,27,41,41,41,41,41,41,39,41,27,41,41,32,41,41,41,27,41,41,39,27,41,41,27,41,27,27,41,27,41,27,41,27,41,27,27,27,41,27,27,41,41,41,41,41,41,41,41,41,41,41,41,41,41,40,27,41,27,41,38,41,41,41,27,27,27,27,41,41,28,27,50,40,28,40,27,169,27,27,41,37,41,27,27,41,41,41,41,41,41,41,31,41,41,41,41,41,41,41,41,27,41,28,39,41,41,41,41,41,41,41,33,41,41,41,40,27,41,41,41,27,41,27,41,27,27,41,27,27,27,27,41,27,27,27,41,41,41,41,31,41,41,41,41,41,41,41,41,27,27,213,41,27,41,154,32,27,27,27,41,41,27,27,27,27,27,27,41,39,41,41,229,41,41,27,46,41,39,41,28,41,41,41,41,41,41,27,41,41,41,41,41,41,41,27,41,41,27,27,41,41,41,41,41,41,27,41,41,41,41,41,27,41,41,28,41,27,27,41,41,41,41,41,41,27,27,27,27,28,27,27,229,229,186,33,27,27,27,27,229,41,27,41,41,41,41,41,27,27,41,27,32,229,230,41,41,41,27,32,41,41,27,41,27,41,27,27,41,27,27,41,27,32,41,41,27,27,32,41,41,40,27,41,41,41,41,41,27,28,27,38,27,41,27,41,230,41,28,41,41,28,41,41,27,41,41,41,27,41,27,41,27,41,38,27,53,60,41,41,41,27,27,34,27,27,74,205,41,28,27,41,27,41,40,27,41,39,41,27,41,27,27,41,32,41,41,27,27,41,52,41,219,32,27,41,229,33,41,41,27,34,33,27,41,41,28,33,27,27,27,30,39,27,205,204,27,229,27,229,27,36,41,41,41,41,41,41,41,41,41,27,41,41,41,41,41,55,27,41,41,27,224,27,41,27,63,41,41,229,28,41,41,41,41,27,41,41,41,41,27,27,41,41,41,27,32,41,27,41,27,27,27,27,33,27,41,27,27,41,41,41,41,41,41,30,41,41,41,32,41,41,27,41,41,41,159,41,41,77,41,33,41,33,229,27,27,230,41,229,41,39,204,41,41,27,33,27,27,27,53,27,27,41,56,41,32,41,40,41,41,27,27,30,41,27,41,27,27,41,41,41,41,27,41,41,27,41,27,41,41,41,41,41,41,41,41,41,28,27,39,39,41,27,27,41,27,27,41,41,27,41,27,31,27,184,27,27,41,103,27,166,230,27,229,230,229,229,229,229,146,230,41,28,230,27,41,229,230,229,188,206,41,27,27,27,27,41,27,32,41,27,41,27,41,32,41,41,223,41,41,38,41,27,41,27,41,41,27,41,129,27,41,41,41,27,41,27,41,41,41,41,27,27,230,41,41,41,41,229,27,228,58,230,230,27,230,230,230,230,230,230,27,27,230,27,230,27,27,217,27,124,27,27,27,41,40,27,27,41,31,41,27,41,41,41,41,41,27,41,50,41,222,41,38,41,41,229,228,85,181,41,27,27,39,27,39,27,41,39,41,41,27,41,28,27,27,33,27,27,45,41,41,41,41,41,41,41,63,229,28,41,41,41,41,179,27,41,41,32,41,41,41,41,41,27,41,41,41,27,41,41,27,41,41,41,41,41,41,41,36,39,27,27,41,27,27,27,27,41,27,27,27,41,41,41,27,27,41,41,27,27,41,222,67,27,39,229,229,27,41,230,41,41,41,41,230,60,41,230,41,41,41,27,41,27,41,41,27,41,27,27,41,59,59,28,229,42,229,27,41,58,41,27,27,38,41,27,41,41,41,27,27,41,41,27,41,41,41,41,41,41,41,41,27,41,41,41,41,27,41,41,41,41,41,41,41,41,41,41,32,41,27,41,41,41,27,27,27,27,27,41,27,27,27,27,27,33,41,41,34,27,30,41,41,27,41,41,41,41,27,229,205,206,96,229,230,230,230,205,229
41,40,27,41,27,27,27,27,41,27,27,27,27,41,38,27,41,32,27,41,41,41,41,41,41,27,27,41,41,41,41,41,41,41,41,27,41,41,27,41,39,27,41,33,41,41,27,41,28,41,41,41,41,41,41,27,41,41,41,27,41,41,41,28,41,28,27,32,41,27,41,27,41,41,41,27,27,40,40,41,41,27,41,41,41,41,28,41,41,41,41,41,41,41,41,41,41,41,41,41,33,27,27,27,41,27,27,41,41,32,41,28,41,27,39,41,41,41,33,34,41,41,41,27,41,28,41,41,41,41,41,33,27,41,41,28,41,41,32,41,27,41,41,41,41,41,41,29,41,27,41,27,41,41,41,41,27,41,41,39,27,41,41,27,41,27,27,41,27,41,27,41,27,41,27,27,27,41,27,27,38,41,41,41,41,41,41,41,41,41,41,41,41,41,41,27,41,27,41,38,41,39,41,27,27,27,27,41,41,33,27,177,32,32,32,27,204,27,54,41,37,41,27,27,41,41,41,39,41,41,41,27,41,41,41,41,41,41,41,41,27,41,32,41,41,41,41,41,41,41,41,39,41,41,41,41,27,41,41,41,27,41,27,41,27,27,41,27,27,32,27,41,27,27,27,41,41,41,41,30,41,41,41,41,41,41,41,41,27,27,229,41,27,41,218,41,27,27,28,41,43,28,27,27,27,27,27,41,41,41,41,229,41,41,27,206,41,33,41,33,41,41,41,41,41,41,27,41,41,41,41,41,41,41,28,41,41,28,28,41,41,41,41,41,41,27,41,41,41,41,41,27,41,41,27,41,27,27,41,41,41,41,41,40,27,27,27,27,27,27,27,229,229,84,28,27,27,27,27,229,41,27,41,41,41,41,41,27,27,41,27,40,207,230,41,41,61,27,41,41,41,27,41,27,41,27,27,41,27,27,41,27,41,41,41,27,27,28,41,41,40,27,41,41,41,41,41,27,27,27,30,27,66,32,41,230,41,27,41,41,33,41,41,27,41,41,41,27,41,27,64,27,41,31,27,159,156,41,41,41,27,27,103,27,39,41,229,41,27,27,41,27,32,32,27,41,33,41,27,41,27,27,41,40,41,41,27,27,41,41,41,45,41,27,41,229,39,41,40,33,29,39,27,41,39,27,39,27,27,27,83,33,27,205,205,27,229,27,229,27,71,41,41,41,41,41,41,41,41,41,28,41,41,41,41,41,41,27,40,41,27,229,27,41,27,154,41,41,228,32,39,41,41,41,27,41,41,41,41,27,27,41,41,41,27,27,41,27,41,27,27,27,27,39,27,41,27,27,41,39,41,41,41,41,37,41,41,41,40,41,41,27,41,41,41,224,41,41,41,41,33,32,28,230,27,27,230,39,230,41,32,205,41,41,27,28,27,27,27,53,27,28,41,41,41,41,41,41,41,41,27,27,27,41,27,41,30,27,41,41,41,41,27,41,41,27,41,27,41,41,41,41,41,41,41,41,41,32,28,39,41,39,27,27,39,27,27,41,41,27,32,27,28,27,86,27,27,40,216,27,164,230,27,230,230,182,229,229,230,146,230,41,33,230,27,41,229,230,229,188,229,41,27,27,27,27,41,27,27,41,27,41,27,41,40,41,41,229,41,41,37,41,27,41,32,41,41,27,41,41,27,41,41,63,27,27,27,41,41,41,41,27,28,228,41,41,41,41,207,27,228,28,230,230,27,230,230,230,230,230,230,27,27,230,27,230,27,27,230,27,67,27,27,27,27,33,27,27,41,31,41,27,41,41,41,41,41,27,41,50,41,229,41,30,41,41,229,183,41,83,41,27,27,41,27,41,27,39,33,41,32,199,41,27,27,27,28,27,40,73,41,41,41,41,41,41,41,154,229,33,41,41,41,41,86,27,41,164,41,41,41,41,41,41,27,41,41,41,27,41,41,27,41,41,41,41,41,38,41,36,32,27,27,41,27,27,27,27,41,27,27,27,41,41,41,27,27,41,40,27,27,41,229,152,27,41,228,229,28,41,230,53,41,41,41,230,41,41,230,41,41,41,27,41,27,41,41,27,41,27,27,41,41,198,27,229,110,188,27,41,54,41,27,27,30,41,27,41,41,41,27,27,41,41,27,41,41,41,41,41,41,41,41,27,41,41,41,41,27,41,41,41,41,41,41,41,41,41,41,41,41,27,41,41,41,27,27,28,27,27,41,27,27,27,27,27,28,41,40,34,27,27,41,41,27,41,41,41,41,27,229,205,230,229,229,230,230,230,209,229
41,40,27,41,27,27,27,27,41,27,27,27,27,41,38,27,41,32,27,41,41,41,41,41,41,27,27,41,41,41,41,41,41,41,41,27,41,41,27,41,39,27,41,33,41,41,27,41,28,41,41,41,41,41,41,27,41,41,41,27,41,41,41,28,41,28,27,32,41,27,41,27,41,41,41,27,27,40,40,41,41,27,41,41,41,41,28,41,41,41,41,41,41,41,41,41,41,41,41,41,33,27,27,27,41,27,27,41,41,32,41,28,41,27,39,41,41,41,33,34,41,41,41,27,41,28,41,41,41,41,41,33,27,41,41,28,41,41,32,41,27,41,41,41,41,41,41,29,41,27,41,27,41,41,41,41,27,41,41,39,27,41,41,27,41,27,27,41,27,41,27,41,27,41,27,27,27,41,27,27,38,41,41,41,41,41,41,41,41,41,41,41,41,41,41,27,41,27,41,38,41,39,41,27,27,27,27,41,41,33,27,177,32,32,32,27,204,27,54,41,37,41,27,27,41,41,41,39,41,41,41,27,41,41,41,41,41,41,41,41,27,41,32,41,41,41,41,41,41,41,41,39,41,41,41,41,27,41,41,41,27,41,27,41,27,27,41,27,27,32,27,41,27,27,27,41,41,41,41,30,41,41,41,41,41,41,41,41,27,27,229,41,27,41,218,41,27,27,28,41,43,28,27,27,27,27,27,41,41,41,41,229,41,41,27,206,41,33,41,33,41,41,41,41,41,41,27,41,41,41,41,41,41,41,28,41,41,28,28,41,41,41,41,41,41,27,41,41,41,41,41,27,41,41,27,41,27,27,41,41,41,41,41,40,27,27,27,27,27,27,27,229,229,84,28,27,27,27,27,229,41,27,41,41,41,41,41,27,27,41,27,40,207,230,41,41,61,27,41,41,41,27,41,27,41,27,27,41,27,27,41,27,41,41,41,27,27,28,41,41,40,27,41,41,41,41,41,27,27,27,30,27,66,32,41,230,41,27,41,41,33,41,41,27,41,41,41,27,41,27,64,27,41,31,27,159,156,41,41,41,27,27,103,27,39,41,229,41,27,27,41,27,32,32,27,41,33,41,27,41,27,27,41,40,41,41,27,27,41,41,41,45,41,27,41,229,39,41,40,33,29,39,27,41,39,27,39,27,27,27,83,33,27,205,205,27,229,27,229,27,71,41,41,41,41,41,41,41,41,41,28,41,41,41,41,41,41,27,40,41,27,229,27,41,27,154,41,41,228,32,39,41,41,41,27,41,41,41,41,27,27,41,41,41,27,27,41,27,41,27,27,27,27,39,27,41,27,27,41,39,41,41,41,41,37,41,41,41,40,41,41,27,41,41,41,224,41,41,41,41,33,32,28,230,27,27,230,39,230,41,32,205,41,41,27,28,27,27,27,53,27,28,41,41,41,41,41,41,41,41,27,27,27,41,27,41,30,27,41,41,41,41,27,41,41,27,41,27,41,41,41,41,41,41,41,41,41,32,28,39,41,39,27,27,39,27,27,41,41,27,32,27,28,27,86,27,27,40,216,27,164,230,27,230,230,182,229,229,230,146,230,41,33,230,27,41,229,230,229,188,229,41,27,27,27,27,41,27,27,41,27,41,27,41,40,41,41,229,41,41,37,41,27,41,32,41,41,27,41,41,27,41,41,63,27,27,27,41,41,41,41,27,28,228,41,41,41,41,207,27,228,28,230,230,27,230,230,230,230,230,230,27,27,230,27,230,27,27,230,27,67,27,27,27,27,33,27,27,41,31,41,27,41,41,41,41,41,27,41,50,41,229,41,30,41,41,229,183,41,83,41,27,27,41,27,41,27,39,33,41,32,199,41,27,27,27,28,27,40,73,41,41,41,41,41,41,41,154,229,33,41,41,41,41,86,27,41,164,41,41,41,41,41,41,27,41,41,41,27,41,41,27,41,41,41,41,41,38,41,36,32,27,27,41,27,27,27,27,41,27,27,27,41,41,41,27,27,41,40,27,27,41,229,152,27,41,228,229,28,41,230,53,41,41,41,230,41,41,230,41,41,41,27,41,27,41,41,27,41,27,27,41,41,198,27,229,110,188,27,41,54,41,27,27,30,41,27,41,41,41,27,27,41,41,27,41,41,41,41,41,41,41,41,27,41,41,41,41,27,41,41,41,41,41,41,41,41,41,41,41,41,27,41,41,41,27,27,28,27,27,41,27,27,27,27,27,28,41,40,34,27,27,41,41,27,41,41,41,41,27,229,205,230,229,229,230,230,230,209,229
41,211,40,41,27,27,27,27,41,27,27,32,27,41,41,27,40,41,27,41,41,41,41,41,41,28,27,41,41,41,41,41,40,41,41,27,41,41,27,41,28,27,41,39,41,41,27,41,33,41,41,41,41,41,41,28,41,41,41,27,41,41,41,27,41,33,27,27,41,27,41,27,41,41,41,27,27,32,41,41,41,27,41,41,41,41,33,41,41,41,41,41,41,41,41,41,41,41,41,41,33,27,27,27,41,27,27,41,39,27,41,27,41,27,41,41,41,41,28,30,41,41,41,27,41,33,41,41,41,41,41,40,27,41,41,32,41,41,41,41,27,41,41,41,41,41,41,27,41,27,41,27,41,41,41,41,27,41,41,39,27,41,41,27,41,27,27,41,27,41,27,41,27,41,27,27,27,41,27,27,36,41,41,41,41,41,41,41,41,41,41,41,41,41,41,27,41,27,41,38,41,33,41,27,27,27,27,40,41,39,49,204,27,40,27,27,205,27,173,41,37,41,27,27,41,41,41,29,41,41,41,27,41,41,41,41,41,41,41,41,27,41,39,41,41,41,41,41,41,41,41,41,41,41,41,41,27,41,41,41,27,39,27,41,27,27,41,27,27,41,27,41,27,27,27,41,41,41,41,27,41,41,41,41,39,41,41,41,27,27,229,41,27,41,229,41,27,27,33,41,58,33,27,27,27,39,27,41,41,39,41,229,41,41,46,229,41,28,41,39,41,38,41,41,41,41,27,41,41,41,41,41,41,41,32,41,41,32,33,41,41,41,41,41,41,27,41,41,41,41,41,27,41,41,27,41,27,27,41,41,41,41,41,32,27,27,27,27,27,27,27,185,229,41,27,27,96,27,27,41,41,27,41,41,41,41,41,28,28,41,27,41,59,230,41,41,155,27,41,41,41,27,41,27,40,27,27,41,75,27,41,27,41,41,41,27,27,27,40,41,40,28,41,41,27,41,41,27,27,27,27,27,153,41,41,230,41,27,39,41,39,41,41,27,41,41,41,28,41,27,154,27,27,27,27,224,220,41,41,41,27,27,215,27,107,41,229,41,27,27,41,27,27,27,27,41,28,41,28,41,27,27,41,41,41,41,27,27,41,41,41,41,41,27,41,229,41,38,28,40,29,41,32,41,33,27,41,27,27,27,176,28,27,207,205,27,202,27,229,27,114,41,41,41,41,41,41,41,41,41,33,70,41,41,41,41,41,27,28,41,27,229,27,71,32,217,41,41,183,40,28,39,41,41,27,41,41,41,41,28,27,41,41,41,27,27,41,28,41,27,27,27,27,41,27,41,27,27,41,34,41,41,41,41,33,41,41,41,41,41,41,28,41,41,41,230,41,41,41,230,144,27,27,230,27,27,230,33,230,40,28,205,41,41,27,27,27,27,27,53,27,33,41,41,41,41,40,41,62,41,27,27,27,41,27,41,38,27,41,41,41,41,27,41,41,28,41,32,41,41,41,41,41,41,41,41,41,40,33,39,41,32,27,27,33,27,27,41,41,27,27,27,27,27,41,27,27,32,229,27,164,230,27,230,230,79,229,229,230,146,230,69,40,220,27,41,229,230,229,177,230,41,27,27,27,63,41,224,27,41,27,41,27,41,41,41,41,229,41,41,37,38,27,41,41,41,41,27,41,41,27,41,41,154,32,27,27,41,41,41,41,27,33,180,41,41,41,41,59,27,228,27,230,230,27,230,230,230,230,230,230,27,27,230,27,230,27,27,230,27,31,27,27,27,27,27,27,27,41,31,41,27,41,40,41,41,41,27,35,50,41,229,41,27,41,41,229,82,41,41,41,27,27,41,27,41,27,33,28,41,27,205,41,27,27,27,27,27,108,90,41,41,41,41,41,41,41,217,229,39,41,164,41,37,41,27,41,229,41,41,41,41,41,41,27,41,41,41,27,41,41,27,41,41,41,41,41,30,38,27,28,27,27,41,27,27,27,27,41,27,27,27,41,41,41,27,27,41,32,27,27,41,229,216,27,41,191,229,33,41,230,159,41,41,41,229,41,41,230,41,41,41,27,41,27,32,32,27,40,27,96,41,41,230,27,188,199,83,27,41,45,41,27,27,27,41,27,41,41,41,27,27,41,41,28,41,41,41,41,41,41,41,41,27,41,41,41,41,27,41,41,41,41,41,41,41,41,41,41,41,41,27,41,41,41,27,27,32,27,27,41,27,27,27,28,27,27,41,32,34,27,27,41,41,27,41,41,41,41,27,213,206,230,229,226,190,230,230,227,229
41,230,211,41,28,27,27,27,41,27,27,41,27,41,41,27,33,41,27,32,41,41,41,41,41,33,27,41,39,41,41,41,28,41,41,27,41,41,27,41,27,27,41,41,41,41,27,41,39,41,41,41,41,41,41,31,41,41,41,27,41,40,41,27,41,39,28,27,41,27,41,27,41,41,41,27,27,27,41,41,41,27,41,41,41,41,40,39,41,41,41,41,41,41,41,41,41,41,41,41,33,27,27,27,41,27,27,41,33,27,41,27,41,27,41,41,41,41,27,29,41,41,41,27,41,39,41,41,41,41,41,41,27,41,41,40,41,41,41,41,28,41,41,39,41,41,41,27,41,27,41,27,41,41,41,41,27,41,41,39,27,41,41,27,41,27,27,41,27,41,27,41,27,41,27,27,27,41,27,27,36,41,41,39,41,41,41,41,41,41,41,41,41,41,41,27,41,27,41,38,41,28,41,27,27,27,30,32,41,41,170,205,27,41,27,27,205,27,204,41,37,41,27,27,41,41,41,27,41,41,41,27,41,41,41,41,41,41,41,41,27,41,41,41,41,41,41,41,41,27,41,41,41,41,41,41,27,41,41,41,27,33,27,41,27,27,41,27,27,41,27,41,27,27,27,41,41,41,41,27,41,41,41,41,30,41,41,41,27,27,229,41,27,41,229,41,27,27,39,41,68,39,27,27,27,41,27,41,41,33,32,229,41,41,206,230,41,27,41,41,41,30,41,41,41,41,27,41,41,41,41,41,41,41,40,41,41,40,39,41,39,41,41,41,41,27,41,41,41,41,41,27,41,27,27,41,28,27,41,41,41,41,41,27,27,27,27,27,27,27,27,85,229,41,27,43,229,27,27,41,41,27,41,41,41,41,41,33,33,41,27,41,41,229,165,41,220,27,41,41,41,27,41,27,32,27,27,41,177,27,41,27,41,41,41,27,27,27,32,41,40,32,41,41,27,41,41,27,27,27,27,27,216,41,41,229,41,27,28,41,41,41,41,27,41,41,41,32,41,27,218,27,27,27,27,230,230,39,41,41,93,27,229,27,205,41,229,41,27,27,41,27,27,27,27,32,27,41,32,41,27,27,41,41,41,41,27,27,41,41,41,41,41,27,41,182,41,31,27,41,29,41,41,32,28,27,41,27,27,27,183,27,27,215,205,27,67,27,229,27,131,41,41,41,41,41,41,41,41,76,39,151,41,41,41,41,41,27,27,41,27,229,27,150,41,229,40,41,82,41,27,30,41,41,28,41,41,41,41,33,27,41,41,41,27,27,41,33,39,28,27,27,27,41,27,41,27,27,41,29,41,41,41,41,39,41,41,41,41,41,41,33,41,41,38,230,41,41,41,230,148,27,27,230,27,27,230,28,217,32,27,207,27,41,27,27,27,27,27,53,27,39,41,41,41,41,28,41,155,53,27,27,27,41,27,41,41,27,41,41,41,41,27,41,41,33,41,41,41,41,41,41,41,41,41,38,39,41,39,39,41,28,27,27,28,27,27,41,41,27,27,27,27,27,36,27,27,27,229,27,164,230,27,230,230,29,230,210,230,229,230,200,41,42,27,41,229,182,229,83,230,41,27,27,27,188,41,230,27,41,27,40,27,41,41,41,41,229,41,41,37,30,27,41,41,41,41,27,41,41,27,41,41,219,41,27,27,41,41,41,41,32,39,87,41,41,41,41,41,27,228,27,230,230,27,230,230,230,230,230,230,27,27,230,27,230,27,27,230,27,27,27,27,27,27,27,27,27,41,31,41,27,41,28,41,41,39,27,27,50,41,229,41,27,41,41,227,41,41,41,45,27,41,41,27,41,27,28,27,41,27,205,41,27,27,27,27,27,204,92,41,41,41,41,41,39,41,229,228,41,41,229,41,31,41,27,41,229,41,41,41,41,41,41,27,41,41,41,27,41,41,27,41,41,41,41,41,27,30,27,27,27,27,41,27,27,27,27,32,27,27,27,41,39,41,27,27,41,28,27,27,41,228,229,27,41,73,223,39,41,230,224,41,41,39,196,41,41,230,41,41,41,27,39,27,27,27,27,32,27,229,41,41,230,27,83,229,41,27,40,41,41,27,27,27,41,27,41,41,41,27,27,41,41,33,41,41,41,41,41,41,41,41,27,41,39,41,41,27,41,41,41,41,41,41,41,41,41,41,41,41,27,41,41,41,33,27,40,27,27,41,27,27,27,32,27,27,41,27,34,27,27,41,41,27,41,41,41,41,27,205,230,230,229,215,71,33,230,230,229
41,230,211,41,28,27,27,27,41,27,27,41,27,41,41,27,33,41,27,32,41,41,41,41,41,33,27,41,39,41,41,41,28,41,41,27,41,41,27,41,27,27,41,41,41,41,27,41,39,41,41,41,41,41,41,31,41,41,41,27,41,40,41,27,41,39,28,27,41,27,41,27,41,41,41,27,27,27,41,41,41,27,41,41,41,41,40,39,41,41,41,41,41,41,41,41,41,41,41,41,33,27,27,27,41,27,27,41,33,27,41,27,41,27,41,41,41,41,27,29,41,41,41,27,41,39,41,41,41,41,41,41,27,41,41,40,41,41,41,41,28,41,41,39,41,41,41,27,41,27,41,27,41,41,41,41,27,41,41,39,27,41,41,27,41,27,27,41,27,41,27,41,27,41,27,27,27,41,27,27,36,41,41,39,41,41,41,41,41,41,41,41,41,41,41,27,41,27,41,38,41,28,41,27,27,27,30,32,41,41,170,205,27,41,27,27,205,27,204,41,37,41,27,27,41,41,41,27,41,41,41,27,41,41,41,41,41,41,41,41,27,41,41,41,41,41,41,41,41,27,41,41,41,41,41,41,27,41,41,41,27,33,27,41,27,27,41,27,27,41,27,41,27,27,27,41,41,41,41,27,41,41,41,41,30,41,41,41,27,27,229,41,27,41,229,41,27,27,39,41,68,39,27,27,27,41,27,41,41,33,32,229,41,41,206,230,41,27,41,41,41,30,41,41,41,41,27,41,41,41,41,41,41,41,40,41,41,40,39,41,39,41,41,41,41,27,41,41,41,41,41,27,41,27,27,41,28,27,41,41,41,41,41,27,27,27,27,27,27,27,27,85,229,41,27,43,229,27,27,41,41,27,41,41,41,41,41,33,33,41,27,41,41,229,165,41,220,27,41,41,41,27,41,27,32,27,27,41,177,27,41,27,41,41,41,27,27,27,32,41,40,32,41,41,27,41,41,27,27,27,27,27,216,41,41,229,41,27,28,41,41,41,41,27,41,41,41,32,41,27,218,27,27,27,27,230,230,39,41,41,93,27,229,27,205,41,229,41,27,27,41,27,27,27,27,32,27,41,32,41,27,27,41,41,41,41,27,27,41,41,41,41,41,27,41,182,41,31,27,41,29,41,41,32,28,27,41,27,27,27,183,27,27,215,205,27,67,27,229,27,131,41,41,41,41,41,41,41,41,76,39,151,41,41,41,41,41,27,27,41,27,229,27,150,41,229,40,41,82,41,27,30,41,41,28,41,41,41,41,33,27,41,41,41,27,27,41,33,39,28,27,27,27,41,27,41,27,27,41,29,41,41,41,41,39,41,41,41,41,41,41,33,41,41,38,230,41,41,41,230,148,27,27,230,27,27,230,28,217,32,27,207,27,41,27,27,27,27,27,53,27,39,41,41,41,41,28,41,155,53,27,27,27,41,27,41,41,27,41,41,41,41,27,41,41,33,41,41,41,41,41,41,41,41,41,38,39,41,39,39,41,28,27,27,28,27,27,41,41,27,27,27,27,27,36,27,27,27,229,27,164,230,27,230,230,29,230,210,230,229,230,200,41,42,27,41,229,182,229,83,230,41,27,27,27,188,41,230,27,41,27,40,27,41,41,41,41,229,41,41,37,30,27,41,41,41,41,27,41,41,27,41,41,219,41,27,27,41,41,41,41,32,39,87,41,41,41,41,41,27,228,27,230,230,27,230,230,230,230,230,230,27,27,230,27,230,27,27,230,27,27,27,27,27,27,27,27,27,41,31,41,27,41,28,41,41,39,27,27,50,41,229,41,27,41,41,227,41,41,41,45,27,41,41,27,41,27,28,27,41,27,205,41,27,27,27,27,27,204,92,41,41,41,41,41,39,41,229,228,41,41,229,41,31,41,27,41,229,41,41,41,41,41,41,27,41,41,41,27,41,41,27,41,41,41,41,41,27,30,27,27,27,27,41,27,27,27,27,32,27,27,27,41,39,41,27,27,41,28,27,27,41,228,229,27,41,73,223,39,41,230,224,41,41,39,196,41,41,230,41,41,41,27,39,27,27,27,27,32,27,229,41,41,230,27,83,229,41,27,40,41,41,27,27,27,41,27,41,41,41,27,27,41,41,33,41,41,41,41,41,41,41,41,27,41,39,41,41,27,41,41,41,41,41,41,41,41,41,41,41,41,27,41,41,41,33,27,40,27,27,41,27,27,27,32,27,27,41,27,34,27,27,41,41,27,41,41,41,41,27,205,230,230,229,215,71,33,230,230,229
41,230,230,41,32,27,27,27,41,27,27,41,27,41,41,27,27,41,27,27,41,41,41,41,41,39,27,41,29,41,41,41,27,41,41,27,41,41,27,41,27,29,41,41,41,41,27,41,41,41,41,41,41,41,41,34,41,41,41,27,41,33,40,27,41,41,33,27,41,27,41,27,40,40,41,27,27,27,41,41,41,27,41,41,41,41,41,29,41,41,41,41,41,41,41,41,41,41,41,41,33,30,27,27,41,27,27,41,28,27,41,27,41,27,41,41,41,41,27,29,41,41,41,27,41,41,41,41,41,41,41,41,27,41,41,41,41,41,41,41,32,41,41,29,41,41,41,27,41,27,41,27,41,41,40,41,27,41,41,39,27,41,41,27,41,27,27,41,27,41,27,39,27,41,27,27,27,41,27,27,36,41,41,29,41,41,41,41,41,41,38,41,41,41,41,27,41,27,41,38,41,27,41,27,27,27,38,27,41,41,196,205,27,41,27,27,205,27,205,39,37,41,27,27,41,41,41,27,41,41,41,27,41,41,41,41,41,41,41,41,27,41,41,41,41,41,41,41,41,27,41,41,41,41,41,41,27,41,41,41,27,28,27,41,27,27,41,27,27,41,27,41,27,27,27,41,41,41,41,27,41,41,41,41,27,41,41,41,27,28,227,41,28,62,229,41,28,27,41,38,69,41,32,27,27,41,27,40,41,28,27,191,32,41,229,230,41,27,39,41,41,27,41,41,41,27,28,41,41,41,41,41,41,41,41,41,41,41,41,41,28,41,41,41,41,27,41,41,41,41,41,28,41,27,27,41,33,27,41,38,41,41,39,27,27,27,27,27,27,27,27,41,229,41,27,110,229,27,27,41,41,27,41,41,41,41,41,39,39,41,28,41,41,207,230,41,230,28,41,41,39,27,41,27,28,27,27,40,228,27,41,41,41,40,41,27,27,27,27,41,37,40,41,39,27,41,41,27,27,27,27,27,230,41,61,195,41,27,27,39,41,41,41,41,41,41,41,40,41,37,230,27,27,27,28,230,230,29,41,41,219,27,229,27,229,41,229,38,27,27,41,27,27,27,28,27,27,41,40,41,27,27,41,41,41,41,32,27,41,41,41,41,41,27,27,88,41,27,27,41,29,41,41,27,27,27,41,27,27,27,183,27,27,227,207,51,41,27,229,27,131,38,41,41,41,41,41,41,41,95,41,215,41,63,41,41,41,27,27,40,27,229,27,213,41,229,28,41,41,41,27,27,41,41,32,27,41,41,41,39,27,41,41,41,27,27,41,39,33,33,27,27,27,41,27,40,27,27,41,28,41,41,41,41,41,41,41,41,41,41,39,39,41,41,31,230,41,41,41,230,148,27,27,230,27,27,230,27,153,27,27,215,27,41,27,27,68,27,27,53,27,41,41,41,41,41,27,41,219,159,27,27,27,41,27,38,41,27,41,41,41,41,27,39,41,39,41,41,41,41,41,41,41,41,41,31,28,41,41,39,41,27,27,27,27,27,28,40,40,32,27,27,27,27,29,27,27,27,229,27,164,229,27,230,230,27,230,51,230,229,230,229,41,27,27,41,229,80,230,72,230,41,27,27,27,229,41,230,27,41,27,32,27,41,41,41,32,229,41,39,37,27,27,41,41,41,41,28,41,41,27,41,41,230,41,27,27,41,41,41,69,41,41,41,41,41,41,209,41,27,228,27,230,230,27,230,230,230,230,230,230,27,27,214,27,230,27,27,230,27,27,27,27,27,27,27,27,27,41,31,41,27,41,27,41,39,29,27,27,49,41,228,41,27,41,41,189,41,41,41,57,27,41,41,27,41,27,27,27,39,27,205,41,27,27,27,27,68,229,92,41,41,41,41,41,29,41,229,192,41,164,229,41,27,41,27,41,229,41,41,27,41,41,41,27,38,41,41,28,41,41,27,41,41,41,41,41,27,27,27,27,27,27,40,27,27,27,27,27,27,28,27,41,33,41,27,27,41,27,27,27,41,204,229,27,41,41,41,41,88,230,230,41,39,29,70,41,41,230,41,41,41,27,33,27,27,27,27,27,27,229,41,41,230,27,41,229,41,27,33,41,41,27,27,27,41,32,41,41,41,28,27,41,41,39,41,38,41,41,41,39,41,41,27,41,29,39,41,27,41,41,41,41,41,41,41,41,41,41,41,32,27,41,41,41,40,27,41,27,27,41,27,27,27,40,27,27,41,27,34,27,27,41,41,27,41,41,41,41,27,205,230,230,229,207,28,27,230,230,229
41,230,230,41,40,27,27,32,41,27,27,41,27,41,41,27,27,41,27,27,41,41,41,41,41,41,27,41,27,41,39,41,27,41,41,27,41,41,27,41,27,40,41,41,39,41,27,41,41,41,41,41,41,41,41,39,41,41,41,27,41,27,32,27,41,41,39,27,41,27,41,27,32,32,41,27,27,27,41,41,41,27,41,41,41,41,41,36,41,41,41,41,41,41,41,41,41,41,41,41,33,28,27,27,41,27,27,40,27,27,41,27,41,27,41,41,41,41,27,29,41,41,41,27,41,41,38,41,41,41,41,41,27,41,41,41,41,41,41,41,40,41,41,27,41,41,41,27,41,27,41,27,41,41,28,41,32,41,40,39,27,41,41,27,41,27,27,41,27,41,27,33,27,41,27,27,27,41,27,27,36,41,41,27,41,41,41,41,41,41,30,41,38,41,41,28,41,27,41,38,41,27,41,27,27,27,41,27,41,41,197,205,27,41,27,27,207,27,205,33,37,41,27,27,41,27,41,27,41,41,41,27,41,41,41,41,41,41,41,41,27,41,41,41,41,41,41,41,41,27,41,41,41,41,41,41,27,41,41,41,27,27,27,41,27,27,41,27,27,41,27,41,27,27,27,41,41,41,41,27,41,41,41,41,27,41,41,41,27,32,180,41,33,154,229,41,33,28,41,30,69,41,40,27,27,41,27,32,41,27,27,65,27,41,230,230,39,27,33,41,38,27,41,41,41,27,33,41,41,41,41,41,41,41,41,41,41,41,41,41,27,41,41,41,41,27,41,41,41,41,41,33,41,27,27,41,40,27,41,36,41,41,33,27,27,27,27,27,27,27,27,41,185,41,27,199,229,27,27,41,40,27,41,41,41,41,41,41,41,41,33,41,41,59,230,41,230,33,41,41,33,27,41,27,27,70,70,32,229,27,41,41,41,33,40,27,27,27,27,41,32,41,39,28,27,41,41,27,27,27,27,27,230,41,155,70,41,27,27,29,41,41,41,41,41,41,41,41,41,70,230,27,27,27,32,230,230,27,41,41,219,27,229,27,229,41,196,31,27,27,41,27,27,27,32,27,27,41,41,41,27,27,40,41,41,41,41,27,41,37,41,41,41,32,27,41,41,27,27,41,29,41,41,27,27,27,41,32,27,27,183,27,27,230,215,176,41,27,229,27,131,30,38,41,41,41,41,41,41,95,41,230,41,154,41,41,40,27,27,27,27,228,27,229,41,229,27,41,41,41,27,27,41,41,40,27,27,41,41,41,27,41,41,41,27,27,41,41,28,39,27,27,27,41,27,32,27,27,40,28,41,41,41,41,41,41,41,41,41,39,29,41,41,53,27,229,72,41,38,230,148,27,27,217,27,27,230,27,66,27,27,228,27,32,27,27,160,44,27,52,27,41,41,40,41,41,27,41,230,224,27,27,27,41,27,30,41,27,41,41,41,41,27,29,41,41,41,41,41,41,41,41,41,41,41,27,27,41,41,39,41,27,27,27,27,27,33,32,32,41,27,27,27,27,27,27,27,27,210,27,164,229,38,230,230,27,230,28,230,229,206,229,41,27,27,41,230,29,230,69,230,41,27,27,27,230,41,230,27,41,223,28,27,41,41,41,27,229,32,33,37,27,28,41,41,41,38,32,41,41,27,41,41,230,41,27,27,41,41,41,152,41,41,41,41,41,41,230,35,27,228,27,230,230,27,230,230,210,230,230,230,27,27,104,27,230,27,27,230,27,27,27,27,27,27,27,27,27,41,31,41,28,41,27,41,29,27,27,27,42,53,203,41,27,41,41,75,41,37,41,66,27,41,41,37,41,27,27,27,33,27,205,32,27,27,27,27,159,229,92,41,41,41,41,41,27,41,229,73,41,229,229,41,27,37,27,41,229,41,41,27,41,41,41,27,30,41,41,32,41,41,27,41,41,41,41,41,27,27,27,27,27,27,32,27,27,27,27,27,27,33,27,39,28,41,27,27,41,27,27,27,54,60,228,27,41,41,41,41,182,224,230,41,29,27,41,39,68,230,41,41,41,27,28,27,27,27,27,27,37,229,39,40,230,27,41,229,41,58,28,41,41,27,27,27,41,41,41,41,41,32,27,41,41,41,41,30,41,41,38,29,39,41,27,41,27,29,41,27,41,41,41,41,41,41,41,41,41,41,41,28,27,41,39,41,41,27,41,27,27,41,27,27,27,41,27,27,41,27,34,27,27,41,41,27,41,41,41,41,27,205,230,230,229,205,27,27,230,230,229
41,230,230,41,40,27,27,32,41,27,27,41,27,41,41,27,27,41,27,27,41,41,41,41,41,41,27,41,27,41,39,41,27,41,41,27,41,41,27,41,27,40,41,41,39,41,27,41,41,41,41,41,41,41,41,39,41,41,41,27,41,27,32,27,41,41,39,27,41,27,41,27,32,32,41,27,27,27,41,41,41,27,41,41,41,41,41,36,41,41,41,41,41,41,41,41,41,41,41,41,33,28,27,27,41,27,27,40,27,27,41,27,41,27,41,41,41,41,27,29,41,41,41,27,41,41,38,41,41,41,41,41,27,41,41,41,41,41,41,41,40,41,41,27,41,41,41,27,41,27,41,27,41,41,28,41,32,41,40,39,27,41,41,27,41,27,27,41,27,41,27,33,27,41,27,27,27,41,27,27,36,41,41,27,41,41,41,41,41,41,30,41,38,41,41,28,41,27,41,38,41,27,41,27,27,27,41,27,41,41,197,205,27,41,27,27,207,27,205,33,37,41,27,27,41,27,41,27,41,41,41,27,41,41,41,41,41,41,41,41,27,41,41,41,41,41,41,41,41,27,41,41,41,41,41,41,27,41,41,41,27,27,27,41,27,27,41,27,27,41,27,41,27,27,27,41,41,41,41,27,41,41,41,41,27,41,41,41,27,32,180,41,33,154,229,41,33,28,41,30,69,41,40,27,27,41,27,32,41,27,27,65,27,41,230,230,39,27,33,41,38,27,41,41,41,27,33,41,41,41,41,41,41,41,41,41,41,41,41,41,27,41,41,41,41,27,41,41,41,41,41,33,41,27,27,41,40,27,41,36,41,41,33,27,27,27,27,27,27,27,27,41,185,41,27,199,229,27,27,41,40,27,41,41,41,41,41,41,41,41,33,41,41,59,230,41,230,33,41,41,33,27,41,27,27,70,70,32,229,27,41,41,41,33,40,27,27,27,27,41,32,41,39,28,27,41,41,27,27,27,27,27,230,41,155,70,41,27,27,29,41,41,41,41,41,41,41,41,41,70,230,27,27,27,32,230,230,27,41,41,219,27,229,27,229,41,196,31,27,27,41,27,27,27,32,27,27,41,41,41,27,27,40,41,41,41,41,27,41,37,41,41,41,32,27,41,41,27,27,41,29,41,41,27,27,27,41,32,27,27,183,27,27,230,215,176,41,27,229,27,131,30,38,41,41,41,41,41,41,95,41,230,41,154,41,41,40,27,27,27,27,228,27,229,41,229,27,41,41,41,27,27,41,41,40,27,27,41,41,41,27,41,41,41,27,27,41,41,28,39,27,27,27,41,27,32,27,27,40,28,41,41,41,41,41,41,41,41,41,39,29,41,41,53,27,229,72,41,38,230,148,27,27,217,27,27,230,27,66,27,27,228,27,32,27,27,160,44,27,52,27,41,41,40,41,41,27,41,230,224,27,27,27,41,27,30,41,27,41,41,41,41,27,29,41,41,41,41,41,41,41,41,41,41,41,27,27,41,41,39,41,27,27,27,27,27,33,32,32,41,27,27,27,27,27,27,27,27,210,27,164,229,38,230,230,27,230,28,230,229,206,229,41,27,27,41,230,29,230,69,230,41,27,27,27,230,41,230,27,41,223,28,27,41,41,41,27,229,32,33,37,27,28,41,41,41,38,32,41,41,27,41,41,230,41,27,27,41,41,41,152,41,41,41,41,41,41,230,35,27,228,27,230,230,27,230,230,210,230,230,230,27,27,104,27,230,27,27,230,27,27,27,27,27,27,27,27,27,41,31,41,28,41,27,41,29,27,27,27,42,53,203,41,27,41,41,75,41,37,41,66,27,41,41,37,41,27,27,27,33,27,205,32,27,27,27,27,159,229,92,41,41,41,41,41,27,41,229,73,41,229,229,41,27,37,27,41,229,41,41,27,41,41,41,27,30,41,41,32,41,41,27,41,41,41,41,41,27,27,27,27,27,27,32,27,27,27,27,27,27,33,27,39,28,41,27,27,41,27,27,27,54,60,228,27,41,41,41,41,182,224,230,41,29,27,41,39,68,230,41,41,41,27,28,27,27,27,27,27,37,229,39,40,230,27,41,229,41,58,28,41,41,27,27,27,41,41,41,41,41,32,27,41,41,41,41,30,41,41,38,29,39,41,27,41,27,29,41,27,41,41,41,41,41,41,41,41,41,41,41,28,27,41,39,41,41,27,41,27,27,41,27,27,27,41,27,27,41,27,34,27,27,41,41,27,41,41,41,41,27,205,230,230,229,205,27,27,230,230,229
41,230,230,41,41,27,27,33,41,27,27,41,41,41,41,27,27,41,27,27,41,41,41,41,41,41,27,41,27,41,29,41,27,41,41,27,41,39,27,41,27,41,41,41,29,41,27,41,41,41,41,41,41,41,38,41,41,41,41,27,36,27,27,27,41,41,41,27,41,27,41,27,28,28,32,27,27,27,41,41,41,30,41,41,41,41,41,29,41,41,41,41,41,41,41,41,41,41,41,41,33,40,32,27,41,27,27,32,27,27,41,27,41,27,41,41,41,41,27,29,41,41,41,27,41,41,30,41,41,41,41,41,27,41,41,41,41,41,41,41,41,41,41,27,41,41,41,27,41,28,41,27,41,41,27,41,40,41,28,39,27,41,41,27,41,27,27,41,27,41,27,28,27,41,27,27,27,41,27,27,36,41,41,27,41,27,41,41,41,37,27,41,30,41,41,32,39,27,41,38,41,27,41,27,28,27,41,27,41,41,197,206,27,41,27,27,215,27,205,28,37,41,32,27,41,27,41,27,41,41,41,27,41,41,41,41,41,38,41,41,27,41,41,41,41,41,41,41,41,27,41,41,41,41,27,41,27,41,41,41,27,27,27,41,27,27,41,27,27,41,27,41,27,27,27,41,40,40,41,27,41,41,41,41,27,41,41,41,27,40,85,71,39,218,228,41,39,33,41,27,69,41,41,27,27,41,27,27,41,27,27,27,27,41,230,230,33,27,28,41,30,27,41,41,41,27,39,41,41,41,41,40,41,41,41,41,41,41,41,41,27,41,41,41,41,27,41,41,41,41,39,39,41,27,27,41,41,27,41,36,41,41,28,27,27,27,27,27,27,27,27,41,85,39,27,229,229,27,27,41,39,28,41,41,41,41,38,41,41,41,39,41,39,41,230,41,230,39,41,41,28,27,39,27,27,182,182,28,229,27,41,41,41,27,33,27,27,27,27,40,28,41,28,27,27,41,41,27,27,27,27,27,230,41,220,41,87,27,27,27,41,41,41,41,41,41,41,41,41,80,230,32,27,27,40,229,229,27,41,41,219,27,229,27,229,39,74,27,27,27,32,27,27,27,39,27,27,41,41,41,27,27,28,41,41,41,41,27,41,30,41,41,41,41,27,41,41,27,27,41,29,41,41,27,27,27,41,41,27,27,183,27,27,230,227,204,41,27,41,27,131,27,30,41,41,41,39,39,41,95,41,230,41,218,41,41,28,32,27,27,27,209,27,229,41,228,27,41,41,41,27,27,41,41,41,27,27,41,41,41,27,41,41,41,27,27,41,41,27,41,27,27,27,41,27,27,27,27,32,28,41,36,41,41,41,41,41,41,41,29,27,41,41,159,27,207,150,41,30,230,148,27,27,153,224,224,165,27,41,27,27,230,27,32,27,27,204,183,27,29,27,41,41,28,41,41,27,41,230,230,27,32,27,41,27,27,41,29,39,41,41,41,29,27,41,41,41,41,41,41,41,41,41,41,41,27,27,41,41,39,41,27,27,27,27,27,39,27,28,41,27,27,27,27,41,27,27,27,59,27,164,229,106,230,229,27,230,27,230,229,56,229,69,27,230,229,230,27,230,69,230,39,27,27,27,230,41,230,27,41,229,27,46,40,41,41,27,164,27,28,37,27,32,41,41,41,30,40,41,41,27,41,41,230,41,27,27,41,71,41,215,41,41,41,41,41,41,230,28,27,228,27,230,230,27,230,230,51,230,230,129,27,27,35,27,198,27,27,230,27,27,27,27,27,27,27,27,27,39,31,41,33,41,27,41,27,27,27,27,41,158,61,41,27,41,53,41,41,30,38,69,27,41,41,27,41,30,27,27,28,27,205,27,27,27,66,27,204,229,92,41,41,41,41,41,27,41,228,41,41,229,229,41,27,31,27,41,229,41,27,27,41,41,38,27,27,41,41,39,41,41,28,41,41,41,41,41,27,27,27,27,27,27,27,27,27,27,27,27,27,39,27,33,27,41,27,27,41,27,27,27,158,41,186,27,41,38,41,41,229,41,229,41,27,27,41,28,152,224,41,39,41,28,27,27,27,27,27,27,214,229,32,32,230,27,41,229,39,194,27,41,41,27,32,27,41,41,41,41,41,40,27,41,41,41,41,27,41,41,30,27,29,41,27,41,27,27,41,27,41,41,41,41,41,41,41,41,27,41,41,28,27,32,33,41,41,27,41,27,27,41,27,27,27,41,27,27,41,27,33,27,27,41,41,28,41,41,41,41,27,205,230,230,229,205,27,27,33,230,227
41,230,230,41,41,27,27,33,41,27,27,41,41,41,41,27,27,41,27,27,41,41,41,41,41,41,27,41,27,41,29,41,27,41,41,27,41,39,27,41,27,41,41,41,29,41,27,41,41,41,41,41,41,41,38,41,41,41,41,27,36,27,27,27,41,41,41,27,41,27,41,27,28,28,32,27,27,27,41,41,41,30,41,41,41,41,41,29,41,41,41,41,41,41,41,41,41,41,41,41,33,40,32,27,41,27,27,32,27,27,41,27,41,27,41,41,41,41,27,29,41,41,41,27,41,41,30,41,41,41,41,41,27,41,41,41,41,41,41,41,41,41,41,27,41,41,41,27,41,28,41,27,41,41,27,41,40,41,28,39,27,41,41,27,41,27,27,41,27,41,27,28,27,41,27,27,27,41,27,27,36,41,41,27,41,27,41,41,41,37,27,41,30,41,41,32,39,27,41,38,41,27,41,27,28,27,41,27,41,41,197,206,27,41,27,27,215,27,205,28,37,41,32,27,41,27,41,27,41,41,41,27,41,41,41,41,41,38,41,41,27,41,41,41,41,41,41,41,41,27,41,41,41,41,27,41,27,41,41,41,27,27,27,41,27,27,41,27,27,41,27,41,27,27,27,41,40,40,41,27,41,41,41,41,27,41,41,41,27,40,85,71,39,218,228,41,39,33,41,27,69,41,41,27,27,41,27,27,41,27,27,27,27,41,230,230,33,27,28,41,30,27,41,41,41,27,39,41,41,41,41,40,41,41,41,41,41,41,41,41,27,41,41,41,41,27,41,41,41,41,39,39,41,27,27,41,41,27,41,36,41,41,28,27,27,27,27,27,27,27,27,41,85,39,27,229,229,27,27,41,39,28,41,41,41,41,38,41,41,41,39,41,39,41,230,41,230,39,41,41,28,27,39,27,27,182,182,28,229,27,41,41,41,27,33,27,27,27,27,40,28,41,28,27,27,41,41,27,27,27,27,27,230,41,220,41,87,27,27,27,41,41,41,41,41,41,41,41,41,80,230,32,27,27,40,229,229,27,41,41,219,27,229,27,229,39,74,27,27,27,32,27,27,27,39,27,27,41,41,41,27,27,28,41,41,41,41,27,41,30,41,41,41,41,27,41,41,27,27,41,29,41,41,27,27,27,41,41,27,27,183,27,27,230,227,204,41,27,41,27,131,27,30,41,41,41,39,39,41,95,41,230,41,218,41,41,28,32,27,27,27,209,27,229,41,228,27,41,41,41,27,27,41,41,41,27,27,41,41,41,27,41,41,41,27,27,41,41,27,41,27,27,27,41,27,27,27,27,32,28,41,36,41,41,41,41,41,41,41,29,27,41,41,159,27,207,150,41,30,230,148,27,27,153,224,224,165,27,41,27,27,230,27,32,27,27,204,183,27,29,27,41,41,28,41,41,27,41,230,230,27,32,27,41,27,27,41,29,39,41,41,41,29,27,41,41,41,41,41,41,41,41,41,41,41,27,27,41,41,39,41,27,27,27,27,27,39,27,28,41,27,27,27,27,41,27,27,27,59,27,164,229,106,230,229,27,230,27,230,229,56,229,69,27,230,229,230,27,230,69,230,39,27,27,27,230,41,230,27,41,229,27,46,40,41,41,27,164,27,28,37,27,32,41,41,41,30,40,41,41,27,41,41,230,41,27,27,41,71,41,215,41,41,41,41,41,41,230,28,27,228,27,230,230,27,230,230,51,230,230,129,27,27,35,27,198,27,27,230,27,27,27,27,27,27,27,27,27,39,31,41,33,41,27,41,27,27,27,27,41,158,61,41,27,41,53,41,41,30,38,69,27,41,41,27,41,30,27,27,28,27,205,27,27,27,66,27,204,229,92,41,41,41,41,41,27,41,228,41,41,229,229,41,27,31,27,41,229,41,27,27,41,41,38,27,27,41,41,39,41,41,28,41,41,41,41,41,27,27,27,27,27,27,27,27,27,27,27,27,27,39,27,33,27,41,27,27,41,27,27,27,158,41,186,27,41,38,41,41,229,41,229,41,27,27,41,28,152,224,41,39,41,28,27,27,27,27,27,27,214,229,32,32,230,27,41,229,39,194,27,41,41,27,32,27,41,41,41,41,41,40,27,41,41,41,41,27,41,41,30,27,29,41,27,41,27,27,41,27,41,41,41,41,41,41,41,41,27,41,41,28,27,32,33,41,41,27,41,27,27,41,27,27,27,41,27,27,41,27,33,27,27,41,41,28,41,41,41,41,27,205,230,230,229,205,27,27,33,230,227
41,225,230,41,41,27,27,40,41,27,27,41,41,41,41,27,27,41,27,27,40,41,41,41,41,41,27,41,27,41,27,41,27,41,41,27,41,28,27,41,27,41,39,41,27,41,27,41,41,41,41,41,41,41,31,41,41,41,41,27,33,27,27,27,41,41,41,27,41,27,41,27,27,27,27,27,27,27,41,41,41,38,41,41,41,41,41,27,41,41,41,41,41,41,41,41,41,41,41,41,33,41,41,27,41,27,27,27,27,27,41,27,39,62,41,39,41,41,27,29,41,41,41,27,41,41,27,41,41,41,41,41,29,41,41,41,39,41,41,41,41,41,41,27,41,41,41,27,38,33,41,27,41,41,27,41,41,41,27,39,27,41,41,27,32,27,27,41,27,41,27,27,27,41,27,27,27,41,27,27,36,41,41,27,41,27,41,41,37,30,27,41,27,41,41,40,28,27,41,36,41,27,41,27,40,27,41,27,39,41,197,214,27,41,27,27,227,27,209,27,37,41,41,27,38,27,41,27,41,41,41,27,41,41,41,41,41,31,41,41,28,41,41,41,41,41,41,41,41,27,41,41,41,41,27,41,27,41,41,41,27,27,27,41,27,27,40,27,27,41,27,41,27,27,27,41,32,32,41,27,41,41,41,41,27,41,41,41,27,41,41,150,41,229,193,41,41,39,41,27,69,41,41,27,27,41,27,27,41,27,27,27,27,41,230,230,28,27,27,41,27,27,41,41,41,27,41,41,41,41,41,28,41,41,41,41,41,41,41,41,27,41,41,41,41,27,41,41,41,41,28,41,41,27,27,41,41,27,41,36,41,41,27,27,27,27,27,27,27,27,27,41,41,33,27,229,229,27,27,41,39,33,41,41,41,41,31,41,41,41,41,41,28,41,230,41,230,41,41,41,27,76,33,27,27,228,228,27,229,27,41,41,41,27,27,27,27,27,27,32,28,41,27,27,27,41,41,27,27,30,27,27,229,41,230,41,183,27,27,27,41,41,41,41,41,41,39,41,41,80,229,41,27,27,41,207,197,27,41,41,219,27,209,27,229,33,41,27,27,27,27,27,27,27,41,27,27,41,41,41,27,27,27,41,41,27,41,27,41,27,41,27,41,41,27,41,41,27,27,41,27,41,41,27,27,27,41,41,27,27,174,27,27,230,230,205,41,51,41,27,108,27,27,41,41,41,28,29,41,95,41,230,71,230,41,41,27,40,27,27,27,55,27,229,41,192,27,41,38,41,27,27,41,41,41,27,27,41,41,41,27,41,41,41,27,27,41,41,27,41,27,27,27,41,27,27,27,27,28,28,41,27,41,41,41,41,41,27,41,27,27,41,41,224,27,59,214,41,27,224,148,27,27,66,230,230,44,27,41,27,27,230,27,27,27,27,205,204,27,29,27,41,41,27,41,41,27,41,229,230,27,41,27,41,27,27,41,40,29,41,27,41,39,27,41,41,41,41,41,41,41,41,41,41,41,27,27,41,41,39,41,27,27,27,27,27,41,27,27,41,27,27,27,27,32,27,27,27,41,27,163,229,208,230,229,27,230,27,230,229,28,229,200,27,230,229,230,27,230,69,229,33,69,27,27,230,41,230,27,40,229,27,205,32,41,41,27,41,27,27,37,27,40,41,41,41,27,41,41,27,27,53,41,228,41,27,27,71,150,41,230,41,41,38,41,41,41,230,27,29,229,27,230,230,27,230,230,28,230,230,77,27,27,27,27,112,27,27,230,27,27,27,27,27,27,27,27,27,33,31,41,39,41,27,40,27,27,27,27,41,223,41,41,27,41,158,41,38,27,30,69,30,41,41,30,41,39,27,27,27,27,214,27,27,66,160,27,205,193,92,45,41,41,164,41,27,41,192,41,41,229,229,41,27,27,27,41,223,41,27,27,41,41,30,27,27,41,41,41,38,41,32,41,41,41,41,27,27,27,27,27,27,27,27,27,27,27,27,27,27,41,27,28,27,41,27,27,41,27,27,27,222,41,78,27,41,41,41,41,229,41,207,53,27,27,41,27,216,41,41,33,40,32,27,27,27,27,27,27,230,229,28,27,230,27,41,188,33,229,27,41,41,27,41,27,41,41,41,41,41,41,27,41,41,41,41,27,41,41,27,27,27,41,27,41,27,27,41,27,41,41,41,41,41,41,41,41,27,41,41,28,27,27,28,41,41,27,41,27,27,40,27,27,27,41,27,27,41,27,28,27,27,41,39,32,27,41,41,41,27,205,230,230,229,205,27,27,27,207,214
40,161,225,41,41,27,27,41,41,27,27,41,41,41,41,27,27,41,27,27,37,41,41,41,41,41,27,41,27,41,27,41,27,41,27,32,41,27,27,41,27,41,28,41,27,41,27,41,41,37,41,41,41,41,27,41,41,27,41,27,33,27,27,27,41,41,41,27,41,27,40,27,27,27,27,27,27,27,41,41,41,41,41,38,41,41,41,27,41,38,41,41,41,41,41,41,41,41,41,41,34,41,41,27,41,29,27,27,27,27,41,27,33,189,41,33,41,41,27,29,41,41,39,27,41,41,27,41,41,41,41,41,40,41,41,41,29,41,41,41,41,41,41,27,27,41,41,27,30,39,41,27,41,41,27,41,41,41,27,39,27,41,41,27,27,27,27,41,27,39,27,27,27,40,27,27,27,41,27,27,36,41,41,27,41,27,41,41,30,27,27,41,27,41,41,41,27,27,41,31,41,27,41,27,41,27,41,27,33,41,198,228,27,41,27,58,230,27,226,27,41,41,41,27,30,27,41,27,41,41,41,27,41,41,41,41,41,27,41,41,33,41,41,41,41,41,41,41,41,27,41,41,41,41,27,41,27,41,41,41,27,27,27,41,27,27,32,27,27,41,27,40,27,27,27,40,27,27,40,27,41,41,39,41,27,41,41,41,27,41,41,213,41,229,72,41,41,41,41,27,67,41,41,27,27,41,27,27,41,27,27,27,27,41,230,229,27,27,27,41,27,27,41,41,41,27,41,41,41,41,41,27,41,41,41,41,41,41,41,41,27,39,41,41,41,27,41,41,41,41,27,41,37,27,27,41,41,27,41,36,41,32,27,27,27,27,27,27,27,27,27,39,41,28,27,229,229,27,27,32,39,39,38,41,41,41,27,41,41,41,41,41,27,41,230,41,229,41,41,111,27,175,28,27,27,229,229,27,229,27,41,41,41,27,27,27,27,27,27,28,28,41,27,27,27,41,41,27,27,38,27,27,188,41,230,41,230,27,27,27,41,41,41,41,41,41,28,41,41,80,191,41,27,27,41,59,69,27,41,41,219,27,61,27,196,28,41,27,27,27,27,27,27,27,41,27,27,41,41,41,27,27,27,41,41,27,41,27,41,27,44,27,41,41,27,41,41,27,27,41,27,41,41,27,27,27,41,41,27,27,50,27,44,230,230,205,41,176,41,27,63,27,27,41,41,41,27,27,41,95,41,228,151,230,165,41,27,41,27,27,27,41,27,227,41,73,27,46,30,41,27,27,39,41,41,27,27,41,41,41,27,41,41,32,27,27,41,41,27,41,27,27,27,41,27,27,27,27,27,28,41,27,41,41,41,41,27,27,41,27,27,41,53,230,27,41,230,41,27,41,148,27,27,41,230,230,41,27,41,27,27,230,27,27,27,27,205,205,68,29,27,41,51,27,41,41,27,41,194,230,27,41,27,41,27,27,41,41,27,41,27,41,41,27,41,41,41,41,41,41,41,41,41,41,41,27,27,41,41,39,41,27,27,27,27,27,41,27,27,41,27,27,27,27,27,27,27,27,41,27,163,229,229,230,229,27,230,27,229,229,27,229,229,27,230,229,230,27,230,69,229,28,183,27,27,230,41,230,27,32,229,27,228,27,41,41,27,41,27,27,37,27,41,41,41,41,27,41,41,27,32,159,53,169,41,27,230,150,214,84,230,41,41,31,165,41,41,230,30,28,230,27,230,230,27,230,230,27,230,230,77,27,27,27,27,43,27,27,230,27,27,27,27,27,27,27,27,27,28,31,41,41,41,27,28,27,27,28,27,41,229,41,41,27,68,223,41,30,27,27,69,38,41,41,39,41,41,27,27,27,27,230,27,27,160,204,27,205,77,39,162,45,41,229,41,27,41,73,41,41,229,223,41,27,27,27,163,41,41,27,27,41,41,27,27,27,41,41,41,30,27,39,41,40,41,41,27,27,27,27,27,27,27,27,27,27,27,27,27,27,41,27,27,27,41,27,27,41,27,27,27,229,41,41,27,41,38,41,41,229,41,59,159,27,27,41,27,230,41,111,28,33,39,27,27,27,27,75,27,230,229,27,27,230,27,39,83,28,230,27,40,41,27,41,27,41,41,41,41,41,41,27,41,41,41,41,27,41,41,27,27,27,27,27,41,27,27,38,27,41,41,41,41,41,41,41,41,27,41,41,28,27,27,27,41,41,27,41,27,27,33,32,27,27,41,27,27,41,27,27,27,27,41,28,40,27,41,41,41,27,206,230,33,229,211,27,27,27,55,206
40,161,225,41,41,27,27,41,41,27,27,41,41,41,41,27,27,41,27,27,37,41,41,41,41,41,27,41,27,41,27,41,27,41,27,32,41,27,27,41,27,41,28,41,27,41,27,41,41,37,41,41,41,41,27,41,41,27,41,27,33,27,27,27,41,41,41,27,41,27,40,27,27,27,27,27,27,27,41,41,41,41,41,38,41,41,41,27,41,38,41,41,41,41,41,41,41,41,41,41,34,41,41,27,41,29,27,27,27,27,41,27,33,189,41,33,41,41,27,29,41,41,39,27,41,41,27,41,41,41,41,41,40,41,41,41,29,41,41,41,41,41,41,27,27,41,41,27,30,39,41,27,41,41,27,41,41,41,27,39,27,41,41,27,27,27,27,41,27,39,27,27,27,40,27,27,27,41,27,27,36,41,41,27,41,27,41,41,30,27,27,41,27,41,41,41,27,27,41,31,41,27,41,27,41,27,41,27,33,41,198,228,27,41,27,58,230,27,226,27,41,41,41,27,30,27,41,27,41,41,41,27,41,41,41,41,41,27,41,41,33,41,41,41,41,41,41,41,41,27,41,41,41,41,27,41,27,41,41,41,27,27,27,41,27,27,32,27,27,41,27,40,27,27,27,40,27,27,40,27,41,41,39,41,27,41,41,41,27,41,41,213,41,229,72,41,41,41,41,27,67,41,41,27,27,41,27,27,41,27,27,27,27,41,230,229,27,27,27,41,27,27,41,41,41,27,41,41,41,41,41,27,41,41,41,41,41,41,41,41,27,39,41,41,41,27,41,41,41,41,27,41,37,27,27,41,41,27,41,36,41,32,27,27,27,27,27,27,27,27,27,39,41,28,27,229,229,27,27,32,39,39,38,41,41,41,27,41,41,41,41,41,27,41,230,41,229,41,41,111,27,175,28,27,27,229,229,27,229,27,41,41,41,27,27,27,27,27,27,28,28,41,27,27,27,41,41,27,27,38,27,27,188,41,230,41,230,27,27,27,41,41,41,41,41,41,28,41,41,80,191,41,27,27,41,59,69,27,41,41,219,27,61,27,196,28,41,27,27,27,27,27,27,27,41,27,27,41,41,41,27,27,27,41,41,27,41,27,41,27,44,27,41,41,27,41,41,27,27,41,27,41,41,27,27,27,41,41,27,27,50,27,44,230,230,205,41,176,41,27,63,27,27,41,41,41,27,27,41,95,41,228,151,230,165,41,27,41,27,27,27,41,27,227,41,73,27,46,30,41,27,27,39,41,41,27,27,41,41,41,27,41,41,32,27,27,41,41,27,41,27,27,27,41,27,27,27,27,27,28,41,27,41,41,41,41,27,27,41,27,27,41,53,230,27,41,230,41,27,41,148,27,27,41,230,230,41,27,41,27,27,230,27,27,27,27,205,205,68,29,27,41,51,27,41,41,27,41,194,230,27,41,27,41,27,27,41,41,27,41,27,41,41,27,41,41,41,41,41,41,41,41,41,41,41,27,27,41,41,39,41,27,27,27,27,27,41,27,27,41,27,27,27,27,27,27,27,27,41,27,163,229,229,230,229,27,230,27,229,229,27,229,229,27,230,229,230,27,230,69,229,28,183,27,27,230,41,230,27,32,229,27,228,27,41,41,27,41,27,27,37,27,41,41,41,41,27,41,41,27,32,159,53,169,41,27,230,150,214,84,230,41,41,31,165,41,41,230,30,28,230,27,230,230,27,230,230,27,230,230,77,27,27,27,27,43,27,27,230,27,27,27,27,27,27,27,27,27,28,31,41,41,41,27,28,27,27,28,27,41,229,41,41,27,68,223,41,30,27,27,69,38,41,41,39,41,41,27,27,27,27,230,27,27,160,204,27,205,77,39,162,45,41,229,41,27,41,73,41,41,229,223,41,27,27,27,163,41,41,27,27,41,41,27,27,27,41,41,41,30,27,39,41,40,41,41,27,27,27,27,27,27,27,27,27,27,27,27,27,27,41,27,27,27,41,27,27,41,27,27,27,229,41,41,27,41,38,41,41,229,41,59,159,27,27,41,27,230,41,111,28,33,39,27,27,27,27,75,27,230,229,27,27,230,27,39,83,28,230,27,40,41,27,41,27,41,41,41,41,41,41,27,41,41,41,41,27,41,41,27,27,27,27,27,41,27,27,38,27,41,41,41,41,41,41,41,41,27,41,41,28,27,27,27,41,41,27,41,27,27,33,32,27,27,41,27,27,41,27,27,27,27,41,28,40,27,41,41,41,27,206,230,33,229,211,27,27,27,55,206
32,49,161,32,41,27,27,41,40,27,27,41,41,41,41,27,27,41,27,27,34,41,41,41,41,41,27,38,27,41,27,41,27,41,27,41,41,27,27,41,27,41,27,41,27,41,29,41,41,30,27,41,41,41,27,41,41,27,41,27,33,27,27,27,41,41,41,27,39,27,32,27,27,27,27,27,27,27,41,40,41,41,41,31,41,41,41,27,41,30,37,41,41,41,27,41,41,39,41,41,35,41,41,27,40,40,29,27,27,27,32,27,28,228,41,28,41,32,27,29,41,41,28,27,41,41,27,41,41,41,41,41,41,41,41,41,27,41,41,41,41,41,41,27,27,41,41,27,27,41,41,27,41,41,27,41,41,41,27,39,27,41,41,27,27,27,27,32,27,33,27,27,27,32,27,27,27,39,27,27,36,41,41,27,41,27,38,37,27,27,27,38,27,41,41,41,27,27,41,30,40,27,41,27,41,27,41,27,28,41,206,230,27,41,27,169,230,27,230,27,73,41,41,30,27,27,41,27,41,41,41,27,41,41,41,41,41,27,41,41,39,41,41,41,41,41,41,41,41,27,41,41,41,41,27,41,27,41,38,41,27,27,27,41,27,27,27,27,27,41,27,32,27,27,27,32,27,27,32,27,41,41,28,41,27,41,41,41,27,41,41,229,41,229,41,41,41,41,41,27,63,41,41,27,27,41,29,27,41,27,27,27,27,39,230,229,27,27,27,41,27,27,41,41,41,27,41,41,41,41,41,27,41,41,41,41,41,41,41,41,27,28,41,41,41,27,41,41,41,41,27,41,30,27,27,41,41,41,41,36,40,27,27,27,27,27,27,27,27,27,27,33,41,27,27,229,41,27,27,27,39,41,29,41,41,41,27,41,41,41,41,41,27,41,224,44,195,41,41,148,27,227,27,32,27,222,222,27,213,43,41,41,41,27,27,27,30,27,27,27,28,41,27,27,27,41,41,27,27,41,27,27,79,41,230,41,230,27,27,27,41,41,41,41,41,41,27,41,41,80,75,41,27,27,41,41,41,27,61,61,219,27,41,27,74,27,41,27,27,27,27,27,27,27,41,27,27,41,41,41,27,29,27,41,41,27,41,27,37,27,41,27,41,41,27,38,41,27,27,41,27,41,41,27,27,27,41,41,27,30,41,27,183,194,230,205,39,204,41,158,41,27,27,41,41,41,27,27,41,93,41,183,215,229,230,165,27,41,27,27,27,41,27,179,41,41,27,162,27,41,27,27,28,41,41,27,27,41,41,41,33,40,41,27,27,27,39,41,27,41,27,27,27,41,27,27,27,27,27,28,41,27,41,41,41,41,27,27,41,27,27,41,159,230,27,41,230,65,27,41,109,27,27,41,230,230,41,27,41,27,27,230,27,27,27,27,205,205,159,29,27,41,160,27,165,41,27,41,72,229,29,41,27,41,27,27,41,41,27,41,27,41,41,27,41,41,41,41,41,41,41,41,41,41,41,27,27,41,41,39,41,27,27,27,27,27,41,27,27,41,27,27,27,27,27,27,27,27,41,27,163,229,229,229,229,27,230,27,229,230,27,230,229,27,230,229,230,27,230,69,229,27,229,27,40,230,32,229,27,27,229,27,229,27,41,41,27,41,27,27,37,27,41,41,41,41,27,41,40,27,41,224,159,41,41,27,230,214,230,187,229,41,41,27,230,165,41,230,27,33,230,27,230,230,40,230,230,27,230,230,77,27,27,27,27,27,27,27,230,27,27,27,27,27,27,27,27,27,27,31,41,41,41,27,27,27,27,33,27,41,229,41,41,27,151,229,41,27,27,27,69,41,41,41,41,41,41,27,27,27,27,230,27,27,204,205,27,205,41,32,227,223,41,229,164,27,41,41,41,41,229,41,164,27,27,27,229,41,41,27,27,41,41,27,30,27,41,41,41,27,27,41,41,28,41,41,27,27,27,27,27,27,27,27,27,27,27,27,27,27,41,27,27,27,41,27,27,41,27,27,27,229,41,41,27,63,29,41,41,227,41,41,224,27,27,39,27,230,41,148,27,28,41,27,224,27,27,178,27,230,41,27,27,230,27,33,41,27,230,27,40,41,27,41,27,29,41,41,41,41,41,27,41,41,41,41,27,41,41,27,27,27,27,27,41,27,27,30,27,41,41,41,41,41,41,39,41,27,41,41,28,27,27,27,39,41,27,41,27,27,27,40,27,27,41,27,27,41,27,27,27,27,41,27,41,27,41,41,41,27,230,33,27,229,225,27,27,27,28,205
28,41,49,27,41,27,27,41,32,27,86,41,41,41,41,27,27,41,27,27,34,41,38,41,41,41,27,31,27,41,27,41,27,41,27,41,41,27,29,41,27,41,27,41,27,41,39,41,41,27,27,41,41,41,27,41,41,27,41,27,33,27,27,27,41,41,41,27,33,27,28,27,27,27,27,27,27,27,41,33,41,41,41,27,41,41,41,27,41,27,30,41,41,41,27,41,41,29,41,41,35,41,41,27,33,41,40,27,27,27,27,27,27,229,41,27,41,27,27,29,41,41,27,27,41,41,27,41,41,41,41,41,41,41,41,41,27,41,41,41,41,27,41,27,27,41,41,27,27,41,41,27,41,41,27,41,41,41,27,38,27,41,41,27,27,27,27,27,27,28,27,27,27,27,27,27,27,33,27,27,36,41,41,27,41,27,30,30,27,27,27,30,27,41,41,41,27,27,41,30,32,27,41,41,41,28,41,27,27,41,218,230,27,41,27,204,230,44,230,27,78,41,41,38,27,27,41,27,41,27,41,27,41,41,41,41,41,27,41,41,41,41,41,41,41,41,41,41,41,27,41,41,41,41,27,41,29,41,29,41,27,27,27,32,27,27,27,27,27,41,27,27,27,27,27,27,27,27,28,27,27,41,27,41,27,38,41,41,29,41,41,229,41,228,41,41,41,41,41,27,34,41,41,27,27,41,39,27,39,27,27,27,27,33,229,229,27,27,27,41,27,27,41,41,41,27,41,41,41,41,41,27,41,41,41,41,41,41,41,41,27,27,41,41,41,41,41,41,39,41,27,41,27,27,27,41,41,41,41,36,32,27,27,27,27,27,27,27,27,27,27,28,41,27,27,186,41,27,27,27,39,41,27,38,41,41,27,41,41,41,41,41,27,39,41,163,71,41,41,148,27,229,27,40,27,168,168,27,150,176,40,41,41,27,27,27,37,27,27,27,28,41,27,27,27,27,41,29,27,41,27,27,41,41,229,39,230,27,27,27,41,41,41,41,41,38,27,41,38,80,41,41,27,27,41,41,41,27,156,156,41,27,41,27,41,27,41,27,27,27,27,27,27,27,41,27,27,39,41,41,29,39,27,41,41,27,41,27,30,27,164,27,41,41,27,31,41,27,27,41,27,41,41,27,27,27,41,41,27,38,41,27,204,64,230,207,32,205,41,203,41,27,27,41,41,41,27,27,41,41,41,83,230,192,230,230,27,41,27,27,40,41,29,86,41,41,27,226,27,41,27,27,27,41,41,27,27,41,41,41,40,32,41,27,27,27,33,41,27,41,27,27,27,41,27,27,27,27,27,28,41,27,41,41,41,41,27,27,41,27,27,41,224,230,27,41,230,153,27,41,35,27,27,41,230,230,41,27,38,27,27,199,27,27,199,27,207,205,204,29,27,41,224,27,230,41,27,41,41,207,39,41,27,41,41,27,41,41,27,41,27,41,41,27,41,41,41,41,41,41,38,41,41,41,41,27,27,41,41,39,39,27,27,27,27,27,41,27,27,41,27,27,27,27,27,27,27,27,41,27,163,198,229,229,229,27,229,27,229,230,27,230,229,27,230,229,230,27,230,69,229,27,230,27,211,229,27,229,27,27,229,27,229,27,41,41,27,41,27,27,37,27,41,41,41,41,27,41,28,27,41,230,224,41,41,27,230,230,230,230,184,41,41,27,230,230,41,230,27,40,230,27,230,230,217,230,230,27,230,230,77,27,27,27,27,27,27,27,217,27,27,27,27,27,27,27,27,27,27,27,41,41,41,27,27,27,27,39,27,39,229,41,164,27,214,229,38,27,27,27,69,41,41,41,41,41,41,27,27,27,27,230,27,63,205,205,27,207,41,32,229,229,41,229,229,27,41,41,39,41,229,41,229,27,27,28,229,41,41,27,27,41,41,27,38,27,41,41,41,27,27,41,41,27,41,41,27,27,27,27,27,27,27,27,27,27,27,27,27,27,41,27,27,27,40,27,27,41,27,27,27,229,39,41,38,154,27,41,41,179,41,41,230,27,27,29,27,230,41,148,27,27,41,27,230,27,27,228,27,230,41,27,27,230,27,28,41,27,230,27,40,41,27,41,27,27,41,41,41,39,41,29,41,39,41,41,27,41,41,27,27,27,27,27,41,27,27,27,27,41,41,41,41,41,41,29,41,27,41,41,28,27,27,27,33,41,27,41,27,27,27,41,27,27,41,27,27,41,27,27,30,27,41,27,41,27,41,41,41,27,230,27,27,229,230,27,27,27,27,205
28,41,49,27,41,27,27,41,32,27,86,41,41,41,41,27,27,41,27,27,34,41,38,41,41,41,27,31,27,41,27,41,27,41,27,41,41,27,29,41,27,41,27,41,27,41,39,41,41,27,27,41,41,41,27,41,41,27,41,27,33,27,27,27,41,41,41,27,33,27,28,27,27,27,27,27,27,27,41,33,41,41,41,27,41,41,41,27,41,27,30,41,41,41,27,41,41,29,41,41,35,41,41,27,33,41,40,27,27,27,27,27,27,229,41,27,41,27,27,29,41,41,27,27,41,41,27,41,41,41,41,41,41,41,41,41,27,41,41,41,41,27,41,27,27,41,41,27,27,41,41,27,41,41,27,41,41,41,27,38,27,41,41,27,27,27,27,27,27,28,27,27,27,27,27,27,27,33,27,27,36,41,41,27,41,27,30,30,27,27,27,30,27,41,41,41,27,27,41,30,32,27,41,41,41,28,41,27,27,41,218,230,27,41,27,204,230,44,230,27,78,41,41,38,27,27,41,27,41,27,41,27,41,41,41,41,41,27,41,41,41,41,41,41,41,41,41,41,41,27,41,41,41,41,27,41,29,41,29,41,27,27,27,32,27,27,27,27,27,41,27,27,27,27,27,27,27,27,28,27,27,41,27,41,27,38,41,41,29,41,41,229,41,228,41,41,41,41,41,27,34,41,41,27,27,41,39,27,39,27,27,27,27,33,229,229,27,27,27,41,27,27,41,41,41,27,41,41,41,41,41,27,41,41,41,41,41,41,41,41,27,27,41,41,41,41,41,41,39,41,27,41,27,27,27,41,41,41,41,36,32,27,27,27,27,27,27,27,27,27,27,28,41,27,27,186,41,27,27,27,39,41,27,38,41,41,27,41,41,41,41,41,27,39,41,163,71,41,41,148,27,229,27,40,27,168,168,27,150,176,40,41,41,27,27,27,37,27,27,27,28,41,27,27,27,27,41,29,27,41,27,27,41,41,229,39,230,27,27,27,41,41,41,41,41,38,27,41,38,80,41,41,27,27,41,41,41,27,156,156,41,27,41,27,41,27,41,27,27,27,27,27,27,27,41,27,27,39,41,41,29,39,27,41,41,27,41,27,30,27,164,27,41,41,27,31,41,27,27,41,27,41,41,27,27,27,41,41,27,38,41,27,204,64,230,207,32,205,41,203,41,27,27,41,41,41,27,27,41,41,41,83,230,192,230,230,27,41,27,27,40,41,29,86,41,41,27,226,27,41,27,27,27,41,41,27,27,41,41,41,40,32,41,27,27,27,33,41,27,41,27,27,27,41,27,27,27,27,27,28,41,27,41,41,41,41,27,27,41,27,27,41,224,230,27,41,230,153,27,41,35,27,27,41,230,230,41,27,38,27,27,199,27,27,199,27,207,205,204,29,27,41,224,27,230,41,27,41,41,207,39,41,27,41,41,27,41,41,27,41,27,41,41,27,41,41,41,41,41,41,38,41,41,41,41,27,27,41,41,39,39,27,27,27,27,27,41,27,27,41,27,27,27,27,27,27,27,27,41,27,163,198,229,229,229,27,229,27,229,230,27,230,229,27,230,229,230,27,230,69,229,27,230,27,211,229,27,229,27,27,229,27,229,27,41,41,27,41,27,27,37,27,41,41,41,41,27,41,28,27,41,230,224,41,41,27,230,230,230,230,184,41,41,27,230,230,41,230,27,40,230,27,230,230,217,230,230,27,230,230,77,27,27,27,27,27,27,27,217,27,27,27,27,27,27,27,27,27,27,27,41,41,41,27,27,27,27,39,27,39,229,41,164,27,214,229,38,27,27,27,69,41,41,41,41,41,41,27,27,27,27,230,27,63,205,205,27,207,41,32,229,229,41,229,229,27,41,41,39,41,229,41,229,27,27,28,229,41,41,27,27,41,41,27,38,27,41,41,41,27,27,41,41,27,41,41,27,27,27,27,27,27,27,27,27,27,27,27,27,27,41,27,27,27,40,27,27,41,27,27,27,229,39,41,38,154,27,41,41,179,41,41,230,27,27,29,27,230,41,148,27,27,41,27,230,27,27,228,27,230,41,27,27,230,27,28,41,27,230,27,40,41,27,41,27,27,41,41,41,39,41,29,41,39,41,41,27,41,41,27,27,27,27,27,41,27,27,27,27,41,41,41,41,41,41,29,41,27,41,41,28,27,27,27,33,41,27,41,27,27,27,41,27,27,41,27,27,41,27,27,30,27,41,27,41,27,41,41,41,27,230,27,27,229,230,27,27,27,27,205
27,41,41,27,41,46,60,41,27,44,87,41,41,38,41,30,27,41,27,27,34,41,30,27,41,41,27,27,27,41,27,41,27,41,27,41,41,27,40,41,27,41,27,41,27,41,41,41,41,27,27,41,41,41,27,41,41,27,41,27,33,27,27,27,39,41,41,27,28,27,27,27,27,27,27,27,27,27,41,29,41,41,41,27,41,41,41,27,41,27,27,41,38,41,27,41,41,27,38,41,35,41,41,27,28,41,41,27,27,27,27,27,27,229,41,27,40,27,27,29,38,41,27,27,41,41,27,41,41,41,41,41,41,41,41,41,27,41,41,41,41,27,41,27,27,41,41,27,27,41,41,27,41,41,27,41,41,41,27,28,27,32,32,27,27,27,27,27,27,27,27,27,27,27,27,27,27,28,27,27,36,41,41,27,41,27,27,27,27,27,27,27,27,39,41,41,27,27,41,30,28,27,27,41,41,40,41,27,27,41,220,230,27,41,27,205,230,183,230,27,78,41,41,41,27,27,39,27,41,27,41,27,41,41,41,41,41,27,41,41,41,41,41,41,41,41,41,41,41,27,41,41,41,41,27,41,39,41,27,41,30,27,27,27,27,27,27,27,27,41,27,27,27,27,27,27,27,27,27,27,27,41,27,41,27,30,41,41,39,41,38,229,41,193,41,41,41,41,41,27,30,41,41,30,41,41,41,27,33,27,27,27,27,28,229,229,27,27,27,41,27,27,41,41,41,27,41,41,41,41,41,27,41,41,41,41,41,41,41,41,27,27,41,41,41,41,41,41,28,41,27,41,27,27,29,41,41,41,41,36,27,27,27,27,27,27,27,27,27,27,27,27,39,27,27,84,41,27,27,27,39,41,27,29,41,41,27,41,41,41,41,53,27,28,41,228,41,41,41,148,27,229,27,41,27,74,74,27,71,196,32,41,41,27,27,28,41,27,27,27,28,41,27,27,27,27,41,40,27,41,27,69,41,41,195,29,229,27,27,27,41,41,41,41,41,30,27,41,31,80,41,41,27,27,41,41,41,27,220,220,41,27,41,27,41,27,39,27,27,27,27,27,27,27,41,27,27,33,41,40,39,41,27,41,41,27,41,27,27,27,229,27,41,41,27,27,41,27,27,41,27,41,41,27,27,30,41,41,41,41,41,27,205,27,194,215,28,205,39,205,41,27,27,41,41,41,27,27,41,41,41,41,230,74,230,230,27,41,27,27,41,41,40,41,41,41,27,229,27,41,27,27,27,41,41,27,27,41,39,41,41,27,41,27,27,27,28,41,27,41,27,27,27,41,27,27,27,27,27,28,41,27,41,41,41,41,27,27,41,27,27,41,230,211,27,41,230,217,27,41,35,27,67,41,230,230,41,27,30,27,27,58,27,27,205,27,216,206,205,29,27,41,230,27,230,41,27,41,41,59,41,41,27,41,41,27,41,41,27,41,27,41,41,27,41,41,41,41,41,41,30,41,41,41,41,27,27,41,41,39,32,27,27,27,27,27,41,27,27,41,27,27,27,27,27,27,27,27,40,27,163,98,229,229,229,27,229,27,229,230,27,230,229,27,230,229,230,27,230,69,210,27,230,69,230,229,27,229,27,27,167,27,229,27,41,41,27,41,27,27,37,27,41,41,41,41,27,41,27,27,41,230,230,41,41,27,230,230,228,230,83,41,41,27,230,230,41,230,27,43,230,27,230,230,230,230,230,27,230,230,77,27,27,27,27,27,27,27,103,27,27,27,27,27,27,27,27,27,27,27,41,41,41,27,27,27,27,41,27,28,228,39,229,27,229,229,29,27,27,27,59,41,41,41,41,41,41,27,27,27,27,230,27,164,205,207,27,215,41,32,223,229,41,229,229,27,59,41,30,41,223,41,229,27,27,228,229,41,41,27,27,41,41,27,41,27,41,41,41,27,27,41,41,27,41,41,27,27,27,27,27,27,27,27,27,27,27,27,27,27,41,27,27,27,32,27,27,40,27,27,203,229,28,41,218,217,27,27,41,87,41,41,230,27,27,27,27,229,41,148,27,27,41,27,230,27,27,230,27,227,41,27,27,198,58,27,41,27,230,27,40,41,41,41,27,27,41,41,41,28,41,40,41,29,41,41,27,27,41,27,27,27,27,41,41,27,27,27,30,41,41,38,41,41,41,27,41,27,27,41,28,27,27,27,28,41,27,41,27,27,27,41,27,27,41,27,27,39,27,27,37,30,41,27,41,27,41,41,38,27,230,27,27,229,230,27,27,27,27,205
27,41,41,27,41,206,192,41,27,207,87,41,41,30,38,38,27,41,41,27,34,41,27,27,41,41,30,27,27,41,27,41,27,41,27,41,39,27,41,41,27,41,27,41,27,41,41,41,41,27,27,27,41,41,27,41,41,27,41,31,33,27,27,27,33,41,41,27,27,27,27,27,27,27,27,27,27,27,40,28,41,41,41,27,41,41,41,27,41,27,27,41,30,41,27,41,41,27,30,41,35,41,41,27,27,41,41,27,27,27,27,58,27,229,39,27,33,27,27,29,30,41,27,30,41,41,27,41,41,41,41,41,41,41,41,41,27,41,41,41,41,27,41,27,27,41,41,27,27,41,41,27,41,41,27,40,41,41,27,27,27,27,27,27,27,27,27,27,27,27,27,27,27,27,27,27,27,27,27,27,36,41,41,27,41,27,27,27,27,27,27,27,27,29,41,41,27,27,41,30,27,27,27,41,41,41,41,27,27,41,220,230,27,40,27,205,193,204,230,27,78,41,41,41,27,27,29,27,41,27,41,27,41,41,41,41,41,27,41,41,41,41,41,41,41,41,41,41,41,27,41,41,41,41,27,41,41,39,27,41,30,27,27,27,27,27,27,27,27,41,27,27,27,27,27,27,27,27,27,27,27,41,27,41,27,27,41,39,41,41,30,229,41,72,41,164,41,41,41,27,30,41,41,38,41,41,41,27,28,27,27,27,27,27,229,229,27,27,27,41,27,27,41,41,41,27,41,41,41,41,41,27,41,41,41,39,39,41,41,41,27,27,41,41,41,41,41,41,27,41,27,41,27,27,40,41,41,41,41,36,27,27,27,27,27,27,27,27,27,27,27,27,33,27,27,41,41,27,27,27,39,41,27,27,40,41,27,41,41,41,41,159,27,27,41,230,41,41,41,148,27,229,27,41,27,41,41,27,41,197,28,41,41,27,27,40,41,29,27,27,28,41,27,27,27,27,41,41,27,41,27,188,41,41,70,27,181,47,27,27,41,27,41,41,41,27,27,41,27,80,41,41,27,27,41,41,41,27,230,230,41,27,41,27,41,27,33,27,27,27,27,27,27,27,41,27,27,28,41,37,41,41,27,41,41,27,41,41,27,27,229,27,41,41,27,27,71,27,27,41,28,41,41,27,27,38,39,41,41,41,41,27,205,27,64,228,27,205,33,205,41,27,27,41,41,41,27,27,41,41,41,41,230,41,230,230,27,41,27,27,41,40,41,41,41,39,27,229,27,53,27,27,27,41,41,27,27,41,28,41,41,27,32,27,27,27,27,41,27,41,27,27,27,39,27,27,27,27,27,28,41,27,41,41,41,41,27,27,41,27,27,41,230,59,27,41,229,230,27,41,35,27,186,38,165,165,41,27,27,27,27,27,27,27,205,68,226,215,205,29,28,41,230,27,230,165,27,53,41,41,41,41,27,41,41,27,41,41,27,41,27,41,41,27,41,41,38,41,41,41,27,41,41,27,41,27,27,41,41,27,28,27,27,27,27,27,41,27,27,41,27,27,27,27,27,27,27,27,32,27,163,174,229,229,182,27,229,27,229,230,27,230,230,27,230,230,230,27,230,69,46,27,230,181,230,229,27,229,27,27,50,27,223,27,41,32,27,41,27,27,45,27,41,41,41,41,27,41,27,27,41,230,230,41,41,27,230,230,180,230,41,41,41,27,230,230,44,220,27,43,230,54,230,230,230,230,230,27,230,230,77,27,27,27,27,27,27,27,34,27,27,27,27,27,27,27,27,27,27,27,41,41,41,27,27,27,27,41,27,27,206,28,229,27,229,228,27,27,27,27,39,41,41,32,41,38,41,27,27,27,27,230,27,204,205,216,27,226,39,32,229,229,41,229,229,27,155,41,27,41,41,41,229,27,27,229,229,41,41,27,27,41,41,27,41,27,41,41,41,27,27,41,41,27,41,41,27,27,27,27,27,27,27,27,27,27,27,27,27,27,41,27,27,27,27,27,27,32,27,27,203,228,27,38,229,229,27,27,41,41,41,41,230,27,27,27,27,186,41,148,27,27,41,27,230,27,27,230,27,173,41,27,27,59,194,27,41,27,230,27,40,41,41,41,29,27,41,27,41,27,41,41,41,27,41,41,27,27,41,27,27,27,27,41,41,27,27,27,38,41,41,30,41,41,41,27,41,27,27,41,28,27,27,27,27,41,27,41,27,27,27,41,27,27,41,27,27,33,27,27,41,37,41,27,41,27,41,41,30,87,230,27,27,229,230,27,27,27,27,209
27,41,41,27,41,206,192,41,27,207,87,41,41,30,38,38,27,41,41,27,34,41,27,27,41,41,30,27,27,41,27,41,27,41,27,41,39,27,41,41,27,41,27,41,27,41,41,41,41,27,27,27,41,41,27,41,41,27,41,31,33,27,27,27,33,41,41,27,27,27,27,27,27,27,27,27,27,27,40,28,41,41,41,27,41,41,41,27,41,27,27,41,30,41,27,41,41,27,30,41,35,41,41,27,27,41,41,27,27,27,27,58,27,229,39,27,33,27,27,29,30,41,27,30,41,41,27,41,41,41,41,41,41,41,41,41,27,41,41,41,41,27,41,27,27,41,41,27,27,41,41,27,41,41,27,40,41,41,27,27,27,27,27,27,27,27,27,27,27,27,27,27,27,27,27,27,27,27,27,27,36,41,41,27,41,27,27,27,27,27,27,27,27,29,41,41,27,27,41,30,27,27,27,41,41,41,41,27,27,41,220,230,27,40,27,205,193,204,230,27,78,41,41,41,27,27,29,27,41,27,41,27,41,41,41,41,41,27,41,41,41,41,41,41,41,41,41,41,41,27,41,41,41,41,27,41,41,39,27,41,30,27,27,27,27,27,27,27,27,41,27,27,27,27,27,27,27,27,27,27,27,41,27,41,27,27,41,39,41,41,30,229,41,72,41,164,41,41,41,27,30,41,41,38,41,41,41,27,28,27,27,27,27,27,229,229,27,27,27,41,27,27,41,41,41,27,41,41,41,41,41,27,41,41,41,39,39,41,41,41,27,27,41,41,41,41,41,41,27,41,27,41,27,27,40,41,41,41,41,36,27,27,27,27,27,27,27,27,27,27,27,27,33,27,27,41,41,27,27,27,39,41,27,27,40,41,27,41,41,41,41,159,27,27,41,230,41,41,41,148,27,229,27,41,27,41,41,27,41,197,28,41,41,27,27,40,41,29,27,27,28,41,27,27,27,27,41,41,27,41,27,188,41,41,70,27,181,47,27,27,41,27,41,41,41,27,27,41,27,80,41,41,27,27,41,41,41,27,230,230,41,27,41,27,41,27,33,27,27,27,27,27,27,27,41,27,27,28,41,37,41,41,27,41,41,27,41,41,27,27,229,27,41,41,27,27,71,27,27,41,28,41,41,27,27,38,39,41,41,41,41,27,205,27,64,228,27,205,33,205,41,27,27,41,41,41,27,27,41,41,41,41,230,41,230,230,27,41,27,27,41,40,41,41,41,39,27,229,27,53,27,27,27,41,41,27,27,41,28,41,41,27,32,27,27,27,27,41,27,41,27,27,27,39,27,27,27,27,27,28,41,27,41,41,41,41,27,27,41,27,27,41,230,59,27,41,229,230,27,41,35,27,186,38,165,165,41,27,27,27,27,27,27,27,205,68,226,215,205,29,28,41,230,27,230,165,27,53,41,41,41,41,27,41,41,27,41,41,27,41,27,41,41,27,41,41,38,41,41,41,27,41,41,27,41,27,27,41,41,27,28,27,27,27,27,27,41,27,27,41,27,27,27,27,27,27,27,27,32,27,163,174,229,229,182,27,229,27,229,230,27,230,230,27,230,230,230,27,230,69,46,27,230,181,230,229,27,229,27,27,50,27,223,27,41,32,27,41,27,27,45,27,41,41,41,41,27,41,27,27,41,230,230,41,41,27,230,230,180,230,41,41,41,27,230,230,44,220,27,43,230,54,230,230,230,230,230,27,230,230,77,27,27,27,27,27,27,27,34,27,27,27,27,27,27,27,27,27,27,27,41,41,41,27,27,27,27,41,27,27,206,28,229,27,229,228,27,27,27,27,39,41,41,32,41,38,41,27,27,27,27,230,27,204,205,216,27,226,39,32,229,229,41,229,229,27,155,41,27,41,41,41,229,27,27,229,229,41,41,27,27,41,41,27,41,27,41,41,41,27,27,41,41,27,41,41,27,27,27,27,27,27,27,27,27,27,27,27,27,27,41,27,27,27,27,27,27,32,27,27,203,228,27,38,229,229,27,27,41,41,41,41,230,27,27,27,27,186,41,148,27,27,41,27,230,27,27,230,27,173,41,27,27,59,194,27,41,27,230,27,40,41,41,41,29,27,41,27,41,27,41,41,41,27,41,41,27,27,41,27,27,27,27,41,41,27,27,27,38,41,41,30,41,41,41,27,41,27,27,41,28,27,27,27,27,41,27,41,27,27,27,41,27,27,41,27,27,33,27,27,41,37,41,27,41,27,41,41,30,87,230,27,27,229,230,27,27,27,27,209
27,40,41,27,41,229,229,41,27,229,87,41,41,27,30,41,27,27,41,27,34,41,27,27,41,41,37,27,27,41,27,27,27,41,27,41,29,27,41,41,27,41,27,41,27,41,41,41,41,27,27,27,41,41,27,41,41,27,41,38,33,27,27,27,28,41,41,27,27,27,27,27,27,27,27,27,27,27,32,28,41,41,41,27,41,27,41,27,41,27,27,41,27,41,27,41,41,27,27,41,35,41,41,41,27,41,41,27,27,27,27,193,27,217,33,27,27,27,27,70,27,41,27,37,41,41,27,41,41,41,41,41,41,41,41,41,27,41,41,41,41,27,41,27,27,41,41,29,27,41,41,27,41,41,27,28,41,41,27,27,27,27,27,27,27,27,27,27,27,27,27,27,27,27,27,27,27,27,27,27,36,41,41,27,41,27,27,27,27,27,27,27,27,27,41,41,27,41,41,30,27,30,27,41,41,41,41,27,27,41,220,203,44,32,44,207,64,205,198,27,78,41,41,41,27,27,27,27,41,27,41,30,38,38,41,41,41,27,41,41,41,41,41,41,41,41,41,41,41,27,41,41,41,41,27,41,41,29,27,41,30,27,27,27,27,27,27,27,27,41,27,27,27,27,27,27,27,27,27,28,27,41,27,41,27,27,41,28,41,41,27,227,41,41,41,229,41,41,41,27,30,41,41,41,41,41,41,27,27,27,27,27,27,27,229,209,27,75,27,39,27,27,41,41,41,27,41,41,39,39,41,27,41,41,41,28,28,41,41,41,27,27,41,41,41,41,41,38,27,41,27,41,27,27,41,39,41,41,38,36,27,27,27,27,27,27,27,27,27,27,27,27,28,27,27,41,41,27,27,27,39,41,27,27,28,41,27,41,41,41,41,224,27,27,41,230,41,41,165,148,27,174,27,41,27,57,57,27,41,197,27,41,32,27,27,41,41,39,27,27,28,41,27,27,27,27,41,41,29,41,56,230,41,41,41,27,86,210,27,27,41,27,41,41,41,27,27,41,27,80,41,41,27,76,41,39,39,27,230,230,41,27,41,27,41,27,28,27,27,27,27,27,27,27,41,27,27,27,41,34,41,41,27,41,41,27,41,41,27,27,229,27,164,41,27,27,149,27,27,49,39,39,41,27,27,41,33,41,41,41,40,69,205,27,27,230,27,207,28,205,41,27,27,38,39,41,27,27,41,41,41,41,229,41,230,230,27,41,27,27,41,28,41,41,41,30,27,229,27,158,27,27,27,41,41,27,27,41,27,41,41,27,27,27,27,27,27,41,27,41,27,27,27,33,27,27,27,27,27,28,41,27,41,41,41,41,27,27,41,27,27,41,229,41,27,39,180,230,27,41,35,27,229,30,41,41,41,27,27,27,53,27,27,27,205,160,230,228,205,177,33,121,230,27,230,230,27,159,39,41,41,41,30,41,41,27,41,41,27,41,27,41,41,27,41,41,31,41,41,41,27,41,41,27,41,27,27,41,41,27,27,27,27,27,27,27,41,27,27,41,27,27,27,27,27,27,27,27,27,27,31,31,229,229,79,27,229,27,198,230,27,230,230,27,230,230,230,27,230,69,27,27,230,225,230,229,27,229,46,27,50,27,159,27,40,27,27,29,27,27,75,27,41,39,41,41,27,41,27,27,41,229,230,37,41,27,230,228,86,229,41,41,72,27,230,230,163,45,27,43,230,202,230,230,230,230,230,27,230,230,77,27,27,27,27,27,27,27,27,27,27,27,27,27,27,27,27,27,27,27,41,41,39,27,27,27,27,41,27,27,59,27,229,72,229,206,27,27,27,27,30,41,41,27,41,29,41,27,27,27,27,230,27,205,207,226,27,230,32,32,229,229,164,223,229,27,220,39,27,41,41,41,229,27,27,229,229,41,164,27,27,41,41,27,41,27,41,41,41,27,27,41,41,27,41,41,27,30,27,27,27,27,27,27,27,27,27,27,27,27,41,27,27,27,27,27,27,28,27,27,203,204,27,30,229,229,27,27,41,41,27,40,230,27,27,27,27,80,41,148,27,27,41,27,230,27,27,230,27,78,41,27,27,27,229,27,39,27,230,27,40,41,41,41,39,27,41,27,41,27,41,41,41,27,41,38,27,27,41,27,27,27,27,41,41,27,27,27,41,41,41,27,41,41,41,27,41,27,27,41,28,27,27,27,27,41,27,41,27,27,27,41,27,27,41,27,27,28,27,27,41,41,41,27,41,27,41,41,27,87,230,27,27,213,230,27,27,27,27,227
27,28,40,27,41,230,230,41,27,230,87,32,41,27,27,41,27,27,41,27,34,41,27,27,41,41,41,27,27,41,27,27,27,41,27,41,27,27,41,41,27,41,27,41,27,41,41,41,41,27,27,27,41,41,27,41,41,27,41,41,33,27,27,27,27,39,41,27,27,27,27,27,27,27,27,27,27,27,27,28,41,41,41,27,41,27,41,27,41,27,27,41,27,41,27,41,41,27,27,41,35,41,41,41,27,41,41,27,30,27,27,228,27,154,28,27,27,27,27,158,27,38,27,41,39,41,27,41,41,41,41,41,41,41,41,41,27,41,41,41,41,27,41,27,27,41,41,37,27,41,41,41,41,41,27,27,41,41,27,27,27,27,27,27,27,27,27,27,27,27,27,27,27,27,27,27,27,27,27,27,36,41,41,27,41,27,27,27,27,27,27,27,27,27,41,41,27,41,38,30,27,37,27,41,41,41,41,27,27,39,220,54,183,27,183,215,27,205,59,27,80,41,41,41,27,27,27,29,27,27,41,37,30,30,40,41,41,27,41,41,41,41,41,41,41,41,41,41,41,27,41,41,41,41,27,41,41,27,27,38,30,27,27,27,27,27,27,27,27,32,27,27,27,27,27,27,27,27,27,31,27,41,27,41,29,27,41,27,41,41,27,180,41,41,39,229,41,41,41,27,30,39,41,41,41,41,41,27,27,27,27,27,27,27,229,47,27,177,27,36,27,27,41,41,41,27,41,41,28,28,41,27,41,41,41,27,27,41,41,39,27,27,41,41,41,41,41,30,27,41,27,41,27,27,41,28,41,41,31,36,27,27,27,27,27,27,27,27,27,27,27,27,27,27,27,41,41,27,27,27,39,41,27,27,27,41,27,41,41,41,41,230,27,27,41,230,41,41,230,145,27,78,27,41,27,41,41,27,41,197,27,41,27,27,27,41,41,41,27,27,28,41,27,27,27,27,41,41,40,41,140,230,38,41,41,27,41,230,27,27,41,27,41,41,41,27,27,41,27,80,41,41,27,181,41,28,29,27,230,230,41,27,40,27,41,27,27,27,27,27,27,27,27,27,41,27,27,27,41,34,41,41,27,41,41,27,41,41,27,27,229,27,229,41,27,27,213,27,27,159,41,33,41,27,27,41,28,41,41,41,33,158,206,27,27,230,27,215,27,207,40,27,27,30,29,41,27,27,41,41,70,41,182,41,224,230,27,41,36,27,41,27,41,41,41,27,27,216,27,223,27,27,27,41,41,27,27,41,27,41,41,27,27,27,27,27,27,41,27,41,27,27,27,28,27,27,27,27,27,28,41,27,41,41,41,41,27,27,41,27,27,41,207,41,27,28,86,230,27,27,35,27,230,27,41,41,27,46,27,46,174,27,67,27,205,204,230,230,208,181,41,230,229,27,230,230,27,224,29,41,41,41,38,38,41,27,41,41,27,27,27,39,41,27,41,41,27,41,41,41,27,41,41,27,41,27,27,41,41,27,27,27,27,27,27,27,41,27,27,41,27,27,27,27,27,27,27,27,27,27,27,27,229,198,29,27,229,27,62,230,27,230,230,36,230,230,230,27,230,69,27,27,230,229,230,229,27,27,205,27,50,27,53,27,32,27,27,27,27,27,85,27,41,28,41,41,27,41,27,27,41,207,211,30,41,230,230,180,41,184,41,41,150,27,224,230,228,41,27,43,228,230,230,230,230,230,230,27,230,230,77,27,27,27,27,27,27,27,27,27,27,27,27,27,27,27,27,27,27,27,27,41,28,27,27,27,27,41,30,27,41,27,229,184,228,59,27,27,27,27,30,41,41,27,41,27,41,27,27,27,130,27,27,205,216,230,60,230,28,32,223,229,229,41,229,27,229,30,27,63,41,41,223,27,27,229,222,27,229,27,27,41,41,27,41,27,41,41,41,27,27,41,41,27,41,41,27,38,30,36,27,27,27,27,27,27,27,27,27,27,41,27,27,27,27,27,27,27,27,27,203,60,27,27,229,228,27,27,72,41,27,29,229,27,27,27,27,41,27,145,27,27,41,27,230,27,76,214,27,73,41,27,27,27,230,27,33,27,230,27,40,41,41,41,41,27,41,27,41,27,41,41,41,27,41,31,27,27,41,27,27,27,27,41,41,27,27,27,41,41,41,27,41,41,41,27,41,27,27,41,28,27,27,27,27,40,27,40,27,27,27,41,27,27,40,27,27,27,27,27,41,41,41,27,41,27,27,41,27,87,230,27,27,205,190,27,27,27,27,230
27,28,40,27,41,230,230,41,27,230,87,32,41,27,27,41,27,27,41,27,34,41,27,27,41,41,41,27,27,41,27,27,27,41,27,41,27,27,41,41,27,41,27,41,27,41,41,41,41,27,27,27,41,41,27,41,41,27,41,41,33,27,27,27,27,39,41,27,27,27,27,27,27,27,27,27,27,27,27,28,41,41,41,27,41,27,41,27,41,27,27,41,27,41,27,41,41,27,27,41,35,41,41,41,27,41,41,27,30,27,27,228,27,154,28,27,27,27,27,158,27,38,27,41,39,41,27,41,41,41,41,41,41,41,41,41,27,41,41,41,41,27,41,27,27,41,41,37,27,41,41,41,41,41,27,27,41,41,27,27,27,27,27,27,27,27,27,27,27,27,27,27,27,27,27,27,27,27,27,27,36,41,41,27,41,27,27,27,27,27,27,27,27,27,41,41,27,41,38,30,27,37,27,41,41,41,41,27,27,39,220,54,183,27,183,215,27,205,59,27,80,41,41,41,27,27,27,29,27,27,41,37,30,30,40,41,41,27,41,41,41,41,41,41,41,41,41,41,41,27,41,41,41,41,27,41,41,27,27,38,30,27,27,27,27,27,27,27,27,32,27,27,27,27,27,27,27,27,27,31,27,41,27,41,29,27,41,27,41,41,27,180,41,41,39,229,41,41,41,27,30,39,41,41,41,41,41,27,27,27,27,27,27,27,229,47,27,177,27,36,27,27,41,41,41,27,41,41,28,28,41,27,41,41,41,27,27,41,41,39,27,27,41,41,41,41,41,30,27,41,27,41,27,27,41,28,41,41,31,36,27,27,27,27,27,27,27,27,27,27,27,27,27,27,27,41,41,27,27,27,39,41,27,27,27,41,27,41,41,41,41,230,27,27,41,230,41,41,230,145,27,78,27,41,27,41,41,27,41,197,27,41,27,27,27,41,41,41,27,27,28,41,27,27,27,27,41,41,40,41,140,230,38,41,41,27,41,230,27,27,41,27,41,41,41,27,27,41,27,80,41,41,27,181,41,28,29,27,230,230,41,27,40,27,41,27,27,27,27,27,27,27,27,27,41,27,27,27,41,34,41,41,27,41,41,27,41,41,27,27,229,27,229,41,27,27,213,27,27,159,41,33,41,27,27,41,28,41,41,41,33,158,206,27,27,230,27,215,27,207,40,27,27,30,29,41,27,27,41,41,70,41,182,41,224,230,27,41,36,27,41,27,41,41,41,27,27,216,27,223,27,27,27,41,41,27,27,41,27,41,41,27,27,27,27,27,27,41,27,41,27,27,27,28,27,27,27,27,27,28,41,27,41,41,41,41,27,27,41,27,27,41,207,41,27,28,86,230,27,27,35,27,230,27,41,41,27,46,27,46,174,27,67,27,205,204,230,230,208,181,41,230,229,27,230,230,27,224,29,41,41,41,38,38,41,27,41,41,27,27,27,39,41,27,41,41,27,41,41,41,27,41,41,27,41,27,27,41,41,27,27,27,27,27,27,27,41,27,27,41,27,27,27,27,27,27,27,27,27,27,27,27,229,198,29,27,229,27,62,230,27,230,230,36,230,230,230,27,230,69,27,27,230,229,230,229,27,27,205,27,50,27,53,27,32,27,27,27,27,27,85,27,41,28,41,41,27,41,27,27,41,207,211,30,41,230,230,180,41,184,41,41,150,27,224,230,228,41,27,43,228,230,230,230,230,230,230,27,230,230,77,27,27,27,27,27,27,27,27,27,27,27,27,27,27,27,27,27,27,27,27,41,28,27,27,27,27,41,30,27,41,27,229,184,228,59,27,27,27,27,30,41,41,27,41,27,41,27,27,27,130,27,27,205,216,230,60,230,28,32,223,229,229,41,229,27,229,30,27,63,41,41,223,27,27,229,222,27,229,27,27,41,41,27,41,27,41,41,41,27,27,41,41,27,41,41,27,38,30,36,27,27,27,27,27,27,27,27,27,27,41,27,27,27,27,27,27,27,27,27,203,60,27,27,229,228,27,27,72,41,27,29,229,27,27,27,27,41,27,145,27,27,41,27,230,27,76,214,27,73,41,27,27,27,230,27,33,27,230,27,40,41,41,41,41,27,41,27,41,27,41,41,41,27,41,31,27,27,41,27,27,27,27,41,41,27,27,27,41,41,41,27,41,41,41,27,41,27,27,41,28,27,27,27,27,40,27,40,27,27,27,41,27,27,40,27,27,27,27,27,41,41,41,27,41,27,27,41,27,87,230,27,27,205,190,27,27,27,27,230
27,27,28,27,41,230,230,41,27,230,87,27,41,27,27,41,28,27,41,27,34,41,27,27,41,41,41,27,27,41,27,27,27,41,27,41,27,27,41,41,29,41,27,41,27,41,41,41,41,27,27,27,41,41,27,41,41,27,41,41,33,27,27,27,27,33,41,27,27,27,27,27,27,27,27,27,27,27,27,28,41,41,41,27,38,27,41,27,41,27,27,41,27,41,27,41,41,27,27,41,35,41,41,41,27,41,41,27,38,107,27,229,27,63,27,27,27,27,74,201,27,30,27,41,31,41,27,41,41,41,41,41,41,41,41,41,27,41,41,41,41,27,41,27,27,41,41,41,27,41,41,41,41,41,27,27,41,41,27,27,27,27,27,27,27,27,27,27,27,27,27,27,27,27,27,27,27,27,27,27,36,41,41,27,41,27,27,27,27,27,27,27,27,27,41,41,27,41,30,30,27,41,27,41,41,41,40,27,27,34,195,27,204,27,204,227,27,205,27,27,84,40,41,41,27,27,27,39,27,27,41,41,27,27,28,38,38,27,41,41,41,41,41,41,41,41,41,41,41,27,41,41,41,41,27,41,41,27,27,29,30,27,27,27,27,27,27,27,27,27,27,27,27,27,27,27,27,27,27,31,27,41,27,41,38,27,41,27,41,41,27,85,41,41,29,229,41,41,45,27,30,32,41,41,41,41,41,27,27,27,27,27,27,27,229,27,27,228,27,33,27,27,41,41,41,27,41,41,27,27,41,27,41,41,41,27,27,41,41,31,27,27,41,41,41,41,41,27,27,41,27,41,27,27,41,27,41,41,27,36,27,27,27,27,27,27,27,27,27,27,27,27,27,27,27,41,41,27,27,27,39,41,27,27,27,41,27,41,41,41,41,230,27,27,41,230,39,41,230,35,27,71,27,41,27,41,41,27,41,197,27,41,27,27,27,41,41,41,27,27,28,41,27,27,41,27,41,41,41,41,169,230,30,165,41,27,41,230,27,27,41,27,41,41,41,27,27,41,27,80,38,41,230,230,41,27,27,27,229,229,41,27,32,27,40,27,27,27,27,27,27,27,27,27,41,27,27,27,41,34,41,41,27,41,41,27,41,41,27,27,229,27,229,41,27,27,229,30,27,222,41,28,32,27,30,41,27,41,41,41,27,203,211,27,27,230,27,226,27,214,37,27,27,27,27,41,27,27,40,41,151,38,85,41,41,224,27,41,221,27,41,27,41,38,164,27,27,48,27,229,27,29,27,41,41,27,27,41,27,41,41,27,27,27,27,27,27,41,27,37,27,27,27,27,27,27,27,27,27,27,41,27,41,41,41,41,27,27,41,27,27,71,91,41,27,27,41,228,27,27,35,224,230,27,41,41,27,170,27,167,204,27,160,27,205,205,230,230,223,182,41,230,210,27,224,230,27,230,27,41,41,41,41,30,41,27,41,41,29,27,27,29,41,27,41,41,27,41,41,41,27,38,41,27,41,30,27,41,41,27,27,27,27,27,27,27,41,27,27,41,27,27,27,27,27,27,27,27,27,27,27,27,229,63,27,76,229,27,29,230,27,230,230,220,230,230,230,27,184,69,27,27,230,230,230,191,27,27,224,27,50,27,41,27,27,27,134,27,27,27,85,27,41,27,41,41,27,41,27,27,41,91,93,27,165,230,230,86,41,83,41,42,214,27,41,224,230,41,27,43,228,230,230,230,230,230,230,27,230,230,77,27,27,27,27,27,27,27,27,27,27,27,27,27,27,27,27,27,27,27,27,41,27,28,27,27,27,41,38,27,41,27,223,229,200,41,27,27,27,27,30,41,41,27,41,27,41,27,27,27,133,27,27,207,226,230,167,230,27,53,41,223,229,41,223,27,229,27,27,154,41,41,41,27,27,229,42,27,229,27,27,41,41,27,41,27,41,41,41,27,27,41,41,27,41,41,27,41,38,36,27,27,27,27,27,27,27,27,27,27,41,27,27,27,27,27,27,27,27,27,203,41,27,27,229,191,27,27,149,37,27,27,225,27,27,27,27,41,27,35,27,27,41,74,165,42,181,171,37,73,32,27,27,27,230,27,28,27,230,58,40,41,41,41,41,27,41,27,41,27,41,41,41,27,41,27,27,27,41,27,27,27,27,41,41,27,27,27,41,41,41,27,41,41,41,27,39,27,27,41,28,27,27,27,27,32,27,32,27,27,27,41,27,27,35,27,27,27,27,27,41,41,41,27,41,27,27,41,27,87,230,27,27,205,71,27,230,27,27,230
27,27,28,27,41,230,230,41,27,230,87,27,41,27,27,41,28,27,41,27,34,41,27,27,41,41,41,27,27,41,27,27,27,41,27,41,27,27,41,41,29,41,27,41,27,41,41,41,41,27,27,27,41,41,27,41,41,27,41,41,33,27,27,27,27,33,41,27,27,27,27,27,27,27,27,27,27,27,27,28,41,41,41,27,38,27,41,27,41,27,27,41,27,41,27,41,41,27,27,41,35,41,41,41,27,41,41,27,38,107,27,229,27,63,27,27,27,27,74,201,27,30,27,41,31,41,27,41,41,41,41,41,41,41,41,41,27,41,41,41,41,27,41,27,27,41,41,41,27,41,41,41,41,41,27,27,41,41,27,27,27,27,27,27,27,27,27,27,27,27,27,27,27,27,27,27,27,27,27,27,36,41,41,27,41,27,27,27,27,27,27,27,27,27,41,41,27,41,30,30,27,41,27,41,41,41,40,27,27,34,195,27,204,27,204,227,27,205,27,27,84,40,41,41,27,27,27,39,27,27,41,41,27,27,28,38,38,27,41,41,41,41,41,41,41,41,41,41,41,27,41,41,41,41,27,41,41,27,27,29,30,27,27,27,27,27,27,27,27,27,27,27,27,27,27,27,27,27,27,31,27,41,27,41,38,27,41,27,41,41,27,85,41,41,29,229,41,41,45,27,30,32,41,41,41,41,41,27,27,27,27,27,27,27,229,27,27,228,27,33,27,27,41,41,41,27,41,41,27,27,41,27,41,41,41,27,27,41,41,31,27,27,41,41,41,41,41,27,27,41,27,41,27,27,41,27,41,41,27,36,27,27,27,27,27,27,27,27,27,27,27,27,27,27,27,41,41,27,27,27,39,41,27,27,27,41,27,41,41,41,41,230,27,27,41,230,39,41,230,35,27,71,27,41,27,41,41,27,41,197,27,41,27,27,27,41,41,41,27,27,28,41,27,27,41,27,41,41,41,41,169,230,30,165,41,27,41,230,27,27,41,27,41,41,41,27,27,41,27,80,38,41,230,230,41,27,27,27,229,229,41,27,32,27,40,27,27,27,27,27,27,27,27,27,41,27,27,27,41,34,41,41,27,41,41,27,41,41,27,27,229,27,229,41,27,27,229,30,27,222,41,28,32,27,30,41,27,41,41,41,27,203,211,27,27,230,27,226,27,214,37,27,27,27,27,41,27,27,40,41,151,38,85,41,41,224,27,41,221,27,41,27,41,38,164,27,27,48,27,229,27,29,27,41,41,27,27,41,27,41,41,27,27,27,27,27,27,41,27,37,27,27,27,27,27,27,27,27,27,27,41,27,41,41,41,41,27,27,41,27,27,71,91,41,27,27,41,228,27,27,35,224,230,27,41,41,27,170,27,167,204,27,160,27,205,205,230,230,223,182,41,230,210,27,224,230,27,230,27,41,41,41,41,30,41,27,41,41,29,27,27,29,41,27,41,41,27,41,41,41,27,38,41,27,41,30,27,41,41,27,27,27,27,27,27,27,41,27,27,41,27,27,27,27,27,27,27,27,27,27,27,27,229,63,27,76,229,27,29,230,27,230,230,220,230,230,230,27,184,69,27,27,230,230,230,191,27,27,224,27,50,27,41,27,27,27,134,27,27,27,85,27,41,27,41,41,27,41,27,27,41,91,93,27,165,230,230,86,41,83,41,42,214,27,41,224,230,41,27,43,228,230,230,230,230,230,230,27,230,230,77,27,27,27,27,27,27,27,27,27,27,27,27,27,27,27,27,27,27,27,27,41,27,28,27,27,27,41,38,27,41,27,223,229,200,41,27,27,27,27,30,41,41,27,41,27,41,27,27,27,133,27,27,207,226,230,167,230,27,53,41,223,229,41,223,27,229,27,27,154,41,41,41,27,27,229,42,27,229,27,27,41,41,27,41,27,41,41,41,27,27,41,41,27,41,41,27,41,38,36,27,27,27,27,27,27,27,27,27,27,41,27,27,27,27,27,27,27,27,27,203,41,27,27,229,191,27,27,149,37,27,27,225,27,27,27,27,41,27,35,27,27,41,74,165,42,181,171,37,73,32,27,27,27,230,27,28,27,230,58,40,41,41,41,41,27,41,27,41,27,41,41,41,27,41,27,27,27,41,27,27,27,27,41,41,27,27,27,41,41,41,27,41,41,41,27,39,27,27,41,28,27,27,27,27,32,27,32,27,27,27,41,27,27,35,27,27,27,27,27,41,41,41,27,41,27,27,41,27,87,230,27,27,205,71,27,230,27,27,230
27,27,27,27,41,230,230,41,27,225,71,27,41,27,27,41,40,27,41,27,34,41,27,27,41,41,41,27,27,41,27,27,28,41,27,41,27,27,41,41,40,41,27,41,27,41,41,41,41,27,27,27,27,41,27,41,41,27,41,41,33,27,27,27,27,28,38,27,27,27,27,27,27,27,27,27,27,27,27,28,41,41,41,27,31,27,41,27,41,27,27,41,27,41,27,41,41,27,27,38,35,41,41,41,27,41,41,27,41,109,27,229,27,41,27,27,27,27,176,203,27,27,27,41,27,41,27,41,41,41,41,41,41,41,41,41,27,41,41,41,41,27,41,27,27,41,41,41,27,41,41,41,41,41,27,27,41,41,27,27,27,27,27,27,27,27,27,27,27,27,27,27,27,27,27,27,27,27,27,27,27,41,41,29,41,27,27,27,27,27,29,27,27,27,41,41,27,41,27,30,27,41,27,41,41,41,36,30,27,31,52,27,205,27,205,230,27,205,27,27,85,31,41,41,27,27,27,41,27,27,41,41,27,27,27,30,31,27,41,41,41,41,41,41,41,41,41,41,41,27,41,41,41,41,27,41,41,27,27,27,30,27,27,27,27,27,27,27,27,27,27,27,27,27,27,27,27,27,27,31,27,41,27,41,41,27,41,27,41,41,27,41,41,41,27,229,41,41,81,27,31,28,41,41,41,40,41,27,27,27,143,27,27,27,196,27,27,230,27,32,27,27,41,41,41,27,41,41,27,27,41,27,41,41,41,27,27,41,41,27,27,27,41,41,41,41,41,27,27,41,27,41,27,41,41,27,41,41,27,36,27,27,27,27,27,27,27,27,27,27,27,27,27,27,27,39,32,27,27,27,39,41,27,27,27,41,27,41,41,41,41,230,27,27,27,220,29,61,230,35,27,41,27,41,223,41,41,27,41,188,27,41,27,27,27,41,41,41,30,27,28,41,27,27,41,27,41,41,41,41,169,230,27,165,41,27,41,230,60,27,41,27,41,41,41,27,27,41,27,80,29,41,230,230,41,27,27,27,196,196,41,27,29,27,35,27,27,27,27,27,27,27,27,27,41,27,27,27,39,34,41,41,27,41,41,27,41,41,27,27,229,27,229,41,27,27,229,37,27,227,41,27,27,27,37,41,27,41,41,41,27,205,216,27,27,230,27,230,27,221,34,27,27,27,27,41,27,27,31,27,215,30,41,39,41,41,27,41,230,27,41,27,41,30,229,27,27,41,27,229,30,36,27,41,41,41,27,41,27,41,41,27,27,27,27,27,27,38,27,30,27,27,27,27,27,27,27,27,27,27,41,27,41,41,41,27,27,27,41,27,27,146,45,41,29,27,41,189,27,27,33,230,217,27,41,41,27,221,27,217,205,27,204,27,214,205,230,230,229,182,41,230,56,27,41,230,30,230,27,38,41,41,41,27,41,27,41,41,27,27,27,27,41,27,40,41,27,41,41,37,27,30,39,27,41,37,30,41,41,27,27,27,27,27,27,27,41,27,27,41,27,27,27,27,27,27,27,27,27,27,27,27,229,28,27,181,229,27,27,229,52,230,230,230,230,230,198,60,78,71,27,27,229,230,230,64,27,27,225,27,50,27,41,27,27,27,216,27,52,59,85,30,41,27,41,41,27,41,27,27,41,45,45,27,230,230,230,41,41,41,38,165,230,27,41,224,230,41,27,43,228,230,230,230,230,230,33,27,230,230,77,27,27,27,27,27,27,27,27,27,27,27,27,27,27,27,27,27,27,27,27,41,27,40,27,27,29,41,41,27,41,27,41,229,120,41,27,27,27,27,30,41,27,27,41,27,41,41,41,27,133,27,27,215,230,230,204,230,27,123,41,41,229,41,41,56,229,27,27,217,41,27,41,78,27,229,41,27,229,27,27,38,41,27,41,27,41,41,41,27,27,41,41,27,41,41,27,41,41,36,27,27,27,27,27,27,27,27,27,27,41,27,27,27,27,27,27,27,27,27,203,41,27,27,229,73,27,27,213,30,27,27,194,27,29,27,27,41,27,35,27,27,41,178,41,102,230,118,214,73,27,27,27,27,230,27,27,27,230,194,40,41,41,41,41,27,41,27,38,27,41,41,41,27,41,27,27,27,41,27,29,27,27,41,41,27,29,27,41,41,41,27,41,40,41,27,29,27,27,41,28,27,27,27,27,27,27,28,27,27,27,41,27,27,31,27,27,27,27,27,41,41,41,27,41,27,27,41,27,87,33,27,27,205,28,67,230,27,27,230
27,27,27,27,41,230,230,41,27,175,41,27,41,27,27,41,41,27,41,38,34,41,27,27,41,41,41,27,27,41,27,27,40,41,27,41,27,27,41,41,41,41,27,41,27,41,41,41,41,27,27,27,27,41,27,41,41,27,41,41,33,27,27,27,27,27,30,27,27,27,27,27,27,27,27,27,27,27,27,28,41,41,41,27,27,27,41,27,41,27,27,41,27,41,27,41,41,27,27,30,35,41,41,41,27,41,41,27,41,109,27,229,27,41,27,27,27,27,226,203,27,27,27,41,27,41,27,41,41,41,41,41,41,41,41,41,27,41,41,41,41,27,39,29,27,41,41,41,27,41,38,41,41,41,27,27,41,41,27,27,27,27,27,27,27,27,27,27,27,27,27,27,27,27,27,27,27,27,27,27,27,41,41,39,41,27,27,27,27,27,37,27,28,27,41,41,27,41,27,30,27,41,27,41,41,41,33,31,27,30,27,27,205,27,205,230,27,205,27,27,85,27,41,41,27,27,27,41,27,27,41,41,27,27,27,27,27,27,41,41,41,41,41,41,27,41,41,41,27,27,41,41,41,41,27,41,41,27,27,27,30,27,27,27,27,27,27,27,27,27,27,27,27,27,27,27,27,27,27,31,27,41,27,39,41,27,41,27,41,44,27,41,41,41,27,229,41,41,109,27,32,27,38,41,41,32,41,27,27,27,147,28,27,27,179,27,27,230,60,32,27,30,41,41,41,27,41,41,27,27,41,27,41,41,41,27,27,41,41,27,27,27,41,41,41,41,41,27,27,41,27,41,27,41,41,27,41,41,27,36,27,27,27,27,27,27,27,27,27,27,27,27,27,27,27,33,27,27,27,27,39,41,27,27,27,41,27,41,41,41,56,230,27,27,27,69,27,155,230,35,75,41,27,41,229,41,41,27,41,183,27,27,27,27,27,41,41,41,31,27,28,41,27,27,41,27,41,41,41,41,169,230,27,230,41,27,41,230,77,27,41,27,41,41,41,27,27,41,27,80,27,41,230,230,41,27,27,55,70,70,39,27,27,27,32,27,27,27,27,27,27,27,27,27,41,27,27,27,39,34,41,41,27,41,41,27,41,41,27,27,223,27,229,164,29,27,229,41,30,227,41,27,27,41,41,41,27,41,41,41,27,205,218,27,27,230,27,230,27,226,34,54,27,27,27,41,27,27,27,27,230,27,41,32,41,41,27,50,230,33,41,27,41,27,229,27,27,41,27,229,31,41,27,41,41,41,27,41,27,41,41,27,27,27,27,27,27,36,27,27,27,27,27,27,27,27,27,27,27,27,41,27,41,37,41,27,27,27,41,27,27,207,41,41,35,27,41,77,28,27,33,230,166,27,41,41,27,225,27,221,205,27,205,27,230,205,226,230,230,182,41,230,41,27,41,230,31,230,27,37,41,41,41,27,41,27,41,41,27,27,27,27,41,29,34,41,27,41,41,30,27,27,31,27,41,41,31,41,41,27,27,27,27,27,27,27,41,27,27,32,27,27,27,27,27,27,27,27,27,27,27,27,229,27,27,230,172,27,27,229,206,230,230,230,230,230,103,158,28,91,27,27,229,230,230,27,27,27,225,27,50,27,41,27,27,27,227,27,163,190,85,38,41,27,41,41,27,41,27,27,41,41,41,27,230,230,230,41,41,41,30,220,230,27,41,41,230,41,27,43,228,230,230,230,230,230,28,27,230,230,77,27,27,27,27,27,27,27,27,27,27,27,27,27,27,27,27,27,27,27,27,41,27,41,27,27,39,41,41,27,41,27,41,229,56,41,27,27,60,27,30,41,27,27,41,27,41,41,41,41,133,27,27,226,230,230,205,190,27,146,41,41,229,41,41,199,228,27,27,229,41,27,41,179,27,229,41,27,229,27,27,30,41,27,41,30,41,41,41,27,27,41,41,27,41,41,27,41,41,36,27,27,27,27,27,27,27,27,27,27,39,27,27,27,27,27,27,27,27,27,203,41,27,27,229,41,27,27,229,27,27,27,178,27,39,27,27,41,27,35,27,27,41,229,41,153,230,85,230,73,27,27,27,27,230,27,27,27,230,229,40,41,41,41,41,27,41,27,30,27,41,41,41,27,41,27,27,27,41,27,39,27,27,41,41,29,39,27,41,41,41,27,41,33,41,27,27,27,27,41,28,27,27,27,27,27,27,27,27,27,27,41,27,27,31,27,27,27,27,27,41,41,39,27,41,27,27,41,27,87,27,27,27,205,27,189,230,27,27,221
27,27,27,27,41,230,230,41,27,175,41,27,41,27,27,41,41,27,41,38,34,41,27,27,41,41,41,27,27,41,27,27,40,41,27,41,27,27,41,41,41,41,27,41,27,41,41,41,41,27,27,27,27,41,27,41,41,27,41,41,33,27,27,27,27,27,30,27,27,27,27,27,27,27,27,27,27,27,27,28,41,41,41,27,27,27,41,27,41,27,27,41,27,41,27,41,41,27,27,30,35,41,41,41,27,41,41,27,41,109,27,229,27,41,27,27,27,27,226,203,27,27,27,41,27,41,27,41,41,41,41,41,41,41,41,41,27,41,41,41,41,27,39,29,27,41,41,41,27,41,38,41,41,41,27,27,41,41,27,27,27,27,27,27,27,27,27,27,27,27,27,27,27,27,27,27,27,27,27,27,27,41,41,39,41,27,27,27,27,27,37,27,28,27,41,41,27,41,27,30,27,41,27,41,41,41,33,31,27,30,27,27,205,27,205,230,27,205,27,27,85,27,41,41,27,27,27,41,27,27,41,41,27,27,27,27,27,27,41,41,41,41,41,41,27,41,41,41,27,27,41,41,41,41,27,41,41,27,27,27,30,27,27,27,27,27,27,27,27,27,27,27,27,27,27,27,27,27,27,31,27,41,27,39,41,27,41,27,41,44,27,41,41,41,27,229,41,41,109,27,32,27,38,41,41,32,41,27,27,27,147,28,27,27,179,27,27,230,60,32,27,30,41,41,41,27,41,41,27,27,41,27,41,41,41,27,27,41,41,27,27,27,41,41,41,41,41,27,27,41,27,41,27,41,41,27,41,41,27,36,27,27,27,27,27,27,27,27,27,27,27,27,27,27,27,33,27,27,27,27,39,41,27,27,27,41,27,41,41,41,56,230,27,27,27,69,27,155,230,35,75,41,27,41,229,41,41,27,41,183,27,27,27,27,27,41,41,41,31,27,28,41,27,27,41,27,41,41,41,41,169,230,27,230,41,27,41,230,77,27,41,27,41,41,41,27,27,41,27,80,27,41,230,230,41,27,27,55,70,70,39,27,27,27,32,27,27,27,27,27,27,27,27,27,41,27,27,27,39,34,41,41,27,41,41,27,41,41,27,27,223,27,229,164,29,27,229,41,30,227,41,27,27,41,41,41,27,41,41,41,27,205,218,27,27,230,27,230,27,226,34,54,27,27,27,41,27,27,27,27,230,27,41,32,41,41,27,50,230,33,41,27,41,27,229,27,27,41,27,229,31,41,27,41,41,41,27,41,27,41,41,27,27,27,27,27,27,36,27,27,27,27,27,27,27,27,27,27,27,27,41,27,41,37,41,27,27,27,41,27,27,207,41,41,35,27,41,77,28,27,33,230,166,27,41,41,27,225,27,221,205,27,205,27,230,205,226,230,230,182,41,230,41,27,41,230,31,230,27,37,41,41,41,27,41,27,41,41,27,27,27,27,41,29,34,41,27,41,41,30,27,27,31,27,41,41,31,41,41,27,27,27,27,27,27,27,41,27,27,32,27,27,27,27,27,27,27,27,27,27,27,27,229,27,27,230,172,27,27,229,206,230,230,230,230,230,103,158,28,91,27,27,229,230,230,27,27,27,225,27,50,27,41,27,27,27,227,27,163,190,85,38,41,27,41,41,27,41,27,27,41,41,41,27,230,230,230,41,41,41,30,220,230,27,41,41,230,41,27,43,228,230,230,230,230,230,28,27,230,230,77,27,27,27,27,27,27,27,27,27,27,27,27,27,27,27,27,27,27,27,27,41,27,41,27,27,39,41,41,27,41,27,41,229,56,41,27,27,60,27,30,41,27,27,41,27,41,41,41,41,133,27,27,226,230,230,205,190,27,146,41,41,229,41,41,199,228,27,27,229,41,27,41,179,27,229,41,27,229,27,27,30,41,27,41,30,41,41,41,27,27,41,41,27,41,41,27,41,41,36,27,27,27,27,27,27,27,27,27,27,39,27,27,27,27,27,27,27,27,27,203,41,27,27,229,41,27,27,229,27,27,27,178,27,39,27,27,41,27,35,27,27,41,229,41,153,230,85,230,73,27,27,27,27,230,27,27,27,230,229,40,41,41,41,41,27,41,27,30,27,41,41,41,27,41,27,27,27,41,27,39,27,27,41,41,29,39,27,41,41,41,27,41,33,41,27,27,27,27,41,28,27,27,27,27,27,27,27,27,27,27,41,27,27,31,27,27,27,27,27,41,41,39,27,41,27,27,41,27,87,27,27,27,205,27,189,230,27,27,221
27,27,27,27,41,230,230,41,27,109,41,27,41,27,27,41,41,27,41,41,34,41,27,27,27,41,41,27,27,41,27,27,41,41,27,41,27,27,41,41,41,41,27,41,27,41,41,41,41,27,27,27,27,41,27,41,41,27,41,41,27,27,27,27,27,27,27,27,27,27,27,27,27,27,27,27,27,27,27,28,38,41,39,27,27,27,41,27,41,27,27,38,27,41,27,41,41,27,27,27,35,33,41,41,27,41,41,27,41,109,27,209,48,41,27,27,27,27,229,203,27,27,27,41,27,41,28,41,27,41,41,41,41,41,41,41,27,41,41,41,41,27,30,38,27,41,41,41,27,41,30,41,41,41,27,27,41,41,27,27,27,27,27,27,27,27,27,27,27,27,27,27,27,27,27,27,27,27,27,27,27,41,41,41,41,41,27,27,27,27,41,27,32,27,41,41,27,41,27,30,27,41,27,41,41,41,33,27,27,31,27,27,205,27,205,230,27,205,27,27,85,27,41,41,27,41,27,41,27,27,41,41,27,27,27,27,27,27,41,41,41,41,41,41,27,41,41,41,27,27,41,41,41,41,27,41,41,27,27,27,30,27,27,27,27,27,27,27,27,27,27,27,27,27,27,27,27,27,27,31,27,41,27,31,41,27,41,27,41,46,27,41,41,41,27,223,41,41,101,27,30,27,35,41,41,28,41,27,27,27,147,36,27,27,219,27,27,230,165,32,29,37,41,41,27,41,41,41,27,27,41,27,41,41,41,27,27,41,41,27,27,27,41,41,41,41,41,27,27,41,27,41,27,41,41,27,41,41,27,36,27,27,27,27,27,27,27,27,27,27,27,27,27,27,27,28,27,27,27,27,27,41,27,27,27,41,30,41,41,41,97,230,27,27,27,42,27,220,230,35,176,41,27,41,229,41,41,27,41,195,27,27,27,27,27,41,41,41,27,27,30,41,27,27,41,27,41,41,41,41,169,230,27,230,41,27,38,230,37,27,41,27,41,41,41,27,27,41,27,80,27,165,230,230,41,27,27,182,41,41,37,27,27,27,31,27,27,27,27,27,27,27,27,27,41,27,27,27,41,34,41,41,28,41,41,41,41,41,27,30,41,27,229,229,32,27,228,41,33,227,41,27,27,41,41,41,27,32,41,41,27,206,214,27,27,230,27,230,27,227,34,167,27,27,27,41,27,27,27,27,230,27,41,27,41,41,29,156,230,198,41,27,41,27,229,27,27,41,29,229,27,41,27,41,41,41,41,41,27,41,41,27,27,27,27,27,27,37,27,32,27,27,27,27,27,27,27,27,27,27,41,27,38,30,41,27,27,27,41,27,27,230,41,41,40,27,41,41,36,27,33,230,82,27,41,41,27,224,27,221,205,27,205,65,230,205,186,230,230,182,41,230,41,28,41,224,27,230,27,41,41,41,41,27,41,27,41,41,27,27,27,27,41,32,29,41,27,41,41,27,27,27,27,27,41,41,27,41,41,27,27,27,27,27,27,27,41,27,27,27,27,27,27,27,27,27,27,27,27,27,27,27,229,27,27,230,116,27,27,229,230,230,230,230,230,230,32,229,27,119,27,27,229,230,229,27,27,27,224,27,27,27,41,27,27,27,229,27,225,227,85,41,41,27,41,41,27,41,27,27,41,41,41,27,230,230,230,41,39,41,27,230,230,42,41,41,230,41,40,43,228,230,230,33,230,230,27,27,230,230,29,27,27,27,27,27,27,27,27,27,27,27,27,27,27,27,27,27,27,27,27,41,27,41,27,27,41,41,41,27,41,27,41,229,41,41,27,27,170,27,30,41,27,27,39,27,39,41,41,41,133,27,27,230,230,230,205,89,27,147,41,41,229,41,41,229,207,27,27,229,27,27,41,229,74,229,41,27,228,71,73,27,40,28,41,38,41,41,41,27,27,41,41,27,41,41,27,41,41,36,27,27,27,27,27,27,27,27,27,27,33,27,27,27,27,27,27,27,27,27,203,41,27,27,229,41,27,27,229,27,27,27,215,27,41,27,27,41,27,35,27,27,41,230,41,148,230,89,230,73,27,27,27,27,230,27,27,64,199,230,40,41,41,41,41,27,41,27,27,27,41,41,41,27,41,27,29,27,41,27,41,28,27,41,40,38,41,27,41,41,41,27,41,28,41,27,27,41,27,41,28,27,27,27,27,27,27,27,27,27,27,41,27,27,32,27,27,27,27,27,41,41,35,27,41,27,27,41,27,87,27,27,27,206,27,230,230,27,27,146
27,27,27,27,41,230,230,41,27,50,41,27,27,27,27,41,41,27,38,41,34,41,27,27,27,41,41,29,27,41,27,27,41,41,41,41,27,27,41,41,41,41,30,41,27,41,41,41,41,27,27,27,27,41,27,41,41,27,41,41,27,27,27,27,27,27,27,27,27,27,27,27,27,27,27,27,27,27,27,28,30,41,28,29,27,27,41,27,41,27,30,30,27,35,27,41,41,27,27,27,35,27,32,41,27,41,41,27,41,109,27,63,200,41,27,27,27,27,229,203,27,27,27,41,27,41,36,41,27,27,41,41,41,41,41,41,27,27,41,41,41,27,27,41,27,41,41,41,29,41,27,41,41,41,27,27,41,41,27,27,27,27,27,27,27,27,27,27,27,27,27,27,27,27,27,27,27,27,27,27,27,41,41,41,41,41,27,27,27,27,41,27,38,27,41,41,27,41,27,30,27,41,27,41,41,41,32,29,27,30,27,27,205,27,205,220,27,205,27,27,85,27,41,41,27,41,28,41,27,28,41,41,27,27,27,27,27,30,38,41,41,40,41,41,27,41,41,41,27,41,41,41,41,40,37,41,41,27,27,27,30,27,27,27,27,27,27,27,27,27,27,27,27,27,27,27,27,27,27,31,27,41,27,27,41,27,41,27,41,47,27,41,41,41,27,41,41,41,110,27,32,27,34,41,41,27,41,27,27,27,147,41,224,27,192,27,27,230,227,32,36,41,41,41,27,41,41,41,27,27,40,37,30,41,41,27,27,41,41,27,27,27,41,41,41,41,41,27,27,41,28,41,35,41,41,27,41,41,27,36,27,27,27,27,27,27,27,27,27,27,27,27,27,27,27,27,27,27,27,27,27,41,27,27,27,41,38,41,41,41,120,230,27,27,27,41,27,230,224,35,227,39,64,41,229,37,37,83,41,188,27,27,27,30,30,41,38,41,31,28,32,41,27,27,41,27,41,41,41,41,169,223,27,230,41,27,31,230,64,27,41,27,41,41,41,27,27,41,27,73,27,230,230,230,41,27,27,230,41,41,37,27,27,27,31,27,27,27,27,27,27,27,27,27,40,27,27,27,39,34,41,41,38,41,41,41,41,41,27,38,41,41,223,229,34,27,226,41,35,227,41,27,27,41,41,41,27,27,41,39,27,210,217,27,27,230,27,230,27,228,34,227,115,27,27,40,27,27,27,27,230,27,41,27,41,41,201,165,230,220,51,27,41,27,229,27,27,41,36,229,29,41,27,41,41,41,41,41,27,41,41,27,27,27,27,27,27,36,27,27,27,27,27,27,27,27,27,27,27,27,27,27,31,27,41,27,41,41,41,27,27,230,41,41,41,27,41,41,41,27,33,230,43,27,27,27,27,225,27,221,208,27,210,159,230,205,104,230,230,182,41,230,41,37,41,41,29,230,27,39,41,41,41,27,41,27,41,41,41,27,41,27,41,33,27,41,27,41,41,27,27,27,27,27,41,41,29,41,41,27,27,27,27,27,27,27,41,27,27,27,27,27,27,27,27,27,27,27,27,27,27,27,229,27,27,230,93,27,27,229,230,230,230,230,230,230,29,230,27,132,27,27,229,230,229,27,27,27,225,27,27,27,41,27,27,27,228,27,228,229,67,41,41,27,41,41,27,41,27,27,41,41,41,27,230,230,230,41,36,41,27,230,230,138,41,41,219,30,135,43,213,230,230,27,230,230,27,27,230,230,27,27,27,27,27,27,27,27,27,27,27,27,27,27,27,27,27,27,27,27,27,41,27,41,28,31,41,41,41,27,41,27,41,229,41,41,27,27,229,27,30,41,27,27,30,30,30,41,41,41,137,27,205,223,230,230,205,27,27,147,41,41,229,27,41,229,102,27,27,229,27,27,41,229,179,229,41,27,192,181,73,27,33,35,41,41,41,40,41,28,41,41,41,38,41,41,41,41,41,36,27,27,27,27,27,27,27,27,27,27,31,27,27,27,27,27,27,27,27,27,203,41,27,27,229,40,39,27,229,27,27,27,191,31,41,27,27,35,27,35,94,27,41,216,41,162,230,79,229,35,27,27,27,27,230,27,27,185,61,230,40,41,41,41,41,28,41,27,27,27,41,41,41,27,41,27,38,27,34,27,41,36,41,41,31,41,41,29,41,41,41,27,41,27,41,27,27,41,27,41,28,27,27,27,27,27,27,27,27,27,27,41,27,27,31,27,27,27,27,27,41,41,34,27,41,37,27,41,27,87,27,27,27,230,27,230,230,230,27,53
27,27,27,27,41,230,230,41,27,50,41,27,27,27,27,41,41,27,38,41,34,41,27,27,27,41,41,29,27,41,27,27,41,41,41,41,27,27,41,41,41,41,30,41,27,41,41,41,41,27,27,27,27,41,27,41,41,27,41,41,27,27,27,27,27,27,27,27,27,27,27,27,27,27,27,27,27,27,27,28,30,41,28,29,27,27,41,27,41,27,30,30,27,35,27,41,41,27,27,27,35,27,32,41,27,41,41,27,41,109,27,63,200,41,27,27,27,27,229,203,27,27,27,41,27,41,36,41,27,27,41,41,41,41,41,41,27,27,41,41,41,27,27,41,27,41,41,41,29,41,27,41,41,41,27,27,41,41,27,27,27,27,27,27,27,27,27,27,27,27,27,27,27,27,27,27,27,27,27,27,27,41,41,41,41,41,27,27,27,27,41,27,38,27,41,41,27,41,27,30,27,41,27,41,41,41,32,29,27,30,27,27,205,27,205,220,27,205,27,27,85,27,41,41,27,41,28,41,27,28,41,41,27,27,27,27,27,30,38,41,41,40,41,41,27,41,41,41,27,41,41,41,41,40,37,41,41,27,27,27,30,27,27,27,27,27,27,27,27,27,27,27,27,27,27,27,27,27,27,31,27,41,27,27,41,27,41,27,41,47,27,41,41,41,27,41,41,41,110,27,32,27,34,41,41,27,41,27,27,27,147,41,224,27,192,27,27,230,227,32,36,41,41,41,27,41,41,41,27,27,40,37,30,41,41,27,27,41,41,27,27,27,41,41,41,41,41,27,27,41,28,41,35,41,41,27,41,41,27,36,27,27,27,27,27,27,27,27,27,27,27,27,27,27,27,27,27,27,27,27,27,41,27,27,27,41,38,41,41,41,120,230,27,27,27,41,27,230,224,35,227,39,64,41,229,37,37,83,41,188,27,27,27,30,30,41,38,41,31,28,32,41,27,27,41,27,41,41,41,41,169,223,27,230,41,27,31,230,64,27,41,27,41,41,41,27,27,41,27,73,27,230,230,230,41,27,27,230,41,41,37,27,27,27,31,27,27,27,27,27,27,27,27,27,40,27,27,27,39,34,41,41,38,41,41,41,41,41,27,38,41,41,223,229,34,27,226,41,35,227,41,27,27,41,41,41,27,27,41,39,27,210,217,27,27,230,27,230,27,228,34,227,115,27,27,40,27,27,27,27,230,27,41,27,41,41,201,165,230,220,51,27,41,27,229,27,27,41,36,229,29,41,27,41,41,41,41,41,27,41,41,27,27,27,27,27,27,36,27,27,27,27,27,27,27,27,27,27,27,27,27,27,31,27,41,27,41,41,41,27,27,230,41,41,41,27,41,41,41,27,33,230,43,27,27,27,27,225,27,221,208,27,210,159,230,205,104,230,230,182,41,230,41,37,41,41,29,230,27,39,41,41,41,27,41,27,41,41,41,27,41,27,41,33,27,41,27,41,41,27,27,27,27,27,41,41,29,41,41,27,27,27,27,27,27,27,41,27,27,27,27,27,27,27,27,27,27,27,27,27,27,27,229,27,27,230,93,27,27,229,230,230,230,230,230,230,29,230,27,132,27,27,229,230,229,27,27,27,225,27,27,27,41,27,27,27,228,27,228,229,67,41,41,27,41,41,27,41,27,27,41,41,41,27,230,230,230,41,36,41,27,230,230,138,41,41,219,30,135,43,213,230,230,27,230,230,27,27,230,230,27,27,27,27,27,27,27,27,27,27,27,27,27,27,27,27,27,27,27,27,27,41,27,41,28,31,41,41,41,27,41,27,41,229,41,41,27,27,229,27,30,41,27,27,30,30,30,41,41,41,137,27,205,223,230,230,205,27,27,147,41,41,229,27,41,229,102,27,27,229,27,27,41,229,179,229,41,27,192,181,73,27,33,35,41,41,41,40,41,28,41,41,41,38,41,41,41,41,41,36,27,27,27,27,27,27,27,27,27,27,31,27,27,27,27,27,27,27,27,27,203,41,27,27,229,40,39,27,229,27,27,27,191,31,41,27,27,35,27,35,94,27,41,216,41,162,230,79,229,35,27,27,27,27,230,27,27,185,61,230,40,41,41,41,41,28,41,27,27,27,41,41,41,27,41,27,38,27,34,27,41,36,41,41,31,41,41,29,41,41,41,27,41,27,41,27,27,41,27,41,28,27,27,27,27,27,27,27,27,27,27,41,27,27,31,27,27,27,27,27,41,41,34,27,41,37,27,41,27,87,27,27,27,230,27,230,230,230,27,53
27,27,27,27,39,230,230,41,27,41,27,27,27,28,27,41,41,27,34,34,34,30,34,27,27,41,41,38,27,41,27,27,41,41,41,41,27,27,41,41,41,41,38,41,27,41,41,41,41,32,41,27,27,41,33,41,41,41,41,41,27,27,27,27,27,27,27,27,27,27,27,27,27,27,27,27,27,27,27,27,27,38,27,38,27,27,41,29,41,27,38,27,27,27,41,41,41,27,28,27,35,27,32,41,27,41,41,27,41,41,223,41,228,41,27,27,27,27,229,199,30,27,27,41,27,41,41,41,27,27,41,41,41,41,41,41,28,27,41,41,41,27,34,41,41,41,41,41,39,41,27,41,41,41,29,27,41,36,27,27,27,27,27,27,27,27,27,27,27,27,27,27,27,27,27,27,27,27,27,27,27,41,41,41,41,41,33,27,27,27,41,27,41,27,41,41,27,41,27,30,27,39,41,27,41,41,27,40,27,27,27,27,205,27,205,62,27,207,27,73,85,27,41,41,27,41,35,41,28,36,41,41,27,27,27,27,27,38,30,41,41,34,41,41,27,41,41,41,27,41,41,41,36,32,41,41,41,27,27,27,30,27,27,27,27,27,27,27,27,27,27,27,27,27,27,27,27,27,27,31,27,41,27,27,41,27,41,27,41,48,27,41,41,41,27,41,41,41,188,27,37,27,32,41,41,27,31,29,27,35,147,41,230,27,46,27,38,230,230,32,41,41,41,41,27,41,41,41,27,27,34,41,27,40,41,27,27,41,41,27,27,27,41,41,41,41,40,27,27,41,27,41,41,41,41,27,41,41,27,34,27,27,27,27,27,27,27,27,27,27,27,27,27,27,27,27,27,27,27,27,27,41,27,27,27,41,41,41,41,41,120,229,27,27,27,41,27,230,41,35,229,30,187,41,164,30,30,182,34,133,27,27,27,37,37,41,30,41,41,35,38,41,27,29,41,27,41,41,41,41,167,144,27,230,36,27,27,230,211,27,41,27,41,41,41,27,27,41,27,47,27,230,230,230,41,27,27,230,41,41,37,27,27,27,27,27,27,27,27,27,27,27,27,27,35,27,27,27,32,34,41,41,41,41,41,41,41,41,29,41,41,41,223,229,40,27,214,41,40,227,41,27,27,41,41,41,27,27,27,29,27,219,228,27,27,230,27,230,27,230,34,229,229,27,27,32,27,27,27,27,230,27,41,27,41,41,230,165,230,220,150,27,41,27,229,27,31,41,41,229,40,41,27,41,41,41,41,35,27,41,41,27,27,27,27,27,27,30,27,27,27,27,27,27,27,27,27,27,27,27,27,27,27,27,41,27,41,41,41,27,29,230,41,41,41,27,41,41,41,27,33,41,41,27,27,27,27,229,27,221,214,27,224,203,27,209,30,230,230,182,41,227,41,41,41,41,40,230,27,28,41,41,41,27,41,32,41,41,41,27,41,27,41,40,27,41,30,41,41,27,27,27,27,27,41,41,40,41,41,27,27,27,27,27,27,27,35,27,27,27,27,27,27,27,27,27,27,27,27,27,27,27,229,27,44,230,36,27,27,229,230,230,230,230,229,230,27,230,27,182,27,35,229,230,229,27,230,27,229,27,27,47,41,27,27,27,229,27,229,229,40,41,41,27,41,41,31,41,27,132,41,41,41,27,230,230,41,41,29,36,27,230,230,224,27,41,105,27,224,43,115,230,230,27,230,186,27,27,230,230,27,27,27,27,27,27,27,27,27,27,27,27,27,27,27,27,27,27,27,31,27,41,27,41,35,38,41,41,41,27,41,27,41,229,41,41,27,27,229,27,30,41,27,27,27,38,27,41,41,41,133,27,205,140,230,217,205,27,27,147,27,41,223,27,41,229,41,27,43,229,27,27,40,198,228,229,41,27,79,229,73,27,27,41,41,41,41,29,41,39,41,41,41,41,41,41,41,41,41,36,27,27,27,27,27,27,27,27,27,27,29,27,27,27,27,27,27,27,27,27,39,40,39,27,225,34,128,27,229,27,27,27,58,38,41,27,27,27,27,109,193,27,41,156,27,227,230,41,180,27,27,27,27,27,230,29,27,229,27,230,40,41,41,41,41,39,41,27,27,27,41,41,41,27,41,27,41,41,27,27,41,41,41,41,27,41,41,38,41,41,41,27,41,27,41,27,27,41,27,41,28,27,27,27,27,27,27,27,27,27,27,41,27,27,27,27,27,27,27,27,41,41,28,27,41,41,27,41,28,87,27,230,230,230,27,230,230,230,27,30
32,34,34,27,28,161,103,41,32,41,27,27,27,38,30,41,41,27,41,27,34,28,41,41,27,41,41,41,38,30,38,41,41,41,41,41,33,29,41,41,41,41,41,41,38,41,41,41,41,41,41,41,27,41,41,41,36,41,41,41,27,27,27,27,27,27,27,27,27,27,27,27,27,27,27,27,27,27,27,27,27,33,27,41,27,41,41,41,30,31,41,27,27,27,41,33,41,27,38,27,33,27,41,27,27,39,41,38,38,41,229,32,216,40,27,27,27,223,223,143,37,30,29,41,27,41,41,41,27,27,41,41,41,30,41,41,38,27,41,38,41,41,39,41,41,41,41,41,41,41,27,41,41,41,41,27,41,27,35,27,27,27,27,27,27,27,27,27,27,27,27,27,27,27,27,27,27,27,27,27,27,35,41,41,41,41,41,27,39,39,41,31,41,41,41,41,29,41,27,32,27,29,41,27,33,41,27,41,27,27,36,36,205,27,205,28,37,216,27,203,58,27,41,41,38,41,41,41,35,41,41,41,29,29,27,27,29,41,27,41,41,28,41,41,27,41,41,41,27,41,41,41,27,27,41,41,41,27,27,27,30,27,27,27,27,27,27,27,27,27,27,27,27,27,27,27,27,27,27,41,41,41,27,27,41,31,41,27,41,50,27,37,189,28,27,41,140,41,229,31,38,27,29,30,27,27,27,27,41,27,146,41,230,27,27,27,199,193,230,32,41,41,41,27,27,41,41,41,27,27,27,41,27,34,41,27,27,41,41,27,38,27,41,41,41,27,28,27,38,27,27,41,31,41,41,27,41,27,27,27,27,27,27,27,27,27,27,27,27,27,27,27,27,27,27,27,27,27,27,27,27,41,32,27,27,41,41,41,41,27,98,69,84,27,27,41,27,230,41,108,229,27,229,41,41,27,27,228,27,41,27,41,27,41,41,41,27,41,41,40,41,41,38,41,41,41,41,41,41,41,122,47,27,230,27,28,27,230,230,91,41,41,41,41,41,27,27,41,31,41,68,230,230,230,149,27,27,230,41,41,37,27,27,27,27,27,27,27,27,27,27,27,27,27,28,27,27,27,27,34,41,41,41,41,41,41,41,41,39,41,41,41,41,229,41,27,67,41,41,227,41,27,27,41,41,41,27,27,27,27,27,230,230,27,27,75,27,230,27,226,34,229,229,27,27,27,56,141,27,27,230,27,41,27,27,27,221,159,230,217,127,27,41,27,229,28,41,40,41,228,41,41,27,41,41,41,41,27,27,41,41,27,27,27,27,27,27,27,27,27,27,27,27,27,27,27,27,27,27,27,27,41,27,27,41,27,41,41,41,30,41,230,41,30,41,27,29,41,41,27,41,41,39,29,27,27,27,230,27,216,222,35,192,210,27,227,27,69,230,187,41,224,34,41,27,41,41,230,27,27,40,41,41,27,36,41,41,41,41,27,41,27,41,41,27,41,38,41,41,27,27,27,27,27,41,41,41,41,41,39,27,27,27,27,27,27,27,27,27,27,27,27,27,27,27,230,27,27,27,230,164,27,229,27,195,229,27,188,27,33,230,230,230,230,27,230,27,230,27,188,27,197,165,229,224,37,230,41,230,27,27,217,39,55,27,27,229,32,229,219,31,41,41,27,41,37,41,41,29,132,41,41,41,27,230,230,27,39,27,27,27,230,230,230,27,41,41,27,230,43,32,230,230,27,230,30,27,57,230,33,27,27,41,27,27,27,27,27,27,27,27,27,27,27,27,27,27,27,27,31,41,41,27,41,41,41,41,41,41,27,39,27,27,229,41,39,46,27,229,98,30,41,41,27,30,41,30,41,41,41,138,27,205,32,225,44,206,30,27,153,27,27,223,27,27,229,41,43,182,229,27,27,30,78,209,212,40,27,41,229,41,27,27,41,38,41,41,27,41,41,41,41,38,41,41,27,41,41,41,36,27,27,27,27,27,27,27,27,27,27,33,27,27,27,27,27,27,27,27,27,39,31,174,177,105,28,221,229,229,27,27,27,41,41,41,33,29,27,27,109,229,29,41,71,27,230,213,41,93,27,27,27,57,28,230,187,27,230,30,192,40,41,41,41,40,41,41,41,27,27,41,41,41,36,41,27,41,41,27,38,41,41,41,41,27,41,41,41,41,41,41,27,30,27,41,27,27,41,27,41,27,27,27,27,27,27,34,27,27,27,27,41,27,27,27,27,27,27,27,27,40,40,27,41,41,41,27,41,38,87,27,230,230,230,34,230,230,230,114,27
32,34,34,27,28,161,103,41,32,41,27,27,27,38,30,41,41,27,41,27,34,28,41,41,27,41,41,41,38,30,38,41,41,41,41,41,33,29,41,41,41,41,41,41,38,41,41,41,41,41,41,41,27,41,41,41,36,41,41,41,27,27,27,27,27,27,27,27,27,27,27,27,27,27,27,27,27,27,27,27,27,33,27,41,27,41,41,41,30,31,41,27,27,27,41,33,41,27,38,27,33,27,41,27,27,39,41,38,38,41,229,32,216,40,27,27,27,223,223,143,37,30,29,41,27,41,41,41,27,27,41,41,41,30,41,41,38,27,41,38,41,41,39,41,41,41,41,41,41,41,27,41,41,41,41,27,41,27,35,27,27,27,27,27,27,27,27,27,27,27,27,27,27,27,27,27,27,27,27,27,27,35,41,41,41,41,41,27,39,39,41,31,41,41,41,41,29,41,27,32,27,29,41,27,33,41,27,41,27,27,36,36,205,27,205,28,37,216,27,203,58,27,41,41,38,41,41,41,35,41,41,41,29,29,27,27,29,41,27,41,41,28,41,41,27,41,41,41,27,41,41,41,27,27,41,41,41,27,27,27,30,27,27,27,27,27,27,27,27,27,27,27,27,27,27,27,27,27,27,41,41,41,27,27,41,31,41,27,41,50,27,37,189,28,27,41,140,41,229,31,38,27,29,30,27,27,27,27,41,27,146,41,230,27,27,27,199,193,230,32,41,41,41,27,27,41,41,41,27,27,27,41,27,34,41,27,27,41,41,27,38,27,41,41,41,27,28,27,38,27,27,41,31,41,41,27,41,27,27,27,27,27,27,27,27,27,27,27,27,27,27,27,27,27,27,27,27,27,27,27,27,41,32,27,27,41,41,41,41,27,98,69,84,27,27,41,27,230,41,108,229,27,229,41,41,27,27,228,27,41,27,41,27,41,41,41,27,41,41,40,41,41,38,41,41,41,41,41,41,41,122,47,27,230,27,28,27,230,230,91,41,41,41,41,41,27,27,41,31,41,68,230,230,230,149,27,27,230,41,41,37,27,27,27,27,27,27,27,27,27,27,27,27,27,28,27,27,27,27,34,41,41,41,41,41,41,41,41,39,41,41,41,41,229,41,27,67,41,41,227,41,27,27,41,41,41,27,27,27,27,27,230,230,27,27,75,27,230,27,226,34,229,229,27,27,27,56,141,27,27,230,27,41,27,27,27,221,159,230,217,127,27,41,27,229,28,41,40,41,228,41,41,27,41,41,41,41,27,27,41,41,27,27,27,27,27,27,27,27,27,27,27,27,27,27,27,27,27,27,27,27,41,27,27,41,27,41,41,41,30,41,230,41,30,41,27,29,41,41,27,41,41,39,29,27,27,27,230,27,216,222,35,192,210,27,227,27,69,230,187,41,224,34,41,27,41,41,230,27,27,40,41,41,27,36,41,41,41,41,27,41,27,41,41,27,41,38,41,41,27,27,27,27,27,41,41,41,41,41,39,27,27,27,27,27,27,27,27,27,27,27,27,27,27,27,230,27,27,27,230,164,27,229,27,195,229,27,188,27,33,230,230,230,230,27,230,27,230,27,188,27,197,165,229,224,37,230,41,230,27,27,217,39,55,27,27,229,32,229,219,31,41,41,27,41,37,41,41,29,132,41,41,41,27,230,230,27,39,27,27,27,230,230,230,27,41,41,27,230,43,32,230,230,27,230,30,27,57,230,33,27,27,41,27,27,27,27,27,27,27,27,27,27,27,27,27,27,27,27,31,41,41,27,41,41,41,41,41,41,27,39,27,27,229,41,39,46,27,229,98,30,41,41,27,30,41,30,41,41,41,138,27,205,32,225,44,206,30,27,153,27,27,223,27,27,229,41,43,182,229,27,27,30,78,209,212,40,27,41,229,41,27,27,41,38,41,41,27,41,41,41,41,38,41,41,27,41,41,41,36,27,27,27,27,27,27,27,27,27,27,33,27,27,27,27,27,27,27,27,27,39,31,174,177,105,28,221,229,229,27,27,27,41,41,41,33,29,27,27,109,229,29,41,71,27,230,213,41,93,27,27,27,57,28,230,187,27,230,30,192,40,41,41,41,40,41,41,41,27,27,41,41,41,36,41,27,41,41,27,38,41,41,41,41,27,41,41,41,41,41,41,27,30,27,41,27,27,41,27,41,27,27,27,27,27,27,34,27,27,27,27,41,27,27,27,27,27,27,27,27,40,40,27,41,41,41,27,41,38,87,27,230,230,230,34,230,230,230,114,27
