227,229,206,27,229,229,148,230,162,229,27,41,27,41,27,41,41,41,41,41,41,27,27,41,27,27,27,27,39,41,41,35,27,41,41,41,41,41,41,40,41,27,41,27,41,41,27,27,27,27,27,41,41,27,41,27,41,41,41,40,41,41,41,27,29,27,38,41,41,27,28,27,41,27,41,41,41,41,41,40,27,230,27,230,230,36,184,27,229,193,73,41,41,27,41,41,27,41,41,27,27,41,27,29,72,27,41,41,27,27,41,35,27,36,27,230,229,27,27,205,27,27,229,27,27,27,41,229,30,229,41,41,41,27,41,27,27,27,41,27,156,27,41,27,27,27,41,35,156,41,229,36,41,27,41,34,41,27,229,36,27,29,27,41,41,41,27,184,27,27,35,27,41,41,27,33,229,41,184,40,35,230,229,27,230,41,27,40,41,41,41,41,27,41,27,27,41,41,41,38,41,41,41,90,27,68,27,41,41,41,29,38,27,29,27,27,41,27,41,27,27,41,30,27,27,27,41,27,41,27,27,230,41,230,230,37,27,27,27,27,230,27,27,230,230,230,230,27,28,230,44,41,41,55,27,27,41,27,27,223,27,230,230,27,27,27,230,230,71,229,27,41,41,229,27,41,41,27,27,31,200,41,37,38,41,27,41,41,41,51,27,229,27,27,27,229,210,204,41,229,229,27,27,230,230,27,229,229,27,229,124,29,41,41,229,27,27,27,27,41,147,27,176,27,230,41,27,41,27,27,27,27,27,41,41,27,41,36,41,27,27,41,41,41,36,41,41,27,27,41,27,41,41,27,41,27,35,41,27,27,27,34,41,38,66,41,38,40,40,27,27,27,41,41,27,41,41,41,41,27,204,27,41,41,27,41,36,41,62,27,27,41,41,41,41,41,41,41,41,29,27,41,41,41,41,41,27,27,41,41,27,27,41,41,27,30,41,27,41,41,41,27,41,41,27,27,27,27,27,41,41,41,27,41,41,41,41,41,29,46,230,230,27,41,27,30,230,115,216,27,230,41,27,35,41,27,41,27,220,27,27,229,27,27,27,41,229,230,158,41,175,27,229,230,27,230,229,173,230,127,40,229,229,41,229,229,27,27,27,36,36,27,27,41,41,41,41,41,41,27,41,35,41,38,41,41,41,41,41,31,41,41,27,41,41,41,41,41,27,41,41,41,41,27,41,31,27,41,36,41,41,41,27,29,182,27,27,41,41,51,27,230,27,27,230,230,27,27,229,144,27,41,41,41,41,41,41,41,27,41,36,230,82,36,230,230,230,188,230,169,230,27,34,230,27,41,41,41,27,41,41,41,27,41,41,27,41,41,38,27,27,159,41,57,219,41,41,41,27,41,33,229,230,229,229,27,35,65,27,161,27,41,41,36,27,27,28,27,41,27,150,74,230,230,230,230,27,230,230,230,27,27,27,27,230,229,230,41,230,27,27,41,40,41,41,41,41,41,27,27,27,40,41,27,41,41,27,27,41,41,41,41,27,30,27,38,41,41,41,41,41,39,41,41,27,27,41,27,27,27,27,41,41,27,41,27,41,41,27,41,41,41,27,30,41,41,41,41,41,41,41,27,41,41,35,27,27,27,28,41,27,41,29,27,77,41,150,229,27,41,84,216,27,229,27,27,27,27,35,27,41,30,41,27,41,41,41,41,27,27,229,193,27,27,182,27,27,67,27,27,27,229,27,41,229,41,229,42,42,38,41,41,27,29,29,41,41,27,36,27,27,36,35,41,41,41,30,27,41,36,27,41,27,27,41,27,41,28,181,27,41,41,41,41,41,27,27,41,41,27,30,41,27,41,27,41,229,41,27,41,41,41,41,27,27,27,41,41,27,41,27,27,27,27,27,27,27,27,41,41,41,41,41,41,28,41,27,38,27,27,41,27,36,27,41,41,41,27,41,41,41,41,41,41,27,27,41,41,41,31,229,41,27,229,27,29,27,41,27,41,41,41,27,41,27,27,27,41,41,41,41,27,27,41,41,41,27,41,40,27,27,27,27,41,27,41,27,41,27,41,27,37,41,27,40,27,41,27,27,27,41,27,41,27,41,27,27,41,41,41,28,27,179,27,229,35,27,229,27,41,41,41,27,41,41,41,41,41,27,41,27,27,27,40,27,27,27,41,29,41,41,41,41,41,27,41,36,41,41,29,41,41,41,38,41,41,41,27,27,41,41,36,41,27,41,36,27,41,40,36,41,41,27,41,29,41,27,27,40,41,41,27,41,162,41,41,41,27,27,27
215,229,206,27,229,229,56,230,31,229,27,41,27,41,27,41,41,41,41,41,41,27,27,41,27,27,27,27,29,41,41,40,27,41,41,41,41,41,41,40,41,27,41,27,41,41,27,27,27,27,27,41,41,27,41,27,41,41,41,35,41,41,41,27,34,27,41,41,41,27,35,30,41,27,41,41,41,41,41,41,27,230,36,230,230,40,50,27,229,229,73,41,41,27,41,41,27,41,41,27,27,41,27,35,151,27,41,41,29,27,41,29,27,36,27,230,47,27,27,205,27,27,229,27,27,29,41,229,37,229,41,41,41,27,41,27,27,27,41,27,156,27,41,27,30,27,52,29,220,60,229,27,41,27,41,28,41,27,229,41,27,39,27,36,43,41,27,89,27,27,40,27,41,63,27,27,229,41,229,41,40,230,229,27,160,41,27,41,41,41,41,41,36,41,27,27,41,41,41,38,41,41,41,182,27,202,27,47,41,41,35,41,27,39,27,27,41,27,41,27,27,41,37,27,27,27,41,27,41,30,27,222,41,230,230,27,27,27,27,27,230,76,27,230,230,230,230,27,27,230,88,41,47,230,27,27,41,27,27,42,27,230,230,74,27,27,230,230,184,229,27,41,41,229,27,42,41,27,27,31,66,41,41,31,41,36,41,41,41,51,27,229,27,27,27,230,229,229,50,229,229,27,27,230,230,27,229,229,27,229,124,34,41,41,195,27,27,27,27,41,55,27,229,27,230,41,27,41,27,27,27,27,27,41,41,27,41,27,41,27,27,41,41,41,41,41,41,27,27,41,27,41,41,27,41,27,29,41,27,27,27,29,41,41,146,41,41,35,41,27,27,27,41,41,36,41,41,42,41,27,204,27,41,41,27,41,40,41,27,27,27,39,41,41,36,41,41,41,41,35,27,41,41,41,41,41,27,27,41,41,27,29,41,41,27,27,41,28,41,41,41,28,41,41,27,27,29,27,27,41,41,41,27,41,41,41,41,41,27,35,225,228,27,41,27,38,230,230,230,27,230,41,27,29,41,41,41,27,230,27,27,229,28,27,27,41,229,202,39,41,177,27,230,230,27,230,229,135,230,124,214,229,229,41,229,229,27,27,27,41,27,27,27,41,41,41,41,41,41,27,41,40,41,30,41,40,41,41,40,38,41,41,27,41,41,41,41,41,27,41,41,41,41,27,41,27,27,40,27,95,41,43,36,34,82,27,27,41,180,213,27,230,27,27,230,230,27,27,229,60,27,41,38,41,36,36,38,41,27,41,27,230,42,27,230,230,230,83,230,169,230,27,29,230,27,41,41,41,29,41,41,41,27,41,41,27,41,40,41,27,27,42,41,27,154,41,41,41,27,41,33,229,230,229,229,27,29,192,27,161,27,41,41,27,27,28,27,28,41,27,54,194,230,230,230,230,27,230,230,230,27,27,27,27,230,229,230,42,230,27,27,41,35,38,41,41,41,41,27,27,27,41,41,27,41,41,27,27,41,41,41,40,27,27,27,41,41,41,41,41,41,30,41,41,27,27,40,27,27,27,27,41,41,28,41,27,41,41,27,41,41,41,27,38,41,36,41,41,41,41,41,27,41,41,40,29,29,27,27,41,41,41,27,27,41,41,213,229,27,41,85,229,27,229,27,27,27,30,40,29,41,37,41,27,41,41,41,41,27,27,229,229,27,27,82,27,29,200,27,27,27,229,27,41,229,40,198,75,85,41,41,40,28,27,39,41,41,27,36,27,27,29,29,41,41,41,41,29,41,27,27,41,36,27,41,27,41,35,79,27,38,41,41,41,40,29,27,41,41,27,32,41,27,41,27,41,229,41,27,41,41,41,41,27,27,27,41,41,27,41,27,27,27,29,27,27,27,27,41,41,41,41,41,41,27,41,27,30,30,27,41,27,27,27,41,41,41,27,41,41,41,41,41,38,35,27,41,41,41,27,229,39,27,229,27,39,27,41,27,41,41,41,27,41,27,27,27,41,41,41,41,29,27,41,41,41,27,41,41,27,27,27,27,40,27,41,27,41,27,41,27,41,41,27,41,27,41,27,27,27,41,27,41,27,41,27,27,41,41,41,28,27,228,27,213,40,27,217,27,41,41,41,27,41,41,41,41,41,27,41,27,27,27,41,27,27,29,41,27,41,41,41,41,41,27,41,28,41,40,27,41,41,41,30,41,41,41,27,27,41,41,29,41,27,40,41,27,41,35,27,41,41,27,41,39,41,27,27,41,41,41,27,41,34,41,41,48,27,29,27
215,229,206,27,229,229,56,230,31,229,27,41,27,41,27,41,41,41,41,41,41,27,27,41,27,27,27,27,29,41,41,40,27,41,41,41,41,41,41,40,41,27,41,27,41,41,27,27,27,27,27,41,41,27,41,27,41,41,41,35,41,41,41,27,34,27,41,41,41,27,35,30,41,27,41,41,41,41,41,41,27,230,36,230,230,40,50,27,229,229,73,41,41,27,41,41,27,41,41,27,27,41,27,35,151,27,41,41,29,27,41,29,27,36,27,230,47,27,27,205,27,27,229,27,27,29,41,229,37,229,41,41,41,27,41,27,27,27,41,27,156,27,41,27,30,27,52,29,220,60,229,27,41,27,41,28,41,27,229,41,27,39,27,36,43,41,27,89,27,27,40,27,41,63,27,27,229,41,229,41,40,230,229,27,160,41,27,41,41,41,41,41,36,41,27,27,41,41,41,38,41,41,41,182,27,202,27,47,41,41,35,41,27,39,27,27,41,27,41,27,27,41,37,27,27,27,41,27,41,30,27,222,41,230,230,27,27,27,27,27,230,76,27,230,230,230,230,27,27,230,88,41,47,230,27,27,41,27,27,42,27,230,230,74,27,27,230,230,184,229,27,41,41,229,27,42,41,27,27,31,66,41,41,31,41,36,41,41,41,51,27,229,27,27,27,230,229,229,50,229,229,27,27,230,230,27,229,229,27,229,124,34,41,41,195,27,27,27,27,41,55,27,229,27,230,41,27,41,27,27,27,27,27,41,41,27,41,27,41,27,27,41,41,41,41,41,41,27,27,41,27,41,41,27,41,27,29,41,27,27,27,29,41,41,146,41,41,35,41,27,27,27,41,41,36,41,41,42,41,27,204,27,41,41,27,41,40,41,27,27,27,39,41,41,36,41,41,41,41,35,27,41,41,41,41,41,27,27,41,41,27,29,41,41,27,27,41,28,41,41,41,28,41,41,27,27,29,27,27,41,41,41,27,41,41,41,41,41,27,35,225,228,27,41,27,38,230,230,230,27,230,41,27,29,41,41,41,27,230,27,27,229,28,27,27,41,229,202,39,41,177,27,230,230,27,230,229,135,230,124,214,229,229,41,229,229,27,27,27,41,27,27,27,41,41,41,41,41,41,27,41,40,41,30,41,40,41,41,40,38,41,41,27,41,41,41,41,41,27,41,41,41,41,27,41,27,27,40,27,95,41,43,36,34,82,27,27,41,180,213,27,230,27,27,230,230,27,27,229,60,27,41,38,41,36,36,38,41,27,41,27,230,42,27,230,230,230,83,230,169,230,27,29,230,27,41,41,41,29,41,41,41,27,41,41,27,41,40,41,27,27,42,41,27,154,41,41,41,27,41,33,229,230,229,229,27,29,192,27,161,27,41,41,27,27,28,27,28,41,27,54,194,230,230,230,230,27,230,230,230,27,27,27,27,230,229,230,42,230,27,27,41,35,38,41,41,41,41,27,27,27,41,41,27,41,41,27,27,41,41,41,40,27,27,27,41,41,41,41,41,41,30,41,41,27,27,40,27,27,27,27,41,41,28,41,27,41,41,27,41,41,41,27,38,41,36,41,41,41,41,41,27,41,41,40,29,29,27,27,41,41,41,27,27,41,41,213,229,27,41,85,229,27,229,27,27,27,30,40,29,41,37,41,27,41,41,41,41,27,27,229,229,27,27,82,27,29,200,27,27,27,229,27,41,229,40,198,75,85,41,41,40,28,27,39,41,41,27,36,27,27,29,29,41,41,41,41,29,41,27,27,41,36,27,41,27,41,35,79,27,38,41,41,41,40,29,27,41,41,27,32,41,27,41,27,41,229,41,27,41,41,41,41,27,27,27,41,41,27,41,27,27,27,29,27,27,27,27,41,41,41,41,41,41,27,41,27,30,30,27,41,27,27,27,41,41,41,27,41,41,41,41,41,38,35,27,41,41,41,27,229,39,27,229,27,39,27,41,27,41,41,41,27,41,27,27,27,41,41,41,41,29,27,41,41,41,27,41,41,27,27,27,27,40,27,41,27,41,27,41,27,41,41,27,41,27,41,27,27,27,41,27,41,27,41,27,27,41,41,41,28,27,228,27,213,40,27,217,27,41,41,41,27,41,41,41,41,41,27,41,27,27,27,41,27,27,29,41,27,41,41,41,41,41,27,41,28,41,40,27,41,41,41,30,41,41,41,27,27,41,41,29,41,27,40,41,27,41,35,27,41,41,27,41,39,41,27,27,41,41,41,27,41,34,41,41,48,27,29,27
207,229,229,27,229,229,27,230,27,229,27,41,27,41,27,41,41,41,41,41,41,27,27,41,28,27,27,41,27,41,41,41,27,41,41,41,27,41,41,40,41,27,41,27,41,41,27,27,27,27,27,41,41,27,41,27,41,41,41,29,41,41,41,27,37,27,41,41,41,27,40,37,41,27,41,41,41,41,41,41,27,230,41,230,230,41,27,27,229,229,73,41,41,27,41,41,27,41,41,27,27,41,27,40,214,27,41,41,38,27,41,27,27,41,30,230,41,27,29,205,27,27,229,27,27,35,41,229,41,179,41,41,41,27,41,27,27,27,41,27,152,27,41,27,37,27,154,27,229,155,229,27,47,27,41,27,41,27,229,41,27,41,27,27,162,41,27,41,27,27,41,27,41,204,27,27,162,47,229,41,41,230,229,27,27,41,27,41,41,41,41,41,41,41,27,27,41,27,41,38,41,40,41,229,27,229,27,229,41,41,40,41,27,41,27,27,41,27,41,27,27,41,41,27,27,27,57,27,41,30,27,155,41,230,230,27,36,27,27,27,230,179,27,230,230,230,191,53,27,230,185,41,230,230,27,36,41,27,41,41,27,230,230,175,27,27,230,230,229,229,27,41,41,180,27,88,41,27,27,31,27,41,41,27,41,41,41,41,41,51,27,229,27,27,27,230,229,229,225,229,229,27,27,230,230,27,229,160,27,229,91,40,41,41,71,27,27,27,27,41,27,27,230,27,230,59,27,41,27,27,36,27,27,41,41,27,41,27,41,28,27,41,41,41,41,41,41,27,27,41,27,35,41,27,41,27,27,41,27,27,27,27,41,41,212,41,41,28,41,27,27,27,41,41,41,41,41,71,41,27,204,27,41,41,27,41,41,41,27,27,27,29,41,41,27,41,41,41,41,40,27,41,41,41,41,41,27,27,41,41,27,35,41,41,29,27,41,35,41,41,41,35,41,41,27,41,35,27,27,41,41,41,27,41,27,41,41,41,27,35,39,38,35,41,27,41,230,230,230,27,203,41,27,27,41,41,41,27,230,27,36,229,35,27,27,41,229,69,27,56,230,27,230,230,27,230,229,52,230,124,229,230,229,41,229,229,27,27,27,41,27,30,27,41,41,41,41,41,41,27,41,41,41,27,41,35,41,41,35,41,41,41,27,41,41,41,41,41,27,41,40,41,41,27,41,27,27,35,27,95,41,220,41,39,27,27,27,41,228,219,27,230,27,27,230,230,27,27,229,27,27,41,31,41,27,27,31,41,27,41,27,230,41,27,230,230,230,41,230,169,230,27,27,33,27,47,41,41,38,41,41,41,27,41,41,27,41,35,41,27,27,27,41,27,53,41,41,41,27,41,33,229,228,229,229,27,27,230,27,161,27,41,41,27,27,35,27,35,41,27,27,230,230,230,230,186,27,230,230,230,27,27,27,27,230,229,230,89,230,30,27,41,29,30,41,41,41,41,27,27,27,41,41,27,41,41,27,27,41,41,40,36,28,27,27,41,41,41,41,41,41,27,41,41,27,27,28,27,27,27,29,41,40,35,41,27,41,41,27,41,41,41,29,41,41,27,41,41,41,41,41,27,41,41,41,39,35,41,27,41,41,41,27,27,41,41,229,228,27,41,85,229,27,229,27,27,27,38,41,39,41,41,41,27,41,40,41,41,27,27,229,229,27,27,28,27,36,229,27,27,27,229,27,41,183,35,70,194,187,41,41,29,35,27,41,41,41,27,41,27,27,27,27,41,41,41,41,39,41,27,27,41,40,27,41,28,41,40,27,27,30,41,41,41,35,39,27,41,40,27,39,41,27,41,27,41,228,41,27,41,41,41,41,27,27,27,41,41,27,41,27,27,27,38,27,27,27,27,41,41,39,41,41,41,27,41,27,27,37,27,41,27,27,27,41,41,41,27,41,41,41,41,41,30,40,27,41,41,41,27,229,29,27,229,27,41,27,41,27,41,41,41,27,41,27,27,27,41,41,41,41,39,27,41,41,41,27,41,41,27,27,27,27,35,27,41,28,41,27,41,27,41,39,27,41,27,41,27,27,41,41,27,41,27,41,27,27,41,41,41,28,27,229,27,147,41,27,151,27,41,41,41,27,41,41,41,41,41,27,41,27,27,27,41,27,27,35,41,27,41,41,40,39,41,27,41,27,41,37,27,41,41,41,27,41,41,41,27,27,41,41,27,41,27,28,41,27,41,29,27,41,36,27,41,41,41,27,27,41,51,41,27,41,27,41,41,216,27,38,27
205,229,229,27,160,229,27,230,27,229,27,40,27,41,27,41,41,41,41,41,41,27,27,41,35,27,27,41,27,41,41,41,27,41,41,41,27,41,41,40,41,27,41,27,41,41,27,27,27,40,27,41,41,27,41,27,41,41,41,27,41,41,41,27,40,27,41,41,41,27,41,41,41,27,41,41,41,41,41,41,27,230,41,230,230,41,27,27,229,229,101,41,41,27,41,42,27,85,41,27,27,41,27,41,230,27,41,57,41,27,41,27,27,41,223,229,41,27,39,205,27,27,229,27,29,40,41,229,41,78,40,41,41,27,41,30,27,27,41,27,41,27,41,36,41,27,220,27,229,219,228,27,229,27,41,27,40,27,228,41,27,41,27,27,227,58,27,41,27,27,41,27,41,229,27,27,34,229,229,43,41,230,229,27,27,41,27,41,41,41,40,41,41,41,27,27,41,27,41,38,41,37,41,229,27,229,27,229,41,41,41,41,30,41,27,27,41,27,41,27,27,41,41,27,27,27,120,27,41,132,27,45,41,218,230,27,41,27,27,27,230,230,27,230,230,230,71,147,27,230,230,41,230,230,27,41,41,27,41,41,27,230,230,230,27,27,230,186,229,229,27,41,41,82,27,180,40,29,27,31,27,41,41,27,36,41,41,41,41,49,27,229,27,27,27,230,229,229,229,229,218,27,27,230,185,27,229,27,27,229,27,41,41,41,41,27,27,27,27,41,27,27,230,27,230,205,27,42,27,27,41,27,29,41,41,27,41,27,41,35,27,41,41,41,41,37,41,27,27,41,27,28,41,27,41,27,27,41,27,27,27,27,41,41,229,41,41,27,41,27,27,27,40,41,41,41,41,200,41,27,182,27,41,41,27,41,41,41,27,27,27,27,41,41,27,41,41,41,41,41,27,41,41,41,41,41,28,27,27,41,27,40,41,41,38,27,41,40,41,41,41,40,40,41,27,41,40,27,27,41,41,41,27,41,27,40,41,41,27,35,27,27,41,41,27,41,230,230,230,28,69,41,31,27,43,41,41,29,229,27,41,230,41,27,27,164,229,28,27,215,230,27,230,230,53,192,230,27,230,124,229,230,229,229,229,229,27,27,27,41,27,37,27,41,36,41,41,41,41,27,41,41,164,27,41,29,41,37,29,41,41,41,27,41,41,41,41,41,27,41,35,41,41,27,41,27,27,29,27,95,41,229,41,41,27,27,27,71,229,219,27,183,27,27,230,230,27,27,160,27,27,41,27,41,27,27,27,41,27,41,27,230,41,27,230,230,230,41,230,169,230,27,27,27,27,230,41,41,41,41,41,41,27,41,41,27,41,29,41,27,36,27,41,27,27,41,41,41,27,41,33,229,184,229,230,27,27,230,27,161,30,41,41,27,27,40,27,40,41,27,27,230,230,230,230,81,27,230,230,230,27,27,27,27,230,229,230,184,230,38,27,41,27,27,41,41,41,41,27,27,36,41,41,27,41,41,27,27,41,41,35,29,35,27,27,41,41,41,41,41,41,27,41,41,27,27,27,27,27,27,35,41,35,40,41,27,41,41,27,41,41,41,38,41,41,27,41,41,41,41,41,27,41,41,41,41,40,41,27,41,41,41,27,27,41,41,100,199,27,41,85,229,27,229,27,27,27,41,41,41,41,41,41,27,41,37,41,41,27,27,229,229,27,27,27,27,40,229,27,27,27,229,27,41,84,29,28,229,229,41,44,27,40,27,41,41,41,27,41,27,27,27,27,41,41,41,41,41,41,27,27,41,39,27,41,35,41,41,27,30,27,41,41,41,29,41,27,41,36,27,41,41,27,41,27,41,206,40,27,41,41,41,41,27,27,27,41,41,27,41,27,27,27,41,27,27,27,27,41,41,29,39,41,41,27,41,27,27,41,27,41,27,27,29,41,41,41,27,41,41,41,41,40,27,41,27,41,41,41,27,228,27,29,228,27,41,27,41,27,41,41,39,27,41,27,27,27,41,41,41,41,41,27,41,41,41,29,41,41,27,27,27,27,29,27,41,35,41,27,41,27,41,29,27,41,33,41,27,27,41,41,27,41,27,41,27,27,41,41,41,28,27,229,27,62,41,27,56,28,41,41,41,36,41,41,41,41,41,27,41,27,27,27,41,29,27,40,39,27,41,41,36,29,41,27,41,27,41,34,27,41,41,41,27,41,41,41,27,27,41,41,27,41,27,27,41,27,41,27,27,41,27,41,41,41,41,27,27,41,74,41,27,41,27,41,41,230,27,41,27
205,229,229,27,160,229,27,230,27,229,27,40,27,41,27,41,41,41,41,41,41,27,27,41,35,27,27,41,27,41,41,41,27,41,41,41,27,41,41,40,41,27,41,27,41,41,27,27,27,40,27,41,41,27,41,27,41,41,41,27,41,41,41,27,40,27,41,41,41,27,41,41,41,27,41,41,41,41,41,41,27,230,41,230,230,41,27,27,229,229,101,41,41,27,41,42,27,85,41,27,27,41,27,41,230,27,41,57,41,27,41,27,27,41,223,229,41,27,39,205,27,27,229,27,29,40,41,229,41,78,40,41,41,27,41,30,27,27,41,27,41,27,41,36,41,27,220,27,229,219,228,27,229,27,41,27,40,27,228,41,27,41,27,27,227,58,27,41,27,27,41,27,41,229,27,27,34,229,229,43,41,230,229,27,27,41,27,41,41,41,40,41,41,41,27,27,41,27,41,38,41,37,41,229,27,229,27,229,41,41,41,41,30,41,27,27,41,27,41,27,27,41,41,27,27,27,120,27,41,132,27,45,41,218,230,27,41,27,27,27,230,230,27,230,230,230,71,147,27,230,230,41,230,230,27,41,41,27,41,41,27,230,230,230,27,27,230,186,229,229,27,41,41,82,27,180,40,29,27,31,27,41,41,27,36,41,41,41,41,49,27,229,27,27,27,230,229,229,229,229,218,27,27,230,185,27,229,27,27,229,27,41,41,41,41,27,27,27,27,41,27,27,230,27,230,205,27,42,27,27,41,27,29,41,41,27,41,27,41,35,27,41,41,41,41,37,41,27,27,41,27,28,41,27,41,27,27,41,27,27,27,27,41,41,229,41,41,27,41,27,27,27,40,41,41,41,41,200,41,27,182,27,41,41,27,41,41,41,27,27,27,27,41,41,27,41,41,41,41,41,27,41,41,41,41,41,28,27,27,41,27,40,41,41,38,27,41,40,41,41,41,40,40,41,27,41,40,27,27,41,41,41,27,41,27,40,41,41,27,35,27,27,41,41,27,41,230,230,230,28,69,41,31,27,43,41,41,29,229,27,41,230,41,27,27,164,229,28,27,215,230,27,230,230,53,192,230,27,230,124,229,230,229,229,229,229,27,27,27,41,27,37,27,41,36,41,41,41,41,27,41,41,164,27,41,29,41,37,29,41,41,41,27,41,41,41,41,41,27,41,35,41,41,27,41,27,27,29,27,95,41,229,41,41,27,27,27,71,229,219,27,183,27,27,230,230,27,27,160,27,27,41,27,41,27,27,27,41,27,41,27,230,41,27,230,230,230,41,230,169,230,27,27,27,27,230,41,41,41,41,41,41,27,41,41,27,41,29,41,27,36,27,41,27,27,41,41,41,27,41,33,229,184,229,230,27,27,230,27,161,30,41,41,27,27,40,27,40,41,27,27,230,230,230,230,81,27,230,230,230,27,27,27,27,230,229,230,184,230,38,27,41,27,27,41,41,41,41,27,27,36,41,41,27,41,41,27,27,41,41,35,29,35,27,27,41,41,41,41,41,41,27,41,41,27,27,27,27,27,27,35,41,35,40,41,27,41,41,27,41,41,41,38,41,41,27,41,41,41,41,41,27,41,41,41,41,40,41,27,41,41,41,27,27,41,41,100,199,27,41,85,229,27,229,27,27,27,41,41,41,41,41,41,27,41,37,41,41,27,27,229,229,27,27,27,27,40,229,27,27,27,229,27,41,84,29,28,229,229,41,44,27,40,27,41,41,41,27,41,27,27,27,27,41,41,41,41,41,41,27,27,41,39,27,41,35,41,41,27,30,27,41,41,41,29,41,27,41,36,27,41,41,27,41,27,41,206,40,27,41,41,41,41,27,27,27,41,41,27,41,27,27,27,41,27,27,27,27,41,41,29,39,41,41,27,41,27,27,41,27,41,27,27,29,41,41,41,27,41,41,41,41,40,27,41,27,41,41,41,27,228,27,29,228,27,41,27,41,27,41,41,39,27,41,27,27,27,41,41,41,41,41,27,41,41,41,29,41,41,27,27,27,27,29,27,41,35,41,27,41,27,41,29,27,41,33,41,27,27,41,41,27,41,27,41,27,27,41,41,41,28,27,229,27,62,41,27,56,28,41,41,41,36,41,41,41,41,41,27,41,27,27,27,41,29,27,40,39,27,41,41,36,29,41,27,41,27,41,34,27,41,41,41,27,41,41,41,27,27,41,41,27,41,27,27,41,27,41,27,27,41,27,41,41,41,41,27,27,41,74,41,27,41,27,41,41,230,27,41,27
205,229,229,27,27,229,27,205,27,230,27,35,27,41,27,41,41,38,41,41,41,27,27,41,40,27,30,41,27,41,41,41,27,41,41,41,27,41,41,40,41,27,41,27,41,41,27,27,27,41,27,41,41,27,41,27,41,40,41,27,41,41,41,27,41,27,41,41,41,40,41,41,36,27,41,41,41,41,41,45,27,230,41,230,230,41,27,36,228,229,194,41,65,27,41,221,41,182,41,27,27,41,27,41,230,29,41,150,41,27,42,27,27,41,229,229,41,27,41,205,27,27,187,27,35,41,84,229,41,27,35,38,41,27,41,37,27,27,41,27,41,27,41,41,41,27,229,27,228,229,195,27,229,27,41,27,36,27,204,41,27,41,27,27,230,151,29,41,29,27,65,27,42,229,27,27,27,229,181,91,41,212,229,27,27,41,27,41,41,41,35,41,41,41,27,27,41,27,41,38,41,34,40,229,27,229,27,229,41,41,41,41,38,41,27,27,40,27,41,27,27,41,41,29,27,27,198,27,41,132,27,27,47,150,230,27,41,27,27,36,230,230,27,230,230,230,28,216,27,230,230,41,230,230,27,41,36,27,41,41,27,230,155,230,27,27,230,71,229,229,27,41,41,31,27,229,36,38,27,31,27,41,41,27,27,41,41,41,41,41,27,229,27,27,27,230,229,229,229,230,153,27,27,230,86,27,229,27,27,229,27,41,41,42,41,27,41,27,27,41,27,27,230,27,230,229,27,70,27,27,41,27,35,41,41,27,40,27,41,40,27,41,41,41,41,30,41,27,27,36,27,27,36,27,41,27,27,41,29,29,27,27,67,67,229,41,41,27,41,27,27,30,36,41,41,41,41,230,41,28,71,30,41,41,27,41,41,41,27,27,27,27,41,41,27,41,41,40,41,41,27,41,41,41,41,41,35,30,27,41,27,41,41,41,41,27,41,41,41,41,41,41,36,41,27,39,41,27,27,40,41,41,28,41,27,35,41,41,27,35,27,27,41,41,27,41,161,230,230,35,28,41,38,27,162,41,41,39,205,27,41,230,41,27,27,229,229,27,27,230,230,57,230,230,143,79,230,27,230,124,229,230,229,229,229,229,27,27,27,41,27,41,27,41,27,41,41,41,41,27,41,41,229,27,36,27,41,30,27,41,41,41,27,41,41,41,41,41,27,41,34,41,41,27,41,27,28,27,27,95,41,229,41,41,27,27,29,189,229,219,29,80,27,27,230,230,27,36,27,27,27,41,27,41,27,27,27,41,27,41,27,230,41,27,230,230,230,41,230,169,205,27,27,27,27,230,41,41,41,41,41,41,29,41,41,27,41,27,41,27,41,27,41,27,27,41,41,41,35,41,33,229,86,229,230,27,27,230,27,161,37,41,41,27,27,41,27,41,41,27,27,230,230,230,230,27,27,230,230,230,27,27,27,27,230,229,230,230,230,41,27,41,27,27,38,41,41,40,27,27,41,41,41,30,41,41,27,41,41,39,29,27,40,27,27,41,41,41,41,41,41,27,41,41,27,27,27,27,27,27,40,41,28,41,41,27,41,41,27,41,41,41,41,41,41,27,41,41,41,41,41,29,41,41,41,41,41,41,27,41,41,41,27,27,41,41,193,74,27,27,85,229,27,229,27,27,27,41,41,41,41,41,41,27,39,35,41,41,27,27,33,229,27,27,27,27,41,229,27,27,27,183,30,41,29,27,27,229,229,82,84,27,41,27,41,57,41,27,41,27,27,27,27,36,41,41,41,41,41,27,36,41,35,27,41,40,41,41,27,38,27,41,41,41,27,41,27,41,29,27,41,41,27,41,27,41,61,37,29,41,41,41,41,29,27,27,41,41,27,41,27,27,27,41,27,27,27,27,41,41,27,29,41,41,27,41,27,27,41,27,41,27,27,39,41,41,41,27,41,40,41,41,35,27,41,27,36,41,41,27,200,27,38,181,29,41,28,41,27,41,41,30,27,41,27,27,27,41,41,41,41,41,27,41,41,41,35,41,41,27,27,27,27,27,27,41,40,41,27,41,27,41,27,27,41,39,41,27,27,41,41,27,41,27,41,27,27,41,41,41,28,27,229,27,27,41,27,27,35,41,41,41,41,41,41,41,41,41,27,36,27,27,27,41,39,28,41,30,27,41,41,29,27,41,27,41,27,41,29,27,40,41,41,27,41,41,41,27,27,41,40,27,41,27,27,41,27,41,27,27,41,27,41,41,41,41,27,27,41,87,41,27,41,27,41,41,230,27,41,27
205,229,229,229,27,229,27,68,27,230,27,29,27,41,27,41,41,29,41,41,41,27,27,41,41,27,37,41,27,41,41,41,27,41,41,41,27,41,41,40,41,27,41,27,41,41,27,27,27,41,27,41,41,30,41,30,41,36,41,27,41,41,41,27,41,27,41,27,41,41,41,41,27,27,41,40,41,41,41,54,27,229,41,230,230,41,27,41,177,229,228,41,192,27,41,229,41,229,41,27,27,41,27,41,230,35,41,217,41,27,80,27,27,41,229,229,41,27,41,205,27,27,72,27,40,41,178,229,41,27,29,31,41,27,41,41,29,27,41,27,41,27,41,41,41,27,229,27,199,229,69,27,229,27,180,27,28,27,63,41,27,41,27,27,230,218,35,41,35,27,201,27,69,229,27,27,27,229,80,184,57,144,229,28,27,41,27,41,41,41,29,41,41,41,27,27,41,27,41,38,41,29,35,229,27,229,27,229,36,54,41,41,41,41,28,27,35,27,40,27,27,41,41,35,27,27,229,27,41,132,27,27,222,51,230,27,41,27,27,61,230,230,57,230,33,230,27,230,27,230,230,41,230,230,27,41,27,27,41,41,27,230,101,230,27,27,230,27,229,230,27,41,41,28,29,229,29,41,27,31,27,41,41,27,27,41,41,41,41,31,28,229,27,27,33,230,213,212,229,230,54,27,27,230,28,73,229,27,27,229,27,41,41,67,41,29,41,27,29,41,27,27,230,27,230,230,27,197,27,27,41,27,40,41,40,27,36,27,41,41,27,41,27,41,41,27,41,27,36,27,27,27,27,27,41,27,27,41,35,35,27,27,146,146,229,36,64,27,41,27,27,37,29,41,41,41,41,230,41,35,41,37,41,41,27,41,41,41,27,27,27,27,41,41,27,41,41,27,41,41,27,41,41,41,41,41,40,38,27,41,27,41,41,41,41,27,41,41,41,41,41,41,28,41,27,33,41,27,27,35,41,41,35,41,27,29,41,41,27,35,27,27,41,41,41,63,31,161,229,40,27,41,41,27,228,41,41,41,66,27,41,230,41,27,27,229,229,27,27,230,230,145,230,230,213,32,230,27,230,124,229,230,229,229,229,229,27,27,29,45,27,41,27,41,27,41,41,41,41,27,41,41,229,27,27,27,41,27,27,41,41,41,27,41,41,41,41,41,27,41,34,41,41,29,38,27,35,27,27,95,41,229,41,41,27,27,41,228,229,219,35,29,27,29,230,230,27,41,27,27,27,41,27,41,27,27,27,41,27,41,27,230,41,27,230,230,230,40,230,169,68,27,27,27,27,230,41,41,41,41,41,41,35,41,41,27,41,27,41,27,41,27,41,27,27,41,41,41,41,41,33,229,41,230,230,160,27,230,27,161,41,41,41,27,27,41,27,41,41,27,27,230,230,230,230,27,27,230,230,230,27,27,33,27,230,230,230,230,230,41,27,41,27,27,30,41,41,35,27,27,41,41,41,38,41,41,27,41,41,29,27,27,41,27,27,41,41,41,27,41,41,27,41,41,27,28,27,27,27,28,41,41,27,41,40,27,41,27,27,41,41,41,41,41,41,27,41,38,41,41,41,38,41,41,41,41,41,41,27,41,41,41,27,29,41,41,228,41,29,27,82,229,27,229,27,27,27,41,41,41,41,41,41,27,30,29,41,41,27,27,27,229,27,27,27,29,41,229,27,27,41,78,38,41,27,27,27,229,229,184,87,27,41,27,41,142,41,27,41,29,27,27,27,28,41,41,41,41,41,27,41,41,40,27,41,41,41,41,27,41,27,41,41,41,27,41,27,41,27,28,41,41,27,41,27,41,41,27,36,41,41,41,41,35,27,30,41,41,27,41,27,27,35,41,27,27,27,27,41,41,27,27,41,41,27,41,27,27,41,27,41,27,27,41,41,41,41,27,41,29,41,41,29,27,41,27,27,41,37,27,68,27,41,87,39,41,36,41,27,41,27,27,27,41,27,28,27,41,41,38,41,41,27,41,41,41,40,41,41,27,27,27,27,27,30,41,41,41,27,41,27,41,27,27,41,29,41,28,27,41,41,27,41,27,41,27,27,41,41,41,28,30,212,27,27,41,27,27,40,41,41,39,41,41,41,41,40,41,27,27,27,27,27,41,41,35,41,27,27,41,41,27,27,41,27,41,27,41,27,27,28,41,41,27,41,41,41,27,27,41,36,27,41,27,27,41,27,41,27,27,41,27,41,41,41,41,27,27,41,87,41,36,41,27,41,41,230,27,41,27
205,229,229,229,27,229,27,68,27,230,27,29,27,41,27,41,41,29,41,41,41,27,27,41,41,27,37,41,27,41,41,41,27,41,41,41,27,41,41,40,41,27,41,27,41,41,27,27,27,41,27,41,41,30,41,30,41,36,41,27,41,41,41,27,41,27,41,27,41,41,41,41,27,27,41,40,41,41,41,54,27,229,41,230,230,41,27,41,177,229,228,41,192,27,41,229,41,229,41,27,27,41,27,41,230,35,41,217,41,27,80,27,27,41,229,229,41,27,41,205,27,27,72,27,40,41,178,229,41,27,29,31,41,27,41,41,29,27,41,27,41,27,41,41,41,27,229,27,199,229,69,27,229,27,180,27,28,27,63,41,27,41,27,27,230,218,35,41,35,27,201,27,69,229,27,27,27,229,80,184,57,144,229,28,27,41,27,41,41,41,29,41,41,41,27,27,41,27,41,38,41,29,35,229,27,229,27,229,36,54,41,41,41,41,28,27,35,27,40,27,27,41,41,35,27,27,229,27,41,132,27,27,222,51,230,27,41,27,27,61,230,230,57,230,33,230,27,230,27,230,230,41,230,230,27,41,27,27,41,41,27,230,101,230,27,27,230,27,229,230,27,41,41,28,29,229,29,41,27,31,27,41,41,27,27,41,41,41,41,31,28,229,27,27,33,230,213,212,229,230,54,27,27,230,28,73,229,27,27,229,27,41,41,67,41,29,41,27,29,41,27,27,230,27,230,230,27,197,27,27,41,27,40,41,40,27,36,27,41,41,27,41,27,41,41,27,41,27,36,27,27,27,27,27,41,27,27,41,35,35,27,27,146,146,229,36,64,27,41,27,27,37,29,41,41,41,41,230,41,35,41,37,41,41,27,41,41,41,27,27,27,27,41,41,27,41,41,27,41,41,27,41,41,41,41,41,40,38,27,41,27,41,41,41,41,27,41,41,41,41,41,41,28,41,27,33,41,27,27,35,41,41,35,41,27,29,41,41,27,35,27,27,41,41,41,63,31,161,229,40,27,41,41,27,228,41,41,41,66,27,41,230,41,27,27,229,229,27,27,230,230,145,230,230,213,32,230,27,230,124,229,230,229,229,229,229,27,27,29,45,27,41,27,41,27,41,41,41,41,27,41,41,229,27,27,27,41,27,27,41,41,41,27,41,41,41,41,41,27,41,34,41,41,29,38,27,35,27,27,95,41,229,41,41,27,27,41,228,229,219,35,29,27,29,230,230,27,41,27,27,27,41,27,41,27,27,27,41,27,41,27,230,41,27,230,230,230,40,230,169,68,27,27,27,27,230,41,41,41,41,41,41,35,41,41,27,41,27,41,27,41,27,41,27,27,41,41,41,41,41,33,229,41,230,230,160,27,230,27,161,41,41,41,27,27,41,27,41,41,27,27,230,230,230,230,27,27,230,230,230,27,27,33,27,230,230,230,230,230,41,27,41,27,27,30,41,41,35,27,27,41,41,41,38,41,41,27,41,41,29,27,27,41,27,27,41,41,41,27,41,41,27,41,41,27,28,27,27,27,28,41,41,27,41,40,27,41,27,27,41,41,41,41,41,41,27,41,38,41,41,41,38,41,41,41,41,41,41,27,41,41,41,27,29,41,41,228,41,29,27,82,229,27,229,27,27,27,41,41,41,41,41,41,27,30,29,41,41,27,27,27,229,27,27,27,29,41,229,27,27,41,78,38,41,27,27,27,229,229,184,87,27,41,27,41,142,41,27,41,29,27,27,27,28,41,41,41,41,41,27,41,41,40,27,41,41,41,41,27,41,27,41,41,41,27,41,27,41,27,28,41,41,27,41,27,41,41,27,36,41,41,41,41,35,27,30,41,41,27,41,27,27,35,41,27,27,27,27,41,41,27,27,41,41,27,41,27,27,41,27,41,27,27,41,41,41,41,27,41,29,41,41,29,27,41,27,27,41,37,27,68,27,41,87,39,41,36,41,27,41,27,27,27,41,27,28,27,41,41,38,41,41,27,41,41,41,40,41,41,27,27,27,27,27,30,41,41,41,27,41,27,41,27,27,41,29,41,28,27,41,41,27,41,27,41,27,27,41,41,41,28,30,212,27,27,41,27,27,40,41,41,39,41,41,41,41,40,41,27,27,27,27,27,41,41,35,41,27,27,41,41,27,27,41,27,41,27,41,27,27,28,41,41,27,41,41,41,27,27,41,36,27,41,27,27,41,27,41,27,27,41,27,41,41,41,41,27,27,41,87,41,36,41,27,41,41,230,27,41,27
205,230,229,229,27,229,27,28,27,230,27,27,27,41,36,41,41,27,41,41,41,27,27,41,41,27,41,41,27,41,41,41,27,41,41,41,27,41,41,40,41,27,41,27,41,41,27,36,27,41,27,41,41,39,38,38,41,28,41,27,41,41,41,27,41,29,41,27,41,41,41,41,27,27,41,35,41,41,38,58,27,229,41,230,230,42,27,41,76,230,229,41,229,27,41,229,41,229,41,27,27,41,29,41,228,40,38,229,41,41,191,27,27,41,229,229,41,27,41,189,41,27,27,27,41,41,227,229,41,27,27,27,41,27,41,41,35,41,41,27,41,27,40,41,41,27,229,27,66,229,41,27,229,27,42,27,27,29,41,47,27,41,27,27,230,230,40,41,39,27,229,27,198,229,27,27,27,229,28,229,87,61,230,35,27,41,27,41,41,41,27,41,41,41,27,27,41,27,41,38,41,27,29,229,28,209,27,229,28,216,41,41,41,41,35,27,28,27,28,27,27,41,41,40,27,27,229,27,41,132,27,27,230,27,230,27,41,27,29,82,230,230,125,230,27,230,27,230,27,186,185,35,230,230,27,41,27,27,41,41,27,230,85,230,27,27,230,27,229,230,27,41,41,27,35,229,27,41,29,31,27,41,41,27,27,41,41,41,41,27,35,229,27,27,229,224,64,67,229,230,27,27,27,230,27,174,229,27,27,229,27,42,41,205,41,39,41,27,35,100,27,27,214,27,160,230,27,229,27,27,41,27,41,41,35,27,28,27,40,41,27,41,27,41,41,27,41,27,41,27,27,27,27,27,41,27,27,41,40,40,27,27,212,212,228,27,153,27,41,27,27,41,27,41,41,41,41,230,41,40,41,41,41,41,28,41,41,41,27,27,27,27,41,41,27,41,41,27,41,41,27,41,41,41,41,41,41,41,27,41,27,41,41,41,41,27,41,41,41,41,41,41,27,41,27,27,41,27,27,29,41,38,40,41,27,27,40,41,27,35,27,27,41,36,41,81,27,27,198,41,27,41,41,27,230,41,36,41,41,27,41,230,56,27,27,229,229,27,27,230,230,213,230,230,229,28,230,27,230,125,229,230,229,229,229,229,27,28,35,183,27,41,27,41,27,41,41,41,41,27,41,41,229,27,27,27,41,27,27,41,40,41,27,41,41,27,39,41,27,41,34,41,36,35,31,27,40,27,27,95,221,229,41,41,27,27,41,229,229,219,40,27,27,35,230,230,27,41,27,27,27,41,27,40,27,27,27,41,29,41,27,230,41,27,230,206,230,35,230,169,28,27,27,27,36,230,41,41,41,41,41,41,40,36,41,27,41,27,41,27,41,27,41,27,27,41,41,41,41,41,33,230,41,230,230,229,27,230,55,161,41,41,41,27,41,41,27,41,41,27,27,230,230,225,230,27,29,230,230,230,27,27,33,27,160,230,230,230,230,70,28,41,27,27,27,41,41,29,27,27,41,41,41,41,41,41,27,41,41,27,27,27,41,27,27,41,41,41,27,41,41,27,41,41,27,39,27,41,27,35,41,41,27,41,36,27,41,27,27,41,41,41,41,41,41,27,41,30,37,41,41,41,42,41,41,41,41,41,27,36,41,41,27,38,41,41,229,41,35,27,42,229,27,229,27,27,27,41,41,41,41,41,41,27,27,27,41,41,27,27,27,229,27,27,27,35,41,179,27,27,41,29,41,41,27,27,27,195,229,229,87,27,41,27,41,172,41,36,41,38,27,27,27,27,41,41,41,41,41,27,41,41,41,29,41,41,52,41,27,41,27,41,41,41,27,41,27,41,27,35,41,40,27,41,27,41,41,27,41,41,41,41,41,40,27,38,41,41,27,41,36,27,40,41,41,28,27,27,40,41,27,27,41,41,27,41,27,27,41,27,41,27,27,41,41,41,41,27,41,27,41,41,27,27,41,36,27,41,30,27,41,27,41,41,41,41,40,41,27,41,27,27,27,41,27,35,27,41,41,30,41,41,27,41,41,38,41,41,41,36,27,27,27,27,37,41,41,41,27,41,27,41,27,27,41,27,41,35,27,41,41,28,40,27,41,27,27,41,41,40,28,37,145,27,27,41,27,27,41,41,41,30,41,41,41,41,36,41,27,27,27,27,27,41,41,40,41,27,27,41,41,27,27,41,27,41,27,41,27,27,27,41,41,27,41,41,41,27,27,41,29,27,41,28,27,41,27,40,27,27,41,27,41,41,41,41,27,27,41,87,41,41,41,27,41,41,228,27,41,27
209,230,229,229,27,229,27,27,27,230,27,27,30,41,41,41,41,27,41,41,41,27,27,41,41,27,41,41,27,41,41,41,27,41,41,41,27,41,41,40,39,27,41,27,41,27,41,41,27,41,27,41,41,41,30,41,41,27,41,27,41,41,41,27,41,35,41,27,41,41,41,41,27,27,41,29,27,41,31,58,27,229,47,230,230,69,27,41,27,230,229,41,229,27,41,229,41,213,41,27,27,41,35,41,180,41,30,229,63,41,229,27,27,47,229,229,36,27,41,67,41,27,27,27,41,41,229,229,41,27,27,27,41,27,41,41,40,41,41,27,41,27,35,41,67,29,228,27,41,228,41,27,229,27,81,27,27,39,41,229,27,41,27,27,230,230,41,41,41,41,229,27,229,229,35,27,27,229,27,229,102,27,230,40,27,41,28,41,41,41,27,41,41,41,27,27,41,27,41,38,36,27,27,181,35,57,27,229,27,229,41,41,41,41,40,27,27,27,27,27,27,41,41,41,27,27,229,27,41,132,27,27,230,27,230,27,41,27,80,87,230,230,176,230,27,230,27,230,27,77,82,28,230,33,27,47,27,27,163,41,27,230,29,230,27,27,230,27,229,230,27,40,41,27,40,184,27,41,35,31,27,41,41,27,27,41,41,41,41,27,40,215,27,27,229,155,42,42,229,230,27,27,27,230,27,230,229,27,27,229,27,82,40,230,41,41,41,30,40,102,27,27,148,27,27,208,27,229,27,27,41,27,41,41,29,28,27,27,35,41,27,41,27,41,41,27,41,27,41,27,35,27,27,27,40,27,27,41,41,41,27,27,229,229,185,27,217,27,41,29,27,41,27,41,47,41,41,230,36,41,41,41,41,41,35,41,41,41,27,27,27,27,41,41,27,41,41,27,41,41,27,40,41,41,41,41,41,41,27,41,27,41,41,41,41,27,41,41,41,41,41,41,27,41,27,27,41,27,27,27,41,31,41,41,27,27,35,41,27,35,27,27,41,27,41,28,27,27,74,41,27,41,41,27,230,45,27,41,41,27,41,230,150,27,27,229,229,27,27,230,230,229,230,230,229,27,230,27,230,125,229,230,229,229,229,229,27,55,40,183,27,41,29,41,27,41,41,41,41,27,41,41,229,27,27,27,41,27,27,41,28,41,27,41,41,27,29,41,27,41,34,41,27,40,27,27,41,27,27,95,223,229,41,41,27,27,41,229,229,219,41,27,27,40,230,230,27,41,27,27,27,41,27,35,27,27,27,41,35,41,27,230,40,27,230,66,214,29,230,169,27,27,27,27,41,230,41,41,41,40,41,41,41,27,41,27,41,27,41,27,41,27,41,27,27,41,38,41,41,41,33,230,41,230,230,229,27,230,146,161,41,41,41,27,41,41,27,41,41,27,27,230,230,34,230,27,34,212,230,230,28,27,229,27,27,230,230,230,230,230,35,41,27,27,27,41,41,27,29,27,41,41,40,41,41,41,27,41,41,27,27,27,41,27,27,41,36,41,27,36,41,27,41,41,27,41,27,41,27,40,41,41,27,41,29,27,41,27,27,41,41,41,41,41,41,27,41,27,30,41,41,41,88,42,41,41,41,41,27,28,41,41,27,41,41,41,219,41,40,27,41,229,27,191,28,27,27,41,41,41,41,41,41,27,27,27,41,41,27,36,27,229,27,27,27,40,42,55,29,36,41,27,41,41,27,27,27,73,185,229,87,27,41,27,41,218,40,41,41,41,27,27,27,27,41,36,41,41,41,27,41,41,41,35,41,41,114,41,27,41,27,41,41,41,27,41,27,41,27,40,41,35,27,41,27,41,41,27,41,41,41,41,41,41,27,41,41,41,27,41,41,29,41,41,41,40,27,27,35,41,27,27,41,41,27,41,27,27,41,27,41,27,27,41,41,41,41,29,41,27,41,38,27,27,41,41,27,41,27,27,41,27,41,41,41,41,41,41,27,41,27,27,27,41,29,40,29,41,40,27,41,41,27,41,40,31,41,41,41,41,27,30,27,27,41,41,41,41,27,41,36,41,27,34,41,27,41,40,27,144,41,35,36,27,41,27,28,41,41,29,28,41,60,27,27,41,27,27,41,41,41,27,41,41,41,41,28,41,36,27,27,27,29,41,41,41,41,27,27,41,38,27,27,41,27,41,27,41,27,27,27,41,41,27,38,41,41,27,27,41,27,27,41,35,27,41,27,36,27,27,41,27,41,41,41,41,30,41,41,87,224,41,41,27,41,41,158,27,41,27
209,230,229,229,27,229,27,27,27,230,27,27,30,41,41,41,41,27,41,41,41,27,27,41,41,27,41,41,27,41,41,41,27,41,41,41,27,41,41,40,39,27,41,27,41,27,41,41,27,41,27,41,41,41,30,41,41,27,41,27,41,41,41,27,41,35,41,27,41,41,41,41,27,27,41,29,27,41,31,58,27,229,47,230,230,69,27,41,27,230,229,41,229,27,41,229,41,213,41,27,27,41,35,41,180,41,30,229,63,41,229,27,27,47,229,229,36,27,41,67,41,27,27,27,41,41,229,229,41,27,27,27,41,27,41,41,40,41,41,27,41,27,35,41,67,29,228,27,41,228,41,27,229,27,81,27,27,39,41,229,27,41,27,27,230,230,41,41,41,41,229,27,229,229,35,27,27,229,27,229,102,27,230,40,27,41,28,41,41,41,27,41,41,41,27,27,41,27,41,38,36,27,27,181,35,57,27,229,27,229,41,41,41,41,40,27,27,27,27,27,27,41,41,41,27,27,229,27,41,132,27,27,230,27,230,27,41,27,80,87,230,230,176,230,27,230,27,230,27,77,82,28,230,33,27,47,27,27,163,41,27,230,29,230,27,27,230,27,229,230,27,40,41,27,40,184,27,41,35,31,27,41,41,27,27,41,41,41,41,27,40,215,27,27,229,155,42,42,229,230,27,27,27,230,27,230,229,27,27,229,27,82,40,230,41,41,41,30,40,102,27,27,148,27,27,208,27,229,27,27,41,27,41,41,29,28,27,27,35,41,27,41,27,41,41,27,41,27,41,27,35,27,27,27,40,27,27,41,41,41,27,27,229,229,185,27,217,27,41,29,27,41,27,41,47,41,41,230,36,41,41,41,41,41,35,41,41,41,27,27,27,27,41,41,27,41,41,27,41,41,27,40,41,41,41,41,41,41,27,41,27,41,41,41,41,27,41,41,41,41,41,41,27,41,27,27,41,27,27,27,41,31,41,41,27,27,35,41,27,35,27,27,41,27,41,28,27,27,74,41,27,41,41,27,230,45,27,41,41,27,41,230,150,27,27,229,229,27,27,230,230,229,230,230,229,27,230,27,230,125,229,230,229,229,229,229,27,55,40,183,27,41,29,41,27,41,41,41,41,27,41,41,229,27,27,27,41,27,27,41,28,41,27,41,41,27,29,41,27,41,34,41,27,40,27,27,41,27,27,95,223,229,41,41,27,27,41,229,229,219,41,27,27,40,230,230,27,41,27,27,27,41,27,35,27,27,27,41,35,41,27,230,40,27,230,66,214,29,230,169,27,27,27,27,41,230,41,41,41,40,41,41,41,27,41,27,41,27,41,27,41,27,41,27,27,41,38,41,41,41,33,230,41,230,230,229,27,230,146,161,41,41,41,27,41,41,27,41,41,27,27,230,230,34,230,27,34,212,230,230,28,27,229,27,27,230,230,230,230,230,35,41,27,27,27,41,41,27,29,27,41,41,40,41,41,41,27,41,41,27,27,27,41,27,27,41,36,41,27,36,41,27,41,41,27,41,27,41,27,40,41,41,27,41,29,27,41,27,27,41,41,41,41,41,41,27,41,27,30,41,41,41,88,42,41,41,41,41,27,28,41,41,27,41,41,41,219,41,40,27,41,229,27,191,28,27,27,41,41,41,41,41,41,27,27,27,41,41,27,36,27,229,27,27,27,40,42,55,29,36,41,27,41,41,27,27,27,73,185,229,87,27,41,27,41,218,40,41,41,41,27,27,27,27,41,36,41,41,41,27,41,41,41,35,41,41,114,41,27,41,27,41,41,41,27,41,27,41,27,40,41,35,27,41,27,41,41,27,41,41,41,41,41,41,27,41,41,41,27,41,41,29,41,41,41,40,27,27,35,41,27,27,41,41,27,41,27,27,41,27,41,27,27,41,41,41,41,29,41,27,41,38,27,27,41,41,27,41,27,27,41,27,41,41,41,41,41,41,27,41,27,27,27,41,29,40,29,41,40,27,41,41,27,41,40,31,41,41,41,41,27,30,27,27,41,41,41,41,27,41,36,41,27,34,41,27,41,40,27,144,41,35,36,27,41,27,28,41,41,29,28,41,60,27,27,41,27,27,41,41,41,27,41,41,41,41,28,41,36,27,27,27,29,41,41,41,41,27,27,41,38,27,27,41,27,41,27,41,27,27,27,41,41,27,38,41,41,27,27,41,27,27,41,35,27,41,27,36,27,27,41,27,41,41,41,41,30,41,41,87,224,41,41,27,41,41,158,27,41,27
225,230,229,229,27,160,27,27,27,230,27,27,38,41,41,41,41,27,41,41,41,29,27,41,41,27,41,41,27,41,41,41,27,41,41,41,27,41,41,40,30,29,41,27,41,27,41,41,27,41,27,41,37,41,27,41,41,27,41,27,41,41,41,27,41,40,41,27,41,41,41,41,27,30,39,27,27,41,27,58,27,229,229,230,230,202,27,41,27,230,229,41,229,27,41,229,41,146,41,29,36,41,40,41,87,41,27,229,152,41,229,27,41,229,230,229,27,27,52,42,41,36,27,27,41,41,229,229,41,27,27,27,41,27,41,41,41,41,41,27,41,27,29,41,145,38,202,27,41,195,41,27,229,41,193,27,27,41,41,229,27,41,27,27,230,230,41,41,41,41,229,27,229,229,41,27,27,33,27,229,102,27,230,41,27,41,76,41,41,41,27,41,41,41,27,30,41,27,41,39,27,27,27,82,40,28,27,33,27,229,43,41,41,41,41,27,27,27,27,28,27,41,41,41,27,27,229,27,36,132,27,27,230,27,230,27,41,27,181,87,230,230,212,225,27,230,27,230,27,28,29,27,33,27,41,230,27,27,229,41,130,230,27,230,27,229,230,27,230,230,27,35,41,27,41,84,27,41,40,33,27,40,41,27,27,41,41,41,41,27,41,119,27,28,229,39,41,41,49,230,27,27,27,230,27,230,229,27,27,229,27,185,36,230,41,41,41,37,41,102,27,28,63,27,27,51,27,229,27,27,41,27,41,41,27,35,27,27,29,41,27,41,27,41,41,27,41,41,41,27,41,27,27,27,35,27,27,41,41,41,27,27,229,229,90,27,229,27,38,35,27,41,27,41,230,41,41,199,27,41,41,41,40,41,40,41,41,41,27,27,27,27,41,41,27,41,41,27,41,41,27,36,41,41,27,41,41,41,27,41,27,41,41,41,41,27,40,41,41,41,41,41,27,41,27,27,41,27,27,27,41,27,41,41,27,27,29,41,27,35,27,27,50,27,41,27,30,27,41,41,27,41,42,27,230,162,27,41,41,27,41,230,219,27,28,229,229,27,27,224,33,229,230,230,229,27,230,27,230,125,229,230,229,229,229,229,27,196,41,183,27,41,35,41,27,41,41,41,41,27,38,41,229,27,27,27,41,27,27,41,27,41,29,41,41,27,27,40,27,41,34,41,27,41,27,27,41,27,27,95,229,229,41,41,27,27,41,229,229,219,41,27,28,41,230,230,27,41,27,27,40,40,27,29,27,27,27,41,40,41,27,208,36,27,230,28,45,27,230,144,27,27,27,27,41,230,41,41,41,37,41,41,41,27,41,27,41,27,41,36,41,27,41,27,27,41,30,41,41,41,33,230,41,230,230,229,27,230,214,161,41,41,27,27,41,41,27,41,41,27,27,230,230,27,230,27,40,94,230,230,73,27,229,27,27,230,230,230,230,230,50,41,27,27,27,41,41,27,35,27,41,41,36,41,41,41,27,41,41,27,27,27,41,27,27,41,27,41,27,27,41,27,41,41,27,41,27,41,27,41,41,41,27,41,27,27,41,27,27,41,41,41,41,41,41,27,41,27,27,41,41,41,183,88,41,41,41,41,27,27,41,41,27,41,41,41,49,41,41,27,41,229,27,67,35,27,27,41,41,41,41,41,41,27,27,27,41,35,27,36,27,33,29,27,27,41,79,28,41,41,41,27,41,41,27,27,27,28,79,229,87,27,41,27,41,229,35,41,41,41,27,27,27,27,41,27,41,41,41,27,41,41,41,40,41,41,202,41,27,41,27,41,41,41,27,41,27,41,27,41,41,29,29,41,27,41,41,27,41,41,41,41,41,41,29,41,41,41,27,41,41,38,41,41,41,41,27,27,29,41,27,27,41,41,27,41,27,27,41,27,41,27,27,41,41,41,41,35,41,27,41,30,27,27,41,41,27,41,27,27,41,27,41,41,41,41,41,41,27,39,27,27,29,41,38,41,35,40,35,27,41,41,29,41,35,27,41,41,41,41,27,38,27,27,41,38,41,41,29,41,41,41,27,40,41,29,41,41,29,198,41,40,29,29,41,29,36,40,41,27,28,41,27,27,27,41,27,27,41,41,41,27,41,41,41,41,27,39,41,27,27,27,35,41,41,41,41,27,27,41,30,27,27,41,27,41,27,40,27,27,27,36,41,27,31,41,41,27,36,41,27,27,41,36,27,41,27,29,27,27,41,27,41,41,41,41,38,41,41,82,230,41,41,27,41,41,31,27,41,28
229,230,229,229,27,27,27,27,27,230,27,27,41,41,41,41,41,27,41,41,41,38,27,41,41,27,41,41,27,41,41,41,27,41,41,41,27,41,41,40,27,35,41,27,41,27,41,41,27,41,27,41,30,41,27,41,41,27,41,27,41,41,41,27,41,41,41,27,41,41,41,41,27,38,30,27,27,41,27,58,28,229,229,229,230,229,27,47,27,230,229,41,229,32,41,229,223,60,41,35,41,41,41,41,41,41,27,229,217,41,229,29,41,229,230,229,27,27,154,41,41,41,27,27,41,41,229,229,41,27,27,27,41,29,41,41,41,41,41,27,41,31,27,47,212,41,69,27,41,70,41,36,27,41,229,27,27,41,41,229,27,41,27,27,216,230,41,41,41,41,206,28,229,229,41,27,27,27,27,229,102,27,230,41,27,41,179,41,41,41,27,41,41,39,27,37,41,27,41,40,27,27,27,29,41,27,27,27,27,229,48,41,41,41,41,27,27,27,27,35,27,41,41,41,27,27,229,27,27,132,27,27,230,27,230,27,47,27,230,87,230,230,230,42,27,230,27,230,27,27,27,27,27,27,41,230,27,27,230,41,183,230,27,230,27,229,230,27,230,230,27,29,41,27,41,29,27,41,41,38,27,36,41,27,27,41,41,41,41,27,41,51,27,35,229,27,41,217,41,230,27,27,27,230,27,230,229,27,65,216,27,230,29,230,41,41,41,41,41,102,27,35,27,27,27,27,27,229,27,27,41,27,41,41,27,40,27,27,27,41,28,41,27,41,41,27,41,41,41,27,41,27,27,41,29,36,27,40,41,41,27,27,229,228,41,27,229,27,30,40,27,41,27,41,230,36,41,67,27,41,41,41,36,41,41,41,41,41,27,29,27,27,41,41,27,41,41,27,41,41,28,29,41,27,27,41,41,41,27,41,27,41,41,41,41,27,28,41,39,41,40,41,27,41,29,27,41,36,36,27,41,27,41,41,27,27,27,41,27,35,27,27,225,27,41,27,38,27,41,41,27,41,90,27,223,227,27,52,41,27,41,229,229,27,35,229,229,27,27,44,27,229,230,230,229,27,194,27,229,125,229,49,229,229,229,229,27,229,41,183,27,41,40,41,27,41,41,41,41,27,31,41,229,27,27,27,41,27,27,41,27,40,35,41,41,27,27,37,27,41,34,27,27,41,27,27,41,27,27,95,229,229,41,41,27,27,60,229,229,219,41,27,38,41,230,230,36,41,27,27,67,35,27,27,27,27,27,41,41,41,27,64,29,27,230,27,27,27,230,70,27,27,27,27,41,230,41,41,41,34,41,41,41,27,41,29,41,27,41,41,41,27,41,27,27,41,27,41,41,41,33,230,41,230,230,229,27,230,229,175,41,41,27,27,41,41,27,41,41,28,27,230,230,27,230,27,41,27,230,230,182,27,229,36,27,230,230,230,230,230,100,41,27,27,27,41,41,27,40,27,41,41,29,27,41,41,30,41,41,27,27,27,41,27,27,41,27,41,27,27,41,27,41,41,27,41,27,41,27,41,41,41,27,41,27,27,41,27,27,41,41,41,41,41,41,27,41,27,27,39,41,41,229,183,34,41,41,41,28,27,41,41,29,41,41,41,41,41,41,27,41,229,27,27,40,27,27,41,41,41,41,41,40,28,27,27,27,28,27,41,27,27,34,27,27,41,194,27,41,41,41,27,41,41,27,27,27,27,28,185,83,27,41,27,41,229,30,41,41,41,27,27,27,27,41,27,41,41,41,27,41,41,41,41,40,41,229,41,27,41,27,41,41,41,27,41,36,41,27,41,41,27,35,41,27,41,41,27,41,41,41,36,41,41,34,41,38,39,29,41,41,41,41,41,41,41,27,27,27,40,27,27,41,39,27,41,27,27,41,27,41,28,27,41,41,41,41,40,41,27,41,27,27,27,41,41,27,41,27,27,41,27,41,41,41,41,41,41,29,29,27,27,35,41,41,41,40,35,29,27,41,41,35,40,29,27,41,41,41,41,27,41,27,27,41,30,41,41,39,40,41,41,27,41,39,35,41,41,38,198,41,41,27,35,41,40,41,36,41,27,31,41,27,27,27,41,27,27,41,41,41,27,41,41,41,41,27,30,41,27,30,27,40,41,41,41,41,27,27,41,27,27,27,41,27,41,28,36,27,27,27,27,41,27,27,41,41,27,41,41,27,27,41,41,27,41,28,27,27,27,41,27,41,41,41,40,41,41,41,63,230,41,41,27,41,41,27,27,60,35
229,230,229,229,27,27,27,27,27,230,27,27,41,41,41,41,41,27,41,41,41,38,27,41,41,27,41,41,27,41,41,41,27,41,41,41,27,41,41,40,27,35,41,27,41,27,41,41,27,41,27,41,30,41,27,41,41,27,41,27,41,41,41,27,41,41,41,27,41,41,41,41,27,38,30,27,27,41,27,58,28,229,229,229,230,229,27,47,27,230,229,41,229,32,41,229,223,60,41,35,41,41,41,41,41,41,27,229,217,41,229,29,41,229,230,229,27,27,154,41,41,41,27,27,41,41,229,229,41,27,27,27,41,29,41,41,41,41,41,27,41,31,27,47,212,41,69,27,41,70,41,36,27,41,229,27,27,41,41,229,27,41,27,27,216,230,41,41,41,41,206,28,229,229,41,27,27,27,27,229,102,27,230,41,27,41,179,41,41,41,27,41,41,39,27,37,41,27,41,40,27,27,27,29,41,27,27,27,27,229,48,41,41,41,41,27,27,27,27,35,27,41,41,41,27,27,229,27,27,132,27,27,230,27,230,27,47,27,230,87,230,230,230,42,27,230,27,230,27,27,27,27,27,27,41,230,27,27,230,41,183,230,27,230,27,229,230,27,230,230,27,29,41,27,41,29,27,41,41,38,27,36,41,27,27,41,41,41,41,27,41,51,27,35,229,27,41,217,41,230,27,27,27,230,27,230,229,27,65,216,27,230,29,230,41,41,41,41,41,102,27,35,27,27,27,27,27,229,27,27,41,27,41,41,27,40,27,27,27,41,28,41,27,41,41,27,41,41,41,27,41,27,27,41,29,36,27,40,41,41,27,27,229,228,41,27,229,27,30,40,27,41,27,41,230,36,41,67,27,41,41,41,36,41,41,41,41,41,27,29,27,27,41,41,27,41,41,27,41,41,28,29,41,27,27,41,41,41,27,41,27,41,41,41,41,27,28,41,39,41,40,41,27,41,29,27,41,36,36,27,41,27,41,41,27,27,27,41,27,35,27,27,225,27,41,27,38,27,41,41,27,41,90,27,223,227,27,52,41,27,41,229,229,27,35,229,229,27,27,44,27,229,230,230,229,27,194,27,229,125,229,49,229,229,229,229,27,229,41,183,27,41,40,41,27,41,41,41,41,27,31,41,229,27,27,27,41,27,27,41,27,40,35,41,41,27,27,37,27,41,34,27,27,41,27,27,41,27,27,95,229,229,41,41,27,27,60,229,229,219,41,27,38,41,230,230,36,41,27,27,67,35,27,27,27,27,27,41,41,41,27,64,29,27,230,27,27,27,230,70,27,27,27,27,41,230,41,41,41,34,41,41,41,27,41,29,41,27,41,41,41,27,41,27,27,41,27,41,41,41,33,230,41,230,230,229,27,230,229,175,41,41,27,27,41,41,27,41,41,28,27,230,230,27,230,27,41,27,230,230,182,27,229,36,27,230,230,230,230,230,100,41,27,27,27,41,41,27,40,27,41,41,29,27,41,41,30,41,41,27,27,27,41,27,27,41,27,41,27,27,41,27,41,41,27,41,27,41,27,41,41,41,27,41,27,27,41,27,27,41,41,41,41,41,41,27,41,27,27,39,41,41,229,183,34,41,41,41,28,27,41,41,29,41,41,41,41,41,41,27,41,229,27,27,40,27,27,41,41,41,41,41,40,28,27,27,27,28,27,41,27,27,34,27,27,41,194,27,41,41,41,27,41,41,27,27,27,27,28,185,83,27,41,27,41,229,30,41,41,41,27,27,27,27,41,27,41,41,41,27,41,41,41,41,40,41,229,41,27,41,27,41,41,41,27,41,36,41,27,41,41,27,35,41,27,41,41,27,41,41,41,36,41,41,34,41,38,39,29,41,41,41,41,41,41,41,27,27,27,40,27,27,41,39,27,41,27,27,41,27,41,28,27,41,41,41,41,40,41,27,41,27,27,27,41,41,27,41,27,27,41,27,41,41,41,41,41,41,29,29,27,27,35,41,41,41,40,35,29,27,41,41,35,40,29,27,41,41,41,41,27,41,27,27,41,30,41,41,39,40,41,41,27,41,39,35,41,41,38,198,41,41,27,35,41,40,41,36,41,27,31,41,27,27,27,41,27,27,41,41,41,27,41,41,41,41,27,30,41,27,30,27,40,41,41,41,41,27,27,41,27,27,27,41,27,41,28,36,27,27,27,27,41,27,27,41,41,27,41,41,27,27,41,41,27,41,28,27,27,27,41,27,41,41,41,40,41,41,41,63,230,41,41,27,41,41,27,27,60,35
229,230,229,229,27,27,56,27,27,33,27,27,41,41,41,41,41,27,41,41,41,41,27,41,41,27,41,41,27,41,41,41,27,41,41,41,27,41,41,39,27,40,41,27,41,27,41,41,35,41,41,41,27,41,27,41,41,27,41,27,41,41,41,27,41,41,41,27,41,41,41,41,27,41,27,27,27,41,27,55,78,229,229,229,230,229,27,229,27,230,215,41,188,35,39,160,229,27,41,40,41,27,41,41,41,41,27,229,230,41,229,35,41,229,230,223,27,27,221,41,41,41,27,27,41,41,229,27,41,27,27,27,41,39,41,41,41,41,41,27,41,38,27,229,229,41,41,27,41,41,41,41,27,41,229,27,27,41,41,229,27,41,27,27,52,229,42,41,42,41,58,35,229,229,41,35,27,27,27,180,87,27,230,41,27,41,229,41,41,41,27,41,41,35,27,41,41,27,41,41,27,27,27,27,41,27,27,27,27,229,50,41,41,41,41,27,27,28,27,40,36,41,41,41,27,27,229,27,27,132,27,27,230,27,224,27,230,27,230,88,230,230,230,27,27,230,27,230,27,27,27,27,27,27,41,230,27,27,230,41,183,230,27,230,27,229,230,27,230,230,27,27,37,27,41,27,27,41,41,41,27,29,41,27,27,41,41,41,41,27,42,41,28,40,229,27,41,229,41,230,27,28,27,212,27,230,229,27,190,173,27,230,27,230,41,41,41,41,41,102,27,40,27,27,27,27,28,229,27,27,41,27,41,41,27,41,27,27,27,41,36,41,27,41,41,27,41,41,41,27,41,27,27,41,27,41,27,37,41,41,27,27,229,184,41,27,229,27,27,41,29,41,27,41,230,27,41,28,27,41,43,41,29,40,41,41,41,40,27,35,28,27,41,41,27,41,41,27,41,41,35,27,41,27,27,41,41,41,27,41,27,41,41,41,41,27,27,41,30,41,40,41,27,41,41,28,41,41,41,27,41,27,41,41,27,27,27,41,27,35,27,27,230,27,41,27,41,27,41,42,27,41,185,27,49,230,27,156,41,27,47,229,229,27,40,230,229,27,27,27,27,229,230,230,229,27,68,27,229,125,229,41,229,229,229,229,27,229,41,183,27,41,41,41,27,41,41,41,41,29,27,41,223,27,27,27,27,27,27,41,27,28,40,41,41,27,27,35,27,41,34,27,27,41,27,27,41,27,27,95,229,229,41,41,27,27,197,229,192,219,86,27,41,41,229,230,41,41,27,27,80,29,27,27,27,27,27,41,41,41,27,28,27,27,230,27,27,27,230,42,27,27,27,27,41,230,41,41,41,29,41,41,41,27,41,35,41,27,41,41,41,27,41,27,27,41,27,41,41,41,41,230,41,230,35,229,27,230,229,213,41,41,27,27,41,41,27,41,41,35,27,230,230,27,230,27,41,27,230,230,229,27,229,41,27,230,230,230,230,230,110,40,27,27,27,41,41,27,41,27,41,41,27,36,41,41,38,41,41,27,27,27,41,27,27,41,27,41,27,27,41,27,41,41,36,41,27,41,27,41,41,41,27,41,27,28,41,27,27,41,41,41,41,41,41,27,41,27,27,38,41,41,229,229,36,41,41,41,35,27,41,41,35,41,40,41,41,41,41,27,41,229,27,27,41,36,29,41,41,41,41,41,36,35,27,27,27,27,27,41,27,27,39,27,27,41,229,27,41,41,41,27,41,41,27,27,27,27,27,80,35,27,41,27,41,229,27,41,41,41,27,27,27,27,41,27,41,41,41,27,41,41,41,41,35,41,229,41,27,41,27,41,41,41,27,41,41,41,27,41,41,27,40,41,41,41,41,27,41,41,36,28,41,41,37,41,30,29,35,41,41,41,41,41,41,41,40,27,27,36,27,27,27,30,27,41,27,27,41,27,39,35,27,41,41,41,38,41,41,27,41,27,27,27,41,41,27,41,27,27,41,27,41,41,41,41,41,41,39,27,27,27,40,41,41,41,41,29,27,27,41,41,40,28,27,27,41,41,41,41,40,41,27,27,41,27,41,41,41,36,41,41,27,41,29,40,39,41,41,198,41,41,27,40,41,41,41,28,41,27,38,41,27,27,27,41,29,27,41,41,47,27,41,41,41,41,27,27,41,27,38,30,41,41,41,41,41,27,27,41,27,27,27,41,30,41,36,29,27,27,27,27,41,27,27,41,41,27,41,41,27,27,41,41,27,41,35,27,27,27,41,27,41,41,41,37,41,41,41,37,230,41,41,27,41,41,27,27,197,40
229,230,229,229,27,27,56,27,27,33,27,27,41,41,41,41,41,27,41,41,41,41,27,41,41,27,41,41,27,41,41,41,27,41,41,41,27,41,41,39,27,40,41,27,41,27,41,41,35,41,41,41,27,41,27,41,41,27,41,27,41,41,41,27,41,41,41,27,41,41,41,41,27,41,27,27,27,41,27,55,78,229,229,229,230,229,27,229,27,230,215,41,188,35,39,160,229,27,41,40,41,27,41,41,41,41,27,229,230,41,229,35,41,229,230,223,27,27,221,41,41,41,27,27,41,41,229,27,41,27,27,27,41,39,41,41,41,41,41,27,41,38,27,229,229,41,41,27,41,41,41,41,27,41,229,27,27,41,41,229,27,41,27,27,52,229,42,41,42,41,58,35,229,229,41,35,27,27,27,180,87,27,230,41,27,41,229,41,41,41,27,41,41,35,27,41,41,27,41,41,27,27,27,27,41,27,27,27,27,229,50,41,41,41,41,27,27,28,27,40,36,41,41,41,27,27,229,27,27,132,27,27,230,27,224,27,230,27,230,88,230,230,230,27,27,230,27,230,27,27,27,27,27,27,41,230,27,27,230,41,183,230,27,230,27,229,230,27,230,230,27,27,37,27,41,27,27,41,41,41,27,29,41,27,27,41,41,41,41,27,42,41,28,40,229,27,41,229,41,230,27,28,27,212,27,230,229,27,190,173,27,230,27,230,41,41,41,41,41,102,27,40,27,27,27,27,28,229,27,27,41,27,41,41,27,41,27,27,27,41,36,41,27,41,41,27,41,41,41,27,41,27,27,41,27,41,27,37,41,41,27,27,229,184,41,27,229,27,27,41,29,41,27,41,230,27,41,28,27,41,43,41,29,40,41,41,41,40,27,35,28,27,41,41,27,41,41,27,41,41,35,27,41,27,27,41,41,41,27,41,27,41,41,41,41,27,27,41,30,41,40,41,27,41,41,28,41,41,41,27,41,27,41,41,27,27,27,41,27,35,27,27,230,27,41,27,41,27,41,42,27,41,185,27,49,230,27,156,41,27,47,229,229,27,40,230,229,27,27,27,27,229,230,230,229,27,68,27,229,125,229,41,229,229,229,229,27,229,41,183,27,41,41,41,27,41,41,41,41,29,27,41,223,27,27,27,27,27,27,41,27,28,40,41,41,27,27,35,27,41,34,27,27,41,27,27,41,27,27,95,229,229,41,41,27,27,197,229,192,219,86,27,41,41,229,230,41,41,27,27,80,29,27,27,27,27,27,41,41,41,27,28,27,27,230,27,27,27,230,42,27,27,27,27,41,230,41,41,41,29,41,41,41,27,41,35,41,27,41,41,41,27,41,27,27,41,27,41,41,41,41,230,41,230,35,229,27,230,229,213,41,41,27,27,41,41,27,41,41,35,27,230,230,27,230,27,41,27,230,230,229,27,229,41,27,230,230,230,230,230,110,40,27,27,27,41,41,27,41,27,41,41,27,36,41,41,38,41,41,27,27,27,41,27,27,41,27,41,27,27,41,27,41,41,36,41,27,41,27,41,41,41,27,41,27,28,41,27,27,41,41,41,41,41,41,27,41,27,27,38,41,41,229,229,36,41,41,41,35,27,41,41,35,41,40,41,41,41,41,27,41,229,27,27,41,36,29,41,41,41,41,41,36,35,27,27,27,27,27,41,27,27,39,27,27,41,229,27,41,41,41,27,41,41,27,27,27,27,27,80,35,27,41,27,41,229,27,41,41,41,27,27,27,27,41,27,41,41,41,27,41,41,41,41,35,41,229,41,27,41,27,41,41,41,27,41,41,41,27,41,41,27,40,41,41,41,41,27,41,41,36,28,41,41,37,41,30,29,35,41,41,41,41,41,41,41,40,27,27,36,27,27,27,30,27,41,27,27,41,27,39,35,27,41,41,41,38,41,41,27,41,27,27,27,41,41,27,41,27,27,41,27,41,41,41,41,41,41,39,27,27,27,40,41,41,41,41,29,27,27,41,41,40,28,27,27,41,41,41,41,40,41,27,27,41,27,41,41,41,36,41,41,27,41,29,40,39,41,41,198,41,41,27,40,41,41,41,28,41,27,38,41,27,27,27,41,29,27,41,41,47,27,41,41,41,41,27,27,41,27,38,30,41,41,41,41,41,27,27,41,27,27,27,41,30,41,36,29,27,27,27,27,41,27,27,41,41,27,41,41,27,27,41,41,27,41,35,27,27,27,41,27,41,41,41,37,41,41,41,37,230,41,41,27,41,41,27,27,197,40
229,230,229,213,27,27,144,27,27,27,27,27,41,38,41,41,41,27,41,41,41,41,27,41,41,27,41,41,27,41,41,41,27,41,41,41,27,41,41,30,27,41,41,27,41,27,41,41,41,41,41,41,27,41,27,41,41,27,41,27,41,40,41,36,41,41,38,27,41,41,41,41,27,41,27,27,27,41,27,49,182,229,229,229,230,229,27,229,27,230,148,41,83,39,29,28,229,27,41,41,41,27,41,41,41,41,27,229,230,41,229,40,41,229,230,55,27,27,229,41,41,41,27,27,41,41,229,27,41,27,27,27,41,41,41,41,41,41,41,27,41,41,27,229,229,41,41,29,41,41,41,41,27,41,229,27,27,41,41,229,28,41,41,27,41,207,75,38,90,41,28,40,229,229,41,40,27,27,27,80,54,27,230,41,27,41,229,41,41,41,27,41,41,29,29,41,41,27,41,41,27,27,27,27,41,27,27,27,27,229,50,41,41,41,41,29,27,34,27,41,36,41,41,41,27,27,27,36,27,132,27,27,230,27,154,27,230,27,230,125,230,230,230,27,76,230,27,230,27,27,27,27,27,27,41,230,27,41,230,41,183,230,27,230,27,229,230,27,230,230,131,27,30,27,41,27,27,41,41,41,28,27,41,29,27,41,41,41,41,27,68,41,32,41,229,27,41,229,41,230,27,35,30,27,27,230,229,27,229,134,27,230,27,230,41,41,41,41,42,102,27,41,27,27,27,27,35,230,27,27,41,27,41,41,27,41,27,27,27,41,40,41,27,41,41,27,41,41,41,27,41,27,27,41,27,41,27,35,41,41,27,27,228,90,41,27,228,27,27,41,34,41,27,36,230,27,40,27,27,41,55,41,27,36,41,41,76,35,27,40,39,27,41,41,27,36,41,27,41,41,40,27,41,27,27,41,41,41,27,41,27,41,41,41,41,30,27,41,27,41,40,41,27,41,41,35,41,41,41,27,41,27,41,41,27,27,27,41,27,33,27,27,230,27,41,27,41,27,41,46,27,41,230,27,41,230,27,223,41,27,230,229,229,27,41,230,212,27,36,27,27,229,230,230,230,27,28,27,229,125,229,41,230,229,160,229,28,229,42,183,27,41,41,41,27,41,41,41,41,35,27,41,41,27,27,27,27,27,27,41,27,27,41,41,41,27,27,29,27,41,34,27,27,41,27,27,41,27,27,95,229,229,41,84,27,27,229,229,69,219,183,27,41,42,229,230,41,47,27,29,80,27,27,27,27,27,27,41,41,27,27,27,27,27,230,27,27,27,230,41,27,27,27,27,47,33,41,41,41,27,41,41,41,27,41,40,41,29,40,41,41,27,41,27,27,41,27,41,41,41,139,230,41,33,27,229,50,230,229,229,41,41,27,27,41,41,28,41,41,40,28,230,230,27,230,27,41,27,230,230,229,27,229,41,27,214,230,230,230,230,110,35,27,27,27,41,36,27,41,27,41,40,27,41,41,41,41,41,41,27,27,27,41,27,27,41,27,41,27,27,41,27,41,41,41,41,27,41,27,41,41,41,27,41,27,35,41,27,30,41,41,41,41,41,41,27,41,27,27,38,41,41,229,229,41,41,41,41,40,27,41,41,40,41,36,40,41,41,41,27,41,228,27,27,41,41,35,41,73,41,41,41,29,40,27,27,27,27,27,41,27,27,41,27,27,42,229,27,41,41,41,27,41,41,27,27,27,27,27,29,27,27,41,28,41,228,27,41,41,41,27,27,27,27,41,27,41,41,41,27,41,40,41,41,29,41,229,41,27,41,27,41,41,41,27,41,41,41,27,41,41,27,41,41,41,40,41,27,41,41,28,27,40,41,40,41,27,27,40,41,41,41,41,41,41,41,41,27,27,29,27,27,27,27,28,27,27,27,38,27,30,40,27,41,41,41,31,41,41,27,41,27,27,27,41,41,27,41,27,30,41,27,41,41,41,41,41,41,41,27,27,27,41,41,41,41,41,27,27,27,41,41,41,27,27,27,41,40,41,41,41,41,29,27,41,27,41,41,41,28,41,41,27,41,27,41,29,41,41,198,41,41,27,41,41,41,41,27,41,27,41,41,27,27,27,41,35,27,41,215,91,27,41,41,41,41,27,27,41,27,41,38,41,41,41,41,41,27,29,41,27,27,27,41,37,41,40,27,27,27,27,27,40,27,27,41,41,27,41,41,27,27,35,41,27,41,40,27,27,27,41,27,41,41,41,35,41,41,41,27,230,41,41,28,41,41,27,27,229,41
229,188,229,205,27,27,213,27,27,27,27,27,41,30,41,41,41,27,41,41,40,41,27,41,41,27,41,41,27,41,41,41,27,41,41,41,27,41,41,28,27,41,41,41,41,27,41,41,41,41,41,41,27,41,27,41,41,27,41,27,41,36,41,41,41,41,30,27,41,40,41,41,27,41,27,27,27,41,27,45,229,229,229,229,230,229,27,229,27,230,55,41,33,41,27,27,229,27,41,41,41,27,41,41,41,41,27,229,229,164,194,41,41,229,230,47,27,27,229,41,41,41,27,27,41,84,229,27,40,27,27,27,41,41,41,41,41,41,41,27,41,41,27,229,229,41,41,35,41,41,41,41,27,41,229,27,27,57,41,229,35,41,41,35,41,68,195,31,183,41,27,41,229,229,41,41,27,27,27,28,37,27,222,41,27,41,229,41,41,41,27,41,41,27,35,41,41,27,41,41,27,27,27,27,42,27,27,27,27,227,50,41,41,41,41,39,27,40,27,41,41,56,41,41,27,27,27,41,27,132,27,27,230,27,40,27,230,27,230,196,230,230,230,27,28,230,27,230,27,27,27,27,27,27,41,230,27,41,230,41,183,230,27,230,27,229,230,27,230,230,131,27,27,27,43,27,27,41,41,41,39,27,41,35,27,41,41,41,41,27,205,41,49,41,230,27,106,229,41,160,27,40,37,27,27,226,229,27,229,52,27,230,27,204,41,41,41,41,79,76,27,41,27,27,27,27,40,230,30,36,41,27,41,41,27,41,27,27,27,41,41,41,27,41,41,27,41,41,41,27,41,27,27,41,27,41,27,28,41,41,30,27,184,41,41,27,193,27,27,41,39,41,27,35,230,27,35,27,27,42,64,41,27,29,41,41,189,28,27,41,41,27,41,41,27,27,41,27,41,41,41,27,41,27,27,41,41,41,27,36,36,41,41,41,41,38,27,41,27,39,40,41,27,41,41,40,41,41,41,27,41,27,41,41,27,27,27,41,27,33,27,27,230,27,165,27,41,27,41,64,27,41,230,27,41,230,27,230,41,27,230,229,229,28,41,230,145,27,41,27,27,230,230,230,230,27,27,27,229,41,229,41,230,229,27,229,35,229,87,183,27,41,41,41,27,41,41,41,41,40,27,38,41,27,27,27,27,27,27,41,27,27,41,41,41,27,27,27,29,41,34,27,27,41,27,27,41,27,27,95,229,229,41,176,27,27,230,229,27,28,230,27,158,47,229,230,41,230,27,34,80,27,30,27,27,36,27,41,41,27,28,27,27,160,183,27,27,27,191,41,27,27,27,27,230,33,41,41,41,27,41,41,41,27,41,41,41,35,35,41,41,27,41,27,27,41,27,41,41,41,153,230,40,27,27,230,148,229,230,230,41,41,27,27,41,41,35,41,41,41,35,230,223,27,230,27,42,27,201,230,229,28,229,41,27,146,230,230,230,230,110,29,27,30,27,41,27,27,41,27,41,29,27,41,40,41,41,41,41,27,27,29,41,27,28,41,27,41,27,27,41,30,41,41,41,41,27,41,41,41,41,41,27,41,27,40,41,27,37,41,41,41,40,41,38,27,38,27,27,38,41,41,229,229,38,41,41,41,41,27,27,41,41,41,28,35,41,41,41,27,41,29,27,27,41,41,40,41,192,41,41,41,27,41,27,27,27,27,27,41,27,27,41,29,30,80,229,27,41,47,41,27,41,41,27,27,27,27,27,27,27,27,41,35,41,207,27,41,41,41,29,29,27,27,41,27,41,41,41,27,41,35,41,41,27,41,229,41,27,41,27,41,41,35,27,41,41,41,27,41,41,27,41,41,41,28,41,27,41,41,27,27,28,41,41,41,27,27,41,41,41,41,41,41,41,41,41,27,27,27,27,27,27,27,35,27,30,27,31,27,27,41,27,41,41,41,27,41,41,27,41,27,27,27,39,41,27,41,27,37,41,27,41,41,41,41,41,40,41,27,27,27,41,41,41,41,41,27,27,27,27,41,41,27,27,27,41,35,41,41,41,41,35,27,41,27,41,41,41,27,41,41,27,41,27,41,27,41,41,193,41,41,27,41,41,41,41,27,41,27,41,41,27,27,27,84,40,29,41,229,102,27,41,41,41,41,27,27,41,27,41,41,41,41,41,41,41,27,35,41,27,27,27,41,41,41,41,27,27,28,27,27,37,27,27,41,41,27,41,41,27,27,28,41,28,41,41,27,27,35,38,27,41,41,41,28,41,41,41,27,230,41,41,35,41,41,27,29,230,41
229,188,229,205,27,27,213,27,27,27,27,27,41,30,41,41,41,27,41,41,40,41,27,41,41,27,41,41,27,41,41,41,27,41,41,41,27,41,41,28,27,41,41,41,41,27,41,41,41,41,41,41,27,41,27,41,41,27,41,27,41,36,41,41,41,41,30,27,41,40,41,41,27,41,27,27,27,41,27,45,229,229,229,229,230,229,27,229,27,230,55,41,33,41,27,27,229,27,41,41,41,27,41,41,41,41,27,229,229,164,194,41,41,229,230,47,27,27,229,41,41,41,27,27,41,84,229,27,40,27,27,27,41,41,41,41,41,41,41,27,41,41,27,229,229,41,41,35,41,41,41,41,27,41,229,27,27,57,41,229,35,41,41,35,41,68,195,31,183,41,27,41,229,229,41,41,27,27,27,28,37,27,222,41,27,41,229,41,41,41,27,41,41,27,35,41,41,27,41,41,27,27,27,27,42,27,27,27,27,227,50,41,41,41,41,39,27,40,27,41,41,56,41,41,27,27,27,41,27,132,27,27,230,27,40,27,230,27,230,196,230,230,230,27,28,230,27,230,27,27,27,27,27,27,41,230,27,41,230,41,183,230,27,230,27,229,230,27,230,230,131,27,27,27,43,27,27,41,41,41,39,27,41,35,27,41,41,41,41,27,205,41,49,41,230,27,106,229,41,160,27,40,37,27,27,226,229,27,229,52,27,230,27,204,41,41,41,41,79,76,27,41,27,27,27,27,40,230,30,36,41,27,41,41,27,41,27,27,27,41,41,41,27,41,41,27,41,41,41,27,41,27,27,41,27,41,27,28,41,41,30,27,184,41,41,27,193,27,27,41,39,41,27,35,230,27,35,27,27,42,64,41,27,29,41,41,189,28,27,41,41,27,41,41,27,27,41,27,41,41,41,27,41,27,27,41,41,41,27,36,36,41,41,41,41,38,27,41,27,39,40,41,27,41,41,40,41,41,41,27,41,27,41,41,27,27,27,41,27,33,27,27,230,27,165,27,41,27,41,64,27,41,230,27,41,230,27,230,41,27,230,229,229,28,41,230,145,27,41,27,27,230,230,230,230,27,27,27,229,41,229,41,230,229,27,229,35,229,87,183,27,41,41,41,27,41,41,41,41,40,27,38,41,27,27,27,27,27,27,41,27,27,41,41,41,27,27,27,29,41,34,27,27,41,27,27,41,27,27,95,229,229,41,176,27,27,230,229,27,28,230,27,158,47,229,230,41,230,27,34,80,27,30,27,27,36,27,41,41,27,28,27,27,160,183,27,27,27,191,41,27,27,27,27,230,33,41,41,41,27,41,41,41,27,41,41,41,35,35,41,41,27,41,27,27,41,27,41,41,41,153,230,40,27,27,230,148,229,230,230,41,41,27,27,41,41,35,41,41,41,35,230,223,27,230,27,42,27,201,230,229,28,229,41,27,146,230,230,230,230,110,29,27,30,27,41,27,27,41,27,41,29,27,41,40,41,41,41,41,27,27,29,41,27,28,41,27,41,27,27,41,30,41,41,41,41,27,41,41,41,41,41,27,41,27,40,41,27,37,41,41,41,40,41,38,27,38,27,27,38,41,41,229,229,38,41,41,41,41,27,27,41,41,41,28,35,41,41,41,27,41,29,27,27,41,41,40,41,192,41,41,41,27,41,27,27,27,27,27,41,27,27,41,29,30,80,229,27,41,47,41,27,41,41,27,27,27,27,27,27,27,27,41,35,41,207,27,41,41,41,29,29,27,27,41,27,41,41,41,27,41,35,41,41,27,41,229,41,27,41,27,41,41,35,27,41,41,41,27,41,41,27,41,41,41,28,41,27,41,41,27,27,28,41,41,41,27,27,41,41,41,41,41,41,41,41,41,27,27,27,27,27,27,27,35,27,30,27,31,27,27,41,27,41,41,41,27,41,41,27,41,27,27,27,39,41,27,41,27,37,41,27,41,41,41,41,41,40,41,27,27,27,41,41,41,41,41,27,27,27,27,41,41,27,27,27,41,35,41,41,41,41,35,27,41,27,41,41,41,27,41,41,27,41,27,41,27,41,41,193,41,41,27,41,41,41,41,27,41,27,41,41,27,27,27,84,40,29,41,229,102,27,41,41,41,41,27,27,41,27,41,41,41,41,41,41,41,27,35,41,27,27,27,41,41,41,41,27,27,28,27,27,37,27,27,41,41,27,41,41,27,27,28,41,28,41,41,27,27,35,38,27,41,41,41,28,41,41,41,27,230,41,41,35,41,41,27,29,230,41
229,76,229,205,27,27,229,27,27,27,27,27,41,27,41,41,40,27,41,41,35,41,27,41,41,27,41,41,27,41,41,41,27,41,41,41,36,41,41,28,27,41,41,41,41,27,41,41,41,41,41,41,27,41,27,41,41,27,41,27,36,29,41,41,41,41,27,27,41,28,40,41,27,41,27,27,27,41,27,45,229,229,229,229,229,229,27,229,27,230,27,41,27,41,27,27,229,27,41,41,41,27,41,41,41,41,27,229,190,229,70,41,41,229,230,41,27,27,229,41,41,41,27,27,41,180,229,27,35,27,27,27,41,41,41,41,41,41,41,27,41,41,27,229,228,52,41,40,41,41,41,41,27,41,229,27,27,155,41,229,37,41,41,41,41,41,230,27,230,41,27,41,212,229,41,41,28,27,27,27,36,27,153,41,27,41,229,41,41,41,27,27,41,27,40,41,41,27,41,41,27,27,27,27,62,27,27,27,27,39,50,41,41,41,41,41,27,41,27,41,41,118,40,41,27,27,27,41,27,132,27,27,230,27,27,27,230,27,230,230,230,230,230,27,27,230,27,230,27,27,27,27,27,27,41,230,27,41,230,36,183,230,27,230,27,229,230,70,230,230,131,27,27,27,91,27,27,41,42,41,41,27,40,40,27,41,41,41,41,27,229,41,203,41,230,27,106,229,41,27,27,41,41,27,27,216,229,27,229,27,41,230,27,63,40,41,41,41,190,27,27,41,27,27,27,27,41,230,37,41,41,27,41,27,27,41,27,27,27,41,41,41,27,41,41,27,41,41,41,27,41,36,27,41,27,41,27,27,41,41,37,27,90,41,41,27,74,27,27,41,41,41,28,28,230,27,29,27,27,46,65,41,27,27,41,36,227,27,27,41,41,27,41,41,27,27,41,27,41,41,41,27,40,27,27,41,41,41,27,27,41,41,41,41,41,41,27,39,27,29,40,41,27,39,41,41,41,41,41,27,41,27,41,41,27,27,27,41,27,33,28,27,230,27,230,27,66,30,41,204,27,41,230,29,41,230,27,230,41,27,230,229,229,39,42,230,61,27,41,27,27,230,230,230,230,27,27,51,229,41,163,41,230,229,27,229,40,229,187,183,28,40,41,41,27,41,41,41,41,41,27,30,41,27,27,27,27,27,27,41,27,27,41,41,41,27,27,27,35,41,34,27,27,41,27,27,41,27,36,27,229,229,41,227,27,27,230,229,27,28,230,27,198,230,229,230,41,230,27,39,80,27,27,27,27,41,31,41,41,27,105,27,27,230,82,27,27,27,85,41,27,27,27,27,230,27,41,41,41,27,41,41,41,27,41,41,41,40,29,41,41,28,41,29,28,41,27,41,41,41,153,230,35,27,27,230,217,193,230,230,41,41,27,27,41,41,41,41,41,41,40,230,158,27,27,27,81,27,59,230,229,71,230,41,27,60,230,230,27,230,110,27,27,38,27,41,27,27,41,36,41,27,27,41,35,41,41,41,41,27,27,35,38,27,33,41,27,41,27,27,41,38,41,41,41,41,27,41,41,41,40,41,27,41,27,41,41,27,41,41,41,41,35,41,29,27,30,27,27,38,40,41,185,229,31,41,41,47,41,27,27,41,41,41,27,29,41,41,41,27,41,27,27,27,41,41,41,41,228,41,41,41,27,41,27,27,27,27,28,41,27,27,41,33,37,195,193,27,41,229,41,27,41,41,27,28,30,27,27,27,27,27,41,40,41,66,27,41,41,41,35,35,28,27,41,27,41,41,41,27,41,28,41,41,27,41,192,41,27,41,28,41,41,27,27,41,41,41,27,41,41,27,41,27,41,27,41,27,41,36,27,27,27,41,41,41,27,27,41,40,41,41,41,41,41,41,41,27,27,27,27,27,27,27,40,27,37,27,27,41,27,41,27,41,41,41,27,41,41,27,36,27,27,27,29,41,27,39,27,41,41,28,41,41,41,41,41,35,41,27,27,27,41,41,41,41,41,27,27,27,27,41,41,27,27,27,41,29,38,41,41,41,40,27,41,27,41,41,41,27,41,41,27,41,27,41,27,41,41,41,41,41,27,41,41,41,41,27,41,27,41,41,27,27,31,176,41,35,41,229,102,27,41,41,41,41,27,27,41,27,41,41,41,27,41,41,38,27,40,41,27,27,27,41,41,41,41,27,27,35,27,27,34,27,27,41,41,27,41,41,27,29,27,41,40,41,41,27,29,41,30,27,41,41,36,27,41,41,41,27,160,41,41,40,41,41,27,39,230,41
229,28,160,205,27,27,229,27,33,27,66,27,41,27,41,41,35,27,41,41,34,41,27,41,41,27,41,36,27,41,41,41,27,41,41,41,41,41,41,28,27,41,41,41,41,27,41,41,41,41,41,41,27,41,27,41,41,27,41,27,28,27,41,41,38,41,27,27,41,27,28,41,27,41,27,27,27,41,27,45,229,229,230,229,229,230,33,229,27,230,27,41,27,41,27,27,160,27,41,41,41,27,41,41,41,41,27,229,79,229,28,73,164,229,229,41,27,36,229,36,41,41,27,27,41,228,229,27,29,27,27,27,41,41,41,41,41,41,41,27,41,41,27,229,187,153,41,41,41,41,41,229,27,164,229,27,27,220,41,33,40,41,41,41,41,41,230,27,230,41,27,41,59,229,59,54,35,27,27,27,36,27,43,41,27,41,229,41,41,41,27,27,41,27,41,41,41,27,41,50,27,27,27,27,205,27,36,27,27,210,50,41,41,41,41,41,27,41,27,41,41,197,35,41,41,27,27,41,27,132,27,28,230,27,27,28,230,27,230,230,230,230,230,27,27,230,64,193,27,27,27,27,27,27,165,33,27,41,230,27,185,160,27,230,27,230,230,186,230,230,131,27,27,27,184,27,27,41,86,41,41,27,35,41,36,41,41,41,41,27,229,40,229,41,230,27,229,229,42,27,27,41,41,27,27,207,229,29,229,27,41,195,27,28,35,41,41,41,230,27,27,41,27,27,27,27,41,230,41,41,41,27,41,27,27,41,27,27,27,41,41,41,27,41,41,27,41,41,41,27,41,41,27,41,27,41,27,27,41,41,41,27,41,41,41,27,41,29,27,41,41,41,39,27,33,27,27,27,27,62,65,41,27,27,41,27,229,27,27,41,41,27,41,41,36,27,41,27,41,39,41,27,29,27,27,41,41,41,27,27,41,27,41,41,41,41,27,30,27,27,40,41,27,29,41,41,41,41,41,27,41,27,41,41,27,27,27,41,27,33,40,27,35,27,230,27,148,37,41,230,27,41,182,35,41,230,27,230,41,36,230,229,230,41,80,230,27,28,41,27,27,230,229,229,230,27,35,27,229,41,33,41,230,229,27,229,41,229,229,183,35,35,41,41,27,41,41,41,41,41,27,27,41,30,27,27,27,27,27,41,27,27,41,41,41,27,27,27,40,41,34,27,27,41,27,27,41,29,41,27,229,229,41,229,27,27,230,191,27,28,230,27,118,230,230,230,36,230,41,41,105,27,27,27,27,41,37,41,41,27,146,27,27,230,28,27,27,27,42,41,27,28,27,27,230,27,41,41,41,27,41,41,41,27,41,41,41,41,27,41,41,35,41,35,35,41,27,41,41,41,153,230,29,27,27,230,27,230,230,230,41,41,27,27,41,41,41,40,41,41,41,230,45,27,27,27,185,27,27,27,229,184,230,41,27,27,230,230,27,230,109,27,27,41,27,41,27,27,41,41,41,27,27,41,29,40,41,41,41,27,27,40,30,29,39,41,27,41,27,27,41,41,41,41,41,41,29,41,41,41,37,41,27,41,27,41,41,27,41,41,41,41,29,40,27,36,27,27,27,38,29,41,92,186,27,47,27,229,41,27,27,38,41,41,27,27,41,41,41,27,41,27,27,27,41,41,41,40,229,41,41,40,27,41,27,27,27,27,40,41,27,27,42,37,41,229,68,27,41,229,41,27,41,41,30,34,38,27,27,27,27,27,41,41,41,41,27,41,41,41,40,40,35,27,41,27,41,41,41,27,41,27,41,41,27,41,85,41,30,41,32,41,41,27,27,40,41,41,27,41,41,27,41,27,41,27,41,27,41,36,27,27,27,41,41,41,27,27,41,34,41,41,41,41,41,41,41,27,27,27,27,27,27,27,41,27,41,27,27,41,27,41,27,41,41,41,27,41,41,28,27,27,27,27,27,41,27,27,27,41,41,39,41,41,41,41,41,28,41,27,27,27,41,41,41,41,41,27,27,27,27,41,41,27,27,27,41,27,30,41,41,41,41,29,41,27,41,41,41,27,41,41,27,41,27,41,27,41,41,41,41,41,27,41,41,41,41,27,41,27,77,41,27,27,37,227,41,40,41,229,102,27,41,39,41,39,27,27,41,27,41,41,41,27,27,41,30,30,41,41,27,28,27,41,41,41,41,27,27,40,27,27,29,27,27,41,41,27,41,41,27,35,27,41,41,27,41,27,35,41,27,36,27,41,28,27,41,41,41,27,160,41,41,41,41,27,27,41,230,41
229,28,160,205,27,27,229,27,33,27,66,27,41,27,41,41,35,27,41,41,34,41,27,41,41,27,41,36,27,41,41,41,27,41,41,41,41,41,41,28,27,41,41,41,41,27,41,41,41,41,41,41,27,41,27,41,41,27,41,27,28,27,41,41,38,41,27,27,41,27,28,41,27,41,27,27,27,41,27,45,229,229,230,229,229,230,33,229,27,230,27,41,27,41,27,27,160,27,41,41,41,27,41,41,41,41,27,229,79,229,28,73,164,229,229,41,27,36,229,36,41,41,27,27,41,228,229,27,29,27,27,27,41,41,41,41,41,41,41,27,41,41,27,229,187,153,41,41,41,41,41,229,27,164,229,27,27,220,41,33,40,41,41,41,41,41,230,27,230,41,27,41,59,229,59,54,35,27,27,27,36,27,43,41,27,41,229,41,41,41,27,27,41,27,41,41,41,27,41,50,27,27,27,27,205,27,36,27,27,210,50,41,41,41,41,41,27,41,27,41,41,197,35,41,41,27,27,41,27,132,27,28,230,27,27,28,230,27,230,230,230,230,230,27,27,230,64,193,27,27,27,27,27,27,165,33,27,41,230,27,185,160,27,230,27,230,230,186,230,230,131,27,27,27,184,27,27,41,86,41,41,27,35,41,36,41,41,41,41,27,229,40,229,41,230,27,229,229,42,27,27,41,41,27,27,207,229,29,229,27,41,195,27,28,35,41,41,41,230,27,27,41,27,27,27,27,41,230,41,41,41,27,41,27,27,41,27,27,27,41,41,41,27,41,41,27,41,41,41,27,41,41,27,41,27,41,27,27,41,41,41,27,41,41,41,27,41,29,27,41,41,41,39,27,33,27,27,27,27,62,65,41,27,27,41,27,229,27,27,41,41,27,41,41,36,27,41,27,41,39,41,27,29,27,27,41,41,41,27,27,41,27,41,41,41,41,27,30,27,27,40,41,27,29,41,41,41,41,41,27,41,27,41,41,27,27,27,41,27,33,40,27,35,27,230,27,148,37,41,230,27,41,182,35,41,230,27,230,41,36,230,229,230,41,80,230,27,28,41,27,27,230,229,229,230,27,35,27,229,41,33,41,230,229,27,229,41,229,229,183,35,35,41,41,27,41,41,41,41,41,27,27,41,30,27,27,27,27,27,41,27,27,41,41,41,27,27,27,40,41,34,27,27,41,27,27,41,29,41,27,229,229,41,229,27,27,230,191,27,28,230,27,118,230,230,230,36,230,41,41,105,27,27,27,27,41,37,41,41,27,146,27,27,230,28,27,27,27,42,41,27,28,27,27,230,27,41,41,41,27,41,41,41,27,41,41,41,41,27,41,41,35,41,35,35,41,27,41,41,41,153,230,29,27,27,230,27,230,230,230,41,41,27,27,41,41,41,40,41,41,41,230,45,27,27,27,185,27,27,27,229,184,230,41,27,27,230,230,27,230,109,27,27,41,27,41,27,27,41,41,41,27,27,41,29,40,41,41,41,27,27,40,30,29,39,41,27,41,27,27,41,41,41,41,41,41,29,41,41,41,37,41,27,41,27,41,41,27,41,41,41,41,29,40,27,36,27,27,27,38,29,41,92,186,27,47,27,229,41,27,27,38,41,41,27,27,41,41,41,27,41,27,27,27,41,41,41,40,229,41,41,40,27,41,27,27,27,27,40,41,27,27,42,37,41,229,68,27,41,229,41,27,41,41,30,34,38,27,27,27,27,27,41,41,41,41,27,41,41,41,40,40,35,27,41,27,41,41,41,27,41,27,41,41,27,41,85,41,30,41,32,41,41,27,27,40,41,41,27,41,41,27,41,27,41,27,41,27,41,36,27,27,27,41,41,41,27,27,41,34,41,41,41,41,41,41,41,27,27,27,27,27,27,27,41,27,41,27,27,41,27,41,27,41,41,41,27,41,41,28,27,27,27,27,27,41,27,27,27,41,41,39,41,41,41,41,41,28,41,27,27,27,41,41,41,41,41,27,27,27,27,41,41,27,27,27,41,27,30,41,41,41,41,29,41,27,41,41,41,27,41,41,27,41,27,41,27,41,41,41,41,41,27,41,41,41,41,27,41,27,77,41,27,27,37,227,41,40,41,229,102,27,41,39,41,39,27,27,41,27,41,41,41,27,27,41,30,30,41,41,27,28,27,41,41,41,41,27,27,40,27,27,29,27,27,41,41,27,41,41,27,35,27,41,41,27,41,27,35,41,27,36,27,41,28,27,41,41,41,27,160,41,41,41,41,27,27,41,230,41
229,27,27,205,160,27,229,27,153,27,66,27,41,27,41,41,29,27,41,41,34,41,27,41,41,27,41,27,27,41,41,41,27,41,41,41,41,41,41,28,27,41,41,41,41,27,41,41,41,41,41,40,27,41,27,41,41,27,41,27,27,27,41,41,30,41,27,27,41,27,27,41,27,41,27,27,27,41,27,45,229,229,230,229,229,230,229,229,27,230,27,41,27,41,27,27,29,27,41,41,41,27,41,41,41,41,27,229,41,229,216,41,229,33,229,41,27,41,229,28,41,41,27,30,41,229,229,27,27,27,27,27,41,41,41,40,41,41,41,41,41,41,27,229,86,221,41,41,41,41,41,229,27,229,229,27,27,229,41,33,41,41,41,41,41,41,230,27,230,41,27,41,28,229,208,207,40,27,27,27,36,27,27,41,27,41,230,41,41,41,29,27,41,27,41,41,41,41,41,71,27,27,27,27,229,27,41,27,27,38,50,41,41,41,41,41,27,41,27,41,41,229,30,41,41,27,27,41,27,96,27,35,230,27,27,36,230,27,230,230,230,230,230,27,27,230,192,65,27,27,27,27,27,27,230,27,27,41,230,27,229,27,27,230,27,230,230,229,230,230,131,27,27,27,229,27,28,41,186,41,41,27,29,41,41,41,41,41,41,27,229,29,229,42,230,27,229,229,106,27,27,41,41,27,73,205,229,35,229,27,41,77,27,27,29,41,41,41,230,27,29,60,27,27,27,27,41,230,41,41,41,27,41,27,27,41,27,36,27,41,41,41,28,41,41,31,41,41,41,27,41,41,41,41,27,41,27,27,41,41,41,29,41,41,41,27,41,35,27,41,41,41,41,27,27,27,27,27,27,206,65,41,27,27,41,27,229,27,30,41,41,28,41,41,41,27,41,27,41,36,41,27,27,27,27,41,41,41,41,27,41,27,41,41,41,41,27,27,27,27,40,41,27,27,41,41,41,41,41,27,41,27,41,41,27,27,27,41,27,34,41,40,27,27,230,27,214,41,41,230,27,41,80,40,41,230,27,230,35,41,230,229,230,41,192,230,27,39,41,27,27,230,229,229,230,27,27,27,229,41,27,41,230,230,27,229,41,229,229,183,40,29,41,41,27,41,41,41,41,41,27,27,41,38,27,29,27,30,29,41,27,27,41,40,41,27,27,27,41,41,34,27,27,41,27,27,41,35,41,27,229,27,41,229,27,27,230,71,27,28,230,27,41,230,229,230,41,230,41,41,167,27,28,27,27,41,41,41,41,27,147,27,27,230,27,27,27,27,41,40,27,39,27,27,230,27,41,41,41,27,41,41,41,27,41,41,41,41,27,41,41,40,41,40,40,41,27,41,41,41,153,230,27,27,27,230,27,230,230,216,41,74,27,36,41,40,41,28,41,45,41,230,27,27,27,27,230,27,27,27,230,229,230,47,27,27,230,230,27,230,102,27,27,41,27,41,27,27,41,41,41,27,27,41,27,35,41,41,40,27,27,41,27,39,41,41,27,41,27,27,41,41,41,41,41,41,39,41,41,41,36,41,27,41,27,41,41,27,41,41,41,41,27,35,27,41,27,28,29,38,27,41,42,92,27,229,27,229,41,27,27,30,41,41,27,27,41,41,41,27,41,27,27,27,41,41,41,36,229,41,41,37,27,41,27,27,27,27,41,42,27,27,90,39,41,229,28,27,41,229,41,27,41,41,37,40,41,27,27,27,27,40,41,41,41,41,27,41,41,41,41,41,36,27,41,27,41,41,41,27,41,27,41,41,27,41,41,41,37,41,38,41,41,27,28,36,41,41,27,41,41,27,41,27,41,27,35,27,41,27,27,27,27,41,41,41,27,27,41,32,41,41,41,41,41,41,41,27,27,27,27,27,27,27,41,27,41,30,27,41,27,41,36,41,41,41,27,41,36,35,27,27,27,29,27,41,27,27,27,41,41,41,41,41,41,41,41,27,41,27,27,27,41,41,41,41,41,27,27,27,27,41,41,27,27,27,41,27,27,41,41,41,41,35,41,27,41,41,41,27,41,41,27,41,27,41,27,41,41,41,41,41,27,41,41,41,41,27,41,27,167,86,27,27,41,229,41,41,41,229,102,27,41,29,39,29,27,27,41,27,41,41,41,27,27,41,27,38,41,41,27,35,28,40,41,41,41,27,27,41,27,27,27,30,27,41,41,27,41,41,27,40,27,41,41,27,41,27,40,41,27,41,27,41,27,27,41,41,41,27,27,41,40,41,41,27,27,41,230,41
229,27,27,205,229,27,229,27,223,27,87,36,41,27,41,41,27,29,41,36,34,41,27,41,41,27,41,27,27,41,41,41,27,41,41,41,41,41,41,28,27,41,41,41,41,27,41,41,41,41,41,35,27,41,27,41,41,27,41,29,27,27,41,41,27,38,27,27,41,27,27,41,27,41,27,27,27,41,27,45,229,229,230,229,229,230,229,230,27,230,27,41,27,41,27,27,27,29,41,41,41,27,41,38,41,41,27,229,41,229,78,41,229,27,229,41,27,41,229,27,41,41,27,38,41,229,229,27,27,27,27,27,41,41,41,35,41,41,41,41,41,71,27,33,41,229,41,42,41,41,40,229,27,229,192,27,27,229,41,27,41,41,47,41,41,41,230,27,182,41,27,59,27,229,229,229,41,27,27,27,36,29,27,41,27,41,230,41,41,41,35,27,41,27,41,41,41,41,41,80,27,27,28,27,229,27,41,27,27,27,50,41,41,41,41,41,27,41,28,41,41,229,27,41,41,27,27,41,27,27,27,41,230,27,27,40,230,27,230,230,230,230,230,27,27,230,230,27,27,27,27,27,27,27,230,27,27,44,230,27,230,27,73,230,27,230,230,229,230,230,131,27,27,27,229,27,35,41,229,41,41,27,27,41,41,41,41,41,41,27,208,27,229,65,230,27,229,229,226,27,27,42,41,27,174,205,213,40,230,27,41,29,27,27,27,41,41,74,230,27,35,206,27,27,27,27,41,230,41,41,41,27,41,27,27,41,27,41,27,41,41,41,40,41,40,38,41,41,41,36,41,41,41,41,28,41,27,27,41,41,41,35,41,41,41,27,41,40,27,41,41,41,41,27,27,27,27,27,27,230,65,40,27,27,41,27,229,27,38,41,41,39,41,41,41,27,41,27,41,35,41,27,27,27,27,41,41,41,41,27,41,27,41,41,41,41,27,27,27,27,40,41,27,27,41,41,41,41,41,27,41,27,41,41,27,27,27,41,27,85,41,41,27,27,230,30,229,41,41,230,28,40,29,41,41,230,27,213,28,41,230,229,230,41,230,230,27,41,41,27,27,230,229,229,187,27,27,27,229,41,27,41,230,230,27,229,41,229,229,183,41,27,41,39,36,41,41,41,41,41,27,27,41,41,27,35,27,37,35,41,27,27,41,35,41,41,27,27,41,41,34,27,27,41,27,27,41,40,41,27,229,27,223,229,27,27,225,27,27,28,182,30,71,230,229,230,41,230,41,42,217,27,35,27,27,41,41,41,41,27,147,27,27,230,27,27,27,27,41,35,27,41,27,27,230,27,41,41,41,27,41,41,41,27,41,41,41,41,27,41,41,41,41,41,41,41,27,41,41,41,153,230,27,27,27,230,27,230,190,148,41,184,27,41,41,28,41,27,229,61,41,230,27,27,27,27,230,27,27,27,230,229,230,47,27,27,183,230,27,230,101,27,27,41,27,41,27,27,41,41,27,27,27,41,27,29,41,41,36,27,28,41,27,41,41,41,27,41,27,27,40,41,41,41,41,41,41,41,41,41,36,41,29,41,27,41,41,32,41,41,41,41,27,29,27,41,27,33,35,38,27,59,41,42,27,229,27,229,41,27,27,27,41,41,27,27,41,41,41,27,41,27,27,27,41,41,41,29,229,35,38,34,27,41,27,28,27,27,41,87,27,27,182,41,41,229,27,30,41,229,41,27,41,41,41,41,41,27,27,27,27,41,28,41,41,41,27,41,41,41,41,41,40,27,41,27,41,41,41,36,41,27,41,41,27,41,41,41,41,40,41,41,41,27,35,29,41,41,27,41,41,27,41,27,41,27,28,27,41,27,27,27,27,41,41,41,27,27,41,32,41,41,41,41,41,41,41,27,27,27,28,28,27,27,41,27,41,37,27,41,27,41,41,41,41,41,27,41,28,40,27,27,27,39,27,41,29,27,27,41,41,41,41,40,41,41,41,27,41,27,27,29,41,41,41,41,41,27,27,27,27,41,41,27,27,27,41,27,27,41,41,41,41,40,41,27,41,41,41,27,41,41,27,41,27,41,27,41,41,41,41,41,27,41,41,41,41,27,41,27,211,179,27,27,41,229,41,41,79,229,102,27,41,27,29,27,27,27,41,27,41,41,41,27,27,41,27,41,41,41,27,40,39,35,41,40,41,27,27,41,27,27,27,38,27,41,41,38,41,41,28,41,27,41,41,27,41,27,41,41,27,41,27,41,27,27,41,41,41,27,27,41,29,41,41,27,27,41,225,41
229,27,27,205,229,27,229,27,223,27,87,36,41,27,41,41,27,29,41,36,34,41,27,41,41,27,41,27,27,41,41,41,27,41,41,41,41,41,41,28,27,41,41,41,41,27,41,41,41,41,41,35,27,41,27,41,41,27,41,29,27,27,41,41,27,38,27,27,41,27,27,41,27,41,27,27,27,41,27,45,229,229,230,229,229,230,229,230,27,230,27,41,27,41,27,27,27,29,41,41,41,27,41,38,41,41,27,229,41,229,78,41,229,27,229,41,27,41,229,27,41,41,27,38,41,229,229,27,27,27,27,27,41,41,41,35,41,41,41,41,41,71,27,33,41,229,41,42,41,41,40,229,27,229,192,27,27,229,41,27,41,41,47,41,41,41,230,27,182,41,27,59,27,229,229,229,41,27,27,27,36,29,27,41,27,41,230,41,41,41,35,27,41,27,41,41,41,41,41,80,27,27,28,27,229,27,41,27,27,27,50,41,41,41,41,41,27,41,28,41,41,229,27,41,41,27,27,41,27,27,27,41,230,27,27,40,230,27,230,230,230,230,230,27,27,230,230,27,27,27,27,27,27,27,230,27,27,44,230,27,230,27,73,230,27,230,230,229,230,230,131,27,27,27,229,27,35,41,229,41,41,27,27,41,41,41,41,41,41,27,208,27,229,65,230,27,229,229,226,27,27,42,41,27,174,205,213,40,230,27,41,29,27,27,27,41,41,74,230,27,35,206,27,27,27,27,41,230,41,41,41,27,41,27,27,41,27,41,27,41,41,41,40,41,40,38,41,41,41,36,41,41,41,41,28,41,27,27,41,41,41,35,41,41,41,27,41,40,27,41,41,41,41,27,27,27,27,27,27,230,65,40,27,27,41,27,229,27,38,41,41,39,41,41,41,27,41,27,41,35,41,27,27,27,27,41,41,41,41,27,41,27,41,41,41,41,27,27,27,27,40,41,27,27,41,41,41,41,41,27,41,27,41,41,27,27,27,41,27,85,41,41,27,27,230,30,229,41,41,230,28,40,29,41,41,230,27,213,28,41,230,229,230,41,230,230,27,41,41,27,27,230,229,229,187,27,27,27,229,41,27,41,230,230,27,229,41,229,229,183,41,27,41,39,36,41,41,41,41,41,27,27,41,41,27,35,27,37,35,41,27,27,41,35,41,41,27,27,41,41,34,27,27,41,27,27,41,40,41,27,229,27,223,229,27,27,225,27,27,28,182,30,71,230,229,230,41,230,41,42,217,27,35,27,27,41,41,41,41,27,147,27,27,230,27,27,27,27,41,35,27,41,27,27,230,27,41,41,41,27,41,41,41,27,41,41,41,41,27,41,41,41,41,41,41,41,27,41,41,41,153,230,27,27,27,230,27,230,190,148,41,184,27,41,41,28,41,27,229,61,41,230,27,27,27,27,230,27,27,27,230,229,230,47,27,27,183,230,27,230,101,27,27,41,27,41,27,27,41,41,27,27,27,41,27,29,41,41,36,27,28,41,27,41,41,41,27,41,27,27,40,41,41,41,41,41,41,41,41,41,36,41,29,41,27,41,41,32,41,41,41,41,27,29,27,41,27,33,35,38,27,59,41,42,27,229,27,229,41,27,27,27,41,41,27,27,41,41,41,27,41,27,27,27,41,41,41,29,229,35,38,34,27,41,27,28,27,27,41,87,27,27,182,41,41,229,27,30,41,229,41,27,41,41,41,41,41,27,27,27,27,41,28,41,41,41,27,41,41,41,41,41,40,27,41,27,41,41,41,36,41,27,41,41,27,41,41,41,41,40,41,41,41,27,35,29,41,41,27,41,41,27,41,27,41,27,28,27,41,27,27,27,27,41,41,41,27,27,41,32,41,41,41,41,41,41,41,27,27,27,28,28,27,27,41,27,41,37,27,41,27,41,41,41,41,41,27,41,28,40,27,27,27,39,27,41,29,27,27,41,41,41,41,40,41,41,41,27,41,27,27,29,41,41,41,41,41,27,27,27,27,41,41,27,27,27,41,27,27,41,41,41,41,40,41,27,41,41,41,27,41,41,27,41,27,41,27,41,41,41,41,41,27,41,41,41,41,27,41,27,211,179,27,27,41,229,41,41,79,229,102,27,41,27,29,27,27,27,41,27,41,41,41,27,27,41,27,41,41,41,27,40,39,35,41,40,41,27,27,41,27,27,27,38,27,41,41,38,41,41,28,41,27,41,41,27,41,27,41,41,27,41,27,41,27,27,41,41,41,27,27,41,29,41,41,27,27,41,225,41
229,27,27,205,229,27,230,27,229,27,87,41,41,27,41,41,27,39,41,28,34,41,27,41,41,27,36,27,27,39,41,41,27,41,41,41,41,41,41,28,27,41,36,41,41,28,41,41,41,41,41,29,27,41,27,41,41,28,41,34,27,27,36,41,27,30,27,27,41,27,27,41,36,41,27,27,27,41,27,45,230,229,230,229,229,230,229,230,44,229,27,41,27,41,27,27,27,35,41,41,41,27,41,30,41,41,27,229,41,229,28,52,229,27,229,41,27,41,229,27,41,41,27,41,83,229,229,27,27,27,29,27,41,41,41,29,41,36,41,41,41,150,27,27,41,229,34,87,40,41,35,229,27,229,70,29,28,229,40,27,41,41,230,59,41,41,230,27,82,41,27,208,27,229,229,229,41,27,30,27,36,35,27,41,36,41,230,41,41,41,40,27,41,27,41,41,41,41,41,80,27,27,35,27,229,27,41,27,27,27,50,41,41,41,41,41,27,41,39,41,41,229,27,41,41,41,27,41,27,27,27,41,230,27,27,41,230,27,230,218,230,230,230,27,60,230,230,27,27,27,31,27,27,27,230,27,27,162,230,27,230,27,176,230,160,230,230,229,230,230,132,27,27,27,229,27,40,41,229,41,41,27,27,41,41,41,41,41,41,29,64,27,229,202,230,27,229,229,229,27,29,81,41,27,229,205,179,41,230,27,47,27,27,27,27,41,47,190,230,27,40,229,27,27,27,28,58,230,41,41,41,27,41,27,27,41,27,41,27,41,41,41,41,36,28,41,41,41,41,41,41,41,41,41,35,41,28,27,38,41,41,40,41,41,41,27,41,41,27,42,42,41,41,27,27,27,27,27,27,230,65,35,27,27,41,27,229,27,41,41,41,41,41,41,41,27,41,27,41,35,41,27,27,27,27,41,38,41,41,27,41,27,36,41,41,41,27,27,27,27,40,41,27,27,41,41,41,41,41,27,41,29,41,41,27,29,29,41,27,115,41,41,27,27,230,38,229,41,41,230,39,36,27,41,41,230,27,57,27,41,230,229,230,41,230,230,27,41,224,27,27,190,229,229,82,27,27,112,229,105,27,41,230,230,27,230,41,229,229,183,41,27,41,30,41,41,41,27,41,41,27,27,41,41,27,40,27,41,40,41,27,27,41,29,41,41,29,27,41,41,34,27,36,41,27,27,41,41,41,27,229,27,229,229,27,27,159,27,27,34,80,37,134,230,229,230,41,230,41,91,230,27,41,27,27,41,41,41,41,27,147,27,27,230,27,28,28,55,41,28,27,41,27,27,33,27,41,35,41,27,41,41,41,27,41,41,41,41,27,41,41,41,28,41,41,41,27,41,41,41,154,230,27,27,27,230,35,230,72,54,41,227,27,41,41,27,41,27,229,65,42,230,27,27,27,27,230,27,27,27,230,229,230,230,27,27,76,230,27,230,101,27,27,41,30,41,27,27,41,41,27,27,27,41,27,27,41,41,29,27,35,41,27,41,41,41,27,41,27,27,35,41,41,41,41,41,41,41,41,41,36,41,35,41,27,41,41,41,41,41,41,41,27,27,27,41,27,39,40,38,27,208,41,41,27,229,27,229,41,27,27,27,41,41,27,27,41,41,41,41,41,27,27,27,41,41,41,41,229,28,30,29,27,41,27,36,27,27,41,87,41,27,229,41,41,229,27,38,41,33,41,31,41,41,41,41,41,27,27,27,27,41,27,41,41,41,27,41,40,41,41,41,41,28,41,27,41,41,41,36,41,27,41,41,27,41,41,41,41,35,41,41,41,27,40,27,41,41,29,41,38,27,41,27,41,27,27,27,41,27,27,27,27,38,41,38,27,27,41,32,41,41,40,41,41,41,41,27,27,27,39,39,27,27,41,27,41,41,27,41,27,41,41,41,35,36,27,38,27,41,27,27,27,41,27,41,35,27,30,41,36,41,41,35,41,41,39,27,41,27,27,38,41,41,41,41,41,27,27,27,27,41,41,27,27,27,38,27,27,41,41,41,41,41,41,27,40,41,41,27,41,41,27,41,27,41,27,40,41,41,41,41,27,41,41,41,41,27,41,27,212,228,27,36,41,229,41,41,180,229,102,27,41,27,27,27,29,27,41,36,41,41,41,27,27,38,27,41,41,40,27,41,41,29,41,35,41,27,27,41,41,27,27,41,30,41,41,41,41,41,35,41,27,41,41,27,41,27,41,41,27,41,27,41,27,27,41,41,41,27,27,41,27,41,41,27,36,41,159,41
229,27,27,205,229,27,230,27,229,27,87,41,41,27,41,41,27,39,41,28,34,41,27,41,41,27,36,27,27,39,41,41,27,41,41,41,41,41,41,28,27,41,36,41,41,28,41,41,41,41,41,29,27,41,27,41,41,28,41,34,27,27,36,41,27,30,27,27,41,27,27,41,36,41,27,27,27,41,27,45,230,229,230,229,229,230,229,230,44,229,27,41,27,41,27,27,27,35,41,41,41,27,41,30,41,41,27,229,41,229,28,52,229,27,229,41,27,41,229,27,41,41,27,41,83,229,229,27,27,27,29,27,41,41,41,29,41,36,41,41,41,150,27,27,41,229,34,87,40,41,35,229,27,229,70,29,28,229,40,27,41,41,230,59,41,41,230,27,82,41,27,208,27,229,229,229,41,27,30,27,36,35,27,41,36,41,230,41,41,41,40,27,41,27,41,41,41,41,41,80,27,27,35,27,229,27,41,27,27,27,50,41,41,41,41,41,27,41,39,41,41,229,27,41,41,41,27,41,27,27,27,41,230,27,27,41,230,27,230,218,230,230,230,27,60,230,230,27,27,27,31,27,27,27,230,27,27,162,230,27,230,27,176,230,160,230,230,229,230,230,132,27,27,27,229,27,40,41,229,41,41,27,27,41,41,41,41,41,41,29,64,27,229,202,230,27,229,229,229,27,29,81,41,27,229,205,179,41,230,27,47,27,27,27,27,41,47,190,230,27,40,229,27,27,27,28,58,230,41,41,41,27,41,27,27,41,27,41,27,41,41,41,41,36,28,41,41,41,41,41,41,41,41,41,35,41,28,27,38,41,41,40,41,41,41,27,41,41,27,42,42,41,41,27,27,27,27,27,27,230,65,35,27,27,41,27,229,27,41,41,41,41,41,41,41,27,41,27,41,35,41,27,27,27,27,41,38,41,41,27,41,27,36,41,41,41,27,27,27,27,40,41,27,27,41,41,41,41,41,27,41,29,41,41,27,29,29,41,27,115,41,41,27,27,230,38,229,41,41,230,39,36,27,41,41,230,27,57,27,41,230,229,230,41,230,230,27,41,224,27,27,190,229,229,82,27,27,112,229,105,27,41,230,230,27,230,41,229,229,183,41,27,41,30,41,41,41,27,41,41,27,27,41,41,27,40,27,41,40,41,27,27,41,29,41,41,29,27,41,41,34,27,36,41,27,27,41,41,41,27,229,27,229,229,27,27,159,27,27,34,80,37,134,230,229,230,41,230,41,91,230,27,41,27,27,41,41,41,41,27,147,27,27,230,27,28,28,55,41,28,27,41,27,27,33,27,41,35,41,27,41,41,41,27,41,41,41,41,27,41,41,41,28,41,41,41,27,41,41,41,154,230,27,27,27,230,35,230,72,54,41,227,27,41,41,27,41,27,229,65,42,230,27,27,27,27,230,27,27,27,230,229,230,230,27,27,76,230,27,230,101,27,27,41,30,41,27,27,41,41,27,27,27,41,27,27,41,41,29,27,35,41,27,41,41,41,27,41,27,27,35,41,41,41,41,41,41,41,41,41,36,41,35,41,27,41,41,41,41,41,41,41,27,27,27,41,27,39,40,38,27,208,41,41,27,229,27,229,41,27,27,27,41,41,27,27,41,41,41,41,41,27,27,27,41,41,41,41,229,28,30,29,27,41,27,36,27,27,41,87,41,27,229,41,41,229,27,38,41,33,41,31,41,41,41,41,41,27,27,27,27,41,27,41,41,41,27,41,40,41,41,41,41,28,41,27,41,41,41,36,41,27,41,41,27,41,41,41,41,35,41,41,41,27,40,27,41,41,29,41,38,27,41,27,41,27,27,27,41,27,27,27,27,38,41,38,27,27,41,32,41,41,40,41,41,41,41,27,27,27,39,39,27,27,41,27,41,41,27,41,27,41,41,41,35,36,27,38,27,41,27,27,27,41,27,41,35,27,30,41,36,41,41,35,41,41,39,27,41,27,27,38,41,41,41,41,41,27,27,27,27,41,41,27,27,27,38,27,27,41,41,41,41,41,41,27,40,41,41,27,41,41,27,41,27,41,27,40,41,41,41,41,27,41,41,41,41,27,41,27,212,228,27,36,41,229,41,41,180,229,102,27,41,27,27,27,29,27,41,36,41,41,41,27,27,38,27,41,41,40,27,41,41,29,41,35,41,27,27,41,41,27,27,41,30,41,41,41,41,41,35,41,27,41,41,27,41,27,41,41,27,41,27,41,27,27,41,41,41,27,27,41,27,41,41,27,36,41,159,41
225,27,27,206,229,27,230,27,229,27,87,41,41,27,41,41,27,41,41,27,34,41,27,41,41,27,27,27,27,29,41,41,27,41,39,28,41,41,41,28,27,41,27,41,41,40,41,40,41,41,41,27,27,41,27,41,41,36,41,39,27,27,27,41,27,27,27,41,41,27,27,41,41,41,27,27,41,41,27,45,230,229,230,229,229,230,229,230,112,229,27,41,27,41,27,27,27,40,41,41,41,27,38,27,41,41,27,229,41,229,27,186,229,27,229,41,27,41,229,27,41,41,27,41,181,229,229,27,27,27,34,27,41,41,41,27,41,27,41,41,36,213,27,27,41,227,28,187,36,41,28,229,27,229,32,35,35,228,35,27,42,41,230,215,41,41,195,27,29,41,27,229,27,229,229,229,41,27,37,27,36,40,27,41,41,41,230,41,41,41,41,27,41,27,41,41,41,41,41,80,27,28,40,27,217,27,41,27,27,27,50,41,41,41,41,41,27,41,41,41,41,182,27,41,41,41,27,41,27,27,33,41,230,27,27,41,230,27,230,193,230,230,230,27,189,230,230,27,74,27,39,27,27,27,230,27,27,227,230,27,230,27,229,230,230,230,215,229,230,230,132,27,27,31,229,27,41,41,229,41,41,27,27,41,41,41,41,41,41,34,41,27,229,229,230,27,229,229,229,27,35,186,57,27,229,205,130,41,230,27,230,27,27,27,27,42,229,229,230,27,41,229,27,30,27,36,208,230,41,41,41,27,41,27,27,41,27,41,27,41,41,41,41,35,27,41,40,41,27,41,41,41,41,41,40,41,35,27,30,41,41,41,41,41,41,27,41,41,27,42,88,41,57,27,27,27,27,27,36,230,62,29,27,27,41,27,230,27,41,41,41,41,41,41,41,27,41,27,41,35,41,27,27,27,27,41,30,41,41,27,41,27,27,41,41,41,27,27,27,27,40,41,29,27,41,41,41,41,41,27,38,34,41,41,27,35,35,38,27,116,46,41,27,27,224,41,228,41,41,230,41,30,27,41,41,230,27,41,27,41,230,229,230,41,230,230,27,41,230,27,27,75,229,229,29,27,27,213,59,139,27,41,230,230,27,230,41,229,229,183,41,27,41,27,41,41,41,27,41,41,27,27,41,41,27,41,27,41,41,41,27,27,41,27,41,41,39,27,41,41,34,27,41,41,27,27,41,41,41,27,229,27,229,229,27,27,43,27,27,37,28,41,181,230,213,214,56,230,47,184,230,27,41,27,35,41,41,41,41,27,147,27,27,230,27,39,40,146,41,27,27,41,31,27,27,27,41,28,41,27,41,41,41,27,41,41,41,41,27,41,41,41,27,41,41,41,27,41,41,41,154,230,27,27,27,33,135,230,28,27,41,229,27,41,41,27,41,27,229,65,70,230,27,27,27,27,230,27,27,27,230,229,230,230,27,27,27,184,27,230,101,27,27,41,38,41,27,27,38,41,27,27,27,41,27,27,41,41,27,27,40,41,27,41,41,41,27,41,27,27,29,41,41,41,41,41,41,41,41,41,36,41,40,41,27,41,41,41,41,41,41,41,27,27,27,41,27,41,41,38,27,229,41,41,27,229,27,229,41,27,27,27,41,41,27,27,41,36,41,41,36,27,27,27,41,41,41,41,229,27,27,27,27,41,27,40,27,27,41,87,41,27,229,41,41,194,27,41,41,27,41,38,41,41,41,41,41,30,27,27,27,41,27,41,41,41,27,41,28,41,41,42,41,36,41,27,41,41,41,41,41,27,41,41,27,41,41,41,41,29,41,41,41,27,41,27,41,41,35,41,30,27,41,27,41,27,27,27,41,27,27,27,27,31,41,30,27,27,41,32,41,41,29,41,36,41,41,27,27,27,41,41,27,27,41,27,41,41,27,41,27,41,41,41,28,27,27,31,27,41,27,27,29,41,27,41,40,27,37,41,28,41,41,29,41,41,29,27,41,27,27,41,41,41,41,40,41,27,27,27,27,41,41,27,29,30,30,27,27,41,41,41,41,41,41,27,29,41,41,27,41,41,27,38,27,41,27,29,41,41,41,40,27,41,41,41,41,27,41,27,212,229,29,41,41,229,41,41,227,229,102,27,41,27,27,27,35,27,41,41,41,41,41,27,27,30,27,41,41,35,27,41,41,27,41,29,41,27,27,41,41,27,27,41,37,41,41,41,41,41,40,41,27,41,41,27,41,27,41,41,27,41,27,41,27,27,41,41,41,27,27,41,27,41,41,27,41,41,43,41
160,27,27,229,229,27,230,27,229,27,87,41,41,27,41,36,27,41,41,27,34,41,27,27,41,27,27,27,27,27,41,41,27,41,30,27,41,41,41,28,28,41,27,41,41,41,41,28,41,41,41,27,27,41,27,41,41,40,40,41,27,27,27,41,27,27,27,41,41,27,27,41,41,41,27,27,41,41,30,45,230,229,230,229,229,230,229,230,197,229,27,41,27,41,27,27,27,41,41,41,41,27,31,27,40,41,27,229,41,229,27,229,229,27,219,41,27,41,229,27,41,41,27,41,228,229,183,27,27,27,39,27,41,41,41,27,41,27,41,41,27,229,27,27,41,177,41,229,28,41,27,27,27,229,28,40,40,198,28,27,71,41,230,230,41,41,74,27,27,41,28,229,27,229,229,211,42,41,41,27,36,41,27,41,41,41,214,41,41,41,41,27,41,27,41,40,41,41,41,80,27,35,41,27,54,28,41,27,28,27,31,41,41,41,38,41,29,41,41,41,41,80,27,41,41,41,27,41,27,27,230,41,230,27,27,41,230,27,212,180,230,230,230,27,230,230,230,27,182,74,43,28,27,41,230,27,27,230,230,27,228,27,229,230,230,230,147,229,230,230,132,27,27,38,180,30,41,41,229,41,41,27,27,41,41,41,41,41,40,37,41,27,229,229,160,36,229,229,229,27,40,230,209,27,229,205,63,41,230,27,230,27,27,27,27,46,229,229,198,27,41,229,27,37,27,40,229,230,80,46,41,27,41,27,29,41,28,41,27,41,41,41,41,28,27,41,35,41,27,41,27,41,41,41,41,41,36,27,27,41,41,41,41,40,40,27,41,41,27,65,181,41,209,27,27,27,27,27,41,230,33,27,27,27,62,27,230,27,41,41,41,41,41,41,41,27,41,27,41,35,41,27,27,27,27,41,27,41,41,27,41,27,27,41,41,41,27,27,27,27,40,41,35,27,41,41,41,41,41,29,31,39,41,41,27,40,40,30,27,116,161,41,27,27,224,41,191,41,41,219,41,27,27,41,41,230,27,41,27,41,33,229,230,41,230,230,27,41,230,27,27,28,215,225,27,27,27,229,27,139,27,41,41,230,27,230,42,229,229,183,41,27,41,27,41,41,41,27,41,41,30,27,41,41,35,41,27,41,41,41,27,27,41,27,40,41,41,27,41,41,34,27,41,41,27,27,41,41,41,27,229,27,229,229,27,27,27,27,27,37,27,41,214,33,27,27,230,230,230,230,230,27,41,27,41,41,41,41,38,27,147,27,27,230,27,41,41,215,41,27,27,41,38,27,27,27,41,27,41,27,27,41,41,27,41,41,41,41,27,41,41,41,27,41,41,41,41,41,41,41,154,230,27,27,27,27,214,216,27,27,41,229,27,41,41,27,41,27,229,65,202,230,27,27,27,27,230,27,27,27,230,229,160,230,36,27,27,76,27,230,101,27,29,41,41,41,27,29,31,41,27,27,27,41,27,27,41,41,27,27,41,41,27,41,41,41,36,41,27,35,27,41,41,41,41,41,41,41,41,41,36,41,41,41,27,41,41,41,41,41,41,41,27,27,27,41,27,41,41,38,27,229,40,40,27,229,27,47,41,35,27,27,41,41,27,27,41,28,39,41,27,27,27,27,77,41,41,37,229,27,27,27,27,41,27,41,27,27,41,87,41,27,229,41,41,67,27,41,41,27,41,41,41,41,41,42,41,38,27,27,27,41,27,41,41,41,27,41,27,41,42,84,41,41,40,27,41,41,40,41,41,27,41,41,27,41,41,41,41,27,41,41,41,27,41,27,41,41,40,41,27,29,41,27,41,27,27,27,27,27,27,27,27,27,41,27,27,27,41,32,41,41,27,41,27,41,41,27,27,27,41,41,27,27,41,27,41,41,27,41,27,41,41,41,27,27,27,27,27,41,27,27,35,41,27,41,41,27,41,41,27,41,41,27,41,41,27,27,41,27,41,41,39,41,41,29,41,27,29,30,27,41,38,27,34,37,27,27,27,41,41,40,41,41,41,27,27,41,41,27,27,41,27,31,27,41,27,27,41,41,41,29,27,38,41,41,41,27,41,28,198,229,35,41,41,229,41,41,229,229,102,27,41,27,27,27,40,27,41,41,41,41,41,27,27,27,27,41,41,29,27,41,41,27,41,27,41,27,27,41,41,27,27,41,41,41,41,41,41,41,41,41,27,41,41,27,41,27,41,41,27,41,27,41,27,27,40,36,41,27,27,41,27,41,41,27,41,67,27,41
160,27,27,229,229,27,230,27,229,27,87,41,41,27,41,36,27,41,41,27,34,41,27,27,41,27,27,27,27,27,41,41,27,41,30,27,41,41,41,28,28,41,27,41,41,41,41,28,41,41,41,27,27,41,27,41,41,40,40,41,27,27,27,41,27,27,27,41,41,27,27,41,41,41,27,27,41,41,30,45,230,229,230,229,229,230,229,230,197,229,27,41,27,41,27,27,27,41,41,41,41,27,31,27,40,41,27,229,41,229,27,229,229,27,219,41,27,41,229,27,41,41,27,41,228,229,183,27,27,27,39,27,41,41,41,27,41,27,41,41,27,229,27,27,41,177,41,229,28,41,27,27,27,229,28,40,40,198,28,27,71,41,230,230,41,41,74,27,27,41,28,229,27,229,229,211,42,41,41,27,36,41,27,41,41,41,214,41,41,41,41,27,41,27,41,40,41,41,41,80,27,35,41,27,54,28,41,27,28,27,31,41,41,41,38,41,29,41,41,41,41,80,27,41,41,41,27,41,27,27,230,41,230,27,27,41,230,27,212,180,230,230,230,27,230,230,230,27,182,74,43,28,27,41,230,27,27,230,230,27,228,27,229,230,230,230,147,229,230,230,132,27,27,38,180,30,41,41,229,41,41,27,27,41,41,41,41,41,40,37,41,27,229,229,160,36,229,229,229,27,40,230,209,27,229,205,63,41,230,27,230,27,27,27,27,46,229,229,198,27,41,229,27,37,27,40,229,230,80,46,41,27,41,27,29,41,28,41,27,41,41,41,41,28,27,41,35,41,27,41,27,41,41,41,41,41,36,27,27,41,41,41,41,40,40,27,41,41,27,65,181,41,209,27,27,27,27,27,41,230,33,27,27,27,62,27,230,27,41,41,41,41,41,41,41,27,41,27,41,35,41,27,27,27,27,41,27,41,41,27,41,27,27,41,41,41,27,27,27,27,40,41,35,27,41,41,41,41,41,29,31,39,41,41,27,40,40,30,27,116,161,41,27,27,224,41,191,41,41,219,41,27,27,41,41,230,27,41,27,41,33,229,230,41,230,230,27,41,230,27,27,28,215,225,27,27,27,229,27,139,27,41,41,230,27,230,42,229,229,183,41,27,41,27,41,41,41,27,41,41,30,27,41,41,35,41,27,41,41,41,27,27,41,27,40,41,41,27,41,41,34,27,41,41,27,27,41,41,41,27,229,27,229,229,27,27,27,27,27,37,27,41,214,33,27,27,230,230,230,230,230,27,41,27,41,41,41,41,38,27,147,27,27,230,27,41,41,215,41,27,27,41,38,27,27,27,41,27,41,27,27,41,41,27,41,41,41,41,27,41,41,41,27,41,41,41,41,41,41,41,154,230,27,27,27,27,214,216,27,27,41,229,27,41,41,27,41,27,229,65,202,230,27,27,27,27,230,27,27,27,230,229,160,230,36,27,27,76,27,230,101,27,29,41,41,41,27,29,31,41,27,27,27,41,27,27,41,41,27,27,41,41,27,41,41,41,36,41,27,35,27,41,41,41,41,41,41,41,41,41,36,41,41,41,27,41,41,41,41,41,41,41,27,27,27,41,27,41,41,38,27,229,40,40,27,229,27,47,41,35,27,27,41,41,27,27,41,28,39,41,27,27,27,27,77,41,41,37,229,27,27,27,27,41,27,41,27,27,41,87,41,27,229,41,41,67,27,41,41,27,41,41,41,41,41,42,41,38,27,27,27,41,27,41,41,41,27,41,27,41,42,84,41,41,40,27,41,41,40,41,41,27,41,41,27,41,41,41,41,27,41,41,41,27,41,27,41,41,40,41,27,29,41,27,41,27,27,27,27,27,27,27,27,27,41,27,27,27,41,32,41,41,27,41,27,41,41,27,27,27,41,41,27,27,41,27,41,41,27,41,27,41,41,41,27,27,27,27,27,41,27,27,35,41,27,41,41,27,41,41,27,41,41,27,41,41,27,27,41,27,41,41,39,41,41,29,41,27,29,30,27,41,38,27,34,37,27,27,27,41,41,40,41,41,41,27,27,41,41,27,27,41,27,31,27,41,27,27,41,41,41,29,27,38,41,41,41,27,41,28,198,229,35,41,41,229,41,41,229,229,102,27,41,27,27,27,40,27,41,41,41,41,41,27,27,27,27,41,41,29,27,41,41,27,41,27,41,27,27,41,41,27,27,41,41,41,41,41,41,41,41,41,27,41,41,27,41,27,41,41,27,41,27,41,27,27,40,36,41,27,27,41,27,41,41,27,41,67,27,41
41,27,27,229,229,27,230,27,229,27,87,41,41,27,27,27,27,41,41,27,34,36,27,27,41,27,27,41,27,27,41,41,27,41,27,27,41,41,41,28,39,41,27,41,36,41,41,27,41,41,41,27,27,41,27,41,41,41,35,41,27,27,27,41,27,27,27,41,41,27,27,41,41,41,27,28,41,41,37,45,230,229,230,228,229,230,229,230,230,229,27,41,27,41,27,27,27,41,41,41,33,27,27,27,35,38,30,229,41,229,27,229,229,27,53,35,27,41,229,27,41,41,27,41,229,229,75,27,27,27,41,27,41,41,41,27,41,27,41,41,27,229,27,27,41,55,41,229,27,41,27,27,27,223,27,41,41,68,27,27,205,41,230,230,41,41,28,27,27,41,39,229,27,229,229,59,64,41,41,27,36,41,27,41,41,41,147,41,41,41,41,27,41,27,41,35,41,41,41,77,27,40,41,27,28,40,41,27,36,27,27,41,41,41,30,41,35,41,41,41,41,27,27,41,41,41,27,41,27,27,230,41,230,27,27,41,230,27,144,180,230,230,230,27,230,230,230,27,230,181,43,35,41,41,230,27,27,230,230,27,36,27,229,230,230,230,55,230,230,230,132,29,29,41,80,37,41,41,185,41,41,27,27,41,41,41,41,41,29,40,41,27,230,229,27,41,229,229,229,27,41,230,230,36,229,211,27,42,230,27,230,27,27,27,27,79,229,229,71,27,41,229,27,41,27,41,229,230,179,212,41,27,41,27,34,41,36,41,27,41,41,40,41,27,27,41,29,41,27,41,27,41,41,41,41,41,40,27,27,38,41,41,41,35,35,27,41,41,41,65,230,41,230,27,27,36,27,29,41,230,29,27,27,27,199,27,230,27,41,41,41,41,41,41,41,27,41,36,41,35,41,27,27,41,27,41,27,41,41,27,41,27,27,41,41,41,28,27,27,27,40,41,40,27,41,41,41,41,41,35,27,41,41,40,27,41,41,27,27,116,226,41,27,36,41,41,81,63,41,53,41,27,27,43,41,230,36,41,27,47,27,229,230,55,191,230,27,47,230,27,27,27,148,161,27,30,27,229,27,139,27,41,41,41,27,230,69,226,229,183,41,27,41,27,41,41,41,27,41,41,37,27,41,41,41,41,27,41,41,41,28,27,41,27,35,41,41,27,41,41,34,27,41,41,27,27,41,41,41,27,229,27,229,229,27,27,27,27,27,37,27,41,230,27,27,27,230,33,230,230,230,27,41,28,41,41,41,41,31,27,147,27,27,230,27,41,41,230,40,27,27,41,41,30,27,27,41,27,41,27,27,41,41,36,41,41,41,41,27,41,41,41,28,41,41,41,107,41,41,41,154,230,27,27,27,27,229,80,27,27,41,229,27,41,41,27,41,27,229,65,230,230,27,27,27,27,230,27,27,27,216,230,27,230,41,27,27,27,27,217,101,27,35,41,41,41,27,35,27,41,27,27,35,41,27,27,41,41,27,27,41,41,27,41,41,41,41,36,27,41,27,41,41,38,41,41,41,41,41,41,36,41,41,41,35,41,38,41,41,41,41,41,27,27,27,41,27,41,41,38,27,229,35,35,27,229,27,41,40,41,27,27,41,41,27,27,40,27,29,41,27,27,27,27,187,41,41,30,229,27,27,27,27,41,27,41,27,27,41,87,41,27,229,41,41,28,27,41,41,27,41,41,41,36,41,83,41,41,27,31,27,41,27,41,41,41,27,27,27,41,61,181,41,41,36,29,41,41,36,41,41,27,41,41,27,41,41,44,41,27,41,41,41,27,41,27,41,41,41,41,27,35,41,27,41,27,27,27,27,27,27,27,27,27,41,27,27,27,39,32,27,41,27,41,27,36,41,41,28,27,41,41,27,27,41,27,41,41,27,41,27,41,41,41,27,27,27,27,27,41,27,27,40,41,27,27,41,27,41,41,27,41,41,27,41,41,27,27,41,29,41,41,30,36,41,27,41,27,35,38,27,41,30,27,39,41,27,27,27,27,41,35,41,41,40,30,27,41,41,27,27,41,28,27,28,41,27,27,41,41,40,27,27,30,41,41,41,27,41,40,138,229,40,41,41,229,41,41,229,229,102,27,41,27,27,27,41,27,41,41,41,41,41,27,27,27,27,41,41,27,27,41,41,27,41,27,39,27,28,41,41,27,27,41,41,40,41,41,41,41,41,41,27,41,41,27,41,28,41,41,27,41,27,41,27,27,35,27,41,29,27,41,27,41,41,27,41,194,27,41
27,27,27,229,229,27,185,36,229,27,87,41,41,27,27,27,27,41,41,27,34,28,27,27,41,27,27,41,27,27,41,41,27,41,27,27,41,41,39,28,41,41,27,41,28,41,41,27,41,41,41,27,27,41,27,41,41,41,29,41,27,27,27,41,27,27,27,41,40,27,27,41,41,41,27,35,41,41,41,48,213,228,230,184,229,230,229,230,230,229,27,41,27,41,27,27,27,41,41,41,33,27,27,27,29,30,38,229,41,229,27,229,229,27,41,28,27,47,229,27,31,169,27,41,229,229,27,27,27,27,41,27,41,41,41,27,41,27,41,41,27,229,29,27,41,41,35,229,27,40,27,27,41,41,27,41,41,41,27,27,230,41,230,230,41,41,27,29,27,41,41,229,27,229,229,28,203,41,41,27,37,41,27,41,41,41,62,41,41,41,41,27,41,27,41,29,41,41,41,71,36,41,41,27,27,41,47,41,41,27,27,41,41,41,27,41,40,41,41,39,41,27,27,41,41,41,27,41,27,27,230,52,230,27,27,42,230,27,60,180,230,230,190,27,230,230,230,27,230,228,43,40,41,41,230,27,27,230,230,27,27,27,229,230,230,230,27,230,230,160,132,34,35,41,28,41,41,41,79,41,40,27,27,41,41,41,41,41,27,41,47,27,230,229,27,41,229,229,229,27,41,230,230,217,229,223,27,80,230,27,230,27,27,27,27,197,229,200,28,27,41,230,29,41,27,41,229,230,228,212,41,27,41,27,39,41,40,41,27,41,39,36,41,27,27,41,27,41,27,41,27,41,41,41,41,27,41,27,27,31,41,41,41,30,30,36,41,41,41,65,230,41,230,27,27,41,27,38,41,230,29,27,27,27,228,27,230,27,41,41,41,41,41,41,41,27,41,41,41,35,41,27,27,41,27,36,27,41,41,27,41,27,27,41,41,41,40,27,27,27,40,41,41,27,41,41,39,41,41,40,27,41,41,28,27,41,41,27,27,113,229,47,27,41,41,41,41,148,41,28,41,27,27,89,35,230,41,41,27,230,27,218,230,145,74,230,27,155,230,40,41,27,55,39,27,37,27,230,27,139,27,28,41,41,27,230,201,160,229,154,41,27,41,27,41,41,41,27,41,41,41,27,41,41,41,41,41,41,41,41,40,27,41,27,29,41,41,27,41,41,34,27,41,41,27,27,41,41,41,27,27,27,229,229,27,27,27,27,27,37,27,41,230,27,27,27,230,27,230,230,229,29,41,40,41,41,41,41,27,27,147,27,27,230,27,41,41,230,35,27,27,41,41,41,27,27,41,27,41,27,27,41,41,41,38,41,41,41,27,41,41,41,30,41,41,41,199,41,41,41,154,230,27,27,27,27,229,41,27,27,41,217,41,41,41,27,41,27,160,64,230,230,27,27,27,27,230,27,27,27,150,230,27,230,41,27,27,27,27,47,101,27,40,41,41,41,27,40,27,41,27,27,40,41,27,27,41,41,27,27,41,41,27,41,41,41,41,27,28,41,27,41,41,30,41,41,41,41,41,38,36,41,41,41,36,41,30,41,41,41,41,41,27,27,27,41,27,41,41,38,27,221,29,29,27,47,27,41,28,41,27,27,38,41,27,27,35,27,27,41,27,27,27,27,228,41,41,27,229,27,27,27,27,41,27,41,27,27,41,87,41,27,181,42,41,27,27,41,41,27,41,41,41,28,41,186,41,41,30,38,27,41,27,41,41,41,29,27,27,41,119,229,54,41,28,35,41,41,28,41,41,27,41,41,27,55,41,105,41,27,41,41,41,27,41,27,41,41,41,41,27,40,41,27,27,27,27,27,27,27,27,27,27,27,41,27,27,28,30,32,27,41,27,41,27,27,41,41,35,27,41,41,27,27,41,27,41,41,29,41,27,41,41,41,27,27,27,27,27,41,27,30,41,41,27,27,41,27,41,41,27,41,41,27,41,41,27,27,41,38,41,41,27,28,41,27,41,29,40,41,27,41,27,29,41,41,27,27,27,27,41,29,41,41,35,38,27,41,41,27,27,41,40,27,40,39,27,27,41,41,36,27,35,27,41,41,39,27,41,41,59,229,41,41,41,229,41,41,229,229,102,27,41,27,27,27,41,27,41,41,41,41,38,27,27,27,27,41,41,27,27,41,41,27,41,27,39,27,35,41,41,27,27,41,41,35,41,41,27,41,41,41,27,41,41,27,39,36,41,41,27,41,27,41,27,27,29,27,41,35,27,41,27,41,41,27,41,229,27,41
27,27,27,229,229,27,185,36,229,27,87,41,41,27,27,27,27,41,41,27,34,28,27,27,41,27,27,41,27,27,41,41,27,41,27,27,41,41,39,28,41,41,27,41,28,41,41,27,41,41,41,27,27,41,27,41,41,41,29,41,27,27,27,41,27,27,27,41,40,27,27,41,41,41,27,35,41,41,41,48,213,228,230,184,229,230,229,230,230,229,27,41,27,41,27,27,27,41,41,41,33,27,27,27,29,30,38,229,41,229,27,229,229,27,41,28,27,47,229,27,31,169,27,41,229,229,27,27,27,27,41,27,41,41,41,27,41,27,41,41,27,229,29,27,41,41,35,229,27,40,27,27,41,41,27,41,41,41,27,27,230,41,230,230,41,41,27,29,27,41,41,229,27,229,229,28,203,41,41,27,37,41,27,41,41,41,62,41,41,41,41,27,41,27,41,29,41,41,41,71,36,41,41,27,27,41,47,41,41,27,27,41,41,41,27,41,40,41,41,39,41,27,27,41,41,41,27,41,27,27,230,52,230,27,27,42,230,27,60,180,230,230,190,27,230,230,230,27,230,228,43,40,41,41,230,27,27,230,230,27,27,27,229,230,230,230,27,230,230,160,132,34,35,41,28,41,41,41,79,41,40,27,27,41,41,41,41,41,27,41,47,27,230,229,27,41,229,229,229,27,41,230,230,217,229,223,27,80,230,27,230,27,27,27,27,197,229,200,28,27,41,230,29,41,27,41,229,230,228,212,41,27,41,27,39,41,40,41,27,41,39,36,41,27,27,41,27,41,27,41,27,41,41,41,41,27,41,27,27,31,41,41,41,30,30,36,41,41,41,65,230,41,230,27,27,41,27,38,41,230,29,27,27,27,228,27,230,27,41,41,41,41,41,41,41,27,41,41,41,35,41,27,27,41,27,36,27,41,41,27,41,27,27,41,41,41,40,27,27,27,40,41,41,27,41,41,39,41,41,40,27,41,41,28,27,41,41,27,27,113,229,47,27,41,41,41,41,148,41,28,41,27,27,89,35,230,41,41,27,230,27,218,230,145,74,230,27,155,230,40,41,27,55,39,27,37,27,230,27,139,27,28,41,41,27,230,201,160,229,154,41,27,41,27,41,41,41,27,41,41,41,27,41,41,41,41,41,41,41,41,40,27,41,27,29,41,41,27,41,41,34,27,41,41,27,27,41,41,41,27,27,27,229,229,27,27,27,27,27,37,27,41,230,27,27,27,230,27,230,230,229,29,41,40,41,41,41,41,27,27,147,27,27,230,27,41,41,230,35,27,27,41,41,41,27,27,41,27,41,27,27,41,41,41,38,41,41,41,27,41,41,41,30,41,41,41,199,41,41,41,154,230,27,27,27,27,229,41,27,27,41,217,41,41,41,27,41,27,160,64,230,230,27,27,27,27,230,27,27,27,150,230,27,230,41,27,27,27,27,47,101,27,40,41,41,41,27,40,27,41,27,27,40,41,27,27,41,41,27,27,41,41,27,41,41,41,41,27,28,41,27,41,41,30,41,41,41,41,41,38,36,41,41,41,36,41,30,41,41,41,41,41,27,27,27,41,27,41,41,38,27,221,29,29,27,47,27,41,28,41,27,27,38,41,27,27,35,27,27,41,27,27,27,27,228,41,41,27,229,27,27,27,27,41,27,41,27,27,41,87,41,27,181,42,41,27,27,41,41,27,41,41,41,28,41,186,41,41,30,38,27,41,27,41,41,41,29,27,27,41,119,229,54,41,28,35,41,41,28,41,41,27,41,41,27,55,41,105,41,27,41,41,41,27,41,27,41,41,41,41,27,40,41,27,27,27,27,27,27,27,27,27,27,27,41,27,27,28,30,32,27,41,27,41,27,27,41,41,35,27,41,41,27,27,41,27,41,41,29,41,27,41,41,41,27,27,27,27,27,41,27,30,41,41,27,27,41,27,41,41,27,41,41,27,41,41,27,27,41,38,41,41,27,28,41,27,41,29,40,41,27,41,27,29,41,41,27,27,27,27,41,29,41,41,35,38,27,41,41,27,27,41,40,27,40,39,27,27,41,41,36,27,35,27,41,41,39,27,41,41,59,229,41,41,41,229,41,41,229,229,102,27,41,27,27,27,41,27,41,41,41,41,38,27,27,27,27,41,41,27,27,41,41,27,41,27,39,27,35,41,41,27,27,41,41,35,41,41,27,41,41,41,27,41,41,27,39,36,41,41,27,41,27,41,27,27,29,27,41,35,27,41,27,41,41,27,41,229,27,41
27,27,27,229,230,160,80,210,229,27,87,41,41,27,27,27,27,41,41,27,34,27,27,27,41,27,28,35,27,27,38,41,27,41,27,27,41,41,29,28,41,39,27,41,27,41,41,27,41,41,41,27,27,41,27,41,41,41,27,41,27,28,27,41,27,27,27,41,36,29,27,41,41,41,27,40,41,41,41,55,145,178,230,73,229,230,230,230,230,229,27,41,29,41,27,27,27,41,41,41,33,27,27,27,27,27,41,229,41,229,27,220,229,27,41,27,36,229,229,27,27,228,27,41,229,229,27,27,27,27,41,27,41,36,41,27,41,27,41,41,27,227,35,27,41,41,27,229,27,35,27,27,41,41,27,41,41,41,27,27,230,41,230,214,41,41,27,35,27,41,41,229,27,188,228,27,229,41,41,30,40,41,27,41,41,41,27,41,41,41,41,27,41,29,41,27,41,41,41,69,41,41,42,30,27,41,229,41,41,27,27,41,41,41,27,41,41,38,41,29,41,27,27,41,41,41,27,41,27,27,230,220,230,28,27,67,230,33,27,180,226,230,79,42,230,230,230,27,230,228,72,41,41,41,230,27,35,230,230,27,27,27,230,230,230,230,27,230,230,27,132,37,40,41,27,41,53,41,29,41,28,35,27,41,41,41,41,41,27,41,111,27,230,229,27,41,229,229,229,27,41,230,230,229,230,229,27,196,230,27,230,27,35,27,27,229,229,81,27,27,41,230,35,41,27,42,229,230,230,212,41,27,41,27,41,41,41,41,29,41,31,28,41,27,27,41,27,41,27,41,27,41,41,41,41,27,41,27,27,27,41,41,41,27,27,36,41,41,41,65,230,41,222,27,27,41,27,41,41,222,29,27,27,27,229,27,230,27,41,83,41,41,41,41,41,27,41,41,41,35,41,27,27,41,41,27,27,41,41,27,41,27,27,41,41,41,41,27,27,27,40,41,41,27,41,41,30,41,41,41,27,41,41,27,27,41,41,27,27,35,229,158,27,41,41,63,41,215,36,27,46,27,27,185,28,230,41,41,27,230,27,150,230,172,28,160,27,223,228,41,41,27,27,27,27,41,27,230,27,139,27,27,41,41,27,230,229,39,229,70,41,27,41,27,41,41,27,27,41,41,41,27,41,41,41,41,41,41,41,41,41,28,41,27,27,41,41,28,41,41,34,27,41,41,27,27,41,41,41,27,27,27,229,229,27,27,27,27,27,37,27,71,230,27,27,27,230,27,230,230,190,35,41,41,41,41,41,40,27,28,147,27,32,230,27,41,46,230,29,27,27,41,41,41,27,27,41,27,41,27,27,41,41,41,30,41,41,41,27,41,41,41,27,41,41,41,229,41,41,41,154,230,54,27,33,27,222,41,27,27,70,152,41,41,41,27,41,27,27,56,230,230,27,27,27,27,230,27,27,27,55,230,27,230,41,27,27,27,27,27,101,29,41,41,41,41,27,41,27,41,27,27,41,41,27,27,41,41,27,29,41,41,27,41,41,41,41,27,40,41,27,41,41,27,41,41,41,41,41,30,36,41,41,41,40,41,27,41,41,41,41,41,27,27,27,41,27,41,41,41,27,64,27,27,27,41,27,41,27,41,27,27,30,41,27,27,29,27,27,41,27,27,27,27,229,41,41,27,229,27,27,27,27,41,27,41,27,28,41,87,41,27,82,45,41,27,27,41,41,27,41,41,41,27,41,229,41,41,38,41,29,41,27,41,41,41,35,27,27,41,139,229,212,41,27,40,41,41,27,41,41,27,41,41,29,116,41,217,41,27,41,41,41,27,41,27,41,41,41,41,27,41,38,27,27,27,27,35,27,27,27,27,27,27,41,27,27,40,27,32,27,35,27,41,27,27,41,41,40,27,41,41,41,27,41,27,41,41,35,41,27,41,41,41,27,27,27,27,27,41,27,38,41,41,27,27,41,27,41,41,27,41,41,27,41,41,27,27,41,41,41,41,27,27,41,27,41,35,41,41,27,41,27,39,41,41,27,27,27,27,41,27,41,41,29,41,27,41,36,27,27,41,41,27,41,29,29,27,41,41,29,27,40,27,41,41,29,28,41,41,27,229,41,41,41,229,41,41,229,229,102,27,41,27,27,27,41,27,41,41,41,41,30,27,27,27,27,41,41,27,30,41,41,27,41,27,32,35,40,41,41,27,27,41,41,29,41,41,27,41,41,41,27,41,41,27,29,40,41,41,27,41,27,41,27,27,27,27,41,40,27,41,27,41,41,27,41,230,27,41
27,27,27,229,230,229,29,229,230,229,87,41,41,27,27,27,27,41,41,27,34,27,27,27,41,27,41,27,27,27,31,41,27,41,27,27,41,27,27,28,41,29,27,41,27,41,41,27,41,41,41,27,27,41,27,41,41,41,27,41,27,35,27,41,27,27,27,41,28,39,27,41,41,41,30,41,41,40,41,58,59,74,230,27,229,230,230,230,230,229,27,41,35,41,29,36,27,41,41,41,33,41,27,27,27,27,41,229,41,229,27,27,229,27,41,27,41,229,229,27,27,229,27,41,229,183,27,27,27,27,41,27,41,28,41,27,41,27,41,41,27,179,40,27,41,41,27,183,27,28,27,27,41,41,27,41,41,41,27,27,230,41,33,51,36,41,27,40,27,41,41,223,27,83,198,27,229,41,72,37,41,41,27,41,41,41,27,41,41,41,41,27,41,35,41,27,41,41,41,69,41,41,67,37,27,41,229,41,41,27,27,41,41,41,27,41,41,31,41,27,41,27,27,41,41,41,27,41,36,27,230,230,214,35,28,208,230,230,27,180,157,230,28,212,230,228,230,27,230,228,149,41,41,41,230,27,41,230,230,27,27,27,230,230,230,230,27,230,230,27,132,40,41,41,27,41,214,41,27,40,27,41,27,41,41,41,41,41,27,41,216,27,230,205,27,41,229,225,229,27,42,189,230,229,230,229,27,230,230,27,33,27,41,27,27,229,229,42,27,27,42,230,40,41,36,70,229,230,230,212,41,27,41,27,41,41,41,41,34,41,29,27,41,27,27,41,27,41,27,41,27,41,41,41,41,27,41,27,27,27,41,41,41,27,27,41,40,41,41,65,230,41,50,27,27,41,27,41,47,50,29,27,28,27,229,27,194,29,41,178,36,41,41,39,41,27,41,41,41,35,40,35,27,41,41,27,27,41,41,27,41,27,27,40,41,41,41,27,28,28,40,41,41,27,41,41,27,41,41,41,27,41,41,27,27,41,41,27,27,33,229,224,27,41,41,149,41,229,28,27,156,27,27,230,27,230,41,41,27,230,27,53,230,219,27,27,29,229,42,41,41,27,27,27,27,41,29,230,27,138,27,27,41,41,27,230,229,27,229,41,41,27,41,27,41,41,27,27,41,41,41,27,36,41,41,41,41,41,41,41,41,40,41,27,27,41,41,35,41,41,34,27,41,41,27,27,41,41,41,27,27,27,229,184,27,27,27,27,27,37,27,150,230,27,27,27,230,27,230,179,116,40,41,41,41,27,41,37,27,40,147,27,151,230,27,45,161,230,27,27,27,41,41,41,27,27,36,27,41,29,27,41,41,41,27,41,41,41,27,41,41,41,27,41,41,41,229,41,41,41,154,230,144,229,220,27,50,41,27,27,191,54,41,41,41,27,41,27,27,53,230,230,27,27,27,27,230,27,27,27,27,230,27,230,41,27,27,27,27,27,101,35,41,41,41,41,27,41,27,41,27,27,41,41,27,27,41,41,27,39,41,38,30,41,41,41,41,27,41,41,27,41,41,27,27,41,41,41,41,27,36,41,41,41,41,41,27,230,41,41,41,41,29,27,27,41,27,41,41,41,27,42,27,27,27,41,27,41,27,41,41,27,27,41,27,27,27,27,27,41,27,27,27,27,229,41,41,27,229,27,27,27,27,41,27,41,27,36,41,87,41,27,29,91,41,27,27,41,41,27,41,41,41,27,41,229,41,41,41,41,39,41,27,39,41,41,40,27,27,41,139,229,229,41,27,41,41,40,27,41,106,27,41,41,35,198,41,229,41,27,41,38,41,27,41,27,41,41,41,41,27,41,30,27,27,27,27,41,27,27,27,27,27,27,41,27,27,41,27,32,27,28,27,41,27,27,41,41,41,27,41,41,41,30,41,27,41,41,40,41,27,40,41,41,27,27,30,27,27,41,27,41,41,41,29,27,41,28,41,41,27,41,41,27,41,41,27,27,41,41,41,41,27,27,41,27,38,40,41,41,27,41,27,41,41,41,27,27,27,27,41,27,41,41,27,41,27,41,28,28,27,41,41,27,41,27,39,27,41,41,27,27,41,27,36,41,27,36,41,41,27,229,41,41,41,229,41,81,229,219,102,27,41,27,27,27,41,27,41,41,41,41,27,27,27,27,27,41,41,27,37,41,41,27,41,27,27,41,41,41,41,36,27,41,41,27,41,41,27,41,41,41,27,41,41,27,27,41,41,40,27,41,27,41,27,27,27,27,41,41,27,41,27,41,41,27,41,230,27,41
27,27,27,229,230,229,29,229,230,229,87,41,41,27,27,27,27,41,41,27,34,27,27,27,41,27,41,27,27,27,31,41,27,41,27,27,41,27,27,28,41,29,27,41,27,41,41,27,41,41,41,27,27,41,27,41,41,41,27,41,27,35,27,41,27,27,27,41,28,39,27,41,41,41,30,41,41,40,41,58,59,74,230,27,229,230,230,230,230,229,27,41,35,41,29,36,27,41,41,41,33,41,27,27,27,27,41,229,41,229,27,27,229,27,41,27,41,229,229,27,27,229,27,41,229,183,27,27,27,27,41,27,41,28,41,27,41,27,41,41,27,179,40,27,41,41,27,183,27,28,27,27,41,41,27,41,41,41,27,27,230,41,33,51,36,41,27,40,27,41,41,223,27,83,198,27,229,41,72,37,41,41,27,41,41,41,27,41,41,41,41,27,41,35,41,27,41,41,41,69,41,41,67,37,27,41,229,41,41,27,27,41,41,41,27,41,41,31,41,27,41,27,27,41,41,41,27,41,36,27,230,230,214,35,28,208,230,230,27,180,157,230,28,212,230,228,230,27,230,228,149,41,41,41,230,27,41,230,230,27,27,27,230,230,230,230,27,230,230,27,132,40,41,41,27,41,214,41,27,40,27,41,27,41,41,41,41,41,27,41,216,27,230,205,27,41,229,225,229,27,42,189,230,229,230,229,27,230,230,27,33,27,41,27,27,229,229,42,27,27,42,230,40,41,36,70,229,230,230,212,41,27,41,27,41,41,41,41,34,41,29,27,41,27,27,41,27,41,27,41,27,41,41,41,41,27,41,27,27,27,41,41,41,27,27,41,40,41,41,65,230,41,50,27,27,41,27,41,47,50,29,27,28,27,229,27,194,29,41,178,36,41,41,39,41,27,41,41,41,35,40,35,27,41,41,27,27,41,41,27,41,27,27,40,41,41,41,27,28,28,40,41,41,27,41,41,27,41,41,41,27,41,41,27,27,41,41,27,27,33,229,224,27,41,41,149,41,229,28,27,156,27,27,230,27,230,41,41,27,230,27,53,230,219,27,27,29,229,42,41,41,27,27,27,27,41,29,230,27,138,27,27,41,41,27,230,229,27,229,41,41,27,41,27,41,41,27,27,41,41,41,27,36,41,41,41,41,41,41,41,41,40,41,27,27,41,41,35,41,41,34,27,41,41,27,27,41,41,41,27,27,27,229,184,27,27,27,27,27,37,27,150,230,27,27,27,230,27,230,179,116,40,41,41,41,27,41,37,27,40,147,27,151,230,27,45,161,230,27,27,27,41,41,41,27,27,36,27,41,29,27,41,41,41,27,41,41,41,27,41,41,41,27,41,41,41,229,41,41,41,154,230,144,229,220,27,50,41,27,27,191,54,41,41,41,27,41,27,27,53,230,230,27,27,27,27,230,27,27,27,27,230,27,230,41,27,27,27,27,27,101,35,41,41,41,41,27,41,27,41,27,27,41,41,27,27,41,41,27,39,41,38,30,41,41,41,41,27,41,41,27,41,41,27,27,41,41,41,41,27,36,41,41,41,41,41,27,230,41,41,41,41,29,27,27,41,27,41,41,41,27,42,27,27,27,41,27,41,27,41,41,27,27,41,27,27,27,27,27,41,27,27,27,27,229,41,41,27,229,27,27,27,27,41,27,41,27,36,41,87,41,27,29,91,41,27,27,41,41,27,41,41,41,27,41,229,41,41,41,41,39,41,27,39,41,41,40,27,27,41,139,229,229,41,27,41,41,40,27,41,106,27,41,41,35,198,41,229,41,27,41,38,41,27,41,27,41,41,41,41,27,41,30,27,27,27,27,41,27,27,27,27,27,27,41,27,27,41,27,32,27,28,27,41,27,27,41,41,41,27,41,41,41,30,41,27,41,41,40,41,27,40,41,41,27,27,30,27,27,41,27,41,41,41,29,27,41,28,41,41,27,41,41,27,41,41,27,27,41,41,41,41,27,27,41,27,38,40,41,41,27,41,27,41,41,41,27,27,27,27,41,27,41,41,27,41,27,41,28,28,27,41,41,27,41,27,39,27,41,41,27,27,41,27,36,41,27,36,41,41,27,229,41,41,41,229,41,81,229,219,102,27,41,27,27,27,41,27,41,41,41,41,27,27,27,27,27,41,41,27,37,41,41,27,41,27,27,41,41,41,41,36,27,41,41,27,41,41,27,41,41,41,27,41,41,27,27,41,41,40,27,41,27,41,27,27,27,27,41,41,27,41,27,41,41,27,41,230,27,41
27,27,27,229,230,229,27,229,230,229,87,41,41,30,27,27,27,41,41,27,34,27,27,27,41,27,41,27,27,27,27,41,27,41,27,27,41,27,27,28,41,27,27,41,27,41,41,27,41,41,41,27,27,41,30,41,41,41,27,41,27,40,27,41,27,27,30,41,27,41,27,41,41,41,38,41,41,35,41,58,27,27,230,27,229,230,230,230,230,229,29,41,40,41,94,41,27,41,41,41,33,41,27,27,27,27,41,227,40,229,27,27,229,27,40,27,41,229,229,27,27,229,27,41,229,75,27,27,27,27,41,27,41,27,41,27,41,27,41,41,27,85,41,27,41,41,27,73,27,27,27,27,41,41,27,41,41,41,27,27,230,41,27,28,28,36,27,41,27,41,53,48,27,31,32,27,229,229,149,41,41,41,27,41,41,41,27,41,41,41,41,27,41,39,41,27,41,41,41,69,41,41,201,41,27,41,229,41,52,27,27,41,41,40,27,41,41,27,41,27,41,27,27,54,41,41,27,41,41,27,230,230,52,40,36,230,230,230,27,180,36,230,27,230,230,162,230,27,230,228,213,41,41,165,230,27,41,230,226,27,27,27,230,230,230,230,27,230,230,27,132,41,41,41,27,41,229,41,27,38,27,41,27,41,41,41,41,41,27,41,229,27,230,78,27,41,229,109,229,27,84,82,230,229,230,229,27,230,230,27,27,27,41,27,27,229,47,41,27,36,81,230,41,82,41,204,229,224,230,212,27,27,41,27,41,41,41,41,40,41,29,27,41,27,27,41,27,41,27,41,27,27,41,41,41,27,41,27,27,27,41,41,41,27,27,41,35,41,41,65,230,41,27,27,27,41,28,41,230,27,29,27,35,28,229,27,77,35,41,227,28,41,41,29,41,36,41,41,41,35,28,40,35,41,41,27,27,40,41,27,41,27,27,35,41,41,41,29,40,35,37,41,41,27,41,41,27,41,41,41,27,41,41,27,27,41,41,27,27,33,229,229,27,41,41,215,41,229,27,27,225,27,27,230,27,230,41,41,27,230,27,27,230,229,27,27,35,229,27,41,41,27,27,27,27,41,39,230,27,132,27,27,41,41,27,230,229,27,229,41,41,27,41,27,41,41,27,27,38,41,41,27,36,41,41,41,41,41,41,41,41,41,41,27,27,41,41,40,41,41,34,27,41,41,27,27,41,41,41,27,27,27,229,80,27,27,27,27,27,37,27,214,230,27,27,27,221,27,33,77,80,41,41,41,41,27,41,34,27,41,147,27,224,33,27,157,227,230,27,27,27,41,41,41,27,27,36,27,41,34,27,41,41,41,27,41,41,41,27,41,41,41,27,41,41,41,229,41,41,41,153,230,214,229,229,27,27,41,27,27,228,27,41,41,41,27,41,27,27,53,230,230,27,27,27,27,230,27,27,27,27,217,27,230,41,27,27,27,27,27,101,40,41,41,41,41,27,41,27,41,27,27,41,41,27,27,41,41,27,41,41,30,38,41,41,40,41,27,41,41,27,41,36,27,27,41,41,41,41,27,37,39,41,41,41,41,27,230,41,41,41,41,35,27,28,41,28,41,41,41,27,41,27,27,31,41,27,41,27,41,41,27,27,41,35,27,27,27,27,41,27,27,27,27,229,41,41,27,193,27,27,27,35,41,27,41,27,41,41,39,41,27,27,182,41,27,27,41,41,27,41,41,41,27,41,229,41,41,41,41,41,41,27,29,41,41,41,27,27,41,139,229,229,42,27,41,41,36,27,45,229,27,52,41,40,229,41,229,41,27,41,31,41,27,41,27,41,41,41,41,27,41,27,27,27,27,27,41,27,27,36,36,27,27,41,27,27,41,27,32,27,27,27,41,27,27,41,41,41,27,41,41,41,38,38,27,41,41,41,41,28,29,41,41,27,27,37,27,27,41,27,41,41,41,38,27,41,40,41,41,27,41,41,27,41,41,27,27,41,41,41,41,27,27,41,27,31,41,41,41,27,41,27,41,41,41,27,27,27,27,41,27,41,41,27,41,27,41,27,35,27,41,41,27,41,27,41,27,41,27,27,27,41,27,27,41,27,40,41,41,27,229,41,41,41,229,82,177,229,46,102,27,41,27,27,27,41,27,41,41,41,41,27,27,27,27,27,41,38,27,41,41,41,27,41,27,27,41,41,41,41,41,27,41,41,27,41,41,27,41,41,41,27,41,41,27,27,41,41,35,27,41,36,41,27,27,27,27,41,41,27,41,27,41,41,28,41,230,27,41
27,27,27,229,230,229,27,229,230,229,87,41,41,39,27,27,27,41,41,27,34,27,27,27,41,27,36,27,27,27,27,41,27,39,27,27,41,27,27,28,41,27,27,41,27,41,41,27,41,41,41,27,27,41,37,41,41,41,27,41,27,41,27,27,27,27,37,41,27,41,27,41,41,41,41,41,41,30,41,58,27,27,230,27,228,230,230,230,230,229,35,41,41,41,219,41,36,41,41,41,33,41,27,27,27,27,41,162,35,229,27,27,229,27,28,27,41,229,229,27,27,229,27,41,229,27,27,27,29,27,41,27,41,27,41,27,41,27,41,41,27,41,41,27,41,41,27,27,27,27,27,27,41,41,27,42,41,41,27,27,230,41,27,27,27,28,27,41,27,41,198,27,27,27,27,27,229,229,213,41,41,41,27,41,41,41,27,41,41,41,41,32,41,41,41,27,41,41,41,69,41,42,229,41,27,43,229,41,215,27,27,41,40,35,27,41,41,27,41,27,37,27,27,116,41,41,27,41,41,27,230,230,27,41,40,230,230,230,27,180,27,230,27,230,230,37,230,62,230,228,230,42,41,230,230,27,41,230,158,27,27,27,230,230,230,230,27,230,230,27,132,41,88,41,27,41,229,41,27,37,27,41,27,41,41,41,41,41,27,43,229,27,230,42,27,47,229,44,229,27,184,29,226,229,230,229,27,230,230,27,27,27,41,27,27,229,47,41,27,41,193,230,41,177,41,229,230,43,214,212,27,27,41,27,41,41,36,41,41,41,29,27,41,27,27,41,27,41,27,41,27,27,27,41,41,27,41,27,27,27,41,41,41,27,27,41,29,41,41,65,184,41,27,27,27,230,35,41,230,27,29,27,36,36,229,27,41,40,41,229,27,41,41,27,41,41,41,41,41,35,27,41,41,41,41,27,27,35,41,36,41,27,27,29,41,41,41,38,41,40,31,41,41,27,41,41,27,41,41,41,27,41,41,27,27,41,41,27,27,33,215,229,27,41,41,229,41,229,27,27,230,27,27,230,27,230,41,41,27,230,27,27,228,229,27,27,40,229,27,44,41,27,27,27,27,41,41,230,27,132,28,27,41,41,36,209,229,27,229,41,41,29,41,27,41,41,27,27,31,41,41,30,27,41,41,41,41,41,41,41,41,41,41,27,27,41,41,41,41,41,34,27,41,41,27,27,41,41,41,27,27,27,229,27,27,27,27,27,27,37,27,230,230,27,27,27,45,27,27,27,80,41,41,41,41,27,41,29,27,41,141,40,230,27,27,225,230,230,27,27,40,41,41,41,27,27,28,27,41,37,27,38,41,41,27,41,41,41,29,41,41,41,27,41,41,41,229,41,41,27,148,216,229,229,229,27,27,41,27,27,229,27,41,41,223,27,28,27,27,53,230,230,27,27,27,27,230,27,27,27,27,150,27,230,47,27,27,27,27,27,101,41,41,41,41,41,36,41,27,41,27,27,41,41,27,27,41,41,27,41,41,27,41,41,41,36,41,27,41,41,27,41,28,27,27,41,41,41,41,27,39,30,41,41,41,41,27,230,40,41,41,41,40,27,33,41,33,41,41,41,27,41,27,27,37,41,27,36,27,41,41,27,27,41,41,27,27,27,27,41,27,27,27,27,229,223,41,27,64,27,27,27,41,41,27,41,27,41,41,87,41,27,27,229,41,27,27,41,37,27,41,41,41,27,41,187,41,41,41,41,41,41,27,27,41,41,41,27,27,41,139,185,229,65,27,41,41,28,27,175,229,27,115,41,41,229,38,229,41,27,41,27,41,27,41,27,41,41,41,41,27,41,27,27,27,27,27,41,27,27,41,41,27,27,41,27,27,41,27,32,27,27,27,41,27,27,41,41,41,35,41,41,41,41,31,41,41,41,41,41,39,27,41,41,27,27,41,27,27,39,36,41,41,41,41,27,41,41,41,41,27,41,41,27,41,41,27,27,41,41,41,41,27,27,41,27,27,41,41,41,27,41,27,41,41,41,27,29,27,27,41,27,41,41,27,41,27,41,27,40,27,41,41,27,41,27,41,27,41,27,27,27,41,27,27,41,27,41,41,41,27,229,41,41,223,229,178,227,229,27,102,27,41,27,27,27,41,27,41,41,41,41,27,27,41,27,30,41,31,27,41,41,41,27,41,27,27,41,41,41,41,41,27,41,41,27,40,41,27,41,41,41,27,27,41,27,27,41,38,34,27,41,41,41,27,27,27,27,41,41,27,41,27,41,41,97,41,230,27,41
27,27,27,229,230,229,27,229,230,229,87,41,41,39,27,27,27,41,41,27,34,27,27,27,41,27,36,27,27,27,27,41,27,39,27,27,41,27,27,28,41,27,27,41,27,41,41,27,41,41,41,27,27,41,37,41,41,41,27,41,27,41,27,27,27,27,37,41,27,41,27,41,41,41,41,41,41,30,41,58,27,27,230,27,228,230,230,230,230,229,35,41,41,41,219,41,36,41,41,41,33,41,27,27,27,27,41,162,35,229,27,27,229,27,28,27,41,229,229,27,27,229,27,41,229,27,27,27,29,27,41,27,41,27,41,27,41,27,41,41,27,41,41,27,41,41,27,27,27,27,27,27,41,41,27,42,41,41,27,27,230,41,27,27,27,28,27,41,27,41,198,27,27,27,27,27,229,229,213,41,41,41,27,41,41,41,27,41,41,41,41,32,41,41,41,27,41,41,41,69,41,42,229,41,27,43,229,41,215,27,27,41,40,35,27,41,41,27,41,27,37,27,27,116,41,41,27,41,41,27,230,230,27,41,40,230,230,230,27,180,27,230,27,230,230,37,230,62,230,228,230,42,41,230,230,27,41,230,158,27,27,27,230,230,230,230,27,230,230,27,132,41,88,41,27,41,229,41,27,37,27,41,27,41,41,41,41,41,27,43,229,27,230,42,27,47,229,44,229,27,184,29,226,229,230,229,27,230,230,27,27,27,41,27,27,229,47,41,27,41,193,230,41,177,41,229,230,43,214,212,27,27,41,27,41,41,36,41,41,41,29,27,41,27,27,41,27,41,27,41,27,27,27,41,41,27,41,27,27,27,41,41,41,27,27,41,29,41,41,65,184,41,27,27,27,230,35,41,230,27,29,27,36,36,229,27,41,40,41,229,27,41,41,27,41,41,41,41,41,35,27,41,41,41,41,27,27,35,41,36,41,27,27,29,41,41,41,38,41,40,31,41,41,27,41,41,27,41,41,41,27,41,41,27,27,41,41,27,27,33,215,229,27,41,41,229,41,229,27,27,230,27,27,230,27,230,41,41,27,230,27,27,228,229,27,27,40,229,27,44,41,27,27,27,27,41,41,230,27,132,28,27,41,41,36,209,229,27,229,41,41,29,41,27,41,41,27,27,31,41,41,30,27,41,41,41,41,41,41,41,41,41,41,27,27,41,41,41,41,41,34,27,41,41,27,27,41,41,41,27,27,27,229,27,27,27,27,27,27,37,27,230,230,27,27,27,45,27,27,27,80,41,41,41,41,27,41,29,27,41,141,40,230,27,27,225,230,230,27,27,40,41,41,41,27,27,28,27,41,37,27,38,41,41,27,41,41,41,29,41,41,41,27,41,41,41,229,41,41,27,148,216,229,229,229,27,27,41,27,27,229,27,41,41,223,27,28,27,27,53,230,230,27,27,27,27,230,27,27,27,27,150,27,230,47,27,27,27,27,27,101,41,41,41,41,41,36,41,27,41,27,27,41,41,27,27,41,41,27,41,41,27,41,41,41,36,41,27,41,41,27,41,28,27,27,41,41,41,41,27,39,30,41,41,41,41,27,230,40,41,41,41,40,27,33,41,33,41,41,41,27,41,27,27,37,41,27,36,27,41,41,27,27,41,41,27,27,27,27,41,27,27,27,27,229,223,41,27,64,27,27,27,41,41,27,41,27,41,41,87,41,27,27,229,41,27,27,41,37,27,41,41,41,27,41,187,41,41,41,41,41,41,27,27,41,41,41,27,27,41,139,185,229,65,27,41,41,28,27,175,229,27,115,41,41,229,38,229,41,27,41,27,41,27,41,27,41,41,41,41,27,41,27,27,27,27,27,41,27,27,41,41,27,27,41,27,27,41,27,32,27,27,27,41,27,27,41,41,41,35,41,41,41,41,31,41,41,41,41,41,39,27,41,41,27,27,41,27,27,39,36,41,41,41,41,27,41,41,41,41,27,41,41,27,41,41,27,27,41,41,41,41,27,27,41,27,27,41,41,41,27,41,27,41,41,41,27,29,27,27,41,27,41,41,27,41,27,41,27,40,27,41,41,27,41,27,41,27,41,27,27,27,41,27,27,41,27,41,41,41,27,229,41,41,223,229,178,227,229,27,102,27,41,27,27,27,41,27,41,41,41,41,27,27,41,27,30,41,31,27,41,41,41,27,41,27,27,41,41,41,41,41,27,41,41,27,40,41,27,41,41,41,27,27,41,27,27,41,38,34,27,41,41,41,27,27,27,27,41,41,27,41,27,41,41,97,41,230,27,41
27,27,27,229,230,229,27,229,230,229,87,41,41,41,27,27,28,41,40,27,34,27,27,27,41,27,27,27,27,27,27,41,27,29,27,27,41,27,27,28,41,27,27,41,27,41,41,27,40,41,41,27,27,41,41,41,41,41,27,41,27,41,27,27,27,30,41,41,27,41,27,41,41,41,41,41,41,27,41,58,27,27,230,27,185,230,230,230,230,228,40,41,41,41,229,41,41,41,41,41,33,41,27,27,27,27,41,36,29,229,27,27,229,27,27,27,41,229,229,27,27,229,27,41,229,27,27,27,35,27,41,27,41,27,41,27,41,27,41,36,27,41,41,27,40,41,27,27,27,27,27,27,41,41,27,45,41,41,27,27,202,40,27,27,27,27,27,42,27,41,212,27,27,27,27,27,206,229,229,41,50,41,28,41,41,41,27,41,41,41,41,41,41,41,41,27,41,41,41,69,41,82,229,41,27,159,229,41,229,27,27,40,35,29,27,41,41,27,41,27,37,27,27,199,41,41,27,41,41,27,230,230,27,41,41,230,230,230,27,180,27,230,27,230,230,27,230,195,230,228,230,64,165,230,230,27,41,230,37,36,27,27,230,230,230,230,27,230,230,27,132,41,182,41,27,41,229,36,27,37,27,41,27,41,41,41,41,41,27,48,229,27,220,41,27,229,106,41,229,27,230,27,47,229,230,229,27,195,230,27,27,27,41,27,29,197,41,39,27,41,229,230,41,228,41,229,230,27,148,212,27,27,41,27,41,41,40,41,41,41,29,27,41,27,27,41,27,41,27,41,27,27,27,41,39,27,41,27,27,27,41,41,40,27,27,41,27,41,41,65,84,41,27,28,41,230,40,65,230,27,29,27,40,40,229,27,41,41,41,229,27,41,41,27,41,41,41,41,41,35,27,41,41,41,41,27,27,29,41,41,41,41,27,27,41,41,41,41,41,41,28,41,41,27,41,41,27,41,41,41,27,41,28,27,27,41,41,27,27,33,50,229,27,52,41,229,41,229,27,27,230,27,27,230,27,224,47,41,27,230,27,27,163,229,27,27,41,229,27,159,41,27,27,27,27,41,41,210,40,139,35,27,41,41,41,66,229,27,229,41,41,35,41,27,41,41,27,27,27,41,41,38,27,41,41,41,41,41,41,40,41,41,41,27,27,41,41,41,41,41,34,27,41,41,27,27,41,41,41,27,27,27,229,27,27,27,27,27,27,37,27,230,230,27,35,27,27,27,27,27,80,39,41,41,41,27,41,27,27,41,39,41,230,27,27,230,230,230,27,27,41,41,47,41,27,27,27,27,36,40,27,31,41,41,27,41,41,41,35,41,41,41,27,41,41,41,230,41,41,27,148,149,229,229,229,27,27,40,65,27,229,27,41,41,229,27,27,27,27,53,230,230,27,27,27,27,230,27,27,27,27,54,27,230,230,29,27,27,27,27,101,41,41,41,41,41,41,41,27,41,27,40,41,41,27,27,41,41,27,41,41,27,41,41,41,28,41,27,41,41,27,41,27,27,27,41,41,41,41,27,41,27,41,41,41,41,27,230,35,41,41,41,41,27,39,41,39,41,41,41,27,41,27,27,41,41,41,27,27,41,41,27,27,41,41,29,27,27,27,41,27,27,27,27,229,229,44,27,27,27,27,27,41,41,27,41,27,41,40,87,41,27,27,229,41,27,27,41,40,27,41,41,41,27,41,80,41,41,41,41,41,41,27,27,36,36,41,27,27,41,120,85,229,210,27,41,41,27,27,175,229,27,207,41,41,229,31,229,40,27,41,27,41,28,41,27,41,41,41,41,27,41,27,27,27,27,27,41,27,27,41,41,27,27,41,27,30,41,27,32,27,27,27,41,27,27,41,41,41,41,41,41,41,41,27,41,41,41,41,41,41,27,41,41,27,27,41,27,27,30,41,41,41,41,41,27,41,41,41,41,27,41,41,27,40,41,27,27,41,41,41,41,27,27,41,27,27,41,41,41,27,41,27,41,41,41,27,35,27,27,41,27,38,41,27,41,27,41,27,41,27,41,41,27,41,27,41,27,41,27,27,27,41,27,27,41,27,41,41,41,27,179,41,41,229,27,227,229,229,27,101,27,41,27,27,27,41,27,41,41,41,41,27,27,41,27,38,41,27,27,41,40,41,27,41,27,27,41,41,39,41,41,29,41,41,27,35,41,27,36,41,41,36,27,41,27,27,41,30,34,28,41,41,41,35,35,27,27,41,41,27,41,36,41,41,226,41,218,27,41
27,27,27,229,230,229,27,229,230,229,87,41,41,41,27,27,28,41,40,27,34,27,27,27,41,27,27,27,27,27,27,41,27,29,27,27,41,27,27,28,41,27,27,41,27,41,41,27,40,41,41,27,27,41,41,41,41,41,27,41,27,41,27,27,27,30,41,41,27,41,27,41,41,41,41,41,41,27,41,58,27,27,230,27,185,230,230,230,230,228,40,41,41,41,229,41,41,41,41,41,33,41,27,27,27,27,41,36,29,229,27,27,229,27,27,27,41,229,229,27,27,229,27,41,229,27,27,27,35,27,41,27,41,27,41,27,41,27,41,36,27,41,41,27,40,41,27,27,27,27,27,27,41,41,27,45,41,41,27,27,202,40,27,27,27,27,27,42,27,41,212,27,27,27,27,27,206,229,229,41,50,41,28,41,41,41,27,41,41,41,41,41,41,41,41,27,41,41,41,69,41,82,229,41,27,159,229,41,229,27,27,40,35,29,27,41,41,27,41,27,37,27,27,199,41,41,27,41,41,27,230,230,27,41,41,230,230,230,27,180,27,230,27,230,230,27,230,195,230,228,230,64,165,230,230,27,41,230,37,36,27,27,230,230,230,230,27,230,230,27,132,41,182,41,27,41,229,36,27,37,27,41,27,41,41,41,41,41,27,48,229,27,220,41,27,229,106,41,229,27,230,27,47,229,230,229,27,195,230,27,27,27,41,27,29,197,41,39,27,41,229,230,41,228,41,229,230,27,148,212,27,27,41,27,41,41,40,41,41,41,29,27,41,27,27,41,27,41,27,41,27,27,27,41,39,27,41,27,27,27,41,41,40,27,27,41,27,41,41,65,84,41,27,28,41,230,40,65,230,27,29,27,40,40,229,27,41,41,41,229,27,41,41,27,41,41,41,41,41,35,27,41,41,41,41,27,27,29,41,41,41,41,27,27,41,41,41,41,41,41,28,41,41,27,41,41,27,41,41,41,27,41,28,27,27,41,41,27,27,33,50,229,27,52,41,229,41,229,27,27,230,27,27,230,27,224,47,41,27,230,27,27,163,229,27,27,41,229,27,159,41,27,27,27,27,41,41,210,40,139,35,27,41,41,41,66,229,27,229,41,41,35,41,27,41,41,27,27,27,41,41,38,27,41,41,41,41,41,41,40,41,41,41,27,27,41,41,41,41,41,34,27,41,41,27,27,41,41,41,27,27,27,229,27,27,27,27,27,27,37,27,230,230,27,35,27,27,27,27,27,80,39,41,41,41,27,41,27,27,41,39,41,230,27,27,230,230,230,27,27,41,41,47,41,27,27,27,27,36,40,27,31,41,41,27,41,41,41,35,41,41,41,27,41,41,41,230,41,41,27,148,149,229,229,229,27,27,40,65,27,229,27,41,41,229,27,27,27,27,53,230,230,27,27,27,27,230,27,27,27,27,54,27,230,230,29,27,27,27,27,101,41,41,41,41,41,41,41,27,41,27,40,41,41,27,27,41,41,27,41,41,27,41,41,41,28,41,27,41,41,27,41,27,27,27,41,41,41,41,27,41,27,41,41,41,41,27,230,35,41,41,41,41,27,39,41,39,41,41,41,27,41,27,27,41,41,41,27,27,41,41,27,27,41,41,29,27,27,27,41,27,27,27,27,229,229,44,27,27,27,27,27,41,41,27,41,27,41,40,87,41,27,27,229,41,27,27,41,40,27,41,41,41,27,41,80,41,41,41,41,41,41,27,27,36,36,41,27,27,41,120,85,229,210,27,41,41,27,27,175,229,27,207,41,41,229,31,229,40,27,41,27,41,28,41,27,41,41,41,41,27,41,27,27,27,27,27,41,27,27,41,41,27,27,41,27,30,41,27,32,27,27,27,41,27,27,41,41,41,41,41,41,41,41,27,41,41,41,41,41,41,27,41,41,27,27,41,27,27,30,41,41,41,41,41,27,41,41,41,41,27,41,41,27,40,41,27,27,41,41,41,41,27,27,41,27,27,41,41,41,27,41,27,41,41,41,27,35,27,27,41,27,38,41,27,41,27,41,27,41,27,41,41,27,41,27,41,27,41,27,27,27,41,27,27,41,27,41,41,41,27,179,41,41,229,27,227,229,229,27,101,27,41,27,27,27,41,27,41,41,41,41,27,27,41,27,38,41,27,27,41,40,41,27,41,27,27,41,41,39,41,41,29,41,41,27,35,41,27,36,41,41,36,27,41,27,27,41,30,34,28,41,41,41,35,35,27,27,41,41,27,41,36,41,41,226,41,218,27,41
27,73,160,229,230,229,27,229,230,229,87,41,41,41,27,27,35,41,35,27,34,27,27,27,41,27,27,27,27,27,27,41,27,27,27,27,41,27,27,28,41,27,27,41,27,41,41,27,28,41,41,27,41,41,41,41,40,41,27,41,35,41,27,27,27,37,41,41,27,41,27,41,41,41,41,41,41,27,41,58,27,27,229,27,27,230,230,230,230,182,41,41,41,41,229,41,41,41,38,41,33,41,27,27,27,27,64,27,27,229,27,27,229,27,27,27,41,229,229,27,29,229,27,41,229,27,27,27,40,27,41,27,41,27,28,27,41,27,41,27,27,41,41,27,35,41,27,27,27,27,27,27,164,223,27,81,42,41,27,27,60,35,27,27,27,27,27,89,27,41,212,27,27,27,27,27,65,229,229,41,76,41,35,41,41,41,27,41,41,41,41,41,41,41,41,27,41,36,41,69,47,191,229,41,27,226,229,164,229,40,27,35,29,27,27,41,41,27,41,27,37,27,29,229,41,41,27,41,41,27,230,230,27,41,41,230,230,230,27,180,27,214,27,230,230,27,230,230,230,229,230,210,230,230,230,41,41,230,27,41,27,160,230,230,230,230,27,230,230,27,132,42,229,41,27,41,228,28,27,37,27,41,29,41,41,41,41,41,27,50,229,27,173,41,27,229,41,41,229,27,230,27,27,229,230,229,27,67,230,29,27,27,41,27,35,80,41,29,27,41,229,230,42,230,41,229,230,27,62,213,27,27,41,27,41,41,41,41,41,41,29,27,41,27,27,41,27,41,27,27,27,27,27,41,29,27,41,27,27,27,41,41,35,27,27,41,27,41,41,65,29,41,27,36,41,230,41,150,230,27,29,27,41,41,230,27,41,41,41,229,27,41,41,27,41,41,41,41,41,35,27,41,41,41,41,27,27,27,41,41,27,41,27,27,40,41,41,41,41,41,28,38,41,27,41,41,27,41,41,41,27,41,27,27,27,41,41,27,27,33,41,228,40,221,41,228,41,228,27,27,230,27,30,230,27,156,230,41,36,230,27,27,35,229,27,27,41,229,27,225,41,27,27,27,27,41,41,100,121,139,40,27,41,41,41,41,229,27,230,41,41,40,41,27,41,41,27,27,27,41,41,41,27,41,41,41,41,41,41,35,41,41,39,28,27,41,41,41,41,41,34,27,41,41,27,27,41,41,41,27,27,27,229,27,27,27,27,27,27,37,30,230,230,27,41,27,27,27,27,27,80,41,41,41,38,27,41,27,27,41,27,41,230,27,30,230,230,230,27,27,41,41,48,41,27,27,27,27,28,41,27,27,41,41,27,41,41,41,40,41,41,41,27,41,41,41,230,41,41,27,148,55,229,229,229,27,27,34,190,27,229,27,41,41,229,27,27,27,27,53,230,230,27,27,27,27,230,27,27,27,27,27,27,230,230,35,27,27,27,27,101,41,41,41,41,41,41,41,27,27,27,41,41,36,27,29,41,41,28,41,41,27,41,41,41,27,41,27,41,41,27,41,27,27,27,41,41,41,41,27,41,27,41,41,41,41,27,230,29,41,41,41,41,27,41,41,41,39,41,41,27,36,27,27,41,36,41,27,27,41,41,27,27,41,41,34,27,27,27,41,27,27,27,27,229,229,212,27,27,27,27,27,41,41,27,41,27,41,36,87,41,27,27,229,41,27,41,41,36,27,41,41,41,27,41,29,41,41,41,41,41,41,27,27,28,28,41,27,27,41,52,29,229,229,27,42,40,27,27,175,229,29,229,41,41,229,27,228,35,27,39,27,41,35,41,27,41,41,41,41,27,41,27,41,27,27,36,41,27,27,41,41,27,27,41,27,39,41,27,32,27,27,27,41,27,27,41,41,41,41,41,41,41,41,27,41,41,41,41,41,41,27,41,41,27,27,41,27,27,27,41,41,41,41,41,27,41,41,41,41,27,41,41,27,35,40,27,28,41,41,41,41,27,27,41,27,27,41,41,41,41,41,27,41,41,41,27,40,27,27,41,27,30,41,27,41,27,41,27,41,27,41,41,27,41,27,41,27,41,27,27,27,41,27,27,41,27,41,41,41,27,78,41,41,229,27,229,229,229,27,32,27,41,27,27,27,41,27,41,41,41,41,27,41,41,27,41,41,27,27,41,28,41,27,41,27,27,41,41,29,41,41,35,41,41,27,29,41,27,28,41,39,41,27,41,27,27,41,27,34,33,41,41,41,41,41,27,27,41,41,27,41,39,41,41,229,41,151,27,41
27,179,229,229,33,229,27,229,210,229,87,27,41,41,27,27,40,41,28,27,34,27,27,27,41,27,27,35,27,27,27,41,27,27,27,27,41,27,27,28,41,27,27,41,27,41,41,27,27,41,41,27,41,41,41,41,36,41,27,41,41,41,27,27,30,41,41,41,27,41,29,41,41,41,41,41,41,27,41,58,27,27,229,27,27,230,230,229,230,72,41,41,41,41,229,41,41,41,30,41,33,41,27,27,27,27,152,27,27,229,40,27,229,27,27,27,47,229,163,36,35,229,27,41,229,27,27,27,41,27,41,27,41,27,27,27,41,27,41,27,27,41,43,27,29,41,27,27,27,27,27,41,229,229,27,195,76,41,27,27,28,28,27,27,27,27,27,184,30,41,212,27,27,27,27,27,28,229,229,72,97,41,40,41,41,41,27,41,41,41,41,41,41,41,41,27,41,27,38,69,229,229,229,41,27,229,229,229,229,41,27,29,27,27,27,41,41,27,41,27,37,27,35,229,36,41,27,41,41,36,230,230,27,41,41,230,230,230,27,180,27,146,27,230,230,27,230,230,230,230,230,230,230,230,230,41,41,230,27,41,27,230,230,230,230,230,27,230,230,27,132,86,229,41,27,41,44,27,27,37,27,41,35,41,41,41,41,41,27,50,229,92,140,41,27,229,41,41,223,27,230,27,27,230,230,229,27,28,230,35,27,29,47,30,40,46,41,27,27,41,229,230,86,230,41,229,230,27,27,213,27,27,41,27,41,41,41,41,41,28,29,27,41,27,27,41,27,41,27,27,27,27,27,41,27,27,41,35,27,27,41,41,30,27,27,41,27,41,41,65,27,41,27,40,41,230,41,216,33,27,29,28,41,41,230,27,41,41,41,229,27,41,41,27,41,41,41,41,37,35,27,41,41,41,41,27,27,27,41,41,27,41,27,27,35,41,41,41,41,41,28,30,41,27,41,41,27,41,41,41,27,41,27,27,27,41,41,27,27,33,41,209,41,230,41,195,41,195,27,27,230,27,37,183,27,38,230,41,41,33,27,27,27,229,27,27,41,230,27,229,164,27,27,27,27,69,41,31,182,138,41,27,41,41,41,41,229,27,230,41,41,41,41,28,41,41,27,32,27,41,41,41,27,41,41,41,41,41,41,29,41,41,30,35,27,41,41,41,41,36,34,27,41,41,27,27,41,41,41,27,27,27,229,27,27,27,27,27,27,37,37,230,230,27,41,27,27,27,27,27,80,41,41,41,31,27,41,27,27,41,27,41,230,27,37,230,230,230,27,27,41,41,220,41,41,27,27,27,27,41,27,27,41,41,27,41,41,41,41,41,41,41,27,41,41,41,230,41,41,27,148,27,230,229,229,27,27,27,229,29,219,27,41,41,229,27,27,27,27,53,230,230,35,27,27,27,230,27,27,27,27,27,27,230,230,40,27,27,27,27,101,41,41,41,41,41,41,41,30,27,27,41,41,28,27,34,41,41,36,41,41,27,41,41,41,27,41,27,41,41,29,41,27,27,27,41,41,41,41,27,41,27,41,41,41,41,27,230,27,41,41,38,41,28,41,41,41,33,41,41,27,27,27,27,41,27,41,27,27,41,41,27,27,41,41,37,27,27,27,41,27,27,27,27,229,229,223,35,27,27,27,27,41,41,27,41,27,41,28,87,41,27,27,229,41,27,41,41,28,41,41,41,41,27,41,27,41,41,41,41,41,41,27,27,27,27,41,27,27,41,30,27,228,229,27,86,35,27,27,175,229,35,229,41,41,187,27,51,29,27,33,27,41,36,41,29,41,41,41,41,27,41,27,41,27,27,41,41,27,27,41,41,27,27,41,27,41,41,27,32,27,27,27,41,27,27,41,41,41,41,41,41,41,41,27,41,41,41,41,41,41,27,27,41,27,27,41,30,27,27,41,41,41,41,41,27,41,41,41,41,27,41,41,27,28,35,27,34,41,41,41,41,27,27,37,27,27,41,41,41,41,41,27,41,41,41,27,41,30,27,41,27,27,38,27,41,27,41,27,41,27,41,41,27,41,27,41,27,41,27,27,27,41,27,27,41,27,41,36,41,27,27,41,41,229,27,229,229,229,27,27,27,41,27,27,27,41,27,41,41,41,41,27,41,41,27,41,41,27,27,41,27,41,27,41,27,27,41,41,27,41,41,40,41,41,27,27,38,27,27,41,29,41,27,41,41,27,41,27,34,39,41,41,41,41,41,27,27,41,41,27,41,118,41,41,229,41,52,27,41
27,179,229,229,33,229,27,229,210,229,87,27,41,41,27,27,40,41,28,27,34,27,27,27,41,27,27,35,27,27,27,41,27,27,27,27,41,27,27,28,41,27,27,41,27,41,41,27,27,41,41,27,41,41,41,41,36,41,27,41,41,41,27,27,30,41,41,41,27,41,29,41,41,41,41,41,41,27,41,58,27,27,229,27,27,230,230,229,230,72,41,41,41,41,229,41,41,41,30,41,33,41,27,27,27,27,152,27,27,229,40,27,229,27,27,27,47,229,163,36,35,229,27,41,229,27,27,27,41,27,41,27,41,27,27,27,41,27,41,27,27,41,43,27,29,41,27,27,27,27,27,41,229,229,27,195,76,41,27,27,28,28,27,27,27,27,27,184,30,41,212,27,27,27,27,27,28,229,229,72,97,41,40,41,41,41,27,41,41,41,41,41,41,41,41,27,41,27,38,69,229,229,229,41,27,229,229,229,229,41,27,29,27,27,27,41,41,27,41,27,37,27,35,229,36,41,27,41,41,36,230,230,27,41,41,230,230,230,27,180,27,146,27,230,230,27,230,230,230,230,230,230,230,230,230,41,41,230,27,41,27,230,230,230,230,230,27,230,230,27,132,86,229,41,27,41,44,27,27,37,27,41,35,41,41,41,41,41,27,50,229,92,140,41,27,229,41,41,223,27,230,27,27,230,230,229,27,28,230,35,27,29,47,30,40,46,41,27,27,41,229,230,86,230,41,229,230,27,27,213,27,27,41,27,41,41,41,41,41,28,29,27,41,27,27,41,27,41,27,27,27,27,27,41,27,27,41,35,27,27,41,41,30,27,27,41,27,41,41,65,27,41,27,40,41,230,41,216,33,27,29,28,41,41,230,27,41,41,41,229,27,41,41,27,41,41,41,41,37,35,27,41,41,41,41,27,27,27,41,41,27,41,27,27,35,41,41,41,41,41,28,30,41,27,41,41,27,41,41,41,27,41,27,27,27,41,41,27,27,33,41,209,41,230,41,195,41,195,27,27,230,27,37,183,27,38,230,41,41,33,27,27,27,229,27,27,41,230,27,229,164,27,27,27,27,69,41,31,182,138,41,27,41,41,41,41,229,27,230,41,41,41,41,28,41,41,27,32,27,41,41,41,27,41,41,41,41,41,41,29,41,41,30,35,27,41,41,41,41,36,34,27,41,41,27,27,41,41,41,27,27,27,229,27,27,27,27,27,27,37,37,230,230,27,41,27,27,27,27,27,80,41,41,41,31,27,41,27,27,41,27,41,230,27,37,230,230,230,27,27,41,41,220,41,41,27,27,27,27,41,27,27,41,41,27,41,41,41,41,41,41,41,27,41,41,41,230,41,41,27,148,27,230,229,229,27,27,27,229,29,219,27,41,41,229,27,27,27,27,53,230,230,35,27,27,27,230,27,27,27,27,27,27,230,230,40,27,27,27,27,101,41,41,41,41,41,41,41,30,27,27,41,41,28,27,34,41,41,36,41,41,27,41,41,41,27,41,27,41,41,29,41,27,27,27,41,41,41,41,27,41,27,41,41,41,41,27,230,27,41,41,38,41,28,41,41,41,33,41,41,27,27,27,27,41,27,41,27,27,41,41,27,27,41,41,37,27,27,27,41,27,27,27,27,229,229,223,35,27,27,27,27,41,41,27,41,27,41,28,87,41,27,27,229,41,27,41,41,28,41,41,41,41,27,41,27,41,41,41,41,41,41,27,27,27,27,41,27,27,41,30,27,228,229,27,86,35,27,27,175,229,35,229,41,41,187,27,51,29,27,33,27,41,36,41,29,41,41,41,41,27,41,27,41,27,27,41,41,27,27,41,41,27,27,41,27,41,41,27,32,27,27,27,41,27,27,41,41,41,41,41,41,41,41,27,41,41,41,41,41,41,27,27,41,27,27,41,30,27,27,41,41,41,41,41,27,41,41,41,41,27,41,41,27,28,35,27,34,41,41,41,41,27,27,37,27,27,41,41,41,41,41,27,41,41,41,27,41,30,27,41,27,27,38,27,41,27,41,27,41,27,41,41,27,41,27,41,27,41,27,27,27,41,27,27,41,27,41,36,41,27,27,41,41,229,27,229,229,229,27,27,27,41,27,27,27,41,27,41,41,41,41,27,41,41,27,41,41,27,27,41,27,41,27,41,27,27,41,41,27,41,41,40,41,41,27,27,38,27,27,41,29,41,27,41,41,27,41,27,34,39,41,41,41,41,41,27,27,41,41,27,41,118,41,41,229,41,52,27,41
27,229,229,229,27,230,27,229,61,230,87,27,41,41,27,27,41,41,27,28,34,27,27,27,41,27,27,41,27,27,27,41,27,27,27,27,41,27,27,28,41,27,36,41,27,41,41,27,27,41,41,27,41,41,41,41,28,41,27,41,41,41,36,27,37,41,41,41,27,41,41,39,41,41,41,41,41,27,41,58,27,27,229,27,27,229,160,229,230,27,41,41,41,41,229,41,41,41,27,41,33,164,27,27,27,27,216,27,27,229,41,27,229,27,27,27,229,33,33,41,40,229,27,41,229,27,27,27,41,27,41,27,41,27,27,29,41,36,41,27,27,41,90,27,27,41,27,27,28,27,29,41,229,229,27,229,208,70,27,27,27,27,27,27,27,27,27,230,37,41,212,27,27,27,27,27,27,229,229,149,102,41,41,41,41,41,27,41,41,41,41,41,41,41,41,27,27,27,30,69,229,229,211,70,27,229,33,229,229,41,27,27,27,27,27,41,41,27,41,27,37,27,40,229,27,41,27,41,41,41,230,230,27,41,42,230,230,230,27,180,27,59,27,230,230,27,230,230,230,230,230,230,230,230,230,41,41,230,27,41,27,230,230,230,230,230,27,230,216,27,132,188,229,41,27,41,27,27,27,37,27,41,40,41,41,41,41,41,27,50,229,221,53,51,27,229,41,41,110,36,230,27,27,230,230,229,27,27,230,40,27,38,47,41,41,42,41,27,27,41,229,230,182,230,41,230,230,27,27,213,27,27,41,27,41,41,41,41,41,27,29,27,41,27,27,41,29,41,27,27,27,27,27,41,27,27,41,36,27,27,41,41,27,29,27,41,27,39,41,28,27,41,27,41,41,230,41,230,27,27,29,35,41,41,230,36,41,41,40,229,27,36,41,27,41,41,41,41,30,35,27,41,41,41,41,27,27,27,41,41,27,41,27,27,29,41,41,41,41,41,28,27,41,27,41,41,27,41,41,41,27,41,27,27,27,41,41,27,27,33,41,59,41,230,41,77,41,77,27,27,230,27,41,79,27,27,230,41,41,27,27,27,27,229,27,27,43,230,27,229,229,27,27,27,30,132,41,29,212,133,41,27,41,41,41,41,229,27,230,41,41,41,41,33,41,38,27,41,27,41,41,41,27,41,41,41,41,41,37,27,41,41,27,40,27,41,41,41,38,36,34,27,41,41,27,27,41,41,41,27,27,27,229,27,27,27,27,27,27,37,41,230,230,27,41,27,27,27,27,27,80,41,41,41,27,27,41,27,27,41,27,41,230,27,41,230,230,190,27,45,41,41,230,41,41,41,27,27,27,41,27,27,41,41,27,41,41,41,41,41,41,41,27,41,41,41,230,41,41,27,148,27,230,230,230,27,27,27,229,34,153,27,41,41,229,27,27,41,27,53,230,230,41,27,27,27,230,27,27,27,27,27,27,230,230,41,27,27,27,27,39,41,41,41,41,41,41,41,38,27,41,41,41,27,27,37,41,41,40,41,41,27,41,41,41,27,41,27,41,40,35,41,27,27,27,41,41,41,41,27,41,27,41,41,41,41,27,97,27,41,41,31,41,35,41,41,41,28,41,41,27,27,27,27,41,27,41,27,27,41,41,27,27,36,41,40,27,27,27,41,27,27,27,27,229,229,229,41,27,27,27,29,41,41,27,41,27,41,27,87,41,27,27,229,41,27,41,41,27,41,41,41,40,27,41,27,41,41,41,41,41,41,27,27,27,27,41,27,27,41,28,27,44,229,27,184,29,27,27,175,229,40,229,41,41,89,27,41,27,27,28,27,41,41,41,34,41,41,41,41,27,41,27,41,27,27,41,41,27,27,41,41,27,27,38,27,41,41,27,30,27,27,27,41,27,27,41,41,41,41,41,41,41,41,27,41,41,41,41,41,41,27,27,36,27,36,41,37,35,27,41,41,41,41,41,27,41,41,41,41,27,41,41,36,27,28,29,37,41,41,41,41,27,27,29,37,27,41,41,41,41,41,27,41,38,41,27,41,38,27,41,27,27,30,27,41,27,41,27,41,27,41,41,30,41,27,41,27,41,27,27,27,41,27,27,41,27,41,36,41,29,27,41,41,229,27,229,229,183,27,27,27,41,27,27,27,41,27,41,35,41,41,27,41,41,27,41,41,27,29,41,27,41,27,41,27,27,41,41,27,41,41,41,41,41,27,27,30,27,27,28,27,41,27,41,41,27,41,27,34,41,41,41,41,41,41,27,27,41,41,27,41,229,41,41,229,41,27,27,41
27,229,229,229,27,230,27,230,32,230,87,27,41,41,27,27,41,41,27,35,34,27,27,27,40,27,27,41,27,27,27,38,27,27,27,27,41,27,27,28,41,27,41,41,27,41,41,27,27,40,41,36,41,40,41,41,27,41,27,41,41,41,41,27,41,41,41,41,27,41,41,29,41,41,41,41,41,27,41,58,27,27,229,27,27,229,27,229,199,27,41,41,41,41,229,41,41,41,27,41,33,229,27,27,27,27,229,27,27,229,41,40,229,41,27,27,229,27,27,41,41,229,27,41,184,27,27,27,41,27,41,27,41,27,27,35,38,41,27,27,27,41,184,41,27,41,27,27,36,27,35,41,229,229,27,229,229,206,28,41,27,27,27,27,27,27,27,230,41,41,212,27,40,27,27,29,27,229,229,213,102,41,41,41,41,41,27,41,41,41,41,41,41,41,41,27,27,27,27,69,229,229,58,133,27,229,27,229,229,41,27,27,27,27,27,41,41,27,41,27,37,27,41,229,27,36,27,41,41,41,160,230,27,42,70,230,230,230,27,180,27,27,27,230,230,27,230,230,230,230,230,230,230,230,230,41,57,230,27,41,27,230,230,230,230,230,54,230,147,27,132,229,180,41,27,41,27,27,27,37,27,41,41,41,41,41,41,41,27,50,229,229,27,93,27,229,41,40,45,41,188,27,27,230,230,229,27,27,230,41,27,41,220,41,41,41,41,27,27,230,229,230,229,215,41,230,230,27,27,213,27,27,39,27,41,41,41,41,41,27,29,27,41,27,27,41,35,41,41,27,27,27,27,41,27,27,41,41,30,27,41,41,27,35,27,41,27,29,41,27,27,41,27,41,41,33,42,230,27,27,29,40,41,41,230,41,41,41,35,230,27,27,41,27,41,41,41,41,27,36,27,41,41,41,41,27,30,27,41,41,27,41,36,27,27,41,41,41,41,41,28,27,41,27,41,41,27,41,41,41,27,41,27,27,27,41,41,27,27,33,41,41,41,230,41,41,40,41,27,27,230,27,41,28,27,27,230,36,41,27,27,27,27,229,27,27,88,230,27,229,229,30,27,27,37,179,70,27,229,132,41,27,41,41,41,41,229,27,230,41,41,41,41,39,41,31,27,41,27,41,41,41,27,41,41,38,41,41,30,27,41,41,27,41,27,41,41,41,30,27,34,27,41,41,27,27,41,41,41,27,27,27,229,27,27,27,27,27,27,37,41,230,230,27,41,36,27,27,27,27,80,41,41,41,27,27,41,27,27,41,27,41,230,27,41,230,230,73,27,111,41,41,230,41,41,41,27,27,27,41,27,27,41,41,27,41,41,41,41,41,41,41,27,41,41,41,230,41,41,27,148,27,230,230,230,27,27,27,229,37,49,27,41,27,229,41,27,41,27,53,230,230,41,27,27,27,230,27,27,27,27,27,27,230,230,41,27,27,27,27,36,41,41,41,41,40,41,41,41,27,41,41,41,27,27,39,41,36,41,41,39,27,41,41,41,27,27,27,41,28,40,41,27,27,27,41,41,41,41,27,41,27,41,41,41,41,27,27,27,38,41,27,41,40,41,41,41,27,41,41,27,27,27,27,41,27,41,27,27,41,41,27,27,27,41,41,27,27,27,41,27,27,27,27,186,229,229,41,27,36,27,35,41,41,27,41,27,41,27,72,41,27,27,229,41,27,41,41,27,41,41,41,35,27,41,27,41,41,41,41,41,41,40,27,27,27,41,27,27,41,27,27,27,229,27,229,27,27,27,175,41,41,229,57,41,41,27,41,27,29,27,27,41,41,41,37,41,41,41,41,27,41,27,41,27,27,41,41,27,36,41,41,27,30,31,27,41,41,27,27,27,27,40,41,27,27,41,41,41,41,41,41,41,41,27,41,41,41,41,41,41,27,27,27,36,41,41,41,41,27,41,41,41,41,41,27,37,41,41,41,35,41,41,41,27,27,39,40,40,41,41,41,27,27,27,41,27,41,41,41,27,41,30,41,31,41,27,41,41,27,41,27,27,27,27,41,27,41,27,41,27,40,41,37,41,27,41,40,41,27,27,27,41,30,27,41,27,41,27,41,35,27,41,41,229,27,229,229,80,27,27,27,27,27,27,27,41,27,41,35,41,41,27,41,41,27,41,41,27,34,41,27,41,27,41,27,30,41,41,27,41,41,41,41,41,27,27,27,27,27,27,27,41,27,41,41,27,41,27,34,41,41,41,41,41,41,27,27,41,41,27,41,229,41,41,229,41,27,27,41
27,229,229,229,27,230,27,230,32,230,87,27,41,41,27,27,41,41,27,35,34,27,27,27,40,27,27,41,27,27,27,38,27,27,27,27,41,27,27,28,41,27,41,41,27,41,41,27,27,40,41,36,41,40,41,41,27,41,27,41,41,41,41,27,41,41,41,41,27,41,41,29,41,41,41,41,41,27,41,58,27,27,229,27,27,229,27,229,199,27,41,41,41,41,229,41,41,41,27,41,33,229,27,27,27,27,229,27,27,229,41,40,229,41,27,27,229,27,27,41,41,229,27,41,184,27,27,27,41,27,41,27,41,27,27,35,38,41,27,27,27,41,184,41,27,41,27,27,36,27,35,41,229,229,27,229,229,206,28,41,27,27,27,27,27,27,27,230,41,41,212,27,40,27,27,29,27,229,229,213,102,41,41,41,41,41,27,41,41,41,41,41,41,41,41,27,27,27,27,69,229,229,58,133,27,229,27,229,229,41,27,27,27,27,27,41,41,27,41,27,37,27,41,229,27,36,27,41,41,41,160,230,27,42,70,230,230,230,27,180,27,27,27,230,230,27,230,230,230,230,230,230,230,230,230,41,57,230,27,41,27,230,230,230,230,230,54,230,147,27,132,229,180,41,27,41,27,27,27,37,27,41,41,41,41,41,41,41,27,50,229,229,27,93,27,229,41,40,45,41,188,27,27,230,230,229,27,27,230,41,27,41,220,41,41,41,41,27,27,230,229,230,229,215,41,230,230,27,27,213,27,27,39,27,41,41,41,41,41,27,29,27,41,27,27,41,35,41,41,27,27,27,27,41,27,27,41,41,30,27,41,41,27,35,27,41,27,29,41,27,27,41,27,41,41,33,42,230,27,27,29,40,41,41,230,41,41,41,35,230,27,27,41,27,41,41,41,41,27,36,27,41,41,41,41,27,30,27,41,41,27,41,36,27,27,41,41,41,41,41,28,27,41,27,41,41,27,41,41,41,27,41,27,27,27,41,41,27,27,33,41,41,41,230,41,41,40,41,27,27,230,27,41,28,27,27,230,36,41,27,27,27,27,229,27,27,88,230,27,229,229,30,27,27,37,179,70,27,229,132,41,27,41,41,41,41,229,27,230,41,41,41,41,39,41,31,27,41,27,41,41,41,27,41,41,38,41,41,30,27,41,41,27,41,27,41,41,41,30,27,34,27,41,41,27,27,41,41,41,27,27,27,229,27,27,27,27,27,27,37,41,230,230,27,41,36,27,27,27,27,80,41,41,41,27,27,41,27,27,41,27,41,230,27,41,230,230,73,27,111,41,41,230,41,41,41,27,27,27,41,27,27,41,41,27,41,41,41,41,41,41,41,27,41,41,41,230,41,41,27,148,27,230,230,230,27,27,27,229,37,49,27,41,27,229,41,27,41,27,53,230,230,41,27,27,27,230,27,27,27,27,27,27,230,230,41,27,27,27,27,36,41,41,41,41,40,41,41,41,27,41,41,41,27,27,39,41,36,41,41,39,27,41,41,41,27,27,27,41,28,40,41,27,27,27,41,41,41,41,27,41,27,41,41,41,41,27,27,27,38,41,27,41,40,41,41,41,27,41,41,27,27,27,27,41,27,41,27,27,41,41,27,27,27,41,41,27,27,27,41,27,27,27,27,186,229,229,41,27,36,27,35,41,41,27,41,27,41,27,72,41,27,27,229,41,27,41,41,27,41,41,41,35,27,41,27,41,41,41,41,41,41,40,27,27,27,41,27,27,41,27,27,27,229,27,229,27,27,27,175,41,41,229,57,41,41,27,41,27,29,27,27,41,41,41,37,41,41,41,41,27,41,27,41,27,27,41,41,27,36,41,41,27,30,31,27,41,41,27,27,27,27,40,41,27,27,41,41,41,41,41,41,41,41,27,41,41,41,41,41,41,27,27,27,36,41,41,41,41,27,41,41,41,41,41,27,37,41,41,41,35,41,41,41,27,27,39,40,40,41,41,41,27,27,27,41,27,41,41,41,27,41,30,41,31,41,27,41,41,27,41,27,27,27,27,41,27,41,27,41,27,40,41,37,41,27,41,40,41,27,27,27,41,30,27,41,27,41,27,41,35,27,41,41,229,27,229,229,80,27,27,27,27,27,27,27,41,27,41,35,41,41,27,41,41,27,41,41,27,34,41,27,41,27,41,27,30,41,41,27,41,41,41,41,41,27,27,27,27,27,27,27,41,27,41,41,27,41,27,34,41,41,41,41,41,41,27,27,41,41,27,41,229,41,41,229,41,27,27,41
153,229,229,160,27,230,75,230,28,230,29,27,41,41,27,27,41,41,27,40,34,35,27,27,28,27,35,41,27,27,27,30,27,27,27,27,41,27,27,28,41,27,41,41,28,41,41,28,27,36,41,41,41,35,41,41,27,39,29,41,41,41,41,27,41,41,41,41,27,41,41,27,27,40,41,41,41,27,41,58,27,27,229,27,27,229,27,229,112,27,41,41,41,41,229,41,41,41,27,41,33,229,30,27,29,27,229,27,27,160,41,41,229,41,27,27,229,27,27,41,41,229,27,40,73,27,27,27,41,27,46,27,41,27,27,40,30,41,27,27,27,41,229,41,27,40,27,27,40,27,40,41,229,229,27,229,209,229,36,41,27,27,27,27,27,27,27,230,41,41,212,27,41,27,27,38,27,229,229,229,102,41,41,41,41,41,29,41,41,41,41,41,41,41,41,27,27,27,27,66,229,229,28,179,40,229,27,229,43,41,27,27,27,27,27,41,41,27,41,27,37,27,41,190,27,27,27,106,41,41,27,230,27,46,205,230,27,230,27,154,27,27,27,230,230,27,230,230,230,230,230,230,230,230,230,41,217,230,27,51,27,230,230,230,230,230,147,230,54,27,132,229,81,41,27,41,27,27,27,37,27,41,41,41,41,41,41,41,27,50,229,229,27,125,27,229,41,28,41,41,86,27,27,230,230,229,27,27,230,41,27,41,230,41,41,41,36,27,27,230,229,230,229,149,47,230,230,27,27,213,27,27,29,27,41,41,41,41,41,27,29,27,41,27,27,41,40,41,41,27,27,27,27,41,27,27,41,41,37,27,41,37,27,40,29,41,27,27,41,27,27,40,27,41,41,27,83,230,27,27,29,41,41,41,230,41,41,41,28,230,27,27,41,27,41,41,41,41,27,40,27,41,41,41,41,27,38,27,41,41,27,41,41,27,27,41,41,41,41,41,28,27,41,27,41,41,27,41,41,41,27,41,27,27,27,41,41,27,27,33,41,41,41,230,41,41,35,41,27,27,230,27,41,27,28,27,230,27,41,27,27,27,27,230,30,27,185,230,27,229,229,38,27,27,41,212,148,27,229,132,42,33,41,41,47,41,229,27,230,38,41,41,41,41,41,27,27,41,27,41,41,41,27,41,41,31,41,41,27,27,41,41,27,41,27,41,41,41,27,27,34,27,41,38,27,27,39,41,41,27,27,27,27,27,27,27,27,27,27,37,41,230,230,27,51,41,27,27,27,27,80,41,41,41,27,27,41,27,27,41,27,41,230,27,41,230,230,28,27,159,41,41,230,41,41,41,27,27,27,42,27,27,41,41,27,41,41,41,41,41,41,41,27,41,41,41,206,39,41,27,148,27,230,230,230,27,27,27,229,40,27,27,41,27,160,41,27,41,27,53,230,37,41,27,27,27,230,27,27,27,27,27,27,230,230,41,27,27,27,27,36,41,41,41,41,37,41,41,41,27,41,41,27,27,27,41,41,27,41,41,29,27,41,41,41,27,27,36,41,27,41,41,27,27,27,41,41,36,41,27,41,27,41,41,41,41,27,27,27,31,41,27,41,41,41,41,41,27,41,41,40,27,27,27,41,27,41,27,27,27,41,27,27,27,41,41,27,27,27,41,37,27,27,27,70,229,229,41,27,41,27,40,41,41,27,41,27,41,27,39,41,31,27,229,41,27,41,41,27,41,41,41,29,27,41,27,41,41,41,41,41,41,41,27,27,27,41,27,27,41,27,27,27,208,28,229,27,27,28,175,41,41,229,90,41,41,27,41,27,36,27,27,38,41,41,40,41,41,41,41,27,41,27,41,27,27,41,41,27,41,41,41,27,37,27,27,41,41,27,27,27,27,41,41,36,27,41,41,41,41,41,41,41,41,27,41,41,41,37,41,41,27,27,27,41,41,41,41,41,27,41,41,41,41,41,27,30,41,41,41,41,41,36,41,27,27,41,41,36,41,41,41,28,27,37,31,27,41,38,41,27,41,38,41,27,41,27,41,41,27,41,29,27,27,27,41,27,41,27,41,27,35,41,41,41,27,41,41,41,27,27,40,41,38,27,41,27,41,27,41,40,27,86,41,229,27,229,229,27,27,27,27,27,27,27,27,41,27,41,35,41,41,27,41,41,30,41,41,27,39,41,27,41,27,41,28,37,41,41,27,41,41,41,41,41,27,27,27,27,27,27,27,41,27,41,41,27,41,27,34,41,41,41,41,41,41,27,27,41,41,36,41,229,41,41,229,41,27,27,41
225,229,229,27,27,230,178,230,27,230,29,27,41,41,27,36,41,41,27,41,34,41,27,27,27,27,41,41,27,27,27,27,27,27,27,27,41,27,27,28,41,27,41,41,35,41,41,39,27,28,36,41,41,29,41,41,27,29,35,38,41,41,41,27,41,41,41,41,27,41,41,27,27,35,41,41,41,27,41,58,27,27,229,27,27,229,27,229,43,27,49,41,41,41,230,41,41,41,27,41,41,229,37,31,35,27,229,27,27,27,41,41,229,41,27,27,229,27,27,41,41,229,27,37,27,27,27,27,41,27,58,27,27,27,27,41,27,41,27,27,27,41,229,41,27,35,27,27,41,27,41,164,223,229,27,229,59,221,40,41,27,27,27,27,27,27,27,183,41,36,212,27,41,29,27,41,27,229,229,229,100,41,41,41,41,41,34,41,41,41,41,41,41,41,41,29,27,27,27,56,229,229,27,213,41,229,27,229,27,41,29,27,27,27,27,41,41,27,41,27,83,27,41,73,27,27,27,106,41,41,27,230,27,41,41,230,27,230,29,103,27,27,27,230,230,27,230,230,230,230,230,208,230,230,160,41,230,230,27,226,31,230,230,216,230,160,216,230,27,160,132,229,28,41,30,41,27,27,27,37,36,41,41,41,41,41,41,41,27,48,220,229,27,204,36,47,41,27,41,41,32,27,27,230,230,229,27,27,230,41,27,41,230,41,42,41,27,27,29,230,229,38,229,60,229,230,230,27,27,213,27,27,27,27,41,41,41,41,41,27,29,27,41,28,27,41,41,41,41,27,41,27,27,41,27,27,41,41,41,27,41,30,27,41,35,41,27,27,41,27,27,35,27,41,165,27,42,230,27,27,29,41,41,41,230,41,41,41,41,229,27,27,41,27,41,41,41,41,27,41,27,41,41,41,41,27,41,27,41,41,27,41,41,27,27,41,41,41,41,41,28,27,41,27,41,41,27,41,41,41,27,41,27,27,27,41,41,27,27,31,41,41,47,230,41,41,29,41,27,27,230,27,41,27,35,27,230,27,47,27,27,27,27,230,38,27,230,230,27,230,229,41,51,27,41,229,212,27,229,132,62,100,41,27,229,41,229,27,191,30,41,41,41,41,41,27,27,41,27,41,41,41,27,41,41,27,41,41,27,27,41,41,27,41,27,41,41,41,27,27,34,27,41,31,27,27,30,41,41,27,27,27,27,27,27,27,36,27,27,37,71,230,230,41,223,41,27,27,27,27,80,41,41,41,27,27,41,27,27,41,27,41,230,27,41,230,230,27,27,169,41,41,230,41,41,41,27,36,27,85,32,27,41,41,27,41,41,41,41,41,41,41,38,41,41,41,112,29,41,27,148,27,192,230,230,229,27,27,230,41,27,27,41,27,27,41,27,41,36,53,230,27,41,27,27,27,202,27,27,27,27,27,36,230,230,42,27,27,27,27,36,41,41,41,41,34,41,41,41,27,41,41,27,27,29,41,41,27,41,41,27,27,41,41,41,27,27,41,41,27,41,41,27,29,27,40,41,27,41,27,41,27,41,41,41,41,28,27,27,27,41,27,41,41,41,41,41,27,41,41,41,27,29,29,41,27,41,27,27,27,41,27,27,27,41,41,27,27,28,41,41,27,27,27,27,229,229,41,27,41,27,41,41,41,27,41,27,41,27,38,41,41,27,183,41,41,41,41,27,41,41,41,27,27,41,27,41,41,41,41,41,41,41,27,27,27,41,27,27,36,27,27,27,53,36,229,27,27,36,175,41,41,197,136,41,41,27,41,27,40,27,27,31,41,41,41,41,41,41,41,27,41,27,27,27,27,41,41,27,41,41,41,27,41,27,27,41,41,28,27,27,27,41,36,41,27,41,36,41,41,41,41,41,41,27,41,41,41,30,41,41,27,27,27,41,41,41,41,41,27,41,41,41,41,41,27,27,41,41,41,41,41,28,41,27,27,41,41,29,41,41,41,39,36,36,29,27,41,30,41,36,41,41,41,27,41,30,41,41,27,41,35,27,27,27,41,27,41,27,41,41,29,41,41,41,27,41,41,41,27,29,41,41,41,27,40,27,41,27,41,41,27,178,41,229,27,229,229,27,27,27,27,27,27,27,27,41,27,41,35,41,41,27,41,41,38,41,41,27,41,41,27,41,27,41,34,41,41,41,27,41,41,41,41,41,27,27,27,27,27,27,27,41,27,41,41,27,41,27,34,41,41,41,41,41,41,27,27,41,41,41,41,229,41,41,230,41,27,36,41
225,229,229,27,27,230,178,230,27,230,29,27,41,41,27,36,41,41,27,41,34,41,27,27,27,27,41,41,27,27,27,27,27,27,27,27,41,27,27,28,41,27,41,41,35,41,41,39,27,28,36,41,41,29,41,41,27,29,35,38,41,41,41,27,41,41,41,41,27,41,41,27,27,35,41,41,41,27,41,58,27,27,229,27,27,229,27,229,43,27,49,41,41,41,230,41,41,41,27,41,41,229,37,31,35,27,229,27,27,27,41,41,229,41,27,27,229,27,27,41,41,229,27,37,27,27,27,27,41,27,58,27,27,27,27,41,27,41,27,27,27,41,229,41,27,35,27,27,41,27,41,164,223,229,27,229,59,221,40,41,27,27,27,27,27,27,27,183,41,36,212,27,41,29,27,41,27,229,229,229,100,41,41,41,41,41,34,41,41,41,41,41,41,41,41,29,27,27,27,56,229,229,27,213,41,229,27,229,27,41,29,27,27,27,27,41,41,27,41,27,83,27,41,73,27,27,27,106,41,41,27,230,27,41,41,230,27,230,29,103,27,27,27,230,230,27,230,230,230,230,230,208,230,230,160,41,230,230,27,226,31,230,230,216,230,160,216,230,27,160,132,229,28,41,30,41,27,27,27,37,36,41,41,41,41,41,41,41,27,48,220,229,27,204,36,47,41,27,41,41,32,27,27,230,230,229,27,27,230,41,27,41,230,41,42,41,27,27,29,230,229,38,229,60,229,230,230,27,27,213,27,27,27,27,41,41,41,41,41,27,29,27,41,28,27,41,41,41,41,27,41,27,27,41,27,27,41,41,41,27,41,30,27,41,35,41,27,27,41,27,27,35,27,41,165,27,42,230,27,27,29,41,41,41,230,41,41,41,41,229,27,27,41,27,41,41,41,41,27,41,27,41,41,41,41,27,41,27,41,41,27,41,41,27,27,41,41,41,41,41,28,27,41,27,41,41,27,41,41,41,27,41,27,27,27,41,41,27,27,31,41,41,47,230,41,41,29,41,27,27,230,27,41,27,35,27,230,27,47,27,27,27,27,230,38,27,230,230,27,230,229,41,51,27,41,229,212,27,229,132,62,100,41,27,229,41,229,27,191,30,41,41,41,41,41,27,27,41,27,41,41,41,27,41,41,27,41,41,27,27,41,41,27,41,27,41,41,41,27,27,34,27,41,31,27,27,30,41,41,27,27,27,27,27,27,27,36,27,27,37,71,230,230,41,223,41,27,27,27,27,80,41,41,41,27,27,41,27,27,41,27,41,230,27,41,230,230,27,27,169,41,41,230,41,41,41,27,36,27,85,32,27,41,41,27,41,41,41,41,41,41,41,38,41,41,41,112,29,41,27,148,27,192,230,230,229,27,27,230,41,27,27,41,27,27,41,27,41,36,53,230,27,41,27,27,27,202,27,27,27,27,27,36,230,230,42,27,27,27,27,36,41,41,41,41,34,41,41,41,27,41,41,27,27,29,41,41,27,41,41,27,27,41,41,41,27,27,41,41,27,41,41,27,29,27,40,41,27,41,27,41,27,41,41,41,41,28,27,27,27,41,27,41,41,41,41,41,27,41,41,41,27,29,29,41,27,41,27,27,27,41,27,27,27,41,41,27,27,28,41,41,27,27,27,27,229,229,41,27,41,27,41,41,41,27,41,27,41,27,38,41,41,27,183,41,41,41,41,27,41,41,41,27,27,41,27,41,41,41,41,41,41,41,27,27,27,41,27,27,36,27,27,27,53,36,229,27,27,36,175,41,41,197,136,41,41,27,41,27,40,27,27,31,41,41,41,41,41,41,41,27,41,27,27,27,27,41,41,27,41,41,41,27,41,27,27,41,41,28,27,27,27,41,36,41,27,41,36,41,41,41,41,41,41,27,41,41,41,30,41,41,27,27,27,41,41,41,41,41,27,41,41,41,41,41,27,27,41,41,41,41,41,28,41,27,27,41,41,29,41,41,41,39,36,36,29,27,41,30,41,36,41,41,41,27,41,30,41,41,27,41,35,27,27,27,41,27,41,27,41,41,29,41,41,41,27,41,41,41,27,29,41,41,41,27,40,27,41,27,41,41,27,178,41,229,27,229,229,27,27,27,27,27,27,27,27,41,27,41,35,41,41,27,41,41,38,41,41,27,41,41,27,41,27,41,34,41,41,41,27,41,41,41,41,41,27,27,27,27,27,27,27,41,27,41,41,27,41,27,34,41,41,41,41,41,41,27,27,41,41,41,41,229,41,41,230,41,27,36,41
229,229,229,27,27,230,229,230,27,230,27,27,41,41,27,41,41,41,27,41,34,41,27,27,27,27,41,41,27,27,27,27,27,27,27,27,41,27,27,28,41,27,41,41,40,41,41,41,27,27,27,41,41,27,41,40,27,27,40,31,41,38,41,27,41,41,41,41,27,41,41,27,27,29,41,41,41,27,41,53,29,27,229,27,27,229,27,229,27,27,66,41,41,41,230,41,41,41,27,41,41,229,41,38,40,27,229,27,27,27,41,41,229,41,27,27,229,27,27,41,41,185,27,34,27,27,27,27,41,27,64,27,27,41,27,41,27,41,27,27,27,41,229,41,27,29,27,27,41,27,41,229,41,160,27,229,28,155,41,41,27,27,27,27,27,27,30,80,41,27,212,27,41,35,27,41,27,229,229,229,94,41,41,41,41,41,39,41,41,41,41,41,41,41,41,35,27,27,27,43,229,189,27,229,41,229,27,229,27,157,38,27,27,27,29,41,41,27,41,29,171,27,41,27,27,27,27,229,41,41,27,230,27,41,42,230,27,230,35,77,27,27,27,230,230,27,230,230,230,230,230,56,230,230,27,165,230,230,27,230,179,230,230,177,230,27,230,230,27,230,132,229,27,41,37,41,27,27,31,37,41,41,41,41,41,41,41,41,27,43,112,229,27,229,41,41,41,27,41,41,30,27,27,230,230,215,27,27,218,41,124,41,230,41,79,40,27,27,38,230,230,27,229,27,229,230,230,27,27,213,27,27,27,27,41,27,41,41,41,27,29,29,41,36,27,41,41,41,41,27,41,27,27,41,27,27,41,41,41,27,41,27,27,41,40,41,27,27,41,27,27,30,41,41,230,27,68,230,27,27,86,41,41,41,217,41,41,41,39,230,27,27,41,27,41,41,41,41,27,41,27,41,41,41,41,27,41,27,41,41,27,41,41,27,27,40,41,41,41,41,28,27,41,27,41,41,27,41,41,41,27,41,27,27,27,41,41,27,27,27,41,41,159,220,36,41,27,41,27,27,230,29,70,27,40,27,33,27,224,27,27,27,27,230,41,27,230,230,28,230,229,41,146,27,41,229,229,27,229,132,205,212,41,27,229,41,229,27,81,27,41,41,41,41,41,27,27,41,27,41,41,41,27,41,38,27,41,41,27,27,41,41,27,41,27,41,41,41,27,27,34,27,41,27,27,27,27,41,41,27,27,27,27,27,27,27,41,27,27,34,150,230,230,41,230,41,27,27,27,27,80,41,36,27,27,41,41,27,30,41,27,158,230,27,41,230,230,27,27,169,41,41,230,41,41,41,27,41,27,171,41,27,41,41,27,41,41,41,41,41,41,41,105,41,41,41,41,27,41,27,148,27,68,230,230,229,27,27,230,41,27,27,41,27,27,41,27,41,41,39,230,27,41,27,27,27,64,27,27,27,28,27,41,230,230,46,27,27,27,27,36,41,41,41,41,29,41,41,41,27,41,41,27,27,33,41,40,27,41,41,27,30,41,41,41,27,27,41,41,27,41,41,27,35,27,36,41,27,41,27,41,27,41,41,41,41,32,27,27,27,41,27,41,41,41,41,41,27,41,41,41,27,35,35,41,27,41,27,41,27,41,27,27,27,41,41,29,36,39,41,40,27,27,27,27,229,229,41,27,41,27,41,41,41,27,41,27,41,27,38,41,41,27,83,41,41,41,41,27,41,41,41,27,36,41,27,41,41,41,41,41,41,41,27,27,27,41,41,27,27,27,27,27,28,40,229,27,27,40,36,41,41,73,199,41,41,27,41,27,41,27,27,27,41,41,41,41,41,41,41,27,38,27,27,27,27,41,41,41,41,41,41,27,41,27,27,41,41,39,27,27,27,41,36,41,27,41,27,40,41,41,41,41,41,27,41,41,41,27,41,41,27,27,27,41,41,41,41,41,27,41,41,41,41,41,41,27,41,41,41,41,41,27,41,27,27,41,41,27,41,41,41,41,41,29,38,27,41,27,41,41,41,41,41,27,41,38,41,41,41,41,40,27,27,27,41,41,41,27,41,41,27,41,41,41,27,41,41,41,27,35,41,41,41,27,36,27,41,27,41,41,27,227,41,229,27,229,229,27,27,27,27,27,27,27,27,41,27,27,35,41,41,27,41,41,41,41,41,27,41,41,27,41,27,41,37,41,41,41,27,41,41,41,41,41,29,27,27,27,27,27,27,41,27,41,41,29,41,27,34,41,41,41,41,41,41,29,36,39,41,41,41,229,41,41,230,41,27,36,41
229,229,229,27,27,230,229,230,27,230,27,27,41,41,27,41,41,41,27,41,34,41,27,27,27,27,41,41,27,27,27,27,27,27,27,27,41,27,27,28,41,27,41,41,40,41,41,41,27,27,27,41,41,27,41,40,27,27,40,31,41,38,41,27,41,41,41,41,27,41,41,27,27,29,41,41,41,27,41,53,29,27,229,27,27,229,27,229,27,27,66,41,41,41,230,41,41,41,27,41,41,229,41,38,40,27,229,27,27,27,41,41,229,41,27,27,229,27,27,41,41,185,27,34,27,27,27,27,41,27,64,27,27,41,27,41,27,41,27,27,27,41,229,41,27,29,27,27,41,27,41,229,41,160,27,229,28,155,41,41,27,27,27,27,27,27,30,80,41,27,212,27,41,35,27,41,27,229,229,229,94,41,41,41,41,41,39,41,41,41,41,41,41,41,41,35,27,27,27,43,229,189,27,229,41,229,27,229,27,157,38,27,27,27,29,41,41,27,41,29,171,27,41,27,27,27,27,229,41,41,27,230,27,41,42,230,27,230,35,77,27,27,27,230,230,27,230,230,230,230,230,56,230,230,27,165,230,230,27,230,179,230,230,177,230,27,230,230,27,230,132,229,27,41,37,41,27,27,31,37,41,41,41,41,41,41,41,41,27,43,112,229,27,229,41,41,41,27,41,41,30,27,27,230,230,215,27,27,218,41,124,41,230,41,79,40,27,27,38,230,230,27,229,27,229,230,230,27,27,213,27,27,27,27,41,27,41,41,41,27,29,29,41,36,27,41,41,41,41,27,41,27,27,41,27,27,41,41,41,27,41,27,27,41,40,41,27,27,41,27,27,30,41,41,230,27,68,230,27,27,86,41,41,41,217,41,41,41,39,230,27,27,41,27,41,41,41,41,27,41,27,41,41,41,41,27,41,27,41,41,27,41,41,27,27,40,41,41,41,41,28,27,41,27,41,41,27,41,41,41,27,41,27,27,27,41,41,27,27,27,41,41,159,220,36,41,27,41,27,27,230,29,70,27,40,27,33,27,224,27,27,27,27,230,41,27,230,230,28,230,229,41,146,27,41,229,229,27,229,132,205,212,41,27,229,41,229,27,81,27,41,41,41,41,41,27,27,41,27,41,41,41,27,41,38,27,41,41,27,27,41,41,27,41,27,41,41,41,27,27,34,27,41,27,27,27,27,41,41,27,27,27,27,27,27,27,41,27,27,34,150,230,230,41,230,41,27,27,27,27,80,41,36,27,27,41,41,27,30,41,27,158,230,27,41,230,230,27,27,169,41,41,230,41,41,41,27,41,27,171,41,27,41,41,27,41,41,41,41,41,41,41,105,41,41,41,41,27,41,27,148,27,68,230,230,229,27,27,230,41,27,27,41,27,27,41,27,41,41,39,230,27,41,27,27,27,64,27,27,27,28,27,41,230,230,46,27,27,27,27,36,41,41,41,41,29,41,41,41,27,41,41,27,27,33,41,40,27,41,41,27,30,41,41,41,27,27,41,41,27,41,41,27,35,27,36,41,27,41,27,41,27,41,41,41,41,32,27,27,27,41,27,41,41,41,41,41,27,41,41,41,27,35,35,41,27,41,27,41,27,41,27,27,27,41,41,29,36,39,41,40,27,27,27,27,229,229,41,27,41,27,41,41,41,27,41,27,41,27,38,41,41,27,83,41,41,41,41,27,41,41,41,27,36,41,27,41,41,41,41,41,41,41,27,27,27,41,41,27,27,27,27,27,28,40,229,27,27,40,36,41,41,73,199,41,41,27,41,27,41,27,27,27,41,41,41,41,41,41,41,27,38,27,27,27,27,41,41,41,41,41,41,27,41,27,27,41,41,39,27,27,27,41,36,41,27,41,27,40,41,41,41,41,41,27,41,41,41,27,41,41,27,27,27,41,41,41,41,41,27,41,41,41,41,41,41,27,41,41,41,41,41,27,41,27,27,41,41,27,41,41,41,41,41,29,38,27,41,27,41,41,41,41,41,27,41,38,41,41,41,41,40,27,27,27,41,41,41,27,41,41,27,41,41,41,27,41,41,41,27,35,41,41,41,27,36,27,41,27,41,41,27,227,41,229,27,229,229,27,27,27,27,27,27,27,27,41,27,27,35,41,41,27,41,41,41,41,41,27,41,41,27,41,27,41,37,41,41,41,27,41,41,41,41,41,29,27,27,27,27,27,27,41,27,41,41,29,41,27,34,41,41,41,41,41,41,29,36,39,41,41,41,229,41,41,230,41,27,36,41
229,229,230,27,27,230,229,230,27,230,27,27,40,41,41,41,41,41,27,41,34,41,27,27,27,27,41,41,27,27,27,27,27,27,27,27,41,27,27,28,41,27,41,36,41,41,41,41,27,27,27,41,41,27,41,37,27,27,41,27,41,30,41,27,41,41,41,41,27,41,41,27,27,27,41,41,41,27,41,44,35,27,229,97,27,229,27,229,27,27,73,41,41,41,230,41,41,41,27,41,41,229,41,41,41,27,229,27,27,27,41,157,160,41,28,27,229,27,27,41,41,74,27,29,27,27,27,27,41,27,65,27,27,41,27,41,27,41,27,27,36,40,229,41,27,27,36,30,41,29,41,229,41,27,27,229,27,46,41,41,27,27,27,29,27,27,38,28,41,27,212,27,41,40,27,59,27,229,229,229,92,41,41,41,41,41,41,38,41,41,41,41,41,41,41,40,27,27,27,38,33,74,27,229,41,229,229,229,27,164,41,27,27,27,39,41,38,27,41,39,171,27,41,27,27,27,27,229,41,44,27,230,27,43,59,230,27,230,40,77,27,82,27,230,230,27,230,230,230,230,230,28,230,230,27,230,230,225,27,230,183,230,230,133,33,27,230,230,27,230,132,186,27,41,41,41,27,27,38,37,41,41,41,41,41,27,41,28,32,41,46,229,27,229,41,41,27,27,41,41,30,27,27,230,230,151,27,27,149,41,124,41,230,41,196,37,27,27,41,230,230,27,229,27,229,230,230,27,27,213,27,27,27,27,41,27,41,41,41,27,31,35,41,40,29,41,41,41,41,27,41,27,27,41,27,41,41,41,41,27,41,27,27,41,41,41,27,27,41,27,27,27,41,42,230,27,156,229,27,27,198,41,41,41,58,41,41,41,33,230,27,27,41,27,41,41,41,41,27,41,27,41,27,41,41,36,41,27,41,41,27,41,41,27,27,35,41,41,41,39,28,27,41,27,28,41,27,41,41,41,27,41,27,27,27,41,41,27,27,27,41,41,224,47,27,41,27,41,27,27,230,35,150,27,41,27,27,27,230,27,27,28,27,230,41,27,230,230,40,230,229,41,215,153,41,229,229,27,229,131,229,230,41,27,229,41,229,27,41,27,41,41,41,41,41,27,27,41,30,41,41,41,27,41,31,27,41,41,27,27,41,41,27,41,28,41,41,41,27,27,34,27,41,27,27,27,27,41,41,27,27,27,27,27,27,27,41,27,27,27,214,230,230,41,230,41,27,27,41,30,80,41,27,27,27,41,41,27,37,41,27,226,230,27,41,230,230,27,27,169,41,41,230,41,41,41,27,41,27,213,41,27,41,41,27,41,40,41,41,41,41,41,206,41,41,41,27,27,41,27,148,27,27,230,230,229,48,27,230,41,27,28,41,27,27,41,27,41,41,39,230,27,41,27,27,27,27,27,27,27,35,27,41,230,230,86,27,27,27,27,36,41,41,40,41,27,41,38,41,27,41,41,27,27,37,41,36,27,41,41,27,38,41,41,41,27,27,41,41,27,41,41,27,40,27,29,41,27,41,27,41,27,41,41,41,41,39,27,27,27,38,27,41,41,41,41,41,27,41,42,41,27,40,40,41,27,41,27,41,27,50,27,30,27,27,41,35,41,41,41,41,27,27,27,27,229,229,41,27,41,27,41,41,28,27,41,27,41,27,38,41,41,27,32,41,41,41,41,27,41,41,41,27,41,41,27,41,41,41,41,41,41,41,27,27,27,39,41,27,27,27,27,27,27,41,187,27,27,41,36,41,41,41,229,41,41,27,41,27,41,27,27,27,41,41,41,41,41,41,41,28,27,27,37,27,27,41,41,41,41,41,41,27,41,27,27,41,41,41,27,27,27,41,27,41,28,41,27,29,41,41,41,41,41,27,41,41,41,27,41,41,27,27,27,41,41,41,41,41,27,41,41,38,41,41,41,27,41,41,41,41,41,27,41,27,27,41,41,27,41,41,41,41,41,27,41,27,38,27,41,41,41,41,41,27,41,41,41,41,41,41,41,27,27,28,41,41,32,27,41,41,27,41,41,41,29,41,41,36,27,40,41,41,41,27,28,27,41,27,41,41,27,229,41,229,27,229,229,27,27,27,27,27,27,27,27,41,27,27,35,41,41,27,41,41,41,41,41,27,41,41,27,41,29,41,40,41,41,41,27,41,41,41,41,41,34,27,27,41,27,27,27,41,27,41,41,39,40,27,35,85,41,41,28,41,41,35,41,30,41,41,41,230,41,41,230,41,27,41,41
229,229,230,27,27,33,229,230,27,230,27,27,35,41,41,41,41,41,27,41,34,41,27,27,27,27,41,41,27,27,27,27,27,27,27,27,41,27,27,28,41,28,41,27,41,41,41,41,27,27,27,41,41,27,41,34,27,27,41,27,41,27,41,27,41,41,41,41,29,41,41,27,27,27,41,38,41,27,41,40,40,27,229,230,27,229,27,229,27,27,73,41,41,41,230,41,41,41,27,41,41,229,41,41,41,27,229,27,29,27,158,225,27,41,35,27,229,27,27,48,41,27,27,27,27,27,27,27,41,27,65,27,27,41,27,41,27,41,27,27,41,35,229,41,27,27,41,38,42,35,42,229,41,27,27,193,27,27,42,41,27,27,27,39,27,27,41,27,41,27,212,27,41,41,27,149,27,229,229,229,92,41,41,41,41,41,41,31,41,41,41,41,41,41,41,41,27,27,27,38,27,28,27,229,41,229,207,229,27,225,41,27,27,27,41,41,30,30,41,41,171,27,41,27,27,27,27,229,41,132,27,230,27,47,156,230,27,160,41,77,27,29,27,230,230,27,230,230,230,230,230,27,230,230,27,230,230,156,27,230,183,230,230,59,27,27,230,230,27,230,132,75,27,41,41,41,27,27,41,37,41,41,41,41,41,27,41,27,41,41,41,230,27,229,41,41,27,27,40,41,30,72,27,230,230,60,29,27,50,42,124,41,230,41,230,34,27,27,41,230,230,27,229,27,229,230,230,27,27,213,27,27,27,27,41,27,41,41,41,27,37,40,41,41,39,41,41,41,41,27,41,41,41,41,27,41,41,41,41,27,41,27,27,41,41,41,28,27,41,27,27,27,41,67,230,27,230,203,27,27,204,41,41,41,41,41,38,41,28,230,27,27,41,27,41,41,41,41,27,41,27,41,27,41,41,41,41,30,41,41,27,41,41,29,27,29,41,41,41,29,28,27,41,27,27,41,27,41,41,41,27,41,27,27,27,41,41,27,27,27,41,41,229,27,27,41,27,41,27,27,230,40,214,27,41,27,27,27,230,27,41,35,27,230,41,27,185,230,41,230,229,41,229,160,69,229,229,27,230,126,229,230,27,27,229,41,229,36,41,27,41,41,41,41,41,27,32,41,38,41,41,41,27,41,27,27,41,41,27,27,41,41,27,41,35,41,41,41,27,27,34,27,41,27,27,27,27,41,41,27,27,27,27,27,27,27,41,27,27,27,230,230,230,41,230,41,27,27,41,37,76,28,27,27,27,41,41,27,41,41,27,230,230,27,71,230,230,27,27,169,41,41,230,41,41,41,27,41,27,213,41,27,41,41,27,41,28,41,41,41,41,41,229,41,41,41,27,27,41,27,148,27,27,230,230,229,197,27,230,42,27,35,41,27,27,41,27,41,41,39,230,27,47,27,27,27,27,27,27,27,40,27,41,230,230,189,27,27,27,27,36,37,41,35,41,27,41,30,41,27,41,41,27,27,39,41,30,27,41,41,30,27,41,41,41,27,27,41,41,27,41,41,27,41,27,27,41,27,41,27,39,27,41,41,41,41,41,27,27,27,31,27,41,41,41,41,41,27,41,68,41,27,41,41,42,27,41,27,41,27,50,27,38,27,27,41,40,41,41,41,41,27,27,27,27,229,229,41,27,41,27,41,41,27,27,41,27,41,27,38,41,41,30,29,40,41,41,41,27,41,36,41,27,41,41,27,41,41,41,41,41,41,41,29,27,27,29,41,29,27,27,27,27,27,41,79,27,28,41,31,41,41,41,229,41,41,27,41,27,41,27,27,27,41,41,41,41,41,41,41,30,27,27,41,27,27,41,41,41,41,41,41,27,41,27,27,41,28,41,27,41,27,41,27,41,35,36,27,27,41,41,41,41,41,27,41,41,41,27,41,41,27,27,27,41,41,41,41,41,30,41,41,30,41,41,41,27,28,41,40,41,41,27,41,27,27,41,41,27,41,41,41,41,41,27,41,27,30,27,41,41,41,41,41,27,41,41,41,41,41,41,41,27,27,35,41,41,27,27,41,41,27,41,41,41,38,41,41,27,36,41,41,41,41,36,27,27,39,27,41,41,27,229,41,229,27,229,182,27,27,27,27,27,27,27,27,41,27,27,35,41,40,30,41,41,41,41,41,27,41,41,27,41,34,40,41,41,28,41,27,41,41,41,41,41,39,27,27,41,27,27,27,41,27,27,41,41,29,27,40,184,41,41,27,41,41,40,41,27,41,41,41,230,41,41,230,41,27,41,41
229,229,230,27,27,33,229,230,27,230,27,27,35,41,41,41,41,41,27,41,34,41,27,27,27,27,41,41,27,27,27,27,27,27,27,27,41,27,27,28,41,28,41,27,41,41,41,41,27,27,27,41,41,27,41,34,27,27,41,27,41,27,41,27,41,41,41,41,29,41,41,27,27,27,41,38,41,27,41,40,40,27,229,230,27,229,27,229,27,27,73,41,41,41,230,41,41,41,27,41,41,229,41,41,41,27,229,27,29,27,158,225,27,41,35,27,229,27,27,48,41,27,27,27,27,27,27,27,41,27,65,27,27,41,27,41,27,41,27,27,41,35,229,41,27,27,41,38,42,35,42,229,41,27,27,193,27,27,42,41,27,27,27,39,27,27,41,27,41,27,212,27,41,41,27,149,27,229,229,229,92,41,41,41,41,41,41,31,41,41,41,41,41,41,41,41,27,27,27,38,27,28,27,229,41,229,207,229,27,225,41,27,27,27,41,41,30,30,41,41,171,27,41,27,27,27,27,229,41,132,27,230,27,47,156,230,27,160,41,77,27,29,27,230,230,27,230,230,230,230,230,27,230,230,27,230,230,156,27,230,183,230,230,59,27,27,230,230,27,230,132,75,27,41,41,41,27,27,41,37,41,41,41,41,41,27,41,27,41,41,41,230,27,229,41,41,27,27,40,41,30,72,27,230,230,60,29,27,50,42,124,41,230,41,230,34,27,27,41,230,230,27,229,27,229,230,230,27,27,213,27,27,27,27,41,27,41,41,41,27,37,40,41,41,39,41,41,41,41,27,41,41,41,41,27,41,41,41,41,27,41,27,27,41,41,41,28,27,41,27,27,27,41,67,230,27,230,203,27,27,204,41,41,41,41,41,38,41,28,230,27,27,41,27,41,41,41,41,27,41,27,41,27,41,41,41,41,30,41,41,27,41,41,29,27,29,41,41,41,29,28,27,41,27,27,41,27,41,41,41,27,41,27,27,27,41,41,27,27,27,41,41,229,27,27,41,27,41,27,27,230,40,214,27,41,27,27,27,230,27,41,35,27,230,41,27,185,230,41,230,229,41,229,160,69,229,229,27,230,126,229,230,27,27,229,41,229,36,41,27,41,41,41,41,41,27,32,41,38,41,41,41,27,41,27,27,41,41,27,27,41,41,27,41,35,41,41,41,27,27,34,27,41,27,27,27,27,41,41,27,27,27,27,27,27,27,41,27,27,27,230,230,230,41,230,41,27,27,41,37,76,28,27,27,27,41,41,27,41,41,27,230,230,27,71,230,230,27,27,169,41,41,230,41,41,41,27,41,27,213,41,27,41,41,27,41,28,41,41,41,41,41,229,41,41,41,27,27,41,27,148,27,27,230,230,229,197,27,230,42,27,35,41,27,27,41,27,41,41,39,230,27,47,27,27,27,27,27,27,27,40,27,41,230,230,189,27,27,27,27,36,37,41,35,41,27,41,30,41,27,41,41,27,27,39,41,30,27,41,41,30,27,41,41,41,27,27,41,41,27,41,41,27,41,27,27,41,27,41,27,39,27,41,41,41,41,41,27,27,27,31,27,41,41,41,41,41,27,41,68,41,27,41,41,42,27,41,27,41,27,50,27,38,27,27,41,40,41,41,41,41,27,27,27,27,229,229,41,27,41,27,41,41,27,27,41,27,41,27,38,41,41,30,29,40,41,41,41,27,41,36,41,27,41,41,27,41,41,41,41,41,41,41,29,27,27,29,41,29,27,27,27,27,27,41,79,27,28,41,31,41,41,41,229,41,41,27,41,27,41,27,27,27,41,41,41,41,41,41,41,30,27,27,41,27,27,41,41,41,41,41,41,27,41,27,27,41,28,41,27,41,27,41,27,41,35,36,27,27,41,41,41,41,41,27,41,41,41,27,41,41,27,27,27,41,41,41,41,41,30,41,41,30,41,41,41,27,28,41,40,41,41,27,41,27,27,41,41,27,41,41,41,41,41,27,41,27,30,27,41,41,41,41,41,27,41,41,41,41,41,41,41,27,27,35,41,41,27,27,41,41,27,41,41,41,38,41,41,27,36,41,41,41,41,36,27,27,39,27,41,41,27,229,41,229,27,229,182,27,27,27,27,27,27,27,27,41,27,27,35,41,40,30,41,41,41,41,41,27,41,41,27,41,34,40,41,41,28,41,27,41,41,41,41,41,39,27,27,41,27,27,27,41,27,27,41,41,29,27,40,184,41,41,27,41,41,40,41,27,41,41,41,230,41,41,230,41,27,41,41
229,230,230,27,27,27,229,230,27,230,27,27,29,41,41,41,41,41,27,41,34,41,27,27,27,27,41,41,27,27,27,27,27,27,27,27,41,27,27,28,41,39,41,27,41,41,41,28,27,27,27,41,41,27,41,29,27,27,41,27,41,27,41,27,41,41,41,41,35,41,41,27,27,27,41,30,41,27,41,40,41,27,229,230,27,229,27,229,27,27,73,41,41,41,230,41,41,41,27,41,41,229,41,41,41,30,229,27,35,27,226,229,27,41,40,28,33,27,27,196,41,27,27,27,27,27,27,27,41,27,65,27,27,41,27,41,27,41,27,27,41,29,180,164,27,27,41,41,64,40,78,229,41,27,30,69,27,27,68,41,27,27,41,41,28,27,41,27,41,27,212,27,41,41,27,216,27,229,229,229,92,41,41,41,41,41,41,27,41,40,41,41,41,41,41,41,27,27,27,38,27,27,27,229,157,229,32,229,27,229,41,27,27,27,41,41,27,37,40,41,171,27,41,27,27,27,27,229,41,132,27,230,27,101,230,230,27,27,41,77,38,27,27,230,230,27,230,230,230,230,230,27,230,230,27,230,230,38,27,230,183,230,230,27,27,27,230,216,27,230,132,28,27,41,41,41,27,27,41,37,41,41,41,41,41,27,41,27,41,41,41,230,27,229,41,41,27,27,28,41,33,174,27,230,230,27,34,27,27,77,124,41,44,41,230,29,27,28,41,97,230,27,230,27,229,230,230,27,27,213,27,27,27,27,41,27,41,41,41,27,39,41,41,41,41,41,41,36,41,27,41,41,41,41,27,27,28,41,41,41,41,27,27,41,41,41,35,27,41,27,27,27,41,208,230,27,230,115,27,27,204,41,41,41,41,41,29,76,27,230,35,27,41,27,41,41,41,41,27,41,27,41,27,41,41,41,41,37,41,41,27,41,41,35,27,27,41,41,41,27,28,27,41,27,27,41,27,41,41,41,27,41,27,27,27,41,41,27,27,27,35,41,229,27,27,41,27,41,27,40,230,41,230,27,42,27,27,27,230,27,41,40,27,230,68,160,80,230,41,230,229,63,229,225,146,229,229,27,230,125,229,230,27,27,229,41,229,41,41,27,41,41,41,41,41,27,41,41,41,41,41,41,27,41,27,27,41,41,27,27,41,41,27,41,40,41,41,39,27,27,34,27,41,27,27,27,27,41,41,27,27,27,27,27,27,27,41,27,27,27,230,230,230,41,230,47,27,27,41,41,58,27,27,27,27,41,40,27,41,41,27,230,230,41,148,230,230,27,27,171,41,41,44,41,41,41,27,41,27,213,41,27,41,41,28,41,27,41,41,41,41,41,229,41,41,41,27,27,41,27,148,27,27,230,230,229,229,27,230,65,27,40,41,27,27,41,27,41,41,39,27,27,220,27,27,27,27,27,27,27,41,28,41,230,230,230,27,27,27,27,36,27,41,29,41,27,41,27,41,27,41,41,27,27,41,41,27,27,41,41,27,27,41,41,41,27,27,41,41,27,41,41,27,41,41,27,41,27,41,30,34,28,41,41,41,41,41,27,27,27,27,27,41,41,40,41,41,27,41,69,41,27,41,41,89,27,41,27,41,27,50,30,41,27,27,41,41,41,41,41,41,27,27,27,27,229,229,41,27,41,27,41,41,27,27,41,27,41,27,38,41,41,37,27,35,41,41,40,28,41,27,41,27,41,41,27,41,41,41,41,41,41,41,39,27,27,27,41,39,27,27,27,27,27,41,28,27,36,42,31,41,41,41,229,41,41,27,41,27,41,27,28,27,41,41,41,41,41,41,41,30,27,27,41,27,27,41,41,41,41,41,41,27,41,27,27,41,27,41,27,41,36,41,27,41,40,28,27,27,41,41,41,41,41,30,41,41,41,27,41,41,27,27,27,41,41,41,41,41,38,41,41,27,41,41,41,27,27,41,35,41,41,27,41,27,27,41,41,27,41,41,41,41,41,27,41,27,27,27,41,41,41,41,41,27,41,41,41,41,41,41,41,27,27,40,41,41,27,35,41,41,27,41,41,41,41,41,41,27,41,41,41,28,41,41,27,29,29,27,41,41,27,229,41,229,27,229,80,27,27,27,27,27,27,27,27,41,27,27,35,40,35,38,41,41,41,41,41,27,41,41,27,41,37,35,41,41,27,41,27,41,41,41,41,41,41,27,27,41,27,27,27,41,27,27,41,41,27,27,41,229,41,41,27,41,41,41,41,27,41,41,41,230,41,41,230,41,27,41,41
230,230,230,27,27,27,230,230,27,230,27,27,27,41,41,41,41,41,27,41,34,41,27,27,27,27,41,41,27,27,27,27,27,27,27,27,27,27,27,28,41,41,41,27,41,41,41,40,27,27,27,41,41,27,41,27,27,27,41,27,41,27,41,27,41,41,41,41,40,41,41,27,27,27,41,27,41,27,41,40,41,27,229,230,27,229,27,229,27,43,73,38,41,41,230,41,41,41,27,41,114,229,87,41,41,39,229,27,40,27,229,229,27,164,41,35,27,27,27,205,41,27,27,27,27,27,27,27,86,27,65,27,27,41,27,41,27,41,27,27,41,27,79,229,27,27,41,41,210,41,197,41,41,27,39,32,27,27,201,41,27,27,41,41,36,35,41,27,41,27,212,40,157,41,27,229,27,229,229,229,92,41,41,41,41,41,41,27,41,29,41,41,41,41,41,41,27,27,27,38,27,27,27,229,225,229,27,229,27,229,41,27,29,28,41,41,27,41,35,41,171,27,41,27,27,27,27,229,41,132,27,230,27,223,230,230,27,27,41,77,154,27,27,230,230,28,230,230,230,230,213,27,230,230,27,230,230,27,28,225,184,230,230,27,27,27,230,148,27,230,132,27,27,41,41,41,27,35,41,37,41,41,41,41,41,27,41,27,41,41,41,230,27,229,41,41,27,27,27,47,45,229,27,230,230,27,37,27,27,199,124,41,27,41,230,27,27,36,41,93,230,27,230,27,229,230,229,27,27,213,27,27,27,27,41,27,41,41,41,27,39,41,41,41,41,41,41,27,41,27,41,41,41,41,27,27,27,41,41,41,41,27,27,41,41,41,40,27,41,27,27,27,158,230,224,27,230,41,27,27,204,41,41,51,41,41,27,194,27,230,41,27,41,27,41,41,41,41,27,41,40,41,27,41,41,41,41,41,41,41,27,41,41,40,27,27,41,41,41,27,28,27,41,27,27,28,27,41,41,41,27,41,27,27,27,41,41,27,27,27,27,41,229,27,27,41,27,41,35,41,230,41,230,27,64,27,27,27,228,27,41,41,28,230,149,229,28,230,41,230,229,152,229,229,211,229,229,27,230,125,229,230,27,27,229,41,229,41,41,27,41,41,38,41,41,27,41,41,41,41,41,41,36,41,27,27,41,40,27,27,41,41,27,41,41,36,41,29,27,27,34,27,41,27,27,27,27,41,41,27,27,27,27,27,27,27,41,27,27,27,230,230,230,41,230,225,27,41,41,41,36,27,27,27,27,41,35,29,41,41,27,230,229,41,213,230,230,27,53,230,41,41,33,41,41,41,36,41,27,213,41,27,41,41,33,41,27,41,41,41,41,41,229,41,41,39,27,27,41,27,134,27,27,230,230,229,229,27,230,140,27,41,41,27,27,41,27,41,41,39,27,27,230,27,27,27,27,27,27,27,41,35,41,230,230,230,27,27,27,27,36,27,41,27,41,27,41,27,41,27,41,41,27,27,41,41,27,27,41,41,27,27,41,41,41,28,27,41,41,27,41,40,35,41,41,27,41,27,41,38,32,31,41,40,41,41,41,27,27,27,27,27,41,41,33,41,41,27,41,69,41,27,41,41,182,27,47,36,41,27,50,38,41,27,27,41,41,41,41,41,41,27,27,27,27,229,229,41,27,41,27,41,41,27,27,41,27,41,27,38,41,41,41,27,29,41,41,36,36,41,27,41,27,41,40,30,41,41,41,41,41,41,41,41,27,27,27,41,41,27,27,27,27,27,42,27,27,40,66,31,41,41,41,229,41,41,43,41,27,41,27,33,27,41,41,41,41,41,41,41,30,27,27,41,27,27,41,41,41,41,40,41,27,41,27,27,41,27,41,27,41,41,41,27,41,41,27,27,27,41,41,41,41,41,37,41,41,41,27,41,41,27,27,27,41,41,41,41,41,41,41,41,27,41,41,41,27,27,41,30,41,41,27,41,27,27,41,41,27,41,41,41,41,41,27,41,27,27,27,41,41,41,41,41,27,41,41,41,41,41,41,41,27,27,41,41,41,27,41,40,41,27,41,41,41,41,41,41,27,41,41,41,27,41,41,27,39,27,27,41,41,27,229,41,27,27,183,27,27,27,27,27,27,27,27,27,41,27,27,35,35,29,41,41,41,41,41,40,30,41,41,27,41,40,29,41,41,27,41,27,41,40,41,41,40,41,27,27,41,27,27,27,41,27,27,41,41,27,30,41,229,41,41,27,41,41,41,41,27,41,41,41,229,41,41,224,41,27,41,41
230,230,230,27,27,27,230,230,27,230,27,27,27,41,41,41,41,41,27,41,34,41,27,27,27,27,41,41,27,27,27,27,27,27,27,27,27,27,27,28,41,41,41,27,41,41,41,40,27,27,27,41,41,27,41,27,27,27,41,27,41,27,41,27,41,41,41,41,40,41,41,27,27,27,41,27,41,27,41,40,41,27,229,230,27,229,27,229,27,43,73,38,41,41,230,41,41,41,27,41,114,229,87,41,41,39,229,27,40,27,229,229,27,164,41,35,27,27,27,205,41,27,27,27,27,27,27,27,86,27,65,27,27,41,27,41,27,41,27,27,41,27,79,229,27,27,41,41,210,41,197,41,41,27,39,32,27,27,201,41,27,27,41,41,36,35,41,27,41,27,212,40,157,41,27,229,27,229,229,229,92,41,41,41,41,41,41,27,41,29,41,41,41,41,41,41,27,27,27,38,27,27,27,229,225,229,27,229,27,229,41,27,29,28,41,41,27,41,35,41,171,27,41,27,27,27,27,229,41,132,27,230,27,223,230,230,27,27,41,77,154,27,27,230,230,28,230,230,230,230,213,27,230,230,27,230,230,27,28,225,184,230,230,27,27,27,230,148,27,230,132,27,27,41,41,41,27,35,41,37,41,41,41,41,41,27,41,27,41,41,41,230,27,229,41,41,27,27,27,47,45,229,27,230,230,27,37,27,27,199,124,41,27,41,230,27,27,36,41,93,230,27,230,27,229,230,229,27,27,213,27,27,27,27,41,27,41,41,41,27,39,41,41,41,41,41,41,27,41,27,41,41,41,41,27,27,27,41,41,41,41,27,27,41,41,41,40,27,41,27,27,27,158,230,224,27,230,41,27,27,204,41,41,51,41,41,27,194,27,230,41,27,41,27,41,41,41,41,27,41,40,41,27,41,41,41,41,41,41,41,27,41,41,40,27,27,41,41,41,27,28,27,41,27,27,28,27,41,41,41,27,41,27,27,27,41,41,27,27,27,27,41,229,27,27,41,27,41,35,41,230,41,230,27,64,27,27,27,228,27,41,41,28,230,149,229,28,230,41,230,229,152,229,229,211,229,229,27,230,125,229,230,27,27,229,41,229,41,41,27,41,41,38,41,41,27,41,41,41,41,41,41,36,41,27,27,41,40,27,27,41,41,27,41,41,36,41,29,27,27,34,27,41,27,27,27,27,41,41,27,27,27,27,27,27,27,41,27,27,27,230,230,230,41,230,225,27,41,41,41,36,27,27,27,27,41,35,29,41,41,27,230,229,41,213,230,230,27,53,230,41,41,33,41,41,41,36,41,27,213,41,27,41,41,33,41,27,41,41,41,41,41,229,41,41,39,27,27,41,27,134,27,27,230,230,229,229,27,230,140,27,41,41,27,27,41,27,41,41,39,27,27,230,27,27,27,27,27,27,27,41,35,41,230,230,230,27,27,27,27,36,27,41,27,41,27,41,27,41,27,41,41,27,27,41,41,27,27,41,41,27,27,41,41,41,28,27,41,41,27,41,40,35,41,41,27,41,27,41,38,32,31,41,40,41,41,41,27,27,27,27,27,41,41,33,41,41,27,41,69,41,27,41,41,182,27,47,36,41,27,50,38,41,27,27,41,41,41,41,41,41,27,27,27,27,229,229,41,27,41,27,41,41,27,27,41,27,41,27,38,41,41,41,27,29,41,41,36,36,41,27,41,27,41,40,30,41,41,41,41,41,41,41,41,27,27,27,41,41,27,27,27,27,27,42,27,27,40,66,31,41,41,41,229,41,41,43,41,27,41,27,33,27,41,41,41,41,41,41,41,30,27,27,41,27,27,41,41,41,41,40,41,27,41,27,27,41,27,41,27,41,41,41,27,41,41,27,27,27,41,41,41,41,41,37,41,41,41,27,41,41,27,27,27,41,41,41,41,41,41,41,41,27,41,41,41,27,27,41,30,41,41,27,41,27,27,41,41,27,41,41,41,41,41,27,41,27,27,27,41,41,41,41,41,27,41,41,41,41,41,41,41,27,27,41,41,41,27,41,40,41,27,41,41,41,41,41,41,27,41,41,41,27,41,41,27,39,27,27,41,41,27,229,41,27,27,183,27,27,27,27,27,27,27,27,27,41,27,27,35,35,29,41,41,41,41,41,40,30,41,41,27,41,40,29,41,41,27,41,27,41,40,41,41,40,41,27,27,41,27,27,27,41,27,27,41,41,27,30,41,229,41,41,27,41,41,41,41,27,41,41,41,229,41,41,224,41,27,41,41
230,230,230,27,27,27,230,230,27,230,27,27,27,41,41,41,39,41,27,41,34,41,27,27,27,27,41,41,27,27,27,27,27,27,27,27,27,27,27,27,41,41,41,27,41,41,41,41,27,27,27,41,41,27,41,27,27,27,41,27,41,27,41,27,41,41,41,41,41,41,41,27,27,27,41,27,41,27,41,40,42,27,229,230,27,229,27,229,27,111,73,30,41,41,228,41,41,41,41,41,153,229,181,41,41,41,229,27,41,27,229,229,27,229,41,40,27,27,27,205,41,27,27,27,27,27,27,27,179,27,65,27,27,41,27,41,27,41,27,36,41,27,28,229,27,27,41,41,229,41,229,41,41,27,41,28,27,27,229,144,27,27,41,41,40,41,41,27,41,27,211,41,165,42,40,229,27,229,229,229,92,41,41,41,41,27,41,27,41,27,41,32,27,41,41,41,27,27,27,38,27,27,27,229,229,229,27,229,27,229,41,27,35,35,41,41,27,41,29,41,171,27,41,27,27,27,27,229,41,132,27,230,27,230,230,230,27,27,41,77,230,27,168,230,230,152,219,230,230,230,147,27,230,230,27,230,215,27,36,39,212,230,191,27,27,27,230,53,27,230,132,27,27,41,41,41,27,41,41,37,41,41,41,41,41,27,41,27,41,42,40,230,27,229,47,106,27,27,27,229,62,229,27,230,230,27,40,61,27,230,124,41,27,48,230,27,27,40,41,93,230,27,230,27,229,200,40,27,27,213,27,27,27,27,41,27,41,41,41,27,39,41,39,41,41,40,41,27,41,27,41,41,41,41,27,27,27,41,41,41,41,27,27,38,41,27,41,27,41,27,30,27,226,230,41,27,230,41,29,27,204,41,51,210,41,41,27,229,27,150,41,27,41,27,41,41,41,41,27,41,41,28,27,41,41,41,41,41,36,41,27,41,41,41,27,27,41,41,41,27,28,27,41,27,27,27,27,41,41,41,27,41,27,27,27,41,41,27,27,27,27,41,229,27,27,40,27,41,36,41,230,41,230,27,211,27,27,27,41,27,41,41,152,230,214,229,27,230,41,230,229,217,229,229,229,229,229,27,230,125,229,230,27,27,229,41,230,41,41,27,41,41,30,41,41,27,41,41,41,41,41,41,41,41,27,27,41,35,27,27,41,41,27,41,41,27,41,27,27,27,33,27,27,27,27,27,27,41,41,27,27,27,27,27,27,27,41,27,27,27,230,230,230,165,31,230,27,41,41,41,27,27,27,27,27,41,29,35,41,41,28,230,46,41,230,230,161,27,147,230,41,41,27,41,41,41,41,48,27,213,41,28,41,41,39,41,27,41,41,41,41,41,229,41,41,29,27,27,41,37,108,27,27,230,230,230,229,39,230,161,27,41,41,27,27,41,41,41,41,39,27,27,230,27,27,27,27,27,27,27,41,40,47,230,230,230,27,27,27,27,36,27,38,27,41,27,41,27,41,27,41,41,27,28,41,41,27,27,41,41,27,32,41,41,41,35,27,41,41,27,41,37,41,41,41,27,41,27,41,41,32,33,41,28,41,41,41,27,27,27,27,27,41,41,28,41,39,27,41,69,41,27,42,42,229,27,229,41,41,27,50,41,41,27,27,41,41,41,41,41,41,27,27,27,27,229,229,41,27,41,27,41,41,27,27,41,27,41,27,38,41,41,41,27,27,41,41,28,40,41,27,41,27,41,35,37,40,41,41,41,41,41,41,41,27,27,27,41,41,27,27,30,27,27,66,27,27,41,209,31,41,41,41,229,41,41,110,41,27,41,27,39,27,41,41,41,41,41,41,41,30,27,41,41,27,27,41,41,41,41,28,40,27,41,27,27,41,27,41,27,41,41,41,27,41,41,27,27,27,41,41,41,41,41,41,41,41,41,27,41,41,41,27,27,41,41,41,41,41,41,41,41,27,41,41,41,27,27,41,27,41,36,27,41,27,27,41,41,27,41,41,41,41,41,27,41,27,27,27,41,41,41,41,41,27,41,41,38,41,41,41,41,27,27,41,41,41,27,41,28,41,27,41,41,41,41,41,41,27,41,41,41,27,41,41,27,41,27,27,41,41,27,229,41,27,27,81,27,27,27,27,27,27,27,27,27,41,27,27,35,29,27,41,41,41,41,41,35,37,41,41,27,41,41,27,41,41,27,40,27,40,28,41,41,35,41,27,27,41,27,27,27,41,27,27,41,41,27,38,41,229,41,41,27,41,41,41,41,27,41,41,41,105,41,41,101,41,27,41,41
230,230,230,27,27,27,230,230,27,230,27,27,27,41,41,41,29,41,27,41,34,41,27,27,27,27,41,41,27,27,27,27,27,27,27,27,27,27,27,27,41,41,41,27,41,41,41,41,27,27,27,41,41,27,41,27,27,27,41,27,41,27,41,41,41,41,41,41,41,41,41,27,27,27,41,27,41,27,41,40,89,27,223,230,97,229,27,229,27,198,73,27,41,41,105,41,41,41,108,41,153,229,229,71,41,41,229,27,41,27,229,229,27,229,42,41,27,27,27,205,82,27,27,27,27,27,27,27,227,27,65,27,27,41,27,41,27,41,27,41,41,27,27,229,27,27,41,68,229,41,229,41,223,27,41,27,27,27,229,197,27,29,41,41,41,41,41,27,41,27,150,41,224,86,41,229,29,160,229,229,92,41,41,41,41,27,41,27,41,27,41,27,27,41,41,41,27,36,27,38,27,27,27,229,229,229,27,229,27,229,42,27,40,40,41,41,27,41,27,41,171,27,41,27,27,27,27,27,41,132,27,230,27,230,230,230,27,27,47,77,230,27,226,230,230,225,151,230,230,230,62,27,230,230,27,230,49,27,40,27,229,33,74,27,27,27,230,27,27,230,96,27,30,41,41,41,27,41,41,35,41,41,41,41,41,27,28,27,41,45,28,230,27,229,229,229,27,27,27,229,69,229,27,230,217,27,41,194,27,230,124,41,27,216,193,27,27,41,41,93,230,27,230,27,229,58,27,27,29,213,27,27,27,27,41,27,41,41,41,27,39,41,29,41,41,35,41,27,41,41,41,41,41,41,27,33,27,41,41,41,41,27,27,31,41,27,41,27,41,27,38,27,230,230,41,27,150,41,38,27,204,41,210,229,41,41,27,229,27,48,41,27,28,27,41,41,41,41,27,41,41,27,27,41,41,41,41,41,27,27,27,41,41,41,27,27,41,41,41,27,28,27,41,27,27,27,27,27,41,41,27,41,27,27,27,41,39,27,27,27,27,41,211,27,27,36,27,41,41,41,230,41,230,27,230,28,27,27,27,27,41,41,224,230,229,229,27,229,57,230,229,229,229,229,229,229,229,27,230,125,229,230,27,27,229,41,230,41,41,27,41,41,27,41,41,27,41,41,41,41,41,41,41,41,27,27,41,29,27,29,41,41,27,41,41,27,41,27,27,27,31,27,27,27,27,27,27,38,41,27,27,27,27,27,27,27,41,27,27,27,230,230,230,230,27,230,27,41,165,72,27,27,27,27,27,41,27,40,41,41,39,230,27,41,230,230,30,27,216,230,41,41,27,41,41,41,41,223,35,171,41,33,41,41,41,41,27,41,41,41,41,41,230,41,41,27,27,27,41,105,108,29,27,230,230,230,229,148,230,161,27,41,223,27,27,41,41,41,41,39,27,27,230,27,27,27,27,27,27,27,42,41,230,27,230,230,27,27,27,27,36,27,30,27,41,27,41,27,41,27,41,41,27,35,41,41,27,27,40,41,27,40,41,41,41,41,27,41,41,27,41,34,41,41,41,27,41,27,41,41,32,39,41,27,41,41,41,27,27,27,27,27,41,41,27,41,33,31,41,69,41,35,89,89,229,27,229,41,41,27,41,41,41,27,27,41,41,41,41,41,41,27,27,27,27,229,229,41,27,41,27,41,41,27,27,41,27,41,28,38,41,41,41,27,27,41,41,27,41,41,27,41,27,41,29,41,35,41,41,41,41,41,41,41,41,41,27,41,41,27,27,37,27,27,208,27,27,41,229,31,41,41,41,183,41,41,195,41,27,41,27,41,27,41,41,41,41,41,41,41,29,27,41,41,27,27,27,27,41,41,27,28,35,41,27,27,41,27,41,27,41,41,41,27,41,41,27,27,27,27,41,41,41,41,41,41,41,41,27,41,41,41,27,27,41,41,41,41,41,41,41,41,27,41,41,41,27,27,41,27,41,27,27,41,27,27,41,41,27,41,41,41,41,41,27,41,27,27,27,41,41,41,41,41,30,41,41,30,41,41,41,41,27,27,41,41,41,27,41,27,41,27,41,41,41,41,41,41,27,41,41,41,27,41,41,27,41,27,27,41,79,27,229,223,27,27,27,27,27,27,27,27,27,27,27,27,41,27,27,35,27,27,41,41,41,41,41,29,41,41,41,41,41,41,27,41,41,27,29,27,28,27,38,41,29,41,28,27,41,35,27,27,41,27,27,41,41,27,41,41,229,41,41,27,41,41,41,41,27,41,41,41,32,41,41,31,41,27,41,41
230,230,230,27,27,27,230,230,27,230,27,27,27,41,41,41,29,41,27,41,34,41,27,27,27,27,41,41,27,27,27,27,27,27,27,27,27,27,27,27,41,41,41,27,41,41,41,41,27,27,27,41,41,27,41,27,27,27,41,27,41,27,41,41,41,41,41,41,41,41,41,27,27,27,41,27,41,27,41,40,89,27,223,230,97,229,27,229,27,198,73,27,41,41,105,41,41,41,108,41,153,229,229,71,41,41,229,27,41,27,229,229,27,229,42,41,27,27,27,205,82,27,27,27,27,27,27,27,227,27,65,27,27,41,27,41,27,41,27,41,41,27,27,229,27,27,41,68,229,41,229,41,223,27,41,27,27,27,229,197,27,29,41,41,41,41,41,27,41,27,150,41,224,86,41,229,29,160,229,229,92,41,41,41,41,27,41,27,41,27,41,27,27,41,41,41,27,36,27,38,27,27,27,229,229,229,27,229,27,229,42,27,40,40,41,41,27,41,27,41,171,27,41,27,27,27,27,27,41,132,27,230,27,230,230,230,27,27,47,77,230,27,226,230,230,225,151,230,230,230,62,27,230,230,27,230,49,27,40,27,229,33,74,27,27,27,230,27,27,230,96,27,30,41,41,41,27,41,41,35,41,41,41,41,41,27,28,27,41,45,28,230,27,229,229,229,27,27,27,229,69,229,27,230,217,27,41,194,27,230,124,41,27,216,193,27,27,41,41,93,230,27,230,27,229,58,27,27,29,213,27,27,27,27,41,27,41,41,41,27,39,41,29,41,41,35,41,27,41,41,41,41,41,41,27,33,27,41,41,41,41,27,27,31,41,27,41,27,41,27,38,27,230,230,41,27,150,41,38,27,204,41,210,229,41,41,27,229,27,48,41,27,28,27,41,41,41,41,27,41,41,27,27,41,41,41,41,41,27,27,27,41,41,41,27,27,41,41,41,27,28,27,41,27,27,27,27,27,41,41,27,41,27,27,27,41,39,27,27,27,27,41,211,27,27,36,27,41,41,41,230,41,230,27,230,28,27,27,27,27,41,41,224,230,229,229,27,229,57,230,229,229,229,229,229,229,229,27,230,125,229,230,27,27,229,41,230,41,41,27,41,41,27,41,41,27,41,41,41,41,41,41,41,41,27,27,41,29,27,29,41,41,27,41,41,27,41,27,27,27,31,27,27,27,27,27,27,38,41,27,27,27,27,27,27,27,41,27,27,27,230,230,230,230,27,230,27,41,165,72,27,27,27,27,27,41,27,40,41,41,39,230,27,41,230,230,30,27,216,230,41,41,27,41,41,41,41,223,35,171,41,33,41,41,41,41,27,41,41,41,41,41,230,41,41,27,27,27,41,105,108,29,27,230,230,230,229,148,230,161,27,41,223,27,27,41,41,41,41,39,27,27,230,27,27,27,27,27,27,27,42,41,230,27,230,230,27,27,27,27,36,27,30,27,41,27,41,27,41,27,41,41,27,35,41,41,27,27,40,41,27,40,41,41,41,41,27,41,41,27,41,34,41,41,41,27,41,27,41,41,32,39,41,27,41,41,41,27,27,27,27,27,41,41,27,41,33,31,41,69,41,35,89,89,229,27,229,41,41,27,41,41,41,27,27,41,41,41,41,41,41,27,27,27,27,229,229,41,27,41,27,41,41,27,27,41,27,41,28,38,41,41,41,27,27,41,41,27,41,41,27,41,27,41,29,41,35,41,41,41,41,41,41,41,41,41,27,41,41,27,27,37,27,27,208,27,27,41,229,31,41,41,41,183,41,41,195,41,27,41,27,41,27,41,41,41,41,41,41,41,29,27,41,41,27,27,27,27,41,41,27,28,35,41,27,27,41,27,41,27,41,41,41,27,41,41,27,27,27,27,41,41,41,41,41,41,41,41,27,41,41,41,27,27,41,41,41,41,41,41,41,41,27,41,41,41,27,27,41,27,41,27,27,41,27,27,41,41,27,41,41,41,41,41,27,41,27,27,27,41,41,41,41,41,30,41,41,30,41,41,41,41,27,27,41,41,41,27,41,27,41,27,41,41,41,41,41,41,27,41,41,41,27,41,41,27,41,27,27,41,79,27,229,223,27,27,27,27,27,27,27,27,27,27,27,27,41,27,27,35,27,27,41,41,41,41,41,29,41,41,41,41,41,41,27,41,41,27,29,27,28,27,38,41,29,41,28,27,41,35,27,27,41,27,27,41,41,27,41,41,229,41,41,27,41,41,41,41,27,41,41,41,32,41,41,31,41,27,41,41
230,230,33,27,27,27,230,230,27,230,27,41,27,41,41,41,27,40,27,41,34,41,27,27,27,27,41,41,27,27,27,27,27,27,27,27,27,27,27,27,41,41,41,27,41,41,41,41,27,27,27,41,41,27,41,27,27,27,41,27,41,27,41,41,41,41,41,41,41,41,41,27,27,27,41,27,36,27,41,40,185,44,27,230,230,229,27,223,27,230,73,27,41,41,32,41,41,41,201,41,153,229,229,148,41,41,229,35,41,27,229,229,27,229,65,41,27,27,32,205,180,27,27,27,27,27,27,27,229,27,65,27,27,41,27,41,27,41,27,41,41,27,27,229,28,27,51,151,229,42,229,41,229,27,41,27,27,27,229,197,27,35,41,41,41,41,41,27,41,27,30,41,229,180,41,229,38,27,229,229,92,41,41,40,41,27,41,27,41,27,41,27,27,41,41,41,27,41,27,38,27,27,27,229,229,229,27,229,27,229,47,29,41,41,41,41,27,41,27,41,31,27,41,27,27,27,27,27,41,132,27,223,27,230,230,230,27,27,230,77,230,27,230,230,230,230,47,230,230,230,27,27,230,230,27,230,27,27,41,27,230,27,27,27,27,27,230,27,27,230,96,27,37,41,41,41,40,41,41,32,41,41,41,41,41,27,27,27,41,48,27,230,27,229,229,229,27,27,27,229,69,229,32,230,152,27,41,229,27,230,124,41,27,229,69,27,27,41,41,93,230,27,230,27,230,27,27,27,34,213,27,29,27,27,41,27,41,41,41,27,39,41,27,41,41,29,41,27,41,41,41,41,41,41,38,41,27,41,41,41,36,27,27,27,41,27,41,27,36,27,41,27,230,230,41,41,27,41,41,40,204,41,229,229,41,41,27,229,27,41,41,27,27,27,41,41,41,41,27,41,41,27,27,41,41,41,41,41,27,27,27,41,41,41,27,27,41,41,41,27,28,27,41,27,27,27,27,27,41,41,27,41,27,27,27,41,29,27,27,27,27,41,57,27,27,29,27,41,41,41,230,41,230,27,230,36,27,27,27,27,41,42,229,230,229,229,27,163,206,230,229,229,230,229,229,229,229,30,182,125,229,230,27,27,229,41,230,41,41,27,41,41,27,41,41,27,41,41,41,41,41,41,41,36,27,27,41,27,27,34,41,41,27,41,41,27,40,27,27,27,28,27,27,27,27,27,27,30,27,27,27,27,27,27,27,27,41,27,27,27,230,213,230,230,27,230,27,41,230,150,27,27,27,27,27,41,27,41,41,41,41,230,27,41,230,228,27,27,230,230,41,41,27,41,41,41,41,230,41,76,41,39,41,41,41,41,27,41,41,41,41,41,230,41,41,27,27,27,41,210,108,35,27,230,230,230,229,220,230,161,27,41,229,27,27,41,41,41,41,39,27,27,230,27,27,27,27,27,27,27,71,41,230,27,230,230,27,27,27,27,36,27,27,27,41,27,27,27,41,27,41,41,27,40,41,41,27,27,28,41,27,41,41,41,41,41,27,41,41,27,38,29,41,41,41,27,40,27,36,41,32,41,41,27,41,41,62,27,29,27,27,28,41,41,27,41,28,38,41,68,41,41,182,182,229,27,229,41,41,27,41,41,41,27,27,41,41,41,41,41,41,27,27,27,27,27,229,41,27,41,27,41,41,27,27,41,27,41,36,36,41,41,41,27,27,41,41,27,41,41,27,41,27,41,27,41,29,40,41,40,41,41,41,41,41,41,27,41,41,27,27,41,27,27,229,27,27,41,229,31,41,41,41,87,41,41,230,41,29,41,27,41,27,41,41,41,41,41,41,41,30,27,41,38,27,40,27,27,41,41,27,27,41,41,27,27,41,27,41,27,41,41,41,27,41,41,27,27,27,27,41,41,41,41,41,41,40,41,27,41,41,41,27,27,41,41,41,41,41,41,41,41,27,41,41,41,27,27,41,27,41,27,27,41,27,27,41,41,27,41,41,41,41,41,27,41,41,27,27,41,41,41,41,41,37,41,41,27,41,41,41,41,27,27,41,41,41,27,41,27,41,27,41,41,41,41,41,41,27,41,41,41,27,41,41,27,41,27,27,41,162,27,229,229,27,27,27,27,27,27,27,27,27,27,27,27,41,27,27,35,27,27,41,41,41,41,41,27,41,41,41,41,36,41,27,41,41,27,27,27,27,27,31,41,27,41,34,27,41,41,27,28,41,27,27,41,41,27,41,41,229,41,41,27,41,41,41,41,27,41,41,41,27,41,41,27,41,28,41,41
230,230,27,27,229,27,230,230,27,230,27,41,27,41,41,41,27,36,27,41,34,41,27,27,27,27,41,41,27,27,27,27,27,27,27,27,27,27,27,27,41,41,41,27,41,40,33,41,27,27,27,41,41,27,41,27,27,27,41,27,28,27,27,41,41,41,41,41,41,36,41,27,27,27,41,27,27,27,41,40,229,112,27,230,230,229,27,27,27,230,73,27,41,41,27,41,41,41,229,41,153,229,229,212,41,41,229,41,41,27,229,229,27,229,209,41,27,27,151,205,227,27,27,27,27,27,27,27,229,27,65,27,27,41,27,41,27,41,27,41,45,27,27,229,35,27,225,214,229,78,229,41,229,27,41,27,27,27,229,197,29,40,41,41,41,41,41,27,41,27,27,41,229,230,41,229,41,27,212,229,92,41,41,28,41,27,41,27,41,27,41,27,27,41,41,41,32,41,27,38,27,27,27,229,229,229,27,229,27,229,49,35,41,41,41,41,27,41,27,41,31,27,41,27,27,27,27,27,41,132,27,41,27,230,230,230,27,27,230,77,230,27,230,230,230,230,27,230,230,230,27,27,230,228,27,230,27,27,41,27,230,27,27,27,27,27,230,27,27,230,27,27,41,41,41,40,41,41,41,31,41,41,41,41,41,27,27,27,229,50,27,226,27,229,229,229,27,27,27,229,69,229,212,230,58,27,41,229,27,230,124,41,27,229,28,27,27,41,41,93,230,27,230,27,230,27,27,27,39,27,27,39,27,27,41,27,41,41,41,27,39,41,27,41,41,27,37,27,41,41,41,41,41,36,41,41,27,41,41,41,27,27,29,27,41,27,41,27,27,27,41,27,230,230,41,41,27,41,41,41,203,47,229,229,41,41,27,229,27,41,41,27,27,28,41,41,41,41,27,41,41,27,27,36,41,41,41,41,27,27,27,41,41,41,29,27,41,41,41,27,28,27,41,27,27,27,27,27,27,41,27,38,27,27,27,41,27,27,27,27,27,41,41,27,27,27,27,41,41,41,228,42,230,27,230,40,27,27,27,27,41,83,229,230,229,229,27,38,229,230,229,229,230,229,229,229,229,37,81,125,229,230,27,27,229,41,230,52,41,38,41,41,27,39,41,27,41,32,41,41,40,41,41,27,27,27,41,27,27,37,41,41,27,41,41,27,36,27,27,27,27,27,27,27,27,27,27,27,27,27,27,27,27,27,27,27,41,27,27,27,230,145,230,230,27,230,41,41,230,214,27,27,27,27,30,41,27,41,41,41,41,230,27,41,230,162,27,30,230,230,41,41,27,41,41,41,41,230,41,29,41,41,41,41,41,41,27,41,41,27,41,41,230,41,41,27,27,27,41,229,108,40,61,230,230,230,230,229,230,161,28,41,229,27,27,41,41,41,41,39,27,27,230,27,27,27,27,27,27,27,200,41,230,27,230,230,27,27,27,27,36,27,27,27,41,27,27,27,41,27,41,41,27,41,41,41,27,27,27,41,27,41,41,41,41,41,41,41,41,28,31,27,41,41,41,27,35,27,27,41,32,41,41,27,41,41,201,27,35,27,27,33,41,41,27,41,27,41,41,34,41,41,229,229,185,36,229,41,41,27,41,41,41,36,27,41,41,41,41,41,41,27,27,27,27,27,229,46,27,41,27,41,41,27,27,41,27,41,40,32,41,41,41,27,27,41,41,27,41,41,27,41,27,41,27,41,27,35,41,35,41,36,41,41,41,41,27,41,41,27,27,41,27,27,229,27,27,41,229,49,41,41,41,41,57,41,230,41,35,41,30,41,27,41,41,41,41,41,41,41,30,27,41,30,28,41,27,27,41,41,27,27,41,41,27,28,41,27,41,27,41,41,41,27,41,41,27,27,27,27,41,41,41,41,41,41,35,41,30,41,41,41,27,27,41,41,41,41,41,41,41,41,27,41,41,41,27,27,41,27,41,27,27,27,27,27,41,41,27,41,41,41,41,41,27,41,41,27,27,41,41,41,41,41,41,41,41,27,41,41,41,41,30,27,41,41,41,27,41,27,41,27,41,41,41,41,41,41,27,41,41,41,27,41,41,27,41,27,27,41,209,27,229,229,27,27,27,27,27,27,27,27,27,27,27,27,37,27,27,33,27,27,41,41,41,41,41,27,41,38,41,41,27,41,27,41,41,27,27,28,27,27,27,41,27,41,37,27,41,41,40,40,27,41,27,41,41,27,41,41,197,41,41,27,41,41,41,41,27,41,41,38,27,41,38,27,41,35,41,41
230,230,27,27,229,27,230,230,27,230,27,41,27,41,41,41,27,36,27,41,34,41,27,27,27,27,41,41,27,27,27,27,27,27,27,27,27,27,27,27,41,41,41,27,41,40,33,41,27,27,27,41,41,27,41,27,27,27,41,27,28,27,27,41,41,41,41,41,41,36,41,27,27,27,41,27,27,27,41,40,229,112,27,230,230,229,27,27,27,230,73,27,41,41,27,41,41,41,229,41,153,229,229,212,41,41,229,41,41,27,229,229,27,229,209,41,27,27,151,205,227,27,27,27,27,27,27,27,229,27,65,27,27,41,27,41,27,41,27,41,45,27,27,229,35,27,225,214,229,78,229,41,229,27,41,27,27,27,229,197,29,40,41,41,41,41,41,27,41,27,27,41,229,230,41,229,41,27,212,229,92,41,41,28,41,27,41,27,41,27,41,27,27,41,41,41,32,41,27,38,27,27,27,229,229,229,27,229,27,229,49,35,41,41,41,41,27,41,27,41,31,27,41,27,27,27,27,27,41,132,27,41,27,230,230,230,27,27,230,77,230,27,230,230,230,230,27,230,230,230,27,27,230,228,27,230,27,27,41,27,230,27,27,27,27,27,230,27,27,230,27,27,41,41,41,40,41,41,41,31,41,41,41,41,41,27,27,27,229,50,27,226,27,229,229,229,27,27,27,229,69,229,212,230,58,27,41,229,27,230,124,41,27,229,28,27,27,41,41,93,230,27,230,27,230,27,27,27,39,27,27,39,27,27,41,27,41,41,41,27,39,41,27,41,41,27,37,27,41,41,41,41,41,36,41,41,27,41,41,41,27,27,29,27,41,27,41,27,27,27,41,27,230,230,41,41,27,41,41,41,203,47,229,229,41,41,27,229,27,41,41,27,27,28,41,41,41,41,27,41,41,27,27,36,41,41,41,41,27,27,27,41,41,41,29,27,41,41,41,27,28,27,41,27,27,27,27,27,27,41,27,38,27,27,27,41,27,27,27,27,27,41,41,27,27,27,27,41,41,41,228,42,230,27,230,40,27,27,27,27,41,83,229,230,229,229,27,38,229,230,229,229,230,229,229,229,229,37,81,125,229,230,27,27,229,41,230,52,41,38,41,41,27,39,41,27,41,32,41,41,40,41,41,27,27,27,41,27,27,37,41,41,27,41,41,27,36,27,27,27,27,27,27,27,27,27,27,27,27,27,27,27,27,27,27,27,41,27,27,27,230,145,230,230,27,230,41,41,230,214,27,27,27,27,30,41,27,41,41,41,41,230,27,41,230,162,27,30,230,230,41,41,27,41,41,41,41,230,41,29,41,41,41,41,41,41,27,41,41,27,41,41,230,41,41,27,27,27,41,229,108,40,61,230,230,230,230,229,230,161,28,41,229,27,27,41,41,41,41,39,27,27,230,27,27,27,27,27,27,27,200,41,230,27,230,230,27,27,27,27,36,27,27,27,41,27,27,27,41,27,41,41,27,41,41,41,27,27,27,41,27,41,41,41,41,41,41,41,41,28,31,27,41,41,41,27,35,27,27,41,32,41,41,27,41,41,201,27,35,27,27,33,41,41,27,41,27,41,41,34,41,41,229,229,185,36,229,41,41,27,41,41,41,36,27,41,41,41,41,41,41,27,27,27,27,27,229,46,27,41,27,41,41,27,27,41,27,41,40,32,41,41,41,27,27,41,41,27,41,41,27,41,27,41,27,41,27,35,41,35,41,36,41,41,41,41,27,41,41,27,27,41,27,27,229,27,27,41,229,49,41,41,41,41,57,41,230,41,35,41,30,41,27,41,41,41,41,41,41,41,30,27,41,30,28,41,27,27,41,41,27,27,41,41,27,28,41,27,41,27,41,41,41,27,41,41,27,27,27,27,41,41,41,41,41,41,35,41,30,41,41,41,27,27,41,41,41,41,41,41,41,41,27,41,41,41,27,27,41,27,41,27,27,27,27,27,41,41,27,41,41,41,41,41,27,41,41,27,27,41,41,41,41,41,41,41,41,27,41,41,41,41,30,27,41,41,41,27,41,27,41,27,41,41,41,41,41,41,27,41,41,41,27,41,41,27,41,27,27,41,209,27,229,229,27,27,27,27,27,27,27,27,27,27,27,27,37,27,27,33,27,27,41,41,41,41,41,27,41,38,41,41,27,41,27,41,41,27,27,28,27,27,27,41,27,41,37,27,41,41,40,40,27,41,27,41,41,27,41,41,197,41,41,27,41,41,41,41,27,41,41,38,27,41,38,27,41,35,41,41
223,230,27,27,229,27,230,230,27,230,27,41,27,41,41,41,27,29,35,41,34,41,27,27,27,27,41,41,27,27,27,27,27,27,27,27,27,27,27,27,41,41,27,27,41,35,27,41,29,27,27,41,41,29,41,27,28,27,41,27,27,27,27,41,41,41,41,41,41,28,41,27,27,29,41,27,27,36,41,40,229,198,27,230,230,223,27,27,27,230,73,27,41,41,27,41,41,41,229,41,153,229,229,229,41,41,229,41,41,27,229,229,27,229,229,41,27,27,223,198,229,27,27,27,27,27,27,27,229,27,65,27,27,41,27,41,27,41,27,41,161,27,27,223,40,27,229,229,212,196,194,229,229,27,41,27,27,27,201,197,39,41,41,41,41,41,41,27,41,27,27,46,229,230,41,229,41,27,144,229,96,41,41,27,41,27,41,27,40,27,41,27,27,41,41,41,41,41,27,38,27,27,27,229,229,229,27,229,27,229,50,40,41,41,41,41,27,41,27,41,31,27,41,27,36,27,27,27,41,132,36,27,27,230,230,230,27,27,230,77,230,230,230,230,230,230,27,230,230,230,27,27,230,158,27,230,27,27,41,27,230,27,27,27,27,27,192,27,27,230,27,27,41,41,41,35,41,53,41,31,41,41,41,41,41,27,27,27,229,50,27,106,28,229,229,229,27,27,27,229,69,229,229,230,27,27,41,229,27,230,127,58,27,229,27,27,27,61,41,93,230,27,230,27,230,27,27,27,41,27,27,41,27,27,41,27,41,41,41,27,39,41,27,41,41,27,30,27,41,41,41,41,41,27,41,41,27,41,41,41,27,27,34,27,41,27,41,27,27,27,41,27,218,206,41,41,27,41,64,41,184,209,229,229,41,41,27,229,27,41,41,35,27,31,41,41,41,41,28,41,41,27,27,27,41,41,41,41,27,27,41,41,41,41,35,27,41,41,41,27,28,27,41,27,27,27,27,27,27,41,27,31,27,27,27,41,27,27,27,27,27,40,41,27,27,27,27,40,41,41,162,86,230,27,209,41,27,27,27,27,41,188,229,230,229,229,27,27,229,223,229,229,230,230,229,229,229,41,28,125,229,230,27,27,229,41,230,213,41,90,41,41,27,33,41,27,41,27,41,41,35,41,41,27,27,27,41,27,30,40,41,41,27,41,41,27,28,27,27,27,27,27,27,27,27,27,27,27,27,27,27,27,27,27,27,27,41,27,27,27,230,60,212,230,27,230,41,41,230,230,27,27,27,27,37,41,27,41,41,41,41,230,27,165,230,39,27,38,230,230,41,41,27,41,41,41,41,230,41,28,41,41,41,41,41,41,27,37,41,27,41,41,230,41,41,27,27,27,41,229,108,41,191,230,230,230,230,229,230,141,36,41,229,27,27,41,41,41,41,39,27,27,230,27,27,27,27,27,27,27,230,66,230,27,230,230,27,27,27,27,36,27,27,27,40,27,27,27,41,41,41,41,28,41,41,41,27,27,27,41,27,41,41,41,41,41,41,27,41,40,27,27,41,41,41,27,29,27,27,41,32,41,41,27,41,41,230,41,40,27,27,39,41,41,27,41,27,41,41,30,41,41,229,229,92,41,229,41,41,27,41,41,41,41,27,38,41,41,41,41,41,27,27,27,27,27,229,207,27,41,27,41,41,27,27,41,27,41,41,30,41,41,41,27,27,41,41,27,41,41,27,41,29,41,27,41,27,29,41,29,41,28,41,41,41,41,27,41,41,27,41,41,27,27,229,27,27,41,208,85,41,41,41,41,120,38,230,28,40,41,37,41,27,41,41,41,41,41,41,41,30,27,41,27,34,41,27,27,41,41,27,27,41,41,27,35,41,27,41,27,41,41,41,27,41,41,27,27,27,27,36,41,41,41,41,41,29,40,37,41,41,41,41,35,40,27,41,41,40,41,41,41,27,41,41,41,27,27,41,27,27,27,27,27,27,27,41,41,27,41,41,36,41,40,27,41,41,27,27,41,41,41,41,41,41,41,41,27,41,41,41,41,38,30,41,41,41,27,41,27,41,27,41,41,41,41,41,41,27,41,41,41,27,41,41,27,41,27,27,41,211,27,229,229,27,27,27,27,27,27,27,27,27,27,27,27,30,27,27,33,27,27,41,41,41,41,41,27,41,31,41,41,27,41,27,41,41,27,27,39,27,27,27,41,27,41,40,27,41,41,41,41,27,41,27,41,41,27,41,41,112,41,41,27,41,41,41,41,27,41,41,30,27,41,30,27,41,40,41,41
223,230,27,27,229,27,230,230,27,230,27,41,27,41,41,41,27,29,35,41,34,41,27,27,27,27,41,41,27,27,27,27,27,27,27,27,27,27,27,27,41,41,27,27,41,35,27,41,29,27,27,41,41,29,41,27,28,27,41,27,27,27,27,41,41,41,41,41,41,28,41,27,27,29,41,27,27,36,41,40,229,198,27,230,230,223,27,27,27,230,73,27,41,41,27,41,41,41,229,41,153,229,229,229,41,41,229,41,41,27,229,229,27,229,229,41,27,27,223,198,229,27,27,27,27,27,27,27,229,27,65,27,27,41,27,41,27,41,27,41,161,27,27,223,40,27,229,229,212,196,194,229,229,27,41,27,27,27,201,197,39,41,41,41,41,41,41,27,41,27,27,46,229,230,41,229,41,27,144,229,96,41,41,27,41,27,41,27,40,27,41,27,27,41,41,41,41,41,27,38,27,27,27,229,229,229,27,229,27,229,50,40,41,41,41,41,27,41,27,41,31,27,41,27,36,27,27,27,41,132,36,27,27,230,230,230,27,27,230,77,230,230,230,230,230,230,27,230,230,230,27,27,230,158,27,230,27,27,41,27,230,27,27,27,27,27,192,27,27,230,27,27,41,41,41,35,41,53,41,31,41,41,41,41,41,27,27,27,229,50,27,106,28,229,229,229,27,27,27,229,69,229,229,230,27,27,41,229,27,230,127,58,27,229,27,27,27,61,41,93,230,27,230,27,230,27,27,27,41,27,27,41,27,27,41,27,41,41,41,27,39,41,27,41,41,27,30,27,41,41,41,41,41,27,41,41,27,41,41,41,27,27,34,27,41,27,41,27,27,27,41,27,218,206,41,41,27,41,64,41,184,209,229,229,41,41,27,229,27,41,41,35,27,31,41,41,41,41,28,41,41,27,27,27,41,41,41,41,27,27,41,41,41,41,35,27,41,41,41,27,28,27,41,27,27,27,27,27,27,41,27,31,27,27,27,41,27,27,27,27,27,40,41,27,27,27,27,40,41,41,162,86,230,27,209,41,27,27,27,27,41,188,229,230,229,229,27,27,229,223,229,229,230,230,229,229,229,41,28,125,229,230,27,27,229,41,230,213,41,90,41,41,27,33,41,27,41,27,41,41,35,41,41,27,27,27,41,27,30,40,41,41,27,41,41,27,28,27,27,27,27,27,27,27,27,27,27,27,27,27,27,27,27,27,27,27,41,27,27,27,230,60,212,230,27,230,41,41,230,230,27,27,27,27,37,41,27,41,41,41,41,230,27,165,230,39,27,38,230,230,41,41,27,41,41,41,41,230,41,28,41,41,41,41,41,41,27,37,41,27,41,41,230,41,41,27,27,27,41,229,108,41,191,230,230,230,230,229,230,141,36,41,229,27,27,41,41,41,41,39,27,27,230,27,27,27,27,27,27,27,230,66,230,27,230,230,27,27,27,27,36,27,27,27,40,27,27,27,41,41,41,41,28,41,41,41,27,27,27,41,27,41,41,41,41,41,41,27,41,40,27,27,41,41,41,27,29,27,27,41,32,41,41,27,41,41,230,41,40,27,27,39,41,41,27,41,27,41,41,30,41,41,229,229,92,41,229,41,41,27,41,41,41,41,27,38,41,41,41,41,41,27,27,27,27,27,229,207,27,41,27,41,41,27,27,41,27,41,41,30,41,41,41,27,27,41,41,27,41,41,27,41,29,41,27,41,27,29,41,29,41,28,41,41,41,41,27,41,41,27,41,41,27,27,229,27,27,41,208,85,41,41,41,41,120,38,230,28,40,41,37,41,27,41,41,41,41,41,41,41,30,27,41,27,34,41,27,27,41,41,27,27,41,41,27,35,41,27,41,27,41,41,41,27,41,41,27,27,27,27,36,41,41,41,41,41,29,40,37,41,41,41,41,35,40,27,41,41,40,41,41,41,27,41,41,41,27,27,41,27,27,27,27,27,27,27,41,41,27,41,41,36,41,40,27,41,41,27,27,41,41,41,41,41,41,41,41,27,41,41,41,41,38,30,41,41,41,27,41,27,41,27,41,41,41,41,41,41,27,41,41,41,27,41,41,27,41,27,27,41,211,27,229,229,27,27,27,27,27,27,27,27,27,27,27,27,30,27,27,33,27,27,41,41,41,41,41,27,41,31,41,41,27,41,27,41,41,27,27,39,27,27,27,41,27,41,40,27,41,41,41,41,27,41,27,41,41,27,41,41,112,41,41,27,41,41,41,41,27,41,41,30,27,41,30,27,41,40,41,41
46,230,27,27,229,27,230,230,58,230,27,41,27,41,41,41,27,27,41,41,34,41,27,27,27,27,41,41,27,27,27,27,27,27,27,27,27,27,27,27,41,41,27,27,39,28,27,41,39,27,27,38,41,35,41,27,36,27,38,27,27,27,27,41,41,41,41,27,41,27,41,28,27,35,41,27,27,36,41,40,229,230,27,230,230,27,36,27,27,230,73,27,41,41,27,41,41,41,229,41,153,229,229,229,37,61,229,41,41,27,229,229,27,229,229,42,27,27,229,72,229,27,27,27,27,27,27,27,229,27,65,27,27,41,27,41,27,41,27,41,161,27,27,41,41,28,229,229,64,229,68,229,229,27,41,27,27,27,63,197,41,41,41,41,42,54,41,30,41,27,27,152,229,230,41,229,41,27,60,229,115,41,41,27,41,27,41,27,29,27,41,27,27,41,41,41,41,41,28,37,27,27,40,229,229,226,28,229,28,229,50,41,41,41,41,41,27,41,27,41,31,27,41,27,41,36,27,27,41,132,41,27,27,230,230,230,27,27,230,77,230,230,230,230,215,230,27,230,230,230,27,27,230,31,27,230,27,27,42,27,230,27,27,27,27,27,70,27,27,230,27,27,41,41,41,29,41,212,41,31,41,41,41,41,41,27,27,27,229,50,27,33,34,205,229,229,27,32,27,229,106,230,229,230,27,27,42,229,27,230,229,209,27,229,27,27,27,210,41,93,230,27,230,29,230,27,27,27,41,27,27,41,27,27,41,27,41,41,41,27,39,41,27,41,41,27,27,27,41,41,41,41,41,27,41,41,27,41,41,41,27,27,40,27,41,27,41,27,27,27,41,27,58,59,41,41,27,41,153,41,182,228,229,229,41,223,27,230,27,41,41,40,27,34,41,41,41,41,32,41,41,27,27,27,41,41,41,41,27,27,41,41,41,41,40,27,41,41,41,27,28,27,41,27,27,27,27,27,27,41,27,27,27,27,27,40,27,27,27,32,27,36,41,27,27,27,28,36,41,46,39,184,230,30,55,41,27,35,27,27,164,230,229,230,230,229,27,27,229,156,229,229,230,230,229,229,229,41,27,125,229,213,27,97,229,41,230,229,41,161,41,41,27,28,41,28,41,27,41,41,29,41,41,27,27,27,27,27,38,41,41,41,27,41,41,27,27,27,27,27,27,27,27,27,27,27,27,27,27,27,27,27,27,27,27,27,41,27,27,27,230,27,178,230,27,229,41,41,230,230,27,27,35,27,41,41,27,41,41,41,41,230,27,230,230,27,27,41,230,230,41,41,27,41,41,41,51,230,41,28,41,41,41,41,41,41,27,30,41,27,41,41,230,41,41,27,29,37,39,229,108,41,229,230,230,230,230,229,230,65,40,41,229,27,27,41,41,41,41,39,27,27,230,27,27,27,27,27,27,27,230,200,230,27,230,230,27,27,27,27,36,27,27,27,35,27,27,27,41,41,41,41,40,41,41,41,27,27,27,41,28,41,41,41,41,41,41,27,41,41,27,27,41,41,41,27,27,27,27,41,32,41,41,27,41,41,230,41,41,28,27,41,41,41,27,41,27,41,41,30,41,41,229,229,43,41,229,47,50,27,41,41,41,41,27,30,41,41,41,41,41,27,27,27,27,27,221,228,27,45,27,41,41,27,27,41,27,41,41,30,40,41,41,27,27,41,41,27,41,41,27,40,35,41,27,41,27,27,41,27,41,27,41,41,41,41,27,41,41,27,41,41,28,27,229,27,29,41,48,85,27,41,41,41,199,31,230,27,41,41,41,41,27,41,41,41,41,41,41,41,30,27,41,27,40,41,27,27,41,41,27,27,41,41,27,40,39,27,41,27,41,41,41,27,27,41,27,27,27,27,27,36,41,41,41,41,27,35,41,41,41,41,41,41,28,27,41,41,28,41,41,41,27,36,41,41,27,27,40,27,27,27,27,27,27,27,41,38,27,40,41,28,41,28,27,41,41,27,30,41,41,41,41,41,41,41,41,27,41,41,41,38,41,38,41,41,41,27,41,27,41,27,41,41,36,41,41,41,27,41,39,41,27,41,41,27,41,27,27,41,211,27,229,229,27,27,27,27,27,27,27,27,27,27,27,27,27,27,27,33,27,27,41,41,41,41,41,27,41,27,41,41,27,41,27,41,41,27,27,41,27,27,27,41,27,41,41,30,41,41,41,41,27,41,27,41,41,27,41,41,44,41,41,27,41,41,41,41,27,41,41,27,27,41,27,27,41,41,41,41
27,230,27,160,229,27,230,230,190,230,27,41,27,41,41,41,27,27,41,39,34,41,27,27,27,27,41,41,27,27,27,27,27,27,27,27,27,27,27,27,36,41,27,27,29,27,27,41,41,28,36,30,41,40,41,27,40,27,30,27,27,30,27,41,41,41,41,27,41,27,41,36,41,40,41,27,27,41,41,40,229,230,27,230,230,27,41,27,30,230,73,27,41,41,27,41,41,38,229,41,148,229,229,229,30,142,229,41,41,27,229,229,27,229,207,46,27,41,229,53,229,27,27,27,27,27,27,27,229,27,65,27,27,41,27,41,27,41,27,41,161,27,27,41,41,35,229,229,42,229,28,229,229,27,41,27,27,27,27,197,41,41,41,41,72,211,41,38,41,27,27,167,229,230,46,229,41,27,27,229,138,41,41,27,41,27,41,27,27,27,41,27,27,41,41,41,41,41,31,33,27,27,41,229,229,161,40,229,40,229,50,41,41,41,41,40,27,41,27,41,31,27,41,27,41,41,27,27,106,132,41,27,27,230,230,230,27,27,230,77,230,230,230,230,149,230,27,230,230,230,27,27,228,27,27,230,27,27,67,27,230,27,27,27,27,27,28,27,52,230,27,27,41,41,41,27,41,229,41,31,41,41,41,41,41,32,27,27,229,50,27,27,40,123,229,229,27,100,27,229,185,230,229,230,27,27,45,229,27,198,229,229,27,221,27,27,27,230,41,93,230,27,230,35,230,27,27,27,41,27,27,41,27,27,41,27,41,41,41,27,39,41,27,41,41,27,27,27,41,41,41,41,41,27,41,41,27,41,41,41,27,27,41,27,38,27,41,27,27,27,66,29,41,28,41,41,27,40,217,41,182,229,229,229,41,229,27,230,29,41,41,41,27,39,41,41,41,41,39,41,41,27,40,27,41,41,41,37,27,27,41,41,27,41,41,29,40,41,41,27,28,27,41,27,27,27,27,27,27,41,27,27,27,27,27,29,27,27,27,33,27,41,59,27,27,27,36,28,47,152,27,230,230,38,28,41,27,27,27,41,164,230,229,230,230,230,27,27,229,45,229,229,230,230,229,229,229,41,27,125,229,111,27,230,229,40,230,229,41,183,41,41,27,27,41,33,41,27,39,41,27,41,41,27,27,27,27,27,41,41,41,41,27,41,41,27,27,27,27,35,27,27,27,27,27,27,27,27,27,27,27,27,27,27,27,27,41,27,27,27,230,27,127,230,27,229,41,165,230,230,27,27,40,27,41,41,27,42,41,41,41,230,27,230,230,27,27,41,230,33,41,41,27,41,41,41,219,230,41,28,41,41,41,41,41,41,27,27,41,27,41,41,211,41,41,27,39,105,29,229,109,41,229,230,230,230,230,229,230,42,41,41,229,41,36,41,41,41,41,39,27,27,230,27,27,27,27,27,27,27,230,230,230,27,230,230,27,27,27,27,36,27,27,27,29,27,27,27,41,41,41,41,41,41,41,41,27,36,27,41,40,41,36,36,41,41,41,27,41,41,27,27,41,41,41,27,27,36,27,41,32,79,41,27,41,41,230,41,41,32,27,41,41,41,27,41,27,41,41,30,41,54,229,186,41,41,47,229,220,40,36,41,41,41,27,27,41,41,41,36,41,27,27,27,27,27,47,229,27,128,27,41,41,27,27,40,27,41,41,30,35,41,41,27,27,41,41,27,41,41,27,35,40,41,27,41,27,27,41,27,41,27,41,41,41,41,27,41,41,27,41,41,40,27,206,27,35,41,27,85,27,41,41,41,229,27,224,27,41,41,41,41,28,41,41,41,41,41,41,41,30,27,41,27,41,41,27,27,41,41,27,27,41,38,27,41,29,27,28,27,41,41,41,27,27,41,27,27,27,27,27,27,41,41,41,41,27,29,41,41,41,41,41,41,27,27,41,41,27,41,41,41,27,28,41,41,30,27,35,27,27,27,27,27,27,27,41,30,27,35,41,27,41,27,27,41,41,27,38,41,41,41,41,41,41,41,41,27,41,41,41,30,41,41,41,41,41,27,41,27,41,27,41,41,28,41,41,41,27,41,29,41,27,41,41,28,41,27,27,41,211,27,179,229,27,27,27,27,27,27,27,27,27,27,27,27,27,27,27,33,27,27,41,41,41,41,41,27,41,27,41,41,27,41,27,41,41,27,27,41,27,27,27,41,27,41,41,38,41,41,41,41,27,41,27,41,41,27,41,41,27,41,41,27,41,41,41,41,28,41,41,27,27,41,27,27,41,41,41,41
27,230,27,160,229,27,230,230,190,230,27,41,27,41,41,41,27,27,41,39,34,41,27,27,27,27,41,41,27,27,27,27,27,27,27,27,27,27,27,27,36,41,27,27,29,27,27,41,41,28,36,30,41,40,41,27,40,27,30,27,27,30,27,41,41,41,41,27,41,27,41,36,41,40,41,27,27,41,41,40,229,230,27,230,230,27,41,27,30,230,73,27,41,41,27,41,41,38,229,41,148,229,229,229,30,142,229,41,41,27,229,229,27,229,207,46,27,41,229,53,229,27,27,27,27,27,27,27,229,27,65,27,27,41,27,41,27,41,27,41,161,27,27,41,41,35,229,229,42,229,28,229,229,27,41,27,27,27,27,197,41,41,41,41,72,211,41,38,41,27,27,167,229,230,46,229,41,27,27,229,138,41,41,27,41,27,41,27,27,27,41,27,27,41,41,41,41,41,31,33,27,27,41,229,229,161,40,229,40,229,50,41,41,41,41,40,27,41,27,41,31,27,41,27,41,41,27,27,106,132,41,27,27,230,230,230,27,27,230,77,230,230,230,230,149,230,27,230,230,230,27,27,228,27,27,230,27,27,67,27,230,27,27,27,27,27,28,27,52,230,27,27,41,41,41,27,41,229,41,31,41,41,41,41,41,32,27,27,229,50,27,27,40,123,229,229,27,100,27,229,185,230,229,230,27,27,45,229,27,198,229,229,27,221,27,27,27,230,41,93,230,27,230,35,230,27,27,27,41,27,27,41,27,27,41,27,41,41,41,27,39,41,27,41,41,27,27,27,41,41,41,41,41,27,41,41,27,41,41,41,27,27,41,27,38,27,41,27,27,27,66,29,41,28,41,41,27,40,217,41,182,229,229,229,41,229,27,230,29,41,41,41,27,39,41,41,41,41,39,41,41,27,40,27,41,41,41,37,27,27,41,41,27,41,41,29,40,41,41,27,28,27,41,27,27,27,27,27,27,41,27,27,27,27,27,29,27,27,27,33,27,41,59,27,27,27,36,28,47,152,27,230,230,38,28,41,27,27,27,41,164,230,229,230,230,230,27,27,229,45,229,229,230,230,229,229,229,41,27,125,229,111,27,230,229,40,230,229,41,183,41,41,27,27,41,33,41,27,39,41,27,41,41,27,27,27,27,27,41,41,41,41,27,41,41,27,27,27,27,35,27,27,27,27,27,27,27,27,27,27,27,27,27,27,27,27,41,27,27,27,230,27,127,230,27,229,41,165,230,230,27,27,40,27,41,41,27,42,41,41,41,230,27,230,230,27,27,41,230,33,41,41,27,41,41,41,219,230,41,28,41,41,41,41,41,41,27,27,41,27,41,41,211,41,41,27,39,105,29,229,109,41,229,230,230,230,230,229,230,42,41,41,229,41,36,41,41,41,41,39,27,27,230,27,27,27,27,27,27,27,230,230,230,27,230,230,27,27,27,27,36,27,27,27,29,27,27,27,41,41,41,41,41,41,41,41,27,36,27,41,40,41,36,36,41,41,41,27,41,41,27,27,41,41,41,27,27,36,27,41,32,79,41,27,41,41,230,41,41,32,27,41,41,41,27,41,27,41,41,30,41,54,229,186,41,41,47,229,220,40,36,41,41,41,27,27,41,41,41,36,41,27,27,27,27,27,47,229,27,128,27,41,41,27,27,40,27,41,41,30,35,41,41,27,27,41,41,27,41,41,27,35,40,41,27,41,27,27,41,27,41,27,41,41,41,41,27,41,41,27,41,41,40,27,206,27,35,41,27,85,27,41,41,41,229,27,224,27,41,41,41,41,28,41,41,41,41,41,41,41,30,27,41,27,41,41,27,27,41,41,27,27,41,38,27,41,29,27,28,27,41,41,41,27,27,41,27,27,27,27,27,27,41,41,41,41,27,29,41,41,41,41,41,41,27,27,41,41,27,41,41,41,27,28,41,41,30,27,35,27,27,27,27,27,27,27,41,30,27,35,41,27,41,27,27,41,41,27,38,41,41,41,41,41,41,41,41,27,41,41,41,30,41,41,41,41,41,27,41,27,41,27,41,41,28,41,41,41,27,41,29,41,27,41,41,28,41,27,27,41,211,27,179,229,27,27,27,27,27,27,27,27,27,27,27,27,27,27,27,33,27,27,41,41,41,41,41,27,41,27,41,41,27,41,27,41,41,27,27,41,27,27,27,41,27,41,41,38,41,41,41,41,27,41,27,41,41,27,41,41,27,41,41,27,41,41,41,41,28,41,41,27,27,41,27,27,41,41,41,41
27,230,27,229,229,27,230,230,229,230,27,41,27,41,41,41,27,27,41,28,34,41,27,27,27,27,41,41,27,27,27,27,27,27,27,27,27,27,27,27,28,41,27,27,27,27,27,41,41,36,41,27,41,41,41,27,41,29,27,27,27,38,27,41,41,38,41,27,41,27,41,40,41,41,41,27,27,41,41,42,230,230,27,230,230,27,41,27,38,230,73,27,41,41,27,41,41,30,230,38,148,229,229,229,27,174,229,41,41,27,229,229,27,229,229,41,27,41,229,53,229,27,27,27,27,27,27,27,229,27,65,27,27,41,27,41,27,41,27,41,161,27,27,41,41,40,226,187,41,229,27,229,160,27,63,27,29,29,27,197,41,42,41,41,202,230,41,41,41,27,27,222,229,230,154,229,76,27,27,229,147,41,41,27,41,27,41,41,27,27,41,27,27,41,41,41,41,41,34,31,27,27,41,229,229,41,41,160,41,229,50,41,41,41,41,37,27,41,27,41,31,27,41,27,41,41,27,27,229,132,41,27,27,230,230,199,27,27,230,77,230,230,230,230,61,230,27,230,230,230,27,29,159,27,36,230,27,27,207,27,230,27,27,27,27,160,27,31,27,230,27,27,41,41,41,27,41,229,41,31,41,41,41,41,41,41,27,27,229,50,27,27,41,57,47,229,27,217,27,229,229,230,229,230,27,27,78,230,27,64,229,229,27,67,27,27,27,230,41,93,230,27,230,40,230,27,27,27,41,27,27,41,27,27,41,27,41,41,41,27,39,41,27,41,41,27,27,27,41,41,41,41,41,27,41,41,27,41,41,41,27,27,41,27,30,27,41,29,27,27,148,35,41,27,41,165,27,35,230,41,182,229,229,230,41,229,27,230,35,41,41,41,27,41,41,41,41,41,41,41,41,27,41,27,41,41,41,30,27,27,41,41,27,41,41,35,35,41,41,29,28,27,41,27,27,27,27,27,27,41,27,27,27,27,27,27,27,27,27,33,27,40,41,27,27,27,40,27,47,168,27,230,230,41,27,42,27,35,27,41,229,230,230,230,230,230,27,27,229,27,229,229,197,230,229,229,229,41,27,115,229,40,27,230,230,28,224,229,38,183,41,41,27,27,41,39,41,27,33,41,27,41,41,27,27,30,27,27,41,41,41,41,30,41,41,27,27,27,27,40,27,27,27,27,27,27,27,27,27,27,27,27,27,27,27,27,51,27,27,28,230,27,61,230,27,229,41,165,230,230,27,27,41,28,41,41,27,86,41,40,49,230,27,230,230,27,27,41,230,27,41,41,27,41,41,41,230,223,41,28,41,41,41,41,41,41,27,27,41,27,41,41,107,41,41,27,41,209,27,229,109,42,229,230,230,230,230,229,230,41,41,41,159,41,41,41,41,41,41,39,27,27,230,27,27,27,27,27,27,27,230,230,230,27,27,230,27,27,27,27,36,29,27,29,27,27,27,27,41,41,41,41,41,41,41,41,27,41,27,41,41,41,28,28,36,41,41,27,41,41,27,27,41,41,41,27,27,41,27,41,32,189,41,27,41,41,230,41,41,38,27,41,41,41,27,41,27,41,41,30,41,209,186,92,41,41,41,229,229,41,27,41,41,41,27,27,38,41,41,27,63,27,27,27,27,27,27,229,27,139,27,41,41,27,27,28,27,41,41,30,29,41,41,27,27,41,41,27,41,41,27,29,41,41,27,41,27,27,41,27,41,27,41,41,41,41,27,41,41,29,41,41,41,27,33,27,40,41,27,85,27,41,41,41,229,27,212,27,41,41,41,41,33,41,41,41,41,41,41,41,30,27,41,27,41,41,27,27,41,41,27,27,41,31,27,41,27,27,27,27,41,41,41,27,27,41,27,36,27,27,27,27,41,41,41,41,27,27,41,41,41,41,41,41,27,27,41,41,27,41,41,41,27,27,40,41,37,27,29,27,27,27,27,27,27,27,41,27,27,29,41,27,41,27,27,41,41,27,41,41,41,41,41,41,41,41,41,27,41,41,41,27,41,41,41,41,41,27,41,27,41,27,41,41,27,41,41,41,27,41,27,41,27,41,41,36,41,27,36,41,211,27,78,229,27,27,27,27,27,27,27,27,27,27,27,27,27,27,27,33,27,27,41,41,27,41,41,27,41,27,41,41,27,41,27,41,41,27,27,41,27,27,27,41,27,41,41,41,41,41,41,41,27,41,27,41,41,27,41,41,27,41,41,27,41,41,41,41,32,41,41,27,27,41,27,27,41,41,41,40
27,230,27,229,229,27,230,230,229,230,27,41,27,41,41,41,27,27,41,27,34,41,27,27,27,27,41,41,28,27,27,27,27,27,27,27,27,27,27,27,27,41,27,27,27,27,27,41,41,40,41,27,41,41,41,27,41,39,27,27,27,41,27,41,41,30,41,27,41,27,41,41,41,41,41,27,27,41,36,45,230,230,27,230,230,27,41,27,41,230,73,27,41,41,27,41,41,27,230,30,148,229,229,229,27,218,229,46,38,81,229,229,27,229,222,43,27,41,229,53,229,27,27,27,27,27,27,27,229,27,57,27,27,41,27,41,27,41,27,41,161,27,27,41,42,41,36,83,41,229,27,160,27,36,142,27,38,35,27,192,41,74,41,41,230,230,41,41,41,36,27,229,229,229,222,229,186,27,27,212,147,41,41,27,41,27,41,99,27,27,41,27,27,41,41,41,41,41,39,30,27,27,41,229,229,27,41,27,41,229,50,41,41,41,41,34,27,41,27,41,31,27,41,27,41,41,27,27,229,132,41,27,27,230,230,60,27,27,230,77,230,230,230,230,27,230,27,230,230,213,27,39,32,27,41,230,27,27,230,27,230,27,27,27,27,230,27,27,27,230,27,27,41,41,41,27,41,229,41,41,41,41,41,41,27,41,27,27,225,50,27,27,41,41,41,229,96,229,27,47,229,230,229,230,27,27,190,230,48,28,229,229,27,42,27,27,27,230,57,93,230,27,230,41,230,27,27,27,42,27,27,41,27,27,38,27,41,27,41,27,39,41,27,41,41,27,27,27,41,41,41,41,41,27,41,41,27,40,41,41,27,27,41,27,27,27,39,39,27,27,215,40,41,27,41,230,27,30,230,41,182,229,229,230,41,229,40,230,40,41,41,41,27,41,41,41,38,41,41,39,41,27,41,27,41,41,41,27,27,27,41,41,27,41,41,40,28,40,41,39,28,27,41,27,27,27,27,27,27,41,27,27,27,27,27,27,27,27,27,33,27,36,41,28,27,27,41,27,223,222,27,230,230,41,27,67,27,40,27,41,229,230,230,217,230,230,30,27,230,27,229,229,66,230,229,229,229,41,27,71,230,27,27,230,230,27,52,229,30,183,41,41,28,27,41,41,41,27,28,41,27,41,41,27,27,37,27,27,41,42,41,40,38,41,41,27,27,27,31,41,27,27,27,27,27,27,27,27,27,27,27,27,27,27,27,28,203,27,27,28,230,27,27,230,27,229,41,230,230,230,27,27,41,39,41,41,27,185,41,36,106,230,27,230,230,27,27,41,230,27,41,41,27,41,41,41,230,47,41,28,32,41,37,41,41,41,27,27,41,27,41,41,37,41,41,27,41,229,27,229,109,75,229,230,230,230,230,230,230,41,41,41,28,41,41,41,41,41,41,39,27,27,230,27,27,27,27,27,27,27,230,230,230,27,27,230,27,27,27,27,36,39,27,35,27,29,27,27,41,41,41,41,41,41,41,41,29,41,27,41,41,41,27,27,36,41,41,27,41,41,27,27,41,41,41,29,27,41,27,41,34,230,41,27,41,41,218,41,41,41,28,41,41,41,27,41,27,41,27,30,41,229,92,43,41,41,41,229,229,41,27,41,41,41,27,27,30,40,41,27,145,27,27,27,27,27,27,229,27,139,27,41,41,27,27,27,27,41,41,30,27,41,41,27,27,41,41,27,41,41,27,27,41,41,27,41,27,27,41,27,40,27,41,41,41,41,27,41,41,35,41,41,41,41,27,27,41,41,27,85,27,41,39,41,229,27,205,27,41,41,41,41,38,41,41,41,41,41,41,29,30,29,41,27,41,41,27,27,41,27,27,27,41,27,27,41,27,27,27,33,41,41,41,27,27,41,27,41,27,27,27,27,36,41,41,41,27,27,41,41,41,41,41,41,27,27,41,41,27,41,41,41,27,27,35,41,41,40,27,27,27,27,27,27,27,27,41,27,27,27,36,27,41,27,27,41,41,27,41,40,41,41,41,41,41,41,41,27,41,41,41,27,41,41,41,41,41,27,41,27,41,27,41,41,27,41,41,41,27,27,27,41,27,41,41,40,41,27,41,36,211,27,27,229,27,27,27,27,27,27,27,27,27,27,27,27,27,27,27,33,27,27,41,41,27,41,41,27,41,27,41,41,27,41,27,40,41,27,27,41,27,27,27,40,27,38,41,41,41,41,41,41,27,41,36,41,41,27,41,40,27,41,41,27,41,41,41,41,39,41,41,27,27,41,27,27,41,41,41,29
27,230,27,229,229,27,230,230,229,230,27,41,27,41,41,41,27,27,41,27,34,41,27,27,27,27,41,41,28,27,27,27,27,27,27,27,27,27,27,27,27,41,27,27,27,27,27,41,41,40,41,27,41,41,41,27,41,39,27,27,27,41,27,41,41,30,41,27,41,27,41,41,41,41,41,27,27,41,36,45,230,230,27,230,230,27,41,27,41,230,73,27,41,41,27,41,41,27,230,30,148,229,229,229,27,218,229,46,38,81,229,229,27,229,222,43,27,41,229,53,229,27,27,27,27,27,27,27,229,27,57,27,27,41,27,41,27,41,27,41,161,27,27,41,42,41,36,83,41,229,27,160,27,36,142,27,38,35,27,192,41,74,41,41,230,230,41,41,41,36,27,229,229,229,222,229,186,27,27,212,147,41,41,27,41,27,41,99,27,27,41,27,27,41,41,41,41,41,39,30,27,27,41,229,229,27,41,27,41,229,50,41,41,41,41,34,27,41,27,41,31,27,41,27,41,41,27,27,229,132,41,27,27,230,230,60,27,27,230,77,230,230,230,230,27,230,27,230,230,213,27,39,32,27,41,230,27,27,230,27,230,27,27,27,27,230,27,27,27,230,27,27,41,41,41,27,41,229,41,41,41,41,41,41,27,41,27,27,225,50,27,27,41,41,41,229,96,229,27,47,229,230,229,230,27,27,190,230,48,28,229,229,27,42,27,27,27,230,57,93,230,27,230,41,230,27,27,27,42,27,27,41,27,27,38,27,41,27,41,27,39,41,27,41,41,27,27,27,41,41,41,41,41,27,41,41,27,40,41,41,27,27,41,27,27,27,39,39,27,27,215,40,41,27,41,230,27,30,230,41,182,229,229,230,41,229,40,230,40,41,41,41,27,41,41,41,38,41,41,39,41,27,41,27,41,41,41,27,27,27,41,41,27,41,41,40,28,40,41,39,28,27,41,27,27,27,27,27,27,41,27,27,27,27,27,27,27,27,27,33,27,36,41,28,27,27,41,27,223,222,27,230,230,41,27,67,27,40,27,41,229,230,230,217,230,230,30,27,230,27,229,229,66,230,229,229,229,41,27,71,230,27,27,230,230,27,52,229,30,183,41,41,28,27,41,41,41,27,28,41,27,41,41,27,27,37,27,27,41,42,41,40,38,41,41,27,27,27,31,41,27,27,27,27,27,27,27,27,27,27,27,27,27,27,27,28,203,27,27,28,230,27,27,230,27,229,41,230,230,230,27,27,41,39,41,41,27,185,41,36,106,230,27,230,230,27,27,41,230,27,41,41,27,41,41,41,230,47,41,28,32,41,37,41,41,41,27,27,41,27,41,41,37,41,41,27,41,229,27,229,109,75,229,230,230,230,230,230,230,41,41,41,28,41,41,41,41,41,41,39,27,27,230,27,27,27,27,27,27,27,230,230,230,27,27,230,27,27,27,27,36,39,27,35,27,29,27,27,41,41,41,41,41,41,41,41,29,41,27,41,41,41,27,27,36,41,41,27,41,41,27,27,41,41,41,29,27,41,27,41,34,230,41,27,41,41,218,41,41,41,28,41,41,41,27,41,27,41,27,30,41,229,92,43,41,41,41,229,229,41,27,41,41,41,27,27,30,40,41,27,145,27,27,27,27,27,27,229,27,139,27,41,41,27,27,27,27,41,41,30,27,41,41,27,27,41,41,27,41,41,27,27,41,41,27,41,27,27,41,27,40,27,41,41,41,41,27,41,41,35,41,41,41,41,27,27,41,41,27,85,27,41,39,41,229,27,205,27,41,41,41,41,38,41,41,41,41,41,41,29,30,29,41,27,41,41,27,27,41,27,27,27,41,27,27,41,27,27,27,33,41,41,41,27,27,41,27,41,27,27,27,27,36,41,41,41,27,27,41,41,41,41,41,41,27,27,41,41,27,41,41,41,27,27,35,41,41,40,27,27,27,27,27,27,27,27,41,27,27,27,36,27,41,27,27,41,41,27,41,40,41,41,41,41,41,41,41,27,41,41,41,27,41,41,41,41,41,27,41,27,41,27,41,41,27,41,41,41,27,27,27,41,27,41,41,40,41,27,41,36,211,27,27,229,27,27,27,27,27,27,27,27,27,27,27,27,27,27,27,33,27,27,41,41,27,41,41,27,41,27,41,41,27,41,27,40,41,27,27,41,27,27,27,40,27,38,41,41,41,41,41,41,27,41,36,41,41,27,41,40,27,41,41,27,41,41,41,41,39,41,41,27,27,41,27,27,41,41,41,29
27,230,27,229,230,27,230,230,229,230,27,41,29,41,41,41,27,27,41,27,34,41,27,27,27,27,41,41,40,27,27,27,27,27,27,27,27,27,27,27,27,41,27,36,27,27,27,41,41,41,41,27,41,41,41,27,41,41,27,27,27,41,27,41,41,27,41,27,41,27,41,41,41,41,41,27,27,41,27,45,230,230,27,97,230,27,41,27,41,230,73,27,41,41,27,41,41,27,230,27,148,229,229,229,27,229,229,58,31,109,229,225,27,229,155,54,27,41,229,53,229,27,27,27,27,27,27,27,229,27,36,27,27,41,27,41,27,41,27,41,161,30,27,41,46,41,27,41,41,193,27,27,27,41,176,27,41,40,27,41,41,202,41,41,230,230,41,41,41,41,27,229,229,229,229,229,229,27,27,144,147,41,41,27,41,27,41,175,27,27,41,27,27,41,41,41,41,41,41,30,27,27,41,229,229,27,41,27,41,229,50,41,41,41,41,29,27,41,28,41,31,27,41,27,41,41,27,27,229,166,41,27,27,230,230,27,27,27,230,77,230,230,230,230,27,230,27,220,230,145,27,41,27,27,41,230,27,28,230,27,230,27,27,27,27,230,27,27,27,230,27,27,41,41,41,27,41,218,41,74,41,41,41,38,27,41,27,27,223,50,27,27,41,41,41,229,229,229,32,47,229,230,229,230,27,28,230,230,149,27,229,229,27,41,27,27,36,230,212,93,230,27,230,41,230,27,27,27,88,27,27,41,27,27,30,27,41,27,41,27,39,41,27,41,41,27,27,27,41,41,41,41,41,27,41,41,27,29,41,41,27,27,41,27,27,27,29,41,27,27,230,41,41,27,41,230,27,27,228,41,182,229,230,230,28,229,109,230,41,41,45,41,27,41,41,41,31,41,41,35,41,27,41,27,41,27,41,27,27,27,41,41,27,38,41,41,27,35,41,41,28,27,41,27,27,27,27,27,27,41,27,27,27,27,27,27,27,27,40,40,27,28,41,39,36,27,41,27,230,229,27,230,230,41,27,208,37,41,27,41,229,230,230,176,230,230,38,27,230,27,229,229,28,218,229,229,229,71,27,40,230,27,27,230,230,27,41,229,27,183,41,41,33,27,41,41,41,27,27,41,27,41,41,27,30,41,27,27,41,89,41,36,41,41,41,27,27,27,38,41,27,27,27,27,27,27,27,27,27,27,27,27,27,27,27,39,228,27,27,28,230,27,27,230,27,229,41,230,230,230,27,28,41,41,41,41,27,230,41,28,142,230,27,230,230,27,27,65,230,27,41,41,27,35,41,41,230,27,41,28,32,41,30,41,41,27,27,27,41,27,41,41,27,41,41,27,41,229,27,230,109,198,230,160,223,230,230,230,196,41,41,41,27,41,41,41,41,41,41,39,27,27,230,27,27,27,27,27,27,27,230,230,230,27,27,230,27,27,27,27,36,41,27,40,27,35,27,27,41,41,41,41,41,41,41,41,35,41,27,41,41,41,27,27,27,41,41,27,41,41,27,27,41,41,41,35,27,41,27,41,35,230,41,27,41,41,107,41,41,41,32,41,41,41,27,41,27,41,27,30,58,229,43,41,40,41,41,229,229,41,27,41,41,55,27,27,27,29,41,27,170,27,27,27,27,27,27,229,27,139,27,41,41,27,27,27,27,41,41,30,27,41,41,27,27,41,41,28,41,41,27,27,41,41,27,41,27,27,41,27,36,27,41,41,41,41,27,41,41,40,41,41,41,41,27,27,41,41,27,85,27,41,29,41,229,27,205,27,41,41,41,41,41,41,41,41,41,41,41,27,30,39,41,27,41,41,27,27,41,27,27,27,41,27,27,41,27,27,27,36,41,41,41,27,27,41,27,41,41,27,27,27,27,41,41,41,27,27,41,41,41,41,41,41,27,27,40,41,27,41,41,41,27,27,29,41,41,41,27,28,27,27,27,27,27,27,41,27,27,27,27,27,41,27,27,41,41,27,41,35,41,40,41,41,41,41,41,27,41,41,41,27,41,41,41,41,41,41,41,27,41,29,41,41,27,41,40,41,35,27,27,41,27,41,27,41,41,29,41,27,211,27,27,229,27,27,27,27,27,27,27,27,27,27,27,27,27,27,27,33,27,27,41,41,27,41,40,27,41,27,41,41,27,41,27,29,41,27,27,41,27,27,27,35,27,31,41,41,41,41,41,41,27,41,41,41,41,29,41,35,27,41,41,32,41,41,41,41,41,41,41,27,27,41,27,27,41,41,41,27
27,230,27,229,230,229,230,230,229,160,27,41,34,41,41,41,27,27,41,27,34,41,41,27,27,27,41,41,41,27,27,27,40,27,27,27,27,27,27,27,27,41,27,41,27,27,27,41,41,41,41,27,41,41,41,29,41,41,27,30,27,41,27,41,41,27,41,27,41,27,41,41,41,41,41,27,27,41,27,45,230,230,27,27,230,27,41,27,41,230,73,27,41,41,27,41,41,27,230,27,148,229,229,229,27,229,229,207,27,109,229,160,27,229,31,115,27,41,229,53,229,27,27,28,27,27,27,27,229,27,27,27,27,41,27,41,27,41,27,41,161,37,27,41,62,41,27,41,41,68,27,27,27,41,217,27,41,41,27,41,41,230,41,41,230,230,41,41,41,41,27,229,229,229,229,229,229,27,27,60,147,38,41,27,41,27,41,205,27,27,41,27,27,41,41,41,41,41,41,30,41,30,41,229,229,27,41,27,41,229,50,41,41,41,41,27,30,41,35,41,31,27,50,27,41,41,27,27,229,229,47,27,27,230,184,27,27,36,230,77,230,230,230,220,27,230,27,152,230,60,29,41,27,27,41,230,27,36,230,28,230,27,27,50,27,230,27,27,27,230,27,30,41,41,41,27,41,69,41,85,41,41,41,30,27,41,27,27,198,50,27,27,41,41,41,229,229,229,89,41,229,230,230,230,27,35,230,230,219,27,127,229,27,41,27,27,41,229,229,36,230,27,230,42,230,27,27,27,180,27,27,41,27,27,27,27,39,27,41,27,39,41,27,39,41,27,27,27,41,41,41,41,41,27,41,41,27,27,41,41,27,41,41,30,27,27,27,41,27,27,230,41,41,27,41,230,27,27,190,50,175,229,230,230,27,229,206,196,41,40,99,41,27,41,41,41,27,41,41,33,41,27,41,27,36,27,41,27,27,27,41,36,27,31,41,41,27,34,41,41,28,27,41,27,27,27,27,27,27,41,27,27,27,27,27,27,27,27,41,108,27,27,41,41,41,27,41,27,230,229,27,230,230,41,27,230,41,41,28,41,229,188,230,134,230,230,41,27,230,27,160,229,27,56,229,229,229,149,27,34,230,27,27,230,230,27,41,229,27,183,41,41,39,27,41,41,32,27,27,39,27,41,41,27,37,41,27,27,41,184,41,28,41,41,38,27,27,27,41,41,27,27,27,27,27,27,27,27,27,27,27,27,27,27,27,41,229,27,27,28,213,27,27,230,27,229,44,230,230,230,27,39,58,41,41,41,29,230,41,27,147,230,27,230,230,27,34,154,230,27,41,41,27,28,41,41,230,27,41,28,27,41,30,41,41,27,32,27,41,27,27,41,27,41,41,27,41,229,27,230,109,230,230,27,154,230,230,230,62,41,41,41,27,41,41,41,41,48,41,39,27,27,230,27,27,27,27,27,27,27,230,230,230,27,27,230,27,27,27,27,36,41,27,41,27,40,27,27,41,41,41,41,41,41,41,41,40,41,27,41,41,41,27,27,27,41,41,27,41,41,27,27,41,41,41,40,27,41,27,41,36,230,41,27,41,41,35,41,41,41,38,41,41,41,27,41,27,41,27,33,207,229,41,41,35,47,41,229,221,41,27,41,41,215,27,27,27,27,41,27,171,27,27,27,27,27,27,229,27,139,27,41,41,27,27,27,27,41,41,30,27,41,41,27,29,41,41,36,41,36,27,27,41,41,27,41,27,27,40,27,29,27,41,41,41,41,41,41,41,41,41,41,41,41,27,30,41,41,27,85,27,41,27,41,183,27,205,27,41,41,41,41,41,41,41,41,41,41,41,27,30,41,41,27,41,41,27,27,27,27,27,27,41,27,30,41,27,27,27,36,41,41,41,27,27,39,27,41,41,27,27,27,27,41,41,41,27,27,41,36,41,41,41,41,27,27,35,40,27,41,41,41,27,27,27,41,41,41,27,32,27,27,27,27,27,27,41,27,27,27,27,27,41,27,27,41,41,30,41,29,41,33,41,41,41,41,41,27,41,41,41,27,41,41,41,41,41,41,41,27,41,35,41,41,27,41,36,41,41,27,27,41,27,41,27,41,41,39,41,27,211,27,27,229,27,27,27,27,27,27,27,27,27,27,27,27,27,27,27,33,27,27,41,41,27,41,35,27,41,27,41,41,27,41,29,27,41,28,27,41,27,27,27,29,29,27,41,41,41,41,41,41,27,41,41,41,41,39,41,34,27,41,41,40,41,41,41,41,41,41,41,27,28,38,27,27,40,41,41,27
27,230,27,229,230,229,230,230,229,160,27,41,34,41,41,41,27,27,41,27,34,41,41,27,27,27,41,41,41,27,27,27,40,27,27,27,27,27,27,27,27,41,27,41,27,27,27,41,41,41,41,27,41,41,41,29,41,41,27,30,27,41,27,41,41,27,41,27,41,27,41,41,41,41,41,27,27,41,27,45,230,230,27,27,230,27,41,27,41,230,73,27,41,41,27,41,41,27,230,27,148,229,229,229,27,229,229,207,27,109,229,160,27,229,31,115,27,41,229,53,229,27,27,28,27,27,27,27,229,27,27,27,27,41,27,41,27,41,27,41,161,37,27,41,62,41,27,41,41,68,27,27,27,41,217,27,41,41,27,41,41,230,41,41,230,230,41,41,41,41,27,229,229,229,229,229,229,27,27,60,147,38,41,27,41,27,41,205,27,27,41,27,27,41,41,41,41,41,41,30,41,30,41,229,229,27,41,27,41,229,50,41,41,41,41,27,30,41,35,41,31,27,50,27,41,41,27,27,229,229,47,27,27,230,184,27,27,36,230,77,230,230,230,220,27,230,27,152,230,60,29,41,27,27,41,230,27,36,230,28,230,27,27,50,27,230,27,27,27,230,27,30,41,41,41,27,41,69,41,85,41,41,41,30,27,41,27,27,198,50,27,27,41,41,41,229,229,229,89,41,229,230,230,230,27,35,230,230,219,27,127,229,27,41,27,27,41,229,229,36,230,27,230,42,230,27,27,27,180,27,27,41,27,27,27,27,39,27,41,27,39,41,27,39,41,27,27,27,41,41,41,41,41,27,41,41,27,27,41,41,27,41,41,30,27,27,27,41,27,27,230,41,41,27,41,230,27,27,190,50,175,229,230,230,27,229,206,196,41,40,99,41,27,41,41,41,27,41,41,33,41,27,41,27,36,27,41,27,27,27,41,36,27,31,41,41,27,34,41,41,28,27,41,27,27,27,27,27,27,41,27,27,27,27,27,27,27,27,41,108,27,27,41,41,41,27,41,27,230,229,27,230,230,41,27,230,41,41,28,41,229,188,230,134,230,230,41,27,230,27,160,229,27,56,229,229,229,149,27,34,230,27,27,230,230,27,41,229,27,183,41,41,39,27,41,41,32,27,27,39,27,41,41,27,37,41,27,27,41,184,41,28,41,41,38,27,27,27,41,41,27,27,27,27,27,27,27,27,27,27,27,27,27,27,27,41,229,27,27,28,213,27,27,230,27,229,44,230,230,230,27,39,58,41,41,41,29,230,41,27,147,230,27,230,230,27,34,154,230,27,41,41,27,28,41,41,230,27,41,28,27,41,30,41,41,27,32,27,41,27,27,41,27,41,41,27,41,229,27,230,109,230,230,27,154,230,230,230,62,41,41,41,27,41,41,41,41,48,41,39,27,27,230,27,27,27,27,27,27,27,230,230,230,27,27,230,27,27,27,27,36,41,27,41,27,40,27,27,41,41,41,41,41,41,41,41,40,41,27,41,41,41,27,27,27,41,41,27,41,41,27,27,41,41,41,40,27,41,27,41,36,230,41,27,41,41,35,41,41,41,38,41,41,41,27,41,27,41,27,33,207,229,41,41,35,47,41,229,221,41,27,41,41,215,27,27,27,27,41,27,171,27,27,27,27,27,27,229,27,139,27,41,41,27,27,27,27,41,41,30,27,41,41,27,29,41,41,36,41,36,27,27,41,41,27,41,27,27,40,27,29,27,41,41,41,41,41,41,41,41,41,41,41,41,27,30,41,41,27,85,27,41,27,41,183,27,205,27,41,41,41,41,41,41,41,41,41,41,41,27,30,41,41,27,41,41,27,27,27,27,27,27,41,27,30,41,27,27,27,36,41,41,41,27,27,39,27,41,41,27,27,27,27,41,41,41,27,27,41,36,41,41,41,41,27,27,35,40,27,41,41,41,27,27,27,41,41,41,27,32,27,27,27,27,27,27,41,27,27,27,27,27,41,27,27,41,41,30,41,29,41,33,41,41,41,41,41,27,41,41,41,27,41,41,41,41,41,41,41,27,41,35,41,41,27,41,36,41,41,27,27,41,27,41,27,41,41,39,41,27,211,27,27,229,27,27,27,27,27,27,27,27,27,27,27,27,27,27,27,33,27,27,41,41,27,41,35,27,41,27,41,41,27,41,29,27,41,28,27,41,27,27,27,29,29,27,41,41,41,41,41,41,27,41,41,41,41,39,41,34,27,41,41,40,41,41,41,41,41,41,41,27,28,38,27,27,40,41,41,27
27,230,27,229,230,229,230,230,229,27,87,41,37,41,41,41,27,27,41,27,34,41,41,27,27,27,41,41,41,27,27,27,41,27,27,27,27,27,27,27,27,41,27,41,27,28,27,41,41,41,41,27,41,41,41,35,41,41,27,37,27,41,27,41,41,27,40,27,41,27,41,41,41,41,41,27,27,41,27,45,230,230,27,27,230,27,37,27,41,185,73,27,41,38,27,41,41,27,230,27,148,160,229,229,27,229,219,230,27,109,229,44,160,229,27,229,41,41,229,53,229,27,27,35,27,27,27,27,229,27,27,27,27,41,27,41,27,41,27,41,36,41,27,41,205,41,27,41,41,28,27,27,27,41,229,27,41,41,27,41,41,230,41,41,230,215,41,41,41,41,36,229,229,229,229,216,229,27,27,27,147,30,41,27,41,27,41,205,27,27,41,27,27,41,41,41,41,41,41,30,41,38,41,229,229,27,41,27,50,229,50,41,41,41,41,27,38,41,40,41,31,27,112,27,41,41,27,27,229,229,230,27,27,230,82,27,27,41,230,77,230,230,230,153,27,230,27,45,230,27,36,41,27,27,41,230,27,40,230,40,230,27,27,133,27,230,27,27,27,230,27,38,41,41,41,27,41,42,41,85,41,41,41,27,27,41,27,27,115,50,28,27,42,41,41,229,229,229,108,41,223,230,230,230,27,40,230,230,230,27,124,224,28,41,27,28,41,229,229,36,194,27,193,79,230,27,27,27,229,27,27,41,27,27,27,27,29,27,41,27,39,41,29,29,41,27,27,27,41,41,41,41,41,27,41,41,27,27,41,41,27,41,41,38,27,27,27,41,27,27,230,41,41,27,41,230,27,27,77,155,90,230,230,230,27,229,230,75,41,29,109,41,27,41,41,41,27,41,41,33,41,27,41,27,27,27,41,27,27,27,27,41,27,27,41,41,27,28,41,41,28,27,38,27,27,27,27,27,27,27,27,27,27,27,27,27,27,27,41,117,27,27,41,41,41,28,41,27,230,229,27,188,230,41,27,230,41,41,40,41,229,79,230,58,230,230,41,27,230,27,27,229,27,28,229,229,229,213,27,34,230,27,27,230,230,27,41,229,27,183,41,41,41,27,41,41,32,27,27,30,27,41,41,27,41,41,27,29,41,229,41,27,41,41,30,41,27,27,41,41,27,27,27,27,27,27,27,27,27,27,27,27,27,27,27,41,229,27,27,28,145,27,27,230,40,227,160,230,230,230,29,41,207,41,41,41,35,230,41,27,147,230,27,230,230,27,219,217,230,27,41,41,27,27,41,41,219,27,41,28,27,41,27,41,41,27,41,27,41,27,27,41,27,41,41,27,41,229,27,230,109,230,230,27,43,230,230,230,27,41,41,41,27,41,41,48,41,213,41,39,27,27,230,27,27,27,27,27,27,27,230,230,230,27,27,230,27,27,27,27,36,41,27,41,27,41,27,30,40,41,41,41,41,41,41,41,41,41,27,41,41,41,27,27,27,41,41,27,41,41,27,27,41,41,41,41,27,41,27,41,36,230,41,27,41,41,27,41,41,41,41,41,41,41,29,41,27,41,27,37,229,229,41,41,29,229,36,229,59,41,27,41,41,229,28,27,27,27,41,27,171,27,27,27,27,27,27,229,27,139,27,41,41,27,27,27,27,41,41,30,27,41,41,27,35,41,41,40,41,27,27,27,41,41,28,41,27,27,35,27,27,27,41,41,41,41,41,41,41,41,41,41,41,41,27,38,41,41,27,85,27,53,27,41,87,27,205,27,41,41,41,41,41,41,41,41,41,41,41,27,30,41,41,27,41,41,27,27,27,27,27,27,41,27,38,41,27,27,27,36,41,40,41,27,27,29,27,41,41,27,27,27,27,41,41,41,27,27,41,27,41,41,41,41,27,27,29,35,27,41,41,41,27,27,27,41,41,41,27,35,27,27,27,27,27,27,41,27,27,27,27,27,41,27,27,41,41,38,41,27,41,28,41,41,41,41,41,27,41,41,41,27,41,41,40,41,41,41,27,27,41,40,41,38,27,41,29,41,41,27,27,41,28,41,27,41,41,41,41,27,169,27,27,229,27,27,27,27,27,27,27,27,27,27,27,27,27,27,27,33,29,29,41,41,27,41,29,29,41,27,41,41,27,41,34,27,41,39,27,41,28,27,27,27,35,27,41,41,41,41,41,41,27,41,41,41,41,41,41,34,27,41,41,41,41,41,41,41,41,41,41,27,39,30,27,27,28,41,41,27
27,230,27,229,230,229,230,230,229,27,87,41,37,41,41,41,27,27,41,27,34,41,41,27,27,27,41,41,41,27,27,27,41,27,27,27,27,27,27,27,27,41,27,41,27,28,27,41,41,41,41,27,41,41,41,35,41,41,27,37,27,41,27,41,41,27,40,27,41,27,41,41,41,41,41,27,27,41,27,45,230,230,27,27,230,27,37,27,41,185,73,27,41,38,27,41,41,27,230,27,148,160,229,229,27,229,219,230,27,109,229,44,160,229,27,229,41,41,229,53,229,27,27,35,27,27,27,27,229,27,27,27,27,41,27,41,27,41,27,41,36,41,27,41,205,41,27,41,41,28,27,27,27,41,229,27,41,41,27,41,41,230,41,41,230,215,41,41,41,41,36,229,229,229,229,216,229,27,27,27,147,30,41,27,41,27,41,205,27,27,41,27,27,41,41,41,41,41,41,30,41,38,41,229,229,27,41,27,50,229,50,41,41,41,41,27,38,41,40,41,31,27,112,27,41,41,27,27,229,229,230,27,27,230,82,27,27,41,230,77,230,230,230,153,27,230,27,45,230,27,36,41,27,27,41,230,27,40,230,40,230,27,27,133,27,230,27,27,27,230,27,38,41,41,41,27,41,42,41,85,41,41,41,27,27,41,27,27,115,50,28,27,42,41,41,229,229,229,108,41,223,230,230,230,27,40,230,230,230,27,124,224,28,41,27,28,41,229,229,36,194,27,193,79,230,27,27,27,229,27,27,41,27,27,27,27,29,27,41,27,39,41,29,29,41,27,27,27,41,41,41,41,41,27,41,41,27,27,41,41,27,41,41,38,27,27,27,41,27,27,230,41,41,27,41,230,27,27,77,155,90,230,230,230,27,229,230,75,41,29,109,41,27,41,41,41,27,41,41,33,41,27,41,27,27,27,41,27,27,27,27,41,27,27,41,41,27,28,41,41,28,27,38,27,27,27,27,27,27,27,27,27,27,27,27,27,27,27,41,117,27,27,41,41,41,28,41,27,230,229,27,188,230,41,27,230,41,41,40,41,229,79,230,58,230,230,41,27,230,27,27,229,27,28,229,229,229,213,27,34,230,27,27,230,230,27,41,229,27,183,41,41,41,27,41,41,32,27,27,30,27,41,41,27,41,41,27,29,41,229,41,27,41,41,30,41,27,27,41,41,27,27,27,27,27,27,27,27,27,27,27,27,27,27,27,41,229,27,27,28,145,27,27,230,40,227,160,230,230,230,29,41,207,41,41,41,35,230,41,27,147,230,27,230,230,27,219,217,230,27,41,41,27,27,41,41,219,27,41,28,27,41,27,41,41,27,41,27,41,27,27,41,27,41,41,27,41,229,27,230,109,230,230,27,43,230,230,230,27,41,41,41,27,41,41,48,41,213,41,39,27,27,230,27,27,27,27,27,27,27,230,230,230,27,27,230,27,27,27,27,36,41,27,41,27,41,27,30,40,41,41,41,41,41,41,41,41,41,27,41,41,41,27,27,27,41,41,27,41,41,27,27,41,41,41,41,27,41,27,41,36,230,41,27,41,41,27,41,41,41,41,41,41,41,29,41,27,41,27,37,229,229,41,41,29,229,36,229,59,41,27,41,41,229,28,27,27,27,41,27,171,27,27,27,27,27,27,229,27,139,27,41,41,27,27,27,27,41,41,30,27,41,41,27,35,41,41,40,41,27,27,27,41,41,28,41,27,27,35,27,27,27,41,41,41,41,41,41,41,41,41,41,41,41,27,38,41,41,27,85,27,53,27,41,87,27,205,27,41,41,41,41,41,41,41,41,41,41,41,27,30,41,41,27,41,41,27,27,27,27,27,27,41,27,38,41,27,27,27,36,41,40,41,27,27,29,27,41,41,27,27,27,27,41,41,41,27,27,41,27,41,41,41,41,27,27,29,35,27,41,41,41,27,27,27,41,41,41,27,35,27,27,27,27,27,27,41,27,27,27,27,27,41,27,27,41,41,38,41,27,41,28,41,41,41,41,41,27,41,41,41,27,41,41,40,41,41,41,27,27,41,40,41,38,27,41,29,41,41,27,27,41,28,41,27,41,41,41,41,27,169,27,27,229,27,27,27,27,27,27,27,27,27,27,27,27,27,27,27,33,29,29,41,41,27,41,29,29,41,27,41,41,27,41,34,27,41,39,27,41,28,27,27,27,35,27,41,41,41,41,41,41,27,41,41,41,41,41,41,34,27,41,41,41,41,41,41,41,41,41,41,27,39,30,27,27,28,41,41,27
27,230,27,229,230,229,230,230,230,27,87,41,40,41,41,41,29,27,41,27,34,41,41,27,27,28,41,41,41,27,27,27,41,27,27,27,27,27,27,27,27,41,27,41,27,35,27,41,41,41,41,27,41,41,41,40,41,41,27,41,27,41,27,41,41,27,35,27,38,28,41,41,41,41,41,27,27,41,27,45,230,230,27,27,230,27,41,27,41,73,73,96,41,31,27,41,41,27,205,27,148,27,229,229,27,229,151,230,27,109,229,27,229,229,27,229,41,164,229,53,229,27,27,40,27,27,27,27,179,27,27,27,27,41,27,41,27,41,27,41,32,41,27,41,229,59,27,41,41,27,27,27,27,41,229,27,41,41,27,41,41,230,41,41,230,58,41,41,41,41,41,229,229,229,229,151,229,36,27,27,147,27,41,27,41,27,41,205,27,27,41,27,32,41,41,41,41,41,41,39,41,41,159,229,229,27,44,27,229,136,50,41,41,39,41,27,41,41,41,41,31,27,208,27,41,41,27,27,229,143,230,27,27,230,27,27,27,41,230,77,230,230,230,48,27,230,27,27,230,27,42,41,27,27,41,230,27,41,207,41,230,27,49,171,229,230,27,27,27,230,27,41,41,40,41,27,41,41,41,85,41,41,41,27,27,229,27,27,45,50,96,27,83,38,41,229,229,229,216,41,208,230,230,226,27,41,230,230,230,27,124,60,39,41,27,35,41,229,229,36,64,27,71,190,230,27,27,27,229,27,27,41,27,27,27,27,27,27,41,27,39,41,35,27,41,29,27,27,41,41,41,41,41,27,41,41,27,27,41,41,27,41,41,41,27,27,27,41,36,27,229,42,41,27,36,224,30,27,41,221,36,230,230,229,27,230,230,41,41,27,109,41,27,41,41,41,27,41,88,33,41,27,41,27,27,27,41,27,41,27,40,41,27,27,41,41,27,27,40,41,28,27,31,27,27,27,27,27,27,27,27,27,27,27,27,27,27,27,41,117,27,27,41,41,41,35,60,27,230,229,27,78,230,69,27,230,65,41,41,41,229,28,216,27,230,230,41,27,230,27,27,229,27,27,229,229,229,229,27,34,200,27,27,230,230,27,41,229,27,183,41,41,41,27,41,41,27,27,27,27,27,41,27,27,41,41,27,35,41,229,40,27,41,41,27,41,27,27,41,41,27,27,27,27,27,30,27,27,27,27,27,27,27,27,27,41,229,27,27,37,60,27,27,230,41,164,226,230,230,230,35,41,230,41,41,41,40,230,41,27,147,230,27,230,230,27,229,230,230,27,41,41,27,27,41,41,50,27,41,28,27,41,27,41,41,27,41,27,41,27,41,41,27,41,41,36,41,229,27,230,109,230,230,27,27,230,230,230,27,41,41,41,27,41,41,213,41,229,41,39,27,27,230,27,27,27,27,27,27,27,230,230,230,27,27,230,27,27,27,27,36,41,27,41,27,41,27,38,35,41,41,41,41,41,41,41,41,41,27,41,41,41,27,27,27,41,41,27,41,41,27,27,41,41,41,41,27,41,27,41,36,202,41,32,41,41,27,41,41,67,41,41,41,41,39,41,27,41,27,38,229,215,41,41,27,229,27,47,41,41,27,41,41,229,40,27,27,27,41,27,171,27,27,27,27,27,27,229,27,139,27,41,41,27,27,27,27,41,41,30,27,41,41,27,40,41,41,41,41,27,27,27,41,41,35,41,27,27,29,29,27,27,41,41,41,41,41,41,41,41,41,41,41,41,27,41,42,41,27,41,27,94,27,41,41,27,177,27,41,52,41,39,41,41,41,41,27,41,41,27,30,41,41,27,41,41,40,27,27,27,28,27,41,27,41,41,27,27,27,36,41,28,41,27,27,27,27,41,41,27,27,27,27,41,41,41,27,27,41,27,41,41,41,41,27,27,27,29,27,41,41,40,30,27,27,41,41,41,27,36,27,27,27,27,29,27,41,27,27,27,27,27,41,27,27,41,41,41,41,27,41,27,41,41,41,41,41,30,41,41,41,27,41,41,29,41,41,41,27,27,41,41,41,30,27,41,27,41,41,27,27,41,39,41,27,41,41,41,41,27,77,27,27,229,27,27,27,27,27,27,27,27,27,27,27,27,27,27,27,33,35,35,41,41,27,41,27,35,41,27,40,41,27,41,40,27,40,41,27,41,35,27,27,27,40,27,41,41,41,41,41,41,27,41,41,41,41,41,41,34,27,41,41,41,41,41,41,41,41,41,41,27,41,27,27,28,27,41,41,27
27,230,27,230,230,229,213,230,230,27,87,41,41,40,41,41,39,27,41,27,34,41,41,27,27,39,41,41,41,27,27,27,41,27,27,27,27,27,27,27,27,41,27,41,27,40,27,41,41,41,41,27,41,41,41,41,41,41,27,41,27,41,27,41,41,27,29,27,30,35,41,41,41,41,41,30,36,41,27,45,230,230,27,27,230,27,41,27,55,27,73,229,41,27,27,41,41,27,110,27,148,27,229,229,27,229,48,230,27,109,229,27,229,229,27,229,41,229,229,53,182,27,27,41,27,27,27,27,77,30,27,27,27,41,27,41,27,41,27,41,32,41,30,41,229,208,27,41,41,27,27,27,27,41,229,27,62,42,27,41,41,230,41,41,200,28,41,41,40,41,41,229,229,229,229,59,229,41,27,27,147,27,41,30,41,27,41,205,27,61,38,27,41,41,41,41,41,41,41,60,41,41,226,229,229,27,157,27,229,27,50,41,41,29,41,27,41,41,41,41,31,27,229,27,41,41,27,27,229,187,230,27,27,230,27,27,27,41,230,77,230,230,230,27,27,214,44,27,230,27,43,41,27,27,47,160,27,41,72,41,230,229,145,216,229,230,27,27,110,230,27,41,41,35,41,27,41,41,41,85,41,41,41,27,27,229,32,32,27,50,225,27,183,30,106,106,229,230,229,41,195,230,230,158,47,41,230,230,230,27,124,41,41,36,27,40,41,229,229,36,27,27,27,229,230,27,27,27,229,27,27,41,27,27,27,27,27,27,39,27,39,41,40,27,41,35,27,36,41,41,41,41,41,27,41,41,27,27,41,41,27,41,41,41,27,27,27,41,41,41,191,80,40,27,27,41,38,27,41,230,29,230,230,45,27,230,230,41,41,27,109,41,27,41,41,41,27,41,182,33,41,27,41,27,27,27,41,27,41,27,41,41,27,27,41,41,27,27,35,41,28,27,27,27,27,27,27,27,27,27,27,27,27,27,27,27,27,27,41,117,39,27,41,41,41,40,210,27,225,229,27,28,214,151,27,230,152,56,41,165,229,27,72,27,230,47,41,27,230,27,27,229,27,27,229,229,212,229,27,35,79,27,97,230,230,27,41,229,27,183,41,41,41,27,41,41,27,27,27,27,27,41,27,27,41,41,27,40,41,229,36,27,41,41,27,41,27,41,41,41,29,27,27,27,27,38,27,27,27,27,27,27,27,27,27,41,229,27,27,37,27,27,27,230,41,48,230,230,230,230,40,41,230,41,41,41,41,230,41,27,147,230,30,230,230,27,229,230,230,27,41,40,27,27,41,41,28,27,41,28,27,41,27,41,41,27,41,27,41,32,41,41,27,41,41,103,41,230,27,230,60,230,230,27,27,230,230,226,27,41,41,41,27,41,41,223,41,229,41,203,27,27,230,27,27,27,27,27,27,27,230,230,230,27,27,230,27,27,27,27,36,41,27,41,27,41,27,41,28,41,41,41,41,41,41,41,41,41,28,41,41,41,27,27,27,41,41,27,41,41,30,29,41,41,41,41,27,41,27,41,65,112,41,40,41,41,27,41,41,120,41,41,41,41,41,41,27,41,27,38,229,71,41,41,27,229,27,41,41,41,27,41,41,229,41,27,27,27,41,27,171,27,27,27,27,27,27,229,27,139,27,41,40,27,27,27,27,41,41,30,27,41,41,27,41,41,36,41,41,27,27,27,41,41,40,41,29,27,27,35,27,39,40,41,41,39,41,41,41,41,41,41,41,41,27,41,85,41,27,41,27,128,27,41,41,27,105,27,41,112,41,33,41,41,41,41,27,41,41,27,31,41,41,27,41,41,41,27,27,27,39,27,41,27,41,41,27,27,27,36,41,27,41,27,27,27,27,41,41,27,27,27,27,40,41,41,27,27,41,27,41,41,41,41,27,27,27,27,27,41,41,35,38,27,27,41,41,41,27,36,27,27,27,27,39,27,41,27,27,27,27,27,41,27,27,41,41,41,41,27,41,27,41,41,41,41,41,38,41,41,41,27,41,41,27,41,41,41,27,27,41,41,41,27,27,41,27,41,41,27,27,41,41,40,27,41,41,41,41,27,28,27,27,229,27,27,27,27,27,27,27,27,27,27,27,27,27,27,27,33,40,40,41,41,27,41,27,40,41,27,35,41,27,41,41,27,35,41,27,41,40,27,27,27,41,27,41,41,41,40,41,41,27,41,41,41,41,41,41,34,27,41,41,41,41,41,41,41,229,41,41,27,41,27,27,40,27,41,41,27
27,230,27,230,230,229,213,230,230,27,87,41,41,40,41,41,39,27,41,27,34,41,41,27,27,39,41,41,41,27,27,27,41,27,27,27,27,27,27,27,27,41,27,41,27,40,27,41,41,41,41,27,41,41,41,41,41,41,27,41,27,41,27,41,41,27,29,27,30,35,41,41,41,41,41,30,36,41,27,45,230,230,27,27,230,27,41,27,55,27,73,229,41,27,27,41,41,27,110,27,148,27,229,229,27,229,48,230,27,109,229,27,229,229,27,229,41,229,229,53,182,27,27,41,27,27,27,27,77,30,27,27,27,41,27,41,27,41,27,41,32,41,30,41,229,208,27,41,41,27,27,27,27,41,229,27,62,42,27,41,41,230,41,41,200,28,41,41,40,41,41,229,229,229,229,59,229,41,27,27,147,27,41,30,41,27,41,205,27,61,38,27,41,41,41,41,41,41,41,60,41,41,226,229,229,27,157,27,229,27,50,41,41,29,41,27,41,41,41,41,31,27,229,27,41,41,27,27,229,187,230,27,27,230,27,27,27,41,230,77,230,230,230,27,27,214,44,27,230,27,43,41,27,27,47,160,27,41,72,41,230,229,145,216,229,230,27,27,110,230,27,41,41,35,41,27,41,41,41,85,41,41,41,27,27,229,32,32,27,50,225,27,183,30,106,106,229,230,229,41,195,230,230,158,47,41,230,230,230,27,124,41,41,36,27,40,41,229,229,36,27,27,27,229,230,27,27,27,229,27,27,41,27,27,27,27,27,27,39,27,39,41,40,27,41,35,27,36,41,41,41,41,41,27,41,41,27,27,41,41,27,41,41,41,27,27,27,41,41,41,191,80,40,27,27,41,38,27,41,230,29,230,230,45,27,230,230,41,41,27,109,41,27,41,41,41,27,41,182,33,41,27,41,27,27,27,41,27,41,27,41,41,27,27,41,41,27,27,35,41,28,27,27,27,27,27,27,27,27,27,27,27,27,27,27,27,27,27,41,117,39,27,41,41,41,40,210,27,225,229,27,28,214,151,27,230,152,56,41,165,229,27,72,27,230,47,41,27,230,27,27,229,27,27,229,229,212,229,27,35,79,27,97,230,230,27,41,229,27,183,41,41,41,27,41,41,27,27,27,27,27,41,27,27,41,41,27,40,41,229,36,27,41,41,27,41,27,41,41,41,29,27,27,27,27,38,27,27,27,27,27,27,27,27,27,41,229,27,27,37,27,27,27,230,41,48,230,230,230,230,40,41,230,41,41,41,41,230,41,27,147,230,30,230,230,27,229,230,230,27,41,40,27,27,41,41,28,27,41,28,27,41,27,41,41,27,41,27,41,32,41,41,27,41,41,103,41,230,27,230,60,230,230,27,27,230,230,226,27,41,41,41,27,41,41,223,41,229,41,203,27,27,230,27,27,27,27,27,27,27,230,230,230,27,27,230,27,27,27,27,36,41,27,41,27,41,27,41,28,41,41,41,41,41,41,41,41,41,28,41,41,41,27,27,27,41,41,27,41,41,30,29,41,41,41,41,27,41,27,41,65,112,41,40,41,41,27,41,41,120,41,41,41,41,41,41,27,41,27,38,229,71,41,41,27,229,27,41,41,41,27,41,41,229,41,27,27,27,41,27,171,27,27,27,27,27,27,229,27,139,27,41,40,27,27,27,27,41,41,30,27,41,41,27,41,41,36,41,41,27,27,27,41,41,40,41,29,27,27,35,27,39,40,41,41,39,41,41,41,41,41,41,41,41,27,41,85,41,27,41,27,128,27,41,41,27,105,27,41,112,41,33,41,41,41,41,27,41,41,27,31,41,41,27,41,41,41,27,27,27,39,27,41,27,41,41,27,27,27,36,41,27,41,27,27,27,27,41,41,27,27,27,27,40,41,41,27,27,41,27,41,41,41,41,27,27,27,27,27,41,41,35,38,27,27,41,41,41,27,36,27,27,27,27,39,27,41,27,27,27,27,27,41,27,27,41,41,41,41,27,41,27,41,41,41,41,41,38,41,41,41,27,41,41,27,41,41,41,27,27,41,41,41,27,27,41,27,41,41,27,27,41,41,40,27,41,41,41,41,27,28,27,27,229,27,27,27,27,27,27,27,27,27,27,27,27,27,27,27,33,40,40,41,41,27,41,27,40,41,27,35,41,27,41,41,27,35,41,27,41,40,27,27,27,41,27,41,41,41,40,41,41,27,41,41,41,41,41,41,34,27,41,41,41,41,41,41,41,229,41,41,27,41,27,27,40,27,41,41,27
45,230,27,230,230,229,146,230,230,27,87,41,41,35,41,41,41,28,41,27,34,40,41,27,27,41,41,41,41,27,27,27,41,27,27,27,27,27,27,27,27,41,27,41,27,41,29,41,41,41,41,27,41,41,41,41,41,41,27,41,27,41,27,41,41,27,27,27,27,40,41,41,41,41,40,38,41,41,27,45,230,230,97,27,97,27,41,27,118,27,73,229,41,27,27,41,41,40,41,27,148,27,229,229,27,229,27,230,27,109,229,27,229,229,27,192,41,229,229,53,78,27,28,41,27,27,27,27,27,37,27,27,27,41,27,41,27,41,27,41,32,43,37,41,229,229,27,41,41,27,27,27,27,47,229,27,150,46,27,41,41,230,41,41,65,27,41,41,35,47,41,229,229,229,229,27,229,41,27,27,147,27,41,90,41,39,41,205,27,129,30,27,41,41,41,41,41,41,41,69,41,41,229,214,229,27,165,27,229,27,50,41,41,27,41,27,41,41,41,41,31,27,229,27,41,41,27,27,229,229,230,27,27,230,27,27,27,41,230,77,230,230,230,27,27,61,151,27,230,27,43,59,27,27,230,27,27,42,42,41,230,229,216,230,229,230,27,27,198,230,27,41,41,29,41,27,41,41,41,85,41,41,41,27,27,229,40,40,27,50,229,27,229,27,229,41,229,230,229,41,191,230,230,38,144,41,200,230,230,27,124,41,41,28,30,41,41,229,224,36,27,27,27,229,230,27,27,27,229,27,27,41,27,27,27,27,27,27,29,27,39,41,41,27,41,40,30,41,41,41,41,41,41,27,41,41,28,27,41,41,27,41,41,41,27,27,27,41,41,41,82,189,29,27,27,41,186,31,41,230,29,230,230,41,27,230,225,41,41,27,109,41,32,74,41,41,27,41,229,33,41,28,41,27,27,27,41,27,41,27,41,41,27,27,41,41,27,27,29,41,28,27,27,27,27,27,27,27,27,27,27,27,27,27,27,27,27,27,41,110,41,27,36,41,41,41,230,27,47,226,27,27,146,215,27,207,217,203,41,230,229,27,42,27,230,41,67,39,230,27,27,229,27,27,229,229,145,229,27,53,41,27,230,230,41,27,41,229,27,149,41,41,41,27,41,41,27,27,27,27,28,41,27,27,41,41,27,41,41,229,28,27,41,38,27,41,27,41,41,41,32,27,27,27,27,41,27,27,27,27,27,27,27,27,27,47,229,27,27,37,27,27,27,230,41,41,230,230,230,230,41,41,230,41,41,41,41,191,41,27,147,230,41,230,230,27,229,230,230,27,41,37,27,27,36,41,27,27,41,28,27,41,27,41,41,27,41,30,41,41,41,41,27,41,39,209,41,230,27,230,35,230,230,27,27,230,230,45,27,41,41,41,27,41,41,229,41,229,41,203,27,27,230,29,27,27,27,27,27,27,230,230,230,27,27,230,27,27,27,27,36,41,27,41,27,41,27,41,27,41,41,40,41,41,41,41,41,41,40,41,41,41,27,27,27,41,41,41,41,41,37,35,41,41,41,41,27,41,27,41,132,42,41,41,41,41,27,41,41,147,41,41,41,41,41,41,27,37,27,38,229,42,41,41,27,229,27,41,41,41,27,41,41,229,41,27,27,27,41,27,171,27,27,27,27,27,27,229,27,139,27,41,29,27,27,27,27,41,41,30,27,41,41,30,41,41,27,41,41,27,36,27,41,41,41,41,34,30,27,40,27,27,41,41,41,29,41,41,41,41,41,41,41,41,27,41,181,41,28,41,27,207,27,41,41,27,44,27,41,198,41,28,41,41,41,41,27,41,41,27,34,41,41,27,41,41,41,27,27,27,41,27,41,27,41,41,27,27,27,36,41,27,40,27,27,27,27,41,41,27,27,27,27,35,41,36,27,27,41,27,36,41,41,41,27,27,27,27,27,41,27,29,41,27,27,41,41,41,27,36,27,27,27,27,41,27,41,27,27,27,27,27,41,27,27,41,41,41,41,27,41,27,41,41,41,41,41,41,41,41,32,27,41,41,27,41,41,41,27,41,41,41,41,27,27,41,27,41,41,27,27,41,41,35,27,41,41,41,41,27,28,27,27,229,27,27,27,27,27,27,27,27,27,27,27,27,27,27,27,33,41,41,41,36,27,41,27,41,41,27,30,41,35,41,41,27,29,41,27,41,41,27,27,27,41,27,41,41,41,27,41,41,27,41,41,41,41,41,41,34,27,27,41,41,41,41,41,41,229,41,41,43,41,27,27,41,27,41,41,27
199,230,229,230,230,230,62,230,230,27,87,41,41,29,41,41,41,35,41,27,34,28,41,27,27,41,41,41,41,27,27,27,41,27,27,27,27,27,27,27,27,41,27,41,27,41,34,41,41,41,41,27,41,41,41,41,41,41,27,41,27,41,27,41,41,27,27,27,27,41,40,41,41,41,37,41,41,41,27,45,230,230,230,27,27,27,41,27,202,27,73,229,41,27,27,41,41,107,27,27,148,27,229,229,27,229,27,212,27,113,229,27,229,229,27,74,41,229,229,53,27,27,39,41,27,27,27,27,27,41,27,27,27,41,27,41,27,41,27,41,32,91,41,41,229,229,27,41,41,27,27,27,27,229,229,27,216,79,29,41,41,200,41,41,28,27,41,41,29,230,45,229,229,229,229,27,229,41,27,27,147,27,41,199,41,98,41,205,27,133,27,41,41,41,41,41,41,41,41,69,41,41,229,147,222,27,226,27,229,35,50,38,41,27,41,27,41,41,41,41,31,27,229,27,41,41,27,27,163,163,230,27,27,230,27,27,27,41,230,77,230,230,230,27,27,28,221,27,230,27,44,156,27,27,230,27,27,66,41,41,230,229,230,230,229,230,64,197,227,230,27,41,41,27,41,28,41,41,41,85,41,41,41,27,27,229,41,41,27,44,229,27,229,27,229,41,229,230,229,41,191,230,230,27,216,42,72,230,230,27,27,41,41,27,38,41,41,229,59,36,27,27,27,229,230,27,27,27,229,27,27,41,27,27,27,27,27,27,27,27,39,41,41,27,41,41,38,41,41,41,41,41,41,27,41,41,39,27,41,41,27,41,41,41,27,27,27,41,41,41,41,230,27,27,27,41,224,37,41,230,29,230,45,41,27,230,210,41,41,27,109,41,40,192,41,41,27,41,229,33,41,39,41,27,27,27,41,27,41,27,41,41,27,27,41,41,27,27,27,41,28,27,27,27,27,27,27,27,27,27,27,27,27,27,27,27,27,27,41,53,42,27,28,54,41,41,230,27,27,212,27,27,57,230,29,70,230,230,41,230,230,27,41,27,214,41,150,147,230,27,27,229,27,27,213,213,61,229,31,113,41,27,230,230,41,27,41,229,27,61,41,41,41,27,41,41,27,41,27,27,35,41,27,36,41,41,27,41,41,186,27,27,41,30,27,41,36,41,41,41,34,27,27,27,27,41,27,27,27,27,27,27,27,27,27,108,229,27,27,37,27,29,27,230,47,41,230,230,230,230,41,41,212,41,41,41,42,89,41,27,147,230,41,230,230,40,229,230,193,27,41,35,27,27,27,41,27,27,41,28,27,39,27,41,41,27,41,38,41,41,41,41,27,41,29,229,41,230,27,210,35,204,230,27,27,230,230,27,27,41,41,41,27,41,41,229,41,229,41,203,27,27,230,39,27,27,27,27,27,27,230,230,230,27,27,230,27,27,27,27,36,41,27,41,27,41,27,41,27,41,36,36,41,41,38,41,41,41,41,41,41,41,27,27,27,41,41,41,41,41,41,39,41,41,41,41,29,41,27,41,164,27,41,41,41,41,27,41,41,147,41,39,41,41,41,41,30,30,27,38,229,41,41,41,27,229,27,41,41,41,27,41,41,216,41,27,27,27,41,27,171,27,27,27,27,27,27,229,27,139,27,41,27,27,27,27,27,39,41,30,27,41,41,38,41,41,27,41,41,27,36,27,41,40,41,41,39,37,27,41,27,27,41,41,41,27,41,41,41,41,41,41,41,41,27,41,229,41,39,41,27,229,27,41,41,27,27,34,41,219,41,27,41,41,37,41,27,41,41,28,37,41,41,27,41,41,41,27,27,27,41,29,41,27,41,41,27,27,27,36,41,27,29,27,27,27,27,41,41,28,27,27,27,29,41,27,27,27,41,27,28,41,41,41,27,27,27,27,27,41,27,27,41,27,27,41,41,41,27,36,40,27,27,27,41,27,40,27,30,27,27,27,36,27,27,41,41,41,41,27,41,27,41,41,41,39,41,41,41,41,27,27,41,41,27,41,41,41,27,41,41,41,41,27,27,41,27,36,41,27,27,40,41,29,27,41,41,41,41,27,28,27,27,229,27,27,27,27,27,27,27,27,27,27,27,27,27,27,27,33,41,41,41,27,27,41,27,41,41,30,27,41,41,38,41,27,27,41,27,41,41,28,30,27,41,27,41,41,41,27,41,41,28,41,41,41,41,41,41,34,27,27,41,229,41,41,41,41,229,41,41,109,41,27,27,41,27,41,41,27
199,230,229,230,230,230,62,230,230,27,87,41,41,29,41,41,41,35,41,27,34,28,41,27,27,41,41,41,41,27,27,27,41,27,27,27,27,27,27,27,27,41,27,41,27,41,34,41,41,41,41,27,41,41,41,41,41,41,27,41,27,41,27,41,41,27,27,27,27,41,40,41,41,41,37,41,41,41,27,45,230,230,230,27,27,27,41,27,202,27,73,229,41,27,27,41,41,107,27,27,148,27,229,229,27,229,27,212,27,113,229,27,229,229,27,74,41,229,229,53,27,27,39,41,27,27,27,27,27,41,27,27,27,41,27,41,27,41,27,41,32,91,41,41,229,229,27,41,41,27,27,27,27,229,229,27,216,79,29,41,41,200,41,41,28,27,41,41,29,230,45,229,229,229,229,27,229,41,27,27,147,27,41,199,41,98,41,205,27,133,27,41,41,41,41,41,41,41,41,69,41,41,229,147,222,27,226,27,229,35,50,38,41,27,41,27,41,41,41,41,31,27,229,27,41,41,27,27,163,163,230,27,27,230,27,27,27,41,230,77,230,230,230,27,27,28,221,27,230,27,44,156,27,27,230,27,27,66,41,41,230,229,230,230,229,230,64,197,227,230,27,41,41,27,41,28,41,41,41,85,41,41,41,27,27,229,41,41,27,44,229,27,229,27,229,41,229,230,229,41,191,230,230,27,216,42,72,230,230,27,27,41,41,27,38,41,41,229,59,36,27,27,27,229,230,27,27,27,229,27,27,41,27,27,27,27,27,27,27,27,39,41,41,27,41,41,38,41,41,41,41,41,41,27,41,41,39,27,41,41,27,41,41,41,27,27,27,41,41,41,41,230,27,27,27,41,224,37,41,230,29,230,45,41,27,230,210,41,41,27,109,41,40,192,41,41,27,41,229,33,41,39,41,27,27,27,41,27,41,27,41,41,27,27,41,41,27,27,27,41,28,27,27,27,27,27,27,27,27,27,27,27,27,27,27,27,27,27,41,53,42,27,28,54,41,41,230,27,27,212,27,27,57,230,29,70,230,230,41,230,230,27,41,27,214,41,150,147,230,27,27,229,27,27,213,213,61,229,31,113,41,27,230,230,41,27,41,229,27,61,41,41,41,27,41,41,27,41,27,27,35,41,27,36,41,41,27,41,41,186,27,27,41,30,27,41,36,41,41,41,34,27,27,27,27,41,27,27,27,27,27,27,27,27,27,108,229,27,27,37,27,29,27,230,47,41,230,230,230,230,41,41,212,41,41,41,42,89,41,27,147,230,41,230,230,40,229,230,193,27,41,35,27,27,27,41,27,27,41,28,27,39,27,41,41,27,41,38,41,41,41,41,27,41,29,229,41,230,27,210,35,204,230,27,27,230,230,27,27,41,41,41,27,41,41,229,41,229,41,203,27,27,230,39,27,27,27,27,27,27,230,230,230,27,27,230,27,27,27,27,36,41,27,41,27,41,27,41,27,41,36,36,41,41,38,41,41,41,41,41,41,41,27,27,27,41,41,41,41,41,41,39,41,41,41,41,29,41,27,41,164,27,41,41,41,41,27,41,41,147,41,39,41,41,41,41,30,30,27,38,229,41,41,41,27,229,27,41,41,41,27,41,41,216,41,27,27,27,41,27,171,27,27,27,27,27,27,229,27,139,27,41,27,27,27,27,27,39,41,30,27,41,41,38,41,41,27,41,41,27,36,27,41,40,41,41,39,37,27,41,27,27,41,41,41,27,41,41,41,41,41,41,41,41,27,41,229,41,39,41,27,229,27,41,41,27,27,34,41,219,41,27,41,41,37,41,27,41,41,28,37,41,41,27,41,41,41,27,27,27,41,29,41,27,41,41,27,27,27,36,41,27,29,27,27,27,27,41,41,28,27,27,27,29,41,27,27,27,41,27,28,41,41,41,27,27,27,27,27,41,27,27,41,27,27,41,41,41,27,36,40,27,27,27,41,27,40,27,30,27,27,27,36,27,27,41,41,41,41,27,41,27,41,41,41,39,41,41,41,41,27,27,41,41,27,41,41,41,27,41,41,41,41,27,27,41,27,36,41,27,27,40,41,29,27,41,41,41,41,27,28,27,27,229,27,27,27,27,27,27,27,27,27,27,27,27,27,27,27,33,41,41,41,27,27,41,27,41,41,30,27,41,41,38,41,27,27,41,27,41,41,28,30,27,41,27,41,41,41,27,41,41,28,41,41,41,41,41,41,34,27,27,41,229,41,41,41,41,229,41,41,109,41,27,27,41,27,41,41,27
229,230,229,230,230,230,27,223,230,27,87,41,41,27,41,41,41,40,41,27,34,27,41,27,27,41,41,41,41,27,27,27,41,27,27,27,27,27,27,28,27,41,27,41,29,41,39,41,41,41,41,27,41,41,41,41,41,41,27,41,29,41,41,41,40,27,27,27,27,41,36,41,41,41,34,41,41,41,27,45,230,230,230,27,27,34,62,49,229,27,73,229,41,27,29,41,41,203,27,27,148,27,229,229,27,229,27,75,27,230,229,27,229,229,27,28,41,229,229,53,27,27,41,41,27,27,27,27,27,41,27,27,27,41,27,41,27,27,27,41,32,183,41,41,219,229,27,41,40,27,29,27,27,229,228,30,229,191,38,192,41,75,41,41,27,27,41,41,27,230,221,229,229,229,229,27,229,41,29,27,130,27,41,205,41,182,41,205,27,133,27,41,41,41,41,41,32,41,41,30,27,41,229,57,157,27,229,27,229,153,50,30,41,27,41,27,41,41,41,41,31,27,229,27,41,41,27,27,27,27,230,27,27,230,27,27,27,47,230,77,230,230,230,27,27,27,230,27,230,27,89,220,27,35,230,27,29,209,41,49,230,229,230,230,229,230,191,230,230,230,27,41,41,27,41,35,41,41,41,79,41,41,41,27,27,229,41,41,27,41,229,27,229,27,229,41,230,230,229,41,191,230,230,27,230,73,32,230,230,27,27,41,41,27,41,41,47,229,41,36,27,27,27,229,230,27,27,27,229,27,27,41,27,27,27,27,27,27,27,27,39,41,41,27,41,41,41,41,41,41,41,41,41,27,39,41,41,27,41,41,36,41,41,41,27,27,27,41,41,41,41,230,27,27,27,41,93,30,41,230,29,52,41,41,27,230,205,41,41,27,110,41,41,229,41,41,27,41,229,33,41,41,41,41,27,27,40,30,41,27,41,41,27,27,41,41,27,27,27,41,28,27,27,27,27,27,27,27,27,27,27,27,27,27,27,27,27,27,41,41,66,27,27,156,47,41,230,27,27,102,28,27,27,230,39,42,230,230,51,230,230,27,41,27,146,41,214,218,230,45,27,229,27,27,148,178,27,229,37,132,41,27,230,230,41,27,41,229,27,27,38,41,41,27,39,41,27,41,29,27,40,40,27,41,41,41,41,43,41,90,27,27,41,27,27,41,41,41,41,41,34,41,27,27,27,41,27,27,27,27,27,27,27,27,27,210,229,27,27,37,27,35,27,230,160,41,230,230,27,230,41,41,70,41,41,27,83,42,41,27,147,230,41,230,230,146,230,230,69,27,41,28,29,27,27,41,27,27,41,31,27,32,27,41,32,27,41,41,41,41,41,41,27,41,27,229,41,230,27,107,35,74,230,27,27,230,230,27,27,41,41,41,27,41,41,229,41,229,41,203,27,27,230,41,27,27,27,27,27,27,230,230,230,27,27,192,27,27,27,27,36,41,27,41,27,41,41,41,27,41,27,28,41,41,31,41,41,41,41,41,41,39,28,27,27,41,41,41,40,41,41,41,41,41,41,41,35,41,27,41,164,27,41,41,41,41,27,41,41,147,41,33,41,41,41,27,38,27,27,38,229,41,41,41,27,229,27,41,35,41,27,41,41,64,41,27,27,27,41,27,171,27,27,27,27,27,27,229,27,139,27,41,27,27,27,27,27,29,41,30,27,41,41,41,41,41,27,41,41,27,41,27,41,33,41,41,41,41,27,41,27,28,41,41,41,27,41,41,41,41,41,41,41,41,27,41,229,41,41,41,27,229,27,41,41,43,27,100,41,219,41,27,41,41,30,41,27,41,41,32,38,41,27,27,41,41,41,28,27,27,41,39,41,27,41,41,27,27,27,36,41,27,27,27,27,27,27,41,41,39,27,27,27,27,41,27,27,27,41,27,27,41,41,41,27,41,27,27,27,41,27,27,41,27,27,41,41,41,27,36,41,27,27,41,41,27,35,27,38,27,27,27,27,29,27,41,41,41,41,27,40,27,41,41,41,33,41,41,41,41,27,30,41,41,27,41,41,41,27,41,41,41,41,27,28,41,27,28,41,27,27,36,41,27,27,41,41,41,41,27,28,27,27,229,27,27,27,27,27,27,27,27,27,27,27,27,27,27,27,33,41,41,41,27,27,41,27,41,41,38,27,41,41,30,41,27,27,41,27,41,41,39,37,27,41,27,41,41,41,27,41,41,40,41,41,36,41,41,41,34,27,27,41,229,41,41,41,41,229,41,41,196,41,27,27,41,27,41,41,27
229,230,229,230,230,230,27,171,230,27,87,41,41,27,41,41,41,41,41,27,34,27,41,27,27,41,41,40,41,27,27,27,41,27,27,27,27,27,27,28,27,41,41,41,39,41,41,40,41,41,41,27,41,38,41,41,41,41,30,41,39,41,41,41,35,30,27,36,27,41,28,41,41,41,29,41,41,41,27,45,230,230,230,27,27,89,229,230,229,27,73,229,41,27,39,41,41,229,27,27,108,27,212,229,27,229,27,46,27,230,229,27,229,229,29,27,164,229,210,53,27,27,41,41,27,27,27,27,27,41,27,27,27,41,27,39,27,27,27,41,32,229,41,41,64,221,27,41,28,27,38,27,27,229,226,39,229,229,41,192,41,42,41,40,27,27,41,41,27,230,230,229,229,229,229,27,229,47,35,27,80,27,41,205,41,205,41,205,27,133,27,41,41,41,41,41,27,41,41,30,40,69,229,27,48,27,229,27,229,35,50,27,41,27,41,27,41,41,41,41,31,27,205,27,41,41,27,27,27,27,230,27,27,230,27,27,27,230,230,77,230,230,230,27,27,27,230,27,230,27,185,230,27,41,230,27,39,230,41,222,227,229,230,230,229,230,229,230,230,27,27,41,41,27,41,40,41,41,41,56,41,41,41,27,27,96,41,41,27,41,229,27,229,27,229,213,229,229,229,106,191,230,230,27,230,196,28,230,230,27,27,41,41,27,41,41,47,229,41,36,27,27,27,229,230,27,27,27,230,27,27,40,27,27,27,27,27,27,27,27,39,41,41,27,41,41,41,41,36,41,41,41,27,27,29,41,41,27,41,41,41,41,41,41,27,41,27,41,41,41,41,230,27,27,27,41,41,27,41,230,29,41,41,41,27,230,205,41,41,27,110,41,41,229,27,41,27,41,229,33,41,41,41,41,27,27,35,37,47,27,41,41,27,27,41,41,27,27,27,41,28,27,27,27,27,27,27,27,27,27,27,27,27,27,27,27,27,27,41,41,203,27,27,221,230,55,230,27,27,80,35,27,27,230,41,41,230,209,156,230,230,27,41,27,60,41,229,229,230,147,27,229,27,27,62,130,27,229,41,132,41,27,230,97,41,27,41,230,27,27,30,41,41,30,28,41,27,41,39,27,41,36,27,41,41,41,41,89,41,42,27,27,41,27,27,41,41,41,41,41,34,41,27,27,27,41,27,27,27,27,27,27,27,27,27,229,229,27,27,50,27,39,27,230,225,41,230,230,27,230,41,41,41,41,41,27,187,41,41,27,147,230,41,230,230,218,230,230,28,27,41,27,39,27,27,41,27,27,41,38,27,27,27,41,27,27,41,41,41,41,34,41,27,39,27,229,39,230,27,38,35,42,230,27,27,230,230,27,27,39,41,41,27,41,41,229,41,225,27,203,27,27,209,41,27,27,27,27,27,27,230,230,230,27,27,67,27,27,27,27,33,41,27,41,27,41,41,41,27,41,27,27,41,41,27,41,41,41,41,41,41,27,41,27,27,41,41,41,36,41,41,41,41,41,41,41,40,41,27,41,164,27,41,60,41,41,27,41,41,147,41,28,41,41,41,27,41,27,32,38,210,41,41,41,27,229,27,41,28,58,36,41,41,42,41,27,27,27,41,27,171,27,29,27,27,27,27,208,27,139,27,41,27,27,27,27,27,27,41,30,27,41,41,41,41,41,27,41,41,27,41,27,41,34,41,41,41,41,27,41,27,36,41,41,41,27,41,41,41,41,41,41,41,41,27,41,229,41,41,41,97,229,27,41,41,109,27,209,41,219,38,27,41,41,27,41,27,41,41,39,38,41,27,27,41,41,41,40,27,27,41,41,41,27,41,41,27,27,27,36,41,27,27,27,27,27,27,41,41,41,27,27,27,27,41,27,27,27,41,27,27,41,41,41,28,41,27,27,27,40,27,27,41,27,27,41,41,41,27,36,41,27,27,41,41,27,28,27,41,27,27,27,27,39,27,41,41,41,41,27,39,27,41,41,41,28,41,41,41,41,27,38,41,41,27,41,41,41,27,41,41,41,40,27,35,41,27,27,41,27,29,28,41,27,27,39,41,41,41,27,28,27,27,229,27,27,27,27,27,27,27,27,27,27,27,27,27,27,27,33,41,41,41,27,36,41,27,41,41,41,27,41,41,27,41,27,27,41,27,41,41,41,41,27,41,27,41,41,41,27,41,41,41,41,41,36,41,41,41,34,27,27,27,229,41,41,41,41,229,41,41,229,41,27,41,41,27,41,41,27
229,230,229,230,230,230,27,171,230,27,87,41,41,27,41,41,41,41,41,27,34,27,41,27,27,41,41,40,41,27,27,27,41,27,27,27,27,27,27,28,27,41,41,41,39,41,41,40,41,41,41,27,41,38,41,41,41,41,30,41,39,41,41,41,35,30,27,36,27,41,28,41,41,41,29,41,41,41,27,45,230,230,230,27,27,89,229,230,229,27,73,229,41,27,39,41,41,229,27,27,108,27,212,229,27,229,27,46,27,230,229,27,229,229,29,27,164,229,210,53,27,27,41,41,27,27,27,27,27,41,27,27,27,41,27,39,27,27,27,41,32,229,41,41,64,221,27,41,28,27,38,27,27,229,226,39,229,229,41,192,41,42,41,40,27,27,41,41,27,230,230,229,229,229,229,27,229,47,35,27,80,27,41,205,41,205,41,205,27,133,27,41,41,41,41,41,27,41,41,30,40,69,229,27,48,27,229,27,229,35,50,27,41,27,41,27,41,41,41,41,31,27,205,27,41,41,27,27,27,27,230,27,27,230,27,27,27,230,230,77,230,230,230,27,27,27,230,27,230,27,185,230,27,41,230,27,39,230,41,222,227,229,230,230,229,230,229,230,230,27,27,41,41,27,41,40,41,41,41,56,41,41,41,27,27,96,41,41,27,41,229,27,229,27,229,213,229,229,229,106,191,230,230,27,230,196,28,230,230,27,27,41,41,27,41,41,47,229,41,36,27,27,27,229,230,27,27,27,230,27,27,40,27,27,27,27,27,27,27,27,39,41,41,27,41,41,41,41,36,41,41,41,27,27,29,41,41,27,41,41,41,41,41,41,27,41,27,41,41,41,41,230,27,27,27,41,41,27,41,230,29,41,41,41,27,230,205,41,41,27,110,41,41,229,27,41,27,41,229,33,41,41,41,41,27,27,35,37,47,27,41,41,27,27,41,41,27,27,27,41,28,27,27,27,27,27,27,27,27,27,27,27,27,27,27,27,27,27,41,41,203,27,27,221,230,55,230,27,27,80,35,27,27,230,41,41,230,209,156,230,230,27,41,27,60,41,229,229,230,147,27,229,27,27,62,130,27,229,41,132,41,27,230,97,41,27,41,230,27,27,30,41,41,30,28,41,27,41,39,27,41,36,27,41,41,41,41,89,41,42,27,27,41,27,27,41,41,41,41,41,34,41,27,27,27,41,27,27,27,27,27,27,27,27,27,229,229,27,27,50,27,39,27,230,225,41,230,230,27,230,41,41,41,41,41,27,187,41,41,27,147,230,41,230,230,218,230,230,28,27,41,27,39,27,27,41,27,27,41,38,27,27,27,41,27,27,41,41,41,41,34,41,27,39,27,229,39,230,27,38,35,42,230,27,27,230,230,27,27,39,41,41,27,41,41,229,41,225,27,203,27,27,209,41,27,27,27,27,27,27,230,230,230,27,27,67,27,27,27,27,33,41,27,41,27,41,41,41,27,41,27,27,41,41,27,41,41,41,41,41,41,27,41,27,27,41,41,41,36,41,41,41,41,41,41,41,40,41,27,41,164,27,41,60,41,41,27,41,41,147,41,28,41,41,41,27,41,27,32,38,210,41,41,41,27,229,27,41,28,58,36,41,41,42,41,27,27,27,41,27,171,27,29,27,27,27,27,208,27,139,27,41,27,27,27,27,27,27,41,30,27,41,41,41,41,41,27,41,41,27,41,27,41,34,41,41,41,41,27,41,27,36,41,41,41,27,41,41,41,41,41,41,41,41,27,41,229,41,41,41,97,229,27,41,41,109,27,209,41,219,38,27,41,41,27,41,27,41,41,39,38,41,27,27,41,41,41,40,27,27,41,41,41,27,41,41,27,27,27,36,41,27,27,27,27,27,27,41,41,41,27,27,27,27,41,27,27,27,41,27,27,41,41,41,28,41,27,27,27,40,27,27,41,27,27,41,41,41,27,36,41,27,27,41,41,27,28,27,41,27,27,27,27,39,27,41,41,41,41,27,39,27,41,41,41,28,41,41,41,41,27,38,41,41,27,41,41,41,27,41,41,41,40,27,35,41,27,27,41,27,29,28,41,27,27,39,41,41,41,27,28,27,27,229,27,27,27,27,27,27,27,27,27,27,27,27,27,27,27,33,41,41,41,27,36,41,27,41,41,41,27,41,41,27,41,27,27,41,27,41,41,41,41,27,41,27,41,41,41,27,41,41,41,41,41,36,41,41,41,34,27,27,27,229,41,41,41,41,229,41,41,229,41,27,41,41,27,41,41,27
229,230,229,230,230,230,27,145,230,27,87,41,41,27,41,41,41,41,27,27,34,27,41,27,27,41,39,29,41,27,27,27,41,27,27,27,27,27,27,28,28,41,41,41,41,41,41,36,41,41,41,27,41,31,41,41,39,41,38,41,41,41,41,41,29,38,27,41,27,41,27,41,41,41,27,41,41,41,27,45,229,230,230,27,27,108,229,230,229,27,73,229,41,27,41,41,41,229,27,39,108,27,145,229,31,229,27,42,27,230,222,27,229,229,38,27,229,229,74,51,27,27,41,41,27,27,27,27,27,41,27,27,27,41,27,29,27,27,27,41,32,229,41,36,42,64,27,40,27,27,41,41,27,229,101,41,175,181,181,197,41,41,41,35,27,27,41,41,27,230,230,229,229,229,229,27,229,230,40,27,41,27,41,205,41,205,41,205,27,133,27,41,41,41,41,41,27,41,41,30,41,150,229,27,27,28,229,27,229,27,50,27,41,27,41,27,41,41,41,41,31,27,58,27,41,41,27,27,27,27,230,27,27,230,27,27,27,230,230,77,230,230,230,27,27,27,230,27,230,27,230,230,27,41,230,27,41,230,41,230,157,230,230,230,230,230,229,230,230,27,96,41,41,27,40,41,41,41,41,40,41,41,41,27,32,27,41,41,27,41,230,27,190,27,229,229,229,230,230,229,191,230,230,27,230,230,27,230,230,27,27,36,41,27,41,42,230,229,41,36,27,27,27,230,230,27,27,27,230,27,27,29,27,27,27,27,27,27,27,27,39,41,41,27,41,41,41,41,27,41,41,35,27,27,27,41,41,27,40,41,41,41,38,41,27,41,27,41,41,41,41,230,27,27,27,41,65,27,41,229,29,41,41,41,27,230,205,41,41,27,110,41,41,229,27,41,27,41,229,33,41,41,41,41,27,27,29,41,230,27,41,37,41,27,41,41,27,27,27,41,28,27,27,27,27,27,27,27,27,27,27,27,27,27,27,27,27,27,41,41,230,27,27,229,230,215,222,27,27,80,40,27,27,230,41,41,230,65,222,230,230,27,41,27,27,41,229,229,220,217,27,160,27,27,27,62,27,229,41,132,41,29,230,27,41,27,41,230,27,27,27,41,40,37,41,41,27,41,41,27,41,28,27,41,41,41,41,184,41,41,27,27,41,27,27,41,41,41,41,41,34,41,27,27,27,41,27,27,27,27,27,27,27,27,29,229,229,27,27,50,27,41,27,230,230,40,230,230,27,213,51,41,41,41,41,27,230,41,41,27,147,230,41,230,230,229,230,230,27,27,41,27,41,27,27,41,27,27,41,41,27,27,27,41,27,27,41,41,41,41,27,41,27,29,27,229,29,210,37,27,35,41,230,27,27,230,230,27,27,29,41,41,36,41,41,225,51,158,27,142,27,27,60,41,27,27,27,27,27,27,230,230,230,27,27,27,27,27,41,27,28,41,27,41,27,41,41,41,27,41,27,27,41,41,27,38,41,41,41,36,41,27,41,27,27,41,41,41,28,41,41,41,41,41,41,41,41,41,27,41,145,27,38,207,41,41,27,27,41,147,41,27,41,41,41,27,41,27,41,38,75,41,41,41,27,47,27,41,27,212,41,41,41,41,41,27,30,27,41,27,171,27,39,27,27,27,27,59,27,139,27,41,27,27,27,27,27,27,41,30,28,41,41,41,41,41,27,41,41,27,41,29,41,41,41,41,41,41,27,41,27,40,41,41,41,27,41,41,41,41,41,41,41,41,27,41,229,41,41,41,230,229,27,38,41,194,27,230,41,219,31,27,41,41,27,41,27,41,41,41,38,41,27,27,41,41,41,41,27,27,41,41,41,27,41,41,27,27,27,36,41,27,27,27,41,27,27,41,41,41,27,27,27,27,41,27,27,27,41,27,27,41,41,41,39,41,27,27,29,35,27,27,41,36,27,41,41,41,29,36,41,27,27,41,41,29,27,27,41,27,27,27,27,41,30,41,41,41,41,27,39,27,41,41,41,27,41,41,41,41,27,41,41,41,27,33,41,41,27,41,36,41,36,27,40,41,27,27,41,27,39,27,41,27,27,29,41,41,41,27,28,27,27,229,27,27,27,27,27,27,27,27,27,27,27,27,27,27,27,33,41,41,41,27,41,41,27,41,41,41,27,41,41,27,41,27,27,41,28,41,41,41,41,27,41,27,41,41,41,27,41,41,41,41,41,27,41,41,41,34,30,27,27,209,41,41,41,41,229,41,41,229,41,27,107,41,27,41,41,34
229,230,229,33,230,230,27,49,230,27,87,41,41,27,41,41,41,41,27,27,31,27,41,27,27,41,29,27,41,27,27,27,41,27,27,27,27,27,27,28,35,41,41,41,41,41,41,29,41,41,41,30,41,27,41,41,29,41,41,41,41,41,41,41,27,41,27,41,27,41,27,41,41,41,27,41,41,41,27,42,229,230,230,27,27,215,230,230,229,27,73,230,41,27,41,41,40,229,27,107,108,27,61,229,37,229,27,41,30,230,157,42,229,229,41,27,229,229,42,41,27,27,41,41,27,27,27,27,27,41,27,27,27,41,27,27,27,27,27,41,32,229,41,27,41,42,27,35,27,27,41,41,27,229,41,41,42,46,229,197,41,41,41,29,27,29,41,41,27,230,230,229,229,229,229,27,229,230,41,27,32,27,41,205,41,205,41,205,27,133,27,41,41,41,41,41,27,41,41,42,41,214,229,27,27,35,229,27,229,27,50,27,41,27,41,27,41,41,41,41,31,27,27,27,41,41,27,27,27,27,230,27,27,230,27,27,27,230,230,77,230,230,230,27,58,27,230,27,230,27,230,230,27,41,230,27,41,230,41,230,33,230,230,230,230,230,229,230,230,27,96,41,41,27,35,41,41,41,41,37,41,39,41,27,41,27,62,41,27,41,230,29,93,27,229,163,229,230,230,229,190,230,230,27,230,230,27,230,230,27,27,27,41,27,41,46,230,229,41,36,27,27,27,230,27,27,27,27,230,27,27,27,27,27,27,27,27,27,27,27,39,41,41,27,41,41,41,41,27,41,35,28,27,27,27,40,41,27,35,41,41,41,30,41,30,41,28,41,41,41,41,195,27,29,27,41,152,29,38,205,32,41,41,41,27,41,205,41,41,27,110,41,41,229,27,41,27,41,195,33,41,41,41,41,27,27,27,41,230,39,41,28,41,27,41,41,29,27,27,41,27,27,27,27,27,27,27,27,27,27,27,27,27,27,27,27,27,27,41,41,230,28,27,229,230,230,62,27,27,80,41,27,27,230,41,41,230,32,230,230,230,27,41,27,27,41,229,229,153,229,27,27,27,27,27,27,27,229,41,133,41,38,230,27,41,27,41,230,27,27,27,41,33,41,41,41,27,41,41,27,42,27,27,41,41,41,41,229,41,41,27,27,41,27,27,41,41,41,41,39,34,41,27,27,27,41,27,27,27,27,27,27,27,27,39,229,229,27,27,50,27,41,27,230,230,28,230,230,27,144,71,41,41,41,41,27,230,41,41,29,147,230,41,230,214,229,230,230,27,27,41,27,41,27,27,41,27,27,41,41,27,27,27,41,27,27,41,41,41,41,27,41,27,27,27,229,27,107,105,27,39,41,230,27,27,160,230,27,27,27,41,41,41,41,41,157,209,37,27,27,27,27,27,49,27,27,27,27,27,27,230,230,230,27,27,27,27,27,41,27,27,41,27,41,31,41,41,41,27,41,27,27,41,41,27,31,41,41,41,27,41,27,41,27,27,41,41,41,27,41,41,41,41,38,41,41,41,41,36,41,88,27,30,230,41,39,27,27,41,128,41,27,39,41,41,27,41,27,41,38,42,41,41,38,27,41,27,41,27,229,41,41,41,41,41,30,38,27,41,27,171,27,41,27,27,27,27,27,27,128,27,39,27,27,27,27,27,27,41,30,35,40,41,41,41,41,27,41,41,27,41,35,41,41,41,41,41,41,27,41,27,41,40,41,41,27,41,41,41,41,41,41,41,41,27,41,229,41,41,41,230,229,27,31,41,230,27,230,41,188,27,27,41,41,27,41,27,41,41,41,38,41,27,27,41,41,41,41,27,27,41,41,41,27,41,41,27,27,27,36,41,27,27,27,41,27,27,41,41,41,27,27,27,27,41,27,27,27,41,27,27,41,41,41,41,41,27,27,39,29,27,27,41,41,29,41,41,41,34,36,41,27,27,41,41,39,27,27,41,27,27,27,27,41,38,41,41,41,41,27,39,27,41,39,41,27,41,41,41,41,27,41,41,41,27,27,41,41,27,41,27,41,29,27,41,41,27,27,41,41,41,27,41,27,27,27,41,41,41,27,28,27,27,229,27,27,27,27,27,27,27,27,27,27,27,27,27,27,27,33,41,41,41,27,41,41,27,41,41,41,27,41,41,27,41,27,27,41,40,41,41,41,41,27,41,27,41,41,41,27,41,41,41,41,41,27,41,41,41,34,37,27,27,228,41,41,41,41,96,41,41,229,41,27,195,41,27,41,41,99
229,230,229,33,230,230,27,49,230,27,87,41,41,27,41,41,41,41,27,27,31,27,41,27,27,41,29,27,41,27,27,27,41,27,27,27,27,27,27,28,35,41,41,41,41,41,41,29,41,41,41,30,41,27,41,41,29,41,41,41,41,41,41,41,27,41,27,41,27,41,27,41,41,41,27,41,41,41,27,42,229,230,230,27,27,215,230,230,229,27,73,230,41,27,41,41,40,229,27,107,108,27,61,229,37,229,27,41,30,230,157,42,229,229,41,27,229,229,42,41,27,27,41,41,27,27,27,27,27,41,27,27,27,41,27,27,27,27,27,41,32,229,41,27,41,42,27,35,27,27,41,41,27,229,41,41,42,46,229,197,41,41,41,29,27,29,41,41,27,230,230,229,229,229,229,27,229,230,41,27,32,27,41,205,41,205,41,205,27,133,27,41,41,41,41,41,27,41,41,42,41,214,229,27,27,35,229,27,229,27,50,27,41,27,41,27,41,41,41,41,31,27,27,27,41,41,27,27,27,27,230,27,27,230,27,27,27,230,230,77,230,230,230,27,58,27,230,27,230,27,230,230,27,41,230,27,41,230,41,230,33,230,230,230,230,230,229,230,230,27,96,41,41,27,35,41,41,41,41,37,41,39,41,27,41,27,62,41,27,41,230,29,93,27,229,163,229,230,230,229,190,230,230,27,230,230,27,230,230,27,27,27,41,27,41,46,230,229,41,36,27,27,27,230,27,27,27,27,230,27,27,27,27,27,27,27,27,27,27,27,39,41,41,27,41,41,41,41,27,41,35,28,27,27,27,40,41,27,35,41,41,41,30,41,30,41,28,41,41,41,41,195,27,29,27,41,152,29,38,205,32,41,41,41,27,41,205,41,41,27,110,41,41,229,27,41,27,41,195,33,41,41,41,41,27,27,27,41,230,39,41,28,41,27,41,41,29,27,27,41,27,27,27,27,27,27,27,27,27,27,27,27,27,27,27,27,27,27,41,41,230,28,27,229,230,230,62,27,27,80,41,27,27,230,41,41,230,32,230,230,230,27,41,27,27,41,229,229,153,229,27,27,27,27,27,27,27,229,41,133,41,38,230,27,41,27,41,230,27,27,27,41,33,41,41,41,27,41,41,27,42,27,27,41,41,41,41,229,41,41,27,27,41,27,27,41,41,41,41,39,34,41,27,27,27,41,27,27,27,27,27,27,27,27,39,229,229,27,27,50,27,41,27,230,230,28,230,230,27,144,71,41,41,41,41,27,230,41,41,29,147,230,41,230,214,229,230,230,27,27,41,27,41,27,27,41,27,27,41,41,27,27,27,41,27,27,41,41,41,41,27,41,27,27,27,229,27,107,105,27,39,41,230,27,27,160,230,27,27,27,41,41,41,41,41,157,209,37,27,27,27,27,27,49,27,27,27,27,27,27,230,230,230,27,27,27,27,27,41,27,27,41,27,41,31,41,41,41,27,41,27,27,41,41,27,31,41,41,41,27,41,27,41,27,27,41,41,41,27,41,41,41,41,38,41,41,41,41,36,41,88,27,30,230,41,39,27,27,41,128,41,27,39,41,41,27,41,27,41,38,42,41,41,38,27,41,27,41,27,229,41,41,41,41,41,30,38,27,41,27,171,27,41,27,27,27,27,27,27,128,27,39,27,27,27,27,27,27,41,30,35,40,41,41,41,41,27,41,41,27,41,35,41,41,41,41,41,41,27,41,27,41,40,41,41,27,41,41,41,41,41,41,41,41,27,41,229,41,41,41,230,229,27,31,41,230,27,230,41,188,27,27,41,41,27,41,27,41,41,41,38,41,27,27,41,41,41,41,27,27,41,41,41,27,41,41,27,27,27,36,41,27,27,27,41,27,27,41,41,41,27,27,27,27,41,27,27,27,41,27,27,41,41,41,41,41,27,27,39,29,27,27,41,41,29,41,41,41,34,36,41,27,27,41,41,39,27,27,41,27,27,27,27,41,38,41,41,41,41,27,39,27,41,39,41,27,41,41,41,41,27,41,41,41,27,27,41,41,27,41,27,41,29,27,41,41,27,27,41,41,41,27,41,27,27,27,41,41,41,27,28,27,27,229,27,27,27,27,27,27,27,27,27,27,27,27,27,27,27,33,41,41,41,27,41,41,27,41,41,41,27,41,41,27,41,27,27,41,40,41,41,41,41,27,41,27,41,41,41,27,41,41,41,41,41,27,41,41,41,34,37,27,27,228,41,41,41,41,96,41,41,229,41,27,195,41,27,41,41,99
230,213,229,27,230,230,27,27,230,27,87,41,41,27,41,27,41,41,27,27,28,27,41,27,27,41,27,27,28,27,27,27,41,27,27,27,27,27,27,28,40,41,41,41,41,41,41,27,41,41,41,38,41,27,41,41,27,41,41,41,41,41,41,41,27,41,27,41,27,41,27,41,41,41,27,41,41,41,27,40,229,198,230,27,27,230,230,230,229,27,73,230,41,27,41,41,28,230,27,204,108,27,27,229,41,229,27,41,37,230,50,145,229,212,41,27,229,229,41,39,27,27,41,41,27,27,27,27,27,41,27,27,27,41,27,27,27,27,27,41,32,229,72,27,41,41,27,29,27,27,41,41,36,229,41,41,41,41,229,197,41,41,41,27,27,38,41,41,27,230,229,229,221,229,229,27,229,230,41,27,32,41,41,205,41,205,41,165,27,133,27,41,41,41,41,41,27,41,41,64,41,229,229,27,27,40,229,36,229,27,50,27,41,27,41,27,41,41,41,40,31,27,27,27,41,41,27,27,27,27,230,27,27,230,27,27,27,230,230,59,230,230,230,27,141,27,230,43,213,27,230,230,35,41,47,27,41,230,41,230,27,230,230,230,230,230,229,230,230,27,132,41,38,27,29,42,41,41,41,37,41,29,41,28,41,27,197,41,27,41,230,39,43,27,229,71,229,230,230,229,189,230,230,27,230,230,27,230,230,27,27,27,41,27,41,83,230,229,41,36,27,27,27,230,27,27,27,27,230,27,27,27,27,27,27,27,27,27,27,27,38,41,41,27,41,41,41,41,27,41,28,27,27,36,27,35,41,27,29,41,41,41,27,41,38,41,39,41,41,41,41,69,27,39,27,41,217,35,30,72,49,41,41,41,27,41,184,41,41,27,102,41,41,229,27,41,27,41,112,33,41,41,41,41,27,27,27,41,230,41,41,27,41,27,41,41,35,28,27,41,27,27,27,27,27,27,27,27,27,27,27,27,27,27,41,27,27,27,41,41,230,35,27,229,230,230,41,27,27,80,41,27,27,230,41,41,230,28,230,230,230,27,41,27,27,41,229,229,51,229,27,27,41,28,27,27,27,229,41,137,41,41,230,27,41,27,41,230,38,27,27,41,28,41,41,41,27,41,41,27,65,27,27,41,41,41,41,229,41,41,27,27,41,27,27,41,41,41,41,29,34,41,27,27,27,41,27,27,27,27,27,27,27,27,41,229,206,27,27,50,27,41,27,230,218,41,230,230,27,60,80,41,41,41,41,27,230,41,41,35,147,222,53,230,147,229,219,230,27,41,41,27,41,27,27,41,27,27,41,41,27,27,27,41,27,27,41,41,41,41,27,38,28,27,27,230,27,38,208,27,148,41,230,27,27,27,230,27,29,27,41,41,34,41,41,38,228,27,27,27,27,27,27,112,27,41,27,27,27,27,230,230,203,27,27,27,27,27,41,27,27,41,41,41,40,41,41,41,27,41,27,27,41,41,27,27,41,41,41,27,41,27,41,27,27,41,41,41,27,41,41,41,41,31,41,41,41,41,41,41,43,27,27,230,41,29,27,27,41,78,41,27,29,41,41,27,41,27,41,38,41,41,38,31,27,41,27,41,27,229,41,41,40,41,41,38,41,27,41,27,171,27,41,27,27,27,27,27,27,42,27,29,27,27,27,27,27,27,41,30,40,36,41,41,41,41,27,41,40,36,41,40,41,41,41,41,41,41,27,41,27,41,36,41,41,27,41,41,41,41,41,41,41,41,41,41,229,41,41,41,230,194,27,27,41,230,27,230,41,72,27,27,39,41,27,41,27,41,38,41,38,39,27,27,41,41,41,41,27,27,41,41,41,27,41,41,27,28,27,36,41,27,27,27,41,27,27,27,41,41,27,27,27,27,41,27,27,27,41,27,27,41,41,41,41,41,27,29,41,27,27,27,41,41,35,41,41,41,37,36,41,27,27,41,41,41,27,27,41,27,27,27,27,41,41,40,41,41,41,27,39,27,41,33,41,27,41,41,41,41,27,41,41,41,27,27,41,41,27,41,27,41,27,27,41,41,27,27,41,41,41,27,41,27,41,27,41,41,41,27,28,27,27,229,27,27,27,27,27,27,27,27,27,27,27,27,27,29,27,33,41,41,41,27,41,40,29,41,41,41,27,41,41,27,41,27,41,41,41,41,41,41,41,27,41,30,41,41,41,27,41,41,41,41,41,27,41,41,41,34,41,27,27,229,41,41,41,41,27,27,41,229,41,27,229,41,96,41,41,206
230,213,229,27,230,230,27,27,230,27,87,41,41,27,41,27,41,41,27,27,28,27,41,27,27,41,27,27,28,27,27,27,41,27,27,27,27,27,27,28,40,41,41,41,41,41,41,27,41,41,41,38,41,27,41,41,27,41,41,41,41,41,41,41,27,41,27,41,27,41,27,41,41,41,27,41,41,41,27,40,229,198,230,27,27,230,230,230,229,27,73,230,41,27,41,41,28,230,27,204,108,27,27,229,41,229,27,41,37,230,50,145,229,212,41,27,229,229,41,39,27,27,41,41,27,27,27,27,27,41,27,27,27,41,27,27,27,27,27,41,32,229,72,27,41,41,27,29,27,27,41,41,36,229,41,41,41,41,229,197,41,41,41,27,27,38,41,41,27,230,229,229,221,229,229,27,229,230,41,27,32,41,41,205,41,205,41,165,27,133,27,41,41,41,41,41,27,41,41,64,41,229,229,27,27,40,229,36,229,27,50,27,41,27,41,27,41,41,41,40,31,27,27,27,41,41,27,27,27,27,230,27,27,230,27,27,27,230,230,59,230,230,230,27,141,27,230,43,213,27,230,230,35,41,47,27,41,230,41,230,27,230,230,230,230,230,229,230,230,27,132,41,38,27,29,42,41,41,41,37,41,29,41,28,41,27,197,41,27,41,230,39,43,27,229,71,229,230,230,229,189,230,230,27,230,230,27,230,230,27,27,27,41,27,41,83,230,229,41,36,27,27,27,230,27,27,27,27,230,27,27,27,27,27,27,27,27,27,27,27,38,41,41,27,41,41,41,41,27,41,28,27,27,36,27,35,41,27,29,41,41,41,27,41,38,41,39,41,41,41,41,69,27,39,27,41,217,35,30,72,49,41,41,41,27,41,184,41,41,27,102,41,41,229,27,41,27,41,112,33,41,41,41,41,27,27,27,41,230,41,41,27,41,27,41,41,35,28,27,41,27,27,27,27,27,27,27,27,27,27,27,27,27,27,41,27,27,27,41,41,230,35,27,229,230,230,41,27,27,80,41,27,27,230,41,41,230,28,230,230,230,27,41,27,27,41,229,229,51,229,27,27,41,28,27,27,27,229,41,137,41,41,230,27,41,27,41,230,38,27,27,41,28,41,41,41,27,41,41,27,65,27,27,41,41,41,41,229,41,41,27,27,41,27,27,41,41,41,41,29,34,41,27,27,27,41,27,27,27,27,27,27,27,27,41,229,206,27,27,50,27,41,27,230,218,41,230,230,27,60,80,41,41,41,41,27,230,41,41,35,147,222,53,230,147,229,219,230,27,41,41,27,41,27,27,41,27,27,41,41,27,27,27,41,27,27,41,41,41,41,27,38,28,27,27,230,27,38,208,27,148,41,230,27,27,27,230,27,29,27,41,41,34,41,41,38,228,27,27,27,27,27,27,112,27,41,27,27,27,27,230,230,203,27,27,27,27,27,41,27,27,41,41,41,40,41,41,41,27,41,27,27,41,41,27,27,41,41,41,27,41,27,41,27,27,41,41,41,27,41,41,41,41,31,41,41,41,41,41,41,43,27,27,230,41,29,27,27,41,78,41,27,29,41,41,27,41,27,41,38,41,41,38,31,27,41,27,41,27,229,41,41,40,41,41,38,41,27,41,27,171,27,41,27,27,27,27,27,27,42,27,29,27,27,27,27,27,27,41,30,40,36,41,41,41,41,27,41,40,36,41,40,41,41,41,41,41,41,27,41,27,41,36,41,41,27,41,41,41,41,41,41,41,41,41,41,229,41,41,41,230,194,27,27,41,230,27,230,41,72,27,27,39,41,27,41,27,41,38,41,38,39,27,27,41,41,41,41,27,27,41,41,41,27,41,41,27,28,27,36,41,27,27,27,41,27,27,27,41,41,27,27,27,27,41,27,27,27,41,27,27,41,41,41,41,41,27,29,41,27,27,27,41,41,35,41,41,41,37,36,41,27,27,41,41,41,27,27,41,27,27,27,27,41,41,40,41,41,41,27,39,27,41,33,41,27,41,41,41,41,27,41,41,41,27,27,41,41,27,41,27,41,27,27,41,41,27,27,41,41,41,27,41,27,41,27,41,41,41,27,28,27,27,229,27,27,27,27,27,27,27,27,27,27,27,27,27,29,27,33,41,41,41,27,41,40,29,41,41,41,27,41,41,27,41,27,41,41,41,41,41,41,41,27,41,30,41,41,41,27,41,41,41,41,41,27,41,41,41,34,41,27,27,229,41,41,41,41,27,27,41,229,41,27,229,41,96,41,41,206
230,146,230,27,230,230,27,27,230,27,87,41,41,27,41,27,41,41,27,29,27,27,41,27,27,41,27,27,27,27,27,27,41,27,27,27,27,27,27,28,41,41,41,41,41,41,41,27,41,41,41,41,40,27,40,41,27,41,41,41,41,41,41,41,27,41,27,41,27,41,27,41,41,41,27,41,41,27,27,40,229,129,230,27,27,230,230,230,186,27,73,230,41,27,41,41,27,230,27,229,108,27,27,229,41,229,27,41,41,230,27,217,229,145,62,27,229,229,41,39,27,27,41,41,27,27,27,27,27,41,27,27,27,41,27,27,27,27,27,41,32,180,149,27,41,41,41,27,27,29,41,41,41,184,41,41,220,226,165,197,41,41,41,27,27,41,41,41,27,47,214,229,156,229,229,27,229,230,41,29,32,100,41,205,41,205,41,71,85,133,27,41,41,41,41,41,27,41,41,69,41,229,229,27,27,41,229,41,229,27,50,27,41,27,41,27,41,40,41,35,31,27,27,27,41,41,27,27,27,27,230,27,27,230,27,27,27,230,230,27,230,230,230,27,212,27,230,152,177,27,189,230,41,56,41,27,41,209,41,230,27,230,230,230,230,230,229,230,230,27,132,41,31,27,27,69,41,39,41,37,41,27,41,33,41,27,229,41,27,41,230,41,41,27,229,41,216,230,230,229,188,215,230,27,230,230,27,230,230,27,27,27,41,27,41,194,230,34,41,40,27,27,27,230,27,27,27,27,230,27,27,27,27,27,27,27,27,27,27,27,34,41,41,27,41,41,41,41,27,41,27,27,27,41,27,29,41,27,27,41,41,41,27,41,41,41,41,41,41,41,41,27,27,41,27,41,230,40,27,41,53,41,41,41,28,41,98,41,84,27,53,41,64,229,27,41,27,41,44,33,41,41,41,47,27,27,27,41,230,41,41,28,41,30,41,41,40,35,27,41,27,27,27,27,27,27,27,27,27,27,27,27,27,27,41,27,27,27,40,41,206,40,27,228,230,230,41,35,27,80,41,27,27,230,67,41,230,27,230,230,230,27,41,27,27,41,230,229,27,229,27,27,41,28,27,27,27,229,71,139,41,41,230,27,41,27,41,230,106,27,27,41,27,41,40,41,27,41,41,27,203,27,27,47,41,41,47,229,41,41,27,28,41,27,27,41,41,41,41,27,34,41,27,27,27,41,27,27,27,27,27,27,27,27,41,204,63,31,27,50,27,42,27,230,230,40,230,230,27,27,80,41,41,41,41,27,230,41,40,40,147,157,153,160,59,229,62,230,27,41,41,27,41,27,27,41,27,29,41,41,27,27,28,41,27,27,41,41,41,41,27,31,39,27,27,230,27,27,229,27,148,41,230,36,27,27,163,27,39,27,41,41,40,41,41,27,229,27,27,27,27,27,27,213,41,41,27,27,27,27,216,216,56,27,27,27,27,27,41,27,27,41,41,41,41,41,41,41,28,41,27,27,41,41,27,27,41,41,41,27,41,27,41,36,27,41,41,41,27,41,41,41,41,27,41,41,41,41,41,41,32,27,27,230,41,27,27,27,41,38,41,27,27,41,41,27,41,27,41,38,41,41,30,27,29,41,27,41,27,229,41,41,36,41,41,41,41,27,36,27,148,27,41,27,27,27,27,27,27,27,27,27,27,27,27,27,27,27,41,30,41,29,41,41,41,36,27,41,29,41,41,41,41,37,41,41,41,41,27,41,36,41,28,40,41,27,41,36,41,41,41,41,41,41,41,41,190,40,41,41,230,75,36,27,41,230,27,230,53,41,27,27,34,41,27,41,27,41,30,41,38,29,27,27,41,41,41,41,27,27,41,41,41,27,41,41,27,35,27,36,41,27,27,27,41,27,29,27,41,41,27,27,27,27,41,27,27,27,41,27,27,41,41,41,41,41,27,36,41,27,27,27,41,41,40,41,41,41,40,37,41,27,28,41,41,41,27,30,41,27,27,27,27,41,41,35,41,41,41,27,39,27,41,28,41,27,41,41,41,41,27,41,41,41,27,27,41,41,27,41,27,41,27,29,41,40,27,27,41,41,41,27,41,27,41,27,41,41,40,35,28,27,27,229,27,27,27,27,27,27,27,27,27,27,27,27,27,38,27,33,41,41,41,27,41,35,35,41,41,41,27,36,41,27,41,27,31,41,41,41,41,41,41,27,41,37,41,41,36,27,41,41,41,41,41,27,36,41,40,34,41,27,27,229,41,41,41,41,27,27,41,230,39,27,229,41,229,41,41,229
230,62,230,27,230,230,27,27,230,27,87,41,41,27,36,27,41,41,27,39,27,27,41,27,27,41,27,27,27,27,27,27,41,27,27,27,27,27,27,28,41,41,41,41,41,41,41,27,41,41,41,41,35,27,37,41,27,41,41,41,41,41,41,41,27,41,27,41,27,41,27,41,41,41,27,41,41,27,36,40,229,80,230,41,27,230,230,230,71,30,73,230,38,27,41,40,27,230,27,229,108,27,27,229,41,229,27,41,41,230,27,229,229,59,151,27,229,229,41,39,27,27,41,41,27,27,27,41,27,41,27,27,27,37,27,27,27,27,27,40,32,80,213,27,41,41,41,27,27,38,64,47,41,90,41,41,43,49,228,197,41,41,41,27,27,30,41,41,27,41,212,229,51,184,229,29,229,230,43,35,32,178,41,205,41,205,41,27,88,133,27,41,41,41,41,41,27,41,41,69,41,229,229,27,27,41,229,41,229,27,50,27,41,27,41,27,41,35,41,29,31,27,27,27,41,41,27,27,27,27,230,27,27,204,27,27,27,230,27,27,230,230,230,27,230,27,230,221,127,59,89,230,41,220,41,27,41,70,41,230,27,230,230,230,230,230,230,230,230,27,132,41,27,27,27,200,41,30,40,37,41,27,41,39,41,27,229,65,27,41,230,41,41,27,229,41,106,230,230,229,188,149,230,27,230,230,27,220,229,57,27,27,41,27,41,230,230,27,36,163,27,27,27,230,27,27,27,27,230,27,27,27,27,41,27,27,27,27,27,27,29,38,41,27,41,41,41,41,27,41,27,27,27,41,27,27,41,27,27,41,41,41,27,41,41,41,41,41,41,57,41,27,28,41,27,36,230,41,27,41,53,41,41,41,96,41,38,38,178,36,41,41,195,229,27,41,27,41,27,33,40,41,41,230,27,41,27,41,230,41,41,35,41,37,41,41,41,40,27,41,27,27,27,27,27,27,27,27,27,27,27,27,27,27,41,27,27,27,28,41,76,41,27,201,230,225,41,36,27,80,42,27,27,230,202,41,230,27,230,230,230,27,41,27,27,41,230,229,27,229,27,27,41,30,27,27,27,229,148,139,41,41,230,27,41,27,41,206,207,27,27,39,27,41,31,41,27,41,41,28,227,27,27,229,41,41,229,229,41,41,27,35,41,27,27,41,41,41,41,27,34,41,27,27,29,41,27,27,27,27,27,27,27,27,41,63,27,37,27,109,29,91,27,230,230,30,230,230,27,27,80,41,41,41,41,27,194,41,36,41,147,51,221,27,27,230,41,230,27,41,41,27,41,27,27,41,27,39,41,41,27,27,33,41,27,32,41,41,41,41,27,27,41,27,27,230,27,27,229,27,148,41,221,41,28,27,34,27,41,27,41,41,41,41,41,27,229,27,27,27,27,27,27,230,41,41,27,41,27,27,46,46,27,27,27,27,27,27,41,27,27,41,41,41,41,41,41,41,35,41,27,27,41,41,27,27,41,41,41,27,41,27,41,41,27,41,41,41,27,41,41,41,41,27,41,41,41,41,41,41,32,27,27,230,41,27,27,27,41,27,39,27,27,41,41,27,41,27,41,36,41,41,27,27,35,41,27,41,27,229,47,41,29,41,41,41,41,29,28,36,55,27,41,27,27,27,27,27,27,27,28,27,27,27,27,27,27,27,41,30,41,27,41,41,41,27,27,41,27,41,41,41,41,30,41,41,41,41,27,41,41,41,27,36,41,27,41,27,41,41,41,41,41,41,41,41,80,28,41,41,230,41,104,27,41,230,27,227,115,41,27,27,31,41,27,41,27,41,27,41,38,27,27,27,41,41,41,41,27,27,41,41,41,27,41,41,27,40,27,36,41,27,27,27,41,27,38,27,41,41,27,27,27,27,41,27,27,27,41,27,27,41,41,41,41,41,36,41,41,27,27,27,41,41,41,36,41,41,41,40,41,27,40,41,41,41,27,38,41,27,27,27,27,41,41,29,41,41,41,27,39,27,41,27,41,27,41,41,41,41,27,41,41,41,27,27,41,27,27,41,27,41,27,35,41,35,29,27,41,41,41,27,41,27,41,27,41,41,28,41,28,27,27,27,27,27,27,27,27,27,27,28,27,27,29,27,27,41,27,33,41,41,41,27,41,29,40,41,41,41,27,27,41,27,41,27,29,41,41,41,41,41,41,27,41,41,41,41,27,27,41,41,41,41,41,27,27,41,35,34,41,27,27,222,41,41,41,41,27,27,41,230,30,42,229,41,229,41,41,229
230,62,230,27,230,230,27,27,230,27,87,41,41,27,36,27,41,41,27,39,27,27,41,27,27,41,27,27,27,27,27,27,41,27,27,27,27,27,27,28,41,41,41,41,41,41,41,27,41,41,41,41,35,27,37,41,27,41,41,41,41,41,41,41,27,41,27,41,27,41,27,41,41,41,27,41,41,27,36,40,229,80,230,41,27,230,230,230,71,30,73,230,38,27,41,40,27,230,27,229,108,27,27,229,41,229,27,41,41,230,27,229,229,59,151,27,229,229,41,39,27,27,41,41,27,27,27,41,27,41,27,27,27,37,27,27,27,27,27,40,32,80,213,27,41,41,41,27,27,38,64,47,41,90,41,41,43,49,228,197,41,41,41,27,27,30,41,41,27,41,212,229,51,184,229,29,229,230,43,35,32,178,41,205,41,205,41,27,88,133,27,41,41,41,41,41,27,41,41,69,41,229,229,27,27,41,229,41,229,27,50,27,41,27,41,27,41,35,41,29,31,27,27,27,41,41,27,27,27,27,230,27,27,204,27,27,27,230,27,27,230,230,230,27,230,27,230,221,127,59,89,230,41,220,41,27,41,70,41,230,27,230,230,230,230,230,230,230,230,27,132,41,27,27,27,200,41,30,40,37,41,27,41,39,41,27,229,65,27,41,230,41,41,27,229,41,106,230,230,229,188,149,230,27,230,230,27,220,229,57,27,27,41,27,41,230,230,27,36,163,27,27,27,230,27,27,27,27,230,27,27,27,27,41,27,27,27,27,27,27,29,38,41,27,41,41,41,41,27,41,27,27,27,41,27,27,41,27,27,41,41,41,27,41,41,41,41,41,41,57,41,27,28,41,27,36,230,41,27,41,53,41,41,41,96,41,38,38,178,36,41,41,195,229,27,41,27,41,27,33,40,41,41,230,27,41,27,41,230,41,41,35,41,37,41,41,41,40,27,41,27,27,27,27,27,27,27,27,27,27,27,27,27,27,41,27,27,27,28,41,76,41,27,201,230,225,41,36,27,80,42,27,27,230,202,41,230,27,230,230,230,27,41,27,27,41,230,229,27,229,27,27,41,30,27,27,27,229,148,139,41,41,230,27,41,27,41,206,207,27,27,39,27,41,31,41,27,41,41,28,227,27,27,229,41,41,229,229,41,41,27,35,41,27,27,41,41,41,41,27,34,41,27,27,29,41,27,27,27,27,27,27,27,27,41,63,27,37,27,109,29,91,27,230,230,30,230,230,27,27,80,41,41,41,41,27,194,41,36,41,147,51,221,27,27,230,41,230,27,41,41,27,41,27,27,41,27,39,41,41,27,27,33,41,27,32,41,41,41,41,27,27,41,27,27,230,27,27,229,27,148,41,221,41,28,27,34,27,41,27,41,41,41,41,41,27,229,27,27,27,27,27,27,230,41,41,27,41,27,27,46,46,27,27,27,27,27,27,41,27,27,41,41,41,41,41,41,41,35,41,27,27,41,41,27,27,41,41,41,27,41,27,41,41,27,41,41,41,27,41,41,41,41,27,41,41,41,41,41,41,32,27,27,230,41,27,27,27,41,27,39,27,27,41,41,27,41,27,41,36,41,41,27,27,35,41,27,41,27,229,47,41,29,41,41,41,41,29,28,36,55,27,41,27,27,27,27,27,27,27,28,27,27,27,27,27,27,27,41,30,41,27,41,41,41,27,27,41,27,41,41,41,41,30,41,41,41,41,27,41,41,41,27,36,41,27,41,27,41,41,41,41,41,41,41,41,80,28,41,41,230,41,104,27,41,230,27,227,115,41,27,27,31,41,27,41,27,41,27,41,38,27,27,27,41,41,41,41,27,27,41,41,41,27,41,41,27,40,27,36,41,27,27,27,41,27,38,27,41,41,27,27,27,27,41,27,27,27,41,27,27,41,41,41,41,41,36,41,41,27,27,27,41,41,41,36,41,41,41,40,41,27,40,41,41,41,27,38,41,27,27,27,27,41,41,29,41,41,41,27,39,27,41,27,41,27,41,41,41,41,27,41,41,41,27,27,41,27,27,41,27,41,27,35,41,35,29,27,41,41,41,27,41,27,41,27,41,41,28,41,28,27,27,27,27,27,27,27,27,27,27,28,27,27,29,27,27,41,27,33,41,41,41,27,41,29,40,41,41,41,27,27,41,27,41,27,29,41,41,41,41,41,41,27,41,41,41,41,27,27,41,41,41,41,41,27,27,41,35,34,41,27,27,222,41,41,41,41,27,27,41,230,30,42,229,41,229,41,41,229
230,27,230,27,230,230,27,27,230,160,87,41,41,27,27,27,41,41,27,41,27,27,27,27,27,41,27,27,27,27,27,27,27,27,27,27,27,27,27,28,41,41,41,41,41,41,41,27,41,41,41,41,29,27,34,41,27,41,41,41,41,41,41,41,27,41,27,41,27,41,27,41,41,41,27,41,41,27,41,40,229,44,230,41,27,230,230,230,27,38,73,230,31,43,41,28,27,207,27,229,109,27,27,212,72,229,27,41,41,47,27,229,229,27,216,27,229,229,41,39,27,27,41,41,27,27,27,41,27,41,27,27,27,30,27,27,27,27,27,27,32,28,229,27,41,41,41,27,27,41,153,229,41,43,41,41,41,41,229,197,41,41,36,27,27,29,41,41,27,41,212,229,27,82,229,35,229,229,91,40,47,205,41,205,41,205,41,27,198,133,27,41,41,38,41,41,27,41,41,69,205,229,229,27,27,41,229,41,229,27,50,27,38,27,40,29,41,30,41,27,31,27,27,27,106,41,27,27,27,27,230,27,27,64,27,27,27,230,27,27,230,230,230,27,230,27,230,230,60,143,43,230,41,230,41,27,56,42,41,230,27,230,230,230,230,230,230,230,230,27,132,41,27,27,27,229,41,27,35,38,41,27,41,41,41,27,229,194,27,27,229,41,41,27,229,34,35,230,214,229,188,63,230,27,230,207,27,151,229,199,27,27,41,27,41,230,230,27,27,163,27,27,27,230,27,27,27,27,230,27,27,27,27,41,27,27,27,27,27,27,27,30,41,27,41,41,41,41,27,41,27,27,27,41,27,27,41,27,27,41,41,41,27,41,41,41,41,41,41,57,41,27,35,41,27,27,230,41,27,41,53,41,41,41,225,41,27,29,227,101,41,41,229,229,27,41,27,41,27,33,36,41,41,230,27,41,27,41,47,41,41,40,41,41,41,41,41,41,27,41,27,27,27,27,27,27,27,27,27,27,41,27,27,27,41,27,27,27,27,41,42,41,27,66,33,58,41,41,27,80,69,27,27,230,230,41,230,27,230,230,230,30,41,27,27,41,230,230,27,230,71,27,41,37,27,27,27,229,212,139,41,41,230,27,41,27,41,76,230,27,27,29,27,41,27,37,27,41,41,32,227,27,27,229,41,41,229,186,41,41,27,37,41,27,27,41,41,41,41,27,34,41,27,27,38,41,27,27,27,27,27,27,27,27,41,27,27,41,27,219,35,184,29,230,230,27,230,230,27,27,80,41,41,41,41,27,86,41,29,29,147,27,230,27,27,230,41,230,27,41,41,27,41,35,27,41,29,41,41,41,41,27,38,27,27,41,32,41,41,41,40,27,41,27,27,230,27,27,229,27,148,41,154,41,35,27,27,27,41,27,41,41,41,41,41,27,229,27,27,27,27,27,27,230,41,41,27,41,27,27,27,27,27,27,27,27,27,27,41,27,27,41,41,41,41,38,41,41,40,41,27,27,41,41,27,27,41,41,41,27,41,27,41,41,27,41,41,41,27,41,41,41,41,27,41,41,41,41,41,41,32,27,27,214,41,27,40,27,41,27,33,27,27,41,39,27,41,27,41,31,41,40,27,27,40,41,27,41,27,213,229,41,27,41,41,41,41,38,27,41,31,27,41,27,27,27,27,27,27,27,39,27,27,27,27,27,41,27,41,30,41,27,40,41,41,27,27,41,27,41,41,41,41,27,41,40,41,41,27,41,41,41,27,28,41,27,41,27,41,41,41,41,41,41,41,41,28,27,41,41,230,41,212,27,37,224,27,210,205,41,27,27,28,41,27,41,27,41,27,41,38,27,27,27,41,41,40,41,27,27,41,41,41,27,41,41,27,41,27,36,41,27,27,27,41,27,41,27,41,41,27,27,27,27,40,27,27,27,40,27,27,41,41,41,41,41,41,41,41,27,27,27,41,41,41,27,41,41,41,41,41,28,41,41,41,41,27,41,41,27,27,27,27,41,41,27,41,41,41,27,39,27,41,27,41,27,41,41,41,41,27,41,41,41,27,27,41,27,27,41,27,41,27,40,41,29,35,27,41,41,41,27,41,27,41,27,41,41,27,41,28,27,27,27,27,27,27,27,27,27,27,39,27,29,39,27,27,41,27,33,41,41,41,27,41,27,41,41,41,41,27,27,41,27,41,40,35,41,41,41,41,41,41,27,41,41,41,41,27,27,41,41,41,41,41,27,27,41,29,34,41,27,27,101,41,41,41,41,27,27,41,230,27,106,229,41,229,41,41,229
230,27,230,27,230,230,76,27,230,229,87,41,41,27,27,27,41,41,27,41,27,27,27,27,27,41,27,27,27,27,27,27,27,27,27,27,27,27,27,28,41,36,41,41,41,41,41,27,41,41,41,41,27,27,29,41,27,41,41,41,41,41,41,41,27,41,27,41,27,41,27,41,41,41,27,41,41,27,41,40,229,27,230,41,27,230,230,230,27,41,73,230,27,107,41,27,27,109,29,229,109,36,27,178,149,229,27,41,71,41,27,229,229,27,229,27,229,229,41,39,27,27,41,61,27,27,27,41,27,41,27,27,27,27,27,27,27,27,27,27,32,27,229,27,41,41,41,27,27,41,217,229,41,41,41,41,41,41,229,139,41,41,27,27,27,38,41,41,27,41,212,220,27,27,229,40,214,229,185,41,80,205,41,205,41,205,41,27,205,133,30,41,32,31,41,41,27,41,33,47,229,229,229,27,27,42,229,41,229,27,49,27,31,28,36,35,41,27,41,27,31,27,27,27,229,41,27,27,27,27,230,27,27,27,27,27,27,230,27,27,230,230,230,49,230,27,230,230,27,211,43,230,41,230,41,27,156,41,41,230,27,230,230,230,230,230,230,230,230,27,132,41,27,27,27,229,41,27,29,40,41,27,41,41,229,27,229,229,27,27,99,41,41,42,229,27,27,215,105,229,188,27,230,27,230,64,27,47,229,229,27,27,42,27,41,230,230,27,27,163,27,27,27,230,27,27,27,27,230,27,27,27,27,41,27,27,27,27,27,27,27,27,41,27,41,41,41,41,27,36,27,27,27,41,27,27,41,27,27,41,41,41,27,41,41,41,41,41,41,65,41,27,40,41,36,27,229,42,27,41,53,41,41,41,230,41,27,27,229,205,41,41,229,203,27,41,27,41,27,33,29,41,41,230,36,41,27,41,41,41,41,41,41,41,41,41,41,41,27,41,27,27,27,27,27,27,27,27,27,27,41,27,27,27,41,27,27,27,27,41,41,41,27,41,27,41,41,41,27,80,195,27,27,230,230,41,230,27,230,230,230,37,39,27,27,41,230,220,27,230,95,27,41,41,27,27,27,229,229,145,41,77,230,27,41,29,41,41,230,30,27,27,27,41,27,27,41,41,41,39,227,27,27,229,41,41,229,90,41,41,27,40,41,27,30,41,41,41,41,27,34,41,27,27,41,41,27,27,27,41,27,27,27,27,41,27,27,41,27,219,40,230,35,154,230,27,230,230,27,27,80,41,41,41,41,27,42,41,27,41,147,27,230,27,27,217,41,230,27,41,41,27,41,41,27,36,39,41,41,41,41,27,41,27,27,41,27,39,41,32,95,27,41,27,27,230,27,27,229,27,148,41,45,41,40,27,27,27,41,27,41,41,41,41,41,27,224,27,27,27,27,27,27,230,41,41,27,41,27,27,27,27,27,27,27,27,27,27,229,27,27,41,41,41,41,30,41,41,41,41,27,27,41,39,27,27,41,41,41,27,41,27,41,41,36,41,36,41,27,40,41,41,41,27,36,41,41,41,41,41,32,27,27,108,41,27,41,27,41,27,28,27,27,41,29,27,41,27,41,30,41,36,27,27,41,41,36,27,27,67,229,41,27,41,41,41,41,41,27,41,31,29,41,30,27,27,27,27,27,27,41,27,27,27,27,27,41,27,39,30,41,27,36,41,41,27,27,41,27,41,41,41,41,27,41,35,41,41,29,41,41,41,27,27,41,28,41,27,41,41,41,41,41,41,41,41,27,27,41,41,205,41,230,27,30,211,27,205,229,41,27,27,27,41,27,41,32,41,27,41,38,27,27,27,41,41,28,41,27,41,41,41,41,27,41,41,27,41,27,41,41,27,27,27,41,27,41,27,41,41,27,27,27,27,35,27,27,27,35,27,27,41,41,41,41,41,41,41,41,27,27,27,41,41,41,27,41,41,41,41,41,40,41,41,41,41,27,41,41,27,27,27,27,41,41,27,41,41,41,27,39,27,38,27,41,27,41,41,41,41,27,41,41,41,27,27,41,27,41,41,27,41,27,41,41,27,40,27,41,41,41,27,41,28,41,27,41,41,27,41,28,27,27,229,27,27,27,27,27,27,27,41,27,39,41,29,27,41,27,33,38,41,40,27,41,27,41,41,40,41,27,27,41,27,41,41,40,41,41,41,41,41,41,29,41,41,41,41,27,27,41,41,41,41,41,27,27,41,27,34,41,27,27,32,38,41,41,41,27,27,41,230,27,194,229,41,229,41,41,229
230,27,230,27,230,230,76,27,230,229,87,41,41,27,27,27,41,41,27,41,27,27,27,27,27,41,27,27,27,27,27,27,27,27,27,27,27,27,27,28,41,36,41,41,41,41,41,27,41,41,41,41,27,27,29,41,27,41,41,41,41,41,41,41,27,41,27,41,27,41,27,41,41,41,27,41,41,27,41,40,229,27,230,41,27,230,230,230,27,41,73,230,27,107,41,27,27,109,29,229,109,36,27,178,149,229,27,41,71,41,27,229,229,27,229,27,229,229,41,39,27,27,41,61,27,27,27,41,27,41,27,27,27,27,27,27,27,27,27,27,32,27,229,27,41,41,41,27,27,41,217,229,41,41,41,41,41,41,229,139,41,41,27,27,27,38,41,41,27,41,212,220,27,27,229,40,214,229,185,41,80,205,41,205,41,205,41,27,205,133,30,41,32,31,41,41,27,41,33,47,229,229,229,27,27,42,229,41,229,27,49,27,31,28,36,35,41,27,41,27,31,27,27,27,229,41,27,27,27,27,230,27,27,27,27,27,27,230,27,27,230,230,230,49,230,27,230,230,27,211,43,230,41,230,41,27,156,41,41,230,27,230,230,230,230,230,230,230,230,27,132,41,27,27,27,229,41,27,29,40,41,27,41,41,229,27,229,229,27,27,99,41,41,42,229,27,27,215,105,229,188,27,230,27,230,64,27,47,229,229,27,27,42,27,41,230,230,27,27,163,27,27,27,230,27,27,27,27,230,27,27,27,27,41,27,27,27,27,27,27,27,27,41,27,41,41,41,41,27,36,27,27,27,41,27,27,41,27,27,41,41,41,27,41,41,41,41,41,41,65,41,27,40,41,36,27,229,42,27,41,53,41,41,41,230,41,27,27,229,205,41,41,229,203,27,41,27,41,27,33,29,41,41,230,36,41,27,41,41,41,41,41,41,41,41,41,41,41,27,41,27,27,27,27,27,27,27,27,27,27,41,27,27,27,41,27,27,27,27,41,41,41,27,41,27,41,41,41,27,80,195,27,27,230,230,41,230,27,230,230,230,37,39,27,27,41,230,220,27,230,95,27,41,41,27,27,27,229,229,145,41,77,230,27,41,29,41,41,230,30,27,27,27,41,27,27,41,41,41,39,227,27,27,229,41,41,229,90,41,41,27,40,41,27,30,41,41,41,41,27,34,41,27,27,41,41,27,27,27,41,27,27,27,27,41,27,27,41,27,219,40,230,35,154,230,27,230,230,27,27,80,41,41,41,41,27,42,41,27,41,147,27,230,27,27,217,41,230,27,41,41,27,41,41,27,36,39,41,41,41,41,27,41,27,27,41,27,39,41,32,95,27,41,27,27,230,27,27,229,27,148,41,45,41,40,27,27,27,41,27,41,41,41,41,41,27,224,27,27,27,27,27,27,230,41,41,27,41,27,27,27,27,27,27,27,27,27,27,229,27,27,41,41,41,41,30,41,41,41,41,27,27,41,39,27,27,41,41,41,27,41,27,41,41,36,41,36,41,27,40,41,41,41,27,36,41,41,41,41,41,32,27,27,108,41,27,41,27,41,27,28,27,27,41,29,27,41,27,41,30,41,36,27,27,41,41,36,27,27,67,229,41,27,41,41,41,41,41,27,41,31,29,41,30,27,27,27,27,27,27,41,27,27,27,27,27,41,27,39,30,41,27,36,41,41,27,27,41,27,41,41,41,41,27,41,35,41,41,29,41,41,41,27,27,41,28,41,27,41,41,41,41,41,41,41,41,27,27,41,41,205,41,230,27,30,211,27,205,229,41,27,27,27,41,27,41,32,41,27,41,38,27,27,27,41,41,28,41,27,41,41,41,41,27,41,41,27,41,27,41,41,27,27,27,41,27,41,27,41,41,27,27,27,27,35,27,27,27,35,27,27,41,41,41,41,41,41,41,41,27,27,27,41,41,41,27,41,41,41,41,41,40,41,41,41,41,27,41,41,27,27,27,27,41,41,27,41,41,41,27,39,27,38,27,41,27,41,41,41,41,27,41,41,41,27,27,41,27,41,41,27,41,27,41,41,27,40,27,41,41,41,27,41,28,41,27,41,41,27,41,28,27,27,229,27,27,27,27,27,27,27,41,27,39,41,29,27,41,27,33,38,41,40,27,41,27,41,41,40,41,27,27,41,27,41,41,40,41,41,41,41,41,41,29,41,41,41,41,27,27,41,41,41,41,41,27,27,41,27,34,41,27,27,32,38,41,41,41,27,27,41,230,27,194,229,41,229,41,41,229
230,27,230,27,230,230,177,27,230,229,87,41,41,27,27,27,41,41,27,41,27,27,27,27,27,41,27,27,27,27,27,27,27,27,27,27,27,27,27,28,41,27,41,41,41,41,41,27,41,41,41,41,27,27,27,41,27,41,41,41,41,41,41,41,27,41,29,41,27,41,27,41,41,41,27,41,41,27,41,40,229,27,230,41,27,230,230,230,27,41,73,230,27,193,41,27,27,39,39,230,109,41,27,128,212,229,27,41,148,41,27,229,229,27,229,27,229,229,41,54,27,27,41,202,27,27,27,41,27,41,27,27,27,27,27,27,27,27,27,27,32,27,229,27,41,41,41,27,27,41,229,229,41,41,41,63,41,41,229,27,41,41,27,27,27,41,41,41,29,41,212,155,27,27,229,41,149,229,230,41,93,205,41,203,38,205,41,27,205,133,38,41,27,27,38,41,27,41,28,41,229,229,229,27,27,71,229,41,229,27,42,27,27,39,28,40,41,27,41,27,31,27,27,27,229,106,27,27,27,27,230,27,27,27,27,27,27,230,27,27,230,230,230,148,230,27,230,230,27,228,43,230,41,230,41,27,221,41,39,230,27,230,230,230,230,230,230,230,230,27,132,41,27,27,27,229,40,27,27,63,39,27,41,41,229,27,210,229,30,27,29,41,55,107,229,27,27,35,36,229,188,27,230,27,230,28,27,27,229,229,124,27,71,29,41,230,229,27,27,163,27,27,27,230,27,27,27,27,230,27,27,27,27,41,27,27,27,27,27,27,27,27,41,29,41,41,41,41,27,27,27,27,27,41,29,27,41,27,27,41,41,41,27,41,41,41,41,41,41,65,40,27,41,41,41,27,187,84,27,41,53,41,41,41,230,41,27,27,229,230,41,41,229,124,27,41,27,39,27,34,27,41,40,230,41,41,27,41,41,41,41,41,41,41,41,41,41,41,27,41,27,27,27,27,27,27,27,27,27,27,41,27,27,27,41,27,27,27,27,39,41,41,27,41,27,41,41,41,27,80,230,30,27,230,230,41,230,27,230,230,230,41,30,27,27,41,230,155,27,230,95,27,41,41,27,27,27,229,229,175,38,185,230,27,41,97,41,41,230,38,27,27,27,41,27,27,41,41,41,41,212,27,41,229,41,41,229,42,41,41,27,41,41,27,38,41,41,41,41,27,36,41,27,27,41,39,27,27,27,41,27,27,27,27,49,27,27,41,27,219,41,230,40,27,230,27,230,230,27,27,67,41,39,41,41,27,41,41,27,41,147,27,230,27,27,142,41,230,27,41,41,27,41,41,27,36,41,41,39,41,41,27,41,27,27,41,27,33,41,27,166,27,41,27,27,219,27,27,229,27,148,41,27,41,41,27,27,29,42,27,41,30,41,41,41,27,157,27,27,27,27,27,27,203,41,41,27,41,27,27,27,27,27,27,27,27,27,30,229,27,27,41,41,41,41,27,41,41,41,41,27,27,40,39,27,27,41,41,41,27,41,27,41,41,41,41,27,41,27,36,41,41,41,27,27,41,41,41,41,41,32,27,27,37,41,27,41,27,41,27,27,27,27,41,27,27,41,27,41,30,38,27,27,27,41,41,41,27,27,42,229,41,27,41,41,41,41,41,27,41,31,39,41,38,27,27,27,27,27,27,41,27,27,27,27,27,41,27,29,30,41,27,29,41,41,27,36,41,27,41,41,41,41,27,41,29,41,41,35,41,41,41,27,27,41,39,41,27,41,41,41,40,41,41,41,41,27,27,41,41,205,41,230,27,27,205,30,205,229,41,27,27,27,41,27,41,32,27,27,41,38,27,27,27,38,41,27,41,27,41,41,41,41,27,41,41,27,41,27,41,36,29,27,27,41,29,41,27,41,41,27,27,27,27,29,27,27,27,29,27,27,41,41,41,41,41,41,41,41,27,27,27,41,41,41,27,41,41,41,41,41,41,41,41,41,41,27,41,41,27,27,27,27,41,41,27,41,41,41,27,39,29,31,27,41,27,41,41,41,41,27,41,41,41,41,27,41,27,41,41,27,41,27,41,41,27,41,27,41,41,41,27,41,35,41,27,40,41,27,41,28,27,27,229,27,27,27,27,27,27,27,41,27,41,41,39,27,41,27,27,30,41,35,27,41,27,41,41,36,41,27,27,41,27,41,41,41,41,41,41,41,41,41,35,41,41,41,41,27,27,36,41,41,41,41,27,27,41,27,51,41,27,27,27,31,41,41,41,27,27,38,230,27,229,230,41,229,41,41,230
230,27,230,27,230,230,229,27,230,229,87,40,41,27,27,27,41,41,27,41,27,27,27,27,27,39,27,27,27,27,27,27,27,27,30,27,27,27,27,28,41,27,41,41,41,41,41,27,41,41,41,41,27,27,27,41,27,41,41,41,41,40,41,41,27,41,35,41,30,41,27,41,41,41,27,41,41,27,41,40,229,27,230,41,27,230,230,230,27,41,73,97,27,229,41,27,27,27,41,230,109,41,27,61,229,229,27,41,212,41,27,229,229,27,229,27,229,229,41,134,27,27,39,228,27,27,27,27,27,37,27,30,27,27,27,27,27,27,27,27,36,27,229,27,41,41,42,27,27,41,229,229,47,41,81,153,41,41,220,27,41,41,27,27,27,41,41,40,35,41,212,53,27,27,229,41,62,229,230,43,93,205,41,90,30,205,41,27,205,133,41,41,27,27,30,41,27,41,27,41,229,229,229,27,27,193,229,47,229,27,31,27,27,41,27,41,41,27,41,27,31,27,27,27,229,229,27,27,27,27,230,27,27,27,27,27,27,230,27,27,230,230,230,217,230,27,230,230,27,228,43,230,57,230,41,36,230,41,29,230,27,230,230,207,230,230,230,230,230,27,135,41,27,27,27,229,35,27,27,149,30,27,41,41,229,27,112,229,38,27,27,50,116,193,199,27,27,27,27,229,188,27,230,27,229,27,27,27,229,229,124,27,193,35,42,230,229,27,27,163,27,27,27,230,27,27,27,27,230,27,27,27,27,41,27,27,27,27,27,27,27,27,41,38,41,41,41,41,27,27,27,27,27,41,35,27,41,27,27,41,41,41,27,41,41,41,41,41,41,65,35,27,42,61,41,27,79,192,27,41,53,41,41,41,230,41,27,27,229,230,41,41,229,82,27,41,28,29,27,35,27,41,35,230,41,41,27,41,41,41,41,41,41,41,41,41,41,41,29,41,27,27,27,27,27,27,30,27,27,27,41,27,27,27,41,27,27,27,27,29,41,42,29,41,27,41,41,41,27,80,230,38,29,230,230,41,230,27,230,230,230,41,27,56,27,41,230,45,27,230,95,27,164,41,27,27,27,229,229,216,30,230,230,27,41,222,28,41,230,41,27,27,27,41,27,27,41,41,41,41,66,27,41,229,41,41,229,41,41,41,27,41,41,27,41,41,41,41,41,27,39,41,27,27,41,29,27,27,27,41,27,27,27,27,111,27,27,41,27,219,41,230,41,27,230,27,230,230,36,27,41,41,30,41,41,36,41,41,27,41,147,27,230,27,27,109,41,218,27,41,40,27,41,41,27,27,41,41,30,41,41,27,41,27,27,41,27,28,38,27,197,27,41,27,27,106,27,27,229,27,45,41,27,47,41,27,27,216,72,27,41,27,41,41,41,27,40,27,27,27,27,27,27,56,106,41,27,41,27,27,27,27,27,27,27,27,27,39,229,27,27,41,41,41,41,27,41,41,41,41,27,27,40,38,27,27,41,41,41,27,41,29,41,41,41,28,27,41,27,28,41,41,39,27,27,41,41,41,41,41,32,30,27,27,39,27,41,27,41,27,27,27,27,41,27,27,41,27,41,30,32,27,27,27,42,41,41,27,28,41,229,41,27,41,41,41,41,41,27,41,31,41,41,41,27,27,27,27,27,27,41,27,27,27,27,27,41,27,27,30,41,27,27,41,41,27,41,41,27,41,41,41,41,27,41,27,41,41,40,41,41,41,27,27,41,41,41,27,41,41,41,35,41,41,41,41,27,27,41,41,205,41,230,27,27,205,37,205,229,41,27,30,27,41,27,41,41,27,27,41,38,27,27,27,31,41,27,41,27,41,39,41,41,27,41,41,27,41,27,41,27,39,27,27,41,38,41,27,41,41,27,27,27,27,27,27,27,27,27,27,27,40,41,41,41,41,41,41,41,27,27,27,41,41,41,27,41,41,41,41,41,41,41,41,41,41,27,41,41,27,27,27,27,41,41,27,41,41,41,27,39,38,27,27,41,27,41,41,41,41,27,41,41,41,41,27,41,27,41,41,27,41,27,41,41,27,41,28,41,41,41,27,41,40,41,27,35,41,27,41,28,27,27,229,27,27,27,27,27,27,27,41,27,41,41,41,27,41,27,27,27,41,29,27,41,27,41,41,29,41,27,27,41,27,41,41,41,41,41,41,41,41,41,40,41,41,41,41,27,28,28,41,41,41,41,27,27,41,27,105,41,32,32,27,27,41,41,41,27,27,31,198,27,229,230,27,230,41,41,230
230,27,230,27,230,230,229,27,230,229,87,40,41,27,27,27,41,41,27,41,27,27,27,27,27,39,27,27,27,27,27,27,27,27,30,27,27,27,27,28,41,27,41,41,41,41,41,27,41,41,41,41,27,27,27,41,27,41,41,41,41,40,41,41,27,41,35,41,30,41,27,41,41,41,27,41,41,27,41,40,229,27,230,41,27,230,230,230,27,41,73,97,27,229,41,27,27,27,41,230,109,41,27,61,229,229,27,41,212,41,27,229,229,27,229,27,229,229,41,134,27,27,39,228,27,27,27,27,27,37,27,30,27,27,27,27,27,27,27,27,36,27,229,27,41,41,42,27,27,41,229,229,47,41,81,153,41,41,220,27,41,41,27,27,27,41,41,40,35,41,212,53,27,27,229,41,62,229,230,43,93,205,41,90,30,205,41,27,205,133,41,41,27,27,30,41,27,41,27,41,229,229,229,27,27,193,229,47,229,27,31,27,27,41,27,41,41,27,41,27,31,27,27,27,229,229,27,27,27,27,230,27,27,27,27,27,27,230,27,27,230,230,230,217,230,27,230,230,27,228,43,230,57,230,41,36,230,41,29,230,27,230,230,207,230,230,230,230,230,27,135,41,27,27,27,229,35,27,27,149,30,27,41,41,229,27,112,229,38,27,27,50,116,193,199,27,27,27,27,229,188,27,230,27,229,27,27,27,229,229,124,27,193,35,42,230,229,27,27,163,27,27,27,230,27,27,27,27,230,27,27,27,27,41,27,27,27,27,27,27,27,27,41,38,41,41,41,41,27,27,27,27,27,41,35,27,41,27,27,41,41,41,27,41,41,41,41,41,41,65,35,27,42,61,41,27,79,192,27,41,53,41,41,41,230,41,27,27,229,230,41,41,229,82,27,41,28,29,27,35,27,41,35,230,41,41,27,41,41,41,41,41,41,41,41,41,41,41,29,41,27,27,27,27,27,27,30,27,27,27,41,27,27,27,41,27,27,27,27,29,41,42,29,41,27,41,41,41,27,80,230,38,29,230,230,41,230,27,230,230,230,41,27,56,27,41,230,45,27,230,95,27,164,41,27,27,27,229,229,216,30,230,230,27,41,222,28,41,230,41,27,27,27,41,27,27,41,41,41,41,66,27,41,229,41,41,229,41,41,41,27,41,41,27,41,41,41,41,41,27,39,41,27,27,41,29,27,27,27,41,27,27,27,27,111,27,27,41,27,219,41,230,41,27,230,27,230,230,36,27,41,41,30,41,41,36,41,41,27,41,147,27,230,27,27,109,41,218,27,41,40,27,41,41,27,27,41,41,30,41,41,27,41,27,27,41,27,28,38,27,197,27,41,27,27,106,27,27,229,27,45,41,27,47,41,27,27,216,72,27,41,27,41,41,41,27,40,27,27,27,27,27,27,56,106,41,27,41,27,27,27,27,27,27,27,27,27,39,229,27,27,41,41,41,41,27,41,41,41,41,27,27,40,38,27,27,41,41,41,27,41,29,41,41,41,28,27,41,27,28,41,41,39,27,27,41,41,41,41,41,32,30,27,27,39,27,41,27,41,27,27,27,27,41,27,27,41,27,41,30,32,27,27,27,42,41,41,27,28,41,229,41,27,41,41,41,41,41,27,41,31,41,41,41,27,27,27,27,27,27,41,27,27,27,27,27,41,27,27,30,41,27,27,41,41,27,41,41,27,41,41,41,41,27,41,27,41,41,40,41,41,41,27,27,41,41,41,27,41,41,41,35,41,41,41,41,27,27,41,41,205,41,230,27,27,205,37,205,229,41,27,30,27,41,27,41,41,27,27,41,38,27,27,27,31,41,27,41,27,41,39,41,41,27,41,41,27,41,27,41,27,39,27,27,41,38,41,27,41,41,27,27,27,27,27,27,27,27,27,27,27,40,41,41,41,41,41,41,41,27,27,27,41,41,41,27,41,41,41,41,41,41,41,41,41,41,27,41,41,27,27,27,27,41,41,27,41,41,41,27,39,38,27,27,41,27,41,41,41,41,27,41,41,41,41,27,41,27,41,41,27,41,27,41,41,27,41,28,41,41,41,27,41,40,41,27,35,41,27,41,28,27,27,229,27,27,27,27,27,27,27,41,27,41,41,41,27,41,27,27,27,41,29,27,41,27,41,41,29,41,27,27,41,27,41,41,41,41,41,41,41,41,41,40,41,41,41,41,27,28,28,41,41,41,41,27,27,41,27,105,41,32,32,27,27,41,41,41,27,27,31,198,27,229,230,27,230,41,41,230
230,27,230,27,230,230,229,27,230,229,87,35,41,29,27,27,41,41,27,41,27,27,27,27,27,30,27,27,27,27,27,27,27,27,37,27,27,27,27,28,41,27,41,41,41,41,41,27,41,41,41,41,27,27,27,41,27,41,41,41,41,35,41,41,27,41,40,41,37,41,27,41,41,41,27,41,41,27,41,40,227,27,97,41,41,230,230,223,27,54,73,27,27,229,41,27,27,27,41,230,109,41,27,27,229,229,28,41,229,41,27,229,47,27,229,27,229,229,41,192,27,27,30,229,27,27,27,27,27,30,27,38,27,27,27,27,27,27,27,27,36,27,227,27,41,41,163,27,27,65,229,47,229,41,183,217,45,41,46,27,41,41,27,27,29,41,36,36,40,41,212,27,27,27,229,83,27,229,230,91,93,205,41,28,27,205,41,27,205,130,41,41,27,27,27,41,27,41,27,41,229,229,229,27,28,229,229,229,229,27,27,27,27,41,27,41,41,27,41,27,31,30,27,27,229,229,27,27,27,27,230,27,27,27,27,27,27,230,27,27,230,230,230,230,230,56,230,230,27,228,43,230,218,219,41,41,230,41,27,230,27,230,230,63,230,230,230,230,230,27,135,41,27,27,27,210,29,27,27,171,27,27,41,80,229,27,41,229,41,27,27,93,195,229,120,27,27,27,27,229,188,27,230,41,229,27,27,27,229,229,124,27,229,40,82,230,229,27,27,163,27,27,27,230,27,27,27,27,230,27,27,27,27,41,27,27,27,27,27,27,27,27,41,41,41,41,41,41,27,27,27,27,41,41,40,27,41,29,27,41,41,41,27,41,41,41,41,41,41,65,29,27,72,154,41,27,41,230,27,41,51,40,41,28,230,41,27,27,229,230,41,41,229,42,27,27,31,27,27,35,27,41,29,230,41,41,27,41,41,41,41,41,41,41,41,41,41,41,34,41,27,27,27,27,27,27,38,27,27,27,41,27,29,27,41,27,27,27,27,27,41,72,35,41,27,41,41,41,27,80,230,41,35,230,230,39,230,27,230,230,230,41,27,126,76,41,230,89,27,230,95,27,229,41,27,27,27,229,229,229,27,230,230,27,27,230,27,41,230,41,27,27,27,41,27,27,41,27,41,41,42,27,41,229,41,41,41,41,41,41,27,41,41,30,41,41,41,41,41,27,41,41,27,27,41,27,27,27,27,41,27,27,27,27,209,27,27,56,27,219,42,230,41,27,230,27,230,230,41,27,28,41,27,41,41,41,41,41,27,49,147,27,230,27,27,230,41,149,27,125,36,27,41,41,36,27,41,41,27,41,41,27,41,27,27,41,27,27,30,27,197,27,41,27,37,34,27,27,230,27,41,41,27,230,41,27,27,229,203,27,41,27,41,45,41,27,27,27,27,27,27,27,27,27,230,41,27,42,27,27,27,27,27,27,27,27,27,41,229,27,27,41,41,41,41,27,41,41,41,41,27,27,35,30,27,27,41,41,41,27,41,35,41,41,41,27,27,41,27,27,41,41,30,27,27,41,41,41,41,41,32,38,27,27,30,27,41,27,41,27,27,27,27,41,27,27,41,27,41,30,27,27,27,27,86,41,41,27,36,41,229,41,27,39,41,41,41,41,27,41,31,41,41,41,27,27,27,27,27,27,41,27,27,27,27,27,41,27,27,30,41,27,27,41,41,27,41,41,27,41,41,41,41,27,41,27,41,41,41,41,41,41,27,27,41,41,41,27,41,41,41,29,41,41,41,41,27,27,41,41,205,41,230,27,27,205,41,205,41,41,27,38,27,41,28,41,41,27,27,39,38,27,27,27,27,39,27,41,27,41,29,41,41,27,38,41,27,41,28,41,27,41,27,27,41,41,41,27,41,41,27,27,27,27,27,27,27,27,27,27,28,36,41,41,41,41,41,41,41,27,41,27,41,41,41,27,41,41,41,41,41,41,41,41,41,41,27,41,38,27,27,27,27,41,41,27,41,41,41,27,39,41,27,27,41,29,41,41,41,41,27,41,41,41,41,27,41,27,41,41,27,41,27,41,41,27,41,35,41,41,41,28,41,41,41,29,28,41,27,41,28,27,27,229,27,27,27,27,27,27,27,41,27,41,41,41,27,41,27,27,27,41,27,36,41,27,41,41,27,41,29,27,41,27,41,41,41,41,41,41,41,41,41,41,41,41,41,41,27,39,27,41,41,41,41,27,27,41,27,124,41,41,41,27,27,41,41,41,27,27,27,114,27,229,230,27,230,41,41,56
230,27,230,27,230,230,229,27,230,229,87,35,41,29,27,27,41,41,27,41,27,27,27,27,27,30,27,27,27,27,27,27,27,27,37,27,27,27,27,28,41,27,41,41,41,41,41,27,41,41,41,41,27,27,27,41,27,41,41,41,41,35,41,41,27,41,40,41,37,41,27,41,41,41,27,41,41,27,41,40,227,27,97,41,41,230,230,223,27,54,73,27,27,229,41,27,27,27,41,230,109,41,27,27,229,229,28,41,229,41,27,229,47,27,229,27,229,229,41,192,27,27,30,229,27,27,27,27,27,30,27,38,27,27,27,27,27,27,27,27,36,27,227,27,41,41,163,27,27,65,229,47,229,41,183,217,45,41,46,27,41,41,27,27,29,41,36,36,40,41,212,27,27,27,229,83,27,229,230,91,93,205,41,28,27,205,41,27,205,130,41,41,27,27,27,41,27,41,27,41,229,229,229,27,28,229,229,229,229,27,27,27,27,41,27,41,41,27,41,27,31,30,27,27,229,229,27,27,27,27,230,27,27,27,27,27,27,230,27,27,230,230,230,230,230,56,230,230,27,228,43,230,218,219,41,41,230,41,27,230,27,230,230,63,230,230,230,230,230,27,135,41,27,27,27,210,29,27,27,171,27,27,41,80,229,27,41,229,41,27,27,93,195,229,120,27,27,27,27,229,188,27,230,41,229,27,27,27,229,229,124,27,229,40,82,230,229,27,27,163,27,27,27,230,27,27,27,27,230,27,27,27,27,41,27,27,27,27,27,27,27,27,41,41,41,41,41,41,27,27,27,27,41,41,40,27,41,29,27,41,41,41,27,41,41,41,41,41,41,65,29,27,72,154,41,27,41,230,27,41,51,40,41,28,230,41,27,27,229,230,41,41,229,42,27,27,31,27,27,35,27,41,29,230,41,41,27,41,41,41,41,41,41,41,41,41,41,41,34,41,27,27,27,27,27,27,38,27,27,27,41,27,29,27,41,27,27,27,27,27,41,72,35,41,27,41,41,41,27,80,230,41,35,230,230,39,230,27,230,230,230,41,27,126,76,41,230,89,27,230,95,27,229,41,27,27,27,229,229,229,27,230,230,27,27,230,27,41,230,41,27,27,27,41,27,27,41,27,41,41,42,27,41,229,41,41,41,41,41,41,27,41,41,30,41,41,41,41,41,27,41,41,27,27,41,27,27,27,27,41,27,27,27,27,209,27,27,56,27,219,42,230,41,27,230,27,230,230,41,27,28,41,27,41,41,41,41,41,27,49,147,27,230,27,27,230,41,149,27,125,36,27,41,41,36,27,41,41,27,41,41,27,41,27,27,41,27,27,30,27,197,27,41,27,37,34,27,27,230,27,41,41,27,230,41,27,27,229,203,27,41,27,41,45,41,27,27,27,27,27,27,27,27,27,230,41,27,42,27,27,27,27,27,27,27,27,27,41,229,27,27,41,41,41,41,27,41,41,41,41,27,27,35,30,27,27,41,41,41,27,41,35,41,41,41,27,27,41,27,27,41,41,30,27,27,41,41,41,41,41,32,38,27,27,30,27,41,27,41,27,27,27,27,41,27,27,41,27,41,30,27,27,27,27,86,41,41,27,36,41,229,41,27,39,41,41,41,41,27,41,31,41,41,41,27,27,27,27,27,27,41,27,27,27,27,27,41,27,27,30,41,27,27,41,41,27,41,41,27,41,41,41,41,27,41,27,41,41,41,41,41,41,27,27,41,41,41,27,41,41,41,29,41,41,41,41,27,27,41,41,205,41,230,27,27,205,41,205,41,41,27,38,27,41,28,41,41,27,27,39,38,27,27,27,27,39,27,41,27,41,29,41,41,27,38,41,27,41,28,41,27,41,27,27,41,41,41,27,41,41,27,27,27,27,27,27,27,27,27,27,28,36,41,41,41,41,41,41,41,27,41,27,41,41,41,27,41,41,41,41,41,41,41,41,41,41,27,41,38,27,27,27,27,41,41,27,41,41,41,27,39,41,27,27,41,29,41,41,41,41,27,41,41,41,41,27,41,27,41,41,27,41,27,41,41,27,41,35,41,41,41,28,41,41,41,29,28,41,27,41,28,27,27,229,27,27,27,27,27,27,27,41,27,41,41,41,27,41,27,27,27,41,27,36,41,27,41,41,27,41,29,27,41,27,41,41,41,41,41,41,41,41,41,41,41,41,41,41,27,39,27,41,41,41,41,27,27,41,27,124,41,41,41,27,27,41,41,41,27,27,27,114,27,229,230,27,230,41,41,56
230,27,230,27,230,230,229,27,230,229,87,29,41,35,27,27,41,41,27,41,27,27,27,27,27,27,27,27,27,27,27,27,27,27,41,27,27,27,27,30,41,27,41,41,41,41,41,27,41,41,41,41,27,27,27,41,27,41,41,41,41,29,41,41,27,41,41,41,41,41,27,41,41,38,27,41,41,27,41,40,177,27,27,106,41,230,230,103,27,117,63,27,27,229,41,27,27,27,41,230,60,41,27,27,229,229,35,41,229,41,27,229,41,27,229,27,229,229,41,203,27,27,27,229,27,27,27,27,27,27,27,41,27,27,27,27,27,27,27,27,36,27,179,27,41,41,228,27,27,153,227,41,229,41,228,229,218,41,41,27,41,39,27,27,38,41,27,29,41,41,212,27,27,27,229,180,27,229,230,185,93,205,41,27,27,205,41,27,205,67,41,41,27,27,27,41,27,41,27,41,229,229,229,27,35,229,229,229,229,27,27,30,27,41,27,41,41,27,41,27,31,38,27,27,229,229,27,27,27,27,27,27,27,27,27,27,27,230,27,27,27,230,220,230,230,188,230,230,27,228,43,230,230,59,41,41,230,41,27,230,27,230,230,28,230,230,230,230,230,33,229,41,27,29,27,71,27,27,27,171,27,27,41,186,229,41,27,229,41,27,27,124,229,229,57,27,27,27,27,229,188,27,230,151,229,27,27,27,229,229,124,27,229,41,193,229,229,27,27,40,27,27,27,230,27,27,27,27,230,27,41,27,27,41,27,27,27,27,27,27,27,27,41,41,41,41,41,41,27,27,27,28,41,41,41,27,41,38,27,41,41,41,27,41,41,41,41,41,41,65,27,27,192,219,41,27,41,230,29,41,44,29,40,27,229,41,27,27,229,230,41,41,209,27,27,27,34,27,27,35,27,41,27,47,41,41,27,41,41,41,41,41,41,41,41,41,41,41,39,40,27,27,27,27,27,27,41,27,27,27,41,27,38,27,41,27,27,27,27,27,41,192,40,41,27,41,41,41,29,80,202,41,40,230,230,29,230,27,230,230,230,41,27,175,177,27,230,196,27,47,95,27,229,67,29,27,29,229,229,229,27,230,230,27,27,230,27,41,230,41,28,27,29,41,28,27,41,27,39,41,41,27,41,47,41,41,41,41,41,41,28,41,41,38,41,41,41,41,41,27,41,27,27,27,41,27,27,27,27,41,27,27,27,27,229,27,27,118,27,27,90,229,41,27,230,27,230,230,41,27,27,41,27,41,40,41,41,41,27,107,146,27,230,27,27,190,41,51,27,169,29,27,41,41,41,27,41,41,27,41,41,30,41,27,27,41,27,27,27,27,197,27,41,27,101,27,27,27,230,27,41,41,27,230,42,27,27,229,230,27,41,27,41,219,41,27,27,27,27,27,27,27,27,27,230,106,27,106,40,27,27,27,27,27,27,27,27,41,229,27,27,41,41,41,41,27,41,41,41,41,36,27,29,27,27,27,41,41,41,27,41,40,41,41,41,27,27,41,27,27,41,41,27,27,27,41,41,41,41,41,32,41,27,27,27,27,41,27,41,27,27,30,27,41,27,32,41,27,41,30,27,27,27,27,185,41,41,27,40,40,47,41,27,29,41,41,41,41,27,41,31,41,41,41,27,27,27,27,27,27,41,27,27,27,29,27,41,27,27,30,41,27,27,41,41,27,41,41,27,41,41,41,41,27,41,27,41,41,41,41,41,41,27,27,41,41,41,27,41,41,41,27,41,41,41,41,27,27,41,37,205,41,227,27,27,205,41,188,49,41,27,41,27,41,33,41,41,27,27,33,38,27,27,27,27,30,27,41,27,41,27,41,41,27,30,41,27,41,35,41,27,41,27,29,41,41,41,27,41,41,27,27,27,27,27,27,27,27,27,27,34,28,27,39,41,41,41,41,41,29,41,29,41,41,41,27,41,41,41,41,41,41,41,41,41,41,27,41,31,27,27,27,27,41,41,27,41,41,38,27,39,41,27,27,41,38,41,41,41,41,27,41,41,41,41,27,41,27,41,41,27,41,27,41,41,27,41,40,41,41,41,35,41,41,41,39,27,41,27,41,28,27,27,229,27,27,27,27,27,27,27,41,27,41,41,41,27,41,27,27,27,41,27,41,41,27,41,41,27,41,35,27,41,27,41,41,41,41,41,41,41,41,41,41,41,41,41,41,27,41,27,41,41,41,41,27,27,41,27,124,41,41,41,27,27,41,41,41,27,27,27,45,27,229,230,27,230,41,41,27
230,27,230,27,160,230,229,41,230,229,87,27,41,40,27,27,41,41,27,41,27,27,27,27,27,27,27,27,27,27,27,27,27,27,41,29,27,27,27,38,41,27,41,41,41,41,41,28,41,41,41,41,27,31,27,41,27,41,41,41,41,27,41,36,27,41,41,41,41,41,28,41,41,30,28,41,41,27,41,40,75,27,27,229,41,230,230,32,27,203,36,27,27,229,41,27,33,27,41,230,35,41,27,27,229,221,36,41,229,41,27,200,41,27,229,29,229,229,41,203,27,27,27,229,27,27,27,30,27,27,27,41,27,27,27,27,27,27,27,27,36,27,87,27,41,41,229,29,28,217,189,41,229,41,229,229,229,41,41,27,41,29,27,28,41,41,27,27,41,41,212,27,27,27,219,230,27,229,229,230,95,205,27,27,27,205,39,27,205,30,41,41,27,27,27,41,41,41,27,41,229,229,229,27,40,229,229,229,229,36,27,37,27,41,27,41,41,27,41,27,31,41,27,27,27,229,27,27,27,27,27,27,27,27,27,27,27,230,27,27,27,214,154,230,230,230,230,230,27,228,43,230,230,41,41,41,230,41,27,230,33,230,230,27,230,230,230,230,230,230,229,41,29,34,27,42,27,27,27,171,27,27,41,229,96,41,27,229,41,27,27,203,229,229,41,27,27,27,27,229,188,27,230,221,229,27,27,27,229,229,127,27,229,41,229,229,229,27,27,36,27,27,27,230,27,27,27,27,185,27,41,27,27,41,27,27,27,27,27,27,27,27,41,41,40,41,41,41,27,27,27,35,41,41,41,27,41,41,27,36,41,41,27,39,41,41,41,41,41,65,27,27,230,230,47,27,41,230,35,41,41,27,28,27,206,41,27,27,229,226,41,41,113,27,27,27,39,27,27,35,27,41,27,41,41,41,29,41,41,41,41,41,41,41,41,41,41,41,41,36,27,27,27,27,27,27,41,27,27,27,41,27,41,27,41,27,27,41,27,27,41,230,41,41,27,41,41,47,38,80,84,41,41,230,230,27,215,27,230,230,230,70,27,211,229,27,230,83,27,41,95,27,229,147,35,27,35,212,229,229,27,230,230,41,27,230,27,41,230,52,33,27,39,41,33,27,41,27,29,41,41,27,41,41,41,41,41,41,41,38,35,41,41,41,41,41,41,41,41,27,41,27,27,27,41,27,27,27,27,41,27,27,27,27,229,27,27,197,27,27,184,229,41,27,230,27,230,230,41,27,27,41,27,41,35,41,41,38,27,223,120,27,230,27,27,89,41,27,27,169,27,27,41,41,41,27,41,41,27,41,41,38,41,27,27,41,27,27,27,27,197,27,41,33,201,27,27,27,230,29,41,40,27,230,73,27,27,229,230,27,41,27,41,229,41,27,27,27,41,27,27,27,27,27,230,230,27,224,41,41,27,27,27,27,27,27,27,41,229,27,28,41,41,41,41,27,41,41,41,41,41,29,27,27,27,27,41,41,41,27,40,41,41,41,41,27,27,41,27,27,41,41,27,27,27,41,41,41,41,41,34,41,28,27,27,27,41,27,41,27,27,37,28,39,27,41,41,27,41,31,27,27,27,27,229,41,47,27,41,36,41,41,27,27,41,41,41,41,27,47,31,41,41,41,27,27,27,27,27,27,41,27,27,27,38,27,41,27,27,30,41,27,27,41,41,27,41,41,27,41,41,41,41,27,41,27,41,41,41,41,41,41,27,27,41,41,41,27,41,41,41,27,41,41,41,41,27,27,41,37,205,41,208,27,27,205,41,103,73,41,27,41,27,41,39,41,41,27,27,28,38,27,27,27,27,27,27,41,27,41,27,39,41,27,27,40,27,41,40,41,27,41,27,39,41,41,41,27,41,41,27,27,27,27,27,27,27,27,27,27,38,27,27,29,41,41,41,41,41,34,41,35,41,41,41,27,41,40,41,41,41,41,41,41,29,41,27,41,27,30,27,27,27,41,41,27,41,41,30,27,37,41,27,27,41,41,41,41,41,41,27,41,41,41,41,27,41,27,41,41,29,41,27,41,41,27,41,41,41,41,41,40,41,41,41,41,27,41,27,41,28,27,27,229,27,27,27,27,27,27,27,41,27,41,41,41,27,41,27,27,27,41,27,41,41,27,41,41,27,41,39,27,41,27,41,41,41,41,41,41,41,41,41,41,41,41,41,41,27,41,27,41,41,41,41,27,27,41,27,124,41,41,41,27,27,41,41,41,27,27,27,27,27,229,230,27,230,41,41,27
230,27,230,27,160,230,229,41,230,229,87,27,41,40,27,27,41,41,27,41,27,27,27,27,27,27,27,27,27,27,27,27,27,27,41,29,27,27,27,38,41,27,41,41,41,41,41,28,41,41,41,41,27,31,27,41,27,41,41,41,41,27,41,36,27,41,41,41,41,41,28,41,41,30,28,41,41,27,41,40,75,27,27,229,41,230,230,32,27,203,36,27,27,229,41,27,33,27,41,230,35,41,27,27,229,221,36,41,229,41,27,200,41,27,229,29,229,229,41,203,27,27,27,229,27,27,27,30,27,27,27,41,27,27,27,27,27,27,27,27,36,27,87,27,41,41,229,29,28,217,189,41,229,41,229,229,229,41,41,27,41,29,27,28,41,41,27,27,41,41,212,27,27,27,219,230,27,229,229,230,95,205,27,27,27,205,39,27,205,30,41,41,27,27,27,41,41,41,27,41,229,229,229,27,40,229,229,229,229,36,27,37,27,41,27,41,41,27,41,27,31,41,27,27,27,229,27,27,27,27,27,27,27,27,27,27,27,230,27,27,27,214,154,230,230,230,230,230,27,228,43,230,230,41,41,41,230,41,27,230,33,230,230,27,230,230,230,230,230,230,229,41,29,34,27,42,27,27,27,171,27,27,41,229,96,41,27,229,41,27,27,203,229,229,41,27,27,27,27,229,188,27,230,221,229,27,27,27,229,229,127,27,229,41,229,229,229,27,27,36,27,27,27,230,27,27,27,27,185,27,41,27,27,41,27,27,27,27,27,27,27,27,41,41,40,41,41,41,27,27,27,35,41,41,41,27,41,41,27,36,41,41,27,39,41,41,41,41,41,65,27,27,230,230,47,27,41,230,35,41,41,27,28,27,206,41,27,27,229,226,41,41,113,27,27,27,39,27,27,35,27,41,27,41,41,41,29,41,41,41,41,41,41,41,41,41,41,41,41,36,27,27,27,27,27,27,41,27,27,27,41,27,41,27,41,27,27,41,27,27,41,230,41,41,27,41,41,47,38,80,84,41,41,230,230,27,215,27,230,230,230,70,27,211,229,27,230,83,27,41,95,27,229,147,35,27,35,212,229,229,27,230,230,41,27,230,27,41,230,52,33,27,39,41,33,27,41,27,29,41,41,27,41,41,41,41,41,41,41,38,35,41,41,41,41,41,41,41,41,27,41,27,27,27,41,27,27,27,27,41,27,27,27,27,229,27,27,197,27,27,184,229,41,27,230,27,230,230,41,27,27,41,27,41,35,41,41,38,27,223,120,27,230,27,27,89,41,27,27,169,27,27,41,41,41,27,41,41,27,41,41,38,41,27,27,41,27,27,27,27,197,27,41,33,201,27,27,27,230,29,41,40,27,230,73,27,27,229,230,27,41,27,41,229,41,27,27,27,41,27,27,27,27,27,230,230,27,224,41,41,27,27,27,27,27,27,27,41,229,27,28,41,41,41,41,27,41,41,41,41,41,29,27,27,27,27,41,41,41,27,40,41,41,41,41,27,27,41,27,27,41,41,27,27,27,41,41,41,41,41,34,41,28,27,27,27,41,27,41,27,27,37,28,39,27,41,41,27,41,31,27,27,27,27,229,41,47,27,41,36,41,41,27,27,41,41,41,41,27,47,31,41,41,41,27,27,27,27,27,27,41,27,27,27,38,27,41,27,27,30,41,27,27,41,41,27,41,41,27,41,41,41,41,27,41,27,41,41,41,41,41,41,27,27,41,41,41,27,41,41,41,27,41,41,41,41,27,27,41,37,205,41,208,27,27,205,41,103,73,41,27,41,27,41,39,41,41,27,27,28,38,27,27,27,27,27,27,41,27,41,27,39,41,27,27,40,27,41,40,41,27,41,27,39,41,41,41,27,41,41,27,27,27,27,27,27,27,27,27,27,38,27,27,29,41,41,41,41,41,34,41,35,41,41,41,27,41,40,41,41,41,41,41,41,29,41,27,41,27,30,27,27,27,41,41,27,41,41,30,27,37,41,27,27,41,41,41,41,41,41,27,41,41,41,41,27,41,27,41,41,29,41,27,41,41,27,41,41,41,41,41,40,41,41,41,41,27,41,27,41,28,27,27,229,27,27,27,27,27,27,27,41,27,41,41,41,27,41,27,27,27,41,27,41,41,27,41,41,27,41,39,27,41,27,41,41,41,41,41,41,41,41,41,41,41,41,41,41,27,41,27,41,41,41,41,27,27,41,27,124,41,41,41,27,27,41,41,41,27,27,27,27,27,229,230,27,230,41,41,27
230,27,230,27,27,230,230,103,230,230,87,27,41,41,27,27,41,41,27,41,27,27,27,27,27,27,27,27,27,27,27,27,27,27,41,39,27,27,27,41,41,27,41,41,41,41,41,35,41,41,41,41,27,38,27,41,27,41,41,41,41,27,41,36,29,41,41,41,41,41,35,41,41,27,31,41,41,27,41,40,27,27,27,229,41,225,230,27,27,229,27,27,27,229,41,27,101,27,41,209,35,47,29,27,229,154,40,39,229,41,27,81,41,27,229,39,229,229,41,203,27,27,27,229,27,27,27,41,27,27,27,41,27,27,27,27,27,27,27,27,36,27,41,27,41,41,229,35,40,229,76,41,229,41,229,229,229,41,46,27,41,27,27,35,41,41,27,27,41,41,212,27,27,27,154,230,27,229,229,230,100,179,27,27,27,184,30,27,205,27,41,41,27,27,27,38,41,41,27,41,229,229,224,29,41,201,229,229,229,41,27,41,27,41,27,41,41,27,38,27,31,41,27,27,27,229,27,27,27,27,27,27,27,27,27,27,27,230,27,27,27,53,55,230,230,230,230,230,27,229,43,230,230,41,41,41,230,41,27,230,127,230,230,27,230,230,230,230,230,230,229,41,35,37,29,41,27,27,27,171,27,28,41,229,27,41,27,229,41,27,27,229,229,229,41,27,27,27,27,229,188,27,230,230,229,27,44,27,229,230,230,27,229,41,229,229,229,27,27,36,27,27,27,205,27,27,27,27,78,27,41,27,27,41,27,27,27,27,27,27,27,27,41,41,37,41,41,41,36,27,28,40,41,41,41,27,41,41,27,27,41,41,27,29,41,41,41,41,41,65,27,29,230,230,230,27,41,230,40,41,41,27,27,27,205,41,27,27,230,210,41,41,42,27,32,27,41,27,27,35,27,41,27,230,40,41,35,41,41,41,41,41,41,41,41,38,41,41,41,29,27,27,27,27,27,27,41,27,27,27,41,27,41,27,41,27,27,41,27,27,41,230,41,41,27,41,41,47,41,77,42,41,41,230,230,27,147,27,230,230,230,148,27,229,229,27,217,42,27,41,99,27,229,213,40,27,40,145,229,229,27,189,97,41,27,230,27,41,230,99,39,27,41,38,39,27,41,27,27,41,41,27,41,41,41,41,41,41,40,30,37,41,41,41,41,41,41,41,41,27,41,27,27,27,41,27,27,27,27,59,27,27,27,29,229,27,27,229,27,27,230,229,41,27,230,27,230,230,47,29,27,41,27,41,30,41,41,30,27,196,27,27,230,27,27,42,41,27,30,169,27,27,41,41,41,27,41,41,27,41,41,41,41,27,27,41,27,27,27,27,197,27,41,101,229,27,28,27,230,39,41,29,27,230,200,27,27,229,230,29,41,27,41,229,41,27,27,27,41,35,27,27,27,27,230,230,27,230,41,41,27,27,27,27,27,27,27,41,27,27,32,40,41,38,41,27,41,41,41,41,41,35,27,27,27,27,41,41,41,27,36,41,41,41,41,27,27,41,27,27,41,41,27,27,27,41,41,41,41,36,39,41,33,27,27,27,41,27,41,27,27,41,32,29,27,41,41,27,38,52,27,27,27,27,229,41,229,27,41,28,41,41,27,27,41,41,41,41,27,229,31,41,41,41,27,27,27,27,27,27,41,27,27,27,41,27,41,27,27,30,41,27,27,41,41,27,41,41,27,41,41,41,41,27,41,27,41,41,41,41,41,41,27,27,40,41,41,27,41,41,41,27,41,41,41,41,27,27,41,37,88,41,205,27,27,179,41,40,41,41,27,41,27,41,41,41,41,27,27,27,38,27,27,27,27,27,27,41,27,41,27,29,41,27,27,29,27,41,41,41,27,41,27,41,41,41,41,27,41,41,27,27,27,27,27,27,27,27,27,27,39,27,27,27,41,41,41,41,41,39,41,40,41,41,41,27,41,36,41,41,41,41,41,41,27,41,27,41,27,37,27,28,27,41,38,27,41,41,27,27,32,41,27,27,41,41,41,41,41,41,41,41,41,41,41,40,41,27,41,41,35,41,27,41,41,27,41,41,41,41,41,41,41,41,41,41,27,41,27,41,28,27,27,62,27,27,27,27,27,27,27,41,27,41,41,41,27,41,27,27,27,41,27,41,41,27,41,41,27,41,41,27,41,27,41,41,41,41,41,41,41,41,41,41,41,41,38,41,27,41,27,41,41,41,41,36,27,41,27,113,41,41,41,27,27,41,41,41,41,27,27,27,27,230,230,27,230,41,41,27
230,27,230,229,27,230,230,167,230,230,87,27,41,41,27,27,41,41,27,41,27,27,27,27,27,27,27,27,27,41,27,27,27,27,41,41,27,27,27,41,41,27,41,41,41,41,41,40,41,41,41,41,27,41,27,41,27,41,41,41,41,27,41,27,35,41,41,41,41,39,40,41,36,27,35,41,41,27,41,41,27,27,27,229,41,102,230,27,27,229,27,27,27,230,41,27,216,27,41,108,35,230,35,27,229,44,41,30,229,41,27,41,41,27,229,41,229,229,41,203,27,27,27,229,27,27,27,41,27,27,27,41,27,27,27,27,27,27,27,27,36,27,41,27,41,28,229,40,41,229,41,41,229,41,229,229,229,41,217,27,41,27,27,40,41,41,27,27,42,41,197,27,27,27,56,230,27,229,229,230,102,101,27,27,27,99,27,27,205,27,41,27,27,27,27,30,41,41,27,41,229,229,158,35,41,86,229,229,228,41,27,41,27,41,27,41,41,27,30,27,30,41,27,27,27,27,27,27,27,27,27,27,27,27,27,27,27,230,27,27,27,27,27,230,230,230,230,230,27,230,40,230,230,41,41,47,230,41,27,230,180,230,230,27,230,230,230,230,230,230,229,41,40,40,35,41,27,27,27,171,27,32,41,229,27,41,27,208,41,27,27,229,229,229,41,43,27,27,27,229,179,27,219,230,229,27,204,27,229,230,230,27,200,42,229,229,229,27,27,36,27,27,27,58,27,27,27,27,27,27,41,27,27,41,27,27,27,27,27,27,27,27,41,41,35,41,41,41,41,27,35,41,41,41,41,29,41,41,29,27,41,41,27,27,41,41,41,41,41,65,27,38,230,230,230,27,41,192,41,41,41,27,27,27,205,27,27,27,230,205,39,41,27,27,41,27,41,27,27,35,27,41,27,230,41,41,40,41,41,41,40,41,41,41,41,31,41,41,41,27,27,27,27,27,27,27,41,27,27,27,41,27,41,27,41,27,27,41,27,27,41,230,42,41,27,41,41,223,41,66,41,216,42,230,230,27,56,29,230,230,160,212,27,229,229,27,150,41,160,41,230,36,229,229,41,29,41,61,229,186,27,77,27,41,27,230,27,41,230,162,41,27,41,31,41,27,41,27,27,41,41,27,41,41,41,41,41,41,35,27,40,41,41,41,41,41,41,41,41,27,41,27,27,27,41,27,27,27,27,95,27,27,27,39,229,27,27,229,27,27,230,229,41,27,219,27,230,160,230,35,27,41,27,41,27,47,41,27,27,207,27,27,230,27,27,41,27,27,39,169,27,27,41,41,41,27,41,41,27,41,41,41,41,27,27,41,27,27,27,27,197,27,41,216,229,27,40,29,230,41,41,27,28,230,230,27,27,229,205,39,27,30,41,229,41,27,27,28,41,39,27,27,27,27,230,230,27,230,41,41,27,27,27,27,27,27,27,52,27,27,35,36,41,30,41,27,41,41,41,36,41,40,27,27,27,27,41,41,41,27,29,41,41,41,41,27,27,41,27,27,41,41,27,30,27,41,41,41,41,27,41,41,39,27,27,27,41,27,41,27,27,41,40,27,27,41,38,27,27,66,27,27,27,27,229,41,229,27,42,27,41,41,27,27,41,41,41,41,27,229,31,41,41,41,27,27,27,27,27,27,41,27,27,27,41,27,41,27,27,30,41,27,27,41,41,27,41,41,28,41,41,41,38,27,41,27,41,41,41,41,41,41,27,27,28,41,41,27,40,41,36,27,41,41,41,41,27,27,41,37,27,41,205,27,27,104,56,27,41,41,30,41,27,41,41,41,41,27,27,27,39,27,27,27,27,27,27,41,27,41,27,27,41,27,27,27,27,41,41,41,27,41,27,41,41,41,41,27,41,41,29,27,27,27,27,27,27,30,27,27,39,27,27,27,41,41,41,41,41,41,41,41,41,41,41,27,41,28,41,41,41,41,41,41,27,41,27,41,27,41,27,40,27,41,31,27,41,41,27,27,28,41,27,30,41,41,41,41,41,41,41,41,41,41,41,41,41,27,41,41,40,41,27,41,41,27,41,41,41,41,41,41,41,41,41,41,27,40,27,41,28,27,27,27,27,27,27,27,27,27,27,41,27,41,41,41,27,41,27,27,27,41,27,41,41,27,41,41,27,41,41,27,41,27,41,41,41,41,41,41,41,41,41,41,38,41,30,40,27,41,27,36,41,41,40,41,27,41,27,72,41,41,41,27,27,41,41,41,41,27,27,27,27,230,200,27,27,41,41,27
230,27,230,229,27,230,230,167,230,230,87,27,41,41,27,27,41,41,27,41,27,27,27,27,27,27,27,27,27,41,27,27,27,27,41,41,27,27,27,41,41,27,41,41,41,41,41,40,41,41,41,41,27,41,27,41,27,41,41,41,41,27,41,27,35,41,41,41,41,39,40,41,36,27,35,41,41,27,41,41,27,27,27,229,41,102,230,27,27,229,27,27,27,230,41,27,216,27,41,108,35,230,35,27,229,44,41,30,229,41,27,41,41,27,229,41,229,229,41,203,27,27,27,229,27,27,27,41,27,27,27,41,27,27,27,27,27,27,27,27,36,27,41,27,41,28,229,40,41,229,41,41,229,41,229,229,229,41,217,27,41,27,27,40,41,41,27,27,42,41,197,27,27,27,56,230,27,229,229,230,102,101,27,27,27,99,27,27,205,27,41,27,27,27,27,30,41,41,27,41,229,229,158,35,41,86,229,229,228,41,27,41,27,41,27,41,41,27,30,27,30,41,27,27,27,27,27,27,27,27,27,27,27,27,27,27,27,230,27,27,27,27,27,230,230,230,230,230,27,230,40,230,230,41,41,47,230,41,27,230,180,230,230,27,230,230,230,230,230,230,229,41,40,40,35,41,27,27,27,171,27,32,41,229,27,41,27,208,41,27,27,229,229,229,41,43,27,27,27,229,179,27,219,230,229,27,204,27,229,230,230,27,200,42,229,229,229,27,27,36,27,27,27,58,27,27,27,27,27,27,41,27,27,41,27,27,27,27,27,27,27,27,41,41,35,41,41,41,41,27,35,41,41,41,41,29,41,41,29,27,41,41,27,27,41,41,41,41,41,65,27,38,230,230,230,27,41,192,41,41,41,27,27,27,205,27,27,27,230,205,39,41,27,27,41,27,41,27,27,35,27,41,27,230,41,41,40,41,41,41,40,41,41,41,41,31,41,41,41,27,27,27,27,27,27,27,41,27,27,27,41,27,41,27,41,27,27,41,27,27,41,230,42,41,27,41,41,223,41,66,41,216,42,230,230,27,56,29,230,230,160,212,27,229,229,27,150,41,160,41,230,36,229,229,41,29,41,61,229,186,27,77,27,41,27,230,27,41,230,162,41,27,41,31,41,27,41,27,27,41,41,27,41,41,41,41,41,41,35,27,40,41,41,41,41,41,41,41,41,27,41,27,27,27,41,27,27,27,27,95,27,27,27,39,229,27,27,229,27,27,230,229,41,27,219,27,230,160,230,35,27,41,27,41,27,47,41,27,27,207,27,27,230,27,27,41,27,27,39,169,27,27,41,41,41,27,41,41,27,41,41,41,41,27,27,41,27,27,27,27,197,27,41,216,229,27,40,29,230,41,41,27,28,230,230,27,27,229,205,39,27,30,41,229,41,27,27,28,41,39,27,27,27,27,230,230,27,230,41,41,27,27,27,27,27,27,27,52,27,27,35,36,41,30,41,27,41,41,41,36,41,40,27,27,27,27,41,41,41,27,29,41,41,41,41,27,27,41,27,27,41,41,27,30,27,41,41,41,41,27,41,41,39,27,27,27,41,27,41,27,27,41,40,27,27,41,38,27,27,66,27,27,27,27,229,41,229,27,42,27,41,41,27,27,41,41,41,41,27,229,31,41,41,41,27,27,27,27,27,27,41,27,27,27,41,27,41,27,27,30,41,27,27,41,41,27,41,41,28,41,41,41,38,27,41,27,41,41,41,41,41,41,27,27,28,41,41,27,40,41,36,27,41,41,41,41,27,27,41,37,27,41,205,27,27,104,56,27,41,41,30,41,27,41,41,41,41,27,27,27,39,27,27,27,27,27,27,41,27,41,27,27,41,27,27,27,27,41,41,41,27,41,27,41,41,41,41,27,41,41,29,27,27,27,27,27,27,30,27,27,39,27,27,27,41,41,41,41,41,41,41,41,41,41,41,27,41,28,41,41,41,41,41,41,27,41,27,41,27,41,27,40,27,41,31,27,41,41,27,27,28,41,27,30,41,41,41,41,41,41,41,41,41,41,41,41,41,27,41,41,40,41,27,41,41,27,41,41,41,41,41,41,41,41,41,41,27,40,27,41,28,27,27,27,27,27,27,27,27,27,27,41,27,41,41,41,27,41,27,27,27,41,27,41,41,27,41,41,27,41,41,27,41,27,41,41,41,41,41,41,41,41,41,41,38,41,30,40,27,41,27,36,41,41,40,41,27,41,27,72,41,41,41,27,27,41,41,41,41,27,27,27,27,230,200,27,27,41,41,27
230,27,230,229,27,230,230,112,160,230,87,27,41,41,27,27,41,41,41,41,27,27,27,27,27,27,27,27,41,41,27,27,27,27,41,41,27,27,27,41,41,27,41,41,41,41,41,41,41,41,27,41,27,41,27,41,27,41,41,41,41,27,41,27,40,41,41,41,41,30,41,41,27,27,40,41,41,27,41,41,27,27,27,229,41,31,230,27,27,229,27,27,27,230,41,27,229,29,41,38,35,230,40,27,229,27,41,27,229,41,27,41,41,27,229,41,229,229,27,203,27,27,27,229,27,27,27,41,27,27,27,41,27,27,27,27,27,27,27,27,36,27,41,27,28,27,229,41,41,227,41,41,229,41,229,229,229,41,229,27,40,27,27,41,41,41,27,27,83,41,47,27,27,27,27,230,27,229,229,230,102,41,27,27,27,38,27,30,205,27,41,27,27,27,27,27,41,41,27,39,229,229,43,40,42,42,229,47,160,41,27,41,27,41,27,41,41,27,27,27,27,41,27,27,27,27,27,27,27,27,27,27,27,27,27,27,27,230,27,59,27,27,27,230,230,230,230,230,27,230,31,230,217,41,41,230,230,41,27,226,183,230,230,27,230,27,230,230,230,230,229,41,41,41,40,41,27,29,27,152,27,39,38,202,27,41,27,113,41,27,27,229,229,229,41,108,27,27,27,229,141,27,154,230,229,27,229,46,229,230,230,28,86,75,229,229,229,27,27,36,27,27,27,27,27,27,27,30,27,27,41,28,27,41,27,27,27,27,27,27,27,27,41,41,29,41,41,41,41,27,40,41,41,41,41,35,41,41,35,27,41,41,27,27,41,41,41,41,41,65,27,41,199,230,230,36,41,85,41,41,41,27,27,27,205,27,29,27,230,205,30,41,27,27,41,27,41,27,27,63,27,41,27,230,41,41,41,41,41,41,35,41,41,41,41,27,41,41,41,27,28,27,27,27,27,27,41,27,27,27,41,27,41,27,41,27,27,41,27,27,41,230,75,41,27,41,27,230,41,56,41,230,84,230,230,27,27,38,220,230,27,229,27,229,229,27,53,41,229,41,230,41,229,229,41,35,41,27,229,74,27,27,27,41,27,230,27,41,230,183,41,27,41,27,41,27,41,27,27,41,41,28,41,41,41,41,41,41,29,27,41,41,41,41,41,41,41,41,41,27,41,27,27,27,41,27,27,27,27,95,27,27,27,41,229,27,27,229,30,27,230,229,42,29,154,29,230,27,230,40,27,41,27,41,27,230,41,27,27,76,27,27,230,27,27,41,27,27,41,169,27,27,41,41,41,27,41,41,27,40,41,41,41,27,28,41,27,27,27,27,198,27,41,229,229,27,41,39,209,41,41,27,35,230,230,27,27,230,72,41,27,38,41,229,41,28,27,35,41,39,27,27,27,27,27,230,27,230,41,41,27,27,27,27,27,27,27,115,27,27,36,28,41,27,41,27,41,41,41,27,41,41,27,27,27,27,41,41,41,27,27,41,41,41,41,27,27,41,27,27,41,41,27,37,27,41,41,27,41,27,41,41,41,27,27,27,41,27,41,27,27,41,41,27,27,41,30,38,27,69,27,27,27,30,189,41,229,27,67,27,41,41,27,27,41,41,41,41,27,229,31,41,39,41,27,27,27,27,27,27,41,27,27,27,41,27,41,27,27,30,41,27,27,41,41,27,41,41,39,41,41,41,31,27,41,27,41,41,41,41,41,41,27,27,27,41,41,27,37,41,27,27,41,41,41,41,27,27,41,37,27,41,205,27,27,43,116,27,41,41,38,41,27,41,41,38,41,27,28,27,40,27,27,29,27,27,27,40,27,41,27,27,39,27,27,27,27,41,41,41,27,41,27,41,41,41,41,27,36,41,38,27,41,27,27,27,27,37,27,27,39,27,27,27,41,41,41,41,41,41,41,41,41,41,41,27,41,27,41,41,41,41,41,41,27,41,27,41,27,41,27,41,27,41,27,27,41,41,27,27,27,41,27,37,40,41,41,41,41,32,41,41,41,41,41,41,41,27,41,41,41,41,27,41,41,27,41,41,41,41,41,41,41,41,41,41,27,35,27,41,27,38,27,27,27,27,27,27,27,27,27,41,27,41,41,41,27,41,27,27,27,41,27,41,41,27,41,41,27,41,41,36,41,27,41,41,41,41,41,41,41,41,41,41,30,41,27,35,27,41,27,28,41,41,28,41,27,41,27,41,41,41,229,27,27,37,41,41,41,48,27,27,27,230,117,27,27,41,41,27
230,27,230,229,27,160,230,58,27,230,87,27,41,41,27,41,41,41,41,41,28,27,27,27,27,27,27,27,41,41,27,27,27,27,41,41,27,27,27,41,41,27,41,38,41,41,41,41,40,41,27,41,27,41,27,41,29,41,41,41,41,27,41,27,41,41,41,41,41,27,41,40,27,27,41,41,41,27,41,41,27,27,27,229,106,27,229,27,27,188,27,27,42,230,39,27,229,39,41,27,35,230,41,27,229,27,41,27,229,41,49,41,41,27,229,41,229,160,27,203,27,27,27,229,27,30,27,41,27,27,27,41,27,27,27,27,27,27,27,27,114,31,41,36,27,27,219,41,41,189,41,41,47,41,214,229,229,41,229,27,35,27,27,41,41,41,27,27,191,41,27,27,27,27,27,230,27,229,229,229,102,27,27,27,27,27,27,37,205,27,41,27,27,27,27,27,41,41,27,30,229,229,27,41,76,41,229,41,29,41,27,41,27,41,27,41,41,29,27,29,27,41,27,27,27,27,27,27,27,27,27,27,27,27,27,27,27,230,27,77,27,27,27,230,230,230,230,230,27,230,27,218,60,41,41,230,230,39,27,156,183,230,230,27,230,27,230,230,230,230,229,41,41,41,41,41,27,38,27,65,27,41,30,111,27,41,27,42,41,27,27,229,229,230,37,193,27,27,27,106,89,55,56,230,229,27,229,151,229,230,230,35,42,190,192,229,229,40,27,36,27,27,27,27,27,27,27,39,27,27,41,40,27,41,27,27,27,27,27,27,28,27,41,41,27,41,41,41,27,27,41,41,41,41,41,40,41,41,40,27,41,41,27,27,41,41,41,41,27,41,27,41,83,229,230,41,41,42,42,41,41,27,27,27,205,27,39,39,230,205,27,41,27,27,41,27,41,27,27,120,27,41,27,87,41,41,41,41,41,41,29,41,41,41,37,27,41,41,41,27,28,27,27,27,27,27,41,27,27,27,41,27,41,29,41,27,27,41,27,27,39,200,190,41,27,41,27,230,41,35,41,229,191,215,230,27,27,41,154,230,27,229,27,229,229,27,27,41,229,41,230,27,186,229,42,40,41,27,229,27,27,27,27,41,27,230,27,41,211,183,41,28,41,27,41,27,41,27,27,41,41,35,41,41,41,41,41,41,27,27,41,41,41,41,41,41,41,41,41,29,41,27,27,27,41,27,27,27,27,95,27,41,27,41,209,27,27,181,37,27,230,229,91,35,56,38,230,27,230,41,27,40,27,40,27,230,41,27,27,42,27,27,230,160,27,41,27,27,41,169,27,28,41,41,41,27,41,41,27,40,41,41,41,27,40,41,27,27,27,27,198,27,41,229,229,27,41,41,107,41,41,27,40,47,230,36,35,230,42,41,27,31,41,229,41,36,27,37,41,39,27,27,27,27,27,230,27,230,41,41,27,27,27,27,27,27,27,208,27,29,36,27,41,27,41,27,41,41,41,27,41,41,27,27,27,27,41,27,41,27,27,41,41,41,41,27,27,41,28,27,41,41,27,41,27,41,41,27,41,27,41,41,41,27,27,28,41,27,41,30,27,41,41,27,27,41,27,41,27,69,27,27,30,38,88,41,229,27,203,27,41,41,28,27,41,41,41,41,28,229,31,41,29,41,27,27,27,27,27,27,41,27,27,27,41,27,41,27,27,30,41,27,27,41,41,27,41,40,41,41,41,41,27,27,41,27,41,41,41,38,41,41,27,27,27,41,41,27,34,41,27,27,41,41,41,41,27,27,41,37,27,41,205,43,27,27,197,27,41,39,41,41,27,41,41,31,41,27,33,27,41,27,27,35,27,27,27,28,27,41,27,27,29,29,27,27,27,41,41,41,27,41,27,41,41,41,41,41,27,41,41,27,41,27,27,27,27,41,27,27,39,27,27,27,41,41,41,41,41,41,41,41,41,41,41,27,40,27,41,38,41,41,41,41,27,39,27,41,27,41,27,41,27,41,27,27,41,41,27,27,27,41,27,41,33,41,41,41,39,27,41,41,41,41,41,41,41,27,41,41,41,41,27,41,41,27,41,41,41,41,41,41,41,41,41,41,27,28,27,41,27,41,27,27,27,27,27,27,27,27,27,41,27,41,39,41,27,41,27,27,27,41,27,41,41,27,41,41,27,41,41,41,41,29,41,41,41,41,41,36,41,41,41,41,27,41,27,29,27,41,27,27,41,35,27,41,27,41,29,34,41,229,229,27,27,31,41,27,41,87,27,27,29,230,46,27,27,41,41,27
230,27,230,229,27,160,230,58,27,230,87,27,41,41,27,41,41,41,41,41,28,27,27,27,27,27,27,27,41,41,27,27,27,27,41,41,27,27,27,41,41,27,41,38,41,41,41,41,40,41,27,41,27,41,27,41,29,41,41,41,41,27,41,27,41,41,41,41,41,27,41,40,27,27,41,41,41,27,41,41,27,27,27,229,106,27,229,27,27,188,27,27,42,230,39,27,229,39,41,27,35,230,41,27,229,27,41,27,229,41,49,41,41,27,229,41,229,160,27,203,27,27,27,229,27,30,27,41,27,27,27,41,27,27,27,27,27,27,27,27,114,31,41,36,27,27,219,41,41,189,41,41,47,41,214,229,229,41,229,27,35,27,27,41,41,41,27,27,191,41,27,27,27,27,27,230,27,229,229,229,102,27,27,27,27,27,27,37,205,27,41,27,27,27,27,27,41,41,27,30,229,229,27,41,76,41,229,41,29,41,27,41,27,41,27,41,41,29,27,29,27,41,27,27,27,27,27,27,27,27,27,27,27,27,27,27,27,230,27,77,27,27,27,230,230,230,230,230,27,230,27,218,60,41,41,230,230,39,27,156,183,230,230,27,230,27,230,230,230,230,229,41,41,41,41,41,27,38,27,65,27,41,30,111,27,41,27,42,41,27,27,229,229,230,37,193,27,27,27,106,89,55,56,230,229,27,229,151,229,230,230,35,42,190,192,229,229,40,27,36,27,27,27,27,27,27,27,39,27,27,41,40,27,41,27,27,27,27,27,27,28,27,41,41,27,41,41,41,27,27,41,41,41,41,41,40,41,41,40,27,41,41,27,27,41,41,41,41,27,41,27,41,83,229,230,41,41,42,42,41,41,27,27,27,205,27,39,39,230,205,27,41,27,27,41,27,41,27,27,120,27,41,27,87,41,41,41,41,41,41,29,41,41,41,37,27,41,41,41,27,28,27,27,27,27,27,41,27,27,27,41,27,41,29,41,27,27,41,27,27,39,200,190,41,27,41,27,230,41,35,41,229,191,215,230,27,27,41,154,230,27,229,27,229,229,27,27,41,229,41,230,27,186,229,42,40,41,27,229,27,27,27,27,41,27,230,27,41,211,183,41,28,41,27,41,27,41,27,27,41,41,35,41,41,41,41,41,41,27,27,41,41,41,41,41,41,41,41,41,29,41,27,27,27,41,27,27,27,27,95,27,41,27,41,209,27,27,181,37,27,230,229,91,35,56,38,230,27,230,41,27,40,27,40,27,230,41,27,27,42,27,27,230,160,27,41,27,27,41,169,27,28,41,41,41,27,41,41,27,40,41,41,41,27,40,41,27,27,27,27,198,27,41,229,229,27,41,41,107,41,41,27,40,47,230,36,35,230,42,41,27,31,41,229,41,36,27,37,41,39,27,27,27,27,27,230,27,230,41,41,27,27,27,27,27,27,27,208,27,29,36,27,41,27,41,27,41,41,41,27,41,41,27,27,27,27,41,27,41,27,27,41,41,41,41,27,27,41,28,27,41,41,27,41,27,41,41,27,41,27,41,41,41,27,27,28,41,27,41,30,27,41,41,27,27,41,27,41,27,69,27,27,30,38,88,41,229,27,203,27,41,41,28,27,41,41,41,41,28,229,31,41,29,41,27,27,27,27,27,27,41,27,27,27,41,27,41,27,27,30,41,27,27,41,41,27,41,40,41,41,41,41,27,27,41,27,41,41,41,38,41,41,27,27,27,41,41,27,34,41,27,27,41,41,41,41,27,27,41,37,27,41,205,43,27,27,197,27,41,39,41,41,27,41,41,31,41,27,33,27,41,27,27,35,27,27,27,28,27,41,27,27,29,29,27,27,27,41,41,41,27,41,27,41,41,41,41,41,27,41,41,27,41,27,27,27,27,41,27,27,39,27,27,27,41,41,41,41,41,41,41,41,41,41,41,27,40,27,41,38,41,41,41,41,27,39,27,41,27,41,27,41,27,41,27,27,41,41,27,27,27,41,27,41,33,41,41,41,39,27,41,41,41,41,41,41,41,27,41,41,41,41,27,41,41,27,41,41,41,41,41,41,41,41,41,41,27,28,27,41,27,41,27,27,27,27,27,27,27,27,27,41,27,41,39,41,27,41,27,27,27,41,27,41,41,27,41,41,27,41,41,41,41,29,41,41,41,41,41,36,41,41,41,41,27,41,27,29,27,41,27,27,41,35,27,41,27,41,29,34,41,229,229,27,27,31,41,27,41,87,27,27,29,230,46,27,27,41,41,27
230,27,230,229,27,27,230,126,27,230,87,27,41,41,27,41,41,41,41,41,31,27,27,27,27,27,27,27,41,41,27,27,27,27,41,41,27,27,27,41,41,27,41,31,41,39,41,41,35,41,27,41,27,41,27,41,39,40,41,41,41,27,41,27,41,41,41,41,41,27,41,28,27,27,41,41,41,27,41,41,27,27,27,229,229,27,229,27,27,69,27,27,106,230,30,33,229,41,41,27,39,230,41,27,229,27,41,27,229,41,141,41,41,27,229,41,229,27,27,203,27,27,27,229,27,41,27,41,27,27,27,41,27,27,27,27,27,27,27,27,156,38,41,41,27,27,47,42,41,77,76,41,41,37,176,228,227,41,229,27,29,27,27,42,41,41,27,27,230,41,27,27,28,27,27,229,27,27,229,229,111,27,27,27,27,27,31,41,205,27,41,27,27,27,27,27,41,41,27,27,220,229,27,41,188,41,229,41,27,41,27,41,31,41,27,41,41,35,27,35,27,41,27,27,27,27,41,27,27,27,27,27,27,27,27,27,27,230,27,77,27,27,27,230,230,230,230,230,27,230,27,149,41,41,27,230,230,29,27,34,183,230,230,27,230,27,230,230,230,230,229,41,42,41,41,41,27,41,27,44,27,41,27,42,27,41,27,27,41,27,27,229,229,230,30,229,28,27,27,106,69,141,27,230,229,27,229,220,201,230,230,40,41,230,82,229,229,41,27,27,27,27,27,27,27,27,27,30,27,27,41,41,27,27,27,27,27,27,27,27,34,27,38,41,27,41,41,41,28,27,41,41,41,41,41,41,41,41,41,27,41,41,29,27,41,41,41,41,27,41,27,41,41,194,230,41,41,41,84,41,41,27,27,27,199,27,41,108,230,205,27,41,27,27,41,27,41,27,30,148,27,41,27,42,41,41,41,41,41,41,27,41,41,41,30,27,41,41,41,27,28,27,27,31,27,27,41,27,27,27,27,27,41,38,41,27,27,41,27,27,30,88,230,41,27,28,27,230,61,27,41,222,230,175,230,27,27,41,50,230,27,229,27,229,229,27,27,41,229,41,230,27,229,229,83,41,41,27,229,27,27,27,27,41,27,230,27,39,107,183,41,32,41,27,41,27,41,27,27,41,41,41,41,41,41,41,41,41,27,27,41,41,41,41,41,41,41,41,41,38,41,27,27,27,41,27,27,27,27,95,27,41,27,41,54,29,27,80,41,27,230,213,184,40,27,41,222,27,230,41,27,36,27,36,27,230,39,27,27,41,27,27,230,229,55,41,27,27,41,169,27,34,41,41,41,27,41,41,27,40,41,41,41,27,41,32,27,27,27,27,198,42,40,229,229,27,41,41,38,41,41,27,41,41,230,41,40,230,41,41,27,27,41,227,27,40,27,40,41,39,27,27,27,27,27,230,27,221,44,41,27,27,27,27,27,27,27,229,27,38,36,27,41,27,41,27,41,41,41,27,41,41,27,27,30,30,41,27,41,27,27,41,41,41,41,27,27,41,35,27,41,41,27,41,27,41,41,27,41,27,41,41,41,27,27,31,41,41,41,37,27,41,41,27,27,41,27,41,27,69,27,27,38,41,42,27,229,27,229,27,41,41,35,27,41,41,41,41,35,229,31,41,27,41,27,27,27,27,30,27,40,27,27,27,41,27,41,27,27,30,41,27,27,41,41,27,41,28,41,41,41,41,27,30,41,27,41,41,41,31,41,41,28,28,27,41,36,27,29,41,27,27,41,41,41,41,29,41,41,37,27,41,193,80,27,27,229,27,41,29,41,41,27,41,41,27,41,27,39,27,41,27,27,39,27,27,27,27,27,41,27,27,27,35,27,27,27,41,41,41,27,41,27,41,41,41,41,41,27,41,41,27,41,27,27,27,27,41,27,27,39,27,27,27,41,41,41,41,41,41,41,41,41,41,41,27,35,27,41,31,41,41,41,41,27,29,27,41,27,41,27,41,27,41,27,27,36,41,27,27,27,41,30,41,28,41,41,41,33,27,41,41,41,41,41,41,41,27,41,41,41,41,27,41,41,27,41,41,41,41,41,41,41,41,41,41,27,27,27,41,27,41,27,27,27,27,27,27,27,27,27,41,27,41,29,41,27,39,27,27,27,41,27,41,41,27,41,41,27,41,41,41,41,38,41,41,41,41,41,36,39,41,41,41,27,41,27,27,27,41,27,27,41,28,27,41,36,41,39,34,41,229,229,27,27,27,41,27,41,87,27,27,38,230,27,27,27,41,41,27
181,27,230,229,27,27,229,176,27,230,87,27,41,41,27,27,41,41,41,41,33,27,27,27,27,27,27,27,41,41,27,27,27,27,41,41,27,27,27,41,41,27,41,27,41,30,41,41,29,39,27,41,27,41,27,41,41,35,41,41,41,27,41,27,41,41,41,41,41,27,41,27,27,27,41,41,27,27,41,40,27,27,27,27,229,27,229,27,27,27,27,27,195,230,27,103,229,41,41,27,148,230,41,27,229,27,42,27,229,41,213,41,41,58,229,41,229,27,27,203,27,27,27,229,27,41,27,39,27,27,27,41,27,27,27,27,27,27,27,27,156,41,41,41,27,27,41,85,50,41,189,41,41,30,130,193,158,40,226,27,27,27,27,81,41,41,27,27,230,27,27,27,34,28,27,229,27,27,229,229,153,27,27,27,27,27,61,41,205,27,39,27,27,28,27,27,41,41,27,27,155,229,27,41,229,41,224,41,27,47,27,41,38,41,27,41,41,40,27,40,27,41,27,27,27,27,41,27,27,27,27,27,27,27,27,27,27,27,27,77,27,27,27,230,230,230,230,230,27,229,27,52,41,41,27,230,230,27,27,27,183,125,230,27,230,27,230,230,230,230,229,41,90,41,41,41,27,41,27,42,28,41,27,27,27,41,27,27,41,27,28,194,229,230,27,229,40,28,27,41,69,212,27,230,229,27,229,230,55,230,229,41,41,230,42,229,229,41,35,27,27,27,27,27,27,27,27,27,27,27,41,41,27,27,27,27,27,27,27,29,38,27,30,41,27,41,41,41,37,27,41,41,41,41,41,41,41,41,41,27,41,41,38,27,41,41,41,41,27,41,27,56,41,75,47,41,41,41,190,41,51,27,27,27,94,27,41,207,230,185,27,41,27,27,41,27,41,27,37,148,28,41,28,41,187,41,42,40,27,41,27,41,41,41,27,27,41,41,41,27,28,27,27,38,27,27,41,27,27,27,27,27,41,41,41,27,27,41,29,27,27,46,230,41,27,27,27,230,147,27,41,230,230,132,230,27,27,41,27,230,27,229,27,229,230,27,27,41,229,41,230,27,229,229,187,41,42,27,229,27,27,27,27,106,27,230,27,30,230,183,41,40,41,27,41,30,41,27,27,40,41,41,41,41,40,40,41,38,27,27,41,41,41,41,41,27,41,41,41,41,41,27,27,27,41,27,27,27,27,95,27,41,27,41,27,38,27,27,41,27,229,150,230,41,27,41,169,27,230,42,27,29,27,29,27,230,30,27,29,41,27,27,230,229,130,41,27,27,41,169,27,37,41,41,41,27,41,41,27,40,41,41,39,32,41,27,28,30,27,41,198,107,28,229,230,27,41,41,27,41,41,27,41,41,200,41,41,230,41,41,27,27,41,158,27,41,27,41,41,39,27,27,27,27,27,230,27,41,108,41,27,27,27,27,27,27,29,229,27,41,36,27,41,27,41,27,41,41,41,27,41,41,27,27,38,38,38,27,41,27,27,41,41,41,41,27,36,36,37,27,40,41,27,41,27,41,41,27,41,27,41,41,41,29,27,33,41,41,41,41,27,41,41,27,27,41,27,41,29,64,27,27,41,41,41,27,229,27,229,27,41,41,40,27,40,41,41,41,40,229,31,41,27,41,30,27,27,27,38,27,28,27,27,27,41,27,41,27,27,30,41,27,27,41,38,27,41,27,41,41,41,41,27,37,41,29,41,41,41,27,41,41,36,36,27,41,27,36,27,38,27,27,40,36,41,41,38,41,41,37,27,41,68,128,43,27,229,27,41,27,41,41,27,41,41,27,41,27,41,27,41,27,27,41,27,27,27,41,27,41,27,27,27,40,27,27,27,41,41,41,27,41,27,41,41,41,41,41,27,41,41,29,41,27,27,27,30,41,27,27,39,27,27,27,41,41,41,41,41,41,41,41,41,41,41,27,29,27,41,27,40,41,41,41,27,27,27,41,27,41,27,41,27,41,27,27,36,41,27,30,27,41,37,41,27,41,41,41,28,27,41,41,41,41,41,41,41,41,41,41,41,41,28,41,41,29,41,41,39,41,41,41,41,41,41,41,27,27,27,41,27,41,27,27,27,27,27,27,27,41,27,41,27,39,27,41,27,30,27,27,27,41,27,41,41,29,41,41,27,41,41,36,41,41,41,41,41,41,41,27,29,41,41,41,27,41,27,27,36,41,28,27,41,27,27,41,41,36,41,34,37,229,229,27,28,27,41,27,41,87,27,27,41,200,27,27,27,41,41,27
181,27,230,229,27,27,229,176,27,230,87,27,41,41,27,27,41,41,41,41,33,27,27,27,27,27,27,27,41,41,27,27,27,27,41,41,27,27,27,41,41,27,41,27,41,30,41,41,29,39,27,41,27,41,27,41,41,35,41,41,41,27,41,27,41,41,41,41,41,27,41,27,27,27,41,41,27,27,41,40,27,27,27,27,229,27,229,27,27,27,27,27,195,230,27,103,229,41,41,27,148,230,41,27,229,27,42,27,229,41,213,41,41,58,229,41,229,27,27,203,27,27,27,229,27,41,27,39,27,27,27,41,27,27,27,27,27,27,27,27,156,41,41,41,27,27,41,85,50,41,189,41,41,30,130,193,158,40,226,27,27,27,27,81,41,41,27,27,230,27,27,27,34,28,27,229,27,27,229,229,153,27,27,27,27,27,61,41,205,27,39,27,27,28,27,27,41,41,27,27,155,229,27,41,229,41,224,41,27,47,27,41,38,41,27,41,41,40,27,40,27,41,27,27,27,27,41,27,27,27,27,27,27,27,27,27,27,27,27,77,27,27,27,230,230,230,230,230,27,229,27,52,41,41,27,230,230,27,27,27,183,125,230,27,230,27,230,230,230,230,229,41,90,41,41,41,27,41,27,42,28,41,27,27,27,41,27,27,41,27,28,194,229,230,27,229,40,28,27,41,69,212,27,230,229,27,229,230,55,230,229,41,41,230,42,229,229,41,35,27,27,27,27,27,27,27,27,27,27,27,41,41,27,27,27,27,27,27,27,29,38,27,30,41,27,41,41,41,37,27,41,41,41,41,41,41,41,41,41,27,41,41,38,27,41,41,41,41,27,41,27,56,41,75,47,41,41,41,190,41,51,27,27,27,94,27,41,207,230,185,27,41,27,27,41,27,41,27,37,148,28,41,28,41,187,41,42,40,27,41,27,41,41,41,27,27,41,41,41,27,28,27,27,38,27,27,41,27,27,27,27,27,41,41,41,27,27,41,29,27,27,46,230,41,27,27,27,230,147,27,41,230,230,132,230,27,27,41,27,230,27,229,27,229,230,27,27,41,229,41,230,27,229,229,187,41,42,27,229,27,27,27,27,106,27,230,27,30,230,183,41,40,41,27,41,30,41,27,27,40,41,41,41,41,40,40,41,38,27,27,41,41,41,41,41,27,41,41,41,41,41,27,27,27,41,27,27,27,27,95,27,41,27,41,27,38,27,27,41,27,229,150,230,41,27,41,169,27,230,42,27,29,27,29,27,230,30,27,29,41,27,27,230,229,130,41,27,27,41,169,27,37,41,41,41,27,41,41,27,40,41,41,39,32,41,27,28,30,27,41,198,107,28,229,230,27,41,41,27,41,41,27,41,41,200,41,41,230,41,41,27,27,41,158,27,41,27,41,41,39,27,27,27,27,27,230,27,41,108,41,27,27,27,27,27,27,29,229,27,41,36,27,41,27,41,27,41,41,41,27,41,41,27,27,38,38,38,27,41,27,27,41,41,41,41,27,36,36,37,27,40,41,27,41,27,41,41,27,41,27,41,41,41,29,27,33,41,41,41,41,27,41,41,27,27,41,27,41,29,64,27,27,41,41,41,27,229,27,229,27,41,41,40,27,40,41,41,41,40,229,31,41,27,41,30,27,27,27,38,27,28,27,27,27,41,27,41,27,27,30,41,27,27,41,38,27,41,27,41,41,41,41,27,37,41,29,41,41,41,27,41,41,36,36,27,41,27,36,27,38,27,27,40,36,41,41,38,41,41,37,27,41,68,128,43,27,229,27,41,27,41,41,27,41,41,27,41,27,41,27,41,27,27,41,27,27,27,41,27,41,27,27,27,40,27,27,27,41,41,41,27,41,27,41,41,41,41,41,27,41,41,29,41,27,27,27,30,41,27,27,39,27,27,27,41,41,41,41,41,41,41,41,41,41,41,27,29,27,41,27,40,41,41,41,27,27,27,41,27,41,27,41,27,41,27,27,36,41,27,30,27,41,37,41,27,41,41,41,28,27,41,41,41,41,41,41,41,41,41,41,41,41,28,41,41,29,41,41,39,41,41,41,41,41,41,41,27,27,27,41,27,41,27,27,27,27,27,27,27,41,27,41,27,39,27,41,27,30,27,27,27,41,27,41,41,29,41,41,27,41,41,36,41,41,41,41,41,41,41,27,29,41,41,41,27,41,27,27,36,41,28,27,41,27,27,41,41,36,41,34,37,229,229,27,28,27,41,27,41,87,27,27,41,200,27,27,27,41,41,27
79,59,230,229,27,27,229,211,27,229,87,27,41,41,27,27,41,41,41,41,34,27,27,27,27,27,27,27,41,41,27,27,28,27,41,41,27,41,27,41,41,27,41,27,41,27,41,41,27,29,27,41,27,41,27,41,41,27,41,41,41,27,41,27,41,38,41,41,41,27,41,27,27,27,41,41,27,27,41,40,27,27,27,27,229,27,229,27,27,27,27,27,229,202,27,216,230,41,39,27,148,230,43,27,229,27,46,27,229,41,229,41,41,144,203,57,160,27,27,203,27,27,27,229,27,41,29,30,27,27,27,41,27,27,27,27,27,27,27,27,156,41,41,41,27,27,41,190,213,41,228,41,41,27,57,72,33,28,158,27,27,27,36,192,41,41,27,29,230,27,27,27,37,72,27,229,29,27,229,229,211,27,27,27,27,27,100,41,205,27,33,27,27,33,27,27,41,41,27,27,50,229,27,41,229,41,167,41,27,227,27,41,41,41,27,41,41,41,27,41,27,41,27,27,27,27,41,27,27,27,27,27,27,27,27,27,27,27,27,77,27,27,27,230,230,230,230,230,27,228,27,27,41,41,27,230,230,27,27,27,188,27,230,27,230,27,230,230,194,230,135,40,183,42,42,41,27,41,27,41,32,74,27,27,27,41,27,27,41,35,40,73,229,230,27,229,41,39,29,41,69,230,27,230,229,27,229,230,27,230,229,41,41,230,41,229,229,41,41,27,27,27,27,27,27,27,27,27,27,27,41,41,27,27,27,27,27,27,27,38,39,30,27,41,27,41,40,41,41,27,41,41,41,41,41,41,41,41,41,27,41,41,41,27,41,41,41,41,27,41,27,153,41,41,41,41,41,41,230,40,85,27,27,27,32,27,41,230,188,104,27,41,27,27,41,27,82,27,41,148,36,41,36,41,230,41,87,35,27,41,27,41,41,41,27,27,41,41,41,27,28,27,27,41,27,27,41,27,27,27,27,27,41,41,41,27,27,41,39,29,27,43,191,36,41,27,27,230,214,27,41,230,230,55,230,27,27,41,27,230,27,229,27,229,230,27,27,41,229,41,230,27,229,229,230,41,90,27,229,27,27,27,27,230,27,230,27,27,221,183,41,41,41,27,41,38,41,27,27,32,41,41,41,41,36,36,41,30,27,27,41,41,41,41,41,27,41,41,41,41,41,27,27,27,41,27,27,27,27,95,27,41,27,57,27,41,27,27,41,27,229,72,230,41,27,41,145,27,229,91,27,27,30,27,27,230,27,27,35,41,27,27,230,229,174,41,27,27,41,169,27,40,41,41,41,27,41,41,27,40,41,41,33,41,41,27,40,37,27,41,198,193,27,229,230,27,41,41,27,41,41,27,56,41,79,41,41,230,41,41,27,30,41,31,27,41,27,41,41,39,27,27,27,27,27,230,27,27,221,106,27,27,27,27,27,27,39,229,27,41,36,27,41,27,41,27,41,41,41,27,41,41,27,27,41,41,30,27,41,27,27,41,41,41,41,27,41,27,40,27,41,41,27,41,27,41,41,27,41,27,41,41,85,39,27,39,28,41,41,41,30,41,41,27,29,41,27,41,39,48,27,29,41,41,41,41,70,27,229,27,41,41,41,27,35,41,41,41,41,229,31,41,27,41,37,27,27,27,41,27,27,27,27,27,41,27,27,27,27,29,41,27,27,41,30,36,41,27,41,41,41,41,27,41,41,35,41,41,41,27,41,41,40,40,27,41,27,41,27,30,27,27,35,27,41,40,41,41,36,37,27,41,40,199,111,27,229,27,41,27,41,41,27,41,41,27,41,27,41,27,41,27,27,41,30,27,27,40,27,41,27,27,27,41,27,27,27,41,41,41,27,41,27,41,41,41,41,41,27,41,41,38,41,27,27,27,37,41,27,27,39,27,27,27,41,41,41,41,41,41,41,41,41,41,41,36,27,27,41,27,36,39,39,41,27,27,27,41,27,41,41,41,28,41,27,27,27,41,27,38,27,41,41,41,27,41,40,41,27,27,41,41,41,41,41,41,41,41,41,41,41,41,35,41,41,35,41,41,30,41,41,41,41,41,41,41,27,27,27,41,27,41,27,27,27,27,27,27,27,41,27,41,27,29,27,41,27,27,27,31,30,41,27,41,41,33,41,41,27,41,41,41,41,41,39,41,41,36,41,27,27,41,41,41,27,41,27,27,41,41,35,27,41,27,27,41,41,27,41,34,30,229,96,28,33,27,41,27,41,87,44,27,41,118,27,27,27,41,41,27
79,59,230,229,27,27,229,211,27,229,87,27,41,41,27,27,41,41,41,41,34,27,27,27,27,27,27,27,41,41,27,27,28,27,41,41,27,41,27,41,41,27,41,27,41,27,41,41,27,29,27,41,27,41,27,41,41,27,41,41,41,27,41,27,41,38,41,41,41,27,41,27,27,27,41,41,27,27,41,40,27,27,27,27,229,27,229,27,27,27,27,27,229,202,27,216,230,41,39,27,148,230,43,27,229,27,46,27,229,41,229,41,41,144,203,57,160,27,27,203,27,27,27,229,27,41,29,30,27,27,27,41,27,27,27,27,27,27,27,27,156,41,41,41,27,27,41,190,213,41,228,41,41,27,57,72,33,28,158,27,27,27,36,192,41,41,27,29,230,27,27,27,37,72,27,229,29,27,229,229,211,27,27,27,27,27,100,41,205,27,33,27,27,33,27,27,41,41,27,27,50,229,27,41,229,41,167,41,27,227,27,41,41,41,27,41,41,41,27,41,27,41,27,27,27,27,41,27,27,27,27,27,27,27,27,27,27,27,27,77,27,27,27,230,230,230,230,230,27,228,27,27,41,41,27,230,230,27,27,27,188,27,230,27,230,27,230,230,194,230,135,40,183,42,42,41,27,41,27,41,32,74,27,27,27,41,27,27,41,35,40,73,229,230,27,229,41,39,29,41,69,230,27,230,229,27,229,230,27,230,229,41,41,230,41,229,229,41,41,27,27,27,27,27,27,27,27,27,27,27,41,41,27,27,27,27,27,27,27,38,39,30,27,41,27,41,40,41,41,27,41,41,41,41,41,41,41,41,41,27,41,41,41,27,41,41,41,41,27,41,27,153,41,41,41,41,41,41,230,40,85,27,27,27,32,27,41,230,188,104,27,41,27,27,41,27,82,27,41,148,36,41,36,41,230,41,87,35,27,41,27,41,41,41,27,27,41,41,41,27,28,27,27,41,27,27,41,27,27,27,27,27,41,41,41,27,27,41,39,29,27,43,191,36,41,27,27,230,214,27,41,230,230,55,230,27,27,41,27,230,27,229,27,229,230,27,27,41,229,41,230,27,229,229,230,41,90,27,229,27,27,27,27,230,27,230,27,27,221,183,41,41,41,27,41,38,41,27,27,32,41,41,41,41,36,36,41,30,27,27,41,41,41,41,41,27,41,41,41,41,41,27,27,27,41,27,27,27,27,95,27,41,27,57,27,41,27,27,41,27,229,72,230,41,27,41,145,27,229,91,27,27,30,27,27,230,27,27,35,41,27,27,230,229,174,41,27,27,41,169,27,40,41,41,41,27,41,41,27,40,41,41,33,41,41,27,40,37,27,41,198,193,27,229,230,27,41,41,27,41,41,27,56,41,79,41,41,230,41,41,27,30,41,31,27,41,27,41,41,39,27,27,27,27,27,230,27,27,221,106,27,27,27,27,27,27,39,229,27,41,36,27,41,27,41,27,41,41,41,27,41,41,27,27,41,41,30,27,41,27,27,41,41,41,41,27,41,27,40,27,41,41,27,41,27,41,41,27,41,27,41,41,85,39,27,39,28,41,41,41,30,41,41,27,29,41,27,41,39,48,27,29,41,41,41,41,70,27,229,27,41,41,41,27,35,41,41,41,41,229,31,41,27,41,37,27,27,27,41,27,27,27,27,27,41,27,27,27,27,29,41,27,27,41,30,36,41,27,41,41,41,41,27,41,41,35,41,41,41,27,41,41,40,40,27,41,27,41,27,30,27,27,35,27,41,40,41,41,36,37,27,41,40,199,111,27,229,27,41,27,41,41,27,41,41,27,41,27,41,27,41,27,27,41,30,27,27,40,27,41,27,27,27,41,27,27,27,41,41,41,27,41,27,41,41,41,41,41,27,41,41,38,41,27,27,27,37,41,27,27,39,27,27,27,41,41,41,41,41,41,41,41,41,41,41,36,27,27,41,27,36,39,39,41,27,27,27,41,27,41,41,41,28,41,27,27,27,41,27,38,27,41,41,41,27,41,40,41,27,27,41,41,41,41,41,41,41,41,41,41,41,41,35,41,41,35,41,41,30,41,41,41,41,41,41,41,27,27,27,41,27,41,27,27,27,27,27,27,27,41,27,41,27,29,27,41,27,27,27,31,30,41,27,41,41,33,41,41,27,41,41,41,41,41,39,41,41,36,41,27,27,41,41,41,27,41,27,27,41,41,35,27,41,27,27,41,41,27,41,34,30,229,96,28,33,27,41,27,41,87,44,27,41,118,27,27,27,41,41,27
27,142,230,230,27,27,229,229,27,229,87,27,39,41,36,27,41,41,41,41,34,27,41,27,27,27,27,27,41,41,27,27,40,27,41,41,27,41,30,41,41,35,41,27,41,27,41,41,27,27,27,41,29,41,27,41,41,27,41,41,41,29,41,27,41,30,41,41,41,27,41,27,27,27,41,41,27,41,41,40,27,27,27,27,229,27,229,27,30,27,27,27,229,116,27,229,230,41,29,27,148,47,89,27,229,27,65,27,229,41,229,41,41,213,58,153,27,27,27,203,27,27,27,229,27,41,39,27,27,27,27,41,27,27,27,27,27,27,27,27,156,41,41,41,27,27,41,229,229,41,229,27,41,27,27,41,27,27,33,27,27,27,41,230,41,41,27,35,230,27,27,40,41,229,27,229,35,27,229,229,230,27,27,27,27,27,27,41,205,27,28,27,41,39,27,27,41,41,27,27,27,229,27,42,229,41,151,41,27,229,27,41,41,41,28,41,41,41,27,41,27,41,27,27,27,27,41,27,27,27,27,27,27,27,27,27,27,27,27,77,27,27,27,230,230,230,230,230,27,228,27,27,41,41,27,230,230,27,27,27,227,27,230,27,230,27,230,230,74,230,132,35,229,45,90,41,28,73,29,41,39,185,27,27,27,41,27,27,41,50,41,27,229,199,27,229,41,41,41,41,69,230,27,230,220,36,229,230,27,230,229,41,41,229,41,229,229,41,41,27,27,30,27,27,27,27,27,27,27,27,41,41,27,27,27,27,27,27,27,41,39,38,27,41,27,38,35,41,41,29,41,41,41,41,41,41,41,41,41,27,41,41,41,27,41,41,41,35,27,41,28,220,41,41,41,230,40,41,230,36,117,27,27,27,27,27,41,230,86,41,27,41,27,27,41,27,187,28,41,148,41,41,41,41,200,41,184,30,27,41,27,41,41,41,27,27,41,41,41,27,28,27,27,41,27,27,38,27,27,27,27,27,41,41,27,27,27,41,41,38,27,41,73,27,41,27,27,230,229,27,41,230,230,27,218,27,27,63,27,160,27,229,30,230,230,27,27,41,229,41,177,30,229,229,230,41,184,27,229,27,42,27,27,230,27,230,27,27,114,183,41,41,40,27,41,41,41,27,27,28,40,41,41,41,29,29,41,27,27,27,47,41,41,41,41,27,41,41,41,41,37,27,27,27,39,29,27,27,27,27,27,41,27,207,27,41,27,27,41,27,229,41,230,41,27,41,45,27,229,184,27,27,38,27,27,41,27,27,40,41,27,27,230,229,214,41,27,27,62,169,27,41,41,41,41,27,41,41,30,40,41,41,28,41,41,27,41,41,27,41,198,229,27,229,230,27,41,41,27,41,41,27,212,41,42,41,41,230,41,55,27,38,41,27,27,41,28,41,41,39,27,27,27,27,27,27,27,27,230,230,27,27,27,27,27,27,41,198,27,41,36,27,41,27,41,30,41,41,41,27,41,41,27,27,41,41,27,27,41,27,27,41,41,41,41,27,41,27,41,27,41,41,27,41,27,41,41,27,41,27,41,41,184,41,27,41,27,41,41,41,37,41,41,27,39,41,27,41,41,41,27,38,41,41,41,41,229,27,206,27,41,41,41,27,28,41,41,41,41,229,31,39,27,41,41,27,27,27,41,27,27,27,27,27,41,27,27,27,27,27,41,35,29,41,27,41,41,27,41,41,41,41,27,41,27,40,41,38,41,27,41,41,41,41,27,41,27,41,27,27,27,28,29,27,41,36,39,41,27,37,27,27,41,230,199,27,186,27,41,27,41,41,35,41,41,27,41,27,41,27,41,27,27,41,37,27,27,31,27,41,27,27,27,41,27,27,27,41,41,41,27,41,29,41,41,41,41,41,27,41,41,41,41,27,27,27,27,41,27,27,39,27,27,27,41,41,41,41,41,41,41,41,41,41,41,41,27,27,41,27,28,29,29,41,29,27,27,41,27,41,41,41,40,41,27,27,27,40,27,41,27,41,41,41,27,41,33,41,27,27,41,41,41,41,41,41,32,41,41,41,41,41,40,41,41,40,41,41,27,41,41,41,41,41,41,41,27,27,29,41,27,41,27,27,27,41,27,27,27,41,27,27,27,27,27,39,27,27,27,33,38,38,27,41,41,37,41,38,28,40,41,41,41,41,30,41,41,27,41,27,27,41,41,41,27,41,27,27,41,41,40,27,41,27,27,41,41,27,41,34,27,229,27,39,38,27,38,27,41,87,110,27,41,46,27,27,27,41,41,27
27,211,230,230,27,27,229,229,27,229,87,27,29,41,41,27,41,41,41,41,34,27,41,27,27,27,27,27,41,41,27,27,41,27,38,41,27,41,38,41,41,36,41,27,41,27,41,41,27,27,27,41,34,41,27,41,41,27,41,41,41,35,36,27,41,27,41,41,41,27,41,27,27,27,41,41,27,41,41,41,76,27,27,27,229,27,229,27,38,27,27,27,229,45,27,229,230,41,27,27,148,41,185,27,229,27,210,27,229,41,229,38,41,229,27,219,27,27,27,203,27,27,30,214,27,41,41,27,27,31,27,41,27,27,27,27,27,27,27,27,156,72,41,41,27,27,41,229,229,41,229,27,41,27,27,41,27,27,27,27,27,27,41,230,41,41,27,40,194,27,27,41,43,229,27,229,39,27,229,229,230,27,27,41,27,27,27,41,205,27,27,27,41,41,27,27,41,41,27,27,27,229,27,80,229,41,42,41,27,229,27,41,41,41,35,41,40,41,27,41,27,41,27,27,27,27,41,27,27,27,27,27,27,27,27,27,27,27,27,77,27,27,27,230,230,230,230,230,27,228,27,27,41,40,27,47,230,27,29,27,230,27,193,27,230,27,196,193,27,230,132,28,229,92,184,40,34,182,34,41,41,229,27,27,27,41,30,27,41,50,41,27,201,117,27,229,41,41,41,41,69,230,27,230,45,211,230,230,27,230,229,42,40,229,41,229,229,52,41,27,27,38,27,27,27,27,27,29,27,27,41,41,27,27,27,27,27,27,27,41,39,41,27,41,27,30,29,41,41,41,41,41,41,41,41,41,41,41,41,27,41,36,41,28,41,41,41,28,27,41,35,230,41,41,41,230,35,41,191,29,180,27,27,32,27,27,52,230,41,27,27,41,27,27,229,27,229,33,41,148,41,41,41,41,80,41,230,27,27,41,27,41,41,41,27,27,41,41,41,27,28,27,27,41,27,27,30,27,27,27,27,27,38,41,27,27,27,41,41,41,27,41,42,27,41,27,27,226,229,27,41,230,193,27,150,27,27,147,27,160,27,230,38,230,185,27,27,41,230,41,175,38,229,229,230,42,230,27,229,27,107,27,27,230,27,230,27,27,38,153,41,41,29,27,41,41,27,27,27,27,28,41,41,41,27,27,27,27,27,27,82,41,41,41,41,27,41,41,41,41,30,27,27,27,30,38,27,27,27,27,27,41,27,229,27,41,27,27,56,27,229,41,230,42,27,74,27,27,229,230,27,27,41,27,27,41,27,27,41,41,27,27,230,229,229,41,27,50,154,169,27,41,41,41,41,27,41,41,38,40,27,41,27,41,41,27,41,41,28,41,174,229,27,230,230,27,41,41,27,41,41,27,230,41,41,41,42,230,41,144,27,41,41,27,27,41,36,41,41,39,27,27,27,27,27,27,27,27,230,230,27,27,27,27,27,27,41,60,27,41,36,27,41,27,41,39,41,40,41,27,41,41,30,27,41,41,27,27,41,27,27,41,41,41,41,28,41,27,41,27,39,41,27,41,36,38,41,27,41,27,41,41,230,41,27,41,27,41,41,41,41,41,41,27,41,41,27,41,41,41,27,41,41,41,41,41,229,27,74,27,41,41,41,27,27,41,41,41,41,47,31,29,27,37,41,27,27,27,41,27,27,27,27,27,41,27,27,27,27,27,41,41,35,41,27,41,41,27,41,41,41,41,27,41,27,41,38,31,41,27,41,41,41,41,27,41,27,41,27,27,27,35,27,27,41,29,41,41,27,37,27,27,27,230,230,27,77,27,41,27,41,41,40,41,41,27,32,27,41,30,41,27,27,41,41,27,27,27,27,41,27,27,27,41,27,27,27,41,41,41,27,41,38,41,41,41,41,41,27,41,41,41,41,27,27,27,27,41,27,27,39,27,27,27,41,41,41,41,41,41,41,41,41,41,41,41,27,27,41,27,27,27,27,41,39,27,27,41,27,41,41,41,41,41,27,27,27,37,27,41,27,41,41,41,27,41,28,41,27,27,41,41,41,41,41,41,27,41,41,40,41,41,41,41,41,41,41,41,27,41,41,41,40,41,41,41,27,27,39,41,27,39,27,27,27,41,27,27,27,41,27,27,27,27,27,30,27,27,27,33,41,30,29,41,27,39,41,31,35,35,41,41,41,41,27,41,41,27,41,27,27,41,41,41,27,41,27,27,41,41,41,27,41,27,27,41,41,27,41,34,27,229,27,41,41,27,31,27,41,87,195,31,41,27,27,41,27,41,41,27
27,211,230,230,27,27,229,229,27,229,87,27,29,41,41,27,41,41,41,41,34,27,41,27,27,27,27,27,41,41,27,27,41,27,38,41,27,41,38,41,41,36,41,27,41,27,41,41,27,27,27,41,34,41,27,41,41,27,41,41,41,35,36,27,41,27,41,41,41,27,41,27,27,27,41,41,27,41,41,41,76,27,27,27,229,27,229,27,38,27,27,27,229,45,27,229,230,41,27,27,148,41,185,27,229,27,210,27,229,41,229,38,41,229,27,219,27,27,27,203,27,27,30,214,27,41,41,27,27,31,27,41,27,27,27,27,27,27,27,27,156,72,41,41,27,27,41,229,229,41,229,27,41,27,27,41,27,27,27,27,27,27,41,230,41,41,27,40,194,27,27,41,43,229,27,229,39,27,229,229,230,27,27,41,27,27,27,41,205,27,27,27,41,41,27,27,41,41,27,27,27,229,27,80,229,41,42,41,27,229,27,41,41,41,35,41,40,41,27,41,27,41,27,27,27,27,41,27,27,27,27,27,27,27,27,27,27,27,27,77,27,27,27,230,230,230,230,230,27,228,27,27,41,40,27,47,230,27,29,27,230,27,193,27,230,27,196,193,27,230,132,28,229,92,184,40,34,182,34,41,41,229,27,27,27,41,30,27,41,50,41,27,201,117,27,229,41,41,41,41,69,230,27,230,45,211,230,230,27,230,229,42,40,229,41,229,229,52,41,27,27,38,27,27,27,27,27,29,27,27,41,41,27,27,27,27,27,27,27,41,39,41,27,41,27,30,29,41,41,41,41,41,41,41,41,41,41,41,41,27,41,36,41,28,41,41,41,28,27,41,35,230,41,41,41,230,35,41,191,29,180,27,27,32,27,27,52,230,41,27,27,41,27,27,229,27,229,33,41,148,41,41,41,41,80,41,230,27,27,41,27,41,41,41,27,27,41,41,41,27,28,27,27,41,27,27,30,27,27,27,27,27,38,41,27,27,27,41,41,41,27,41,42,27,41,27,27,226,229,27,41,230,193,27,150,27,27,147,27,160,27,230,38,230,185,27,27,41,230,41,175,38,229,229,230,42,230,27,229,27,107,27,27,230,27,230,27,27,38,153,41,41,29,27,41,41,27,27,27,27,28,41,41,41,27,27,27,27,27,27,82,41,41,41,41,27,41,41,41,41,30,27,27,27,30,38,27,27,27,27,27,41,27,229,27,41,27,27,56,27,229,41,230,42,27,74,27,27,229,230,27,27,41,27,27,41,27,27,41,41,27,27,230,229,229,41,27,50,154,169,27,41,41,41,41,27,41,41,38,40,27,41,27,41,41,27,41,41,28,41,174,229,27,230,230,27,41,41,27,41,41,27,230,41,41,41,42,230,41,144,27,41,41,27,27,41,36,41,41,39,27,27,27,27,27,27,27,27,230,230,27,27,27,27,27,27,41,60,27,41,36,27,41,27,41,39,41,40,41,27,41,41,30,27,41,41,27,27,41,27,27,41,41,41,41,28,41,27,41,27,39,41,27,41,36,38,41,27,41,27,41,41,230,41,27,41,27,41,41,41,41,41,41,27,41,41,27,41,41,41,27,41,41,41,41,41,229,27,74,27,41,41,41,27,27,41,41,41,41,47,31,29,27,37,41,27,27,27,41,27,27,27,27,27,41,27,27,27,27,27,41,41,35,41,27,41,41,27,41,41,41,41,27,41,27,41,38,31,41,27,41,41,41,41,27,41,27,41,27,27,27,35,27,27,41,29,41,41,27,37,27,27,27,230,230,27,77,27,41,27,41,41,40,41,41,27,32,27,41,30,41,27,27,41,41,27,27,27,27,41,27,27,27,41,27,27,27,41,41,41,27,41,38,41,41,41,41,41,27,41,41,41,41,27,27,27,27,41,27,27,39,27,27,27,41,41,41,41,41,41,41,41,41,41,41,41,27,27,41,27,27,27,27,41,39,27,27,41,27,41,41,41,41,41,27,27,27,37,27,41,27,41,41,41,27,41,28,41,27,27,41,41,41,41,41,41,27,41,41,40,41,41,41,41,41,41,41,41,27,41,41,41,40,41,41,41,27,27,39,41,27,39,27,27,27,41,27,27,27,41,27,27,27,27,27,30,27,27,27,33,41,30,29,41,27,39,41,31,35,35,41,41,41,41,27,41,41,27,41,27,27,41,41,41,27,41,27,27,41,41,41,27,41,27,27,41,41,27,41,34,27,229,27,41,41,27,31,27,41,87,195,31,41,27,27,41,27,41,41,27
27,229,230,230,27,27,229,229,27,229,87,29,27,41,41,32,41,41,41,41,34,27,41,27,27,27,27,27,41,41,27,27,41,27,31,41,27,41,41,41,41,40,41,27,40,27,41,41,27,27,27,41,37,41,29,37,41,27,41,41,41,40,27,27,41,27,41,41,41,27,41,27,27,27,41,41,27,41,41,41,181,27,27,27,229,27,229,27,41,27,27,41,229,27,27,229,230,41,27,27,148,41,230,29,229,27,230,27,229,41,229,30,41,229,27,229,27,27,27,203,27,27,38,44,27,39,41,27,27,38,27,41,27,27,27,27,27,27,27,27,156,149,41,41,27,27,41,229,229,56,229,27,41,27,27,41,27,27,27,27,27,27,41,230,41,41,27,41,83,27,27,41,93,229,27,229,41,27,229,229,230,27,27,41,37,27,27,106,194,27,27,27,41,41,27,27,41,27,27,27,27,212,27,193,195,41,27,41,27,229,29,41,41,41,41,41,35,41,27,41,27,41,27,27,27,27,41,27,27,27,27,27,27,27,27,27,27,27,27,77,27,27,27,230,230,230,230,230,27,228,27,27,41,28,27,41,230,27,38,27,230,27,76,27,230,27,62,76,27,230,132,27,184,184,229,28,40,229,37,41,41,229,27,27,41,27,38,27,41,50,41,27,125,46,27,229,41,51,41,41,69,230,27,230,27,229,230,230,27,230,229,62,35,229,41,229,229,205,41,27,27,41,27,27,27,30,27,38,27,27,27,41,27,27,27,27,27,27,27,41,39,41,27,41,27,27,27,41,41,41,41,41,41,41,41,41,41,41,41,27,41,27,41,35,41,41,41,27,27,41,40,230,41,41,41,230,29,41,86,27,206,51,27,100,27,27,116,226,41,27,27,41,27,27,229,32,229,40,41,148,41,41,41,41,42,41,230,27,27,41,27,41,41,41,27,27,41,41,41,29,28,27,27,41,27,27,27,27,27,27,27,27,30,41,27,27,27,41,41,41,27,41,41,27,41,27,27,60,229,27,41,230,84,27,50,27,27,214,27,27,27,230,41,230,93,27,27,41,230,41,175,100,229,229,230,81,230,27,229,27,195,27,27,230,97,230,27,27,27,72,41,41,27,27,41,41,27,27,28,27,27,41,41,41,27,27,27,27,27,27,87,41,41,41,41,27,38,40,41,41,27,27,27,27,27,41,27,27,27,27,27,41,27,229,27,41,27,27,89,27,213,41,230,84,27,181,27,27,229,230,30,27,41,27,27,41,27,27,41,41,27,153,230,229,229,41,27,149,219,169,27,41,41,41,41,27,41,41,41,40,27,41,27,41,41,27,41,41,33,41,103,229,27,230,230,27,41,41,27,41,27,27,230,41,41,47,62,230,41,160,27,41,41,27,27,41,40,41,41,39,27,27,27,41,27,27,27,27,230,230,27,27,27,27,27,27,41,27,27,53,36,27,41,27,41,41,41,36,41,27,41,41,37,27,41,41,27,27,41,27,27,41,41,41,41,39,41,27,41,27,33,41,27,41,41,31,41,27,41,27,41,41,230,41,28,41,27,41,41,41,41,41,41,27,41,41,27,41,41,41,27,41,41,41,41,41,229,27,42,27,27,41,41,27,27,41,38,41,42,41,31,27,27,30,41,27,27,27,41,27,27,27,27,27,41,27,27,27,27,27,41,41,40,41,27,41,41,27,41,41,41,41,27,41,27,41,30,27,41,27,41,41,41,41,27,41,27,41,27,27,27,40,27,27,41,27,41,41,27,37,27,27,27,230,230,27,27,27,41,27,41,41,41,41,41,27,27,27,41,38,41,27,27,41,41,27,27,27,29,39,27,27,27,41,27,27,27,41,41,41,27,41,41,41,41,41,41,41,27,41,41,41,41,27,27,27,29,41,27,27,39,27,36,27,41,41,41,41,41,41,36,41,41,41,41,41,27,27,41,27,27,27,27,35,41,27,27,41,30,41,41,41,41,40,27,27,27,34,27,41,27,41,41,41,27,39,27,41,27,27,41,41,41,41,41,41,27,41,41,38,41,41,41,41,41,41,41,41,27,41,41,41,35,41,41,41,29,27,41,41,27,30,27,27,27,41,27,27,27,41,27,27,27,27,27,27,27,27,27,33,41,27,35,41,27,41,41,27,40,29,41,41,27,41,27,41,41,27,41,27,27,41,41,41,27,41,27,27,41,41,41,27,41,27,27,41,41,27,41,34,27,96,27,41,41,27,27,27,41,229,229,38,41,27,27,41,27,41,41,27
27,229,160,230,27,27,229,229,27,229,87,35,27,41,41,41,41,41,41,41,34,27,41,27,27,30,27,27,41,41,27,27,41,27,27,41,27,41,41,41,41,41,41,27,35,27,41,41,27,27,27,41,40,41,34,31,41,27,40,41,40,41,27,27,41,27,41,41,41,27,41,27,27,30,41,41,27,41,41,41,230,30,41,27,27,27,229,27,41,27,40,41,229,27,27,229,216,41,27,27,45,41,230,35,229,27,230,27,212,27,229,27,41,229,27,229,27,27,27,203,27,27,41,27,27,29,41,27,27,41,27,41,27,27,27,27,30,27,27,27,152,213,41,47,27,27,41,188,229,100,215,27,41,27,27,41,27,27,27,36,27,27,41,193,41,41,27,41,42,27,27,41,211,229,27,229,41,27,229,229,230,27,28,41,97,27,37,230,100,27,27,27,41,41,27,27,41,27,27,27,27,145,27,229,89,41,27,41,27,229,34,41,41,41,41,41,29,41,27,41,27,38,27,27,27,27,41,27,27,27,27,27,27,27,27,27,27,27,27,77,27,27,27,230,230,230,213,230,27,228,27,27,41,27,27,41,230,27,41,27,230,27,27,38,160,27,27,27,27,160,132,27,47,229,229,27,41,230,40,41,222,27,27,27,41,27,41,27,41,50,41,27,59,27,27,230,44,124,41,41,69,230,27,230,27,229,230,230,27,230,229,203,29,229,40,229,229,229,41,27,27,41,27,27,27,38,27,41,27,27,27,41,27,27,27,27,27,27,27,41,39,41,27,41,27,27,27,41,41,41,41,41,41,41,41,41,41,41,41,27,41,27,41,40,41,41,40,27,27,41,41,229,41,41,41,230,27,41,42,27,206,194,27,217,27,27,208,210,41,27,27,41,27,27,229,41,229,41,41,129,41,41,37,39,41,41,230,27,27,40,27,41,41,41,27,27,41,41,41,35,28,30,27,41,27,27,27,27,27,27,27,27,27,41,27,27,27,41,41,41,27,41,41,27,41,27,27,41,228,27,38,230,42,27,27,27,27,230,27,27,27,230,41,230,42,27,27,41,230,27,175,230,229,229,230,189,230,27,229,27,230,27,27,230,230,230,27,27,27,27,41,41,27,27,41,41,27,41,39,27,27,41,41,41,27,27,27,27,27,27,87,41,40,40,41,27,30,36,40,41,27,41,27,27,27,41,27,27,27,27,27,106,27,229,27,41,27,27,135,41,150,41,230,188,27,229,27,27,164,230,37,27,41,27,27,41,27,27,41,41,34,160,230,230,229,41,27,217,230,169,27,41,41,41,41,27,41,41,41,40,27,41,27,41,41,27,41,41,39,41,42,229,27,230,230,40,41,41,27,41,27,27,230,41,41,230,204,230,41,161,27,41,38,27,27,41,41,41,36,39,27,27,27,41,27,27,27,27,230,230,27,27,27,27,27,27,41,27,27,113,36,27,41,27,41,41,41,28,41,27,41,41,41,30,41,41,27,27,32,36,27,41,32,41,41,41,41,27,41,27,28,41,30,41,41,27,41,27,41,27,38,41,230,41,32,41,27,41,41,41,41,41,40,28,41,41,27,41,41,41,27,41,41,41,41,39,229,27,41,27,27,41,59,29,27,41,29,41,68,41,31,27,27,27,41,27,27,27,41,27,27,27,27,27,41,27,27,27,27,27,41,41,41,41,27,41,41,27,41,41,41,41,27,41,27,41,27,27,41,27,41,41,41,41,27,41,27,41,27,27,27,41,27,27,41,27,41,41,27,37,27,27,27,230,230,27,27,27,41,27,41,29,41,27,39,27,27,27,41,41,41,27,27,41,41,29,27,27,41,27,27,27,27,41,27,27,28,41,41,40,27,41,41,41,41,41,41,41,27,41,41,41,41,27,27,27,36,41,27,27,39,27,41,29,41,36,41,41,41,41,27,41,41,41,41,41,27,29,41,27,27,27,27,28,41,27,29,41,37,41,41,41,41,35,27,27,27,29,27,41,27,41,41,41,27,29,27,41,27,27,41,41,41,41,41,41,27,41,41,36,41,41,41,41,41,41,41,41,27,41,35,41,29,41,41,41,35,27,41,41,27,27,27,27,27,41,27,27,27,41,27,27,27,27,27,27,27,27,27,33,41,27,40,41,41,34,41,27,41,27,41,41,27,41,27,41,41,27,41,27,27,41,40,41,27,41,27,27,41,41,41,27,41,27,27,41,41,27,41,34,27,27,27,41,41,27,27,27,41,229,229,41,41,27,27,41,27,41,38,27
27,229,160,230,27,27,229,229,27,229,87,35,27,41,41,41,41,41,41,41,34,27,41,27,27,30,27,27,41,41,27,27,41,27,27,41,27,41,41,41,41,41,41,27,35,27,41,41,27,27,27,41,40,41,34,31,41,27,40,41,40,41,27,27,41,27,41,41,41,27,41,27,27,30,41,41,27,41,41,41,230,30,41,27,27,27,229,27,41,27,40,41,229,27,27,229,216,41,27,27,45,41,230,35,229,27,230,27,212,27,229,27,41,229,27,229,27,27,27,203,27,27,41,27,27,29,41,27,27,41,27,41,27,27,27,27,30,27,27,27,152,213,41,47,27,27,41,188,229,100,215,27,41,27,27,41,27,27,27,36,27,27,41,193,41,41,27,41,42,27,27,41,211,229,27,229,41,27,229,229,230,27,28,41,97,27,37,230,100,27,27,27,41,41,27,27,41,27,27,27,27,145,27,229,89,41,27,41,27,229,34,41,41,41,41,41,29,41,27,41,27,38,27,27,27,27,41,27,27,27,27,27,27,27,27,27,27,27,27,77,27,27,27,230,230,230,213,230,27,228,27,27,41,27,27,41,230,27,41,27,230,27,27,38,160,27,27,27,27,160,132,27,47,229,229,27,41,230,40,41,222,27,27,27,41,27,41,27,41,50,41,27,59,27,27,230,44,124,41,41,69,230,27,230,27,229,230,230,27,230,229,203,29,229,40,229,229,229,41,27,27,41,27,27,27,38,27,41,27,27,27,41,27,27,27,27,27,27,27,41,39,41,27,41,27,27,27,41,41,41,41,41,41,41,41,41,41,41,41,27,41,27,41,40,41,41,40,27,27,41,41,229,41,41,41,230,27,41,42,27,206,194,27,217,27,27,208,210,41,27,27,41,27,27,229,41,229,41,41,129,41,41,37,39,41,41,230,27,27,40,27,41,41,41,27,27,41,41,41,35,28,30,27,41,27,27,27,27,27,27,27,27,27,41,27,27,27,41,41,41,27,41,41,27,41,27,27,41,228,27,38,230,42,27,27,27,27,230,27,27,27,230,41,230,42,27,27,41,230,27,175,230,229,229,230,189,230,27,229,27,230,27,27,230,230,230,27,27,27,27,41,41,27,27,41,41,27,41,39,27,27,41,41,41,27,27,27,27,27,27,87,41,40,40,41,27,30,36,40,41,27,41,27,27,27,41,27,27,27,27,27,106,27,229,27,41,27,27,135,41,150,41,230,188,27,229,27,27,164,230,37,27,41,27,27,41,27,27,41,41,34,160,230,230,229,41,27,217,230,169,27,41,41,41,41,27,41,41,41,40,27,41,27,41,41,27,41,41,39,41,42,229,27,230,230,40,41,41,27,41,27,27,230,41,41,230,204,230,41,161,27,41,38,27,27,41,41,41,36,39,27,27,27,41,27,27,27,27,230,230,27,27,27,27,27,27,41,27,27,113,36,27,41,27,41,41,41,28,41,27,41,41,41,30,41,41,27,27,32,36,27,41,32,41,41,41,41,27,41,27,28,41,30,41,41,27,41,27,41,27,38,41,230,41,32,41,27,41,41,41,41,41,40,28,41,41,27,41,41,41,27,41,41,41,41,39,229,27,41,27,27,41,59,29,27,41,29,41,68,41,31,27,27,27,41,27,27,27,41,27,27,27,27,27,41,27,27,27,27,27,41,41,41,41,27,41,41,27,41,41,41,41,27,41,27,41,27,27,41,27,41,41,41,41,27,41,27,41,27,27,27,41,27,27,41,27,41,41,27,37,27,27,27,230,230,27,27,27,41,27,41,29,41,27,39,27,27,27,41,41,41,27,27,41,41,29,27,27,41,27,27,27,27,41,27,27,28,41,41,40,27,41,41,41,41,41,41,41,27,41,41,41,41,27,27,27,36,41,27,27,39,27,41,29,41,36,41,41,41,41,27,41,41,41,41,41,27,29,41,27,27,27,27,28,41,27,29,41,37,41,41,41,41,35,27,27,27,29,27,41,27,41,41,41,27,29,27,41,27,27,41,41,41,41,41,41,27,41,41,36,41,41,41,41,41,41,41,41,27,41,35,41,29,41,41,41,35,27,41,41,27,27,27,27,27,41,27,27,27,41,27,27,27,27,27,27,27,27,27,33,41,27,40,41,41,34,41,27,41,27,41,41,27,41,27,41,41,27,41,27,27,41,40,41,27,41,27,27,41,41,41,27,41,27,27,41,41,27,41,34,27,27,27,41,41,27,27,27,41,229,229,41,41,27,27,41,27,41,38,27
27,229,27,230,27,27,229,229,27,229,87,40,27,41,41,41,41,41,41,41,34,27,41,41,27,38,27,27,41,41,27,27,41,27,27,41,27,41,41,41,41,41,41,27,29,27,41,41,27,27,27,41,41,41,37,27,41,27,35,40,35,41,27,27,41,27,41,41,41,30,41,27,27,38,41,41,27,41,41,41,230,38,41,27,27,27,229,27,41,27,108,41,230,27,27,229,104,39,27,27,41,41,230,40,212,27,230,27,145,27,229,27,41,229,27,229,27,27,27,203,27,27,41,27,27,27,41,27,27,41,27,41,27,27,27,27,38,27,27,27,36,229,41,229,27,27,41,81,226,116,147,27,41,27,27,41,27,27,27,41,27,27,41,85,41,41,27,42,41,27,28,43,230,229,27,229,42,27,229,229,188,30,89,41,185,27,97,230,37,27,27,27,41,41,28,28,41,27,30,27,27,60,27,229,42,41,27,41,27,227,37,41,41,41,41,41,27,41,30,41,27,30,27,27,27,27,41,27,27,27,27,27,64,27,27,27,27,27,27,77,27,27,27,230,230,230,45,230,60,228,27,27,41,27,27,41,230,27,41,27,227,27,27,210,27,27,27,27,27,27,132,27,41,229,229,27,41,230,41,41,169,27,27,27,41,27,41,27,38,50,45,27,41,27,27,230,107,222,41,41,69,230,27,230,27,229,230,230,27,230,229,230,27,229,35,229,27,230,46,27,27,41,27,27,27,41,27,41,27,27,27,41,27,27,27,27,27,27,27,41,39,41,27,41,27,27,27,41,41,41,41,41,41,41,41,41,41,41,41,27,41,27,41,41,41,41,28,27,27,41,41,207,38,41,41,230,27,41,41,27,206,230,32,230,27,27,230,205,41,27,32,41,27,27,229,41,229,41,41,82,41,41,41,30,41,41,230,27,27,36,27,41,41,41,27,30,41,41,41,40,28,37,27,41,27,27,27,27,27,27,27,27,27,41,27,27,27,40,41,55,27,41,41,27,41,27,27,41,224,27,30,230,41,27,27,29,29,230,27,27,27,230,41,230,41,27,48,39,230,27,175,230,229,229,229,230,230,27,212,27,230,27,27,230,230,230,33,27,27,27,39,41,27,41,39,41,27,41,41,27,27,51,41,27,27,27,27,27,27,27,87,41,37,35,41,27,27,29,36,41,27,41,27,27,27,41,27,27,27,27,27,229,27,229,27,41,27,27,197,41,72,37,230,230,27,230,27,27,41,230,41,27,41,27,29,41,27,27,42,41,99,226,163,230,229,38,27,229,230,169,27,41,41,41,41,27,41,41,41,40,27,41,27,41,41,27,41,41,41,41,27,229,27,230,205,41,41,41,27,41,27,27,218,41,41,230,230,230,41,161,27,41,30,27,27,41,41,41,27,39,27,27,27,41,27,27,27,27,216,230,27,27,27,27,27,27,41,27,27,199,36,27,41,30,41,41,41,27,41,27,41,41,41,37,41,41,27,27,27,41,27,41,27,41,41,41,41,27,41,31,27,41,38,41,41,27,41,27,41,27,31,38,230,41,39,41,27,41,41,41,41,38,32,32,41,32,27,41,41,41,28,41,41,41,41,27,229,27,41,29,27,40,211,39,27,41,27,41,196,41,31,27,27,27,41,27,27,27,41,27,27,27,27,30,41,27,27,27,27,27,41,41,41,41,27,41,41,27,41,41,41,41,27,41,27,41,27,27,41,27,41,41,41,41,27,41,27,41,27,27,27,41,27,27,41,27,41,41,27,53,27,27,27,230,230,27,27,27,39,27,41,27,41,27,33,27,27,27,41,41,41,27,27,41,41,36,27,27,41,27,27,27,27,41,27,27,35,41,41,33,27,41,41,41,41,41,41,41,27,41,41,41,41,27,27,38,41,41,27,27,39,28,41,38,39,27,41,27,41,41,27,41,41,41,41,41,27,35,41,27,27,27,27,27,41,27,38,41,41,38,41,41,41,29,27,27,27,27,27,41,27,27,41,27,27,27,27,41,27,27,41,41,39,41,41,40,27,41,41,35,41,41,41,41,38,41,41,41,27,36,28,41,27,41,41,41,37,27,41,41,28,27,27,27,27,41,27,27,27,30,27,27,27,27,27,27,27,27,27,33,41,27,41,41,41,37,41,27,41,27,41,41,27,41,27,41,41,27,41,27,27,41,35,41,27,41,27,27,41,41,41,27,39,27,27,41,41,27,41,35,27,27,27,41,41,27,27,27,41,229,229,41,41,27,27,41,41,38,30,30
27,229,27,230,27,27,229,229,27,229,87,41,27,41,41,41,41,41,41,41,34,27,41,41,27,41,27,27,41,41,27,27,41,27,27,41,27,41,41,41,38,41,36,27,27,27,41,41,27,27,27,41,41,41,39,27,41,27,29,36,29,41,27,27,41,27,41,41,41,37,41,27,27,41,41,41,27,41,41,46,230,41,41,27,27,27,229,41,41,27,202,41,230,27,27,230,35,29,27,29,41,41,230,41,144,27,230,27,61,27,229,27,41,229,27,229,27,27,27,203,27,27,41,27,27,27,41,27,27,41,27,39,27,27,27,27,41,27,27,27,36,229,40,229,27,28,41,41,157,117,53,27,41,27,27,41,27,27,27,41,27,29,47,42,41,41,27,81,41,27,52,41,97,229,27,229,87,27,178,229,71,38,202,42,205,27,184,230,27,29,27,27,41,41,33,33,27,27,37,27,27,27,27,229,41,41,27,41,27,52,40,41,41,41,41,41,27,41,37,41,27,27,27,27,27,27,41,27,27,27,27,27,175,27,27,27,27,27,27,77,33,34,27,230,230,230,27,213,127,228,30,27,41,27,27,41,230,27,41,27,188,27,27,229,27,27,27,27,27,27,132,27,41,229,229,27,42,216,41,41,66,27,27,27,41,27,41,27,30,50,108,27,41,27,27,230,222,43,41,27,69,230,27,229,27,229,230,230,27,230,229,230,27,229,29,229,27,230,61,27,27,53,27,27,27,41,27,41,27,27,27,41,27,27,27,27,27,27,27,41,39,41,27,41,27,27,27,39,41,41,41,41,41,41,41,41,40,41,41,27,41,27,41,41,41,41,27,27,27,41,41,66,30,41,41,47,27,41,41,27,206,230,100,230,27,27,230,205,41,27,58,41,30,27,229,41,229,41,41,43,47,41,41,27,41,41,190,27,27,29,27,41,41,41,27,37,41,41,41,41,28,41,27,41,27,27,27,27,27,27,27,27,27,41,27,27,27,32,41,108,27,41,41,27,164,27,27,41,188,27,27,230,41,27,27,38,35,230,27,27,27,230,41,230,41,27,147,29,230,27,175,230,229,229,229,230,230,27,145,27,230,27,27,27,230,230,101,27,27,27,33,41,27,37,33,41,27,41,41,27,27,220,41,27,27,27,27,27,27,27,87,41,34,29,41,27,27,27,28,41,27,41,41,27,27,41,27,27,27,27,27,229,27,218,27,41,27,27,229,41,41,30,230,230,27,230,27,27,41,229,41,27,41,27,35,41,27,27,74,40,141,229,34,230,229,30,41,229,230,169,27,41,41,41,41,36,41,41,41,40,27,41,27,41,41,27,41,41,41,41,27,229,27,230,116,41,41,41,27,41,27,27,126,41,41,230,230,230,41,161,27,41,27,27,27,41,41,41,27,41,27,27,27,41,27,27,27,27,46,230,27,27,27,27,27,27,50,27,41,229,37,29,41,37,41,41,41,27,40,27,41,41,41,41,41,41,27,27,27,41,30,41,27,41,41,41,41,27,41,41,27,41,41,41,41,27,38,27,41,27,27,31,182,41,41,77,27,41,41,41,41,30,28,40,41,27,27,41,41,41,35,41,41,41,41,27,211,28,41,35,27,37,229,41,27,41,27,41,229,41,31,27,27,27,41,27,27,27,41,27,27,27,27,37,41,27,27,27,27,27,41,41,41,41,27,41,41,27,40,27,41,41,27,41,41,41,27,27,41,27,41,41,41,41,27,41,27,41,27,27,27,41,27,27,41,27,41,41,27,85,27,27,27,230,224,27,27,30,29,27,41,27,41,27,28,27,27,27,41,41,41,27,27,41,41,41,27,27,41,27,27,27,27,41,27,27,41,41,41,32,27,41,41,41,36,41,41,41,27,41,41,41,41,27,27,41,41,41,27,27,39,35,41,41,30,27,41,27,41,41,27,41,40,41,38,41,27,40,41,27,27,27,27,27,41,27,41,41,41,31,41,41,41,27,27,27,27,27,27,41,27,27,41,28,28,27,27,41,27,27,41,41,32,41,41,29,27,41,41,35,41,39,41,38,30,41,41,41,27,27,27,41,27,41,36,41,40,29,41,41,28,27,27,27,27,41,27,27,27,41,27,27,27,27,27,27,27,27,27,33,41,27,41,41,36,40,41,27,41,27,41,41,27,41,27,41,41,27,41,27,27,41,29,41,30,41,27,27,41,41,41,27,28,27,27,41,41,27,41,39,27,27,27,41,80,27,27,27,27,229,229,41,41,27,27,27,27,30,27,37
27,229,27,230,27,27,229,229,27,229,87,41,27,41,41,41,41,41,41,41,34,27,41,41,27,41,27,27,41,41,27,27,41,27,27,41,27,41,41,41,38,41,36,27,27,27,41,41,27,27,27,41,41,41,39,27,41,27,29,36,29,41,27,27,41,27,41,41,41,37,41,27,27,41,41,41,27,41,41,46,230,41,41,27,27,27,229,41,41,27,202,41,230,27,27,230,35,29,27,29,41,41,230,41,144,27,230,27,61,27,229,27,41,229,27,229,27,27,27,203,27,27,41,27,27,27,41,27,27,41,27,39,27,27,27,27,41,27,27,27,36,229,40,229,27,28,41,41,157,117,53,27,41,27,27,41,27,27,27,41,27,29,47,42,41,41,27,81,41,27,52,41,97,229,27,229,87,27,178,229,71,38,202,42,205,27,184,230,27,29,27,27,41,41,33,33,27,27,37,27,27,27,27,229,41,41,27,41,27,52,40,41,41,41,41,41,27,41,37,41,27,27,27,27,27,27,41,27,27,27,27,27,175,27,27,27,27,27,27,77,33,34,27,230,230,230,27,213,127,228,30,27,41,27,27,41,230,27,41,27,188,27,27,229,27,27,27,27,27,27,132,27,41,229,229,27,42,216,41,41,66,27,27,27,41,27,41,27,30,50,108,27,41,27,27,230,222,43,41,27,69,230,27,229,27,229,230,230,27,230,229,230,27,229,29,229,27,230,61,27,27,53,27,27,27,41,27,41,27,27,27,41,27,27,27,27,27,27,27,41,39,41,27,41,27,27,27,39,41,41,41,41,41,41,41,41,40,41,41,27,41,27,41,41,41,41,27,27,27,41,41,66,30,41,41,47,27,41,41,27,206,230,100,230,27,27,230,205,41,27,58,41,30,27,229,41,229,41,41,43,47,41,41,27,41,41,190,27,27,29,27,41,41,41,27,37,41,41,41,41,28,41,27,41,27,27,27,27,27,27,27,27,27,41,27,27,27,32,41,108,27,41,41,27,164,27,27,41,188,27,27,230,41,27,27,38,35,230,27,27,27,230,41,230,41,27,147,29,230,27,175,230,229,229,229,230,230,27,145,27,230,27,27,27,230,230,101,27,27,27,33,41,27,37,33,41,27,41,41,27,27,220,41,27,27,27,27,27,27,27,87,41,34,29,41,27,27,27,28,41,27,41,41,27,27,41,27,27,27,27,27,229,27,218,27,41,27,27,229,41,41,30,230,230,27,230,27,27,41,229,41,27,41,27,35,41,27,27,74,40,141,229,34,230,229,30,41,229,230,169,27,41,41,41,41,36,41,41,41,40,27,41,27,41,41,27,41,41,41,41,27,229,27,230,116,41,41,41,27,41,27,27,126,41,41,230,230,230,41,161,27,41,27,27,27,41,41,41,27,41,27,27,27,41,27,27,27,27,46,230,27,27,27,27,27,27,50,27,41,229,37,29,41,37,41,41,41,27,40,27,41,41,41,41,41,41,27,27,27,41,30,41,27,41,41,41,41,27,41,41,27,41,41,41,41,27,38,27,41,27,27,31,182,41,41,77,27,41,41,41,41,30,28,40,41,27,27,41,41,41,35,41,41,41,41,27,211,28,41,35,27,37,229,41,27,41,27,41,229,41,31,27,27,27,41,27,27,27,41,27,27,27,27,37,41,27,27,27,27,27,41,41,41,41,27,41,41,27,40,27,41,41,27,41,41,41,27,27,41,27,41,41,41,41,27,41,27,41,27,27,27,41,27,27,41,27,41,41,27,85,27,27,27,230,224,27,27,30,29,27,41,27,41,27,28,27,27,27,41,41,41,27,27,41,41,41,27,27,41,27,27,27,27,41,27,27,41,41,41,32,27,41,41,41,36,41,41,41,27,41,41,41,41,27,27,41,41,41,27,27,39,35,41,41,30,27,41,27,41,41,27,41,40,41,38,41,27,40,41,27,27,27,27,27,41,27,41,41,41,31,41,41,41,27,27,27,27,27,27,41,27,27,41,28,28,27,27,41,27,27,41,41,32,41,41,29,27,41,41,35,41,39,41,38,30,41,41,41,27,27,27,41,27,41,36,41,40,29,41,41,28,27,27,27,27,41,27,27,27,41,27,27,27,27,27,27,27,27,27,33,41,27,41,41,36,40,41,27,41,27,41,41,27,41,27,41,41,27,41,27,27,41,29,41,30,41,27,27,41,41,41,27,28,27,27,41,41,27,41,39,27,27,27,41,80,27,27,27,27,229,229,41,41,27,27,27,27,30,27,37
27,229,27,230,160,27,229,230,27,229,87,41,27,41,41,41,32,32,41,41,34,27,41,41,27,41,27,27,41,41,27,27,41,27,27,41,27,41,41,38,31,41,27,27,27,27,41,41,27,27,27,41,41,41,41,27,41,27,27,28,27,41,27,27,41,27,41,27,41,41,41,27,27,41,41,40,27,41,41,34,230,41,41,27,27,27,229,41,41,27,229,41,230,27,27,230,27,27,27,39,41,41,188,41,60,27,230,27,27,27,229,27,41,229,27,229,27,27,27,203,27,27,41,27,27,27,41,27,27,41,27,29,27,27,27,27,41,27,27,27,36,229,35,229,27,39,41,41,33,117,27,27,41,27,27,41,27,27,27,41,27,38,230,41,41,41,36,194,41,27,187,41,204,229,27,229,180,27,78,229,27,41,205,106,205,27,205,230,27,39,27,27,41,41,39,39,27,27,41,27,27,27,27,229,41,38,27,41,27,41,41,41,41,41,41,41,27,41,41,41,27,27,27,27,27,27,41,27,27,27,27,27,225,27,27,27,27,27,27,77,230,219,27,230,230,230,27,44,177,228,40,27,41,27,27,41,230,27,41,28,183,27,27,229,27,33,27,27,27,27,132,27,41,229,47,27,81,151,41,41,59,27,27,27,41,27,41,27,27,50,219,27,41,27,27,230,229,107,106,27,69,230,27,229,27,229,230,230,27,230,229,230,27,229,27,188,27,230,207,27,27,114,27,27,27,41,27,41,27,27,27,41,27,27,27,30,27,27,27,41,39,41,27,41,27,27,27,29,41,41,41,41,41,41,41,41,27,41,41,27,41,27,41,41,41,41,27,27,41,41,42,41,27,41,41,41,27,38,41,27,206,230,215,230,27,97,230,205,41,27,96,41,37,27,229,41,229,41,41,33,230,38,94,27,41,41,90,27,27,27,27,41,36,41,27,41,41,41,41,41,28,41,27,41,27,27,27,27,27,27,27,27,27,41,27,27,27,27,41,124,27,41,41,27,229,27,27,41,86,27,27,230,41,27,27,41,40,230,27,27,27,230,77,230,41,41,217,27,47,27,175,229,215,229,229,230,229,29,60,30,230,30,27,27,230,230,213,27,27,27,28,41,27,27,28,41,27,41,41,29,27,229,41,27,27,27,27,27,27,30,87,41,29,27,41,27,27,27,27,41,27,41,41,27,27,41,27,27,27,27,41,229,27,46,27,41,27,27,229,41,41,27,229,230,29,230,27,27,41,229,41,27,41,27,40,41,27,29,198,29,146,229,27,230,230,27,41,229,230,169,27,41,41,41,41,41,41,41,77,40,27,38,27,41,41,27,41,41,41,41,27,230,27,223,44,41,41,41,27,39,27,28,49,41,41,230,230,230,39,156,27,41,27,27,27,41,41,41,27,41,27,27,27,41,27,27,41,27,27,230,27,27,27,27,27,27,114,27,41,229,40,35,41,41,41,41,36,27,29,27,41,41,41,41,41,41,27,27,27,41,37,41,27,41,41,41,41,27,41,41,27,41,41,40,41,27,31,27,41,27,27,27,77,41,41,183,27,41,41,41,41,27,27,41,41,27,27,41,41,41,40,41,41,41,41,27,41,41,41,40,27,34,229,41,27,41,27,41,229,41,31,27,27,27,41,27,27,27,41,27,27,27,27,41,41,27,27,27,27,27,41,41,41,41,27,41,41,27,35,27,41,41,27,41,41,41,27,27,41,27,41,41,41,41,27,41,27,41,27,27,27,41,27,27,41,27,41,41,27,85,41,27,27,224,211,30,27,37,27,27,41,27,41,27,27,27,27,27,41,41,41,27,27,41,41,41,27,27,41,27,27,27,27,41,27,28,41,41,41,32,27,41,41,41,27,41,41,41,27,41,41,41,41,30,27,41,41,41,30,27,40,40,41,41,27,27,41,27,41,41,27,41,35,38,31,41,27,41,41,27,27,27,27,27,41,27,41,41,41,27,41,41,41,27,27,27,27,27,27,41,30,27,41,40,39,27,27,41,27,27,41,41,28,41,41,27,27,41,41,35,41,29,41,30,27,41,41,41,27,27,27,41,27,41,27,41,41,35,41,41,28,27,27,27,27,41,27,27,27,41,27,27,27,27,27,27,27,27,27,33,41,27,41,41,27,41,38,27,41,27,41,41,27,41,27,41,41,27,41,27,27,41,27,41,38,40,27,27,41,41,41,27,27,27,29,41,41,27,41,41,27,27,27,41,181,27,27,27,27,229,229,41,41,27,27,27,27,27,27,41
27,229,27,230,160,27,229,230,27,229,87,41,27,41,41,41,32,32,41,41,34,27,41,41,27,41,27,27,41,41,27,27,41,27,27,41,27,41,41,38,31,41,27,27,27,27,41,41,27,27,27,41,41,41,41,27,41,27,27,28,27,41,27,27,41,27,41,27,41,41,41,27,27,41,41,40,27,41,41,34,230,41,41,27,27,27,229,41,41,27,229,41,230,27,27,230,27,27,27,39,41,41,188,41,60,27,230,27,27,27,229,27,41,229,27,229,27,27,27,203,27,27,41,27,27,27,41,27,27,41,27,29,27,27,27,27,41,27,27,27,36,229,35,229,27,39,41,41,33,117,27,27,41,27,27,41,27,27,27,41,27,38,230,41,41,41,36,194,41,27,187,41,204,229,27,229,180,27,78,229,27,41,205,106,205,27,205,230,27,39,27,27,41,41,39,39,27,27,41,27,27,27,27,229,41,38,27,41,27,41,41,41,41,41,41,41,27,41,41,41,27,27,27,27,27,27,41,27,27,27,27,27,225,27,27,27,27,27,27,77,230,219,27,230,230,230,27,44,177,228,40,27,41,27,27,41,230,27,41,28,183,27,27,229,27,33,27,27,27,27,132,27,41,229,47,27,81,151,41,41,59,27,27,27,41,27,41,27,27,50,219,27,41,27,27,230,229,107,106,27,69,230,27,229,27,229,230,230,27,230,229,230,27,229,27,188,27,230,207,27,27,114,27,27,27,41,27,41,27,27,27,41,27,27,27,30,27,27,27,41,39,41,27,41,27,27,27,29,41,41,41,41,41,41,41,41,27,41,41,27,41,27,41,41,41,41,27,27,41,41,42,41,27,41,41,41,27,38,41,27,206,230,215,230,27,97,230,205,41,27,96,41,37,27,229,41,229,41,41,33,230,38,94,27,41,41,90,27,27,27,27,41,36,41,27,41,41,41,41,41,28,41,27,41,27,27,27,27,27,27,27,27,27,41,27,27,27,27,41,124,27,41,41,27,229,27,27,41,86,27,27,230,41,27,27,41,40,230,27,27,27,230,77,230,41,41,217,27,47,27,175,229,215,229,229,230,229,29,60,30,230,30,27,27,230,230,213,27,27,27,28,41,27,27,28,41,27,41,41,29,27,229,41,27,27,27,27,27,27,30,87,41,29,27,41,27,27,27,27,41,27,41,41,27,27,41,27,27,27,27,41,229,27,46,27,41,27,27,229,41,41,27,229,230,29,230,27,27,41,229,41,27,41,27,40,41,27,29,198,29,146,229,27,230,230,27,41,229,230,169,27,41,41,41,41,41,41,41,77,40,27,38,27,41,41,27,41,41,41,41,27,230,27,223,44,41,41,41,27,39,27,28,49,41,41,230,230,230,39,156,27,41,27,27,27,41,41,41,27,41,27,27,27,41,27,27,41,27,27,230,27,27,27,27,27,27,114,27,41,229,40,35,41,41,41,41,36,27,29,27,41,41,41,41,41,41,27,27,27,41,37,41,27,41,41,41,41,27,41,41,27,41,41,40,41,27,31,27,41,27,27,27,77,41,41,183,27,41,41,41,41,27,27,41,41,27,27,41,41,41,40,41,41,41,41,27,41,41,41,40,27,34,229,41,27,41,27,41,229,41,31,27,27,27,41,27,27,27,41,27,27,27,27,41,41,27,27,27,27,27,41,41,41,41,27,41,41,27,35,27,41,41,27,41,41,41,27,27,41,27,41,41,41,41,27,41,27,41,27,27,27,41,27,27,41,27,41,41,27,85,41,27,27,224,211,30,27,37,27,27,41,27,41,27,27,27,27,27,41,41,41,27,27,41,41,41,27,27,41,27,27,27,27,41,27,28,41,41,41,32,27,41,41,41,27,41,41,41,27,41,41,41,41,30,27,41,41,41,30,27,40,40,41,41,27,27,41,27,41,41,27,41,35,38,31,41,27,41,41,27,27,27,27,27,41,27,41,41,41,27,41,41,41,27,27,27,27,27,27,41,30,27,41,40,39,27,27,41,27,27,41,41,28,41,41,27,27,41,41,35,41,29,41,30,27,41,41,41,27,27,27,41,27,41,27,41,41,35,41,41,28,27,27,27,27,41,27,27,27,41,27,27,27,27,27,27,27,27,27,33,41,27,41,41,27,41,38,27,41,27,41,41,27,41,27,41,41,27,41,27,27,41,27,41,38,40,27,27,41,41,41,27,27,27,29,41,41,27,41,41,27,27,27,41,181,27,27,27,27,229,229,41,41,27,27,27,27,27,27,41
27,229,27,230,229,27,229,230,27,229,66,41,27,41,41,40,27,27,41,41,34,27,41,41,27,41,27,27,41,41,27,27,41,27,27,41,27,41,41,31,27,41,27,27,27,27,41,41,27,27,27,41,41,41,41,27,41,27,27,27,27,41,27,36,41,27,41,27,41,41,41,27,27,41,41,35,27,41,41,27,230,41,41,27,27,27,229,41,41,30,229,41,230,27,27,230,27,27,27,41,41,41,90,41,27,27,230,27,27,27,229,27,27,229,27,229,27,27,27,203,27,27,41,27,27,27,41,27,27,41,27,27,27,27,27,27,41,27,27,27,36,227,29,229,27,41,41,41,27,111,27,27,41,27,27,72,27,27,27,41,27,41,230,41,41,41,41,230,41,27,212,42,230,229,27,183,230,33,27,229,27,41,205,227,205,27,205,230,27,41,27,27,41,41,41,41,27,27,41,27,27,27,28,229,41,31,27,41,27,41,41,41,41,41,41,41,27,41,41,41,27,27,27,27,27,27,41,27,27,27,27,27,229,27,27,27,27,27,27,77,230,230,53,230,230,230,27,27,212,228,43,27,41,27,27,41,219,27,75,35,183,59,27,229,27,230,27,27,27,27,132,27,41,229,41,27,183,60,41,41,229,27,27,29,41,27,41,27,27,229,229,27,41,27,27,200,229,223,229,27,69,230,27,229,27,229,230,229,27,230,229,230,27,229,27,69,27,224,230,27,27,198,27,27,27,53,27,41,27,27,27,41,27,27,27,37,27,27,27,41,39,41,27,41,27,27,27,27,41,41,41,41,41,41,41,41,27,41,41,27,27,27,41,41,36,41,27,27,41,41,62,41,27,41,41,41,27,30,41,27,206,230,230,230,27,230,230,185,41,41,110,37,41,27,96,41,229,70,41,33,230,29,230,27,41,41,42,27,27,27,27,38,27,41,27,41,41,41,41,41,28,41,27,41,27,27,27,27,27,27,27,27,27,41,27,27,27,27,41,124,27,41,41,27,229,28,27,41,41,27,27,230,41,27,27,41,41,230,28,27,27,230,179,187,41,41,229,27,41,27,175,229,150,229,229,230,229,35,27,37,230,37,27,27,230,216,230,27,27,27,27,41,27,30,27,41,27,41,41,29,27,229,41,27,27,27,27,27,29,38,87,41,27,27,41,27,27,27,27,41,27,41,41,27,27,41,27,27,27,27,41,229,27,27,27,41,27,27,229,41,41,27,229,230,34,230,27,27,41,229,41,27,41,27,41,41,27,39,230,27,146,229,27,230,230,27,41,229,230,169,27,41,41,41,41,41,41,41,179,36,27,30,27,41,41,27,41,41,41,41,27,230,27,101,27,41,41,39,27,29,27,40,41,41,41,230,230,230,29,110,41,41,27,27,27,41,41,41,27,41,41,27,27,223,41,27,41,27,27,230,27,27,27,27,27,27,210,27,41,229,41,40,41,41,41,41,27,27,27,27,41,41,41,41,41,41,27,27,27,41,41,41,27,41,41,41,41,27,41,41,27,32,41,35,41,27,27,27,41,27,27,27,27,41,41,230,27,41,41,41,41,27,27,41,41,27,27,41,41,41,41,41,41,40,38,27,41,41,41,41,27,28,229,41,27,41,27,41,229,41,31,27,27,27,41,27,27,27,41,27,27,27,27,41,38,27,27,27,27,27,41,41,41,41,27,41,41,27,28,27,41,41,30,41,32,41,27,27,41,41,41,41,41,41,27,41,27,41,27,27,27,41,27,27,41,27,41,41,27,85,41,27,27,211,205,37,27,41,27,27,41,27,41,27,27,27,27,27,41,41,41,27,27,41,41,41,27,27,41,27,27,27,27,41,27,40,41,41,41,32,27,41,41,41,27,41,41,41,27,40,41,41,41,38,27,41,41,41,37,27,41,41,41,41,27,27,41,27,41,41,27,41,29,31,27,41,27,41,41,27,27,27,27,27,41,27,41,41,41,27,41,39,41,27,27,27,27,27,27,41,37,27,41,28,41,27,27,39,27,27,41,41,27,39,41,27,27,41,41,35,41,27,41,27,27,41,41,41,27,27,27,41,27,41,27,41,41,40,41,41,28,27,27,27,27,41,27,30,27,41,27,27,27,27,27,27,27,27,27,33,41,27,41,41,27,41,31,27,41,27,41,41,27,41,27,41,38,27,41,27,27,41,27,41,41,35,27,27,41,41,41,27,27,27,40,41,41,27,41,41,27,27,27,41,229,27,27,27,27,96,230,41,41,27,27,33,27,27,27,41
58,229,27,230,229,160,182,230,27,229,27,41,27,41,41,35,27,27,41,41,34,27,41,41,27,41,27,27,41,30,27,27,41,27,27,41,27,41,41,27,27,41,27,27,27,27,41,41,27,27,41,41,41,41,41,27,41,27,27,27,27,41,27,41,41,27,41,41,41,41,41,27,36,41,41,29,27,41,41,27,230,41,41,27,27,41,229,41,41,38,229,41,230,27,27,230,27,27,27,41,41,41,42,41,27,28,216,30,27,27,229,27,27,229,40,229,27,27,27,203,27,30,41,27,27,27,41,27,27,41,27,27,27,27,27,27,41,27,27,27,36,179,27,229,28,41,41,41,27,81,27,27,41,27,27,194,27,27,27,41,27,41,230,41,41,41,41,230,41,27,212,68,230,230,29,82,230,229,27,229,27,41,205,230,205,27,205,230,27,41,27,27,41,41,41,41,27,27,41,27,27,27,35,229,41,27,27,27,36,41,41,41,40,41,41,41,27,41,41,41,30,27,27,27,27,27,41,27,27,27,27,27,230,27,27,27,27,27,27,225,230,230,140,230,230,230,27,27,230,228,43,27,41,27,27,41,150,27,188,41,183,142,27,229,27,230,27,27,27,27,132,27,41,229,41,27,229,27,42,41,212,27,28,38,41,27,41,27,27,229,229,27,41,27,43,116,229,229,229,27,69,230,27,229,27,230,230,229,27,230,27,230,27,229,27,27,27,157,230,33,27,229,27,27,27,117,27,53,27,27,27,41,41,27,27,41,27,27,27,41,39,41,30,41,27,27,27,27,41,41,41,41,41,41,38,41,27,41,41,36,27,27,41,41,28,41,27,27,41,41,208,41,27,41,41,41,27,27,41,27,171,226,230,227,27,230,195,98,41,41,110,27,41,27,96,41,201,197,41,33,230,27,194,27,41,41,41,29,27,27,28,30,27,38,27,41,38,38,41,41,28,41,27,41,27,27,27,27,27,27,41,27,27,41,27,27,27,27,41,124,30,41,41,27,229,40,28,41,41,27,27,230,41,27,27,41,41,230,35,27,27,230,227,96,41,41,229,27,41,27,175,229,57,229,229,230,229,40,27,41,230,41,27,27,230,108,230,41,27,27,27,41,27,38,27,41,27,41,41,29,27,229,41,27,27,27,27,27,35,41,82,41,27,27,41,27,27,27,27,41,27,41,41,28,27,41,30,27,27,27,41,229,27,27,27,41,27,30,229,51,41,27,229,230,40,216,27,27,41,229,48,29,41,27,41,41,29,41,230,27,146,229,27,47,230,27,41,229,230,169,27,41,41,41,41,41,41,41,228,28,27,27,27,41,41,28,41,38,41,41,27,230,27,31,27,41,41,29,27,27,27,41,41,38,41,230,230,230,27,37,41,41,27,27,27,41,41,41,27,41,41,27,27,229,41,27,41,27,27,27,27,27,27,27,27,27,229,27,41,229,41,41,41,41,41,41,27,27,27,27,41,41,41,41,41,41,27,27,27,41,41,41,27,41,41,41,41,36,41,41,27,27,41,29,41,27,27,27,41,27,27,27,27,41,41,230,27,41,41,41,41,27,27,41,41,27,27,41,39,41,41,41,40,35,30,27,41,41,41,41,27,27,229,41,27,41,27,41,204,41,31,27,27,27,41,27,27,27,41,27,27,27,27,41,31,27,27,27,27,27,41,41,41,41,27,41,41,28,27,27,41,41,37,41,27,41,27,27,41,41,27,40,41,41,27,41,29,41,27,27,36,41,27,27,36,27,41,36,27,85,41,27,27,205,205,41,27,41,27,27,41,27,41,27,27,28,27,32,39,41,41,35,27,41,41,41,27,27,41,27,27,27,27,41,27,41,41,41,41,32,27,41,41,41,27,41,41,41,27,36,41,41,41,41,27,41,41,41,41,27,41,41,41,41,27,27,41,27,41,41,27,41,27,27,27,41,27,41,41,30,27,27,27,27,41,27,41,41,41,27,41,29,41,27,27,27,27,27,27,41,41,27,41,27,41,27,27,32,27,41,27,41,27,32,41,27,27,41,41,35,41,27,41,27,27,41,41,41,27,27,27,41,27,39,27,41,41,41,41,41,28,27,27,27,27,41,27,38,27,41,27,27,27,27,29,27,27,27,41,33,41,27,41,41,27,41,27,27,41,27,41,41,27,41,27,41,30,27,41,27,27,40,27,41,41,29,30,29,41,41,41,29,27,27,41,41,41,27,41,41,27,27,27,41,229,27,27,32,27,27,230,41,41,27,27,41,27,27,27,41
58,229,27,230,229,160,182,230,27,229,27,41,27,41,41,35,27,27,41,41,34,27,41,41,27,41,27,27,41,30,27,27,41,27,27,41,27,41,41,27,27,41,27,27,27,27,41,41,27,27,41,41,41,41,41,27,41,27,27,27,27,41,27,41,41,27,41,41,41,41,41,27,36,41,41,29,27,41,41,27,230,41,41,27,27,41,229,41,41,38,229,41,230,27,27,230,27,27,27,41,41,41,42,41,27,28,216,30,27,27,229,27,27,229,40,229,27,27,27,203,27,30,41,27,27,27,41,27,27,41,27,27,27,27,27,27,41,27,27,27,36,179,27,229,28,41,41,41,27,81,27,27,41,27,27,194,27,27,27,41,27,41,230,41,41,41,41,230,41,27,212,68,230,230,29,82,230,229,27,229,27,41,205,230,205,27,205,230,27,41,27,27,41,41,41,41,27,27,41,27,27,27,35,229,41,27,27,27,36,41,41,41,40,41,41,41,27,41,41,41,30,27,27,27,27,27,41,27,27,27,27,27,230,27,27,27,27,27,27,225,230,230,140,230,230,230,27,27,230,228,43,27,41,27,27,41,150,27,188,41,183,142,27,229,27,230,27,27,27,27,132,27,41,229,41,27,229,27,42,41,212,27,28,38,41,27,41,27,27,229,229,27,41,27,43,116,229,229,229,27,69,230,27,229,27,230,230,229,27,230,27,230,27,229,27,27,27,157,230,33,27,229,27,27,27,117,27,53,27,27,27,41,41,27,27,41,27,27,27,41,39,41,30,41,27,27,27,27,41,41,41,41,41,41,38,41,27,41,41,36,27,27,41,41,28,41,27,27,41,41,208,41,27,41,41,41,27,27,41,27,171,226,230,227,27,230,195,98,41,41,110,27,41,27,96,41,201,197,41,33,230,27,194,27,41,41,41,29,27,27,28,30,27,38,27,41,38,38,41,41,28,41,27,41,27,27,27,27,27,27,41,27,27,41,27,27,27,27,41,124,30,41,41,27,229,40,28,41,41,27,27,230,41,27,27,41,41,230,35,27,27,230,227,96,41,41,229,27,41,27,175,229,57,229,229,230,229,40,27,41,230,41,27,27,230,108,230,41,27,27,27,41,27,38,27,41,27,41,41,29,27,229,41,27,27,27,27,27,35,41,82,41,27,27,41,27,27,27,27,41,27,41,41,28,27,41,30,27,27,27,41,229,27,27,27,41,27,30,229,51,41,27,229,230,40,216,27,27,41,229,48,29,41,27,41,41,29,41,230,27,146,229,27,47,230,27,41,229,230,169,27,41,41,41,41,41,41,41,228,28,27,27,27,41,41,28,41,38,41,41,27,230,27,31,27,41,41,29,27,27,27,41,41,38,41,230,230,230,27,37,41,41,27,27,27,41,41,41,27,41,41,27,27,229,41,27,41,27,27,27,27,27,27,27,27,27,229,27,41,229,41,41,41,41,41,41,27,27,27,27,41,41,41,41,41,41,27,27,27,41,41,41,27,41,41,41,41,36,41,41,27,27,41,29,41,27,27,27,41,27,27,27,27,41,41,230,27,41,41,41,41,27,27,41,41,27,27,41,39,41,41,41,40,35,30,27,41,41,41,41,27,27,229,41,27,41,27,41,204,41,31,27,27,27,41,27,27,27,41,27,27,27,27,41,31,27,27,27,27,27,41,41,41,41,27,41,41,28,27,27,41,41,37,41,27,41,27,27,41,41,27,40,41,41,27,41,29,41,27,27,36,41,27,27,36,27,41,36,27,85,41,27,27,205,205,41,27,41,27,27,41,27,41,27,27,28,27,32,39,41,41,35,27,41,41,41,27,27,41,27,27,27,27,41,27,41,41,41,41,32,27,41,41,41,27,41,41,41,27,36,41,41,41,41,27,41,41,41,41,27,41,41,41,41,27,27,41,27,41,41,27,41,27,27,27,41,27,41,41,30,27,27,27,27,41,27,41,41,41,27,41,29,41,27,27,27,27,27,27,41,41,27,41,27,41,27,27,32,27,41,27,41,27,32,41,27,27,41,41,35,41,27,41,27,27,41,41,41,27,27,27,41,27,39,27,41,41,41,41,41,28,27,27,27,27,41,27,38,27,41,27,27,27,27,29,27,27,27,41,33,41,27,41,41,27,41,27,27,41,27,41,41,27,41,27,41,30,27,41,27,27,40,27,41,41,29,30,29,41,41,41,29,27,27,41,41,41,27,41,41,27,27,27,41,229,27,27,32,27,27,230,41,41,27,27,41,27,27,27,41
142,230,27,230,229,229,77,230,160,229,27,41,27,41,41,29,27,27,41,41,34,27,41,41,27,41,27,27,41,27,27,27,41,27,27,39,27,41,41,27,27,41,27,30,27,27,38,41,27,27,41,41,41,41,41,27,41,27,27,27,27,41,27,41,41,30,41,41,41,41,41,27,41,41,41,27,41,41,41,27,230,41,106,27,27,41,221,41,41,41,229,41,205,27,27,230,27,27,27,41,41,41,41,42,27,35,62,37,27,27,193,27,27,229,150,229,27,27,27,203,27,37,41,27,27,27,41,27,27,41,27,27,27,27,27,27,41,27,27,27,36,87,27,229,39,41,41,41,27,39,27,27,27,27,27,228,27,27,28,41,27,41,230,41,41,41,41,230,41,27,212,203,230,230,35,27,230,229,27,179,27,80,205,230,205,29,205,27,27,41,27,27,41,41,41,41,27,27,41,29,27,27,40,197,41,27,27,27,41,41,41,41,35,41,41,41,27,41,41,41,30,27,27,27,27,27,41,27,27,27,27,27,230,27,27,27,224,27,27,230,230,230,212,230,184,230,27,27,230,228,43,28,40,27,27,41,49,29,229,41,183,212,27,229,27,230,27,27,27,27,132,27,41,229,41,27,229,27,89,41,106,27,33,41,41,27,41,27,27,229,229,27,38,27,111,45,229,229,229,27,83,230,54,229,27,230,230,229,28,230,27,230,27,229,27,27,27,45,230,36,27,229,27,27,27,205,27,117,27,27,27,41,41,41,27,41,27,27,27,38,40,41,38,41,27,27,27,27,41,41,41,41,41,41,31,41,27,41,41,41,27,27,41,41,27,41,27,27,41,41,230,41,27,41,41,41,27,27,41,27,73,210,230,208,27,230,61,37,41,41,110,27,41,30,27,229,110,229,41,33,230,27,83,27,41,41,41,35,27,27,34,27,27,31,27,41,30,31,41,41,41,41,27,41,29,27,27,27,27,27,41,27,27,38,27,27,28,27,41,108,38,41,41,27,229,41,40,41,41,27,27,230,41,27,27,41,42,230,40,27,27,230,229,46,41,41,229,27,41,27,175,229,27,215,229,230,229,41,27,41,230,41,27,27,230,37,230,106,27,30,27,32,27,41,27,41,27,41,41,29,27,229,41,27,27,27,27,27,40,41,48,41,27,27,41,27,27,27,27,41,27,41,41,31,27,41,37,27,27,27,41,229,27,27,27,41,27,37,182,51,38,27,229,230,41,151,27,27,27,229,64,35,40,29,41,41,38,41,230,27,146,229,27,41,230,27,41,230,230,169,27,41,41,41,41,41,41,41,230,28,27,27,27,41,41,40,41,30,41,27,27,230,27,27,27,41,41,27,27,27,27,41,41,31,41,47,209,230,27,27,41,41,27,27,27,41,41,41,27,41,41,27,27,229,41,27,41,27,27,27,27,27,27,27,27,27,229,27,41,188,41,41,41,41,41,41,27,27,27,36,41,41,41,41,41,41,27,27,27,41,41,41,27,41,41,41,41,41,41,41,27,27,41,27,41,27,27,41,41,36,27,27,27,41,41,230,27,41,41,41,41,27,27,41,41,27,27,41,30,41,41,41,35,29,27,27,41,41,41,41,27,27,221,70,27,41,27,41,82,41,31,27,27,27,37,27,27,27,38,27,40,27,27,41,27,27,27,27,27,27,28,41,41,41,27,41,41,40,27,27,41,37,41,41,27,41,27,27,41,41,27,29,41,41,28,41,35,41,27,27,41,41,27,27,27,27,41,27,27,85,41,27,27,205,205,41,27,41,27,37,41,27,41,27,27,33,27,32,33,41,41,41,27,41,41,41,36,27,41,27,27,27,27,41,27,41,41,38,41,32,27,41,41,41,27,41,41,41,27,29,41,41,41,41,27,41,41,41,41,27,41,41,41,41,27,27,41,27,40,41,27,41,27,27,27,41,27,41,41,38,27,27,27,27,41,27,41,41,41,27,41,27,41,27,31,27,27,27,27,41,41,27,27,27,41,27,27,28,27,41,27,41,27,28,41,27,27,41,41,35,41,27,41,27,27,41,41,41,27,27,27,41,27,29,27,40,41,41,41,41,28,27,27,27,27,41,27,41,27,41,27,27,41,29,38,27,27,27,41,33,41,27,41,41,27,41,27,27,41,27,41,41,27,41,27,41,27,27,41,27,29,37,27,41,41,27,38,35,41,41,41,35,27,27,41,41,41,27,41,41,27,27,41,41,229,28,27,41,27,27,230,41,41,27,27,41,27,27,27,41
212,230,27,230,229,229,27,230,229,229,27,41,27,41,41,27,27,27,41,41,35,27,41,41,27,41,27,27,41,27,27,27,41,27,27,31,29,41,41,27,27,41,27,38,27,30,30,41,27,27,41,40,41,41,41,27,41,27,27,27,27,41,27,41,41,38,41,33,41,41,41,28,41,41,41,27,41,41,41,27,230,41,229,27,27,41,35,42,41,41,229,41,115,27,27,215,27,27,27,41,41,41,41,88,27,41,42,41,27,27,93,27,27,229,221,229,27,160,27,203,27,41,41,27,41,27,41,27,27,41,27,27,27,27,27,27,41,27,27,27,36,41,27,229,41,41,36,41,27,27,27,41,27,27,27,229,27,27,35,47,29,41,230,41,41,40,41,196,41,27,214,230,230,230,40,27,230,229,27,78,27,191,205,230,205,39,205,27,27,41,30,27,41,41,41,41,27,27,41,37,27,27,41,79,41,27,27,27,41,41,41,41,29,41,41,41,27,41,41,41,31,27,27,27,27,27,41,27,27,27,27,64,230,27,27,27,230,27,27,230,230,230,230,230,80,230,27,27,230,228,75,35,28,27,41,41,27,39,230,41,183,230,27,229,27,230,27,27,27,27,132,27,41,47,41,27,229,27,183,41,36,27,39,41,41,27,41,27,27,229,214,27,30,27,198,27,229,229,229,27,103,229,140,229,27,230,230,229,56,230,27,229,27,229,27,27,27,27,230,36,27,229,27,27,27,229,27,204,27,27,27,41,41,41,27,41,27,27,27,30,41,41,41,41,29,27,29,27,41,41,41,41,27,41,27,41,27,41,41,41,27,27,41,41,27,41,27,27,41,41,230,41,27,40,27,41,27,27,41,27,27,205,230,205,27,230,27,27,41,41,132,27,41,38,27,229,42,229,41,33,230,27,42,27,41,36,41,40,41,27,40,27,27,27,27,41,27,27,41,41,41,41,27,41,37,27,27,27,27,27,41,27,27,30,27,27,36,27,41,53,41,41,41,27,229,41,41,41,41,29,27,230,41,27,27,41,87,230,41,27,27,213,229,43,41,41,229,27,41,27,175,229,27,150,229,229,229,41,27,41,230,41,27,27,230,27,230,196,40,37,27,27,27,41,27,41,27,41,41,29,27,229,41,27,27,27,27,30,41,41,41,41,27,27,41,27,27,27,27,41,27,41,41,40,27,41,41,27,27,27,41,229,41,27,27,43,27,41,78,51,30,27,229,229,41,61,27,27,27,213,77,40,35,35,42,27,41,41,230,27,146,229,27,41,230,27,224,230,230,169,27,41,41,41,41,41,40,41,230,28,27,27,27,41,41,41,41,27,41,27,27,230,27,27,27,41,41,27,29,27,27,41,41,27,39,41,78,230,27,27,41,41,27,27,41,41,41,41,27,49,41,27,27,229,41,27,41,28,27,27,27,27,27,27,27,27,229,27,41,79,41,41,41,41,39,41,27,27,27,41,41,41,41,41,41,41,27,41,27,41,41,38,30,41,41,41,41,41,41,41,29,27,41,27,41,27,27,41,41,41,27,27,27,39,80,230,27,41,41,38,41,27,27,41,41,27,27,41,27,41,41,41,29,27,27,27,40,41,41,42,27,27,59,190,29,40,27,40,42,41,31,27,27,27,30,27,27,27,30,27,41,27,27,41,27,27,27,27,27,27,27,41,41,41,27,41,41,41,27,27,41,30,41,41,27,41,27,27,41,41,27,27,41,41,40,41,40,41,27,27,41,41,27,27,27,27,41,27,36,85,41,27,27,205,205,41,27,41,27,102,41,27,41,27,27,39,27,41,28,41,41,41,36,41,40,41,41,27,41,27,27,27,27,41,27,41,41,30,41,32,27,41,41,41,27,41,41,41,27,27,41,41,41,41,27,41,41,41,41,41,41,41,41,41,27,27,27,27,35,41,27,41,27,27,27,41,27,41,41,41,27,27,27,27,41,27,39,41,41,27,41,27,39,27,38,27,27,27,27,41,41,27,27,27,41,27,27,27,30,41,27,41,41,41,41,27,27,41,41,35,41,27,41,27,27,41,38,41,27,27,27,41,27,27,27,35,41,41,41,39,28,27,27,27,41,41,30,41,27,39,27,27,41,38,41,27,27,27,41,33,41,27,41,41,30,41,27,27,41,27,41,41,27,41,27,40,27,27,41,27,38,34,27,41,41,27,41,40,41,41,41,40,27,27,41,41,41,27,41,41,27,27,41,41,202,33,27,41,27,27,230,41,41,27,31,41,33,27,27,41
212,230,27,230,229,229,27,230,229,229,27,41,27,41,41,27,27,27,41,41,35,27,41,41,27,41,27,27,41,27,27,27,41,27,27,31,29,41,41,27,27,41,27,38,27,30,30,41,27,27,41,40,41,41,41,27,41,27,27,27,27,41,27,41,41,38,41,33,41,41,41,28,41,41,41,27,41,41,41,27,230,41,229,27,27,41,35,42,41,41,229,41,115,27,27,215,27,27,27,41,41,41,41,88,27,41,42,41,27,27,93,27,27,229,221,229,27,160,27,203,27,41,41,27,41,27,41,27,27,41,27,27,27,27,27,27,41,27,27,27,36,41,27,229,41,41,36,41,27,27,27,41,27,27,27,229,27,27,35,47,29,41,230,41,41,40,41,196,41,27,214,230,230,230,40,27,230,229,27,78,27,191,205,230,205,39,205,27,27,41,30,27,41,41,41,41,27,27,41,37,27,27,41,79,41,27,27,27,41,41,41,41,29,41,41,41,27,41,41,41,31,27,27,27,27,27,41,27,27,27,27,64,230,27,27,27,230,27,27,230,230,230,230,230,80,230,27,27,230,228,75,35,28,27,41,41,27,39,230,41,183,230,27,229,27,230,27,27,27,27,132,27,41,47,41,27,229,27,183,41,36,27,39,41,41,27,41,27,27,229,214,27,30,27,198,27,229,229,229,27,103,229,140,229,27,230,230,229,56,230,27,229,27,229,27,27,27,27,230,36,27,229,27,27,27,229,27,204,27,27,27,41,41,41,27,41,27,27,27,30,41,41,41,41,29,27,29,27,41,41,41,41,27,41,27,41,27,41,41,41,27,27,41,41,27,41,27,27,41,41,230,41,27,40,27,41,27,27,41,27,27,205,230,205,27,230,27,27,41,41,132,27,41,38,27,229,42,229,41,33,230,27,42,27,41,36,41,40,41,27,40,27,27,27,27,41,27,27,41,41,41,41,27,41,37,27,27,27,27,27,41,27,27,30,27,27,36,27,41,53,41,41,41,27,229,41,41,41,41,29,27,230,41,27,27,41,87,230,41,27,27,213,229,43,41,41,229,27,41,27,175,229,27,150,229,229,229,41,27,41,230,41,27,27,230,27,230,196,40,37,27,27,27,41,27,41,27,41,41,29,27,229,41,27,27,27,27,30,41,41,41,41,27,27,41,27,27,27,27,41,27,41,41,40,27,41,41,27,27,27,41,229,41,27,27,43,27,41,78,51,30,27,229,229,41,61,27,27,27,213,77,40,35,35,42,27,41,41,230,27,146,229,27,41,230,27,224,230,230,169,27,41,41,41,41,41,40,41,230,28,27,27,27,41,41,41,41,27,41,27,27,230,27,27,27,41,41,27,29,27,27,41,41,27,39,41,78,230,27,27,41,41,27,27,41,41,41,41,27,49,41,27,27,229,41,27,41,28,27,27,27,27,27,27,27,27,229,27,41,79,41,41,41,41,39,41,27,27,27,41,41,41,41,41,41,41,27,41,27,41,41,38,30,41,41,41,41,41,41,41,29,27,41,27,41,27,27,41,41,41,27,27,27,39,80,230,27,41,41,38,41,27,27,41,41,27,27,41,27,41,41,41,29,27,27,27,40,41,41,42,27,27,59,190,29,40,27,40,42,41,31,27,27,27,30,27,27,27,30,27,41,27,27,41,27,27,27,27,27,27,27,41,41,41,27,41,41,41,27,27,41,30,41,41,27,41,27,27,41,41,27,27,41,41,40,41,40,41,27,27,41,41,27,27,27,27,41,27,36,85,41,27,27,205,205,41,27,41,27,102,41,27,41,27,27,39,27,41,28,41,41,41,36,41,40,41,41,27,41,27,27,27,27,41,27,41,41,30,41,32,27,41,41,41,27,41,41,41,27,27,41,41,41,41,27,41,41,41,41,41,41,41,41,41,27,27,27,27,35,41,27,41,27,27,27,41,27,41,41,41,27,27,27,27,41,27,39,41,41,27,41,27,39,27,38,27,27,27,27,41,41,27,27,27,41,27,27,27,30,41,27,41,41,41,41,27,27,41,41,35,41,27,41,27,27,41,38,41,27,27,27,41,27,27,27,35,41,41,41,39,28,27,27,27,41,41,30,41,27,39,27,27,41,38,41,27,27,27,41,33,41,27,41,41,30,41,27,27,41,27,41,41,27,41,27,40,27,27,41,27,38,34,27,41,41,27,41,40,41,41,41,40,27,27,41,41,41,27,41,41,27,27,41,41,202,33,27,41,27,27,230,41,41,27,31,41,33,27,27,41
229,230,27,230,229,229,27,230,229,229,27,41,27,41,41,27,27,27,41,41,39,27,41,41,41,41,27,27,41,27,27,27,41,27,27,27,39,41,41,27,27,41,27,41,27,37,27,41,36,27,41,35,41,41,41,27,41,27,27,27,27,41,27,41,41,41,41,27,41,41,41,40,41,41,41,27,41,41,38,27,197,57,229,27,27,41,27,105,41,41,230,41,43,27,27,97,27,27,27,41,41,41,41,186,27,41,41,41,27,27,43,30,27,229,229,229,160,229,41,142,27,41,41,27,41,27,41,27,27,41,27,27,27,27,27,27,41,27,27,27,36,41,27,47,41,56,27,41,27,27,27,41,27,30,27,229,28,27,41,47,35,73,230,41,41,35,41,81,41,27,226,230,230,230,41,27,229,229,27,27,27,230,205,230,205,41,205,27,27,46,38,41,41,39,41,41,27,27,41,41,28,27,41,42,41,27,27,27,41,41,43,41,27,36,41,41,27,41,41,41,31,27,27,41,27,27,41,27,27,27,27,185,230,27,27,27,230,27,27,230,230,230,230,230,27,230,27,27,230,228,193,40,27,27,41,41,27,41,230,41,183,230,27,230,27,230,27,27,27,27,132,27,41,41,41,27,229,27,229,41,27,27,41,41,41,27,41,27,27,229,46,27,27,30,229,27,227,229,229,27,156,229,212,229,27,230,230,229,204,230,27,229,27,229,27,27,27,27,230,36,27,188,27,27,27,229,27,229,27,27,27,41,41,41,27,41,27,27,27,27,41,41,41,41,35,27,35,27,41,41,41,41,27,41,27,41,27,41,41,41,27,27,41,41,27,41,27,27,41,41,230,41,27,36,27,41,27,27,38,27,27,205,230,205,29,230,27,27,41,39,191,27,41,41,27,229,27,229,41,34,230,27,41,27,41,27,41,41,41,27,41,27,27,27,27,41,27,27,41,41,41,41,27,41,41,30,27,27,27,27,41,28,30,27,27,27,41,27,41,35,41,38,41,27,223,41,41,41,41,34,27,230,41,29,29,41,187,230,41,27,153,147,215,41,41,41,230,27,41,27,175,229,27,61,229,229,229,41,27,41,230,41,41,27,230,27,230,230,41,41,27,27,41,41,27,41,27,41,41,29,27,229,41,27,27,27,27,38,41,41,41,41,27,27,41,41,27,27,27,41,27,41,41,41,27,41,41,27,27,27,41,27,41,27,27,105,27,41,27,51,27,27,229,229,42,27,27,36,27,150,80,42,29,40,82,27,41,41,206,27,154,229,27,41,230,27,230,230,230,120,35,41,41,41,41,41,35,40,230,28,27,27,27,32,41,41,40,27,41,27,27,230,27,27,27,41,41,27,39,27,27,41,41,27,30,41,42,221,27,27,41,41,27,27,41,41,41,41,27,65,41,27,27,229,41,27,41,39,27,27,27,27,27,27,27,27,229,27,41,27,46,41,41,41,29,41,27,27,27,41,41,41,41,41,41,40,27,41,27,41,41,30,37,41,41,41,41,41,41,41,35,27,41,27,41,27,27,41,41,41,27,27,27,30,181,230,27,41,41,30,41,27,27,41,41,27,27,41,27,41,42,36,27,27,27,27,28,35,41,74,27,27,41,228,35,35,28,35,41,41,31,27,29,27,27,27,27,27,27,27,41,27,27,41,27,27,27,27,27,27,27,41,41,41,29,41,41,41,27,27,41,27,41,41,27,41,27,30,41,41,27,27,41,41,41,35,41,41,27,27,41,41,27,36,27,27,41,27,41,85,41,27,30,205,178,41,27,54,27,201,41,27,41,28,27,41,27,41,27,41,41,41,41,41,35,41,41,27,41,27,27,27,27,41,27,41,41,27,41,32,27,41,41,41,27,41,41,41,27,27,41,41,41,41,27,41,41,41,41,41,41,41,41,41,27,27,27,27,30,41,27,41,27,27,27,41,29,41,38,41,27,29,27,27,41,27,41,41,41,27,41,27,29,27,41,27,27,27,27,41,41,27,27,27,41,27,27,27,38,41,27,39,41,41,41,27,27,41,41,35,41,27,41,27,27,41,30,41,27,27,27,41,27,27,27,28,41,41,41,29,28,27,27,27,41,41,38,41,33,29,27,27,41,41,41,27,27,27,41,41,41,27,41,41,38,41,27,27,41,27,41,41,27,41,27,36,27,27,41,27,41,29,27,41,41,27,41,41,41,41,41,41,27,28,41,41,41,36,41,41,27,27,41,41,115,39,27,41,27,27,197,41,41,30,38,41,41,27,27,41
229,230,27,230,229,229,27,230,229,229,27,41,27,41,41,27,29,27,41,41,41,27,41,41,41,41,27,27,41,27,27,27,41,27,27,27,41,27,41,27,27,41,27,41,27,41,27,41,41,27,41,29,41,41,41,27,41,36,27,27,27,41,27,41,41,41,41,27,41,41,41,41,41,41,41,27,41,41,31,27,112,90,229,41,27,41,27,223,41,41,230,41,27,29,28,27,27,27,29,41,41,41,41,230,27,41,41,41,27,27,41,37,27,229,229,229,229,229,41,27,27,41,41,27,27,27,41,28,27,41,27,27,27,27,27,27,41,27,27,27,36,41,27,41,41,198,27,41,27,27,27,41,27,38,27,229,35,27,41,229,40,191,47,41,41,29,41,42,41,41,230,230,229,230,41,27,229,229,27,27,27,230,205,223,205,41,205,27,27,80,41,41,41,33,41,41,27,27,41,41,35,27,41,41,41,27,27,27,41,41,48,41,27,27,41,41,27,41,41,41,31,27,27,41,27,27,41,27,27,27,27,230,230,27,27,27,230,27,27,230,230,230,230,230,27,230,27,27,230,178,230,41,27,27,41,41,27,41,230,59,183,230,27,230,27,230,48,27,27,27,132,29,41,41,41,27,191,27,229,39,27,27,41,41,41,27,41,30,27,229,27,27,27,37,229,27,32,229,229,27,183,229,230,229,33,230,230,229,229,221,27,229,27,229,27,27,27,27,229,36,27,80,27,27,27,229,27,229,27,27,27,41,41,41,27,41,27,27,27,27,41,40,41,41,40,27,40,27,41,41,41,41,27,41,27,41,27,41,41,41,27,27,41,41,27,41,27,27,41,36,218,41,27,29,27,41,27,27,30,27,27,205,230,205,39,205,27,27,41,41,220,27,41,41,27,229,27,229,38,54,47,27,41,27,41,27,41,41,41,27,41,27,27,27,30,41,27,27,41,41,41,41,27,41,41,37,27,27,27,27,41,39,37,27,27,27,41,27,41,35,41,31,41,36,41,41,41,41,41,37,27,230,41,36,35,41,230,230,42,27,219,62,151,41,41,41,230,27,41,27,175,229,27,27,229,229,229,42,27,83,200,82,41,27,230,27,230,230,41,41,27,27,41,41,27,39,27,41,41,29,27,229,41,27,27,27,41,41,41,41,41,41,27,27,41,41,27,27,27,41,30,41,41,41,27,41,41,27,27,27,41,27,41,27,40,221,27,41,27,51,27,27,229,229,83,27,27,41,27,72,80,90,27,41,190,27,41,41,75,27,222,229,27,41,196,27,230,230,230,27,36,41,40,41,41,41,29,35,188,28,27,27,29,27,40,41,28,27,41,27,27,204,40,27,27,41,41,27,41,27,27,48,41,27,27,41,41,156,27,27,41,40,27,36,41,41,41,41,27,65,106,27,27,229,223,27,106,41,27,27,27,27,27,27,27,27,229,27,41,27,67,41,41,41,27,41,27,27,27,41,41,41,41,41,41,35,29,41,29,41,41,27,41,41,41,41,41,41,41,41,40,27,41,27,41,27,27,41,41,41,27,27,27,27,230,203,28,41,38,27,38,27,27,41,41,27,27,41,27,38,46,28,27,27,27,27,27,28,39,196,27,27,41,229,40,29,35,29,41,41,29,27,39,27,27,27,27,27,27,27,41,27,27,41,27,27,41,27,27,27,27,41,41,41,39,41,41,41,27,27,41,27,41,41,30,41,27,37,41,41,27,27,41,41,41,27,41,41,29,30,41,41,27,41,27,27,41,27,41,78,106,27,38,205,101,53,27,114,27,220,41,27,38,32,27,41,27,41,27,41,38,41,41,41,29,41,41,27,41,27,27,27,27,41,27,41,41,27,41,32,27,41,41,41,27,41,41,41,27,27,41,41,41,41,27,41,41,41,41,41,41,41,41,41,27,27,27,27,27,41,27,41,27,27,27,41,35,41,30,41,27,39,27,27,40,27,41,41,41,27,27,27,27,27,41,35,27,27,27,38,41,27,27,27,41,27,27,27,41,41,27,32,37,41,41,27,27,41,41,35,41,27,41,27,27,41,27,41,30,27,27,41,27,27,27,27,41,41,41,27,28,29,27,27,41,27,41,41,39,27,27,28,41,41,41,29,27,30,41,41,41,27,41,41,41,41,27,27,41,28,41,41,27,41,29,28,27,35,41,35,41,27,27,41,41,27,41,41,41,40,41,41,27,36,41,41,41,41,41,41,27,27,41,41,44,41,27,41,27,27,114,38,41,37,41,41,41,27,27,41
229,230,27,230,229,229,27,230,229,229,27,41,27,41,41,27,29,27,41,41,41,27,41,41,41,41,27,27,41,27,27,27,41,27,27,27,41,27,41,27,27,41,27,41,27,41,27,41,41,27,41,29,41,41,41,27,41,36,27,27,27,41,27,41,41,41,41,27,41,41,41,41,41,41,41,27,41,41,31,27,112,90,229,41,27,41,27,223,41,41,230,41,27,29,28,27,27,27,29,41,41,41,41,230,27,41,41,41,27,27,41,37,27,229,229,229,229,229,41,27,27,41,41,27,27,27,41,28,27,41,27,27,27,27,27,27,41,27,27,27,36,41,27,41,41,198,27,41,27,27,27,41,27,38,27,229,35,27,41,229,40,191,47,41,41,29,41,42,41,41,230,230,229,230,41,27,229,229,27,27,27,230,205,223,205,41,205,27,27,80,41,41,41,33,41,41,27,27,41,41,35,27,41,41,41,27,27,27,41,41,48,41,27,27,41,41,27,41,41,41,31,27,27,41,27,27,41,27,27,27,27,230,230,27,27,27,230,27,27,230,230,230,230,230,27,230,27,27,230,178,230,41,27,27,41,41,27,41,230,59,183,230,27,230,27,230,48,27,27,27,132,29,41,41,41,27,191,27,229,39,27,27,41,41,41,27,41,30,27,229,27,27,27,37,229,27,32,229,229,27,183,229,230,229,33,230,230,229,229,221,27,229,27,229,27,27,27,27,229,36,27,80,27,27,27,229,27,229,27,27,27,41,41,41,27,41,27,27,27,27,41,40,41,41,40,27,40,27,41,41,41,41,27,41,27,41,27,41,41,41,27,27,41,41,27,41,27,27,41,36,218,41,27,29,27,41,27,27,30,27,27,205,230,205,39,205,27,27,41,41,220,27,41,41,27,229,27,229,38,54,47,27,41,27,41,27,41,41,41,27,41,27,27,27,30,41,27,27,41,41,41,41,27,41,41,37,27,27,27,27,41,39,37,27,27,27,41,27,41,35,41,31,41,36,41,41,41,41,41,37,27,230,41,36,35,41,230,230,42,27,219,62,151,41,41,41,230,27,41,27,175,229,27,27,229,229,229,42,27,83,200,82,41,27,230,27,230,230,41,41,27,27,41,41,27,39,27,41,41,29,27,229,41,27,27,27,41,41,41,41,41,41,27,27,41,41,27,27,27,41,30,41,41,41,27,41,41,27,27,27,41,27,41,27,40,221,27,41,27,51,27,27,229,229,83,27,27,41,27,72,80,90,27,41,190,27,41,41,75,27,222,229,27,41,196,27,230,230,230,27,36,41,40,41,41,41,29,35,188,28,27,27,29,27,40,41,28,27,41,27,27,204,40,27,27,41,41,27,41,27,27,48,41,27,27,41,41,156,27,27,41,40,27,36,41,41,41,41,27,65,106,27,27,229,223,27,106,41,27,27,27,27,27,27,27,27,229,27,41,27,67,41,41,41,27,41,27,27,27,41,41,41,41,41,41,35,29,41,29,41,41,27,41,41,41,41,41,41,41,41,40,27,41,27,41,27,27,41,41,41,27,27,27,27,230,203,28,41,38,27,38,27,27,41,41,27,27,41,27,38,46,28,27,27,27,27,27,28,39,196,27,27,41,229,40,29,35,29,41,41,29,27,39,27,27,27,27,27,27,27,41,27,27,41,27,27,41,27,27,27,27,41,41,41,39,41,41,41,27,27,41,27,41,41,30,41,27,37,41,41,27,27,41,41,41,27,41,41,29,30,41,41,27,41,27,27,41,27,41,78,106,27,38,205,101,53,27,114,27,220,41,27,38,32,27,41,27,41,27,41,38,41,41,41,29,41,41,27,41,27,27,27,27,41,27,41,41,27,41,32,27,41,41,41,27,41,41,41,27,27,41,41,41,41,27,41,41,41,41,41,41,41,41,41,27,27,27,27,27,41,27,41,27,27,27,41,35,41,30,41,27,39,27,27,40,27,41,41,41,27,27,27,27,27,41,35,27,27,27,38,41,27,27,27,41,27,27,27,41,41,27,32,37,41,41,27,27,41,41,35,41,27,41,27,27,41,27,41,30,27,27,41,27,27,27,27,41,41,41,27,28,29,27,27,41,27,41,41,39,27,27,28,41,41,41,29,27,30,41,41,41,27,41,41,41,41,27,27,41,28,41,41,27,41,29,28,27,35,41,35,41,27,27,41,41,27,41,41,41,40,41,41,27,36,41,41,41,41,41,41,27,27,41,41,44,41,27,41,27,27,114,38,41,37,41,41,41,27,27,41
229,230,27,230,229,229,27,229,229,27,27,41,29,41,41,27,35,27,41,40,41,27,41,41,41,41,27,27,41,27,27,27,41,27,30,27,41,27,41,27,27,41,27,41,29,41,27,41,41,41,41,27,41,41,41,27,41,41,27,27,27,41,36,41,41,41,41,27,41,41,41,41,41,41,41,27,41,41,27,27,44,136,229,41,27,43,27,229,41,41,230,41,27,38,34,27,27,29,39,41,41,41,41,230,27,41,41,41,27,27,41,41,27,189,229,229,229,229,41,27,27,41,41,27,27,27,40,39,27,41,27,27,27,27,30,27,41,27,27,27,36,41,27,41,41,228,27,38,27,27,27,41,27,41,29,229,41,28,41,229,41,228,41,41,41,27,47,41,41,41,214,230,230,213,41,27,229,230,27,27,27,230,205,35,205,41,205,27,27,133,41,41,41,28,41,41,27,32,41,41,40,27,42,41,41,27,27,27,41,41,50,41,27,27,41,41,27,41,41,41,31,27,27,41,27,27,41,27,27,27,27,230,230,27,27,27,230,27,27,230,230,230,230,230,27,230,27,27,230,78,230,41,27,28,41,41,27,41,216,217,183,230,28,230,27,230,149,27,28,27,132,35,27,41,41,27,94,27,229,29,27,27,41,41,27,41,41,37,27,96,27,27,27,41,229,27,27,229,27,27,188,229,230,229,219,230,230,229,229,153,27,229,27,229,27,27,27,27,229,36,27,27,27,27,27,189,27,229,27,27,41,41,41,41,27,41,27,27,27,27,41,35,41,41,41,30,41,27,41,41,41,39,27,41,27,41,27,41,41,41,27,27,41,41,27,36,27,27,41,36,64,41,27,27,27,41,27,27,27,27,27,205,230,205,41,205,27,27,38,41,220,27,41,41,27,229,27,207,31,91,41,27,41,27,41,27,41,80,41,27,41,27,27,27,37,41,27,27,41,41,41,41,27,41,41,41,30,27,27,27,41,41,41,27,27,27,41,27,41,35,41,27,41,41,41,57,41,41,41,40,27,224,38,40,40,41,230,230,80,27,219,27,62,41,38,223,230,27,41,27,175,229,27,27,229,229,229,89,27,179,117,175,41,27,230,27,230,230,41,41,27,27,41,41,27,29,27,41,41,36,27,229,41,27,31,28,41,41,42,41,41,41,27,27,40,41,27,27,27,41,37,41,41,41,27,41,41,27,27,41,106,27,41,27,41,229,27,41,27,109,27,27,229,229,182,27,27,41,27,41,80,191,27,41,230,27,41,41,42,27,230,230,27,41,83,27,230,200,230,27,41,41,35,28,41,41,27,29,80,28,27,27,38,27,28,41,27,27,41,27,27,116,41,27,27,41,41,27,41,27,27,215,37,27,27,41,41,52,27,27,41,35,27,36,41,41,41,41,27,65,230,27,27,229,229,27,230,41,27,27,27,27,27,27,27,27,203,29,41,27,97,41,41,41,27,41,27,27,27,41,41,41,41,41,41,29,39,41,35,41,41,27,41,38,41,41,41,41,41,41,41,27,41,27,41,27,27,41,41,41,27,27,27,27,230,132,39,41,29,27,30,27,27,41,41,27,30,41,27,31,62,27,33,28,27,28,27,27,30,229,41,27,41,229,41,27,40,27,41,41,27,29,41,27,27,27,27,27,27,27,41,27,27,41,27,27,41,27,27,27,27,41,41,41,41,41,27,41,27,27,41,27,41,33,37,41,27,41,41,41,27,27,41,41,41,27,41,41,34,37,41,41,28,41,27,28,41,27,41,78,229,27,41,178,41,91,30,197,27,220,41,27,31,39,27,41,27,41,27,38,31,41,41,41,27,41,41,27,41,27,27,27,27,41,27,41,41,27,39,32,27,41,41,41,27,41,41,41,27,27,41,41,41,41,27,41,41,41,41,41,41,41,41,41,27,27,27,27,27,38,27,41,27,27,27,41,40,41,27,41,27,41,27,27,35,27,41,41,41,27,27,27,27,27,41,41,27,27,27,30,41,27,27,27,41,27,27,27,41,41,27,28,30,41,41,27,27,41,41,35,41,27,41,27,27,41,27,41,37,27,27,41,27,27,27,27,41,41,41,27,30,38,27,27,41,27,41,41,41,27,27,40,41,41,41,38,27,37,41,41,41,30,41,41,41,41,27,27,41,35,41,41,27,41,38,27,27,41,41,41,41,27,27,41,41,27,41,41,41,36,41,41,27,40,41,41,41,41,41,41,27,27,41,39,27,41,28,41,27,27,45,31,41,41,41,41,41,27,27,41
229,230,27,230,230,230,27,229,229,27,27,41,39,41,41,27,40,27,41,36,41,27,41,41,41,41,27,27,41,27,27,27,41,27,41,28,41,27,41,27,27,41,27,41,35,41,27,41,41,41,41,27,41,40,41,27,41,41,27,27,27,41,41,41,41,41,41,27,41,40,41,41,41,41,41,27,41,41,27,27,27,199,229,41,27,106,27,229,41,41,230,41,27,41,41,27,27,39,41,41,41,27,41,230,27,41,41,41,29,27,41,41,27,87,229,229,229,229,41,27,27,41,41,27,27,27,29,41,27,41,27,27,27,27,37,27,41,27,27,27,36,41,27,41,41,229,27,30,27,27,27,223,27,41,35,229,41,40,55,229,41,229,41,41,41,27,58,41,38,41,223,230,230,144,41,27,229,230,27,27,27,190,205,27,205,41,205,27,27,147,41,41,27,27,41,41,27,41,41,41,41,27,74,41,38,27,28,27,54,41,50,41,27,27,41,41,27,41,40,41,31,27,27,41,27,27,27,27,27,27,27,230,230,27,27,27,230,27,27,230,230,230,230,187,27,230,27,27,230,27,219,41,27,40,41,27,27,41,148,230,183,230,31,230,27,230,219,28,72,27,132,40,27,41,41,41,43,27,229,27,27,27,41,41,27,41,38,41,27,27,27,27,27,41,229,27,27,229,27,27,188,229,230,229,229,230,230,229,229,43,27,229,27,182,27,27,27,27,229,40,27,27,27,27,27,68,27,229,27,27,41,41,41,41,27,41,27,27,27,27,41,29,41,41,41,38,41,27,41,41,41,29,27,41,27,41,27,41,41,41,27,27,41,41,27,27,35,27,41,27,42,35,30,27,27,41,29,27,27,27,27,181,228,191,41,205,27,27,30,41,220,27,41,41,27,229,27,108,27,109,41,27,41,27,38,27,41,186,41,27,41,27,27,27,41,41,27,27,41,41,41,41,27,38,41,41,38,27,27,27,41,41,41,27,27,27,41,27,41,35,78,27,39,41,41,206,57,41,41,41,27,156,30,41,41,41,230,230,190,27,219,27,27,41,31,223,230,27,41,27,27,229,27,27,229,229,229,185,27,228,46,228,41,27,230,27,230,230,41,74,27,27,41,41,27,27,27,41,41,41,27,229,41,27,38,35,41,41,85,41,41,39,27,27,35,41,27,27,27,41,41,41,39,41,27,41,41,30,27,41,229,27,41,27,41,229,27,41,27,219,27,27,213,229,230,27,29,41,27,41,80,230,27,41,230,27,41,41,41,27,230,230,27,41,42,27,230,76,230,27,41,41,29,27,41,41,27,27,27,28,27,27,41,27,27,41,27,27,39,27,27,44,41,27,27,41,41,27,41,27,27,230,30,27,27,41,41,27,27,27,41,29,27,41,41,41,41,41,27,65,230,27,27,230,229,27,230,41,27,27,27,27,27,27,27,27,55,39,41,27,109,41,41,41,27,41,27,27,27,41,41,41,41,41,41,27,41,41,40,41,41,27,41,31,41,40,41,41,41,41,41,27,41,27,41,27,27,41,41,41,30,27,27,27,230,82,41,41,27,27,27,27,28,41,41,27,37,41,27,27,205,27,28,27,27,40,27,27,27,229,41,27,41,229,41,27,41,27,41,41,27,39,41,27,27,27,27,27,27,27,41,27,27,41,27,27,41,27,27,27,27,41,41,41,41,41,27,41,27,27,41,27,41,27,41,41,27,41,41,41,27,27,41,41,41,27,41,41,37,41,41,41,35,41,27,35,41,27,41,78,229,97,41,115,27,129,38,229,27,220,41,27,27,41,27,41,27,41,27,31,27,41,41,41,27,41,41,27,41,27,28,27,27,41,27,41,41,27,30,32,27,41,41,41,27,41,41,41,27,27,41,41,41,41,30,41,41,41,41,41,41,41,41,41,27,27,27,41,27,30,27,41,27,27,27,41,41,41,27,41,27,41,29,27,28,28,41,41,41,27,27,27,27,27,41,41,27,27,30,27,41,27,27,27,41,28,27,27,41,41,27,27,27,41,41,27,41,41,41,35,41,27,41,27,27,41,27,41,41,27,27,41,27,27,27,27,41,41,41,27,39,41,27,27,41,27,41,41,41,27,30,41,41,41,41,41,27,41,41,41,41,37,41,38,41,41,27,30,41,40,41,41,27,41,41,27,27,41,41,41,41,27,27,41,41,27,41,41,41,29,41,41,27,41,41,41,41,41,41,41,30,27,41,29,27,41,33,41,27,27,27,27,41,41,41,41,38,27,27,41
229,230,27,230,230,230,27,229,229,27,27,41,39,41,41,27,40,27,41,36,41,27,41,41,41,41,27,27,41,27,27,27,41,27,41,28,41,27,41,27,27,41,27,41,35,41,27,41,41,41,41,27,41,40,41,27,41,41,27,27,27,41,41,41,41,41,41,27,41,40,41,41,41,41,41,27,41,41,27,27,27,199,229,41,27,106,27,229,41,41,230,41,27,41,41,27,27,39,41,41,41,27,41,230,27,41,41,41,29,27,41,41,27,87,229,229,229,229,41,27,27,41,41,27,27,27,29,41,27,41,27,27,27,27,37,27,41,27,27,27,36,41,27,41,41,229,27,30,27,27,27,223,27,41,35,229,41,40,55,229,41,229,41,41,41,27,58,41,38,41,223,230,230,144,41,27,229,230,27,27,27,190,205,27,205,41,205,27,27,147,41,41,27,27,41,41,27,41,41,41,41,27,74,41,38,27,28,27,54,41,50,41,27,27,41,41,27,41,40,41,31,27,27,41,27,27,27,27,27,27,27,230,230,27,27,27,230,27,27,230,230,230,230,187,27,230,27,27,230,27,219,41,27,40,41,27,27,41,148,230,183,230,31,230,27,230,219,28,72,27,132,40,27,41,41,41,43,27,229,27,27,27,41,41,27,41,38,41,27,27,27,27,27,41,229,27,27,229,27,27,188,229,230,229,229,230,230,229,229,43,27,229,27,182,27,27,27,27,229,40,27,27,27,27,27,68,27,229,27,27,41,41,41,41,27,41,27,27,27,27,41,29,41,41,41,38,41,27,41,41,41,29,27,41,27,41,27,41,41,41,27,27,41,41,27,27,35,27,41,27,42,35,30,27,27,41,29,27,27,27,27,181,228,191,41,205,27,27,30,41,220,27,41,41,27,229,27,108,27,109,41,27,41,27,38,27,41,186,41,27,41,27,27,27,41,41,27,27,41,41,41,41,27,38,41,41,38,27,27,27,41,41,41,27,27,27,41,27,41,35,78,27,39,41,41,206,57,41,41,41,27,156,30,41,41,41,230,230,190,27,219,27,27,41,31,223,230,27,41,27,27,229,27,27,229,229,229,185,27,228,46,228,41,27,230,27,230,230,41,74,27,27,41,41,27,27,27,41,41,41,27,229,41,27,38,35,41,41,85,41,41,39,27,27,35,41,27,27,27,41,41,41,39,41,27,41,41,30,27,41,229,27,41,27,41,229,27,41,27,219,27,27,213,229,230,27,29,41,27,41,80,230,27,41,230,27,41,41,41,27,230,230,27,41,42,27,230,76,230,27,41,41,29,27,41,41,27,27,27,28,27,27,41,27,27,41,27,27,39,27,27,44,41,27,27,41,41,27,41,27,27,230,30,27,27,41,41,27,27,27,41,29,27,41,41,41,41,41,27,65,230,27,27,230,229,27,230,41,27,27,27,27,27,27,27,27,55,39,41,27,109,41,41,41,27,41,27,27,27,41,41,41,41,41,41,27,41,41,40,41,41,27,41,31,41,40,41,41,41,41,41,27,41,27,41,27,27,41,41,41,30,27,27,27,230,82,41,41,27,27,27,27,28,41,41,27,37,41,27,27,205,27,28,27,27,40,27,27,27,229,41,27,41,229,41,27,41,27,41,41,27,39,41,27,27,27,27,27,27,27,41,27,27,41,27,27,41,27,27,27,27,41,41,41,41,41,27,41,27,27,41,27,41,27,41,41,27,41,41,41,27,27,41,41,41,27,41,41,37,41,41,41,35,41,27,35,41,27,41,78,229,97,41,115,27,129,38,229,27,220,41,27,27,41,27,41,27,41,27,31,27,41,41,41,27,41,41,27,41,27,28,27,27,41,27,41,41,27,30,32,27,41,41,41,27,41,41,41,27,27,41,41,41,41,30,41,41,41,41,41,41,41,41,41,27,27,27,41,27,30,27,41,27,27,27,41,41,41,27,41,27,41,29,27,28,28,41,41,41,27,27,27,27,27,41,41,27,27,30,27,41,27,27,27,41,28,27,27,41,41,27,27,27,41,41,27,41,41,41,35,41,27,41,27,27,41,27,41,41,27,27,41,27,27,27,27,41,41,41,27,39,41,27,27,41,27,41,41,41,27,30,41,41,41,41,41,27,41,41,41,41,37,41,38,41,41,27,30,41,40,41,41,27,41,41,27,27,41,41,41,41,27,27,41,41,27,41,41,41,29,41,41,27,41,41,41,41,41,41,41,30,27,41,29,27,41,33,41,27,27,27,27,41,41,41,41,38,27,27,41
230,230,27,230,230,230,27,229,229,27,27,41,41,41,41,27,41,27,41,28,41,27,41,41,41,41,27,27,41,27,27,29,41,27,41,33,41,27,41,27,27,41,27,41,40,41,27,41,41,41,41,27,41,35,41,27,41,41,29,31,41,41,41,41,41,41,41,27,41,35,41,41,41,40,41,27,41,41,27,27,27,229,229,41,27,221,27,229,53,41,230,27,27,41,41,27,41,41,41,41,41,27,41,230,27,41,41,41,35,27,41,41,27,42,172,229,229,229,41,27,27,41,41,27,27,34,27,41,27,41,27,27,27,27,41,27,38,27,27,27,36,41,27,41,60,229,27,27,27,27,29,229,27,41,40,218,41,41,214,229,41,229,41,38,41,27,218,41,29,41,230,230,229,60,41,27,229,230,27,27,27,68,205,27,205,41,187,27,27,147,41,41,27,27,41,41,27,41,41,41,41,27,193,41,31,27,35,27,219,41,50,41,27,27,41,41,29,41,35,41,31,27,27,41,27,27,27,27,27,27,27,230,230,27,27,27,230,27,27,230,230,230,230,72,27,230,27,27,230,27,152,41,27,41,41,27,27,72,56,230,183,230,75,230,27,230,230,73,177,36,132,41,27,41,41,41,41,27,229,27,27,29,41,41,27,41,31,41,27,27,27,27,27,41,229,27,27,31,27,27,188,229,230,229,229,230,230,229,186,27,27,229,29,81,27,27,27,27,229,164,27,27,27,27,27,27,30,229,27,27,41,41,41,41,27,41,27,27,27,27,41,27,41,41,41,41,41,27,41,41,41,27,27,41,27,41,27,41,41,41,27,36,41,41,27,27,41,36,41,27,41,28,37,27,27,27,35,27,27,27,27,84,214,104,41,205,27,27,27,41,180,27,41,41,27,96,27,40,27,109,41,27,41,27,30,27,41,230,41,27,41,27,27,27,41,40,27,27,41,41,41,41,27,31,41,41,41,27,27,27,41,41,41,27,27,27,41,30,41,35,181,27,30,41,41,229,200,41,41,41,27,38,27,41,41,41,188,230,230,27,219,27,27,41,27,229,230,27,41,41,27,229,27,27,229,229,229,230,27,229,27,229,41,27,230,27,230,230,41,143,27,27,41,41,27,27,41,41,41,41,35,123,32,30,41,40,41,41,188,41,41,29,27,27,29,41,30,29,27,41,41,41,29,41,27,41,41,38,27,41,229,27,41,27,41,229,27,41,27,219,27,27,180,216,230,27,35,41,27,41,80,230,27,42,230,27,41,41,41,27,230,230,27,41,41,27,160,42,230,27,41,41,27,27,41,41,27,27,27,28,27,27,41,27,27,41,27,27,33,27,27,27,41,27,27,41,41,27,41,27,41,230,27,27,27,41,41,27,27,27,41,27,30,41,41,41,41,41,29,65,230,27,27,230,229,27,230,41,27,27,27,27,27,27,27,27,27,41,41,27,109,41,41,40,27,41,27,27,27,41,27,41,41,41,41,27,41,41,41,41,41,27,41,27,41,36,41,41,41,41,41,27,41,27,41,27,27,41,41,41,38,27,27,27,230,46,41,41,27,27,27,27,39,40,41,27,41,41,27,27,229,27,27,27,27,41,27,27,27,229,41,27,41,217,41,27,41,27,41,41,27,41,41,30,27,27,27,27,27,27,41,27,27,41,27,27,41,27,27,27,27,41,41,41,41,41,27,41,27,27,41,27,41,27,41,41,30,41,27,41,27,27,41,41,41,27,41,41,40,41,41,41,40,41,27,40,41,27,41,78,229,230,41,74,27,202,41,229,27,220,41,27,27,41,27,41,41,41,27,27,27,41,41,41,27,41,41,27,41,27,35,27,30,41,27,41,41,27,27,32,27,40,41,41,27,41,41,41,27,27,41,41,41,41,37,41,41,41,41,41,41,41,41,40,28,27,27,41,27,27,36,41,27,27,27,41,41,41,27,41,27,41,39,27,27,36,41,41,41,27,27,27,27,27,41,41,27,27,38,27,41,27,27,27,41,40,40,27,41,41,27,27,27,37,41,27,41,41,41,34,41,27,41,29,27,41,27,41,41,27,36,38,29,27,27,27,41,41,41,27,41,41,27,27,41,27,41,41,41,27,37,41,41,41,41,41,29,41,41,41,41,41,41,30,41,41,27,38,41,41,41,41,41,41,41,27,27,41,41,41,41,27,27,41,38,27,41,41,41,27,41,41,27,41,41,41,41,41,41,38,37,27,41,27,27,41,39,229,27,27,27,27,41,41,41,41,31,42,27,38
230,230,27,230,230,230,27,229,229,27,27,41,41,41,41,27,41,27,41,28,41,27,41,41,41,41,27,27,41,27,27,29,41,27,41,33,41,27,41,27,27,41,27,41,40,41,27,41,41,41,41,27,41,35,41,27,41,41,29,31,41,41,41,41,41,41,41,27,41,35,41,41,41,40,41,27,41,41,27,27,27,229,229,41,27,221,27,229,53,41,230,27,27,41,41,27,41,41,41,41,41,27,41,230,27,41,41,41,35,27,41,41,27,42,172,229,229,229,41,27,27,41,41,27,27,34,27,41,27,41,27,27,27,27,41,27,38,27,27,27,36,41,27,41,60,229,27,27,27,27,29,229,27,41,40,218,41,41,214,229,41,229,41,38,41,27,218,41,29,41,230,230,229,60,41,27,229,230,27,27,27,68,205,27,205,41,187,27,27,147,41,41,27,27,41,41,27,41,41,41,41,27,193,41,31,27,35,27,219,41,50,41,27,27,41,41,29,41,35,41,31,27,27,41,27,27,27,27,27,27,27,230,230,27,27,27,230,27,27,230,230,230,230,72,27,230,27,27,230,27,152,41,27,41,41,27,27,72,56,230,183,230,75,230,27,230,230,73,177,36,132,41,27,41,41,41,41,27,229,27,27,29,41,41,27,41,31,41,27,27,27,27,27,41,229,27,27,31,27,27,188,229,230,229,229,230,230,229,186,27,27,229,29,81,27,27,27,27,229,164,27,27,27,27,27,27,30,229,27,27,41,41,41,41,27,41,27,27,27,27,41,27,41,41,41,41,41,27,41,41,41,27,27,41,27,41,27,41,41,41,27,36,41,41,27,27,41,36,41,27,41,28,37,27,27,27,35,27,27,27,27,84,214,104,41,205,27,27,27,41,180,27,41,41,27,96,27,40,27,109,41,27,41,27,30,27,41,230,41,27,41,27,27,27,41,40,27,27,41,41,41,41,27,31,41,41,41,27,27,27,41,41,41,27,27,27,41,30,41,35,181,27,30,41,41,229,200,41,41,41,27,38,27,41,41,41,188,230,230,27,219,27,27,41,27,229,230,27,41,41,27,229,27,27,229,229,229,230,27,229,27,229,41,27,230,27,230,230,41,143,27,27,41,41,27,27,41,41,41,41,35,123,32,30,41,40,41,41,188,41,41,29,27,27,29,41,30,29,27,41,41,41,29,41,27,41,41,38,27,41,229,27,41,27,41,229,27,41,27,219,27,27,180,216,230,27,35,41,27,41,80,230,27,42,230,27,41,41,41,27,230,230,27,41,41,27,160,42,230,27,41,41,27,27,41,41,27,27,27,28,27,27,41,27,27,41,27,27,33,27,27,27,41,27,27,41,41,27,41,27,41,230,27,27,27,41,41,27,27,27,41,27,30,41,41,41,41,41,29,65,230,27,27,230,229,27,230,41,27,27,27,27,27,27,27,27,27,41,41,27,109,41,41,40,27,41,27,27,27,41,27,41,41,41,41,27,41,41,41,41,41,27,41,27,41,36,41,41,41,41,41,27,41,27,41,27,27,41,41,41,38,27,27,27,230,46,41,41,27,27,27,27,39,40,41,27,41,41,27,27,229,27,27,27,27,41,27,27,27,229,41,27,41,217,41,27,41,27,41,41,27,41,41,30,27,27,27,27,27,27,41,27,27,41,27,27,41,27,27,27,27,41,41,41,41,41,27,41,27,27,41,27,41,27,41,41,30,41,27,41,27,27,41,41,41,27,41,41,40,41,41,41,40,41,27,40,41,27,41,78,229,230,41,74,27,202,41,229,27,220,41,27,27,41,27,41,41,41,27,27,27,41,41,41,27,41,41,27,41,27,35,27,30,41,27,41,41,27,27,32,27,40,41,41,27,41,41,41,27,27,41,41,41,41,37,41,41,41,41,41,41,41,41,40,28,27,27,41,27,27,36,41,27,27,27,41,41,41,27,41,27,41,39,27,27,36,41,41,41,27,27,27,27,27,41,41,27,27,38,27,41,27,27,27,41,40,40,27,41,41,27,27,27,37,41,27,41,41,41,34,41,27,41,29,27,41,27,41,41,27,36,38,29,27,27,27,41,41,41,27,41,41,27,27,41,27,41,41,41,27,37,41,41,41,41,41,29,41,41,41,41,41,41,30,41,41,27,38,41,41,41,41,41,41,41,27,27,41,41,41,41,27,27,41,38,27,41,41,41,27,41,41,27,41,41,41,41,41,41,38,37,27,41,27,27,41,39,229,27,27,27,27,41,41,41,41,31,42,27,38
230,229,160,230,230,230,27,229,230,27,27,41,41,41,41,27,41,27,41,27,41,27,41,41,41,41,27,27,40,27,27,38,41,27,41,41,41,27,41,27,27,41,27,41,41,41,27,41,41,41,41,27,41,29,41,27,41,41,35,38,41,41,41,41,41,41,41,27,41,30,41,41,41,35,41,27,41,41,27,27,27,229,27,41,27,229,27,229,94,41,206,27,27,41,41,27,41,41,41,41,27,27,41,230,27,47,41,41,40,27,41,41,27,41,53,208,229,229,41,27,27,41,41,27,27,40,27,41,27,41,27,27,27,27,41,27,30,27,27,27,36,41,27,41,195,229,27,27,27,27,35,229,27,41,41,149,41,41,229,229,41,229,41,30,40,27,230,41,27,41,230,230,229,27,42,27,229,230,27,27,27,27,200,27,205,51,97,27,27,147,41,41,27,27,41,39,27,41,41,41,41,29,229,41,27,27,40,27,229,41,50,40,27,27,41,41,35,41,29,41,31,29,27,41,27,27,27,27,27,27,27,230,230,27,54,27,230,27,27,230,230,230,230,27,27,230,27,27,230,27,51,42,27,41,41,27,27,192,27,230,183,230,177,230,27,230,230,177,230,41,132,41,27,41,41,41,41,27,185,27,27,39,72,41,27,41,27,41,27,27,27,30,27,41,230,27,27,27,27,27,188,229,230,229,229,230,230,229,226,27,27,229,35,27,29,27,27,27,229,164,27,27,27,27,27,27,38,189,27,27,41,41,41,41,27,41,27,27,27,27,41,27,41,40,41,41,41,27,41,41,41,27,27,27,27,41,27,41,41,41,27,41,41,41,27,27,41,36,36,27,41,27,41,27,27,27,40,27,27,27,27,27,205,80,41,205,27,27,27,46,79,27,41,41,27,27,27,27,27,109,41,27,41,27,27,27,41,230,41,29,41,27,27,27,41,35,27,27,41,41,41,38,27,27,41,41,41,27,27,27,41,41,41,27,27,27,41,37,41,35,228,27,27,41,41,229,228,41,41,41,30,27,27,41,42,40,90,230,230,27,219,27,27,41,27,229,205,27,41,41,27,229,27,27,197,229,229,230,27,229,27,229,41,27,97,27,230,230,104,182,27,27,41,41,27,27,41,41,41,41,41,47,27,37,41,41,41,41,229,41,41,27,27,29,27,41,38,35,27,41,41,41,27,41,28,41,41,41,27,41,229,27,106,27,41,229,27,41,27,219,27,30,134,154,230,27,40,41,27,41,80,230,27,84,230,27,41,41,41,27,230,230,27,41,41,27,27,41,230,27,41,41,27,27,41,41,27,27,27,28,41,27,41,27,27,41,27,27,27,27,29,27,41,27,27,41,41,27,41,27,41,230,27,27,27,41,41,27,27,27,41,27,38,41,41,41,41,41,40,65,230,27,27,230,229,27,230,61,27,27,27,27,27,27,27,27,229,41,41,27,109,41,41,35,27,41,27,35,28,41,27,41,41,41,41,27,41,41,41,41,41,27,41,27,41,29,41,41,41,41,41,27,40,27,41,30,27,41,41,41,41,27,30,27,230,27,41,41,27,27,27,30,41,32,41,27,41,41,27,27,229,27,27,27,27,41,27,27,27,198,41,27,41,150,42,27,42,27,41,41,27,41,41,38,27,27,27,27,27,27,41,27,27,38,27,27,41,27,27,29,27,41,41,40,41,41,27,41,27,41,41,27,41,27,41,41,38,41,27,41,27,27,41,41,41,27,41,41,41,41,41,41,41,41,27,41,41,27,41,78,229,230,41,41,27,229,41,229,37,217,41,27,27,41,30,41,41,41,27,27,27,41,41,41,27,41,41,27,41,27,40,27,38,41,27,41,41,27,27,32,30,35,41,41,27,40,41,41,30,27,41,41,41,41,41,41,41,41,41,41,41,41,41,35,34,36,27,41,27,27,41,41,27,27,27,41,41,41,27,41,27,41,41,27,27,41,41,41,41,27,27,27,27,27,41,41,27,27,41,27,41,27,27,27,40,41,41,27,41,41,27,27,27,31,41,29,41,41,41,33,41,27,41,39,27,41,27,38,41,41,41,31,35,27,36,27,41,41,41,27,41,41,27,27,41,27,41,41,41,27,41,41,41,41,41,41,38,41,41,41,41,41,41,27,41,41,27,41,41,41,41,27,41,41,41,27,27,41,41,41,41,27,27,41,30,27,41,41,41,27,41,41,28,41,41,41,41,41,41,31,41,41,41,27,27,86,41,229,41,27,27,27,41,41,41,41,27,109,42,31
230,229,229,230,230,230,27,229,230,27,27,41,41,41,41,27,41,27,41,27,41,27,41,41,41,41,27,27,33,27,27,41,41,27,41,41,41,27,38,27,27,41,27,41,41,41,27,38,41,41,41,27,41,27,41,30,41,41,40,33,41,41,41,41,41,41,41,27,40,27,41,41,41,29,41,27,41,41,27,27,27,229,27,41,41,229,27,221,128,41,109,27,27,41,41,27,41,41,41,39,27,27,41,189,36,56,41,41,41,27,41,41,27,41,103,187,229,229,41,27,27,41,41,27,27,41,27,41,27,41,27,27,27,27,41,27,27,27,27,27,33,41,27,41,228,222,27,27,27,27,40,229,27,86,41,49,41,41,229,229,42,217,41,27,35,27,230,41,27,41,230,230,229,27,85,27,229,230,29,27,28,27,91,27,188,96,37,27,27,147,41,41,27,27,41,33,41,41,41,41,42,35,229,41,27,27,41,27,229,40,48,35,27,27,41,41,40,41,27,41,31,39,27,41,27,27,27,27,27,27,27,230,230,27,190,27,230,27,27,230,230,229,230,27,27,215,44,44,230,27,27,82,27,41,224,27,27,229,27,217,171,230,230,230,160,230,230,230,230,41,27,41,27,41,41,41,41,29,93,27,27,41,195,41,27,41,27,41,27,27,27,37,27,55,230,27,27,27,27,27,188,229,230,229,229,230,230,229,229,27,27,229,40,27,35,27,27,27,229,164,27,27,27,27,27,27,41,69,27,27,41,41,41,41,27,41,27,27,27,27,41,27,41,35,41,41,41,27,41,41,41,27,27,27,30,41,27,41,41,41,27,41,41,41,27,27,41,41,27,27,41,27,41,27,27,27,41,27,27,29,27,27,205,35,48,205,27,27,27,109,27,27,41,41,27,27,27,27,27,109,41,27,41,30,27,27,41,230,41,35,41,27,27,27,41,29,27,27,41,41,41,31,27,27,41,41,41,27,27,27,41,41,41,27,41,27,41,41,41,35,229,27,27,41,41,229,229,41,40,41,37,27,27,41,80,36,43,230,230,27,219,27,27,41,27,229,68,29,41,41,27,229,27,27,65,229,229,230,29,221,27,229,41,41,27,27,230,230,225,183,30,27,41,41,30,27,41,41,41,41,41,44,27,41,41,41,41,41,229,41,41,27,27,35,27,41,41,40,27,41,41,41,27,41,40,41,41,41,27,41,229,27,229,40,41,229,27,41,27,219,27,37,71,66,230,27,41,41,27,38,80,230,27,181,196,27,41,41,41,27,230,230,33,41,41,27,27,41,230,27,41,41,27,27,27,41,27,27,27,28,41,27,41,27,27,41,27,27,27,27,37,27,41,27,27,28,41,27,41,27,41,230,27,27,27,41,41,27,27,27,41,27,41,41,41,41,41,41,41,27,230,27,27,230,229,41,230,200,29,27,27,27,27,27,27,27,229,41,41,27,109,41,41,29,27,41,27,41,40,41,27,41,41,40,41,27,41,41,41,41,41,27,41,27,41,27,41,41,41,41,41,27,36,27,41,38,27,41,41,41,41,27,38,27,201,27,41,41,27,27,27,38,41,28,41,41,41,41,27,27,229,27,27,27,27,41,27,27,27,81,41,27,41,53,78,27,74,27,41,27,27,41,41,41,27,27,27,27,27,27,41,27,27,31,27,27,41,27,27,30,27,41,41,35,41,41,27,41,27,41,41,27,41,27,41,41,41,41,27,36,27,27,41,41,41,29,41,41,41,41,41,41,41,41,27,41,41,27,41,78,229,230,56,27,27,229,41,229,106,200,41,29,27,41,37,41,41,41,27,27,27,41,41,41,27,40,41,27,41,27,41,27,41,41,27,41,41,27,27,32,38,29,41,41,27,35,41,41,37,27,41,41,41,41,41,41,41,41,41,41,41,41,41,29,40,41,27,41,27,27,41,41,27,27,30,41,41,41,27,41,27,41,41,27,27,41,41,41,39,41,27,27,27,27,40,41,27,27,41,27,41,27,27,27,28,41,41,30,41,41,27,27,27,27,41,38,41,41,41,33,38,27,41,41,30,41,27,27,41,41,41,27,40,27,41,27,41,41,41,27,41,41,27,27,41,27,41,41,41,27,41,41,41,41,41,41,41,41,41,41,41,41,41,27,41,41,30,41,41,41,41,27,41,41,41,27,27,41,41,41,41,27,27,41,27,27,41,41,41,27,41,41,36,41,40,41,41,41,41,27,41,41,41,27,27,181,41,229,41,27,27,27,41,41,41,41,27,199,110,27
230,229,229,230,230,230,27,229,230,27,27,41,41,41,41,27,41,27,41,27,41,27,41,41,41,41,27,27,33,27,27,41,41,27,41,41,41,27,38,27,27,41,27,41,41,41,27,38,41,41,41,27,41,27,41,30,41,41,40,33,41,41,41,41,41,41,41,27,40,27,41,41,41,29,41,27,41,41,27,27,27,229,27,41,41,229,27,221,128,41,109,27,27,41,41,27,41,41,41,39,27,27,41,189,36,56,41,41,41,27,41,41,27,41,103,187,229,229,41,27,27,41,41,27,27,41,27,41,27,41,27,27,27,27,41,27,27,27,27,27,33,41,27,41,228,222,27,27,27,27,40,229,27,86,41,49,41,41,229,229,42,217,41,27,35,27,230,41,27,41,230,230,229,27,85,27,229,230,29,27,28,27,91,27,188,96,37,27,27,147,41,41,27,27,41,33,41,41,41,41,42,35,229,41,27,27,41,27,229,40,48,35,27,27,41,41,40,41,27,41,31,39,27,41,27,27,27,27,27,27,27,230,230,27,190,27,230,27,27,230,230,229,230,27,27,215,44,44,230,27,27,82,27,41,224,27,27,229,27,217,171,230,230,230,160,230,230,230,230,41,27,41,27,41,41,41,41,29,93,27,27,41,195,41,27,41,27,41,27,27,27,37,27,55,230,27,27,27,27,27,188,229,230,229,229,230,230,229,229,27,27,229,40,27,35,27,27,27,229,164,27,27,27,27,27,27,41,69,27,27,41,41,41,41,27,41,27,27,27,27,41,27,41,35,41,41,41,27,41,41,41,27,27,27,30,41,27,41,41,41,27,41,41,41,27,27,41,41,27,27,41,27,41,27,27,27,41,27,27,29,27,27,205,35,48,205,27,27,27,109,27,27,41,41,27,27,27,27,27,109,41,27,41,30,27,27,41,230,41,35,41,27,27,27,41,29,27,27,41,41,41,31,27,27,41,41,41,27,27,27,41,41,41,27,41,27,41,41,41,35,229,27,27,41,41,229,229,41,40,41,37,27,27,41,80,36,43,230,230,27,219,27,27,41,27,229,68,29,41,41,27,229,27,27,65,229,229,230,29,221,27,229,41,41,27,27,230,230,225,183,30,27,41,41,30,27,41,41,41,41,41,44,27,41,41,41,41,41,229,41,41,27,27,35,27,41,41,40,27,41,41,41,27,41,40,41,41,41,27,41,229,27,229,40,41,229,27,41,27,219,27,37,71,66,230,27,41,41,27,38,80,230,27,181,196,27,41,41,41,27,230,230,33,41,41,27,27,41,230,27,41,41,27,27,27,41,27,27,27,28,41,27,41,27,27,41,27,27,27,27,37,27,41,27,27,28,41,27,41,27,41,230,27,27,27,41,41,27,27,27,41,27,41,41,41,41,41,41,41,27,230,27,27,230,229,41,230,200,29,27,27,27,27,27,27,27,229,41,41,27,109,41,41,29,27,41,27,41,40,41,27,41,41,40,41,27,41,41,41,41,41,27,41,27,41,27,41,41,41,41,41,27,36,27,41,38,27,41,41,41,41,27,38,27,201,27,41,41,27,27,27,38,41,28,41,41,41,41,27,27,229,27,27,27,27,41,27,27,27,81,41,27,41,53,78,27,74,27,41,27,27,41,41,41,27,27,27,27,27,27,41,27,27,31,27,27,41,27,27,30,27,41,41,35,41,41,27,41,27,41,41,27,41,27,41,41,41,41,27,36,27,27,41,41,41,29,41,41,41,41,41,41,41,41,27,41,41,27,41,78,229,230,56,27,27,229,41,229,106,200,41,29,27,41,37,41,41,41,27,27,27,41,41,41,27,40,41,27,41,27,41,27,41,41,27,41,41,27,27,32,38,29,41,41,27,35,41,41,37,27,41,41,41,41,41,41,41,41,41,41,41,41,41,29,40,41,27,41,27,27,41,41,27,27,30,41,41,41,27,41,27,41,41,27,27,41,41,41,39,41,27,27,27,27,40,41,27,27,41,27,41,27,27,27,28,41,41,30,41,41,27,27,27,27,41,38,41,41,41,33,38,27,41,41,30,41,27,27,41,41,41,27,40,27,41,27,41,41,41,27,41,41,27,27,41,27,41,41,41,27,41,41,41,41,41,41,41,41,41,41,41,41,41,27,41,41,30,41,41,41,41,27,41,41,41,27,27,41,41,41,41,27,27,41,27,27,41,41,41,27,41,41,36,41,40,41,41,41,41,27,41,41,41,27,27,181,41,229,41,27,27,27,41,41,41,41,27,199,110,27
230,229,229,160,230,230,28,229,230,27,27,41,41,39,41,27,41,27,41,27,41,27,41,41,41,41,27,27,28,27,27,41,41,27,41,41,41,27,31,27,30,41,36,41,41,41,27,30,41,41,41,27,41,27,41,37,41,41,41,27,41,41,41,41,41,41,38,30,36,27,41,41,41,27,41,27,41,41,27,30,27,229,27,41,41,229,27,43,206,52,40,27,27,41,41,27,41,41,41,29,27,27,38,88,41,220,41,41,41,27,41,41,27,41,188,229,229,229,41,27,27,41,41,27,36,41,27,41,27,41,27,27,27,27,41,27,27,27,27,27,27,41,27,41,229,156,27,27,36,27,41,229,27,179,41,27,61,41,229,229,79,148,41,27,29,27,230,41,27,41,230,230,229,27,181,72,229,230,80,27,43,27,30,27,97,124,27,27,27,147,41,41,27,27,41,28,41,41,41,41,80,40,229,41,27,27,41,27,229,28,43,29,27,27,41,41,41,41,27,41,31,41,27,41,27,27,27,27,27,27,27,230,230,27,229,27,230,27,27,230,230,162,230,27,27,179,218,218,230,27,27,191,27,41,230,27,27,230,27,60,27,230,230,230,230,230,230,230,230,41,27,42,27,41,27,41,41,34,46,27,27,41,229,41,27,41,27,41,27,27,27,41,27,116,230,27,27,27,27,43,188,229,230,193,229,230,230,229,229,27,30,229,41,27,40,27,27,27,229,164,27,27,27,27,27,27,41,27,27,41,41,41,41,41,27,41,27,27,27,27,41,27,41,29,41,41,41,27,40,41,39,27,27,27,37,41,27,41,41,41,27,41,41,41,27,27,41,41,27,27,41,27,41,27,27,27,41,27,27,33,27,27,126,27,112,88,27,29,27,220,27,27,41,41,27,27,27,27,27,109,41,29,39,38,27,27,38,194,41,40,41,30,36,27,41,27,27,27,41,41,41,27,27,27,41,41,41,27,27,27,41,41,41,27,41,27,38,41,41,35,229,27,27,41,41,222,229,41,36,42,41,27,27,42,194,29,41,230,194,36,219,27,27,41,27,229,41,39,41,41,27,195,29,27,27,229,229,230,35,186,27,229,41,41,27,27,230,230,230,183,38,27,41,41,37,27,41,41,41,41,41,41,27,41,83,41,41,41,229,41,41,27,27,40,27,41,41,41,27,41,41,41,27,41,41,41,41,41,27,41,229,27,229,41,41,229,27,41,27,219,27,41,41,41,229,27,41,41,27,31,80,230,27,230,84,27,41,41,41,40,226,230,150,41,41,30,27,41,230,27,41,41,27,27,27,41,27,27,27,28,41,27,41,27,27,41,27,27,27,27,41,27,41,27,30,27,41,27,41,27,41,229,27,27,27,41,41,27,28,27,41,27,41,41,41,41,41,41,41,27,27,27,27,230,230,41,27,228,39,27,27,27,27,27,27,27,133,41,41,27,91,41,41,27,27,41,27,41,41,41,27,41,41,36,41,27,41,41,41,41,41,27,41,27,38,27,41,41,41,41,41,27,30,27,41,41,30,41,41,41,41,30,41,27,118,27,41,41,27,27,27,41,41,27,41,41,41,41,29,27,229,27,27,27,29,41,27,27,27,42,214,27,41,27,192,27,198,27,41,27,27,41,41,41,27,27,27,27,27,27,41,27,27,27,27,27,41,27,27,30,27,41,41,29,41,41,27,41,28,41,27,27,41,27,41,41,41,41,27,27,27,27,41,41,41,35,41,41,41,41,41,41,41,41,27,41,41,27,41,51,27,230,119,27,27,229,41,185,211,197,41,38,27,41,41,41,41,41,27,27,27,41,41,41,27,35,41,27,41,27,41,29,41,41,27,41,41,27,27,32,41,27,41,41,27,29,41,41,41,27,41,41,41,41,41,41,41,41,41,41,41,41,41,27,41,41,27,41,27,27,41,41,27,27,37,41,41,41,27,41,29,41,41,27,27,41,33,38,27,41,27,27,27,27,35,41,27,27,41,27,41,27,27,27,27,41,41,38,41,41,27,27,35,27,41,41,41,41,41,33,30,27,41,41,37,41,27,27,41,41,41,27,41,27,41,27,41,41,41,27,41,41,27,27,41,27,41,41,41,27,41,41,41,41,41,41,41,41,41,41,41,41,41,27,41,41,37,41,41,41,41,27,41,41,41,27,30,41,35,41,41,27,30,41,27,29,41,41,41,27,41,41,40,41,36,41,41,41,41,27,41,41,41,27,27,229,41,229,41,27,27,27,41,41,41,41,27,229,199,27
229,229,229,27,230,229,75,229,230,27,27,41,41,29,41,27,41,30,41,27,41,27,41,41,41,41,27,27,27,27,27,41,41,27,41,39,41,27,27,27,37,41,41,41,41,41,27,27,41,41,41,27,41,27,41,41,41,41,41,29,41,41,41,41,41,38,30,37,30,27,41,41,41,27,41,27,36,41,27,37,27,229,27,41,41,229,27,27,229,116,27,27,27,41,41,27,41,41,41,27,27,27,30,42,41,230,41,41,42,27,41,41,27,41,83,214,229,229,41,27,27,41,41,27,41,41,27,41,27,87,27,27,27,27,41,27,27,27,27,27,27,40,27,41,229,50,27,27,41,29,41,27,27,227,41,27,213,41,215,47,197,51,41,27,27,41,230,41,27,223,223,229,229,27,230,175,229,160,180,27,87,27,27,27,36,211,27,27,27,127,41,41,27,27,41,27,41,41,41,41,186,41,229,41,27,30,41,27,229,27,41,27,27,27,41,41,41,41,27,41,31,41,27,41,27,27,27,27,27,27,27,230,230,27,230,27,230,27,27,230,230,38,230,27,27,131,230,230,230,27,27,230,27,60,230,27,27,230,27,41,27,230,230,230,230,160,230,230,230,41,27,80,27,41,27,41,41,40,43,27,28,41,229,39,27,41,27,41,29,27,27,41,27,197,230,27,27,27,27,111,188,229,230,67,230,230,230,229,229,27,124,229,41,27,41,27,27,27,229,164,27,27,27,27,27,27,27,229,27,41,41,41,41,41,27,38,27,27,27,27,41,27,40,27,41,41,41,27,28,41,29,27,27,27,41,39,28,41,41,41,27,41,41,41,27,27,41,41,27,27,41,27,81,27,27,27,41,30,27,37,27,27,44,27,212,27,27,39,27,230,27,27,38,41,27,27,27,27,27,92,41,35,30,41,27,27,30,87,41,41,41,38,41,29,41,27,27,27,38,41,41,27,27,27,41,41,41,27,27,27,41,41,41,27,41,29,31,41,41,35,214,27,27,47,41,156,229,39,30,85,41,27,27,80,230,27,41,230,88,41,230,27,27,41,27,229,41,41,27,41,27,67,35,27,27,229,229,230,40,142,27,229,106,41,27,27,230,230,230,183,41,27,41,41,41,27,41,41,41,41,41,41,27,41,179,41,41,41,229,40,41,27,27,41,27,41,41,41,27,41,41,41,27,41,41,41,41,41,27,41,229,27,229,41,41,229,27,55,27,219,27,41,41,41,229,27,41,47,41,27,80,230,27,230,42,27,41,41,41,41,57,230,221,41,41,39,27,41,230,27,41,41,27,27,27,41,27,27,27,28,41,27,41,27,27,39,27,27,27,27,41,27,41,27,37,27,41,27,41,27,41,162,27,27,27,41,41,27,39,28,41,27,41,41,41,41,41,41,41,27,27,27,27,230,230,41,27,229,41,27,27,27,27,27,27,27,42,41,41,27,49,41,41,27,27,41,27,41,41,41,27,41,41,29,41,27,41,41,41,41,41,27,41,27,31,27,41,41,41,41,41,27,27,29,41,41,38,41,41,41,41,37,41,27,46,27,41,41,27,27,27,41,41,27,41,41,41,41,39,27,229,27,27,27,38,41,27,27,27,41,219,27,41,27,229,27,229,27,41,27,27,41,41,41,27,27,27,27,27,27,41,27,27,27,27,27,41,27,27,30,27,41,41,27,41,41,27,41,35,41,27,27,41,27,41,41,41,41,27,27,27,27,41,41,41,40,41,41,41,41,41,41,41,41,27,41,41,27,41,37,27,230,201,27,27,229,41,82,230,197,41,41,27,41,41,41,41,41,27,27,27,41,41,41,27,30,41,27,41,27,41,35,41,41,27,41,41,27,27,32,41,27,41,41,27,27,41,40,41,27,41,41,41,41,41,41,41,41,41,41,41,41,41,27,41,41,27,41,27,27,41,41,27,30,41,41,41,41,27,38,41,41,41,27,27,41,27,36,27,41,27,27,27,27,29,41,27,27,41,27,41,27,27,41,27,41,41,41,41,27,27,27,41,27,41,41,41,41,41,33,27,27,41,41,41,41,27,27,41,41,41,27,41,28,41,29,41,41,41,27,41,41,27,27,41,27,41,39,41,27,41,41,41,41,41,41,41,41,41,41,41,41,41,27,40,41,41,41,41,41,41,27,41,41,41,27,38,41,28,41,41,27,37,41,27,35,41,41,41,27,41,41,41,41,28,27,41,41,39,27,41,41,27,27,27,229,41,229,41,27,27,27,41,41,41,41,27,229,229,27
229,229,229,27,230,229,75,229,230,27,27,41,41,29,41,27,41,30,41,27,41,27,41,41,41,41,27,27,27,27,27,41,41,27,41,39,41,27,27,27,37,41,41,41,41,41,27,27,41,41,41,27,41,27,41,41,41,41,41,29,41,41,41,41,41,38,30,37,30,27,41,41,41,27,41,27,36,41,27,37,27,229,27,41,41,229,27,27,229,116,27,27,27,41,41,27,41,41,41,27,27,27,30,42,41,230,41,41,42,27,41,41,27,41,83,214,229,229,41,27,27,41,41,27,41,41,27,41,27,87,27,27,27,27,41,27,27,27,27,27,27,40,27,41,229,50,27,27,41,29,41,27,27,227,41,27,213,41,215,47,197,51,41,27,27,41,230,41,27,223,223,229,229,27,230,175,229,160,180,27,87,27,27,27,36,211,27,27,27,127,41,41,27,27,41,27,41,41,41,41,186,41,229,41,27,30,41,27,229,27,41,27,27,27,41,41,41,41,27,41,31,41,27,41,27,27,27,27,27,27,27,230,230,27,230,27,230,27,27,230,230,38,230,27,27,131,230,230,230,27,27,230,27,60,230,27,27,230,27,41,27,230,230,230,230,160,230,230,230,41,27,80,27,41,27,41,41,40,43,27,28,41,229,39,27,41,27,41,29,27,27,41,27,197,230,27,27,27,27,111,188,229,230,67,230,230,230,229,229,27,124,229,41,27,41,27,27,27,229,164,27,27,27,27,27,27,27,229,27,41,41,41,41,41,27,38,27,27,27,27,41,27,40,27,41,41,41,27,28,41,29,27,27,27,41,39,28,41,41,41,27,41,41,41,27,27,41,41,27,27,41,27,81,27,27,27,41,30,27,37,27,27,44,27,212,27,27,39,27,230,27,27,38,41,27,27,27,27,27,92,41,35,30,41,27,27,30,87,41,41,41,38,41,29,41,27,27,27,38,41,41,27,27,27,41,41,41,27,27,27,41,41,41,27,41,29,31,41,41,35,214,27,27,47,41,156,229,39,30,85,41,27,27,80,230,27,41,230,88,41,230,27,27,41,27,229,41,41,27,41,27,67,35,27,27,229,229,230,40,142,27,229,106,41,27,27,230,230,230,183,41,27,41,41,41,27,41,41,41,41,41,41,27,41,179,41,41,41,229,40,41,27,27,41,27,41,41,41,27,41,41,41,27,41,41,41,41,41,27,41,229,27,229,41,41,229,27,55,27,219,27,41,41,41,229,27,41,47,41,27,80,230,27,230,42,27,41,41,41,41,57,230,221,41,41,39,27,41,230,27,41,41,27,27,27,41,27,27,27,28,41,27,41,27,27,39,27,27,27,27,41,27,41,27,37,27,41,27,41,27,41,162,27,27,27,41,41,27,39,28,41,27,41,41,41,41,41,41,41,27,27,27,27,230,230,41,27,229,41,27,27,27,27,27,27,27,42,41,41,27,49,41,41,27,27,41,27,41,41,41,27,41,41,29,41,27,41,41,41,41,41,27,41,27,31,27,41,41,41,41,41,27,27,29,41,41,38,41,41,41,41,37,41,27,46,27,41,41,27,27,27,41,41,27,41,41,41,41,39,27,229,27,27,27,38,41,27,27,27,41,219,27,41,27,229,27,229,27,41,27,27,41,41,41,27,27,27,27,27,27,41,27,27,27,27,27,41,27,27,30,27,41,41,27,41,41,27,41,35,41,27,27,41,27,41,41,41,41,27,27,27,27,41,41,41,40,41,41,41,41,41,41,41,41,27,41,41,27,41,37,27,230,201,27,27,229,41,82,230,197,41,41,27,41,41,41,41,41,27,27,27,41,41,41,27,30,41,27,41,27,41,35,41,41,27,41,41,27,27,32,41,27,41,41,27,27,41,40,41,27,41,41,41,41,41,41,41,41,41,41,41,41,41,27,41,41,27,41,27,27,41,41,27,30,41,41,41,41,27,38,41,41,41,27,27,41,27,36,27,41,27,27,27,27,29,41,27,27,41,27,41,27,27,41,27,41,41,41,41,27,27,27,41,27,41,41,41,41,41,33,27,27,41,41,41,41,27,27,41,41,41,27,41,28,41,29,41,41,41,27,41,41,27,27,41,27,41,39,41,27,41,41,41,41,41,41,41,41,41,41,41,41,41,27,40,41,41,41,41,41,41,27,41,41,41,27,38,41,28,41,41,27,37,41,27,35,41,41,41,27,41,41,41,41,28,27,41,41,39,27,41,41,27,27,27,229,41,229,41,27,27,27,41,41,41,41,27,229,229,27
229,229,229,27,230,229,183,229,230,27,27,41,41,27,41,29,41,37,35,27,41,27,41,27,41,41,27,27,27,30,27,41,41,27,41,41,41,27,27,30,41,41,41,41,41,41,27,27,41,41,41,27,41,27,41,41,41,41,41,35,41,41,41,41,38,30,27,41,27,27,38,41,41,27,41,27,27,41,27,41,27,229,27,41,41,217,27,27,229,207,27,27,27,41,41,27,41,41,41,27,27,27,27,41,41,230,41,41,89,41,41,40,27,41,41,147,229,229,41,27,27,41,86,27,41,41,27,41,27,182,27,28,27,27,41,27,27,27,27,27,27,35,29,41,229,27,27,27,41,35,41,27,27,229,42,27,229,56,63,41,230,27,41,27,27,28,230,41,27,229,172,229,229,27,230,229,229,27,229,29,102,27,27,27,27,230,27,27,27,53,41,41,27,27,41,27,41,41,41,41,229,41,198,41,27,37,41,41,219,27,41,27,29,27,41,38,41,41,27,41,31,41,27,41,27,27,27,27,27,27,27,189,186,27,230,27,230,27,27,27,160,27,230,27,27,64,230,230,230,27,27,230,27,205,230,27,29,218,27,41,27,230,230,230,230,27,230,230,230,41,27,195,27,41,27,215,41,41,41,27,39,41,229,29,27,41,27,41,38,27,27,41,42,229,230,27,27,27,27,198,188,229,230,27,230,230,229,229,229,27,124,229,41,27,41,27,41,29,229,168,27,27,27,27,27,27,27,229,27,41,41,41,41,41,27,31,27,27,27,27,41,27,35,27,41,41,41,28,27,41,27,27,41,27,41,29,35,41,39,41,27,41,41,41,35,27,41,41,27,27,41,27,175,27,27,27,42,38,30,40,27,27,27,27,230,27,27,41,27,230,27,32,31,41,27,27,27,27,27,59,41,40,27,41,27,27,27,42,41,41,41,41,41,35,41,27,27,27,31,41,41,27,27,27,41,41,41,27,27,27,41,41,41,27,41,39,27,41,41,34,148,27,27,230,41,47,222,29,27,180,41,27,27,195,230,27,41,214,42,41,230,27,27,41,27,229,41,41,27,223,27,27,40,27,27,229,182,230,41,124,27,229,230,41,27,27,230,201,230,183,41,41,41,41,41,27,41,41,41,41,41,41,27,41,229,42,41,41,229,35,41,27,29,41,27,41,41,41,27,41,41,41,27,41,41,41,41,41,27,41,229,27,229,41,41,229,27,117,27,219,27,41,41,41,229,27,41,230,41,27,80,230,27,230,41,27,36,41,41,41,41,219,229,27,41,41,27,41,219,27,41,41,27,27,27,41,27,27,27,28,41,27,41,27,27,29,27,41,27,41,41,27,41,27,41,27,41,29,41,27,41,159,27,27,27,41,41,27,41,35,36,27,41,41,41,41,41,41,41,27,27,27,27,230,230,41,27,229,41,27,27,27,27,27,27,27,27,41,41,27,27,41,36,27,27,41,36,41,41,41,27,41,41,27,41,27,41,41,41,41,41,27,40,27,27,27,31,41,41,41,41,27,27,35,41,41,41,41,27,41,41,41,41,27,27,27,41,41,27,27,27,41,41,27,41,41,41,41,41,27,221,27,27,27,41,41,27,27,27,41,219,27,41,27,229,27,229,27,38,27,27,41,41,41,27,27,27,27,27,27,41,27,27,27,27,27,41,27,27,30,27,41,41,27,41,41,27,41,41,41,27,27,40,27,41,41,41,41,27,27,41,27,41,41,41,41,41,41,41,41,41,41,41,41,27,41,41,27,41,37,27,230,229,27,27,194,41,27,230,197,41,41,27,41,41,41,41,41,27,27,27,41,41,41,27,27,41,27,41,27,41,40,41,41,28,36,41,27,27,34,41,27,41,41,27,27,41,35,41,27,41,41,41,41,41,41,41,41,41,41,41,41,41,27,41,41,27,41,27,27,41,41,29,37,41,41,41,41,27,30,41,41,41,27,27,41,27,31,27,41,27,27,27,27,27,41,27,27,41,27,38,27,41,41,27,41,41,41,41,27,27,27,41,30,41,41,41,41,41,33,27,27,41,41,41,41,27,27,41,41,41,27,41,39,41,39,41,41,41,27,41,41,27,27,41,27,41,30,41,27,41,41,41,41,41,41,41,41,41,41,41,41,41,27,35,41,41,41,41,41,41,27,41,41,41,27,41,41,27,41,41,27,41,37,27,40,41,41,41,27,41,41,41,41,27,27,41,41,29,27,41,41,27,27,27,229,87,229,41,41,27,27,41,41,41,41,27,229,229,27
229,229,229,27,229,229,229,229,230,27,27,41,41,27,41,35,41,41,28,27,41,30,41,27,41,41,27,27,27,38,27,41,41,27,41,41,41,27,27,37,41,41,41,41,41,41,27,27,41,41,36,27,41,27,41,41,41,41,41,40,41,37,41,41,30,27,27,41,27,27,31,41,41,27,41,29,27,41,27,41,27,229,27,41,41,45,27,27,229,229,27,27,27,41,41,27,41,41,41,27,27,27,27,41,41,230,41,41,184,41,41,35,27,41,41,57,229,229,41,27,27,38,181,27,41,41,27,41,27,229,27,39,27,27,41,27,27,27,27,27,27,29,35,41,229,27,28,27,41,40,42,27,27,229,88,27,229,207,41,41,230,27,41,27,27,28,217,39,27,229,76,229,229,27,230,229,185,27,229,80,102,27,27,27,27,230,27,27,29,27,41,41,27,27,39,27,41,41,38,41,229,41,85,41,27,41,42,41,60,27,41,27,35,27,41,30,41,41,27,41,31,41,27,41,27,27,27,27,27,27,27,76,83,27,230,27,27,27,27,27,27,27,230,27,28,27,230,230,230,27,27,230,27,229,230,27,35,150,27,41,27,230,230,230,230,27,230,230,230,47,27,229,27,41,27,230,41,41,41,27,41,41,229,27,27,41,27,41,41,27,27,41,106,229,199,30,27,27,27,229,188,185,230,27,230,230,189,49,230,27,124,229,42,27,41,27,41,35,229,168,27,27,27,27,27,27,29,229,27,41,41,41,27,41,27,27,27,27,27,30,41,27,29,27,41,41,41,40,27,41,27,27,41,27,41,27,40,41,30,41,27,41,41,28,41,27,41,41,27,27,41,27,228,27,27,27,87,41,38,41,27,27,27,27,230,27,29,41,27,230,27,40,27,41,27,27,27,27,27,42,41,41,27,41,27,27,27,41,36,41,41,41,41,40,41,27,27,30,27,41,41,27,27,27,38,41,41,27,27,27,41,41,41,30,41,41,27,41,41,33,60,27,27,230,41,27,156,27,27,230,41,27,27,230,230,27,41,150,41,41,230,27,29,41,27,160,41,41,27,229,27,27,41,29,27,229,76,229,41,124,27,229,230,41,27,27,230,118,230,183,41,41,41,41,41,27,41,41,41,41,41,41,27,41,229,71,41,41,190,29,41,27,35,41,27,41,41,41,35,41,41,41,27,39,41,41,41,41,41,41,229,27,229,41,41,229,27,199,27,219,30,41,41,41,229,29,41,230,41,27,80,190,29,230,41,41,27,36,41,41,41,69,229,27,41,41,27,41,150,27,41,41,27,27,27,41,27,27,27,36,41,29,41,27,27,27,27,41,27,41,41,27,41,41,41,27,41,38,41,29,41,30,27,30,27,41,41,27,41,40,27,27,41,41,41,41,41,40,41,27,27,27,27,230,230,41,27,229,41,27,27,27,27,27,27,27,27,41,41,30,27,41,27,27,27,41,41,41,41,41,27,38,41,27,41,27,41,41,41,41,41,29,35,27,27,27,27,41,41,40,41,27,27,40,41,41,41,36,27,41,41,41,41,27,27,27,41,41,27,27,27,41,41,27,41,41,41,41,41,27,63,27,29,33,41,41,27,27,27,41,219,27,41,27,229,27,202,27,30,27,27,41,41,41,30,27,27,27,30,27,41,27,27,27,27,27,41,27,27,30,27,41,41,27,41,41,27,41,41,41,27,27,35,27,41,38,41,41,27,27,41,27,41,41,41,41,41,41,41,41,41,41,41,41,36,41,41,36,41,37,27,230,229,27,27,69,41,27,230,197,41,41,27,41,41,41,41,41,41,27,27,41,41,41,29,27,41,27,41,27,41,41,41,41,35,27,41,27,27,39,41,27,41,41,27,27,41,30,41,27,41,41,41,41,41,41,41,41,41,41,34,41,41,27,41,41,27,41,27,27,41,41,33,41,41,41,41,41,27,27,41,41,41,27,27,41,27,27,27,41,27,27,27,27,27,41,27,27,41,27,30,30,41,41,27,41,41,41,41,27,27,27,41,37,41,41,41,41,41,33,27,27,41,41,41,41,27,27,41,41,41,27,41,41,41,41,41,41,41,27,41,41,30,27,41,27,41,27,41,27,41,41,41,41,41,41,41,41,27,41,41,41,41,27,29,41,41,41,41,41,38,27,41,41,41,27,41,41,27,41,41,27,41,30,27,41,40,41,41,27,38,41,41,41,27,27,41,41,27,27,41,41,27,27,27,229,182,96,41,41,27,27,41,41,41,41,27,229,229,27
229,229,229,27,229,229,229,229,230,27,27,41,41,27,41,35,41,41,28,27,41,30,41,27,41,41,27,27,27,38,27,41,41,27,41,41,41,27,27,37,41,41,41,41,41,41,27,27,41,41,36,27,41,27,41,41,41,41,41,40,41,37,41,41,30,27,27,41,27,27,31,41,41,27,41,29,27,41,27,41,27,229,27,41,41,45,27,27,229,229,27,27,27,41,41,27,41,41,41,27,27,27,27,41,41,230,41,41,184,41,41,35,27,41,41,57,229,229,41,27,27,38,181,27,41,41,27,41,27,229,27,39,27,27,41,27,27,27,27,27,27,29,35,41,229,27,28,27,41,40,42,27,27,229,88,27,229,207,41,41,230,27,41,27,27,28,217,39,27,229,76,229,229,27,230,229,185,27,229,80,102,27,27,27,27,230,27,27,29,27,41,41,27,27,39,27,41,41,38,41,229,41,85,41,27,41,42,41,60,27,41,27,35,27,41,30,41,41,27,41,31,41,27,41,27,27,27,27,27,27,27,76,83,27,230,27,27,27,27,27,27,27,230,27,28,27,230,230,230,27,27,230,27,229,230,27,35,150,27,41,27,230,230,230,230,27,230,230,230,47,27,229,27,41,27,230,41,41,41,27,41,41,229,27,27,41,27,41,41,27,27,41,106,229,199,30,27,27,27,229,188,185,230,27,230,230,189,49,230,27,124,229,42,27,41,27,41,35,229,168,27,27,27,27,27,27,29,229,27,41,41,41,27,41,27,27,27,27,27,30,41,27,29,27,41,41,41,40,27,41,27,27,41,27,41,27,40,41,30,41,27,41,41,28,41,27,41,41,27,27,41,27,228,27,27,27,87,41,38,41,27,27,27,27,230,27,29,41,27,230,27,40,27,41,27,27,27,27,27,42,41,41,27,41,27,27,27,41,36,41,41,41,41,40,41,27,27,30,27,41,41,27,27,27,38,41,41,27,27,27,41,41,41,30,41,41,27,41,41,33,60,27,27,230,41,27,156,27,27,230,41,27,27,230,230,27,41,150,41,41,230,27,29,41,27,160,41,41,27,229,27,27,41,29,27,229,76,229,41,124,27,229,230,41,27,27,230,118,230,183,41,41,41,41,41,27,41,41,41,41,41,41,27,41,229,71,41,41,190,29,41,27,35,41,27,41,41,41,35,41,41,41,27,39,41,41,41,41,41,41,229,27,229,41,41,229,27,199,27,219,30,41,41,41,229,29,41,230,41,27,80,190,29,230,41,41,27,36,41,41,41,69,229,27,41,41,27,41,150,27,41,41,27,27,27,41,27,27,27,36,41,29,41,27,27,27,27,41,27,41,41,27,41,41,41,27,41,38,41,29,41,30,27,30,27,41,41,27,41,40,27,27,41,41,41,41,41,40,41,27,27,27,27,230,230,41,27,229,41,27,27,27,27,27,27,27,27,41,41,30,27,41,27,27,27,41,41,41,41,41,27,38,41,27,41,27,41,41,41,41,41,29,35,27,27,27,27,41,41,40,41,27,27,40,41,41,41,36,27,41,41,41,41,27,27,27,41,41,27,27,27,41,41,27,41,41,41,41,41,27,63,27,29,33,41,41,27,27,27,41,219,27,41,27,229,27,202,27,30,27,27,41,41,41,30,27,27,27,30,27,41,27,27,27,27,27,41,27,27,30,27,41,41,27,41,41,27,41,41,41,27,27,35,27,41,38,41,41,27,27,41,27,41,41,41,41,41,41,41,41,41,41,41,41,36,41,41,36,41,37,27,230,229,27,27,69,41,27,230,197,41,41,27,41,41,41,41,41,41,27,27,41,41,41,29,27,41,27,41,27,41,41,41,41,35,27,41,27,27,39,41,27,41,41,27,27,41,30,41,27,41,41,41,41,41,41,41,41,41,41,34,41,41,27,41,41,27,41,27,27,41,41,33,41,41,41,41,41,27,27,41,41,41,27,27,41,27,27,27,41,27,27,27,27,27,41,27,27,41,27,30,30,41,41,27,41,41,41,41,27,27,27,41,37,41,41,41,41,41,33,27,27,41,41,41,41,27,27,41,41,41,27,41,41,41,41,41,41,41,27,41,41,30,27,41,27,41,27,41,27,41,41,41,41,41,41,41,41,27,41,41,41,41,27,29,41,41,41,41,41,38,27,41,41,41,27,41,41,27,41,41,27,41,30,27,41,40,41,41,27,38,41,41,41,27,27,41,41,27,27,41,41,27,27,27,229,182,96,41,41,27,27,41,41,41,41,27,229,229,27
229,229,229,27,229,229,229,229,229,27,27,41,41,27,41,40,41,41,27,27,41,37,41,27,41,41,27,27,27,41,27,41,41,27,41,41,39,27,27,41,41,41,41,41,41,40,27,27,41,41,27,27,41,27,41,41,41,41,41,41,41,30,41,41,27,27,27,41,27,27,27,41,41,27,41,34,27,41,27,41,30,180,27,41,41,27,31,27,229,229,27,27,29,41,41,27,41,41,41,27,27,27,27,41,47,230,41,40,230,41,41,29,27,41,41,27,229,229,41,27,27,30,229,27,41,41,27,41,31,229,27,41,27,27,41,27,27,27,27,27,27,27,40,41,220,27,35,27,41,41,83,27,41,229,186,27,229,228,41,41,230,27,41,27,27,35,60,29,27,229,27,229,229,27,230,229,80,27,229,180,102,27,27,27,27,230,27,41,38,27,38,41,27,27,34,27,41,41,31,41,229,41,42,41,27,41,46,41,41,27,41,27,40,27,41,27,41,39,27,41,31,41,27,41,27,27,27,27,27,27,27,27,27,27,230,27,27,27,27,27,27,27,230,27,32,27,230,230,230,27,27,230,27,230,230,27,40,52,27,41,27,230,230,230,230,27,230,230,230,230,27,229,41,41,27,230,41,41,41,27,41,41,209,27,27,41,27,41,41,27,29,41,194,229,112,38,27,27,27,229,188,83,230,27,230,230,86,27,225,27,124,229,85,27,41,27,41,40,229,168,27,30,27,27,27,27,36,199,27,41,41,41,27,41,27,27,27,27,27,37,38,27,27,27,41,41,41,41,27,41,27,27,41,27,41,27,41,41,27,41,41,41,41,27,41,27,41,41,27,27,41,27,230,27,41,27,187,41,41,41,27,27,27,27,230,27,39,41,27,230,27,41,27,41,41,27,27,27,27,41,41,41,27,41,27,36,27,41,27,41,41,41,41,41,41,27,31,37,27,41,27,27,27,27,31,41,41,41,27,27,41,41,41,37,41,41,27,41,41,33,27,27,27,230,36,27,48,27,27,230,41,27,27,230,194,27,41,64,41,41,230,27,34,41,27,27,41,41,27,229,27,27,41,35,27,229,27,229,41,124,27,229,230,41,27,27,210,46,228,183,41,41,41,41,41,27,41,41,41,41,40,41,27,41,229,199,27,38,86,27,41,27,40,41,27,41,41,41,36,40,41,41,27,30,41,41,38,41,41,41,27,27,229,41,41,229,27,229,27,219,37,85,41,39,229,35,42,230,41,27,80,90,35,190,41,41,27,27,41,41,41,46,229,27,41,41,27,41,47,27,41,41,27,27,27,41,27,27,27,40,41,38,41,27,27,27,27,41,27,41,41,27,41,41,41,27,41,41,41,38,150,27,27,37,30,27,39,27,41,41,27,27,41,41,40,35,41,34,41,27,27,27,27,230,230,41,27,229,41,27,27,27,27,27,27,27,27,41,41,37,27,41,27,27,27,41,41,41,41,41,27,30,41,27,41,27,41,41,41,41,41,39,29,27,27,27,27,41,41,29,41,30,27,41,41,41,41,27,27,41,41,41,41,30,27,27,41,41,27,27,27,41,41,27,41,41,41,41,41,27,42,27,35,40,41,41,27,27,27,41,219,27,41,27,229,27,75,29,27,27,27,41,41,41,37,27,27,27,38,27,41,27,27,27,27,27,41,27,27,30,27,41,41,27,41,41,27,35,41,41,27,27,29,27,41,30,41,40,27,27,41,28,41,40,41,41,41,41,41,41,41,41,41,41,41,41,41,41,41,37,27,205,229,27,27,27,41,27,230,182,41,41,27,41,41,39,41,41,41,33,27,41,41,41,34,27,41,27,41,27,41,41,41,41,40,27,41,30,27,41,41,27,41,41,27,27,41,27,41,27,41,41,41,41,41,41,41,41,41,41,29,41,41,27,41,41,41,41,27,27,41,38,37,41,41,41,41,41,27,27,41,41,41,27,27,41,27,27,27,41,27,29,29,27,27,41,27,27,41,27,27,38,41,41,27,41,41,41,41,27,27,30,41,41,41,41,41,41,40,33,27,30,41,41,41,41,27,27,41,41,41,27,41,41,41,41,41,41,41,27,39,41,37,27,41,27,39,27,41,29,41,41,27,41,41,41,41,41,27,27,41,41,41,27,27,41,41,41,41,41,31,27,41,41,41,27,41,41,27,41,41,27,41,27,27,41,35,41,41,27,30,41,41,41,27,27,41,41,27,27,41,41,27,27,29,229,229,27,41,41,27,27,41,41,41,41,27,229,229,27
229,229,229,27,229,229,229,229,229,27,27,41,41,27,41,40,41,41,27,27,41,37,41,27,41,41,27,27,27,41,27,41,41,27,41,41,39,27,27,41,41,41,41,41,41,40,27,27,41,41,27,27,41,27,41,41,41,41,41,41,41,30,41,41,27,27,27,41,27,27,27,41,41,27,41,34,27,41,27,41,30,180,27,41,41,27,31,27,229,229,27,27,29,41,41,27,41,41,41,27,27,27,27,41,47,230,41,40,230,41,41,29,27,41,41,27,229,229,41,27,27,30,229,27,41,41,27,41,31,229,27,41,27,27,41,27,27,27,27,27,27,27,40,41,220,27,35,27,41,41,83,27,41,229,186,27,229,228,41,41,230,27,41,27,27,35,60,29,27,229,27,229,229,27,230,229,80,27,229,180,102,27,27,27,27,230,27,41,38,27,38,41,27,27,34,27,41,41,31,41,229,41,42,41,27,41,46,41,41,27,41,27,40,27,41,27,41,39,27,41,31,41,27,41,27,27,27,27,27,27,27,27,27,27,230,27,27,27,27,27,27,27,230,27,32,27,230,230,230,27,27,230,27,230,230,27,40,52,27,41,27,230,230,230,230,27,230,230,230,230,27,229,41,41,27,230,41,41,41,27,41,41,209,27,27,41,27,41,41,27,29,41,194,229,112,38,27,27,27,229,188,83,230,27,230,230,86,27,225,27,124,229,85,27,41,27,41,40,229,168,27,30,27,27,27,27,36,199,27,41,41,41,27,41,27,27,27,27,27,37,38,27,27,27,41,41,41,41,27,41,27,27,41,27,41,27,41,41,27,41,41,41,41,27,41,27,41,41,27,27,41,27,230,27,41,27,187,41,41,41,27,27,27,27,230,27,39,41,27,230,27,41,27,41,41,27,27,27,27,41,41,41,27,41,27,36,27,41,27,41,41,41,41,41,41,27,31,37,27,41,27,27,27,27,31,41,41,41,27,27,41,41,41,37,41,41,27,41,41,33,27,27,27,230,36,27,48,27,27,230,41,27,27,230,194,27,41,64,41,41,230,27,34,41,27,27,41,41,27,229,27,27,41,35,27,229,27,229,41,124,27,229,230,41,27,27,210,46,228,183,41,41,41,41,41,27,41,41,41,41,40,41,27,41,229,199,27,38,86,27,41,27,40,41,27,41,41,41,36,40,41,41,27,30,41,41,38,41,41,41,27,27,229,41,41,229,27,229,27,219,37,85,41,39,229,35,42,230,41,27,80,90,35,190,41,41,27,27,41,41,41,46,229,27,41,41,27,41,47,27,41,41,27,27,27,41,27,27,27,40,41,38,41,27,27,27,27,41,27,41,41,27,41,41,41,27,41,41,41,38,150,27,27,37,30,27,39,27,41,41,27,27,41,41,40,35,41,34,41,27,27,27,27,230,230,41,27,229,41,27,27,27,27,27,27,27,27,41,41,37,27,41,27,27,27,41,41,41,41,41,27,30,41,27,41,27,41,41,41,41,41,39,29,27,27,27,27,41,41,29,41,30,27,41,41,41,41,27,27,41,41,41,41,30,27,27,41,41,27,27,27,41,41,27,41,41,41,41,41,27,42,27,35,40,41,41,27,27,27,41,219,27,41,27,229,27,75,29,27,27,27,41,41,41,37,27,27,27,38,27,41,27,27,27,27,27,41,27,27,30,27,41,41,27,41,41,27,35,41,41,27,27,29,27,41,30,41,40,27,27,41,28,41,40,41,41,41,41,41,41,41,41,41,41,41,41,41,41,41,37,27,205,229,27,27,27,41,27,230,182,41,41,27,41,41,39,41,41,41,33,27,41,41,41,34,27,41,27,41,27,41,41,41,41,40,27,41,30,27,41,41,27,41,41,27,27,41,27,41,27,41,41,41,41,41,41,41,41,41,41,29,41,41,27,41,41,41,41,27,27,41,38,37,41,41,41,41,41,27,27,41,41,41,27,27,41,27,27,27,41,27,29,29,27,27,41,27,27,41,27,27,38,41,41,27,41,41,41,41,27,27,30,41,41,41,41,41,41,40,33,27,30,41,41,41,41,27,27,41,41,41,27,41,41,41,41,41,41,41,27,39,41,37,27,41,27,39,27,41,29,41,41,27,41,41,41,41,41,27,27,41,41,41,27,27,41,41,41,41,41,31,27,41,41,41,27,41,41,27,41,41,27,41,27,27,41,35,41,41,27,30,41,41,41,27,27,41,41,27,27,41,41,27,27,29,229,229,27,41,41,27,27,41,41,41,41,27,229,229,27
229,229,230,27,229,229,229,229,229,27,66,41,41,27,41,41,41,41,27,27,41,41,41,27,41,41,27,27,27,41,27,41,41,27,41,41,29,27,27,41,41,41,41,40,41,35,27,27,41,41,27,27,41,27,41,41,36,41,41,41,41,27,41,41,27,27,27,41,27,27,27,41,41,27,41,37,27,41,27,41,38,76,27,41,41,27,99,27,229,229,27,27,39,41,41,41,41,41,41,27,27,27,27,41,230,230,41,35,230,41,38,27,27,41,41,27,47,47,41,27,27,27,229,27,38,41,27,41,38,229,27,41,27,27,41,27,27,27,27,27,27,27,41,41,155,27,41,27,41,41,192,27,41,212,229,27,229,229,41,41,230,27,41,27,27,41,41,27,27,229,27,229,229,27,230,229,27,27,229,229,102,27,27,27,27,230,27,41,41,27,30,41,27,27,31,27,41,41,27,41,229,43,41,41,27,41,75,41,41,27,41,27,41,27,41,27,41,30,27,37,41,41,27,41,27,27,27,41,27,27,27,27,27,27,230,27,27,27,27,27,27,27,230,27,74,27,230,230,230,27,27,192,29,230,160,27,41,27,27,41,27,230,230,230,230,27,230,230,230,230,27,229,41,41,27,230,41,41,41,27,41,41,108,27,41,41,27,41,41,27,39,41,229,187,43,41,27,27,27,229,188,27,230,27,230,230,27,27,157,27,124,194,179,27,42,30,41,41,229,168,27,37,30,27,27,27,41,95,27,41,41,41,27,41,28,27,27,27,27,41,30,27,27,27,41,41,41,41,27,40,27,27,41,27,41,27,41,41,27,41,41,41,41,27,41,27,41,41,27,27,41,27,230,27,41,27,230,41,41,41,27,27,27,27,230,27,41,41,27,219,27,41,27,41,41,27,27,27,27,41,41,41,27,41,27,41,27,41,27,42,41,41,41,41,41,27,38,41,27,38,27,27,27,27,27,41,41,41,27,27,41,41,41,41,41,41,27,41,41,33,27,27,27,230,27,27,27,27,27,230,41,27,27,230,82,27,41,27,41,41,230,58,39,41,27,27,41,61,27,229,27,27,41,40,27,202,27,229,42,124,27,229,230,223,27,27,122,27,39,183,41,41,41,41,41,27,41,41,41,41,35,41,27,41,229,229,27,30,42,27,41,27,41,41,27,36,41,41,41,35,41,41,27,27,41,41,30,41,41,41,27,27,27,41,41,229,27,229,27,219,41,181,41,30,188,40,78,230,224,27,80,42,40,97,41,41,27,27,41,41,41,42,229,27,41,41,27,41,27,27,41,41,27,27,27,41,29,27,27,40,41,41,41,27,27,27,27,41,27,41,41,27,41,41,41,27,41,41,41,41,154,27,30,41,38,27,30,28,41,41,27,27,41,41,35,27,40,27,41,27,27,27,27,230,230,41,27,230,64,27,27,27,27,27,27,27,27,41,41,41,27,41,27,27,27,41,41,41,41,41,27,27,41,27,41,27,41,36,41,41,41,41,27,27,27,27,27,41,41,27,41,37,27,41,41,41,41,27,27,41,41,41,41,38,27,27,41,41,27,27,27,41,41,27,41,41,41,41,41,27,41,27,40,41,41,41,27,27,30,41,153,27,41,27,195,28,42,35,27,27,27,41,41,41,41,41,27,27,41,27,41,27,27,27,27,27,41,27,27,30,40,41,41,27,41,41,27,28,41,41,27,30,27,27,41,27,41,35,27,27,41,39,41,28,41,41,41,38,41,41,41,41,41,41,41,41,41,41,41,37,27,205,229,27,27,27,41,27,227,94,41,41,27,41,41,33,41,41,41,41,27,41,41,41,40,27,41,27,41,27,41,41,41,41,41,27,41,37,27,41,41,27,41,41,27,27,41,27,41,27,41,41,41,41,41,41,41,41,41,41,29,41,41,27,41,41,41,36,27,27,41,30,40,41,41,41,41,41,27,27,41,36,41,27,27,41,27,27,27,41,27,39,39,27,27,41,27,27,41,27,27,41,41,41,27,41,41,41,38,27,27,38,41,41,41,41,41,41,32,33,27,38,41,41,41,41,27,27,41,41,41,27,41,41,41,41,41,41,41,29,29,41,41,27,27,27,29,27,41,39,41,41,27,41,41,41,41,41,27,27,40,41,41,27,27,41,41,41,41,41,27,27,41,41,41,28,41,41,27,41,41,27,41,27,27,41,29,41,41,27,27,41,41,41,27,27,41,41,27,27,41,41,27,27,38,197,229,27,41,41,30,27,41,41,38,41,27,230,229,27
229,229,230,27,229,229,229,229,229,27,87,41,41,27,41,41,41,41,27,27,41,41,41,27,41,41,27,27,27,41,27,41,39,27,41,41,27,27,27,41,41,41,41,35,41,29,27,27,41,41,27,29,41,27,41,41,27,41,41,41,41,27,41,41,27,27,27,41,27,27,27,41,41,27,38,40,27,41,30,41,41,27,27,106,41,27,217,27,229,229,27,27,41,41,41,41,41,41,41,27,27,27,27,41,230,224,41,29,230,41,31,27,27,41,41,27,41,41,41,27,30,27,229,27,31,41,27,41,41,229,27,41,27,27,41,27,27,27,28,27,27,27,41,41,53,27,41,30,41,41,229,27,41,144,229,27,212,229,41,41,230,27,41,27,27,41,41,27,27,229,27,229,229,27,230,229,27,27,229,229,125,27,27,27,27,230,27,41,41,27,27,41,27,30,28,27,41,41,27,40,192,90,41,41,27,41,192,41,41,27,41,27,41,41,41,27,41,27,27,30,41,41,27,41,27,27,27,41,27,42,27,27,27,27,230,27,27,27,27,27,27,27,230,27,183,27,230,230,230,28,27,85,39,223,27,27,41,27,27,41,27,230,230,230,230,27,230,230,230,230,27,229,41,41,27,228,38,41,41,27,41,41,38,27,41,41,27,41,41,27,41,82,229,78,27,41,27,27,27,229,189,27,230,27,230,230,27,27,42,27,227,73,230,27,84,38,41,41,198,168,27,41,37,27,27,30,41,27,27,100,41,41,27,41,39,27,27,27,27,41,27,27,27,27,41,41,41,41,27,28,27,29,41,27,41,27,41,41,27,41,41,41,41,27,41,27,41,41,27,27,41,36,214,27,41,27,230,41,41,41,27,27,27,27,202,27,41,52,27,39,27,41,27,41,41,27,27,27,27,41,41,42,27,41,27,41,27,41,27,77,41,41,41,41,41,27,41,41,27,30,27,27,27,27,27,38,41,41,27,27,41,27,41,41,41,41,27,41,41,33,27,27,27,230,27,27,27,27,27,230,41,27,27,230,42,27,41,27,41,41,230,142,37,41,27,27,41,201,27,229,27,27,42,41,27,60,27,229,88,124,27,229,230,229,27,27,86,27,27,183,41,41,41,41,41,27,41,41,41,38,29,41,29,41,188,229,27,27,41,27,41,27,41,41,27,27,41,41,41,29,38,41,29,27,41,41,27,41,41,41,27,27,27,41,41,102,27,229,27,219,41,229,41,27,93,41,194,230,230,27,80,41,41,43,41,41,27,27,41,41,41,41,229,27,41,70,27,41,27,27,41,41,27,28,27,41,35,29,29,40,41,41,41,41,27,27,29,41,27,41,41,27,41,41,41,27,41,41,41,41,154,27,37,41,41,27,27,35,56,41,27,27,41,41,29,27,36,29,41,27,27,27,27,230,230,41,27,230,196,41,27,27,27,27,34,27,27,41,41,41,27,41,27,27,27,41,41,41,41,41,27,27,38,27,41,27,41,27,41,41,41,41,27,27,27,27,27,41,41,27,41,41,27,41,41,41,41,27,27,41,40,41,41,41,27,27,41,41,27,27,27,41,41,27,41,41,41,41,41,27,41,35,41,41,41,41,41,36,38,41,27,27,27,27,85,35,41,40,27,27,27,41,41,41,41,41,27,27,41,27,41,27,27,27,30,27,41,27,27,30,41,41,41,27,40,41,27,27,41,41,27,38,27,27,40,27,41,29,27,27,41,41,41,27,41,41,41,30,41,41,41,41,41,41,41,41,41,41,41,37,27,205,229,27,30,27,41,27,208,35,41,41,27,41,41,28,41,41,41,27,27,41,41,41,41,27,41,35,41,27,41,41,41,41,41,27,41,41,27,41,41,27,41,41,27,27,41,27,41,27,41,41,41,41,41,41,41,41,41,41,29,41,38,27,41,41,41,27,36,27,41,27,41,41,41,41,41,41,27,27,41,27,41,27,27,41,27,27,27,41,27,41,41,27,27,38,27,27,41,27,27,41,41,41,27,41,41,41,29,27,41,41,41,41,39,41,41,41,28,33,27,41,41,41,41,41,41,27,41,41,41,27,41,41,41,41,41,41,41,39,27,41,41,27,27,41,27,27,38,41,41,41,27,41,41,41,41,41,27,27,35,41,41,27,27,41,41,41,41,41,27,27,41,41,41,35,41,41,27,41,34,29,41,27,27,41,27,41,27,29,27,41,41,41,27,27,27,41,27,27,41,41,27,27,41,112,229,27,41,41,38,30,41,38,31,41,27,230,230,27
229,229,230,27,229,229,229,229,229,27,87,41,41,27,41,41,41,41,27,27,41,41,41,27,41,41,27,27,27,41,27,41,39,27,41,41,27,27,27,41,41,41,41,35,41,29,27,27,41,41,27,29,41,27,41,41,27,41,41,41,41,27,41,41,27,27,27,41,27,27,27,41,41,27,38,40,27,41,30,41,41,27,27,106,41,27,217,27,229,229,27,27,41,41,41,41,41,41,41,27,27,27,27,41,230,224,41,29,230,41,31,27,27,41,41,27,41,41,41,27,30,27,229,27,31,41,27,41,41,229,27,41,27,27,41,27,27,27,28,27,27,27,41,41,53,27,41,30,41,41,229,27,41,144,229,27,212,229,41,41,230,27,41,27,27,41,41,27,27,229,27,229,229,27,230,229,27,27,229,229,125,27,27,27,27,230,27,41,41,27,27,41,27,30,28,27,41,41,27,40,192,90,41,41,27,41,192,41,41,27,41,27,41,41,41,27,41,27,27,30,41,41,27,41,27,27,27,41,27,42,27,27,27,27,230,27,27,27,27,27,27,27,230,27,183,27,230,230,230,28,27,85,39,223,27,27,41,27,27,41,27,230,230,230,230,27,230,230,230,230,27,229,41,41,27,228,38,41,41,27,41,41,38,27,41,41,27,41,41,27,41,82,229,78,27,41,27,27,27,229,189,27,230,27,230,230,27,27,42,27,227,73,230,27,84,38,41,41,198,168,27,41,37,27,27,30,41,27,27,100,41,41,27,41,39,27,27,27,27,41,27,27,27,27,41,41,41,41,27,28,27,29,41,27,41,27,41,41,27,41,41,41,41,27,41,27,41,41,27,27,41,36,214,27,41,27,230,41,41,41,27,27,27,27,202,27,41,52,27,39,27,41,27,41,41,27,27,27,27,41,41,42,27,41,27,41,27,41,27,77,41,41,41,41,41,27,41,41,27,30,27,27,27,27,27,38,41,41,27,27,41,27,41,41,41,41,27,41,41,33,27,27,27,230,27,27,27,27,27,230,41,27,27,230,42,27,41,27,41,41,230,142,37,41,27,27,41,201,27,229,27,27,42,41,27,60,27,229,88,124,27,229,230,229,27,27,86,27,27,183,41,41,41,41,41,27,41,41,41,38,29,41,29,41,188,229,27,27,41,27,41,27,41,41,27,27,41,41,41,29,38,41,29,27,41,41,27,41,41,41,27,27,27,41,41,102,27,229,27,219,41,229,41,27,93,41,194,230,230,27,80,41,41,43,41,41,27,27,41,41,41,41,229,27,41,70,27,41,27,27,41,41,27,28,27,41,35,29,29,40,41,41,41,41,27,27,29,41,27,41,41,27,41,41,41,27,41,41,41,41,154,27,37,41,41,27,27,35,56,41,27,27,41,41,29,27,36,29,41,27,27,27,27,230,230,41,27,230,196,41,27,27,27,27,34,27,27,41,41,41,27,41,27,27,27,41,41,41,41,41,27,27,38,27,41,27,41,27,41,41,41,41,27,27,27,27,27,41,41,27,41,41,27,41,41,41,41,27,27,41,40,41,41,41,27,27,41,41,27,27,27,41,41,27,41,41,41,41,41,27,41,35,41,41,41,41,41,36,38,41,27,27,27,27,85,35,41,40,27,27,27,41,41,41,41,41,27,27,41,27,41,27,27,27,30,27,41,27,27,30,41,41,41,27,40,41,27,27,41,41,27,38,27,27,40,27,41,29,27,27,41,41,41,27,41,41,41,30,41,41,41,41,41,41,41,41,41,41,41,37,27,205,229,27,30,27,41,27,208,35,41,41,27,41,41,28,41,41,41,27,27,41,41,41,41,27,41,35,41,27,41,41,41,41,41,27,41,41,27,41,41,27,41,41,27,27,41,27,41,27,41,41,41,41,41,41,41,41,41,41,29,41,38,27,41,41,41,27,36,27,41,27,41,41,41,41,41,41,27,27,41,27,41,27,27,41,27,27,27,41,27,41,41,27,27,38,27,27,41,27,27,41,41,41,27,41,41,41,29,27,41,41,41,41,39,41,41,41,28,33,27,41,41,41,41,41,41,27,41,41,41,27,41,41,41,41,41,41,41,39,27,41,41,27,27,41,27,27,38,41,41,41,27,41,41,41,41,41,27,27,35,41,41,27,27,41,41,41,41,41,27,27,41,41,41,35,41,41,27,41,34,29,41,27,27,41,27,41,27,29,27,41,41,41,27,27,27,41,27,27,41,41,27,27,41,112,229,27,41,41,38,30,41,38,31,41,27,230,230,27
229,229,230,27,229,229,230,229,229,33,87,41,40,27,41,41,41,41,27,27,38,41,41,27,41,41,27,27,27,41,29,41,34,27,41,41,27,41,27,41,41,41,41,29,41,27,30,27,41,41,27,35,41,27,41,41,27,41,41,41,41,27,41,41,27,27,27,41,27,29,27,36,41,27,30,41,27,41,37,41,41,27,27,229,41,27,230,27,229,229,27,27,41,39,41,41,41,41,41,27,27,27,27,41,230,55,41,27,187,41,27,27,41,41,41,27,41,41,36,27,37,27,229,27,27,41,27,41,41,196,27,41,27,27,41,27,27,27,40,27,27,27,41,41,27,27,41,38,41,42,229,27,41,60,229,27,65,229,41,41,197,27,27,27,27,41,41,27,27,229,27,229,184,27,229,230,27,27,230,229,201,30,27,28,27,202,27,41,41,27,27,41,27,37,27,27,41,41,27,38,90,183,41,39,27,41,229,41,41,27,41,27,41,41,41,27,41,27,29,27,41,41,27,40,27,27,27,41,27,112,27,27,27,27,230,27,27,27,27,27,27,27,230,27,230,27,230,230,230,80,28,42,41,153,27,27,41,27,27,41,27,230,230,230,230,27,230,230,230,230,27,195,41,41,27,160,31,41,41,27,41,41,27,27,41,41,27,41,41,27,41,174,229,27,27,41,27,27,27,229,190,27,229,27,160,230,27,27,27,27,230,27,230,27,191,41,41,41,67,168,27,41,41,27,27,38,41,27,27,212,41,41,27,41,41,27,27,27,27,41,27,29,27,27,41,40,41,41,27,27,27,39,41,27,41,27,41,40,27,41,41,41,41,27,41,27,41,41,27,27,28,41,150,27,41,41,230,83,84,41,30,27,27,27,60,27,41,116,40,27,30,41,27,41,41,27,27,30,27,41,27,78,27,41,27,41,27,41,27,157,41,41,41,41,41,27,41,41,27,27,27,27,27,27,27,31,41,41,27,27,41,27,41,41,41,41,27,41,41,33,27,27,27,230,27,27,27,27,27,230,41,27,30,230,41,27,41,27,41,41,230,211,35,41,27,27,41,228,27,160,27,27,73,41,27,27,27,229,186,124,30,229,230,229,27,27,40,27,27,183,41,41,41,41,41,27,41,41,41,31,27,41,35,41,96,229,27,27,41,27,39,27,41,41,27,27,41,41,41,27,35,41,39,27,41,41,27,41,41,41,27,27,27,41,41,30,27,229,30,94,41,230,38,27,41,41,230,230,230,27,80,41,41,41,41,41,27,27,41,41,41,41,229,27,41,192,27,39,27,120,41,41,27,40,27,41,40,35,35,40,41,41,41,41,27,27,39,41,27,41,41,27,41,41,41,27,41,41,41,41,154,27,41,41,41,27,27,40,209,41,27,29,40,41,27,27,41,39,41,27,27,27,27,230,230,41,27,230,228,41,27,27,27,29,41,27,27,41,41,41,27,41,27,27,29,41,41,41,41,41,27,27,30,27,41,27,41,27,41,41,41,41,27,27,27,27,27,41,41,27,41,41,27,41,41,41,41,27,27,41,37,41,41,41,27,27,41,41,27,27,27,41,40,27,41,41,41,41,41,27,41,41,41,41,41,41,41,41,41,41,27,29,27,27,42,40,41,41,27,27,27,49,41,41,41,41,27,27,41,27,41,27,27,27,37,28,41,27,27,30,41,41,41,27,36,41,41,27,41,41,27,41,27,27,35,27,41,27,27,27,41,41,41,27,41,41,41,27,41,40,41,41,41,41,41,41,41,41,41,37,27,205,184,27,38,27,41,27,205,27,41,41,27,40,41,27,41,41,41,41,27,41,41,41,41,27,41,41,41,27,41,41,41,40,41,27,41,41,30,41,41,27,41,41,27,27,41,27,41,27,41,41,41,41,41,41,41,41,41,41,29,41,31,27,41,41,41,27,41,27,41,27,41,41,41,41,41,38,27,27,41,27,41,27,27,40,27,27,27,41,41,41,41,27,27,31,27,27,38,27,27,41,41,41,27,41,41,41,27,27,41,41,41,41,33,41,41,41,27,33,27,41,41,40,41,41,41,27,41,41,41,27,41,41,41,41,41,41,41,41,27,41,41,27,27,41,27,27,31,41,41,41,27,41,41,41,41,41,27,27,29,40,41,27,27,41,41,41,40,41,27,27,41,41,36,40,41,41,27,41,27,34,41,27,29,41,27,41,27,34,27,41,41,41,27,27,27,41,27,41,41,41,27,27,41,44,229,27,41,41,41,38,41,31,27,41,30,230,230,27
229,229,230,27,229,229,230,229,229,33,87,41,35,27,41,41,41,41,27,27,31,41,41,27,27,41,27,27,27,41,39,41,31,27,41,41,27,41,27,41,41,41,41,27,41,27,38,27,41,36,27,40,41,31,41,41,27,41,41,41,41,27,41,41,27,27,27,41,27,35,27,27,41,27,27,41,27,36,41,41,57,27,27,229,41,27,230,27,229,229,27,27,41,30,41,41,27,41,41,27,27,27,27,41,230,41,28,27,91,41,27,27,41,41,41,27,41,41,27,142,41,27,198,27,27,41,27,41,41,112,27,41,27,27,41,27,27,28,41,27,27,27,41,41,27,27,41,41,41,83,229,27,41,27,229,27,42,229,41,41,80,27,27,27,27,41,41,27,27,160,27,229,84,27,229,230,27,27,230,229,226,38,27,40,27,56,27,41,41,27,27,41,27,41,27,27,41,32,27,38,42,229,41,29,30,41,229,41,41,27,41,27,41,41,41,27,41,27,34,27,41,41,27,28,27,27,27,41,29,131,27,27,27,27,230,71,27,27,27,27,27,27,230,27,230,27,230,230,230,179,37,41,41,42,27,41,42,27,29,41,27,230,230,230,230,27,230,230,230,230,27,75,41,41,27,37,27,41,41,27,41,39,27,27,41,41,27,41,41,27,41,227,229,27,27,41,40,27,41,229,190,27,229,27,27,230,27,27,27,41,230,27,230,27,230,41,41,42,27,189,27,41,41,27,27,41,41,27,27,212,41,41,27,41,41,27,27,27,28,41,27,35,27,27,41,35,41,41,27,27,27,41,41,27,41,27,41,36,27,41,41,41,41,27,41,27,41,41,36,27,27,41,64,34,41,41,230,182,186,43,37,30,27,27,27,27,41,209,107,27,37,53,27,41,41,27,29,38,27,41,27,197,27,41,27,41,27,41,27,198,41,41,41,41,41,27,41,41,27,27,27,27,27,27,27,27,41,41,41,27,41,27,41,41,41,41,27,41,41,33,27,27,27,47,27,27,27,27,27,230,41,35,39,197,41,27,37,27,41,47,230,229,40,41,41,27,41,229,27,27,27,27,196,41,27,27,27,229,230,124,37,229,230,229,27,27,27,27,27,183,41,41,41,41,41,28,41,41,41,27,27,41,40,40,42,229,27,27,41,27,29,27,41,41,29,27,40,41,41,27,34,39,41,27,41,33,27,41,41,59,27,27,27,41,102,27,27,229,38,28,41,230,31,27,41,41,230,230,230,27,80,41,41,41,41,41,27,27,27,41,41,41,230,27,39,229,27,29,27,168,41,41,27,41,27,41,41,40,40,40,41,41,39,41,27,27,41,41,27,41,41,27,41,41,41,27,41,41,39,41,154,27,41,41,41,27,27,41,229,54,27,35,35,41,27,27,41,29,41,27,27,27,27,97,230,41,27,230,229,41,27,27,27,38,41,27,27,41,41,41,27,41,27,27,39,40,41,41,36,41,27,27,27,27,41,27,36,27,41,41,41,41,27,27,27,27,27,41,41,27,41,41,27,41,41,41,41,27,27,41,36,41,41,41,27,27,41,41,28,41,27,41,28,27,41,41,41,41,41,30,41,41,41,41,41,41,41,41,41,41,27,36,27,27,41,41,41,41,27,27,30,113,49,41,41,41,27,27,41,27,41,27,27,27,41,40,41,27,27,30,41,41,41,27,29,41,41,27,41,41,27,41,27,29,29,27,41,27,27,27,41,41,41,27,41,41,41,27,41,35,41,38,41,41,41,41,41,41,41,37,27,205,73,27,41,27,41,27,205,27,41,41,30,32,41,27,41,41,41,41,27,41,41,41,41,27,41,41,40,27,41,41,41,28,41,27,41,41,38,41,41,27,41,41,27,27,41,27,41,27,41,41,41,41,41,41,41,41,41,41,29,41,27,27,41,41,41,27,41,41,41,27,41,41,41,41,41,30,30,27,41,27,41,41,28,35,27,27,27,41,41,41,41,30,27,27,27,27,30,30,27,41,41,41,27,41,41,41,27,27,41,41,41,41,28,41,41,41,27,33,27,41,41,36,41,27,41,27,41,41,41,27,41,41,41,41,41,39,41,41,27,41,41,27,27,41,27,27,27,41,41,41,27,41,41,41,41,41,27,27,27,35,41,30,27,41,41,41,28,41,27,41,36,41,28,41,41,41,27,41,27,37,41,27,35,41,27,41,27,40,27,41,41,41,27,27,27,41,27,39,41,41,27,27,41,27,229,27,41,41,41,41,41,27,27,41,38,230,230,30
229,229,230,27,229,229,230,229,229,33,87,41,35,27,41,41,41,41,27,27,31,41,41,27,27,41,27,27,27,41,39,41,31,27,41,41,27,41,27,41,41,41,41,27,41,27,38,27,41,36,27,40,41,31,41,41,27,41,41,41,41,27,41,41,27,27,27,41,27,35,27,27,41,27,27,41,27,36,41,41,57,27,27,229,41,27,230,27,229,229,27,27,41,30,41,41,27,41,41,27,27,27,27,41,230,41,28,27,91,41,27,27,41,41,41,27,41,41,27,142,41,27,198,27,27,41,27,41,41,112,27,41,27,27,41,27,27,28,41,27,27,27,41,41,27,27,41,41,41,83,229,27,41,27,229,27,42,229,41,41,80,27,27,27,27,41,41,27,27,160,27,229,84,27,229,230,27,27,230,229,226,38,27,40,27,56,27,41,41,27,27,41,27,41,27,27,41,32,27,38,42,229,41,29,30,41,229,41,41,27,41,27,41,41,41,27,41,27,34,27,41,41,27,28,27,27,27,41,29,131,27,27,27,27,230,71,27,27,27,27,27,27,230,27,230,27,230,230,230,179,37,41,41,42,27,41,42,27,29,41,27,230,230,230,230,27,230,230,230,230,27,75,41,41,27,37,27,41,41,27,41,39,27,27,41,41,27,41,41,27,41,227,229,27,27,41,40,27,41,229,190,27,229,27,27,230,27,27,27,41,230,27,230,27,230,41,41,42,27,189,27,41,41,27,27,41,41,27,27,212,41,41,27,41,41,27,27,27,28,41,27,35,27,27,41,35,41,41,27,27,27,41,41,27,41,27,41,36,27,41,41,41,41,27,41,27,41,41,36,27,27,41,64,34,41,41,230,182,186,43,37,30,27,27,27,27,41,209,107,27,37,53,27,41,41,27,29,38,27,41,27,197,27,41,27,41,27,41,27,198,41,41,41,41,41,27,41,41,27,27,27,27,27,27,27,27,41,41,41,27,41,27,41,41,41,41,27,41,41,33,27,27,27,47,27,27,27,27,27,230,41,35,39,197,41,27,37,27,41,47,230,229,40,41,41,27,41,229,27,27,27,27,196,41,27,27,27,229,230,124,37,229,230,229,27,27,27,27,27,183,41,41,41,41,41,28,41,41,41,27,27,41,40,40,42,229,27,27,41,27,29,27,41,41,29,27,40,41,41,27,34,39,41,27,41,33,27,41,41,59,27,27,27,41,102,27,27,229,38,28,41,230,31,27,41,41,230,230,230,27,80,41,41,41,41,41,27,27,27,41,41,41,230,27,39,229,27,29,27,168,41,41,27,41,27,41,41,40,40,40,41,41,39,41,27,27,41,41,27,41,41,27,41,41,41,27,41,41,39,41,154,27,41,41,41,27,27,41,229,54,27,35,35,41,27,27,41,29,41,27,27,27,27,97,230,41,27,230,229,41,27,27,27,38,41,27,27,41,41,41,27,41,27,27,39,40,41,41,36,41,27,27,27,27,41,27,36,27,41,41,41,41,27,27,27,27,27,41,41,27,41,41,27,41,41,41,41,27,27,41,36,41,41,41,27,27,41,41,28,41,27,41,28,27,41,41,41,41,41,30,41,41,41,41,41,41,41,41,41,41,27,36,27,27,41,41,41,41,27,27,30,113,49,41,41,41,27,27,41,27,41,27,27,27,41,40,41,27,27,30,41,41,41,27,29,41,41,27,41,41,27,41,27,29,29,27,41,27,27,27,41,41,41,27,41,41,41,27,41,35,41,38,41,41,41,41,41,41,41,37,27,205,73,27,41,27,41,27,205,27,41,41,30,32,41,27,41,41,41,41,27,41,41,41,41,27,41,41,40,27,41,41,41,28,41,27,41,41,38,41,41,27,41,41,27,27,41,27,41,27,41,41,41,41,41,41,41,41,41,41,29,41,27,27,41,41,41,27,41,41,41,27,41,41,41,41,41,30,30,27,41,27,41,41,28,35,27,27,27,41,41,41,41,30,27,27,27,27,30,30,27,41,41,41,27,41,41,41,27,27,41,41,41,41,28,41,41,41,27,33,27,41,41,36,41,27,41,27,41,41,41,27,41,41,41,41,41,39,41,41,27,41,41,27,27,41,27,27,27,41,41,41,27,41,41,41,41,41,27,27,27,35,41,30,27,41,41,41,28,41,27,41,36,41,28,41,41,41,27,41,27,37,41,27,35,41,27,41,27,40,27,41,41,41,27,27,27,41,27,39,41,41,27,27,41,27,229,27,41,41,41,41,41,27,27,41,38,230,230,30
229,229,230,27,229,229,230,229,229,229,87,41,29,27,41,41,41,41,27,27,27,41,32,27,27,41,27,27,27,41,41,41,28,27,41,41,27,41,27,41,41,39,41,27,41,27,41,27,41,27,27,41,41,38,41,41,27,41,41,41,41,27,41,41,27,27,27,41,27,39,27,27,41,29,27,41,27,27,41,41,120,27,27,229,41,27,230,27,229,229,27,27,41,27,41,41,27,41,41,27,27,27,27,41,230,41,27,27,42,41,27,27,41,41,38,27,41,41,27,203,41,27,113,27,27,41,40,41,41,44,28,41,28,27,41,27,30,40,41,28,27,27,42,27,27,27,41,41,41,191,191,27,41,27,229,27,41,222,41,41,42,27,27,27,27,41,41,27,29,27,27,229,27,27,229,230,27,27,230,229,228,41,27,41,27,27,29,41,41,27,27,41,27,41,27,27,41,27,27,38,41,229,41,27,37,41,229,41,41,27,41,27,41,41,41,27,41,27,39,27,41,41,27,27,27,27,27,41,39,132,27,27,27,27,212,180,27,27,27,27,27,27,230,28,230,27,230,228,230,228,42,41,41,27,27,41,80,27,35,41,27,183,214,230,230,27,230,230,230,230,27,41,224,41,27,27,27,41,41,27,41,29,27,27,41,41,30,41,41,41,41,229,229,27,27,54,41,27,41,230,190,27,229,27,27,230,27,46,27,153,230,27,230,30,230,41,41,75,27,229,27,41,41,27,27,41,136,27,27,212,41,41,27,41,41,27,27,27,40,41,27,40,27,27,41,29,41,41,27,27,27,41,41,27,38,27,41,28,27,41,41,41,36,27,41,27,41,41,41,27,27,41,27,41,224,41,188,228,230,87,41,37,27,27,27,27,71,230,203,27,41,206,27,41,41,27,38,41,30,41,27,230,27,41,27,41,27,41,27,198,41,41,41,41,41,28,41,41,27,27,27,27,27,27,27,27,41,41,41,27,41,27,41,41,41,41,29,41,39,33,27,30,30,41,27,27,27,27,27,189,40,41,41,80,41,27,30,27,41,230,47,229,41,27,41,27,40,229,27,27,41,27,230,43,27,27,27,229,230,124,41,229,230,229,27,29,27,27,27,183,41,41,41,41,41,39,41,41,41,27,27,41,41,35,41,229,27,27,41,27,27,27,41,41,35,27,35,41,41,27,34,33,41,27,41,27,27,38,41,95,27,41,27,42,108,27,27,229,41,28,84,230,27,27,41,43,230,230,230,27,80,41,41,41,41,41,27,27,27,41,41,41,230,27,29,230,36,27,27,168,41,41,29,41,27,41,41,41,41,40,41,41,29,41,27,27,41,41,27,41,41,29,41,41,41,27,41,41,30,41,154,27,85,41,41,27,27,41,230,152,27,40,29,41,27,27,39,27,41,27,27,27,27,27,230,48,27,230,229,41,27,27,27,41,41,27,30,41,41,41,27,41,27,29,41,36,41,41,27,41,41,27,27,27,41,27,27,27,41,41,41,41,27,27,27,28,27,41,41,27,41,41,27,41,41,41,41,27,27,41,36,41,41,41,27,27,41,41,32,41,41,41,27,28,41,41,41,41,41,37,41,41,41,41,41,41,41,41,41,41,27,40,27,27,41,41,41,43,27,27,31,215,113,41,41,41,27,27,41,27,41,27,27,30,41,41,41,27,27,30,41,41,39,27,27,41,41,27,41,36,27,41,27,35,27,27,40,27,27,27,41,41,41,27,36,41,41,27,41,29,41,31,41,41,41,41,41,41,41,37,27,205,27,27,41,27,41,27,205,27,41,41,37,28,41,27,41,32,41,41,27,41,41,38,41,27,41,41,28,35,41,41,41,34,41,27,41,41,41,41,41,27,41,41,27,27,41,27,41,27,41,41,41,41,41,41,41,41,41,41,29,41,27,29,41,41,41,27,41,41,41,27,41,41,41,41,41,27,38,27,41,27,41,41,35,29,27,27,28,41,41,41,41,37,27,27,27,27,27,38,27,41,41,41,27,41,41,38,27,27,41,41,38,41,27,41,27,41,27,35,27,41,41,29,41,27,41,27,36,41,41,30,41,41,41,41,41,29,41,41,27,41,41,27,27,41,27,27,27,41,41,41,27,41,41,41,41,41,27,27,27,29,41,38,27,41,41,40,27,41,27,41,27,41,27,41,41,41,27,41,27,39,41,27,40,41,27,41,27,41,27,41,41,41,27,27,27,41,27,29,41,41,27,29,41,27,197,27,41,41,41,41,41,27,27,41,41,230,230,38
229,229,230,27,229,229,230,187,229,229,87,37,27,27,41,41,41,41,27,29,27,41,27,27,27,41,27,27,27,41,41,41,27,27,41,41,27,41,27,41,41,29,41,27,41,27,41,27,41,27,27,41,41,41,41,41,27,41,41,41,41,27,41,41,27,27,27,41,27,41,27,27,41,35,27,41,27,27,41,41,199,27,27,229,41,27,230,27,229,229,27,27,41,27,41,41,27,41,41,27,41,41,27,41,47,41,27,27,41,41,27,27,41,38,30,27,41,41,27,203,41,27,44,27,27,41,41,41,41,27,39,41,39,27,38,27,37,41,41,40,27,27,91,27,27,27,59,41,41,229,84,36,223,27,187,27,41,154,41,41,41,27,27,41,27,60,41,27,39,27,29,184,27,29,229,230,27,27,230,230,229,41,27,41,27,27,39,223,41,27,27,41,41,41,27,30,41,27,27,38,41,229,41,27,41,41,229,41,41,27,41,29,41,41,41,27,41,27,41,27,41,41,27,27,27,27,27,41,41,132,27,27,27,27,54,229,27,27,27,27,27,27,230,76,230,27,230,158,230,228,43,41,41,27,27,41,195,27,40,40,39,78,150,230,230,27,230,214,214,230,27,41,230,27,27,27,27,41,41,27,41,27,27,27,41,41,37,41,41,41,63,229,230,27,27,115,41,27,41,230,190,27,229,27,27,160,27,203,27,223,230,27,230,37,230,41,224,192,27,229,27,41,41,27,27,41,229,27,27,212,41,41,27,41,41,27,27,41,41,41,27,41,27,27,41,41,41,41,27,27,27,41,41,27,31,27,41,27,27,41,41,41,27,27,41,27,41,41,41,27,27,41,27,41,230,41,89,230,230,179,41,41,27,29,27,27,194,230,230,27,41,229,27,41,41,41,41,41,37,41,27,230,29,41,27,47,27,39,27,198,41,41,41,41,40,35,41,41,27,27,27,31,27,27,27,27,41,41,41,27,41,27,41,41,41,41,31,41,33,33,27,37,38,41,27,27,27,27,27,96,35,41,41,42,41,27,27,27,41,230,41,229,41,27,41,27,29,229,27,27,41,27,230,86,29,27,27,229,230,124,41,229,27,229,27,38,27,27,27,183,41,41,41,41,41,41,41,41,41,27,27,41,41,29,41,209,27,27,41,27,27,27,41,41,40,27,29,41,41,27,34,28,41,27,41,27,27,30,41,95,27,41,27,105,221,27,27,229,41,28,182,214,27,27,41,86,230,229,160,27,80,41,41,41,41,41,27,27,27,41,41,41,230,27,27,230,41,27,27,168,41,41,34,41,27,41,41,41,41,40,41,41,27,41,27,27,41,41,27,41,41,38,41,41,41,27,41,41,27,41,112,27,178,86,79,27,27,41,230,161,27,41,27,41,27,27,29,27,41,27,27,27,27,27,225,229,27,230,229,41,27,28,27,41,55,27,37,41,41,41,27,39,27,35,41,28,41,41,27,41,41,27,27,27,41,36,27,27,41,41,38,41,27,27,27,35,27,38,41,27,41,41,27,41,41,41,41,27,27,41,36,41,38,41,27,30,41,41,39,41,41,41,27,40,41,41,41,41,41,41,41,41,41,41,41,41,41,41,41,41,27,41,27,29,41,41,41,86,27,27,31,230,215,41,41,41,27,27,41,27,41,27,27,37,41,41,41,27,30,30,41,41,29,27,27,41,41,27,41,27,27,41,27,39,27,27,35,27,41,41,41,41,40,27,27,41,41,27,41,27,41,27,41,41,41,41,41,41,41,37,27,88,27,27,41,27,41,27,190,27,41,41,41,27,41,27,41,32,41,41,27,41,41,30,41,27,41,41,27,41,41,41,41,27,41,27,41,41,41,41,41,27,41,41,27,27,41,27,41,27,41,41,41,41,41,41,41,41,41,41,29,41,27,35,41,41,41,27,41,41,41,27,41,41,41,27,41,27,41,27,41,27,41,41,40,27,27,27,35,36,41,41,41,41,27,27,27,30,27,41,27,41,41,41,40,41,41,29,27,27,41,41,31,41,27,41,27,41,27,39,27,41,41,27,41,27,41,27,27,41,41,37,41,41,41,41,41,27,40,41,27,41,41,27,27,41,27,27,27,41,41,41,27,41,41,41,39,41,27,27,27,27,41,41,27,41,40,35,27,41,27,41,27,35,27,41,38,41,27,41,27,41,41,27,41,41,27,41,27,41,27,41,41,41,27,27,27,41,27,39,41,41,27,39,41,27,113,27,41,41,41,41,41,27,27,41,41,184,230,41
229,229,230,27,229,229,230,187,229,229,87,37,27,27,41,41,41,41,27,29,27,41,27,27,27,41,27,27,27,41,41,41,27,27,41,41,27,41,27,41,41,29,41,27,41,27,41,27,41,27,27,41,41,41,41,41,27,41,41,41,41,27,41,41,27,27,27,41,27,41,27,27,41,35,27,41,27,27,41,41,199,27,27,229,41,27,230,27,229,229,27,27,41,27,41,41,27,41,41,27,41,41,27,41,47,41,27,27,41,41,27,27,41,38,30,27,41,41,27,203,41,27,44,27,27,41,41,41,41,27,39,41,39,27,38,27,37,41,41,40,27,27,91,27,27,27,59,41,41,229,84,36,223,27,187,27,41,154,41,41,41,27,27,41,27,60,41,27,39,27,29,184,27,29,229,230,27,27,230,230,229,41,27,41,27,27,39,223,41,27,27,41,41,41,27,30,41,27,27,38,41,229,41,27,41,41,229,41,41,27,41,29,41,41,41,27,41,27,41,27,41,41,27,27,27,27,27,41,41,132,27,27,27,27,54,229,27,27,27,27,27,27,230,76,230,27,230,158,230,228,43,41,41,27,27,41,195,27,40,40,39,78,150,230,230,27,230,214,214,230,27,41,230,27,27,27,27,41,41,27,41,27,27,27,41,41,37,41,41,41,63,229,230,27,27,115,41,27,41,230,190,27,229,27,27,160,27,203,27,223,230,27,230,37,230,41,224,192,27,229,27,41,41,27,27,41,229,27,27,212,41,41,27,41,41,27,27,41,41,41,27,41,27,27,41,41,41,41,27,27,27,41,41,27,31,27,41,27,27,41,41,41,27,27,41,27,41,41,41,27,27,41,27,41,230,41,89,230,230,179,41,41,27,29,27,27,194,230,230,27,41,229,27,41,41,41,41,41,37,41,27,230,29,41,27,47,27,39,27,198,41,41,41,41,40,35,41,41,27,27,27,31,27,27,27,27,41,41,41,27,41,27,41,41,41,41,31,41,33,33,27,37,38,41,27,27,27,27,27,96,35,41,41,42,41,27,27,27,41,230,41,229,41,27,41,27,29,229,27,27,41,27,230,86,29,27,27,229,230,124,41,229,27,229,27,38,27,27,27,183,41,41,41,41,41,41,41,41,41,27,27,41,41,29,41,209,27,27,41,27,27,27,41,41,40,27,29,41,41,27,34,28,41,27,41,27,27,30,41,95,27,41,27,105,221,27,27,229,41,28,182,214,27,27,41,86,230,229,160,27,80,41,41,41,41,41,27,27,27,41,41,41,230,27,27,230,41,27,27,168,41,41,34,41,27,41,41,41,41,40,41,41,27,41,27,27,41,41,27,41,41,38,41,41,41,27,41,41,27,41,112,27,178,86,79,27,27,41,230,161,27,41,27,41,27,27,29,27,41,27,27,27,27,27,225,229,27,230,229,41,27,28,27,41,55,27,37,41,41,41,27,39,27,35,41,28,41,41,27,41,41,27,27,27,41,36,27,27,41,41,38,41,27,27,27,35,27,38,41,27,41,41,27,41,41,41,41,27,27,41,36,41,38,41,27,30,41,41,39,41,41,41,27,40,41,41,41,41,41,41,41,41,41,41,41,41,41,41,41,41,27,41,27,29,41,41,41,86,27,27,31,230,215,41,41,41,27,27,41,27,41,27,27,37,41,41,41,27,30,30,41,41,29,27,27,41,41,27,41,27,27,41,27,39,27,27,35,27,41,41,41,41,40,27,27,41,41,27,41,27,41,27,41,41,41,41,41,41,41,37,27,88,27,27,41,27,41,27,190,27,41,41,41,27,41,27,41,32,41,41,27,41,41,30,41,27,41,41,27,41,41,41,41,27,41,27,41,41,41,41,41,27,41,41,27,27,41,27,41,27,41,41,41,41,41,41,41,41,41,41,29,41,27,35,41,41,41,27,41,41,41,27,41,41,41,27,41,27,41,27,41,27,41,41,40,27,27,27,35,36,41,41,41,41,27,27,27,30,27,41,27,41,41,41,40,41,41,29,27,27,41,41,31,41,27,41,27,41,27,39,27,41,41,27,41,27,41,27,27,41,41,37,41,41,41,41,41,27,40,41,27,41,41,27,27,41,27,27,27,41,41,41,27,41,41,41,39,41,27,27,27,27,41,41,27,41,40,35,27,41,27,41,27,35,27,41,38,41,27,41,27,41,41,27,41,41,27,41,27,41,27,41,41,41,27,27,27,41,27,39,41,41,27,39,41,27,113,27,41,41,41,41,41,27,27,41,41,184,230,41
185,229,229,27,229,229,215,72,229,229,87,30,27,27,41,41,41,41,27,36,27,41,27,27,27,39,27,27,27,41,41,39,27,27,41,41,27,41,27,41,40,27,41,27,41,27,41,27,41,27,27,41,41,41,41,41,27,41,41,41,41,27,41,41,27,29,27,41,27,41,27,27,41,40,27,41,27,27,41,41,229,27,41,229,106,27,230,27,229,229,29,41,41,27,41,41,27,41,41,28,41,41,27,41,41,41,27,27,41,41,27,27,41,30,27,27,41,41,27,203,41,27,27,27,27,41,41,41,41,27,41,41,41,27,30,27,41,41,41,41,27,27,183,27,27,27,215,80,41,229,41,41,229,27,89,27,41,41,41,41,41,27,27,41,27,216,41,27,41,27,34,84,27,35,229,230,27,27,230,230,229,74,28,41,27,27,41,229,41,27,27,41,41,41,27,38,41,27,27,38,41,229,41,27,41,40,229,41,41,27,41,35,41,41,41,27,41,27,41,27,41,49,27,27,27,27,27,41,41,132,27,27,27,27,27,230,27,27,27,27,27,27,230,182,230,27,230,32,230,228,43,41,62,27,27,41,230,27,41,28,174,27,65,230,230,27,230,150,150,230,27,41,230,27,27,27,27,41,41,27,40,27,27,27,41,41,41,38,41,41,199,229,230,27,27,200,41,27,41,230,190,27,229,27,27,160,27,229,27,230,230,27,230,41,230,41,230,229,27,229,27,41,83,27,27,41,184,27,27,212,41,41,27,41,41,27,27,41,41,41,27,41,27,27,41,41,41,41,27,27,27,41,36,27,27,27,41,27,27,41,41,41,27,27,41,27,41,41,41,36,27,222,27,41,230,41,42,230,214,230,41,41,27,39,27,41,228,230,230,27,41,229,27,41,41,41,41,41,41,41,27,230,39,41,27,41,27,30,27,198,41,40,41,41,37,40,41,41,27,27,27,38,27,27,27,27,41,41,41,27,32,27,41,41,41,41,30,41,28,33,27,41,41,41,27,29,27,27,27,43,30,41,41,41,41,29,27,27,38,230,41,229,41,27,41,27,27,223,27,27,41,27,230,178,39,27,27,229,230,124,41,229,27,229,41,41,27,27,27,183,41,41,41,41,41,41,41,41,41,27,27,41,41,27,41,72,27,27,41,27,27,27,41,41,41,27,27,41,41,27,34,27,41,27,41,27,27,27,41,95,27,41,27,221,229,27,27,229,41,28,229,146,27,27,38,178,230,229,27,30,75,41,41,41,41,41,27,27,27,28,41,41,230,27,27,230,41,27,27,168,41,41,39,41,27,41,41,41,41,40,41,41,27,41,27,27,41,41,41,41,41,41,41,41,34,27,27,41,27,41,33,27,229,180,184,27,27,42,225,161,27,41,27,41,27,27,27,27,41,41,27,27,27,27,100,229,27,230,229,41,27,39,27,41,115,27,41,41,41,41,27,30,27,40,41,27,41,41,27,41,41,27,27,27,36,41,27,27,41,41,31,41,27,30,27,40,30,30,41,27,41,41,27,41,41,41,41,27,27,41,36,41,31,41,27,37,41,41,41,41,41,41,27,41,41,41,41,41,41,41,41,41,41,41,40,41,41,41,41,38,27,41,27,34,41,41,41,178,27,27,31,230,230,57,41,41,27,27,41,27,41,27,27,41,41,41,41,27,38,30,41,41,27,27,27,41,41,27,41,27,27,41,27,41,27,27,29,27,41,41,41,41,28,27,27,41,41,27,41,27,41,27,41,41,41,41,36,41,41,37,27,88,27,27,41,27,41,27,96,27,41,41,41,27,39,27,27,27,41,41,27,41,41,27,41,27,41,41,27,41,41,41,41,27,41,27,41,41,41,41,41,27,41,41,27,27,41,27,41,27,41,41,41,41,41,41,41,41,41,41,29,41,27,40,41,41,41,27,41,41,41,27,41,41,40,27,41,27,41,27,27,27,36,41,41,27,30,27,36,27,41,41,41,41,27,27,27,38,27,41,27,41,41,41,41,41,41,27,27,27,41,41,27,41,27,41,27,41,27,41,30,41,41,27,41,27,41,27,27,41,41,41,41,35,41,41,41,27,35,41,27,41,41,27,27,41,27,27,27,41,41,41,27,41,41,41,29,41,27,27,27,27,37,41,27,38,35,29,27,41,27,41,27,28,27,41,30,41,27,41,27,41,41,27,41,41,27,41,27,41,27,41,41,41,29,27,27,41,27,41,41,41,41,41,41,27,44,27,41,41,41,41,41,27,27,41,41,73,230,41
74,229,229,160,229,229,148,27,229,229,87,27,27,27,27,41,41,41,27,40,27,41,27,27,27,33,27,27,27,41,41,29,27,27,41,41,27,41,27,41,36,27,41,27,41,27,41,30,41,27,27,41,41,41,41,40,27,41,41,41,41,27,41,41,27,35,27,40,27,41,27,27,41,41,27,41,36,27,41,41,229,27,41,229,229,27,230,29,229,209,39,41,41,27,41,41,27,41,41,40,41,41,30,41,41,41,27,27,41,41,27,27,41,27,27,27,41,41,27,203,41,27,27,27,27,41,41,41,41,27,41,41,41,27,27,27,41,41,41,41,27,27,229,27,27,27,229,186,41,229,41,41,229,27,42,27,41,27,39,41,41,27,27,41,27,230,41,27,41,27,39,27,27,40,229,215,27,27,230,230,229,189,40,41,27,27,41,229,53,27,27,41,41,41,27,41,41,27,27,38,41,184,41,27,41,34,196,41,41,28,41,40,41,41,41,27,41,27,41,27,41,111,27,27,27,27,41,41,41,132,27,27,27,27,27,230,27,27,27,27,27,38,230,230,230,27,230,27,230,228,44,41,203,27,27,41,230,27,41,27,183,27,27,227,230,27,230,65,65,230,27,41,230,27,41,27,27,41,41,28,28,27,27,27,41,41,41,31,41,41,228,229,230,27,27,229,41,27,41,230,190,27,229,28,27,27,27,229,27,230,160,27,229,41,230,41,230,229,27,229,27,41,176,27,27,41,84,30,27,27,41,41,27,41,41,27,27,41,41,41,27,41,27,29,41,41,41,41,27,27,27,41,27,27,27,27,41,27,27,41,41,41,27,27,41,36,41,41,41,41,27,230,27,42,230,224,41,214,146,230,41,41,30,41,27,41,229,197,230,27,46,229,27,41,41,41,41,41,41,41,27,230,41,40,27,41,27,27,27,164,41,35,41,41,34,41,41,41,27,27,27,41,27,27,27,27,41,41,41,27,27,27,41,41,41,41,38,41,27,33,27,41,41,41,27,35,27,27,29,41,27,41,41,41,41,35,27,27,30,230,41,229,41,27,41,27,27,155,27,27,41,27,230,230,41,27,27,229,230,111,41,229,27,229,41,41,27,27,27,183,38,41,41,41,38,41,41,41,41,27,27,38,43,27,41,42,27,27,41,27,27,29,41,41,41,27,27,41,41,27,34,27,41,27,41,27,27,27,41,95,27,41,27,229,229,27,27,229,41,28,230,59,27,27,31,230,230,229,27,37,57,41,41,41,39,36,27,27,27,27,41,41,230,27,27,230,41,27,27,168,41,41,41,55,27,41,41,41,41,40,41,41,27,41,29,27,41,41,41,41,39,41,41,41,41,41,27,41,27,41,33,27,230,229,229,27,27,80,156,161,27,41,27,41,27,27,27,27,41,41,41,27,27,27,30,229,40,230,229,41,27,41,27,41,194,27,41,41,41,41,27,27,27,41,41,27,41,41,27,41,41,27,27,27,27,41,27,27,41,41,27,40,27,37,27,41,38,27,41,27,41,41,27,41,41,40,40,27,27,41,36,41,27,41,27,41,41,41,41,41,41,41,27,41,41,41,41,38,41,41,41,41,41,41,35,41,41,41,41,30,27,41,27,37,41,42,41,229,27,27,31,230,230,120,41,41,30,27,41,27,41,41,27,41,41,41,41,27,41,30,41,41,27,27,27,27,41,27,41,27,27,41,27,41,27,27,27,27,41,41,41,41,27,27,27,41,41,27,41,27,41,27,41,41,41,41,27,41,41,37,27,27,27,27,55,27,41,27,35,27,41,41,41,27,30,27,27,27,41,41,27,41,41,27,41,27,41,41,27,41,41,41,41,27,41,27,41,41,41,41,41,27,41,41,27,27,41,27,41,27,41,41,41,41,41,41,41,41,41,41,29,41,27,41,41,41,41,27,41,41,41,27,41,41,35,27,41,27,41,29,27,27,27,41,41,27,37,27,41,27,41,41,41,41,29,27,27,41,27,41,27,41,41,41,41,41,28,27,27,27,41,41,27,41,27,41,27,41,27,41,38,41,41,27,40,27,41,41,27,41,41,41,41,28,41,41,41,27,29,41,27,41,41,27,27,41,27,27,27,41,41,41,27,41,41,41,27,41,27,27,27,27,30,41,29,31,29,27,27,41,27,41,27,27,27,41,27,41,27,41,27,41,41,27,41,41,27,41,27,41,27,41,41,41,28,27,27,41,28,41,41,27,41,41,41,27,27,27,41,41,41,41,41,27,27,41,41,27,200,41
74,229,229,160,229,229,148,27,229,229,87,27,27,27,27,41,41,41,27,40,27,41,27,27,27,33,27,27,27,41,41,29,27,27,41,41,27,41,27,41,36,27,41,27,41,27,41,30,41,27,27,41,41,41,41,40,27,41,41,41,41,27,41,41,27,35,27,40,27,41,27,27,41,41,27,41,36,27,41,41,229,27,41,229,229,27,230,29,229,209,39,41,41,27,41,41,27,41,41,40,41,41,30,41,41,41,27,27,41,41,27,27,41,27,27,27,41,41,27,203,41,27,27,27,27,41,41,41,41,27,41,41,41,27,27,27,41,41,41,41,27,27,229,27,27,27,229,186,41,229,41,41,229,27,42,27,41,27,39,41,41,27,27,41,27,230,41,27,41,27,39,27,27,40,229,215,27,27,230,230,229,189,40,41,27,27,41,229,53,27,27,41,41,41,27,41,41,27,27,38,41,184,41,27,41,34,196,41,41,28,41,40,41,41,41,27,41,27,41,27,41,111,27,27,27,27,41,41,41,132,27,27,27,27,27,230,27,27,27,27,27,38,230,230,230,27,230,27,230,228,44,41,203,27,27,41,230,27,41,27,183,27,27,227,230,27,230,65,65,230,27,41,230,27,41,27,27,41,41,28,28,27,27,27,41,41,41,31,41,41,228,229,230,27,27,229,41,27,41,230,190,27,229,28,27,27,27,229,27,230,160,27,229,41,230,41,230,229,27,229,27,41,176,27,27,41,84,30,27,27,41,41,27,41,41,27,27,41,41,41,27,41,27,29,41,41,41,41,27,27,27,41,27,27,27,27,41,27,27,41,41,41,27,27,41,36,41,41,41,41,27,230,27,42,230,224,41,214,146,230,41,41,30,41,27,41,229,197,230,27,46,229,27,41,41,41,41,41,41,41,27,230,41,40,27,41,27,27,27,164,41,35,41,41,34,41,41,41,27,27,27,41,27,27,27,27,41,41,41,27,27,27,41,41,41,41,38,41,27,33,27,41,41,41,27,35,27,27,29,41,27,41,41,41,41,35,27,27,30,230,41,229,41,27,41,27,27,155,27,27,41,27,230,230,41,27,27,229,230,111,41,229,27,229,41,41,27,27,27,183,38,41,41,41,38,41,41,41,41,27,27,38,43,27,41,42,27,27,41,27,27,29,41,41,41,27,27,41,41,27,34,27,41,27,41,27,27,27,41,95,27,41,27,229,229,27,27,229,41,28,230,59,27,27,31,230,230,229,27,37,57,41,41,41,39,36,27,27,27,27,41,41,230,27,27,230,41,27,27,168,41,41,41,55,27,41,41,41,41,40,41,41,27,41,29,27,41,41,41,41,39,41,41,41,41,41,27,41,27,41,33,27,230,229,229,27,27,80,156,161,27,41,27,41,27,27,27,27,41,41,41,27,27,27,30,229,40,230,229,41,27,41,27,41,194,27,41,41,41,41,27,27,27,41,41,27,41,41,27,41,41,27,27,27,27,41,27,27,41,41,27,40,27,37,27,41,38,27,41,27,41,41,27,41,41,40,40,27,27,41,36,41,27,41,27,41,41,41,41,41,41,41,27,41,41,41,41,38,41,41,41,41,41,41,35,41,41,41,41,30,27,41,27,37,41,42,41,229,27,27,31,230,230,120,41,41,30,27,41,27,41,41,27,41,41,41,41,27,41,30,41,41,27,27,27,27,41,27,41,27,27,41,27,41,27,27,27,27,41,41,41,41,27,27,27,41,41,27,41,27,41,27,41,41,41,41,27,41,41,37,27,27,27,27,55,27,41,27,35,27,41,41,41,27,30,27,27,27,41,41,27,41,41,27,41,27,41,41,27,41,41,41,41,27,41,27,41,41,41,41,41,27,41,41,27,27,41,27,41,27,41,41,41,41,41,41,41,41,41,41,29,41,27,41,41,41,41,27,41,41,41,27,41,41,35,27,41,27,41,29,27,27,27,41,41,27,37,27,41,27,41,41,41,41,29,27,27,41,27,41,27,41,41,41,41,41,28,27,27,27,41,41,27,41,27,41,27,41,27,41,38,41,41,27,40,27,41,41,27,41,41,41,41,28,41,41,41,27,29,41,27,41,41,27,27,41,27,27,27,41,41,41,27,41,41,41,27,41,27,27,27,27,30,41,29,31,29,27,27,41,27,41,27,27,27,41,27,41,27,41,27,41,41,27,41,41,27,41,27,41,27,41,41,41,28,27,27,41,28,41,41,27,41,41,41,27,27,27,41,41,41,41,41,27,27,41,41,27,200,41
27,185,229,229,229,27,57,27,229,229,87,27,27,27,27,41,41,41,27,41,27,41,27,27,27,28,27,27,27,41,41,27,27,27,41,41,27,41,27,41,30,27,41,27,41,27,41,38,41,27,27,41,38,41,41,35,27,41,41,41,41,27,41,41,27,40,27,35,29,41,27,27,41,41,27,41,41,27,41,42,229,27,41,229,229,27,230,39,229,116,41,41,41,27,41,41,27,41,41,41,41,41,38,41,41,41,27,27,41,41,27,29,41,27,27,27,41,41,27,203,41,27,27,27,27,83,41,41,41,27,41,41,41,27,27,28,41,41,41,41,33,29,229,27,27,28,229,228,41,229,41,41,229,27,41,28,41,27,28,41,41,28,27,41,36,230,41,29,41,27,41,27,27,41,229,150,28,36,160,230,225,227,41,54,29,27,41,229,114,27,27,41,41,41,27,41,41,27,27,38,41,92,41,27,41,33,86,41,41,39,41,41,41,41,27,27,41,27,41,27,41,212,27,27,27,27,41,41,41,132,27,41,27,27,27,230,27,27,27,29,27,147,230,230,230,27,228,27,230,228,68,41,229,27,27,41,230,27,41,27,183,27,27,160,230,27,230,27,27,230,27,41,230,27,41,27,27,41,41,40,27,27,27,27,41,41,41,27,41,41,229,229,230,27,27,229,41,27,41,230,193,27,229,71,27,27,27,229,27,230,27,27,229,41,229,80,230,229,27,229,27,41,229,27,27,41,27,37,27,27,41,32,27,32,41,27,29,41,41,41,27,41,29,35,41,40,41,41,40,27,29,41,27,27,27,28,41,27,27,41,41,41,27,40,41,41,41,41,41,41,27,230,27,87,230,230,41,146,58,230,41,55,37,41,27,41,229,60,230,27,68,229,27,38,41,41,41,41,41,41,27,230,41,35,27,41,27,27,27,87,41,29,41,41,29,41,41,41,27,27,27,41,27,27,27,27,41,41,41,41,27,27,41,41,41,41,41,41,27,33,29,41,41,41,27,40,27,27,34,41,27,41,41,41,41,40,27,27,27,230,41,230,41,27,223,27,27,41,41,27,41,29,229,230,41,27,27,229,229,77,55,201,27,229,41,41,27,30,27,160,30,41,41,41,31,41,41,41,41,27,27,31,89,27,41,41,27,27,41,27,27,39,41,41,41,27,27,41,41,27,34,27,41,27,41,27,27,27,41,95,27,41,27,229,229,27,27,202,41,37,230,27,27,27,27,230,230,229,27,41,36,41,41,41,29,27,27,27,27,27,41,41,230,27,27,220,41,27,27,168,41,41,41,208,27,41,41,41,41,40,41,41,27,41,39,29,41,41,41,41,29,41,41,41,41,41,27,41,27,41,33,27,213,230,230,27,27,185,37,161,27,41,27,41,27,27,27,27,41,41,41,27,27,27,27,229,41,230,230,41,27,41,27,41,229,27,41,41,32,41,30,27,27,41,41,27,41,41,27,41,41,27,27,27,27,41,27,27,41,41,27,36,29,41,27,41,41,27,41,27,41,41,29,41,41,35,35,27,27,41,36,41,27,41,27,41,41,41,41,41,41,41,27,41,41,27,41,31,41,41,41,41,41,41,29,36,41,41,41,27,27,41,27,40,41,70,39,229,27,27,31,230,230,199,41,41,37,27,41,27,33,41,27,41,41,41,41,27,41,30,41,40,27,27,27,27,41,27,41,27,27,41,27,41,27,27,27,27,41,41,36,41,27,27,27,41,41,27,41,27,41,27,41,41,41,41,27,41,41,41,27,205,229,30,118,27,41,27,27,27,41,41,41,27,27,27,27,27,41,41,40,27,41,27,41,29,41,41,27,41,41,41,41,27,41,27,41,41,41,41,41,27,41,41,41,27,41,27,41,27,41,41,41,41,41,41,41,41,41,41,29,41,27,41,41,41,41,27,41,41,41,27,41,41,30,27,41,27,41,35,27,27,27,41,41,27,41,27,41,27,41,41,41,41,34,27,27,41,27,41,27,41,41,41,41,41,27,27,27,41,41,41,27,41,27,41,27,41,27,41,41,41,40,27,36,27,41,41,27,41,41,41,41,27,41,41,39,27,27,41,27,41,41,27,27,41,27,27,27,41,38,41,27,41,39,41,27,41,27,27,27,27,27,41,35,27,27,27,27,41,27,41,27,27,27,41,27,41,27,41,27,41,41,27,41,41,27,41,27,41,27,41,41,41,34,27,27,41,39,41,41,27,41,41,41,27,27,27,41,41,41,41,38,27,27,41,41,27,111,41
27,185,229,229,229,27,57,27,229,229,87,27,27,27,27,41,41,41,27,41,27,41,27,27,27,28,27,27,27,41,41,27,27,27,41,41,27,41,27,41,30,27,41,27,41,27,41,38,41,27,27,41,38,41,41,35,27,41,41,41,41,27,41,41,27,40,27,35,29,41,27,27,41,41,27,41,41,27,41,42,229,27,41,229,229,27,230,39,229,116,41,41,41,27,41,41,27,41,41,41,41,41,38,41,41,41,27,27,41,41,27,29,41,27,27,27,41,41,27,203,41,27,27,27,27,83,41,41,41,27,41,41,41,27,27,28,41,41,41,41,33,29,229,27,27,28,229,228,41,229,41,41,229,27,41,28,41,27,28,41,41,28,27,41,36,230,41,29,41,27,41,27,27,41,229,150,28,36,160,230,225,227,41,54,29,27,41,229,114,27,27,41,41,41,27,41,41,27,27,38,41,92,41,27,41,33,86,41,41,39,41,41,41,41,27,27,41,27,41,27,41,212,27,27,27,27,41,41,41,132,27,41,27,27,27,230,27,27,27,29,27,147,230,230,230,27,228,27,230,228,68,41,229,27,27,41,230,27,41,27,183,27,27,160,230,27,230,27,27,230,27,41,230,27,41,27,27,41,41,40,27,27,27,27,41,41,41,27,41,41,229,229,230,27,27,229,41,27,41,230,193,27,229,71,27,27,27,229,27,230,27,27,229,41,229,80,230,229,27,229,27,41,229,27,27,41,27,37,27,27,41,32,27,32,41,27,29,41,41,41,27,41,29,35,41,40,41,41,40,27,29,41,27,27,27,28,41,27,27,41,41,41,27,40,41,41,41,41,41,41,27,230,27,87,230,230,41,146,58,230,41,55,37,41,27,41,229,60,230,27,68,229,27,38,41,41,41,41,41,41,27,230,41,35,27,41,27,27,27,87,41,29,41,41,29,41,41,41,27,27,27,41,27,27,27,27,41,41,41,41,27,27,41,41,41,41,41,41,27,33,29,41,41,41,27,40,27,27,34,41,27,41,41,41,41,40,27,27,27,230,41,230,41,27,223,27,27,41,41,27,41,29,229,230,41,27,27,229,229,77,55,201,27,229,41,41,27,30,27,160,30,41,41,41,31,41,41,41,41,27,27,31,89,27,41,41,27,27,41,27,27,39,41,41,41,27,27,41,41,27,34,27,41,27,41,27,27,27,41,95,27,41,27,229,229,27,27,202,41,37,230,27,27,27,27,230,230,229,27,41,36,41,41,41,29,27,27,27,27,27,41,41,230,27,27,220,41,27,27,168,41,41,41,208,27,41,41,41,41,40,41,41,27,41,39,29,41,41,41,41,29,41,41,41,41,41,27,41,27,41,33,27,213,230,230,27,27,185,37,161,27,41,27,41,27,27,27,27,41,41,41,27,27,27,27,229,41,230,230,41,27,41,27,41,229,27,41,41,32,41,30,27,27,41,41,27,41,41,27,41,41,27,27,27,27,41,27,27,41,41,27,36,29,41,27,41,41,27,41,27,41,41,29,41,41,35,35,27,27,41,36,41,27,41,27,41,41,41,41,41,41,41,27,41,41,27,41,31,41,41,41,41,41,41,29,36,41,41,41,27,27,41,27,40,41,70,39,229,27,27,31,230,230,199,41,41,37,27,41,27,33,41,27,41,41,41,41,27,41,30,41,40,27,27,27,27,41,27,41,27,27,41,27,41,27,27,27,27,41,41,36,41,27,27,27,41,41,27,41,27,41,27,41,41,41,41,27,41,41,41,27,205,229,30,118,27,41,27,27,27,41,41,41,27,27,27,27,27,41,41,40,27,41,27,41,29,41,41,27,41,41,41,41,27,41,27,41,41,41,41,41,27,41,41,41,27,41,27,41,27,41,41,41,41,41,41,41,41,41,41,29,41,27,41,41,41,41,27,41,41,41,27,41,41,30,27,41,27,41,35,27,27,27,41,41,27,41,27,41,27,41,41,41,41,34,27,27,41,27,41,27,41,41,41,41,41,27,27,27,41,41,41,27,41,27,41,27,41,27,41,41,41,40,27,36,27,41,41,27,41,41,41,41,27,41,41,39,27,27,41,27,41,41,27,27,41,27,27,27,41,38,41,27,41,39,41,27,41,27,27,27,27,27,41,35,27,27,27,27,41,27,41,27,27,27,41,27,41,27,41,27,41,41,27,41,41,27,41,27,41,27,41,41,41,34,27,27,41,39,41,41,27,41,41,41,27,27,27,41,41,41,41,38,27,27,41,41,27,111,41
27,74,229,229,229,27,27,27,229,229,87,27,27,29,27,41,41,41,28,41,27,38,27,27,27,27,27,27,27,41,41,27,27,27,41,41,27,41,27,41,27,27,41,27,41,27,41,41,41,27,27,41,30,41,41,29,27,41,41,41,41,30,41,41,27,41,27,29,33,41,27,27,41,41,27,41,41,27,41,44,180,27,41,229,229,27,230,41,209,52,41,41,41,27,41,41,27,41,41,41,41,41,41,38,41,41,27,27,41,41,27,34,41,27,27,27,41,41,27,203,41,27,27,27,27,176,41,41,41,27,41,41,41,27,27,39,41,41,41,41,36,35,229,27,27,35,229,229,41,47,41,41,229,27,41,35,41,27,27,41,41,35,27,41,41,230,41,39,41,27,41,27,27,41,229,60,71,41,27,230,203,229,41,208,39,27,49,229,199,27,27,41,41,41,27,41,41,27,27,38,41,42,41,27,41,29,42,36,40,41,37,41,41,41,27,27,41,27,41,27,41,229,27,27,27,27,41,41,41,132,27,41,27,27,27,230,27,27,27,87,27,220,230,230,230,57,159,27,230,229,205,41,230,27,27,224,230,27,42,27,183,27,27,39,230,36,230,27,27,230,27,41,27,27,41,27,27,41,41,41,27,27,27,29,41,41,41,27,41,41,229,214,230,27,27,229,50,28,223,199,205,27,229,185,27,27,52,229,27,230,27,27,229,41,229,185,230,229,27,27,27,83,229,27,27,41,27,41,27,27,41,27,27,27,41,30,39,41,41,41,27,41,35,40,41,34,41,41,41,27,39,41,27,41,27,39,41,27,27,41,41,41,27,41,41,41,41,41,41,41,27,230,27,179,160,230,41,59,27,230,41,115,41,41,27,41,229,27,225,27,97,216,30,31,41,41,41,41,41,41,27,201,41,29,29,41,27,27,36,42,41,27,41,41,27,41,41,41,27,27,27,41,27,30,27,27,41,41,41,41,27,27,39,41,41,41,41,41,27,33,35,41,41,41,27,41,27,27,39,41,27,55,41,41,41,41,27,27,27,230,41,230,41,27,229,27,27,27,41,27,41,38,229,230,41,27,27,229,229,49,116,125,27,229,41,41,27,37,27,102,27,27,41,41,27,41,41,41,41,27,27,27,182,27,41,41,36,27,41,27,27,41,41,41,41,27,27,41,41,27,34,27,41,27,41,27,27,27,41,95,27,41,27,229,229,27,27,112,41,37,230,27,27,27,27,230,229,229,27,41,27,41,41,41,27,27,36,27,27,27,41,41,208,41,27,153,41,27,27,168,41,41,41,229,41,41,41,41,41,40,41,41,27,41,41,39,41,41,41,41,27,41,41,41,41,41,27,41,27,41,33,27,147,230,230,27,27,230,27,161,27,41,27,41,27,27,27,27,41,41,41,27,30,27,27,229,41,230,230,223,27,41,27,53,229,30,41,41,27,41,37,27,27,41,41,27,41,41,27,41,41,27,27,27,27,41,32,27,41,41,27,29,34,41,27,41,41,27,37,27,41,41,34,41,27,29,29,27,27,41,36,41,27,41,30,41,41,41,41,41,41,41,27,41,41,27,41,27,41,41,41,41,41,41,27,27,41,41,41,27,27,41,27,41,41,204,29,229,30,27,38,230,230,230,57,41,41,27,41,27,27,41,27,41,41,41,41,27,41,31,41,29,27,27,27,27,41,27,41,27,27,41,27,41,27,27,27,27,41,41,27,41,27,27,27,41,38,27,41,27,41,27,41,41,41,41,27,41,27,41,27,205,166,38,202,27,41,30,27,27,41,41,41,27,27,27,27,27,41,41,41,27,41,27,41,35,27,41,27,41,41,41,41,27,41,27,41,41,41,41,41,27,41,41,41,27,41,27,41,27,41,41,41,41,41,41,41,41,41,41,29,41,27,41,41,41,41,27,41,41,41,27,41,40,27,27,41,27,41,40,27,27,27,41,41,27,41,27,41,27,41,41,40,41,39,27,30,41,27,41,27,41,41,41,41,41,27,27,27,41,41,38,27,41,27,41,27,41,27,41,41,41,29,27,28,27,41,41,27,41,41,41,41,27,41,41,29,27,27,41,29,41,41,27,27,41,27,29,27,41,31,41,27,38,33,41,27,41,27,27,27,27,27,41,40,27,27,27,27,41,27,41,27,27,27,41,27,41,27,41,27,41,41,27,41,41,27,41,27,41,30,41,41,41,39,41,27,41,41,41,41,27,41,41,41,27,27,27,41,27,41,41,31,27,27,41,41,27,43,41
27,27,229,229,229,27,27,27,229,230,87,27,27,39,27,41,41,40,35,41,27,31,27,27,27,27,30,27,27,41,41,27,27,30,41,41,28,41,27,41,27,27,41,27,41,27,41,41,41,27,27,41,27,41,41,27,27,41,41,41,41,37,41,41,27,41,30,27,37,41,27,27,27,41,27,41,41,27,41,45,76,27,41,229,229,27,230,41,106,41,41,41,41,27,41,41,27,41,41,41,41,41,41,30,41,41,27,27,41,41,27,39,41,27,27,55,41,41,27,203,41,30,27,27,27,229,41,41,41,27,41,41,41,27,27,41,41,41,41,41,36,40,229,27,27,40,229,229,41,41,41,41,229,27,41,40,41,27,27,41,41,40,27,223,41,215,41,41,41,27,41,27,27,41,229,27,181,41,27,230,172,229,41,228,41,27,113,229,230,30,27,41,41,41,27,41,41,27,27,38,41,41,41,27,41,27,41,27,29,41,30,41,41,41,27,27,41,27,41,27,41,229,29,27,27,27,41,41,41,132,27,41,27,27,27,230,27,27,27,87,27,230,230,230,230,138,31,27,230,230,230,41,230,27,27,230,194,28,86,27,185,27,27,27,230,41,230,27,27,230,30,41,27,27,41,27,27,41,38,41,27,27,27,39,41,41,41,27,41,41,229,155,205,29,27,229,210,40,229,111,222,72,229,229,27,27,146,230,27,230,27,27,229,83,229,229,230,229,27,27,27,176,229,27,27,41,27,41,27,27,32,27,28,27,41,37,41,41,41,41,27,41,40,41,41,29,41,41,41,27,41,41,27,41,27,41,41,27,28,41,41,41,27,41,41,41,41,41,41,41,27,229,27,230,27,230,41,27,27,230,81,195,41,41,27,41,229,27,210,27,110,110,37,27,41,41,41,41,41,41,27,77,41,27,36,43,32,27,41,41,41,27,41,41,27,41,41,39,27,27,27,41,27,38,30,27,41,41,41,41,27,27,34,41,41,27,41,41,27,33,40,41,80,41,27,41,27,27,41,41,27,221,41,41,41,41,27,29,27,230,41,230,41,27,229,27,27,27,41,27,41,41,229,229,41,27,27,229,229,41,196,58,27,229,41,41,27,41,27,53,27,27,41,41,27,41,41,41,41,27,27,27,229,27,41,41,41,27,41,29,27,41,41,41,41,27,27,41,41,27,34,27,41,27,41,27,27,27,41,95,27,41,27,229,229,27,30,43,41,37,214,27,27,27,27,230,229,229,27,41,27,37,41,41,27,27,41,27,27,27,41,41,79,41,27,48,41,27,46,169,41,41,41,230,41,41,41,41,41,40,41,41,27,41,41,41,41,41,41,41,27,41,41,41,41,41,27,41,27,41,33,36,62,230,215,27,27,230,27,161,27,41,27,41,27,27,27,27,41,41,41,27,37,27,27,229,41,230,230,223,27,48,27,93,229,37,41,41,27,41,41,27,27,41,41,27,41,41,27,41,41,27,27,27,27,41,27,27,41,38,27,27,39,41,27,41,41,27,31,27,38,41,39,41,27,27,27,27,27,41,36,41,27,41,37,41,41,41,41,41,41,41,27,41,41,27,41,27,41,41,41,41,41,41,27,27,41,41,41,27,27,42,27,41,41,229,27,189,37,41,79,230,230,230,120,41,41,27,55,27,27,41,27,41,41,41,41,27,41,40,41,27,27,28,27,27,41,27,41,27,27,41,27,41,27,29,27,27,41,41,27,41,27,27,27,41,30,27,41,27,41,27,41,41,41,41,27,41,27,41,27,205,64,41,229,29,41,37,27,27,41,41,41,27,27,27,27,27,27,41,41,27,41,27,41,40,27,41,27,41,41,41,41,27,41,36,41,40,41,41,41,27,41,41,41,27,41,27,41,27,41,41,41,41,41,41,41,41,41,41,29,38,27,41,41,41,41,27,41,41,41,27,41,36,27,27,41,27,41,41,27,27,27,41,41,27,41,27,41,27,41,41,36,41,41,27,37,41,27,41,27,41,41,41,41,41,27,27,27,41,41,30,27,38,27,41,27,41,27,41,41,41,27,27,27,27,41,41,27,41,41,41,41,27,41,41,27,27,27,41,38,41,41,27,27,41,27,38,27,41,27,41,27,30,28,41,27,41,41,27,27,27,27,41,41,27,27,27,27,41,27,41,27,27,27,41,27,41,27,41,27,41,41,27,41,41,27,41,27,41,37,41,41,41,41,41,27,41,41,41,41,27,41,41,41,27,27,41,41,27,41,41,27,27,27,41,41,27,27,41
27,27,229,229,229,27,27,27,229,230,87,27,27,39,27,41,41,40,35,41,27,31,27,27,27,27,30,27,27,41,41,27,27,30,41,41,28,41,27,41,27,27,41,27,41,27,41,41,41,27,27,41,27,41,41,27,27,41,41,41,41,37,41,41,27,41,30,27,37,41,27,27,27,41,27,41,41,27,41,45,76,27,41,229,229,27,230,41,106,41,41,41,41,27,41,41,27,41,41,41,41,41,41,30,41,41,27,27,41,41,27,39,41,27,27,55,41,41,27,203,41,30,27,27,27,229,41,41,41,27,41,41,41,27,27,41,41,41,41,41,36,40,229,27,27,40,229,229,41,41,41,41,229,27,41,40,41,27,27,41,41,40,27,223,41,215,41,41,41,27,41,27,27,41,229,27,181,41,27,230,172,229,41,228,41,27,113,229,230,30,27,41,41,41,27,41,41,27,27,38,41,41,41,27,41,27,41,27,29,41,30,41,41,41,27,27,41,27,41,27,41,229,29,27,27,27,41,41,41,132,27,41,27,27,27,230,27,27,27,87,27,230,230,230,230,138,31,27,230,230,230,41,230,27,27,230,194,28,86,27,185,27,27,27,230,41,230,27,27,230,30,41,27,27,41,27,27,41,38,41,27,27,27,39,41,41,41,27,41,41,229,155,205,29,27,229,210,40,229,111,222,72,229,229,27,27,146,230,27,230,27,27,229,83,229,229,230,229,27,27,27,176,229,27,27,41,27,41,27,27,32,27,28,27,41,37,41,41,41,41,27,41,40,41,41,29,41,41,41,27,41,41,27,41,27,41,41,27,28,41,41,41,27,41,41,41,41,41,41,41,27,229,27,230,27,230,41,27,27,230,81,195,41,41,27,41,229,27,210,27,110,110,37,27,41,41,41,41,41,41,27,77,41,27,36,43,32,27,41,41,41,27,41,41,27,41,41,39,27,27,27,41,27,38,30,27,41,41,41,41,27,27,34,41,41,27,41,41,27,33,40,41,80,41,27,41,27,27,41,41,27,221,41,41,41,41,27,29,27,230,41,230,41,27,229,27,27,27,41,27,41,41,229,229,41,27,27,229,229,41,196,58,27,229,41,41,27,41,27,53,27,27,41,41,27,41,41,41,41,27,27,27,229,27,41,41,41,27,41,29,27,41,41,41,41,27,27,41,41,27,34,27,41,27,41,27,27,27,41,95,27,41,27,229,229,27,30,43,41,37,214,27,27,27,27,230,229,229,27,41,27,37,41,41,27,27,41,27,27,27,41,41,79,41,27,48,41,27,46,169,41,41,41,230,41,41,41,41,41,40,41,41,27,41,41,41,41,41,41,41,27,41,41,41,41,41,27,41,27,41,33,36,62,230,215,27,27,230,27,161,27,41,27,41,27,27,27,27,41,41,41,27,37,27,27,229,41,230,230,223,27,48,27,93,229,37,41,41,27,41,41,27,27,41,41,27,41,41,27,41,41,27,27,27,27,41,27,27,41,38,27,27,39,41,27,41,41,27,31,27,38,41,39,41,27,27,27,27,27,41,36,41,27,41,37,41,41,41,41,41,41,41,27,41,41,27,41,27,41,41,41,41,41,41,27,27,41,41,41,27,27,42,27,41,41,229,27,189,37,41,79,230,230,230,120,41,41,27,55,27,27,41,27,41,41,41,41,27,41,40,41,27,27,28,27,27,41,27,41,27,27,41,27,41,27,29,27,27,41,41,27,41,27,27,27,41,30,27,41,27,41,27,41,41,41,41,27,41,27,41,27,205,64,41,229,29,41,37,27,27,41,41,41,27,27,27,27,27,27,41,41,27,41,27,41,40,27,41,27,41,41,41,41,27,41,36,41,40,41,41,41,27,41,41,41,27,41,27,41,27,41,41,41,41,41,41,41,41,41,41,29,38,27,41,41,41,41,27,41,41,41,27,41,36,27,27,41,27,41,41,27,27,27,41,41,27,41,27,41,27,41,41,36,41,41,27,37,41,27,41,27,41,41,41,41,41,27,27,27,41,41,30,27,38,27,41,27,41,27,41,41,41,27,27,27,27,41,41,27,41,41,41,41,27,41,41,27,27,27,41,38,41,41,27,27,41,27,38,27,41,27,41,27,30,28,41,27,41,41,27,27,27,27,41,41,27,27,27,27,41,27,41,27,27,27,41,27,41,27,41,27,41,41,27,41,41,27,41,27,41,37,41,41,41,41,41,27,41,41,41,41,27,41,41,41,27,27,41,41,27,41,41,27,27,27,41,41,27,27,41
27,27,229,229,229,27,27,27,229,230,87,27,27,41,27,41,41,36,40,41,27,27,27,27,27,27,37,27,27,41,41,27,27,38,41,41,39,41,30,41,27,27,41,27,41,27,41,41,41,27,36,41,27,41,37,27,27,41,41,41,41,41,41,41,30,41,38,27,39,41,30,27,27,41,27,41,41,27,41,45,27,27,41,229,229,27,230,41,106,41,41,41,41,27,41,41,27,41,41,41,41,41,41,27,41,41,27,27,41,41,27,41,41,27,27,27,41,41,27,203,41,37,27,27,27,229,41,41,37,27,41,41,41,27,27,41,41,41,41,41,36,41,229,27,27,41,214,215,41,41,41,41,160,27,41,41,41,27,27,41,41,41,27,229,41,60,41,41,67,27,42,27,27,41,229,27,229,41,27,160,164,229,41,229,41,27,214,229,230,37,30,41,41,41,27,41,41,27,27,38,41,41,38,27,41,27,41,27,27,41,27,41,41,41,27,27,41,28,41,27,41,229,39,27,27,27,41,41,41,132,27,41,27,27,27,230,41,27,27,87,27,230,230,230,230,210,27,27,230,230,230,41,230,27,27,230,82,35,186,27,226,27,27,27,230,41,202,27,27,230,30,41,27,27,41,27,27,41,30,41,27,27,27,41,41,41,41,27,41,44,220,76,115,37,27,192,228,41,229,43,229,172,229,229,27,27,215,230,27,230,27,27,229,177,229,230,230,230,27,27,27,230,229,27,27,41,27,41,27,27,27,27,40,27,41,41,41,41,41,41,27,41,41,41,41,27,41,41,41,27,41,40,27,41,27,41,41,27,39,41,41,41,27,41,41,41,41,41,41,41,27,50,27,230,27,230,41,27,27,230,171,230,41,52,27,41,229,27,205,27,110,38,41,27,41,41,41,41,41,41,27,42,41,27,41,79,39,27,41,41,41,27,41,41,27,41,40,37,30,30,27,41,27,41,37,27,41,41,41,41,27,27,29,41,41,27,41,41,27,33,41,82,179,41,36,41,28,27,41,41,27,230,41,41,41,41,27,34,27,230,41,230,41,27,229,27,27,27,41,27,224,41,229,229,58,27,30,184,229,41,230,41,27,229,41,41,27,41,27,41,27,27,41,41,27,41,41,41,41,27,29,27,229,27,41,41,41,29,41,35,27,41,41,41,41,27,27,41,41,27,34,27,41,29,41,27,27,27,41,95,27,41,27,229,229,27,38,27,41,37,146,27,27,27,27,230,229,229,27,41,27,30,41,41,27,27,41,27,27,27,28,41,42,41,27,27,41,27,151,169,41,41,41,230,41,41,41,41,41,41,41,41,27,41,41,41,41,41,41,41,27,41,41,41,27,41,27,41,27,41,33,41,27,213,147,27,27,230,27,161,36,41,27,41,27,27,27,27,41,41,41,27,41,27,27,229,45,209,230,229,27,106,27,130,229,41,41,41,27,41,41,27,27,41,41,27,41,41,27,41,41,27,27,29,27,41,27,27,41,31,27,27,41,41,30,41,41,27,27,40,31,41,41,41,27,27,27,27,27,41,36,41,27,41,41,41,41,41,67,41,41,41,27,41,41,27,41,27,41,41,41,41,41,41,27,27,41,41,40,27,36,46,27,41,41,229,27,97,41,41,85,230,230,230,199,41,41,27,119,27,27,41,30,41,41,41,41,30,41,41,41,27,27,36,27,27,41,27,41,27,27,41,29,41,27,39,27,28,41,41,27,41,27,28,27,41,27,27,41,27,39,27,41,41,41,41,27,41,27,41,27,205,27,41,229,38,41,41,27,27,41,41,41,27,27,27,27,27,27,41,41,27,41,27,41,41,27,41,27,41,41,41,41,27,41,41,41,36,41,41,41,27,41,41,41,27,41,27,41,27,41,41,41,41,41,41,41,41,41,41,29,31,27,41,41,41,36,36,41,41,41,27,41,30,27,27,41,27,41,41,27,27,27,41,41,27,41,27,41,27,41,41,29,41,41,27,41,41,27,41,30,41,41,41,41,41,27,27,27,41,41,27,27,31,27,41,27,41,27,41,41,41,27,27,27,27,41,41,27,41,41,41,41,27,41,41,27,27,27,41,41,38,38,27,27,41,29,41,27,41,27,41,27,27,27,41,27,41,41,41,27,27,27,41,41,27,27,27,27,41,27,41,27,27,27,41,27,41,27,41,29,41,41,27,41,41,27,41,27,41,41,41,41,41,41,41,27,41,41,41,41,27,41,41,39,27,27,41,41,27,38,41,27,27,27,41,41,27,27,41
27,27,229,229,181,27,27,27,229,230,87,27,27,41,27,41,41,30,41,41,27,27,27,41,27,27,41,30,27,41,41,27,27,41,39,41,41,41,37,41,27,27,41,27,41,29,41,41,41,27,41,41,27,41,30,27,27,41,41,41,41,41,41,40,38,41,41,27,41,41,37,27,27,41,27,41,41,27,41,45,27,27,41,229,229,29,215,41,41,41,41,41,41,27,41,41,27,41,41,41,41,41,41,27,41,41,27,27,41,41,27,41,41,27,27,95,35,41,27,203,41,41,27,27,27,229,41,220,30,27,41,41,41,27,27,41,41,41,41,41,36,41,184,27,27,41,57,147,41,41,41,41,27,27,41,41,41,27,27,27,41,41,27,229,41,41,41,41,196,27,81,27,27,42,229,27,229,41,27,27,164,229,41,229,41,27,230,229,230,41,39,41,41,41,27,41,41,27,27,38,41,41,31,27,41,27,41,27,27,41,27,41,41,41,27,27,41,39,41,27,41,229,41,27,41,27,41,41,41,118,224,41,27,27,27,230,41,27,27,87,160,230,230,230,217,230,27,27,230,230,230,41,221,27,27,230,42,40,230,27,230,27,27,27,230,41,55,27,27,230,132,41,27,27,224,27,27,41,27,41,27,27,27,41,41,41,41,27,41,50,156,41,43,41,30,71,229,41,229,27,229,229,229,229,27,27,230,230,27,230,27,27,229,228,229,230,230,230,27,27,27,230,184,27,27,55,27,41,27,27,27,27,41,27,41,41,41,41,41,41,30,41,41,41,41,27,41,36,41,27,41,35,27,41,27,41,41,27,41,41,41,41,27,41,41,41,27,41,41,41,27,41,30,230,27,160,41,27,27,189,224,230,41,114,27,106,230,27,205,27,91,27,41,27,41,41,41,41,41,41,27,41,41,27,41,93,41,27,41,41,41,27,41,41,27,41,36,34,37,37,41,41,30,41,41,27,41,41,41,41,27,40,27,41,41,27,41,41,27,33,41,173,227,41,41,41,35,27,41,41,27,230,41,41,41,42,27,39,27,47,41,230,41,27,229,27,27,27,41,27,230,41,229,229,201,27,38,74,229,41,230,41,27,229,106,41,27,41,27,41,27,27,41,41,27,41,41,41,41,27,34,27,229,27,41,41,41,35,38,40,27,41,41,41,41,27,27,41,41,29,34,27,41,39,41,27,27,27,41,95,27,41,28,229,229,27,41,27,41,37,59,27,27,29,27,230,229,229,27,87,27,27,41,38,27,27,41,27,27,27,27,41,41,41,27,27,41,27,219,169,41,41,41,230,41,41,41,41,41,41,41,41,27,40,41,41,41,41,41,41,27,41,41,28,27,41,27,41,27,41,33,41,27,144,58,41,27,193,27,161,41,41,27,41,27,27,27,27,41,64,223,27,41,27,27,230,218,110,230,229,27,229,27,205,184,41,41,41,27,41,41,27,27,41,41,27,41,41,27,41,41,27,27,35,27,41,27,27,41,27,27,27,41,41,37,41,41,27,27,41,27,41,41,41,27,27,27,36,27,41,37,41,27,41,41,41,41,41,202,41,41,41,28,41,41,27,41,27,41,41,41,41,41,41,27,27,41,41,35,27,27,41,27,41,38,229,27,43,41,41,85,230,230,230,230,41,41,30,202,30,27,41,38,41,41,41,41,38,41,41,41,27,27,40,27,27,41,28,41,27,27,41,34,41,27,41,27,35,41,41,27,35,27,40,27,41,27,27,41,27,29,27,41,41,41,41,27,41,41,37,27,205,27,41,229,41,41,41,27,27,41,41,41,27,27,27,27,27,27,41,41,27,41,27,41,41,27,41,27,41,41,41,40,27,41,41,41,30,41,41,41,27,41,41,41,27,39,27,41,27,41,41,41,41,41,41,41,41,41,41,32,27,30,41,41,41,27,41,41,41,41,27,41,27,27,27,41,27,41,41,27,27,27,41,41,27,41,27,41,27,41,40,27,41,41,30,41,41,27,41,37,41,41,41,41,41,27,27,27,41,41,27,27,27,30,41,27,27,29,41,41,41,27,27,27,27,41,41,27,41,41,41,41,27,41,41,27,27,27,40,41,31,31,27,27,41,39,41,27,41,27,41,27,27,27,41,27,41,41,41,29,27,27,41,41,27,27,27,27,41,27,36,27,27,27,41,27,41,27,41,34,41,41,30,41,41,29,41,27,41,41,41,41,41,41,41,27,41,41,41,41,27,41,41,30,27,27,41,41,27,31,41,27,27,27,41,41,27,27,41
27,27,229,229,181,27,27,27,229,230,87,27,27,41,27,41,41,30,41,41,27,27,27,41,27,27,41,30,27,41,41,27,27,41,39,41,41,41,37,41,27,27,41,27,41,29,41,41,41,27,41,41,27,41,30,27,27,41,41,41,41,41,41,40,38,41,41,27,41,41,37,27,27,41,27,41,41,27,41,45,27,27,41,229,229,29,215,41,41,41,41,41,41,27,41,41,27,41,41,41,41,41,41,27,41,41,27,27,41,41,27,41,41,27,27,95,35,41,27,203,41,41,27,27,27,229,41,220,30,27,41,41,41,27,27,41,41,41,41,41,36,41,184,27,27,41,57,147,41,41,41,41,27,27,41,41,41,27,27,27,41,41,27,229,41,41,41,41,196,27,81,27,27,42,229,27,229,41,27,27,164,229,41,229,41,27,230,229,230,41,39,41,41,41,27,41,41,27,27,38,41,41,31,27,41,27,41,27,27,41,27,41,41,41,27,27,41,39,41,27,41,229,41,27,41,27,41,41,41,118,224,41,27,27,27,230,41,27,27,87,160,230,230,230,217,230,27,27,230,230,230,41,221,27,27,230,42,40,230,27,230,27,27,27,230,41,55,27,27,230,132,41,27,27,224,27,27,41,27,41,27,27,27,41,41,41,41,27,41,50,156,41,43,41,30,71,229,41,229,27,229,229,229,229,27,27,230,230,27,230,27,27,229,228,229,230,230,230,27,27,27,230,184,27,27,55,27,41,27,27,27,27,41,27,41,41,41,41,41,41,30,41,41,41,41,27,41,36,41,27,41,35,27,41,27,41,41,27,41,41,41,41,27,41,41,41,27,41,41,41,27,41,30,230,27,160,41,27,27,189,224,230,41,114,27,106,230,27,205,27,91,27,41,27,41,41,41,41,41,41,27,41,41,27,41,93,41,27,41,41,41,27,41,41,27,41,36,34,37,37,41,41,30,41,41,27,41,41,41,41,27,40,27,41,41,27,41,41,27,33,41,173,227,41,41,41,35,27,41,41,27,230,41,41,41,42,27,39,27,47,41,230,41,27,229,27,27,27,41,27,230,41,229,229,201,27,38,74,229,41,230,41,27,229,106,41,27,41,27,41,27,27,41,41,27,41,41,41,41,27,34,27,229,27,41,41,41,35,38,40,27,41,41,41,41,27,27,41,41,29,34,27,41,39,41,27,27,27,41,95,27,41,28,229,229,27,41,27,41,37,59,27,27,29,27,230,229,229,27,87,27,27,41,38,27,27,41,27,27,27,27,41,41,41,27,27,41,27,219,169,41,41,41,230,41,41,41,41,41,41,41,41,27,40,41,41,41,41,41,41,27,41,41,28,27,41,27,41,27,41,33,41,27,144,58,41,27,193,27,161,41,41,27,41,27,27,27,27,41,64,223,27,41,27,27,230,218,110,230,229,27,229,27,205,184,41,41,41,27,41,41,27,27,41,41,27,41,41,27,41,41,27,27,35,27,41,27,27,41,27,27,27,41,41,37,41,41,27,27,41,27,41,41,41,27,27,27,36,27,41,37,41,27,41,41,41,41,41,202,41,41,41,28,41,41,27,41,27,41,41,41,41,41,41,27,27,41,41,35,27,27,41,27,41,38,229,27,43,41,41,85,230,230,230,230,41,41,30,202,30,27,41,38,41,41,41,41,38,41,41,41,27,27,40,27,27,41,28,41,27,27,41,34,41,27,41,27,35,41,41,27,35,27,40,27,41,27,27,41,27,29,27,41,41,41,41,27,41,41,37,27,205,27,41,229,41,41,41,27,27,41,41,41,27,27,27,27,27,27,41,41,27,41,27,41,41,27,41,27,41,41,41,40,27,41,41,41,30,41,41,41,27,41,41,41,27,39,27,41,27,41,41,41,41,41,41,41,41,41,41,32,27,30,41,41,41,27,41,41,41,41,27,41,27,27,27,41,27,41,41,27,27,27,41,41,27,41,27,41,27,41,40,27,41,41,30,41,41,27,41,37,41,41,41,41,41,27,27,27,41,41,27,27,27,30,41,27,27,29,41,41,41,27,27,27,27,41,41,27,41,41,41,41,27,41,41,27,27,27,40,41,31,31,27,27,41,39,41,27,41,27,41,27,27,27,41,27,41,41,41,29,27,27,41,41,27,27,27,27,41,27,36,27,27,27,41,27,41,27,41,34,41,41,30,41,41,29,41,27,41,41,41,41,41,41,41,27,41,41,41,41,27,41,41,30,27,27,41,41,27,31,41,27,27,27,41,41,27,27,41
27,27,229,230,76,27,27,27,27,230,87,27,27,41,27,41,41,27,41,41,27,27,27,41,27,27,41,37,27,41,41,27,27,41,33,41,41,41,41,40,27,27,41,27,38,34,41,41,41,27,41,41,27,41,27,27,36,41,41,41,41,41,40,28,41,41,41,27,41,41,41,27,27,41,27,41,41,27,40,45,27,27,41,106,229,39,108,41,129,41,41,41,40,27,41,27,27,41,41,41,41,41,41,27,41,41,27,27,38,36,30,41,41,27,27,184,27,41,27,203,41,41,27,27,27,229,41,229,27,27,41,41,41,27,27,41,41,41,41,41,36,42,93,27,28,41,41,55,41,41,41,41,27,27,41,41,41,27,27,27,41,41,27,229,41,41,41,66,228,27,165,27,27,89,229,27,229,47,27,27,164,230,46,229,41,27,230,230,230,41,41,41,41,41,27,41,41,27,27,38,41,41,27,27,41,27,41,27,27,41,27,41,41,41,27,27,41,41,41,30,27,229,41,27,41,27,41,41,41,42,230,224,27,27,27,230,41,27,27,87,160,230,230,230,151,230,27,27,230,230,230,38,152,28,27,230,41,41,230,27,230,28,27,27,230,41,27,27,27,230,132,41,27,27,230,28,27,41,27,41,27,27,27,41,41,41,41,27,41,50,60,41,27,41,38,27,229,41,229,27,229,229,229,229,27,27,230,230,43,230,27,30,229,230,229,230,160,230,27,27,27,230,84,27,27,118,27,41,27,27,27,27,41,27,41,41,41,41,41,41,37,41,41,41,41,27,35,27,41,27,41,28,27,41,27,41,41,27,41,41,36,41,27,41,41,41,27,41,41,42,27,41,37,230,27,27,41,27,27,98,227,230,55,207,27,230,230,27,205,27,50,27,41,27,27,41,41,38,41,38,27,41,41,27,41,43,41,27,41,41,38,27,41,41,27,41,35,30,41,41,41,41,38,41,41,27,39,27,41,41,27,41,27,41,41,27,41,41,27,33,41,227,229,41,41,41,40,27,42,41,27,230,41,41,41,84,27,41,27,41,41,230,82,27,229,36,27,27,41,27,230,41,229,229,229,27,41,27,229,65,230,41,27,229,230,53,27,41,28,41,27,27,41,41,27,41,41,41,41,27,41,27,229,27,38,41,41,40,30,41,27,41,41,41,41,36,27,41,41,34,34,27,41,41,41,27,29,27,27,95,27,41,40,229,229,27,41,27,41,37,27,27,27,39,27,230,229,164,27,180,27,27,41,31,27,27,41,36,27,27,27,41,41,41,27,27,41,27,229,169,41,38,41,224,41,41,41,41,41,41,41,41,27,28,41,41,41,41,41,41,27,41,41,27,27,41,27,41,27,41,33,41,27,60,27,41,30,93,27,161,41,41,29,41,29,30,27,27,41,65,229,27,41,27,27,230,229,40,230,229,41,229,30,229,84,41,41,41,27,41,41,27,36,41,41,27,41,41,27,41,41,29,27,40,27,41,27,27,38,27,27,27,41,41,41,41,41,27,27,41,27,41,41,41,27,27,27,41,27,41,40,41,27,41,41,41,41,41,230,41,41,41,40,41,40,27,41,27,41,41,28,41,41,41,27,27,36,41,29,27,27,41,27,41,30,229,27,41,41,41,85,230,230,230,230,41,41,37,230,37,27,41,41,41,41,41,41,41,41,41,40,27,27,41,27,27,36,35,41,27,27,40,37,41,27,41,27,40,41,41,27,28,27,41,27,41,27,30,41,27,27,27,41,37,41,41,27,41,41,37,27,131,27,41,229,41,41,41,27,29,41,41,41,27,27,29,27,27,27,41,41,27,41,27,41,41,27,41,27,41,41,41,37,27,41,41,41,27,40,40,41,27,41,41,41,27,33,27,41,27,41,41,41,41,41,41,41,41,41,41,38,27,37,41,41,41,27,41,41,41,41,27,41,27,27,27,41,30,41,41,27,36,27,41,41,27,41,27,41,27,41,36,27,41,41,37,41,41,27,41,41,41,41,41,41,41,27,27,30,41,41,27,27,27,37,41,27,27,39,41,41,41,27,27,27,27,36,41,27,41,41,41,41,27,41,41,27,27,27,35,41,27,27,27,41,41,41,41,27,41,27,41,41,27,27,41,27,41,41,41,35,27,27,41,41,27,27,27,27,41,27,27,27,27,27,41,27,41,28,41,39,41,41,37,41,41,34,41,27,41,41,41,41,41,41,41,27,27,41,41,41,27,41,41,27,27,27,41,41,27,27,41,27,27,27,41,41,27,27,41
27,27,229,230,27,27,27,27,27,230,87,27,27,41,27,41,38,27,41,41,27,27,27,41,27,27,41,41,27,41,41,27,27,41,28,41,41,41,41,40,27,27,41,27,31,39,41,41,27,27,41,41,27,41,27,27,41,41,41,41,41,41,28,27,41,41,41,27,41,41,41,27,27,41,27,41,41,27,35,45,27,27,41,41,229,41,37,41,103,41,41,41,29,27,41,27,41,41,41,41,41,41,41,27,41,41,27,29,30,36,37,41,41,27,30,223,27,27,27,203,38,41,27,27,27,199,41,229,27,27,41,41,41,30,27,41,41,41,41,41,40,91,46,27,34,41,41,27,41,41,41,41,27,29,41,41,41,27,27,27,41,41,27,229,47,41,40,197,229,27,212,27,28,185,229,27,229,229,27,27,164,230,111,229,49,27,230,230,230,41,41,41,41,37,27,41,41,27,27,38,38,41,27,27,40,27,41,27,27,41,27,41,41,41,27,31,41,41,41,37,27,229,41,27,41,41,41,41,41,27,230,230,30,27,28,230,41,27,224,87,230,230,230,230,55,230,27,27,230,213,230,30,44,36,27,160,41,41,230,27,230,74,27,27,230,41,27,27,27,230,132,39,27,27,230,35,30,41,27,48,27,29,29,41,41,41,41,27,41,50,41,41,27,41,41,27,229,41,229,27,27,230,60,230,160,27,230,221,148,230,27,37,229,230,229,230,27,230,30,27,27,230,27,27,27,203,27,41,27,27,27,27,41,27,41,41,41,41,39,41,41,41,41,41,41,27,27,27,41,27,41,27,27,41,30,41,41,27,41,41,27,41,27,41,41,41,27,41,41,41,27,41,41,189,27,27,41,27,27,46,229,230,115,230,27,230,230,27,205,41,27,27,41,27,27,41,41,30,41,31,27,41,41,27,41,41,41,29,41,41,31,27,41,41,27,41,28,27,41,41,41,41,41,41,41,32,32,27,41,41,27,41,27,41,41,27,41,41,27,33,41,229,229,41,41,41,41,29,86,41,27,224,41,41,38,190,27,41,27,41,41,189,181,27,160,36,27,27,223,36,230,60,229,229,230,28,41,27,229,114,186,41,27,229,230,92,27,83,39,41,27,27,41,41,27,41,41,41,41,30,41,27,185,27,31,41,41,41,27,41,27,41,41,41,41,41,27,41,41,39,34,27,41,41,41,27,38,27,27,95,41,41,41,229,229,27,41,27,41,37,27,27,27,41,27,230,229,41,27,228,27,27,41,27,27,27,41,41,27,27,27,41,41,224,27,27,41,29,229,169,41,31,41,155,41,41,41,41,41,41,41,41,27,27,41,41,41,41,41,41,27,41,41,27,27,41,27,41,27,41,33,41,27,27,27,41,38,43,27,161,41,41,35,41,35,37,27,27,41,65,229,27,41,27,27,230,229,27,230,229,41,229,38,229,27,41,41,41,27,41,41,27,36,41,41,27,41,41,36,41,41,39,29,41,27,41,27,32,31,27,27,27,41,41,41,41,41,27,27,41,27,40,41,41,27,27,27,41,27,41,41,41,27,41,41,41,41,41,230,41,41,41,41,41,28,27,41,27,41,41,27,41,41,41,27,27,28,41,27,27,27,41,27,41,27,208,27,41,80,41,85,230,230,230,230,27,41,41,230,41,27,41,41,41,41,41,41,41,38,41,36,27,27,41,28,27,27,41,41,27,27,35,40,41,29,41,27,41,41,41,27,27,27,41,27,38,27,38,41,27,27,27,41,30,41,41,27,41,41,37,27,88,27,41,229,41,41,41,27,39,39,41,41,27,27,39,27,27,27,41,41,27,41,27,41,41,27,41,27,41,41,41,34,27,41,41,41,27,35,37,41,27,41,41,41,27,28,27,41,30,41,41,41,41,41,41,41,41,41,41,41,27,41,41,41,41,27,41,41,41,41,27,41,27,27,27,41,38,41,41,27,41,27,41,41,27,41,27,41,27,36,29,27,41,41,41,41,41,30,41,41,41,41,41,41,41,27,30,39,41,41,27,27,27,41,41,27,27,41,41,41,41,27,28,27,27,41,41,27,41,40,41,41,27,41,39,27,29,27,29,41,27,27,27,41,41,41,41,27,41,27,41,41,27,27,40,27,41,41,41,40,27,27,40,41,27,27,27,27,27,30,27,27,27,35,41,27,39,36,41,41,41,41,41,41,41,37,37,41,41,41,41,41,41,41,41,27,27,41,41,41,27,41,41,27,27,27,41,41,27,27,41,27,27,30,38,41,27,27,41
27,27,229,230,27,27,27,27,27,230,87,27,27,41,27,41,38,27,41,41,27,27,27,41,27,27,41,41,27,41,41,27,27,41,28,41,41,41,41,40,27,27,41,27,31,39,41,41,27,27,41,41,27,41,27,27,41,41,41,41,41,41,28,27,41,41,41,27,41,41,41,27,27,41,27,41,41,27,35,45,27,27,41,41,229,41,37,41,103,41,41,41,29,27,41,27,41,41,41,41,41,41,41,27,41,41,27,29,30,36,37,41,41,27,30,223,27,27,27,203,38,41,27,27,27,199,41,229,27,27,41,41,41,30,27,41,41,41,41,41,40,91,46,27,34,41,41,27,41,41,41,41,27,29,41,41,41,27,27,27,41,41,27,229,47,41,40,197,229,27,212,27,28,185,229,27,229,229,27,27,164,230,111,229,49,27,230,230,230,41,41,41,41,37,27,41,41,27,27,38,38,41,27,27,40,27,41,27,27,41,27,41,41,41,27,31,41,41,41,37,27,229,41,27,41,41,41,41,41,27,230,230,30,27,28,230,41,27,224,87,230,230,230,230,55,230,27,27,230,213,230,30,44,36,27,160,41,41,230,27,230,74,27,27,230,41,27,27,27,230,132,39,27,27,230,35,30,41,27,48,27,29,29,41,41,41,41,27,41,50,41,41,27,41,41,27,229,41,229,27,27,230,60,230,160,27,230,221,148,230,27,37,229,230,229,230,27,230,30,27,27,230,27,27,27,203,27,41,27,27,27,27,41,27,41,41,41,41,39,41,41,41,41,41,41,27,27,27,41,27,41,27,27,41,30,41,41,27,41,41,27,41,27,41,41,41,27,41,41,41,27,41,41,189,27,27,41,27,27,46,229,230,115,230,27,230,230,27,205,41,27,27,41,27,27,41,41,30,41,31,27,41,41,27,41,41,41,29,41,41,31,27,41,41,27,41,28,27,41,41,41,41,41,41,41,32,32,27,41,41,27,41,27,41,41,27,41,41,27,33,41,229,229,41,41,41,41,29,86,41,27,224,41,41,38,190,27,41,27,41,41,189,181,27,160,36,27,27,223,36,230,60,229,229,230,28,41,27,229,114,186,41,27,229,230,92,27,83,39,41,27,27,41,41,27,41,41,41,41,30,41,27,185,27,31,41,41,41,27,41,27,41,41,41,41,41,27,41,41,39,34,27,41,41,41,27,38,27,27,95,41,41,41,229,229,27,41,27,41,37,27,27,27,41,27,230,229,41,27,228,27,27,41,27,27,27,41,41,27,27,27,41,41,224,27,27,41,29,229,169,41,31,41,155,41,41,41,41,41,41,41,41,27,27,41,41,41,41,41,41,27,41,41,27,27,41,27,41,27,41,33,41,27,27,27,41,38,43,27,161,41,41,35,41,35,37,27,27,41,65,229,27,41,27,27,230,229,27,230,229,41,229,38,229,27,41,41,41,27,41,41,27,36,41,41,27,41,41,36,41,41,39,29,41,27,41,27,32,31,27,27,27,41,41,41,41,41,27,27,41,27,40,41,41,27,27,27,41,27,41,41,41,27,41,41,41,41,41,230,41,41,41,41,41,28,27,41,27,41,41,27,41,41,41,27,27,28,41,27,27,27,41,27,41,27,208,27,41,80,41,85,230,230,230,230,27,41,41,230,41,27,41,41,41,41,41,41,41,38,41,36,27,27,41,28,27,27,41,41,27,27,35,40,41,29,41,27,41,41,41,27,27,27,41,27,38,27,38,41,27,27,27,41,30,41,41,27,41,41,37,27,88,27,41,229,41,41,41,27,39,39,41,41,27,27,39,27,27,27,41,41,27,41,27,41,41,27,41,27,41,41,41,34,27,41,41,41,27,35,37,41,27,41,41,41,27,28,27,41,30,41,41,41,41,41,41,41,41,41,41,41,27,41,41,41,41,27,41,41,41,41,27,41,27,27,27,41,38,41,41,27,41,27,41,41,27,41,27,41,27,36,29,27,41,41,41,41,41,30,41,41,41,41,41,41,41,27,30,39,41,41,27,27,27,41,41,27,27,41,41,41,41,27,28,27,27,41,41,27,41,40,41,41,27,41,39,27,29,27,29,41,27,27,27,41,41,41,41,27,41,27,41,41,27,27,40,27,41,41,41,40,27,27,40,41,27,27,27,27,27,30,27,27,27,35,41,27,39,36,41,41,41,41,41,41,41,37,37,41,41,41,41,41,41,41,41,27,27,41,41,41,27,41,41,27,27,27,41,41,27,27,41,27,27,30,38,41,27,27,41
28,27,229,230,27,27,27,27,27,230,87,27,29,41,27,41,31,27,41,41,27,27,27,41,27,27,41,41,27,41,41,27,27,41,27,41,41,41,41,40,27,27,41,27,27,41,41,41,27,27,41,41,27,41,27,27,41,41,41,41,41,41,27,27,41,41,41,27,41,41,41,27,27,41,27,41,41,27,30,45,27,27,41,41,229,41,27,41,57,41,70,41,27,28,41,27,41,41,41,41,41,41,41,27,41,41,27,35,27,27,41,41,41,27,38,229,27,27,27,203,30,41,27,27,30,117,41,229,27,27,41,41,41,38,27,41,41,40,41,40,156,183,43,27,40,41,41,27,41,41,41,41,27,35,41,42,39,27,27,27,41,41,41,229,230,41,28,228,229,27,212,27,75,229,27,27,230,229,27,27,164,230,218,229,113,27,206,230,230,41,41,41,41,30,30,41,41,41,30,38,31,41,27,27,35,27,41,27,27,41,27,41,41,41,27,38,41,41,41,41,27,229,41,27,41,41,41,27,39,27,230,230,37,27,40,230,41,27,230,226,230,230,184,230,27,230,27,27,230,145,230,27,27,40,36,27,41,42,230,27,228,182,27,27,230,47,27,27,27,230,132,29,27,27,230,40,37,41,27,163,27,39,39,41,41,41,41,27,41,50,41,41,27,73,41,27,229,41,164,27,153,229,27,230,229,27,230,153,218,230,27,41,229,230,229,230,27,230,38,27,27,230,27,27,27,230,27,41,27,27,27,27,41,27,27,41,41,41,29,41,41,41,41,41,41,29,27,27,41,41,41,27,27,41,37,41,41,27,41,41,27,41,27,41,41,41,27,41,41,46,33,41,41,97,27,27,41,27,27,43,229,184,195,230,29,230,230,27,186,41,27,27,41,27,27,41,41,27,41,27,41,41,39,27,41,41,41,39,41,41,27,27,41,41,27,41,27,27,41,41,41,41,41,41,41,30,41,27,41,41,27,41,27,41,41,27,41,39,27,33,41,229,229,41,41,41,41,38,179,41,27,54,41,41,29,229,30,41,27,41,41,90,229,27,27,41,28,27,229,41,230,199,229,229,230,39,41,27,229,139,81,41,27,229,230,130,27,177,41,41,27,27,41,41,27,41,41,41,41,37,41,27,93,27,27,41,41,41,27,41,27,41,41,41,41,41,27,41,41,41,34,27,41,41,41,27,41,27,27,95,41,41,41,219,229,27,41,27,41,37,27,27,27,41,27,230,215,41,36,230,27,27,41,27,27,27,41,41,27,27,27,41,41,230,27,27,41,39,229,169,41,27,41,41,41,41,41,41,41,41,41,41,27,27,41,41,41,41,41,41,27,41,41,27,27,41,27,41,27,41,33,41,27,27,27,41,41,41,27,161,41,41,40,41,40,41,27,27,41,65,229,30,56,27,27,230,229,27,230,229,41,229,41,229,27,55,41,41,27,41,41,27,41,41,41,28,41,41,41,27,36,41,39,41,27,41,27,39,27,27,27,27,41,41,41,41,41,30,27,41,27,35,41,41,27,27,27,41,27,41,41,41,27,41,41,41,41,41,230,41,41,41,41,40,27,27,41,27,41,41,27,41,41,41,27,27,27,41,27,27,27,41,27,41,27,69,27,41,175,41,85,230,230,230,230,27,41,41,230,41,27,41,41,41,41,41,32,41,30,41,28,27,27,41,35,27,27,41,41,27,27,29,41,41,35,41,27,41,41,41,27,27,27,41,27,30,27,41,41,27,27,27,41,27,41,41,27,41,39,41,27,50,27,41,185,41,41,41,27,41,29,41,41,27,27,41,27,27,27,41,41,27,41,27,41,41,27,41,27,41,41,41,29,27,41,41,41,27,29,34,41,27,41,41,41,27,27,27,41,37,41,41,41,41,41,41,41,41,41,41,41,27,41,41,37,41,27,41,41,36,41,30,41,27,27,27,41,41,41,41,27,41,27,27,41,27,41,27,41,27,27,27,27,41,41,41,41,41,38,41,41,41,41,41,41,41,27,39,41,41,41,27,30,27,41,41,27,27,41,41,41,41,27,39,27,27,41,41,27,41,28,41,41,27,27,29,27,39,27,27,41,27,27,27,41,41,41,41,27,41,27,41,41,27,27,33,27,41,41,41,41,27,27,35,41,27,27,27,27,27,37,27,27,27,41,41,27,29,40,41,41,41,41,41,41,41,40,30,41,41,41,38,41,41,41,41,41,27,41,38,41,27,41,41,27,30,27,41,41,27,27,41,27,30,37,30,41,27,27,41
28,27,229,230,27,27,27,27,27,230,87,27,29,41,27,41,31,27,41,41,27,27,27,41,27,27,41,41,27,41,41,27,27,41,27,41,41,41,41,40,27,27,41,27,27,41,41,41,27,27,41,41,27,41,27,27,41,41,41,41,41,41,27,27,41,41,41,27,41,41,41,27,27,41,27,41,41,27,30,45,27,27,41,41,229,41,27,41,57,41,70,41,27,28,41,27,41,41,41,41,41,41,41,27,41,41,27,35,27,27,41,41,41,27,38,229,27,27,27,203,30,41,27,27,30,117,41,229,27,27,41,41,41,38,27,41,41,40,41,40,156,183,43,27,40,41,41,27,41,41,41,41,27,35,41,42,39,27,27,27,41,41,41,229,230,41,28,228,229,27,212,27,75,229,27,27,230,229,27,27,164,230,218,229,113,27,206,230,230,41,41,41,41,30,30,41,41,41,30,38,31,41,27,27,35,27,41,27,27,41,27,41,41,41,27,38,41,41,41,41,27,229,41,27,41,41,41,27,39,27,230,230,37,27,40,230,41,27,230,226,230,230,184,230,27,230,27,27,230,145,230,27,27,40,36,27,41,42,230,27,228,182,27,27,230,47,27,27,27,230,132,29,27,27,230,40,37,41,27,163,27,39,39,41,41,41,41,27,41,50,41,41,27,73,41,27,229,41,164,27,153,229,27,230,229,27,230,153,218,230,27,41,229,230,229,230,27,230,38,27,27,230,27,27,27,230,27,41,27,27,27,27,41,27,27,41,41,41,29,41,41,41,41,41,41,29,27,27,41,41,41,27,27,41,37,41,41,27,41,41,27,41,27,41,41,41,27,41,41,46,33,41,41,97,27,27,41,27,27,43,229,184,195,230,29,230,230,27,186,41,27,27,41,27,27,41,41,27,41,27,41,41,39,27,41,41,41,39,41,41,27,27,41,41,27,41,27,27,41,41,41,41,41,41,41,30,41,27,41,41,27,41,27,41,41,27,41,39,27,33,41,229,229,41,41,41,41,38,179,41,27,54,41,41,29,229,30,41,27,41,41,90,229,27,27,41,28,27,229,41,230,199,229,229,230,39,41,27,229,139,81,41,27,229,230,130,27,177,41,41,27,27,41,41,27,41,41,41,41,37,41,27,93,27,27,41,41,41,27,41,27,41,41,41,41,41,27,41,41,41,34,27,41,41,41,27,41,27,27,95,41,41,41,219,229,27,41,27,41,37,27,27,27,41,27,230,215,41,36,230,27,27,41,27,27,27,41,41,27,27,27,41,41,230,27,27,41,39,229,169,41,27,41,41,41,41,41,41,41,41,41,41,27,27,41,41,41,41,41,41,27,41,41,27,27,41,27,41,27,41,33,41,27,27,27,41,41,41,27,161,41,41,40,41,40,41,27,27,41,65,229,30,56,27,27,230,229,27,230,229,41,229,41,229,27,55,41,41,27,41,41,27,41,41,41,28,41,41,41,27,36,41,39,41,27,41,27,39,27,27,27,27,41,41,41,41,41,30,27,41,27,35,41,41,27,27,27,41,27,41,41,41,27,41,41,41,41,41,230,41,41,41,41,40,27,27,41,27,41,41,27,41,41,41,27,27,27,41,27,27,27,41,27,41,27,69,27,41,175,41,85,230,230,230,230,27,41,41,230,41,27,41,41,41,41,41,32,41,30,41,28,27,27,41,35,27,27,41,41,27,27,29,41,41,35,41,27,41,41,41,27,27,27,41,27,30,27,41,41,27,27,27,41,27,41,41,27,41,39,41,27,50,27,41,185,41,41,41,27,41,29,41,41,27,27,41,27,27,27,41,41,27,41,27,41,41,27,41,27,41,41,41,29,27,41,41,41,27,29,34,41,27,41,41,41,27,27,27,41,37,41,41,41,41,41,41,41,41,41,41,41,27,41,41,37,41,27,41,41,36,41,30,41,27,27,27,41,41,41,41,27,41,27,27,41,27,41,27,41,27,27,27,27,41,41,41,41,41,38,41,41,41,41,41,41,41,27,39,41,41,41,27,30,27,41,41,27,27,41,41,41,41,27,39,27,27,41,41,27,41,28,41,41,27,27,29,27,39,27,27,41,27,27,27,41,41,41,41,27,41,27,41,41,27,27,33,27,41,41,41,41,27,27,35,41,27,27,27,27,27,37,27,27,27,41,41,27,29,40,41,41,41,41,41,41,41,40,30,41,41,41,38,41,41,41,41,41,27,41,38,41,27,41,41,27,30,27,41,41,27,27,41,27,30,37,30,41,27,27,41
72,27,229,230,27,27,27,27,27,230,87,27,39,41,27,41,27,27,41,41,27,27,27,41,27,27,41,41,27,41,41,27,27,41,27,41,41,41,41,40,27,27,41,29,27,41,40,41,27,36,41,41,27,41,27,27,41,27,41,41,41,41,27,27,41,41,41,27,41,41,41,27,27,41,30,41,41,36,27,45,27,27,41,41,229,41,27,41,106,41,73,41,27,39,41,27,41,41,41,41,38,41,41,27,41,41,27,40,27,27,41,41,41,27,41,229,27,27,27,203,27,41,27,27,37,46,41,229,27,27,41,41,41,41,27,41,41,28,41,28,156,229,41,27,41,41,41,27,41,41,41,41,27,40,41,46,29,27,27,27,38,41,41,160,230,41,27,229,229,27,212,27,174,229,27,27,230,229,27,27,164,230,230,229,215,27,52,230,230,41,41,41,41,27,37,41,41,41,37,38,27,41,27,27,29,27,41,27,27,41,27,41,41,41,27,41,41,41,41,41,27,229,41,29,41,41,41,27,29,27,230,230,41,27,41,183,224,27,230,230,230,230,83,230,27,230,27,28,230,60,230,27,27,41,41,27,41,82,230,27,158,230,27,27,230,230,27,27,27,230,132,27,27,27,230,41,41,41,27,172,28,41,41,41,41,41,41,27,41,50,41,41,27,184,41,27,224,41,41,27,181,229,27,230,229,27,230,49,229,229,27,41,229,214,229,214,27,230,41,27,27,230,27,27,27,230,27,41,27,27,27,27,41,27,27,41,41,41,27,41,41,41,41,41,41,35,27,27,41,41,41,27,36,41,41,41,41,27,41,27,27,41,27,36,41,41,27,41,41,65,41,41,41,43,27,27,41,27,29,41,229,83,230,230,38,230,230,27,99,41,27,27,41,27,27,41,41,27,41,27,41,41,29,27,41,41,41,41,41,41,27,27,41,41,27,41,27,27,41,41,41,41,41,41,41,37,41,27,41,41,27,41,27,41,41,27,41,33,27,33,41,229,214,41,47,41,41,41,230,41,29,41,37,41,27,229,37,42,27,41,41,42,230,27,27,41,40,27,229,41,230,229,229,229,230,41,41,27,229,139,27,41,27,229,41,202,27,230,41,41,27,27,41,41,27,41,41,41,41,41,41,27,42,29,27,41,41,41,27,41,27,41,41,41,41,41,30,41,41,41,34,27,41,41,41,27,41,27,41,95,41,41,41,106,229,27,47,27,41,37,27,27,27,41,27,230,179,41,41,230,27,27,41,27,27,27,41,41,41,27,27,39,41,230,27,27,224,41,229,45,41,27,41,27,41,41,41,41,41,41,41,41,28,27,41,41,41,41,41,41,27,41,41,27,27,41,27,41,27,41,33,55,27,27,27,41,41,41,27,161,41,41,41,41,41,41,27,27,40,65,229,37,118,27,27,230,229,27,230,229,41,229,41,229,27,115,41,40,27,41,41,27,41,41,40,36,41,41,41,27,27,41,41,41,27,41,29,41,27,27,27,27,41,41,41,41,40,38,27,41,27,29,41,41,27,27,27,41,27,41,41,41,27,41,41,41,41,41,230,41,41,41,41,28,27,27,41,27,41,41,27,41,41,41,27,27,27,41,27,27,27,41,33,41,27,42,27,41,227,41,80,215,230,230,230,27,41,41,230,41,27,41,41,41,41,40,27,41,27,41,27,27,27,41,40,27,27,41,41,36,41,27,41,41,40,41,27,41,41,41,27,27,27,41,27,27,27,41,41,29,27,30,41,27,41,41,27,41,27,41,36,27,33,55,71,41,41,41,27,41,27,41,41,40,27,41,27,27,27,41,41,27,41,27,41,41,27,41,27,41,41,41,27,30,41,41,41,27,27,32,41,27,41,41,41,27,27,27,41,41,41,41,41,41,41,41,41,41,41,41,41,27,41,41,30,41,27,41,41,27,41,38,41,27,27,27,38,41,41,41,41,41,27,27,41,27,41,27,41,36,27,27,27,38,41,41,41,41,41,41,41,41,41,41,41,41,27,41,41,41,41,27,37,27,41,41,27,27,41,41,41,40,27,41,27,27,39,41,27,27,27,40,41,27,27,27,27,41,27,27,41,27,27,27,41,41,41,41,27,41,27,40,41,27,27,28,27,41,41,41,41,29,27,29,41,27,29,27,27,27,41,27,36,27,41,41,29,27,41,41,41,41,41,41,41,41,41,27,41,41,41,31,41,41,41,41,41,27,41,34,41,27,41,41,27,38,27,41,41,27,27,41,27,31,41,37,41,27,27,41
186,27,229,230,27,29,52,27,27,160,87,27,41,41,27,41,27,27,41,41,27,27,27,41,41,27,41,41,27,41,41,27,27,41,27,41,41,41,41,40,27,30,41,34,27,41,35,41,27,41,41,41,27,41,27,27,41,27,37,41,41,41,27,27,41,41,41,27,41,41,41,27,27,41,38,41,41,41,27,45,27,27,106,41,229,41,27,41,103,41,73,41,27,41,41,27,41,41,41,41,33,41,41,27,27,41,27,41,27,27,41,41,41,27,41,229,27,41,27,203,27,41,27,27,41,27,41,229,27,27,41,41,41,41,27,41,41,27,40,27,156,229,41,27,41,41,41,27,41,41,27,41,27,41,41,75,27,27,29,27,30,41,41,27,230,41,27,229,220,27,212,27,229,229,60,27,230,229,27,27,164,230,230,230,230,27,27,230,187,63,41,41,41,27,41,41,41,41,41,40,27,41,27,29,27,27,41,27,27,41,27,41,41,41,27,41,41,41,41,41,27,229,41,39,41,41,41,27,27,27,230,230,41,27,41,76,230,27,230,230,230,230,27,230,27,230,27,159,230,27,230,27,27,41,41,27,41,192,230,41,31,230,27,27,230,230,27,27,27,230,132,27,27,27,230,41,41,41,27,176,40,41,41,41,41,41,41,27,41,50,41,41,27,227,41,27,160,55,41,27,74,230,27,230,229,27,230,27,229,229,27,41,229,148,229,146,27,230,41,27,27,230,27,27,27,230,27,41,27,27,27,27,41,27,27,41,41,41,27,41,41,41,41,41,41,40,27,27,41,41,41,27,41,41,41,41,41,27,41,27,27,41,27,28,41,41,27,41,41,65,41,41,41,41,27,27,38,27,35,41,229,27,230,230,41,230,230,27,38,41,27,27,41,27,27,41,41,27,41,27,41,41,27,27,41,41,41,41,41,41,27,27,41,41,27,41,27,27,41,41,41,41,41,41,41,41,39,27,27,41,27,41,27,41,41,27,41,28,27,33,41,229,148,41,230,41,41,41,230,41,35,41,27,38,27,229,41,85,27,41,41,41,230,27,27,41,41,27,229,41,160,230,229,229,230,41,81,27,229,139,27,41,27,229,41,230,30,230,41,41,27,27,41,41,27,41,41,27,41,41,41,27,41,34,27,41,41,41,27,41,27,41,41,41,41,41,38,41,41,41,34,27,41,41,41,27,41,27,34,95,41,41,41,35,219,27,99,27,53,37,27,27,27,41,30,230,138,41,41,230,27,27,41,27,27,27,41,41,41,35,27,30,41,230,29,27,230,41,229,41,41,27,41,27,224,41,41,41,41,41,41,41,39,27,41,41,41,41,41,41,27,41,41,27,27,41,27,41,27,41,33,217,27,27,27,41,41,41,27,161,41,41,41,41,41,41,28,28,28,65,229,41,197,27,27,230,229,27,230,229,41,27,41,229,27,195,41,33,27,41,41,30,41,41,37,40,41,41,41,27,27,41,41,41,27,41,35,41,27,27,30,27,41,41,41,41,35,41,27,41,27,27,41,41,27,27,27,41,27,41,41,41,31,41,41,41,41,41,230,41,41,41,41,27,27,27,41,27,41,40,27,41,41,41,28,27,27,41,27,27,33,45,41,41,27,41,27,41,229,41,47,104,230,230,230,27,41,41,230,41,27,41,41,41,41,28,27,41,27,41,27,27,28,41,41,27,27,41,41,41,41,27,41,41,41,41,28,41,36,41,27,27,27,41,27,27,27,41,41,34,27,37,41,27,41,41,27,41,27,41,41,27,41,118,27,41,41,41,27,41,27,41,41,41,27,41,27,27,27,41,41,27,41,27,41,41,27,41,41,41,38,41,27,37,41,41,28,27,27,32,41,27,41,41,41,27,27,27,41,41,41,41,41,41,41,41,41,41,41,41,41,27,41,41,27,41,27,41,41,27,41,41,41,27,27,27,30,41,41,41,27,41,27,27,41,29,40,27,41,41,27,27,27,31,41,41,41,38,41,40,41,41,41,41,41,41,27,41,41,41,41,27,41,27,41,41,41,27,41,38,41,35,27,41,27,27,33,41,27,27,27,35,41,35,27,27,27,41,27,27,41,27,27,27,41,41,41,41,27,41,27,33,41,27,27,27,27,41,41,41,41,35,27,27,41,27,35,27,40,27,41,27,41,27,41,41,35,27,41,41,41,41,41,41,41,41,41,27,41,41,41,27,39,41,41,41,41,27,41,34,41,27,41,41,27,41,27,41,41,27,27,41,27,39,41,29,41,30,27,41
186,27,229,230,27,29,52,27,27,160,87,27,41,41,27,41,27,27,41,41,27,27,27,41,41,27,41,41,27,41,41,27,27,41,27,41,41,41,41,40,27,30,41,34,27,41,35,41,27,41,41,41,27,41,27,27,41,27,37,41,41,41,27,27,41,41,41,27,41,41,41,27,27,41,38,41,41,41,27,45,27,27,106,41,229,41,27,41,103,41,73,41,27,41,41,27,41,41,41,41,33,41,41,27,27,41,27,41,27,27,41,41,41,27,41,229,27,41,27,203,27,41,27,27,41,27,41,229,27,27,41,41,41,41,27,41,41,27,40,27,156,229,41,27,41,41,41,27,41,41,27,41,27,41,41,75,27,27,29,27,30,41,41,27,230,41,27,229,220,27,212,27,229,229,60,27,230,229,27,27,164,230,230,230,230,27,27,230,187,63,41,41,41,27,41,41,41,41,41,40,27,41,27,29,27,27,41,27,27,41,27,41,41,41,27,41,41,41,41,41,27,229,41,39,41,41,41,27,27,27,230,230,41,27,41,76,230,27,230,230,230,230,27,230,27,230,27,159,230,27,230,27,27,41,41,27,41,192,230,41,31,230,27,27,230,230,27,27,27,230,132,27,27,27,230,41,41,41,27,176,40,41,41,41,41,41,41,27,41,50,41,41,27,227,41,27,160,55,41,27,74,230,27,230,229,27,230,27,229,229,27,41,229,148,229,146,27,230,41,27,27,230,27,27,27,230,27,41,27,27,27,27,41,27,27,41,41,41,27,41,41,41,41,41,41,40,27,27,41,41,41,27,41,41,41,41,41,27,41,27,27,41,27,28,41,41,27,41,41,65,41,41,41,41,27,27,38,27,35,41,229,27,230,230,41,230,230,27,38,41,27,27,41,27,27,41,41,27,41,27,41,41,27,27,41,41,41,41,41,41,27,27,41,41,27,41,27,27,41,41,41,41,41,41,41,41,39,27,27,41,27,41,27,41,41,27,41,28,27,33,41,229,148,41,230,41,41,41,230,41,35,41,27,38,27,229,41,85,27,41,41,41,230,27,27,41,41,27,229,41,160,230,229,229,230,41,81,27,229,139,27,41,27,229,41,230,30,230,41,41,27,27,41,41,27,41,41,27,41,41,41,27,41,34,27,41,41,41,27,41,27,41,41,41,41,41,38,41,41,41,34,27,41,41,41,27,41,27,34,95,41,41,41,35,219,27,99,27,53,37,27,27,27,41,30,230,138,41,41,230,27,27,41,27,27,27,41,41,41,35,27,30,41,230,29,27,230,41,229,41,41,27,41,27,224,41,41,41,41,41,41,41,39,27,41,41,41,41,41,41,27,41,41,27,27,41,27,41,27,41,33,217,27,27,27,41,41,41,27,161,41,41,41,41,41,41,28,28,28,65,229,41,197,27,27,230,229,27,230,229,41,27,41,229,27,195,41,33,27,41,41,30,41,41,37,40,41,41,41,27,27,41,41,41,27,41,35,41,27,27,30,27,41,41,41,41,35,41,27,41,27,27,41,41,27,27,27,41,27,41,41,41,31,41,41,41,41,41,230,41,41,41,41,27,27,27,41,27,41,40,27,41,41,41,28,27,27,41,27,27,33,45,41,41,27,41,27,41,229,41,47,104,230,230,230,27,41,41,230,41,27,41,41,41,41,28,27,41,27,41,27,27,28,41,41,27,27,41,41,41,41,27,41,41,41,41,28,41,36,41,27,27,27,41,27,27,27,41,41,34,27,37,41,27,41,41,27,41,27,41,41,27,41,118,27,41,41,41,27,41,27,41,41,41,27,41,27,27,27,41,41,27,41,27,41,41,27,41,41,41,38,41,27,37,41,41,28,27,27,32,41,27,41,41,41,27,27,27,41,41,41,41,41,41,41,41,41,41,41,41,41,27,41,41,27,41,27,41,41,27,41,41,41,27,27,27,30,41,41,41,27,41,27,27,41,29,40,27,41,41,27,27,27,31,41,41,41,38,41,40,41,41,41,41,41,41,27,41,41,41,41,27,41,27,41,41,41,27,41,38,41,35,27,41,27,27,33,41,27,27,27,35,41,35,27,27,27,41,27,27,41,27,27,27,41,41,41,41,27,41,27,33,41,27,27,27,27,41,41,41,41,35,27,27,41,27,35,27,40,27,41,27,41,27,41,41,35,27,41,41,41,41,41,41,41,41,41,27,41,41,41,27,39,41,41,41,41,27,41,34,41,27,41,41,27,41,27,41,41,27,27,41,27,39,41,29,41,30,27,41
229,27,229,230,27,79,146,28,27,27,87,30,41,41,27,41,27,27,41,41,30,27,27,41,41,27,41,41,27,41,41,27,27,41,27,41,41,41,41,40,29,38,41,37,27,41,29,40,27,41,41,41,27,41,27,27,41,27,30,41,28,41,27,27,41,41,41,27,41,41,41,36,27,41,41,41,41,41,27,45,27,30,229,41,229,41,27,41,41,41,73,41,27,41,41,27,41,40,41,41,33,36,40,27,27,27,27,41,27,27,41,41,36,27,41,229,27,29,27,46,27,41,27,27,41,27,41,227,27,27,41,41,41,41,27,41,41,27,28,27,156,229,41,27,41,41,41,27,41,41,27,41,27,41,41,201,27,27,39,27,27,41,41,27,230,41,27,220,152,27,216,28,229,229,76,27,230,229,27,27,164,230,230,230,230,27,27,230,81,116,41,41,41,27,41,37,41,41,41,41,27,41,27,39,27,27,41,27,27,41,27,41,41,41,27,41,41,41,41,41,27,229,41,41,41,41,41,27,27,27,230,230,41,27,41,27,230,27,230,230,230,230,27,214,27,230,27,229,230,27,230,27,27,41,41,27,41,230,230,41,27,230,29,27,230,230,27,27,27,27,132,27,36,27,160,41,41,38,27,176,41,41,41,41,41,41,41,27,41,27,41,41,27,229,55,27,53,205,41,27,27,230,27,230,229,27,230,27,229,229,27,41,229,61,229,56,27,230,41,27,27,230,27,28,27,230,27,41,27,27,27,27,41,27,27,41,41,41,27,41,41,41,41,41,41,41,27,27,41,41,41,27,41,41,41,41,41,27,41,27,27,27,35,27,41,41,27,41,41,65,41,41,41,41,27,27,31,27,40,41,227,27,230,230,41,27,230,29,27,41,27,27,41,27,27,41,41,27,41,27,41,41,27,27,41,41,40,41,41,41,27,29,41,41,27,41,27,27,41,41,41,41,41,41,41,41,34,27,27,41,27,41,27,41,41,27,41,27,27,33,41,214,61,27,230,41,41,41,230,41,40,41,27,31,27,229,41,179,30,41,41,41,230,27,27,41,41,27,229,41,27,230,229,229,200,41,183,27,229,139,27,41,27,229,41,230,38,230,41,41,27,27,27,41,27,41,41,27,40,41,41,27,41,39,27,41,41,41,27,41,29,41,41,41,41,41,41,41,41,41,34,27,41,41,41,27,41,27,27,50,41,44,41,27,112,27,198,27,92,37,27,29,27,66,37,230,69,41,41,212,27,27,41,27,27,36,41,41,41,40,27,27,41,230,39,27,230,41,230,41,41,27,41,27,230,27,41,41,41,41,41,41,41,27,41,41,41,41,41,41,27,41,41,27,27,41,27,41,27,41,38,230,30,27,27,224,41,41,27,161,41,41,41,40,41,41,40,40,27,61,230,41,230,27,27,230,229,27,230,229,41,27,41,190,27,229,41,27,27,41,41,38,41,41,35,41,41,41,41,27,27,41,41,41,27,41,40,41,27,27,37,28,41,41,41,41,29,41,27,41,27,27,41,41,27,27,27,41,27,41,41,41,37,41,41,41,41,41,214,41,41,41,41,27,27,27,41,27,41,39,27,41,41,41,35,27,27,41,27,30,39,47,41,41,27,41,28,41,229,223,41,35,230,230,230,27,41,41,230,41,27,27,41,41,41,27,27,41,27,41,27,27,39,41,41,27,27,41,41,41,41,27,41,41,41,41,35,41,27,41,27,27,27,41,27,27,27,41,41,39,27,41,41,27,41,28,27,41,28,47,41,30,41,202,27,41,41,41,29,41,27,41,41,41,27,41,27,27,27,41,41,28,41,27,41,41,27,41,41,41,31,41,27,41,41,41,27,27,27,32,41,27,41,41,41,27,27,27,41,41,41,41,41,41,41,41,41,41,41,41,41,27,41,41,27,41,27,41,41,27,41,41,41,27,29,27,27,41,40,41,27,41,27,27,41,35,35,27,41,41,27,27,27,27,41,41,41,30,41,37,41,41,41,41,41,41,27,41,41,41,41,27,41,27,41,41,41,27,41,31,40,29,27,41,27,41,27,41,27,27,27,29,41,41,27,27,27,41,27,27,41,27,27,27,41,41,41,41,30,41,27,28,41,27,27,27,28,41,41,41,41,40,27,27,41,27,40,27,41,27,41,27,41,27,41,41,40,27,41,41,41,41,41,41,41,41,41,27,41,41,41,27,29,41,41,41,41,27,36,34,41,27,41,41,27,41,30,41,41,27,27,41,27,41,41,27,41,38,27,41
229,27,27,229,27,181,216,68,27,27,87,38,41,41,27,41,27,27,41,41,37,27,27,41,41,27,41,41,27,41,41,27,27,41,27,40,41,41,41,40,35,41,41,40,27,41,27,35,27,41,41,41,27,41,27,27,41,27,27,41,27,37,27,27,41,41,41,27,41,41,41,41,27,41,41,41,41,41,27,45,27,38,229,41,229,41,27,41,41,41,69,41,27,41,41,27,41,28,41,41,33,27,35,27,27,27,27,41,27,27,41,81,36,27,41,229,27,27,27,41,27,41,27,27,41,27,41,104,27,27,28,41,41,41,27,41,41,27,27,27,156,184,41,27,41,41,41,27,41,41,27,41,27,41,37,229,27,27,41,27,27,41,41,27,230,41,27,153,45,36,224,74,229,229,27,27,230,229,27,27,164,230,230,230,230,29,27,230,27,145,41,41,41,27,41,30,41,41,41,41,27,41,27,41,27,27,41,27,27,41,27,41,41,41,27,41,41,41,41,41,27,229,41,41,41,41,41,27,27,27,230,230,41,27,43,27,230,27,230,230,230,230,27,146,27,230,27,230,230,27,230,27,27,42,41,27,41,230,230,41,27,230,35,27,230,230,27,29,27,27,132,27,41,27,27,41,81,31,27,176,41,41,41,41,41,41,41,27,41,27,41,41,27,229,118,27,41,224,41,27,27,230,27,215,229,27,230,27,229,229,91,41,184,27,229,27,27,230,41,27,27,201,27,39,27,230,27,41,27,27,27,27,41,27,27,41,41,27,27,37,41,41,41,41,41,41,27,27,41,41,41,27,41,41,41,41,41,35,41,27,27,27,40,27,41,41,27,41,41,65,45,40,41,41,27,27,27,27,41,41,223,27,230,193,41,27,230,39,27,41,27,27,41,27,27,27,41,27,41,27,41,41,27,27,41,41,35,41,41,41,27,34,41,41,27,41,27,27,41,41,41,41,41,41,41,41,31,27,27,41,27,41,27,41,41,27,41,27,27,32,41,179,27,27,230,41,41,41,190,41,41,41,27,27,27,190,41,230,37,41,27,41,230,27,27,41,41,27,229,41,27,230,229,229,106,41,229,27,229,137,27,41,27,229,41,230,41,230,60,41,27,27,27,41,30,41,41,27,29,41,41,27,41,41,27,40,41,41,27,41,39,41,41,41,41,41,41,38,41,41,34,27,41,41,41,27,41,27,27,27,41,108,41,27,90,27,229,27,128,37,27,35,27,196,41,230,41,41,47,144,27,27,41,27,27,41,41,41,41,41,27,27,41,230,41,27,230,41,230,41,41,27,41,27,230,27,41,41,41,41,41,41,41,27,41,41,41,41,41,41,27,40,41,27,27,41,41,41,29,41,41,230,37,27,27,230,80,41,28,161,41,41,41,28,41,41,41,41,27,53,230,41,230,27,27,230,230,27,207,230,106,27,41,67,27,229,41,27,27,41,40,41,41,41,28,41,41,28,41,27,27,41,41,41,27,41,41,41,27,27,41,35,41,41,41,41,27,41,27,41,27,27,41,41,27,27,28,41,28,40,41,41,41,41,41,41,41,41,114,41,41,41,41,27,27,27,41,27,41,38,27,41,41,41,40,27,27,41,27,38,41,219,41,41,27,41,39,41,214,229,41,27,215,230,230,27,41,41,230,41,27,27,41,41,41,27,27,41,27,41,27,27,41,41,41,27,27,41,41,41,41,27,41,41,41,41,40,41,27,41,27,27,27,41,27,27,27,41,41,41,27,41,41,27,41,27,27,41,39,95,41,37,41,229,27,41,41,41,39,48,27,41,41,41,29,41,27,27,27,41,41,40,41,27,41,41,27,41,41,41,27,41,27,41,41,41,27,27,27,32,41,27,41,41,41,27,27,27,41,41,41,41,41,41,41,41,41,41,41,41,41,27,41,41,27,27,27,41,41,27,27,41,41,27,35,27,27,41,37,41,27,41,27,27,41,40,29,27,41,41,27,27,27,27,41,41,41,27,41,34,41,41,41,41,41,41,27,41,41,41,41,27,41,27,41,41,41,27,41,27,35,27,27,41,27,41,27,41,27,27,27,27,41,41,27,27,27,41,28,27,41,27,27,27,41,41,41,41,37,41,27,27,41,27,27,27,39,39,41,41,41,41,27,27,41,27,41,27,41,27,41,27,41,36,41,41,41,27,41,39,41,41,38,41,41,41,41,27,41,41,41,27,27,41,41,41,41,27,28,34,41,27,41,41,27,41,38,41,41,27,27,41,27,41,41,27,41,41,27,41
229,27,27,229,27,181,216,68,27,27,87,38,41,41,27,41,27,27,41,41,37,27,27,41,41,27,41,41,27,41,41,27,27,41,27,40,41,41,41,40,35,41,41,40,27,41,27,35,27,41,41,41,27,41,27,27,41,27,27,41,27,37,27,27,41,41,41,27,41,41,41,41,27,41,41,41,41,41,27,45,27,38,229,41,229,41,27,41,41,41,69,41,27,41,41,27,41,28,41,41,33,27,35,27,27,27,27,41,27,27,41,81,36,27,41,229,27,27,27,41,27,41,27,27,41,27,41,104,27,27,28,41,41,41,27,41,41,27,27,27,156,184,41,27,41,41,41,27,41,41,27,41,27,41,37,229,27,27,41,27,27,41,41,27,230,41,27,153,45,36,224,74,229,229,27,27,230,229,27,27,164,230,230,230,230,29,27,230,27,145,41,41,41,27,41,30,41,41,41,41,27,41,27,41,27,27,41,27,27,41,27,41,41,41,27,41,41,41,41,41,27,229,41,41,41,41,41,27,27,27,230,230,41,27,43,27,230,27,230,230,230,230,27,146,27,230,27,230,230,27,230,27,27,42,41,27,41,230,230,41,27,230,35,27,230,230,27,29,27,27,132,27,41,27,27,41,81,31,27,176,41,41,41,41,41,41,41,27,41,27,41,41,27,229,118,27,41,224,41,27,27,230,27,215,229,27,230,27,229,229,91,41,184,27,229,27,27,230,41,27,27,201,27,39,27,230,27,41,27,27,27,27,41,27,27,41,41,27,27,37,41,41,41,41,41,41,27,27,41,41,41,27,41,41,41,41,41,35,41,27,27,27,40,27,41,41,27,41,41,65,45,40,41,41,27,27,27,27,41,41,223,27,230,193,41,27,230,39,27,41,27,27,41,27,27,27,41,27,41,27,41,41,27,27,41,41,35,41,41,41,27,34,41,41,27,41,27,27,41,41,41,41,41,41,41,41,31,27,27,41,27,41,27,41,41,27,41,27,27,32,41,179,27,27,230,41,41,41,190,41,41,41,27,27,27,190,41,230,37,41,27,41,230,27,27,41,41,27,229,41,27,230,229,229,106,41,229,27,229,137,27,41,27,229,41,230,41,230,60,41,27,27,27,41,30,41,41,27,29,41,41,27,41,41,27,40,41,41,27,41,39,41,41,41,41,41,41,38,41,41,34,27,41,41,41,27,41,27,27,27,41,108,41,27,90,27,229,27,128,37,27,35,27,196,41,230,41,41,47,144,27,27,41,27,27,41,41,41,41,41,27,27,41,230,41,27,230,41,230,41,41,27,41,27,230,27,41,41,41,41,41,41,41,27,41,41,41,41,41,41,27,40,41,27,27,41,41,41,29,41,41,230,37,27,27,230,80,41,28,161,41,41,41,28,41,41,41,41,27,53,230,41,230,27,27,230,230,27,207,230,106,27,41,67,27,229,41,27,27,41,40,41,41,41,28,41,41,28,41,27,27,41,41,41,27,41,41,41,27,27,41,35,41,41,41,41,27,41,27,41,27,27,41,41,27,27,28,41,28,40,41,41,41,41,41,41,41,41,114,41,41,41,41,27,27,27,41,27,41,38,27,41,41,41,40,27,27,41,27,38,41,219,41,41,27,41,39,41,214,229,41,27,215,230,230,27,41,41,230,41,27,27,41,41,41,27,27,41,27,41,27,27,41,41,41,27,27,41,41,41,41,27,41,41,41,41,40,41,27,41,27,27,27,41,27,27,27,41,41,41,27,41,41,27,41,27,27,41,39,95,41,37,41,229,27,41,41,41,39,48,27,41,41,41,29,41,27,27,27,41,41,40,41,27,41,41,27,41,41,41,27,41,27,41,41,41,27,27,27,32,41,27,41,41,41,27,27,27,41,41,41,41,41,41,41,41,41,41,41,41,41,27,41,41,27,27,27,41,41,27,27,41,41,27,35,27,27,41,37,41,27,41,27,27,41,40,29,27,41,41,27,27,27,27,41,41,41,27,41,34,41,41,41,41,41,41,27,41,41,41,41,27,41,27,41,41,41,27,41,27,35,27,27,41,27,41,27,41,27,27,27,27,41,41,27,27,27,41,28,27,41,27,27,27,41,41,41,41,37,41,27,27,41,27,27,27,39,39,41,41,41,41,27,27,41,27,41,27,41,27,41,27,41,36,41,41,41,27,41,39,41,41,38,41,41,41,41,27,41,41,41,27,27,41,41,41,41,27,28,34,41,27,41,41,27,41,38,41,41,27,27,41,27,41,41,27,41,41,27,41
229,27,27,229,27,229,230,189,27,27,87,41,41,41,27,41,27,27,41,41,41,30,27,41,41,27,41,41,27,41,40,27,27,41,27,33,41,41,41,40,40,41,41,41,27,41,27,29,27,41,41,41,27,41,27,27,41,27,27,41,27,30,27,27,41,41,41,29,41,41,41,41,27,41,41,41,41,41,27,44,30,41,229,41,106,41,27,45,41,41,31,41,27,41,41,27,41,27,41,41,33,27,29,27,27,27,27,41,27,27,41,174,27,30,41,229,27,27,27,41,27,41,27,27,41,27,41,32,27,27,27,41,28,41,27,41,41,27,27,27,156,91,41,41,41,41,41,27,38,41,27,41,27,41,30,229,27,28,41,27,27,41,41,27,230,41,27,45,27,41,229,175,229,229,27,27,230,229,27,27,164,230,211,230,230,39,27,230,27,146,41,41,41,27,41,27,41,41,41,41,27,41,27,41,27,29,41,27,27,41,27,41,38,41,27,41,41,41,41,41,27,220,41,41,41,41,41,27,27,27,230,230,41,27,214,27,230,27,230,213,230,230,27,60,27,230,27,230,230,27,230,27,27,71,41,27,41,230,230,41,27,230,40,40,230,230,27,35,29,27,227,27,41,27,27,41,175,27,27,176,41,41,41,41,41,41,41,27,41,27,41,41,27,218,202,27,41,228,41,27,27,230,27,147,229,160,230,27,229,229,124,81,82,27,229,27,27,230,41,27,27,119,27,41,27,230,30,41,27,41,27,27,41,27,27,41,41,27,27,30,41,41,41,41,37,41,27,27,36,41,39,27,41,41,41,36,41,41,41,27,27,27,41,27,41,41,27,41,41,62,119,28,41,41,36,27,27,29,41,41,217,27,186,69,41,27,230,41,27,221,27,27,41,27,27,27,41,27,41,27,41,41,27,27,40,41,29,41,41,41,27,39,27,39,27,41,27,27,41,40,41,41,41,41,41,41,29,27,27,41,27,41,27,41,41,27,41,27,27,29,41,131,27,27,230,41,41,41,96,38,41,41,27,27,27,86,41,230,41,41,27,41,230,27,27,41,50,35,160,41,27,224,213,229,34,51,230,27,229,134,27,41,27,229,75,230,41,186,197,38,27,27,27,41,38,41,41,27,27,41,41,27,41,41,27,28,41,41,27,41,41,41,41,41,41,41,41,30,41,41,34,27,41,41,41,27,41,27,27,27,41,224,41,27,36,27,229,27,204,37,27,40,27,229,41,230,41,41,230,60,29,27,41,27,29,41,41,41,41,41,27,27,41,160,41,27,230,65,230,41,41,27,41,27,230,27,41,41,41,41,41,41,41,27,41,41,41,41,41,41,27,29,41,27,27,41,41,41,38,41,41,230,41,27,27,230,176,41,40,161,41,41,41,27,41,41,41,41,27,53,230,41,230,27,27,230,230,27,111,230,229,27,54,27,27,229,41,27,27,41,37,41,41,41,27,41,41,27,41,27,27,41,41,41,36,41,41,41,27,27,41,40,41,41,41,41,27,41,27,41,27,27,41,41,27,27,35,41,41,27,41,41,41,41,41,41,41,41,89,41,41,41,41,27,27,27,41,27,41,38,27,41,41,41,41,27,27,41,27,41,41,225,81,41,27,41,41,41,150,229,41,27,104,197,230,27,41,41,230,41,27,27,41,41,41,27,27,41,27,41,27,27,41,41,41,27,27,41,41,41,41,27,41,41,41,41,41,41,27,41,36,27,28,41,27,27,30,41,41,41,27,41,41,27,41,27,35,41,41,89,41,41,41,229,27,41,41,41,41,110,27,41,41,41,38,41,41,27,27,41,41,41,41,29,41,41,27,41,41,41,27,37,27,41,41,41,27,27,27,32,41,30,41,41,41,30,27,27,41,41,41,41,39,41,41,41,41,41,41,41,41,27,41,41,27,27,27,41,41,27,27,41,41,27,40,41,27,41,34,41,27,41,27,27,41,41,27,27,41,41,27,27,29,27,41,41,41,27,41,29,41,41,41,41,41,41,28,41,41,41,41,30,41,27,41,41,41,27,41,27,29,27,27,41,27,41,27,40,36,27,27,27,38,41,27,27,27,41,35,27,40,27,27,27,41,41,41,41,41,41,27,27,41,27,27,27,41,33,41,41,41,41,30,27,41,27,41,29,41,27,41,27,41,41,41,41,41,27,41,29,41,41,31,41,41,27,41,27,41,41,40,27,27,41,41,36,41,27,27,34,41,27,41,41,27,41,41,41,41,27,27,41,30,41,41,27,41,41,30,41
230,27,27,229,27,229,230,229,27,27,87,41,41,41,27,41,27,27,41,41,41,37,27,41,41,27,41,41,27,41,28,28,27,41,27,27,41,41,41,40,41,41,41,41,27,41,27,27,27,41,41,41,27,41,27,27,41,27,27,41,27,27,27,27,41,41,41,35,41,41,41,41,27,41,41,41,41,41,27,42,38,41,229,41,41,41,27,121,41,27,27,41,27,41,41,27,41,27,41,41,33,27,27,27,27,27,41,41,27,27,41,227,27,38,41,229,27,27,39,41,27,41,27,27,41,27,41,27,27,27,27,41,27,41,30,39,41,27,27,27,44,43,41,41,41,41,41,27,30,27,27,41,27,41,27,229,27,36,41,27,27,41,223,229,115,41,27,27,27,41,229,229,229,229,27,36,27,229,36,27,164,209,48,230,208,41,27,230,27,146,41,41,41,27,41,27,41,41,41,41,27,38,27,41,27,35,41,36,29,41,27,41,31,41,27,41,38,41,41,41,27,104,41,41,41,41,41,27,27,27,230,230,41,27,230,27,230,27,230,180,230,230,27,27,27,230,27,230,230,27,230,27,27,205,47,27,41,230,230,44,27,230,41,148,230,230,28,40,35,27,227,27,41,27,27,41,228,27,27,176,41,41,41,41,41,41,41,27,41,27,41,41,27,158,229,27,41,229,41,27,27,230,27,59,230,230,230,27,230,229,124,176,27,27,185,27,27,230,78,41,27,46,27,41,27,230,37,55,29,41,27,27,41,27,27,41,41,27,27,27,41,41,41,41,31,41,30,27,27,41,30,27,41,41,41,28,41,41,41,27,27,27,41,27,41,41,27,41,41,45,226,27,41,41,41,27,27,35,41,41,209,27,83,27,75,27,230,41,27,229,27,27,41,27,27,27,39,27,41,27,41,41,27,29,35,41,27,41,41,38,27,41,27,30,27,41,27,27,41,35,41,41,41,41,41,41,27,27,27,41,27,41,27,41,41,27,41,27,27,27,41,64,27,27,230,41,41,75,43,31,42,41,27,27,29,42,41,230,41,41,27,41,230,27,27,41,212,41,27,41,27,158,50,229,27,208,230,27,186,132,27,41,27,229,171,230,41,83,228,30,30,27,27,41,41,41,41,27,27,41,41,27,41,41,27,27,41,41,27,41,41,41,41,38,41,41,41,27,41,41,34,27,40,41,41,27,41,35,27,27,41,229,41,27,27,27,229,27,229,37,27,41,27,230,41,230,41,41,230,27,35,27,41,27,39,41,41,41,41,41,27,27,41,27,41,27,230,224,230,41,41,27,41,27,230,27,41,41,41,41,41,41,41,27,41,41,41,41,27,41,27,27,41,27,27,41,41,41,41,41,41,230,41,27,27,230,228,41,41,161,41,41,41,27,41,41,41,41,27,53,230,41,230,27,27,230,230,27,41,230,229,27,117,27,27,229,41,27,27,41,34,41,41,41,27,41,41,27,41,27,27,41,41,41,41,41,41,41,27,27,41,41,41,40,41,41,27,41,27,36,30,27,41,41,27,27,40,41,41,27,41,41,41,41,41,38,41,41,36,41,41,41,41,27,27,41,41,27,41,38,27,41,41,41,41,27,27,41,27,41,41,58,174,41,27,41,41,41,64,229,41,27,35,113,197,27,35,41,230,41,27,27,41,41,41,27,27,41,27,41,27,27,41,41,41,27,27,41,41,41,41,27,41,41,41,40,41,41,27,41,41,27,40,41,27,27,38,41,41,41,27,41,38,27,41,27,41,41,41,35,41,41,41,229,27,41,41,41,41,205,27,41,41,41,41,41,41,41,41,41,41,41,27,38,41,41,41,41,41,41,27,30,27,41,41,41,27,27,27,32,41,37,41,41,41,37,27,27,41,41,41,41,33,41,41,41,41,32,41,41,41,27,41,41,27,27,27,41,41,27,27,41,41,27,41,41,27,41,28,41,27,41,36,27,41,41,27,27,41,41,27,27,35,27,41,41,41,27,41,27,41,41,41,41,41,41,39,41,41,41,41,38,41,27,41,41,41,27,41,27,27,27,27,41,27,41,27,36,41,27,27,27,31,41,27,27,27,41,40,27,40,27,27,27,41,41,41,41,41,41,27,27,41,27,27,27,41,28,41,39,41,41,38,27,41,30,41,34,41,27,41,27,41,41,41,41,41,27,41,27,41,41,27,41,41,27,41,27,41,41,35,27,27,39,41,27,41,27,27,34,41,41,41,41,27,41,41,41,41,27,27,41,37,41,41,27,41,41,38,41
230,27,27,229,27,229,230,229,27,27,87,41,41,41,27,41,27,27,41,41,41,37,27,41,41,27,41,41,27,41,28,28,27,41,27,27,41,41,41,40,41,41,41,41,27,41,27,27,27,41,41,41,27,41,27,27,41,27,27,41,27,27,27,27,41,41,41,35,41,41,41,41,27,41,41,41,41,41,27,42,38,41,229,41,41,41,27,121,41,27,27,41,27,41,41,27,41,27,41,41,33,27,27,27,27,27,41,41,27,27,41,227,27,38,41,229,27,27,39,41,27,41,27,27,41,27,41,27,27,27,27,41,27,41,30,39,41,27,27,27,44,43,41,41,41,41,41,27,30,27,27,41,27,41,27,229,27,36,41,27,27,41,223,229,115,41,27,27,27,41,229,229,229,229,27,36,27,229,36,27,164,209,48,230,208,41,27,230,27,146,41,41,41,27,41,27,41,41,41,41,27,38,27,41,27,35,41,36,29,41,27,41,31,41,27,41,38,41,41,41,27,104,41,41,41,41,41,27,27,27,230,230,41,27,230,27,230,27,230,180,230,230,27,27,27,230,27,230,230,27,230,27,27,205,47,27,41,230,230,44,27,230,41,148,230,230,28,40,35,27,227,27,41,27,27,41,228,27,27,176,41,41,41,41,41,41,41,27,41,27,41,41,27,158,229,27,41,229,41,27,27,230,27,59,230,230,230,27,230,229,124,176,27,27,185,27,27,230,78,41,27,46,27,41,27,230,37,55,29,41,27,27,41,27,27,41,41,27,27,27,41,41,41,41,31,41,30,27,27,41,30,27,41,41,41,28,41,41,41,27,27,27,41,27,41,41,27,41,41,45,226,27,41,41,41,27,27,35,41,41,209,27,83,27,75,27,230,41,27,229,27,27,41,27,27,27,39,27,41,27,41,41,27,29,35,41,27,41,41,38,27,41,27,30,27,41,27,27,41,35,41,41,41,41,41,41,27,27,27,41,27,41,27,41,41,27,41,27,27,27,41,64,27,27,230,41,41,75,43,31,42,41,27,27,29,42,41,230,41,41,27,41,230,27,27,41,212,41,27,41,27,158,50,229,27,208,230,27,186,132,27,41,27,229,171,230,41,83,228,30,30,27,27,41,41,41,41,27,27,41,41,27,41,41,27,27,41,41,27,41,41,41,41,38,41,41,41,27,41,41,34,27,40,41,41,27,41,35,27,27,41,229,41,27,27,27,229,27,229,37,27,41,27,230,41,230,41,41,230,27,35,27,41,27,39,41,41,41,41,41,27,27,41,27,41,27,230,224,230,41,41,27,41,27,230,27,41,41,41,41,41,41,41,27,41,41,41,41,27,41,27,27,41,27,27,41,41,41,41,41,41,230,41,27,27,230,228,41,41,161,41,41,41,27,41,41,41,41,27,53,230,41,230,27,27,230,230,27,41,230,229,27,117,27,27,229,41,27,27,41,34,41,41,41,27,41,41,27,41,27,27,41,41,41,41,41,41,41,27,27,41,41,41,40,41,41,27,41,27,36,30,27,41,41,27,27,40,41,41,27,41,41,41,41,41,38,41,41,36,41,41,41,41,27,27,41,41,27,41,38,27,41,41,41,41,27,27,41,27,41,41,58,174,41,27,41,41,41,64,229,41,27,35,113,197,27,35,41,230,41,27,27,41,41,41,27,27,41,27,41,27,27,41,41,41,27,27,41,41,41,41,27,41,41,41,40,41,41,27,41,41,27,40,41,27,27,38,41,41,41,27,41,38,27,41,27,41,41,41,35,41,41,41,229,27,41,41,41,41,205,27,41,41,41,41,41,41,41,41,41,41,41,27,38,41,41,41,41,41,41,27,30,27,41,41,41,27,27,27,32,41,37,41,41,41,37,27,27,41,41,41,41,33,41,41,41,41,32,41,41,41,27,41,41,27,27,27,41,41,27,27,41,41,27,41,41,27,41,28,41,27,41,36,27,41,41,27,27,41,41,27,27,35,27,41,41,41,27,41,27,41,41,41,41,41,41,39,41,41,41,41,38,41,27,41,41,41,27,41,27,27,27,27,41,27,41,27,36,41,27,27,27,31,41,27,27,27,41,40,27,40,27,27,27,41,41,41,41,41,41,27,27,41,27,27,27,41,28,41,39,41,41,38,27,41,30,41,34,41,27,41,27,41,41,41,41,41,27,41,27,41,41,27,41,41,27,41,27,41,41,35,27,27,39,41,27,41,27,27,34,41,41,41,41,27,41,41,41,41,27,27,41,37,41,41,27,41,41,38,41
230,28,27,229,27,229,230,229,27,27,87,41,41,41,41,39,27,27,41,41,41,41,27,41,41,27,41,41,27,39,27,40,27,41,27,27,41,41,41,40,41,41,27,41,27,41,27,27,27,41,41,41,27,41,27,29,41,27,27,41,27,27,27,27,41,41,41,40,41,41,41,41,41,41,41,41,41,41,27,41,41,41,229,41,41,41,27,229,41,27,27,41,27,41,41,27,41,27,41,41,33,27,27,27,27,27,41,41,27,27,41,229,27,41,40,229,30,27,41,41,27,41,27,27,41,27,41,27,27,27,27,41,27,41,38,29,41,27,27,27,41,41,41,41,41,41,39,29,27,27,27,41,27,41,27,229,27,40,64,27,27,76,229,204,230,40,27,27,27,41,229,229,230,229,27,41,27,229,41,27,164,117,27,230,50,41,27,230,27,146,41,41,41,27,41,27,41,41,41,41,27,31,27,41,27,40,41,41,39,41,27,41,27,41,27,41,30,41,41,41,27,33,41,41,27,41,41,27,27,27,230,230,84,27,230,27,230,224,230,180,230,230,27,27,27,230,27,230,230,27,230,27,27,230,230,27,38,230,230,220,27,230,41,220,230,230,57,41,40,27,230,27,41,27,27,41,230,27,27,174,41,41,41,41,41,41,41,27,41,27,41,41,29,66,229,27,41,229,41,27,27,213,27,27,230,230,230,27,230,229,124,228,27,27,72,27,27,188,180,41,41,27,27,41,27,230,41,115,39,41,27,27,41,27,27,41,41,27,27,27,41,41,41,41,27,41,41,27,27,41,27,29,41,41,41,27,41,41,41,27,27,27,41,27,40,41,41,41,41,41,230,27,41,41,41,27,27,40,41,41,204,27,27,27,186,27,230,41,27,229,27,29,41,27,27,27,29,27,41,27,41,39,27,35,29,41,27,41,41,31,27,41,27,27,27,41,27,27,41,29,41,41,41,41,41,41,27,27,27,27,27,41,27,39,41,27,41,27,27,27,41,27,27,27,47,41,41,181,41,27,85,41,27,27,38,41,41,230,41,41,27,41,230,40,27,41,229,41,27,41,27,42,27,185,27,229,230,27,72,132,27,38,27,229,230,230,41,27,229,27,37,41,27,41,41,41,41,27,27,41,41,27,41,41,27,27,41,41,27,41,41,40,41,30,41,41,41,27,41,41,34,27,33,41,41,27,41,40,27,27,41,229,41,27,27,27,213,27,229,37,29,41,27,230,41,230,41,27,230,27,40,30,41,27,41,41,41,41,41,41,27,27,41,27,41,28,230,230,230,41,41,27,41,27,230,27,41,41,41,40,41,41,41,27,41,41,41,41,27,41,27,27,41,27,27,41,41,41,41,41,41,230,42,27,29,230,230,41,41,161,41,41,41,27,41,41,41,41,27,53,230,41,230,27,27,230,230,27,27,230,229,27,204,27,27,185,41,27,27,38,32,41,41,41,37,40,41,27,41,27,27,41,41,41,41,41,41,41,27,27,41,41,41,35,41,41,27,41,27,27,37,27,41,39,27,27,41,41,41,27,41,41,41,41,41,31,41,41,27,41,41,41,41,27,27,41,41,30,41,38,27,41,41,41,41,27,27,41,27,41,41,41,227,41,27,41,59,38,27,229,41,27,230,230,230,27,29,41,200,41,27,27,41,41,41,27,27,41,27,41,27,27,41,41,41,30,27,41,40,41,41,27,41,41,41,36,41,41,27,41,41,27,41,41,36,27,41,41,41,41,27,41,31,27,41,27,41,41,41,27,41,41,41,229,27,41,41,41,41,219,27,41,41,41,41,41,41,41,41,41,41,41,27,41,39,41,41,41,41,41,27,27,27,41,41,41,27,29,27,32,41,41,39,41,41,41,27,27,41,41,39,41,28,41,41,41,41,27,41,41,41,27,40,41,27,27,27,41,41,27,27,41,41,29,41,41,27,41,27,41,27,41,36,27,41,41,27,27,41,41,27,27,40,27,41,41,41,27,41,27,41,41,41,41,41,41,41,41,41,41,41,41,41,27,41,41,41,27,41,27,27,27,28,41,35,41,27,29,41,27,27,27,27,41,27,27,29,41,41,27,40,27,30,27,41,41,41,41,41,41,27,27,41,27,27,27,41,27,41,35,41,41,41,27,41,37,41,37,41,27,41,28,41,41,41,41,41,27,41,27,41,41,27,41,41,27,41,27,41,41,29,27,27,29,41,27,41,27,27,34,41,41,41,41,27,41,41,27,41,41,27,41,41,41,41,27,41,41,41,41
230,70,27,229,27,229,230,229,27,27,87,41,41,36,41,29,27,27,41,41,41,41,27,41,41,27,38,41,27,33,27,41,27,41,27,27,41,41,41,40,41,41,27,41,27,41,27,27,27,41,41,41,30,41,27,35,41,27,27,41,27,27,27,27,40,41,41,41,41,41,41,41,41,41,41,41,41,41,27,41,41,41,229,41,41,41,27,229,41,27,27,41,27,41,41,27,41,27,41,41,33,27,27,27,27,27,41,41,30,27,41,229,27,41,35,192,38,27,41,41,27,41,27,27,41,27,48,27,27,27,27,41,27,41,41,27,41,27,27,27,41,41,41,41,41,41,28,35,27,27,27,41,29,41,27,201,27,41,199,27,27,189,229,112,230,28,27,27,27,41,229,229,230,229,27,41,27,229,41,36,164,52,27,230,27,41,27,230,27,146,41,41,41,27,41,27,41,41,41,41,27,27,27,41,27,41,38,41,41,38,27,41,27,41,28,41,27,41,41,41,27,27,39,41,27,41,106,27,27,28,230,230,180,27,230,27,230,230,230,180,230,230,27,27,27,230,159,230,181,27,219,27,27,230,230,27,30,230,230,230,27,230,41,230,230,230,204,41,41,27,230,27,41,41,27,41,230,27,27,125,41,41,41,41,41,41,41,30,41,27,41,41,39,41,229,29,41,229,41,30,27,145,27,27,230,230,229,27,230,229,124,230,27,27,27,27,27,77,229,41,41,27,30,41,27,230,41,196,41,41,27,27,41,27,27,41,39,27,27,27,41,41,41,41,27,41,41,27,27,41,27,35,41,41,41,27,28,41,36,27,27,27,41,27,29,41,41,27,41,41,230,27,41,41,41,36,27,41,41,41,204,27,27,27,228,27,230,69,27,229,30,38,41,27,27,27,27,27,41,27,41,29,27,40,27,41,27,41,41,27,27,41,27,27,29,41,27,27,41,27,41,41,41,41,41,41,27,27,27,27,27,41,27,33,41,41,41,27,27,27,41,27,27,27,41,41,41,140,41,27,179,41,27,27,41,41,41,191,41,41,27,41,230,41,27,41,229,41,27,41,27,27,27,82,27,230,215,27,27,132,27,30,27,229,230,230,41,27,229,27,41,41,27,38,41,41,41,27,27,41,41,27,41,41,27,27,41,41,27,41,41,37,41,27,41,41,41,27,41,41,34,27,28,41,41,27,41,41,27,27,41,229,44,27,27,27,49,27,229,37,35,41,27,230,80,230,41,27,230,27,41,37,38,27,41,41,41,41,41,41,27,27,41,27,61,35,230,230,230,41,41,27,41,27,230,27,41,41,41,28,41,41,41,27,41,41,41,41,27,41,32,27,41,27,27,41,41,41,41,41,41,230,89,27,35,230,230,41,41,156,41,41,41,27,41,41,41,41,27,53,230,56,182,27,27,230,230,27,27,230,229,27,229,27,27,82,41,27,27,31,32,41,41,41,33,41,41,27,41,27,27,41,41,41,41,41,41,41,27,27,41,41,41,29,41,41,27,41,27,27,41,27,41,29,27,28,41,41,41,27,39,41,41,41,41,27,41,41,27,41,41,41,41,27,27,41,41,37,41,38,27,41,41,41,41,27,27,41,29,41,41,41,229,41,27,41,204,31,27,229,41,27,230,230,230,27,27,41,112,41,27,27,41,41,41,27,27,41,27,41,27,29,41,41,41,38,27,41,28,41,41,27,41,41,41,28,41,41,27,41,41,27,41,41,36,29,41,41,41,41,27,41,27,27,27,27,41,27,41,27,41,41,41,229,27,41,41,41,41,219,27,41,41,41,41,41,41,41,41,41,41,41,27,41,30,41,41,41,41,41,27,27,27,41,41,41,27,35,27,32,41,41,34,41,41,41,27,27,41,41,33,41,27,41,41,41,41,27,41,41,41,27,36,41,27,27,36,41,41,27,27,41,41,35,41,41,27,38,27,41,27,41,41,27,41,41,27,27,41,41,27,27,41,27,41,41,41,27,41,27,41,41,41,41,41,41,41,41,41,41,41,41,41,27,38,41,41,27,41,27,27,27,40,41,41,41,27,27,41,27,27,27,27,41,27,27,38,40,41,27,40,27,37,30,41,41,41,41,41,32,27,27,41,27,27,27,41,27,41,35,41,41,41,27,41,41,41,40,41,27,41,35,41,41,41,41,41,27,41,27,41,41,27,41,41,27,41,27,41,41,27,27,27,27,41,27,41,27,27,34,41,41,41,41,28,41,41,27,41,41,30,41,41,41,41,27,41,41,41,41
230,70,27,229,27,229,230,229,27,27,87,41,41,36,41,29,27,27,41,41,41,41,27,41,41,27,38,41,27,33,27,41,27,41,27,27,41,41,41,40,41,41,27,41,27,41,27,27,27,41,41,41,30,41,27,35,41,27,27,41,27,27,27,27,40,41,41,41,41,41,41,41,41,41,41,41,41,41,27,41,41,41,229,41,41,41,27,229,41,27,27,41,27,41,41,27,41,27,41,41,33,27,27,27,27,27,41,41,30,27,41,229,27,41,35,192,38,27,41,41,27,41,27,27,41,27,48,27,27,27,27,41,27,41,41,27,41,27,27,27,41,41,41,41,41,41,28,35,27,27,27,41,29,41,27,201,27,41,199,27,27,189,229,112,230,28,27,27,27,41,229,229,230,229,27,41,27,229,41,36,164,52,27,230,27,41,27,230,27,146,41,41,41,27,41,27,41,41,41,41,27,27,27,41,27,41,38,41,41,38,27,41,27,41,28,41,27,41,41,41,27,27,39,41,27,41,106,27,27,28,230,230,180,27,230,27,230,230,230,180,230,230,27,27,27,230,159,230,181,27,219,27,27,230,230,27,30,230,230,230,27,230,41,230,230,230,204,41,41,27,230,27,41,41,27,41,230,27,27,125,41,41,41,41,41,41,41,30,41,27,41,41,39,41,229,29,41,229,41,30,27,145,27,27,230,230,229,27,230,229,124,230,27,27,27,27,27,77,229,41,41,27,30,41,27,230,41,196,41,41,27,27,41,27,27,41,39,27,27,27,41,41,41,41,27,41,41,27,27,41,27,35,41,41,41,27,28,41,36,27,27,27,41,27,29,41,41,27,41,41,230,27,41,41,41,36,27,41,41,41,204,27,27,27,228,27,230,69,27,229,30,38,41,27,27,27,27,27,41,27,41,29,27,40,27,41,27,41,41,27,27,41,27,27,29,41,27,27,41,27,41,41,41,41,41,41,27,27,27,27,27,41,27,33,41,41,41,27,27,27,41,27,27,27,41,41,41,140,41,27,179,41,27,27,41,41,41,191,41,41,27,41,230,41,27,41,229,41,27,41,27,27,27,82,27,230,215,27,27,132,27,30,27,229,230,230,41,27,229,27,41,41,27,38,41,41,41,27,27,41,41,27,41,41,27,27,41,41,27,41,41,37,41,27,41,41,41,27,41,41,34,27,28,41,41,27,41,41,27,27,41,229,44,27,27,27,49,27,229,37,35,41,27,230,80,230,41,27,230,27,41,37,38,27,41,41,41,41,41,41,27,27,41,27,61,35,230,230,230,41,41,27,41,27,230,27,41,41,41,28,41,41,41,27,41,41,41,41,27,41,32,27,41,27,27,41,41,41,41,41,41,230,89,27,35,230,230,41,41,156,41,41,41,27,41,41,41,41,27,53,230,56,182,27,27,230,230,27,27,230,229,27,229,27,27,82,41,27,27,31,32,41,41,41,33,41,41,27,41,27,27,41,41,41,41,41,41,41,27,27,41,41,41,29,41,41,27,41,27,27,41,27,41,29,27,28,41,41,41,27,39,41,41,41,41,27,41,41,27,41,41,41,41,27,27,41,41,37,41,38,27,41,41,41,41,27,27,41,29,41,41,41,229,41,27,41,204,31,27,229,41,27,230,230,230,27,27,41,112,41,27,27,41,41,41,27,27,41,27,41,27,29,41,41,41,38,27,41,28,41,41,27,41,41,41,28,41,41,27,41,41,27,41,41,36,29,41,41,41,41,27,41,27,27,27,27,41,27,41,27,41,41,41,229,27,41,41,41,41,219,27,41,41,41,41,41,41,41,41,41,41,41,27,41,30,41,41,41,41,41,27,27,27,41,41,41,27,35,27,32,41,41,34,41,41,41,27,27,41,41,33,41,27,41,41,41,41,27,41,41,41,27,36,41,27,27,36,41,41,27,27,41,41,35,41,41,27,38,27,41,27,41,41,27,41,41,27,27,41,41,27,27,41,27,41,41,41,27,41,27,41,41,41,41,41,41,41,41,41,41,41,41,41,27,38,41,41,27,41,27,27,27,40,41,41,41,27,27,41,27,27,27,27,41,27,27,38,40,41,27,40,27,37,30,41,41,41,41,41,32,27,27,41,27,27,27,41,27,41,35,41,41,41,27,41,41,41,40,41,27,41,35,41,41,41,41,41,27,41,27,41,41,27,41,41,27,41,27,41,41,27,27,27,27,41,27,41,27,27,34,41,41,41,41,28,41,41,27,41,41,30,41,41,41,41,27,41,41,41,41
230,188,27,229,27,230,230,229,27,27,87,41,41,27,41,27,27,27,41,41,41,41,27,41,41,27,31,41,27,28,27,41,27,41,27,27,41,41,41,40,41,41,27,41,27,41,27,27,27,41,41,41,37,41,27,40,41,27,27,37,27,27,28,27,35,41,40,41,41,41,41,41,41,41,41,41,41,41,27,41,41,41,229,41,41,41,27,229,41,27,27,41,27,41,41,27,41,27,41,41,33,27,27,27,27,27,41,41,38,27,40,229,27,41,28,85,41,27,41,41,27,41,27,27,41,27,211,27,30,27,27,41,27,41,41,27,41,27,27,27,41,41,41,41,41,41,27,40,27,27,27,41,35,41,27,75,27,41,228,27,27,228,229,27,230,27,27,27,27,41,229,229,230,229,27,41,27,229,41,41,151,41,27,230,27,41,27,230,27,146,41,41,41,27,41,27,41,41,41,41,27,27,27,41,27,41,30,41,41,32,32,41,27,40,40,41,27,36,41,41,27,27,30,41,27,27,229,27,27,27,230,230,229,27,230,27,230,230,230,180,230,230,27,27,27,230,160,230,77,27,43,27,27,230,230,27,27,230,230,230,27,189,41,230,27,230,230,41,41,27,230,27,41,41,27,41,230,27,27,35,41,41,41,41,41,27,41,37,41,27,41,41,41,41,229,39,41,229,41,27,27,58,27,27,230,230,229,48,230,229,127,230,27,27,27,27,27,27,230,41,41,27,37,47,27,200,41,230,41,41,27,27,41,27,27,41,29,27,27,27,41,41,41,41,27,41,41,27,27,41,27,40,41,36,41,27,27,41,27,27,27,27,41,27,27,41,41,27,41,41,215,27,41,41,41,41,27,41,41,41,204,27,27,27,229,27,229,195,27,229,37,41,41,27,27,27,27,27,41,27,41,27,27,41,27,38,27,41,41,27,27,41,27,27,35,41,27,29,41,27,41,41,41,41,41,41,27,27,27,27,27,41,27,28,41,41,41,27,27,27,41,27,27,27,41,41,41,224,41,27,229,41,27,27,41,41,41,96,41,41,27,41,230,41,27,41,229,41,27,41,27,27,27,27,27,230,147,27,27,132,27,27,34,134,128,188,41,27,229,27,41,41,27,30,41,41,41,27,27,41,41,27,41,41,27,27,41,41,27,41,41,34,41,27,41,41,41,27,41,41,34,27,27,41,41,27,41,41,27,27,41,229,109,27,27,27,27,27,229,37,40,42,30,230,175,230,38,27,230,27,41,41,31,27,41,41,41,41,41,41,27,27,39,27,202,36,230,230,47,41,41,27,41,27,160,27,38,41,41,27,41,41,41,27,41,41,41,41,27,41,40,27,41,27,27,41,164,41,41,41,45,230,182,27,40,160,230,38,41,33,41,41,41,27,41,41,41,41,27,53,230,88,81,27,27,230,230,27,27,230,229,27,229,27,27,27,41,27,27,27,32,41,41,41,28,41,41,27,41,27,27,41,41,41,41,41,41,41,27,27,41,41,41,27,41,41,27,40,27,27,41,27,41,27,27,35,41,41,41,27,34,41,41,41,38,27,41,41,27,41,41,41,41,27,27,41,41,41,41,38,27,41,38,38,41,27,27,41,35,41,41,41,229,41,30,41,228,27,27,229,41,27,230,230,230,27,27,41,43,41,27,27,41,41,41,27,27,41,30,41,27,38,41,41,41,41,27,41,27,41,41,27,41,41,41,27,41,41,27,41,41,28,41,35,41,38,41,41,41,41,29,28,27,27,27,27,41,27,41,27,41,55,41,229,27,41,41,41,48,219,27,41,41,41,41,41,41,41,41,41,41,41,27,41,27,41,41,41,41,41,27,27,27,41,41,41,27,40,27,32,41,41,29,41,41,41,27,32,41,41,29,41,27,41,41,41,41,27,41,41,41,27,30,41,27,27,41,41,41,27,27,41,41,40,41,41,27,31,27,41,34,41,41,27,41,41,27,30,41,41,27,27,41,27,41,40,41,27,41,27,41,41,41,41,41,41,41,41,41,41,41,41,41,30,31,41,41,27,39,27,27,27,41,41,41,41,27,27,41,27,27,27,27,41,27,29,41,35,41,27,40,27,41,37,41,41,41,41,41,27,27,27,41,27,27,27,41,27,41,35,41,41,41,27,41,41,41,41,41,27,41,41,41,41,41,38,41,27,41,27,41,41,27,41,27,27,41,27,41,41,27,27,27,27,41,27,41,27,27,34,41,41,41,41,39,41,41,27,41,41,38,41,41,41,41,27,41,41,41,41
230,188,27,229,27,230,230,229,27,27,87,41,41,27,41,27,27,27,41,41,41,41,27,41,41,27,31,41,27,28,27,41,27,41,27,27,41,41,41,40,41,41,27,41,27,41,27,27,27,41,41,41,37,41,27,40,41,27,27,37,27,27,28,27,35,41,40,41,41,41,41,41,41,41,41,41,41,41,27,41,41,41,229,41,41,41,27,229,41,27,27,41,27,41,41,27,41,27,41,41,33,27,27,27,27,27,41,41,38,27,40,229,27,41,28,85,41,27,41,41,27,41,27,27,41,27,211,27,30,27,27,41,27,41,41,27,41,27,27,27,41,41,41,41,41,41,27,40,27,27,27,41,35,41,27,75,27,41,228,27,27,228,229,27,230,27,27,27,27,41,229,229,230,229,27,41,27,229,41,41,151,41,27,230,27,41,27,230,27,146,41,41,41,27,41,27,41,41,41,41,27,27,27,41,27,41,30,41,41,32,32,41,27,40,40,41,27,36,41,41,27,27,30,41,27,27,229,27,27,27,230,230,229,27,230,27,230,230,230,180,230,230,27,27,27,230,160,230,77,27,43,27,27,230,230,27,27,230,230,230,27,189,41,230,27,230,230,41,41,27,230,27,41,41,27,41,230,27,27,35,41,41,41,41,41,27,41,37,41,27,41,41,41,41,229,39,41,229,41,27,27,58,27,27,230,230,229,48,230,229,127,230,27,27,27,27,27,27,230,41,41,27,37,47,27,200,41,230,41,41,27,27,41,27,27,41,29,27,27,27,41,41,41,41,27,41,41,27,27,41,27,40,41,36,41,27,27,41,27,27,27,27,41,27,27,41,41,27,41,41,215,27,41,41,41,41,27,41,41,41,204,27,27,27,229,27,229,195,27,229,37,41,41,27,27,27,27,27,41,27,41,27,27,41,27,38,27,41,41,27,27,41,27,27,35,41,27,29,41,27,41,41,41,41,41,41,27,27,27,27,27,41,27,28,41,41,41,27,27,27,41,27,27,27,41,41,41,224,41,27,229,41,27,27,41,41,41,96,41,41,27,41,230,41,27,41,229,41,27,41,27,27,27,27,27,230,147,27,27,132,27,27,34,134,128,188,41,27,229,27,41,41,27,30,41,41,41,27,27,41,41,27,41,41,27,27,41,41,27,41,41,34,41,27,41,41,41,27,41,41,34,27,27,41,41,27,41,41,27,27,41,229,109,27,27,27,27,27,229,37,40,42,30,230,175,230,38,27,230,27,41,41,31,27,41,41,41,41,41,41,27,27,39,27,202,36,230,230,47,41,41,27,41,27,160,27,38,41,41,27,41,41,41,27,41,41,41,41,27,41,40,27,41,27,27,41,164,41,41,41,45,230,182,27,40,160,230,38,41,33,41,41,41,27,41,41,41,41,27,53,230,88,81,27,27,230,230,27,27,230,229,27,229,27,27,27,41,27,27,27,32,41,41,41,28,41,41,27,41,27,27,41,41,41,41,41,41,41,27,27,41,41,41,27,41,41,27,40,27,27,41,27,41,27,27,35,41,41,41,27,34,41,41,41,38,27,41,41,27,41,41,41,41,27,27,41,41,41,41,38,27,41,38,38,41,27,27,41,35,41,41,41,229,41,30,41,228,27,27,229,41,27,230,230,230,27,27,41,43,41,27,27,41,41,41,27,27,41,30,41,27,38,41,41,41,41,27,41,27,41,41,27,41,41,41,27,41,41,27,41,41,28,41,35,41,38,41,41,41,41,29,28,27,27,27,27,41,27,41,27,41,55,41,229,27,41,41,41,48,219,27,41,41,41,41,41,41,41,41,41,41,41,27,41,27,41,41,41,41,41,27,27,27,41,41,41,27,40,27,32,41,41,29,41,41,41,27,32,41,41,29,41,27,41,41,41,41,27,41,41,41,27,30,41,27,27,41,41,41,27,27,41,41,40,41,41,27,31,27,41,34,41,41,27,41,41,27,30,41,41,27,27,41,27,41,40,41,27,41,27,41,41,41,41,41,41,41,41,41,41,41,41,41,30,31,41,41,27,39,27,27,27,41,41,41,41,27,27,41,27,27,27,27,41,27,29,41,35,41,27,40,27,41,37,41,41,41,41,41,27,27,27,41,27,27,27,41,27,41,35,41,41,41,27,41,41,41,41,41,27,41,41,41,41,41,38,41,27,41,27,41,41,27,41,27,27,41,27,41,41,27,27,27,27,41,27,41,27,27,34,41,41,41,41,39,41,41,27,41,41,38,41,41,41,41,27,41,41,41,41
216,229,27,229,27,230,230,229,33,27,87,41,41,27,41,27,27,29,41,41,41,41,27,41,41,27,27,41,27,27,27,41,27,41,27,27,41,41,41,40,41,41,27,41,30,41,27,27,27,41,41,41,41,41,27,41,41,27,27,31,27,27,40,27,28,41,35,41,41,38,40,41,41,41,41,41,41,41,27,41,41,41,229,41,41,51,29,229,41,27,27,41,27,41,41,27,41,27,41,41,33,27,27,30,27,27,41,41,41,27,35,229,27,41,27,42,41,29,41,41,27,41,27,41,41,27,229,27,38,27,27,41,27,41,41,27,41,27,27,28,41,41,41,41,41,41,27,41,27,27,27,41,40,41,27,46,27,41,229,27,27,229,229,27,230,27,27,27,27,41,229,229,230,229,27,41,27,229,41,41,90,41,27,230,27,41,27,106,27,146,41,41,41,27,41,27,41,41,41,50,27,27,30,41,27,41,27,41,41,27,41,41,27,28,41,41,27,27,38,40,27,27,27,41,27,27,229,27,27,27,230,230,230,27,230,27,230,230,230,180,230,230,27,27,27,230,229,230,27,27,27,27,27,230,230,27,27,230,230,230,27,73,42,230,27,230,230,41,41,27,230,29,41,41,27,41,215,27,27,31,41,41,41,41,41,27,41,41,41,27,41,41,41,41,185,41,41,229,41,27,27,27,27,27,230,230,229,146,230,229,229,230,27,27,27,27,27,27,230,41,41,27,41,109,27,111,41,230,41,41,27,27,41,27,27,41,27,27,29,27,41,41,41,41,27,41,41,27,27,41,27,41,41,27,41,27,27,41,27,27,27,27,41,28,27,41,41,27,27,41,151,27,41,41,41,41,27,41,41,41,204,27,27,27,229,27,229,228,27,229,41,41,41,27,27,27,27,30,41,27,41,27,29,41,27,30,27,41,41,27,27,41,27,27,40,41,28,35,41,27,40,41,41,41,41,41,27,27,27,27,27,41,27,27,41,41,41,27,27,27,41,27,27,27,41,41,41,226,41,27,229,41,29,27,41,41,40,43,41,41,27,41,230,41,36,41,227,41,27,224,27,27,27,27,27,230,56,30,27,132,27,27,41,41,27,76,55,27,229,27,41,41,27,27,41,41,41,27,27,41,41,29,41,41,27,27,41,41,27,41,41,28,41,27,41,41,41,27,41,41,34,27,27,41,32,27,41,41,27,27,41,229,223,27,27,27,27,27,229,37,41,87,38,221,228,187,30,27,230,27,41,41,27,30,41,41,41,41,41,41,27,27,30,27,229,40,230,230,41,41,41,27,41,29,160,27,31,41,41,27,41,41,41,28,41,41,41,41,27,41,41,27,41,28,28,41,229,41,41,41,154,230,230,27,41,27,230,31,53,27,41,41,41,27,41,40,41,41,27,53,230,135,27,27,27,230,230,27,27,230,229,27,229,27,30,27,41,27,27,27,32,41,41,41,27,41,27,27,41,27,27,41,40,41,41,41,41,41,27,27,41,41,41,27,40,41,27,35,31,27,41,27,41,27,27,40,41,41,41,27,32,41,41,41,31,27,41,41,27,41,41,41,41,27,27,41,41,41,27,38,27,41,31,31,41,28,28,41,40,41,41,41,229,41,37,41,229,27,27,160,41,27,230,230,230,27,27,41,27,38,27,27,39,41,41,27,27,38,38,41,27,41,41,41,41,41,28,41,27,41,41,27,41,41,41,27,41,41,27,41,41,35,41,28,41,41,41,40,38,41,39,27,27,30,27,27,41,27,41,27,41,115,41,186,27,41,38,41,112,219,27,41,41,41,41,39,41,41,41,41,41,41,27,41,27,41,41,41,41,41,27,27,27,41,28,41,27,41,27,32,41,41,27,41,41,41,27,41,41,41,27,41,27,41,41,41,41,27,32,41,41,30,27,41,30,27,41,41,41,27,27,41,41,41,41,41,27,27,27,41,37,41,41,27,41,41,27,37,41,41,27,27,41,27,41,35,41,27,40,27,40,41,41,41,41,41,41,41,41,41,41,41,41,37,27,41,41,41,30,27,27,27,41,41,41,41,29,27,41,27,27,27,27,41,41,38,41,29,41,27,40,27,41,41,41,41,41,41,41,27,30,27,41,27,27,27,41,27,41,35,41,41,41,27,41,41,41,41,41,28,41,41,41,41,41,31,41,27,41,27,41,41,27,41,27,27,41,27,41,38,27,27,27,27,41,27,41,41,27,34,41,41,41,41,41,41,41,27,41,41,41,41,41,41,41,27,41,41,41,41
149,229,27,229,27,230,230,229,229,27,87,41,41,27,41,27,36,41,41,41,41,41,27,41,41,27,27,38,27,27,27,41,27,41,27,27,41,41,41,38,41,41,27,41,37,41,27,27,27,41,41,41,41,38,27,41,41,27,27,27,27,27,41,27,27,41,28,41,41,31,35,41,41,41,41,41,41,41,29,41,41,41,229,27,41,113,38,229,41,27,27,41,27,41,41,41,41,27,41,41,33,27,27,38,27,27,41,41,41,27,30,229,27,41,27,41,41,39,41,41,27,41,27,41,41,27,229,27,41,27,27,41,27,41,41,27,41,27,27,40,41,41,41,41,41,41,27,41,27,27,27,38,41,41,27,42,27,41,229,27,27,229,229,27,230,27,27,27,27,41,229,230,230,229,27,41,27,229,41,41,48,41,27,230,27,59,27,41,27,147,41,41,41,27,41,27,41,41,41,70,27,27,37,41,27,42,27,41,41,27,41,41,27,27,41,41,27,27,31,35,27,27,27,41,30,27,229,27,27,27,230,230,230,27,230,27,230,230,230,180,230,230,27,27,46,230,230,230,27,59,27,27,28,230,230,36,27,230,230,230,27,27,84,230,27,230,230,42,41,27,230,39,41,41,27,41,150,27,27,31,41,41,41,41,41,27,41,41,41,27,41,41,41,41,71,41,41,222,41,27,27,27,27,27,230,230,229,216,230,229,229,214,27,27,27,27,27,27,230,165,41,27,41,211,27,43,41,230,41,41,27,27,41,27,27,41,27,27,38,27,37,41,41,41,27,41,41,27,27,41,27,41,41,27,41,27,27,41,27,27,27,27,41,39,27,41,41,27,27,41,63,27,41,41,41,41,27,41,41,41,204,27,27,27,229,27,229,229,27,229,41,41,41,27,27,27,27,38,41,27,36,27,39,41,27,27,27,40,41,27,27,41,27,27,41,41,36,40,40,27,40,41,41,41,41,41,27,27,27,27,27,41,27,27,41,41,41,27,27,27,41,27,27,27,41,41,41,229,41,27,229,27,35,27,41,41,35,41,41,41,27,41,189,41,41,41,159,41,27,230,27,27,27,27,27,228,27,38,27,132,27,27,41,41,27,27,90,27,229,27,41,41,27,27,41,41,41,27,27,41,41,38,41,41,30,27,41,41,27,41,41,27,41,27,41,41,41,27,41,41,34,27,27,41,27,27,41,41,27,27,41,229,229,27,27,27,27,27,229,37,41,188,41,154,230,81,27,27,230,27,42,41,27,37,41,41,41,41,41,41,29,27,27,27,230,41,230,160,41,41,41,27,41,39,27,27,27,38,41,27,41,41,41,40,41,41,41,41,27,41,41,27,41,40,40,41,229,41,41,41,154,230,230,27,41,27,214,27,223,27,41,41,41,27,41,35,41,41,27,53,230,197,27,27,27,230,230,27,27,230,27,27,229,27,37,27,41,27,27,27,32,41,41,41,27,41,27,27,41,27,27,41,36,41,41,41,41,41,30,27,41,41,41,27,35,41,27,29,38,27,41,27,41,27,41,41,41,41,41,27,32,41,41,41,27,27,41,41,27,41,41,41,41,27,28,41,41,41,27,38,27,40,27,27,41,36,36,39,41,41,41,41,214,41,41,41,229,27,27,160,41,27,188,207,230,27,27,36,27,31,27,27,29,41,41,27,27,30,41,41,27,41,41,41,41,41,35,41,27,41,41,27,41,41,41,27,41,41,27,27,41,41,41,27,41,41,41,35,31,41,41,38,27,37,27,27,41,27,41,27,41,195,41,71,27,41,31,41,215,198,27,41,41,41,41,29,41,41,41,41,36,41,27,41,27,41,41,28,41,41,27,27,27,41,27,41,27,41,29,32,41,41,27,41,41,41,27,41,41,41,27,41,27,41,41,41,41,27,27,41,40,37,27,41,37,27,41,41,41,27,27,41,41,41,41,41,27,27,27,41,30,41,41,27,41,41,27,41,41,41,27,29,41,27,41,30,38,27,35,27,39,41,41,41,41,41,41,41,41,41,41,41,41,41,27,41,41,41,27,27,27,27,41,41,41,41,35,27,41,27,28,27,27,41,41,41,41,27,41,28,40,27,41,41,41,41,41,41,41,27,37,27,41,27,27,27,41,27,41,35,41,41,41,27,41,41,41,41,41,40,41,41,41,41,41,27,41,27,41,27,41,41,27,40,27,27,41,27,41,31,27,27,27,27,41,27,41,41,27,38,41,41,41,41,41,41,41,27,27,41,41,41,67,41,41,27,41,41,41,41
149,229,27,229,27,230,230,229,229,27,87,41,41,27,41,27,36,41,41,41,41,41,27,41,41,27,27,38,27,27,27,41,27,41,27,27,41,41,41,38,41,41,27,41,37,41,27,27,27,41,41,41,41,38,27,41,41,27,27,27,27,27,41,27,27,41,28,41,41,31,35,41,41,41,41,41,41,41,29,41,41,41,229,27,41,113,38,229,41,27,27,41,27,41,41,41,41,27,41,41,33,27,27,38,27,27,41,41,41,27,30,229,27,41,27,41,41,39,41,41,27,41,27,41,41,27,229,27,41,27,27,41,27,41,41,27,41,27,27,40,41,41,41,41,41,41,27,41,27,27,27,38,41,41,27,42,27,41,229,27,27,229,229,27,230,27,27,27,27,41,229,230,230,229,27,41,27,229,41,41,48,41,27,230,27,59,27,41,27,147,41,41,41,27,41,27,41,41,41,70,27,27,37,41,27,42,27,41,41,27,41,41,27,27,41,41,27,27,31,35,27,27,27,41,30,27,229,27,27,27,230,230,230,27,230,27,230,230,230,180,230,230,27,27,46,230,230,230,27,59,27,27,28,230,230,36,27,230,230,230,27,27,84,230,27,230,230,42,41,27,230,39,41,41,27,41,150,27,27,31,41,41,41,41,41,27,41,41,41,27,41,41,41,41,71,41,41,222,41,27,27,27,27,27,230,230,229,216,230,229,229,214,27,27,27,27,27,27,230,165,41,27,41,211,27,43,41,230,41,41,27,27,41,27,27,41,27,27,38,27,37,41,41,41,27,41,41,27,27,41,27,41,41,27,41,27,27,41,27,27,27,27,41,39,27,41,41,27,27,41,63,27,41,41,41,41,27,41,41,41,204,27,27,27,229,27,229,229,27,229,41,41,41,27,27,27,27,38,41,27,36,27,39,41,27,27,27,40,41,27,27,41,27,27,41,41,36,40,40,27,40,41,41,41,41,41,27,27,27,27,27,41,27,27,41,41,41,27,27,27,41,27,27,27,41,41,41,229,41,27,229,27,35,27,41,41,35,41,41,41,27,41,189,41,41,41,159,41,27,230,27,27,27,27,27,228,27,38,27,132,27,27,41,41,27,27,90,27,229,27,41,41,27,27,41,41,41,27,27,41,41,38,41,41,30,27,41,41,27,41,41,27,41,27,41,41,41,27,41,41,34,27,27,41,27,27,41,41,27,27,41,229,229,27,27,27,27,27,229,37,41,188,41,154,230,81,27,27,230,27,42,41,27,37,41,41,41,41,41,41,29,27,27,27,230,41,230,160,41,41,41,27,41,39,27,27,27,38,41,27,41,41,41,40,41,41,41,41,27,41,41,27,41,40,40,41,229,41,41,41,154,230,230,27,41,27,214,27,223,27,41,41,41,27,41,35,41,41,27,53,230,197,27,27,27,230,230,27,27,230,27,27,229,27,37,27,41,27,27,27,32,41,41,41,27,41,27,27,41,27,27,41,36,41,41,41,41,41,30,27,41,41,41,27,35,41,27,29,38,27,41,27,41,27,41,41,41,41,41,27,32,41,41,41,27,27,41,41,27,41,41,41,41,27,28,41,41,41,27,38,27,40,27,27,41,36,36,39,41,41,41,41,214,41,41,41,229,27,27,160,41,27,188,207,230,27,27,36,27,31,27,27,29,41,41,27,27,30,41,41,27,41,41,41,41,41,35,41,27,41,41,27,41,41,41,27,41,41,27,27,41,41,41,27,41,41,41,35,31,41,41,38,27,37,27,27,41,27,41,27,41,195,41,71,27,41,31,41,215,198,27,41,41,41,41,29,41,41,41,41,36,41,27,41,27,41,41,28,41,41,27,27,27,41,27,41,27,41,29,32,41,41,27,41,41,41,27,41,41,41,27,41,27,41,41,41,41,27,27,41,40,37,27,41,37,27,41,41,41,27,27,41,41,41,41,41,27,27,27,41,30,41,41,27,41,41,27,41,41,41,27,29,41,27,41,30,38,27,35,27,39,41,41,41,41,41,41,41,41,41,41,41,41,41,27,41,41,41,27,27,27,27,41,41,41,41,35,27,41,27,28,27,27,41,41,41,41,27,41,28,40,27,41,41,41,41,41,41,41,27,37,27,41,27,27,27,41,27,41,35,41,41,41,27,41,41,41,41,41,40,41,41,41,41,41,27,41,27,41,27,41,41,27,40,27,27,41,27,41,31,27,27,27,27,41,27,41,41,27,38,41,41,41,41,41,41,41,27,27,41,41,41,67,41,41,27,41,41,41,41
54,229,27,229,29,230,230,230,229,27,87,41,41,27,41,27,41,41,41,41,41,41,27,41,41,27,27,31,27,27,27,41,27,41,27,27,41,41,41,33,41,41,27,41,41,41,27,27,27,41,41,41,41,31,30,41,41,27,27,27,27,27,41,27,28,41,27,41,41,27,30,41,41,41,41,41,41,41,35,41,41,41,229,27,41,206,41,229,41,27,27,41,40,41,41,41,41,27,41,41,33,27,27,41,27,27,41,41,41,27,27,229,27,41,27,41,41,41,41,41,27,41,27,41,41,27,229,27,41,27,27,41,27,41,41,27,41,27,27,41,41,41,37,41,41,41,27,41,27,27,27,30,41,41,27,41,27,41,201,27,27,229,160,30,166,27,27,27,27,41,229,230,215,229,27,47,27,229,47,41,41,41,27,230,27,205,28,41,27,147,41,41,41,27,41,27,41,27,41,80,30,27,41,41,29,85,27,47,41,27,41,41,27,27,41,41,27,27,27,29,41,27,27,41,27,27,229,27,28,27,230,230,230,27,230,27,230,230,27,180,230,230,27,27,146,230,230,230,27,143,27,30,35,230,230,41,27,230,230,160,27,27,181,230,27,230,230,84,42,27,230,41,41,41,27,41,62,27,30,31,41,41,41,41,41,27,41,41,41,27,41,41,50,41,27,41,41,159,41,27,27,27,27,27,230,230,229,229,230,213,229,150,27,27,27,27,27,27,215,169,41,27,41,229,41,27,41,230,49,41,27,27,41,27,27,41,27,27,41,27,29,41,41,41,27,41,41,36,27,41,27,41,41,27,41,27,27,41,27,27,27,27,41,41,27,41,41,27,27,41,27,27,41,38,41,41,27,41,41,41,204,30,27,27,229,27,229,229,27,230,55,41,41,27,27,27,27,41,41,27,27,27,41,41,27,27,27,34,41,27,27,41,27,27,41,41,40,41,35,27,40,41,38,41,41,41,27,41,27,27,27,41,27,27,41,41,39,27,27,27,41,27,27,27,41,41,41,229,41,27,229,27,40,27,41,41,29,41,41,41,27,38,74,41,41,41,33,41,27,230,27,27,27,27,27,161,27,41,27,132,30,27,41,41,27,27,132,27,229,27,41,41,27,27,41,41,41,27,27,41,41,41,38,41,37,27,41,41,27,41,41,27,41,27,38,41,41,27,41,41,34,27,27,41,27,27,41,41,30,27,106,229,229,27,27,27,27,27,229,27,41,230,41,45,230,27,27,27,230,27,91,41,27,41,41,41,41,41,41,41,39,27,27,27,230,41,230,27,41,41,41,27,41,41,27,27,27,31,38,27,41,41,41,41,41,41,41,41,27,41,41,27,41,41,41,41,229,41,41,41,154,230,230,29,41,27,150,27,230,27,41,41,41,27,41,29,41,41,27,53,230,230,27,27,27,230,230,27,27,230,27,27,188,27,41,27,41,27,27,27,32,41,41,41,27,41,27,27,41,27,36,40,29,41,41,41,41,41,37,27,41,41,41,27,30,41,29,27,41,27,41,27,41,27,41,41,41,41,41,27,32,41,41,41,27,27,41,41,27,41,41,41,41,28,40,41,41,41,27,38,28,29,27,27,41,40,40,29,41,41,41,41,150,41,41,40,223,27,27,27,41,27,87,131,208,41,27,29,27,27,27,27,27,39,41,27,27,27,41,39,27,41,41,41,41,41,40,41,27,41,41,27,41,41,41,27,41,41,27,27,41,41,41,27,41,41,41,28,27,41,41,41,27,41,27,27,41,27,41,27,41,229,41,27,27,41,27,41,229,49,27,41,41,41,41,27,41,41,41,41,31,41,27,41,27,41,41,27,41,41,27,27,27,41,27,41,27,41,35,32,41,41,27,41,41,41,27,41,41,41,27,41,27,41,41,41,41,27,27,41,36,41,27,41,41,27,41,41,41,29,27,41,41,41,41,41,27,27,27,41,27,41,41,28,41,41,27,41,41,41,36,35,41,27,41,27,30,27,29,27,39,41,41,41,41,39,41,41,41,41,41,41,41,41,27,41,41,41,27,27,27,27,41,41,41,41,40,27,41,41,39,27,27,41,41,41,41,27,41,35,40,27,41,41,41,32,41,41,41,27,41,27,41,27,27,27,41,27,41,35,41,41,41,29,41,41,41,41,41,41,41,41,41,41,41,27,41,29,41,27,41,41,27,35,27,27,41,27,36,27,27,27,27,27,41,27,41,41,27,41,41,41,41,41,41,41,41,27,27,41,41,41,146,41,41,30,41,41,41,41
27,229,27,229,78,213,230,230,229,27,87,41,41,27,41,27,41,41,41,41,41,41,27,41,41,27,27,27,27,27,27,41,27,41,27,27,41,32,41,29,41,41,27,41,41,41,27,27,27,41,41,41,41,27,37,41,41,27,27,27,27,27,41,27,27,41,27,41,41,27,27,41,41,41,41,38,41,41,40,41,41,41,229,27,41,229,41,229,27,27,27,41,41,41,41,41,41,27,41,41,38,27,27,41,27,27,41,41,41,27,27,229,27,41,27,41,41,41,41,41,30,41,27,41,41,27,229,27,41,27,27,32,27,38,41,27,41,27,27,41,41,41,30,223,41,41,27,41,27,27,27,27,41,41,27,41,29,41,57,27,27,229,27,38,41,27,27,27,27,41,229,230,151,229,27,229,27,229,229,41,41,41,27,230,27,228,39,41,27,147,41,41,41,31,41,27,41,27,41,80,37,27,41,41,34,181,27,229,41,27,41,41,27,27,41,41,27,27,27,27,41,27,27,41,27,27,229,27,39,32,170,176,230,214,230,27,230,230,27,180,230,230,27,27,218,230,230,230,27,211,27,38,40,230,230,41,27,230,230,28,36,27,230,230,27,230,230,181,83,27,230,41,41,41,27,41,27,27,38,31,41,41,40,41,41,27,41,41,41,27,41,41,111,41,27,41,41,57,41,27,27,27,27,27,230,230,229,229,230,43,229,64,27,27,27,27,27,27,150,169,41,27,41,229,41,27,41,230,110,41,27,27,41,27,27,41,27,27,41,27,29,41,41,41,27,41,41,41,27,36,27,41,41,27,41,27,27,41,27,27,27,27,41,41,27,41,41,27,27,41,27,28,41,31,41,41,27,41,41,41,204,37,27,27,229,27,229,229,29,230,90,41,41,27,41,27,27,41,41,27,27,27,41,41,27,27,27,28,41,27,30,41,27,27,41,41,41,41,29,27,40,41,31,41,41,41,27,41,27,27,27,41,27,27,32,41,33,27,27,27,41,27,27,27,41,41,41,229,41,27,191,27,41,27,41,41,27,41,41,41,27,31,27,41,41,41,27,41,27,230,27,27,27,27,27,34,27,41,27,132,37,27,82,41,27,27,199,27,229,27,41,41,27,27,41,41,41,27,27,41,41,41,31,41,41,27,41,41,41,41,41,27,41,27,30,41,41,27,41,41,34,27,27,41,27,27,41,41,37,27,106,229,229,27,27,27,27,27,229,27,83,230,41,27,216,27,27,27,230,27,184,41,27,41,41,41,41,41,41,41,41,27,27,27,230,41,230,27,41,41,41,27,41,41,27,27,27,27,31,27,41,41,41,41,41,41,41,27,27,41,41,27,41,41,41,41,229,41,41,41,154,230,230,35,42,27,64,27,230,27,41,41,41,27,41,27,41,41,27,53,230,230,27,27,27,228,230,27,27,230,27,41,69,27,41,27,41,27,27,27,32,40,41,41,27,41,27,27,41,27,41,36,27,41,41,41,41,41,41,30,38,41,41,27,27,41,35,27,41,27,41,27,41,27,41,41,41,41,41,27,32,41,41,41,27,27,41,41,27,41,41,41,41,40,41,41,41,41,27,38,39,27,27,27,41,41,41,27,41,41,41,41,62,41,41,28,155,27,27,27,41,27,33,51,132,41,27,27,27,27,27,27,27,34,41,27,27,27,41,30,29,41,41,41,41,41,41,41,27,41,41,29,41,41,41,27,41,41,27,27,41,41,41,27,41,41,41,27,27,41,41,40,27,41,27,27,41,27,41,27,41,229,41,27,30,41,27,41,229,27,27,41,41,41,41,27,41,41,41,41,30,41,27,41,27,41,41,27,41,41,27,27,27,41,27,41,27,41,40,32,41,41,27,41,41,41,27,41,41,41,27,41,27,41,41,41,41,27,27,41,31,41,27,38,41,27,41,41,27,35,27,41,38,41,41,41,27,27,27,41,27,41,41,40,41,41,27,41,41,41,41,40,41,27,41,27,27,27,27,27,39,41,41,41,41,29,41,41,41,41,41,41,41,41,27,41,41,41,27,27,27,27,41,41,41,41,41,27,41,41,41,27,27,41,41,41,41,27,41,40,39,27,41,41,41,27,41,41,41,27,41,27,41,27,27,27,41,27,41,35,41,41,41,38,41,41,41,41,41,41,41,41,41,41,41,27,41,39,41,27,41,41,27,29,27,27,41,27,27,27,27,27,27,27,41,27,36,41,27,41,41,41,41,41,41,41,41,27,27,41,41,41,213,41,41,37,41,41,41,41
27,229,27,229,78,213,230,230,229,27,87,41,41,27,41,27,41,41,41,41,41,41,27,41,41,27,27,27,27,27,27,41,27,41,27,27,41,32,41,29,41,41,27,41,41,41,27,27,27,41,41,41,41,27,37,41,41,27,27,27,27,27,41,27,27,41,27,41,41,27,27,41,41,41,41,38,41,41,40,41,41,41,229,27,41,229,41,229,27,27,27,41,41,41,41,41,41,27,41,41,38,27,27,41,27,27,41,41,41,27,27,229,27,41,27,41,41,41,41,41,30,41,27,41,41,27,229,27,41,27,27,32,27,38,41,27,41,27,27,41,41,41,30,223,41,41,27,41,27,27,27,27,41,41,27,41,29,41,57,27,27,229,27,38,41,27,27,27,27,41,229,230,151,229,27,229,27,229,229,41,41,41,27,230,27,228,39,41,27,147,41,41,41,31,41,27,41,27,41,80,37,27,41,41,34,181,27,229,41,27,41,41,27,27,41,41,27,27,27,27,41,27,27,41,27,27,229,27,39,32,170,176,230,214,230,27,230,230,27,180,230,230,27,27,218,230,230,230,27,211,27,38,40,230,230,41,27,230,230,28,36,27,230,230,27,230,230,181,83,27,230,41,41,41,27,41,27,27,38,31,41,41,40,41,41,27,41,41,41,27,41,41,111,41,27,41,41,57,41,27,27,27,27,27,230,230,229,229,230,43,229,64,27,27,27,27,27,27,150,169,41,27,41,229,41,27,41,230,110,41,27,27,41,27,27,41,27,27,41,27,29,41,41,41,27,41,41,41,27,36,27,41,41,27,41,27,27,41,27,27,27,27,41,41,27,41,41,27,27,41,27,28,41,31,41,41,27,41,41,41,204,37,27,27,229,27,229,229,29,230,90,41,41,27,41,27,27,41,41,27,27,27,41,41,27,27,27,28,41,27,30,41,27,27,41,41,41,41,29,27,40,41,31,41,41,41,27,41,27,27,27,41,27,27,32,41,33,27,27,27,41,27,27,27,41,41,41,229,41,27,191,27,41,27,41,41,27,41,41,41,27,31,27,41,41,41,27,41,27,230,27,27,27,27,27,34,27,41,27,132,37,27,82,41,27,27,199,27,229,27,41,41,27,27,41,41,41,27,27,41,41,41,31,41,41,27,41,41,41,41,41,27,41,27,30,41,41,27,41,41,34,27,27,41,27,27,41,41,37,27,106,229,229,27,27,27,27,27,229,27,83,230,41,27,216,27,27,27,230,27,184,41,27,41,41,41,41,41,41,41,41,27,27,27,230,41,230,27,41,41,41,27,41,41,27,27,27,27,31,27,41,41,41,41,41,41,41,27,27,41,41,27,41,41,41,41,229,41,41,41,154,230,230,35,42,27,64,27,230,27,41,41,41,27,41,27,41,41,27,53,230,230,27,27,27,228,230,27,27,230,27,41,69,27,41,27,41,27,27,27,32,40,41,41,27,41,27,27,41,27,41,36,27,41,41,41,41,41,41,30,38,41,41,27,27,41,35,27,41,27,41,27,41,27,41,41,41,41,41,27,32,41,41,41,27,27,41,41,27,41,41,41,41,40,41,41,41,41,27,38,39,27,27,27,41,41,41,27,41,41,41,41,62,41,41,28,155,27,27,27,41,27,33,51,132,41,27,27,27,27,27,27,27,34,41,27,27,27,41,30,29,41,41,41,41,41,41,41,27,41,41,29,41,41,41,27,41,41,27,27,41,41,41,27,41,41,41,27,27,41,41,40,27,41,27,27,41,27,41,27,41,229,41,27,30,41,27,41,229,27,27,41,41,41,41,27,41,41,41,41,30,41,27,41,27,41,41,27,41,41,27,27,27,41,27,41,27,41,40,32,41,41,27,41,41,41,27,41,41,41,27,41,27,41,41,41,41,27,27,41,31,41,27,38,41,27,41,41,27,35,27,41,38,41,41,41,27,27,27,41,27,41,41,40,41,41,27,41,41,41,41,40,41,27,41,27,27,27,27,27,39,41,41,41,41,29,41,41,41,41,41,41,41,41,27,41,41,41,27,27,27,27,41,41,41,41,41,27,41,41,41,27,27,41,41,41,41,27,41,40,39,27,41,41,41,27,41,41,41,27,41,27,41,27,27,27,41,27,41,35,41,41,41,38,41,41,41,41,41,41,41,41,41,41,41,27,41,39,41,27,41,41,27,29,27,27,41,27,27,27,27,27,27,27,41,27,36,41,27,41,41,41,41,41,41,41,41,27,27,41,41,41,213,41,41,37,41,41,41,41
27,229,27,229,182,145,230,230,229,27,87,40,41,27,41,27,41,41,41,41,41,41,27,41,41,27,27,27,27,27,27,41,27,41,27,27,41,27,41,28,41,41,27,41,41,41,27,27,27,41,41,41,41,27,41,41,41,41,27,27,27,27,41,33,27,38,27,41,41,27,27,41,41,38,41,30,27,41,41,41,57,41,106,27,41,229,41,229,27,27,27,41,41,41,41,41,41,29,41,41,41,27,27,41,41,27,41,41,41,27,27,229,27,41,27,41,41,41,41,41,38,81,27,41,41,27,229,27,41,27,27,32,27,30,41,27,41,27,27,41,41,41,27,229,41,41,27,41,27,27,30,27,41,41,27,41,39,41,27,41,27,229,27,41,41,27,27,28,27,41,229,230,62,229,27,229,27,229,229,47,41,41,27,215,27,229,41,41,27,147,41,41,41,38,41,27,41,27,41,80,41,27,41,41,40,229,27,229,41,27,41,41,27,27,41,41,27,27,27,27,41,27,27,41,27,27,229,27,41,40,27,43,230,230,230,27,230,230,27,180,230,230,28,27,230,230,230,230,27,228,27,41,41,230,230,41,27,230,182,27,41,27,230,230,27,230,230,230,182,27,160,41,41,41,36,41,27,27,41,31,41,41,28,41,41,27,41,41,41,27,41,41,207,41,27,65,41,41,41,33,27,27,27,27,230,230,229,229,230,27,229,27,27,27,27,27,36,27,61,169,41,27,41,229,41,27,41,230,207,41,27,27,41,27,41,41,27,27,41,27,29,41,41,41,27,41,41,41,27,27,27,41,41,27,41,27,27,41,27,27,27,27,41,41,27,41,41,27,27,41,27,39,41,27,41,41,27,41,41,38,204,41,27,27,230,41,229,229,39,230,108,41,41,27,41,27,27,41,41,27,27,27,41,41,27,27,27,27,41,27,37,41,27,27,41,40,41,41,27,27,40,39,27,41,41,41,27,41,27,27,27,41,27,27,27,41,28,27,27,27,41,27,29,27,41,41,41,229,41,27,93,27,41,27,41,41,27,41,40,41,27,27,27,49,41,224,27,41,27,230,27,27,27,27,27,27,27,41,27,132,41,27,172,41,27,27,230,27,229,27,41,41,41,27,41,41,41,27,27,41,41,41,27,41,41,27,41,41,41,41,41,27,38,27,27,41,41,27,41,41,34,27,27,41,27,27,41,41,41,27,229,229,229,27,27,27,27,27,229,27,186,230,41,27,151,27,27,27,230,27,230,41,27,41,41,41,41,41,36,41,41,27,27,27,224,41,27,27,41,41,41,27,41,41,27,27,27,27,27,27,41,41,41,41,41,41,41,27,27,38,41,27,41,41,41,41,229,41,41,41,154,230,230,40,88,27,27,27,230,27,41,37,41,27,41,27,41,41,27,53,97,230,27,27,27,99,228,27,27,230,27,41,27,27,41,27,41,27,27,27,32,35,41,41,27,41,27,27,41,41,41,29,27,41,41,41,41,41,41,37,31,41,41,27,27,41,40,27,41,27,41,27,41,27,41,41,41,41,41,27,32,41,41,41,27,27,41,27,27,41,41,41,41,41,41,41,41,41,27,38,41,27,27,27,41,41,41,27,41,41,41,41,27,41,82,27,39,27,27,27,40,27,27,27,51,41,27,27,27,27,27,41,27,28,41,27,27,27,41,27,35,41,41,41,41,41,41,41,27,41,41,35,41,41,41,27,41,41,36,27,41,41,41,27,41,41,41,27,27,41,41,35,27,41,27,27,41,27,36,27,41,229,41,27,38,41,27,41,229,27,27,41,41,28,41,27,41,41,41,41,30,36,27,41,27,41,41,27,41,28,30,27,27,41,27,41,27,41,41,32,41,41,27,41,41,41,27,41,41,41,27,41,27,41,41,39,41,27,27,41,29,41,27,31,41,27,41,41,27,40,27,41,30,41,41,41,27,27,27,41,27,41,41,41,41,41,27,41,41,41,41,41,41,30,41,27,27,27,27,27,39,41,41,41,41,27,41,41,41,41,41,41,41,41,27,41,41,41,27,30,27,27,41,41,41,41,41,27,41,41,41,27,27,41,41,41,41,27,41,41,33,27,41,41,41,27,41,41,41,27,41,27,41,27,27,27,41,27,41,35,41,41,41,41,39,41,41,41,36,41,41,41,41,41,41,27,41,41,41,27,41,41,27,27,27,27,41,27,27,27,27,27,29,27,41,27,27,41,28,41,41,41,41,41,41,38,41,27,27,41,41,41,230,41,41,41,41,37,41,41
27,229,27,229,229,58,230,230,229,27,87,35,41,27,41,27,41,41,41,41,41,41,27,41,41,27,27,27,27,27,27,41,27,41,27,27,41,27,41,28,41,40,27,41,41,41,27,27,27,41,41,41,41,27,41,41,41,41,30,27,28,29,41,41,27,30,27,41,41,27,27,41,41,30,41,27,27,41,41,41,120,41,41,27,41,229,41,204,27,27,27,41,41,41,41,41,41,41,39,41,41,27,29,41,41,27,41,41,41,27,27,229,27,41,27,41,41,41,41,41,41,187,27,41,41,27,219,27,41,27,27,27,27,27,41,27,41,27,27,41,41,41,27,229,41,41,27,41,27,27,38,27,41,41,27,41,41,41,27,41,30,229,27,41,41,27,28,39,27,41,229,230,27,229,27,229,27,229,229,229,41,41,27,113,27,229,41,41,27,147,41,41,41,41,37,31,27,27,41,80,41,27,41,41,41,229,27,229,41,29,41,38,27,27,41,40,27,27,27,27,41,27,27,41,29,27,229,41,41,41,27,27,230,230,230,30,230,230,27,180,230,230,72,27,230,230,230,230,27,228,27,41,41,230,230,41,27,230,78,27,41,27,230,230,27,230,230,230,230,27,27,41,41,41,41,41,27,27,41,31,41,41,27,41,41,27,41,41,41,27,41,41,229,41,27,194,41,41,41,55,27,27,27,27,230,230,229,229,230,27,229,27,27,29,27,27,41,27,27,169,106,27,41,229,41,27,41,230,229,41,27,27,41,27,41,41,27,27,41,27,29,27,41,41,27,41,41,41,27,27,27,41,41,27,41,27,27,41,27,27,36,27,41,41,27,41,41,27,27,41,27,41,41,27,41,41,30,41,41,30,204,41,27,27,230,41,228,230,41,230,109,41,41,30,41,27,27,41,41,30,27,27,41,41,27,27,27,27,41,27,41,41,27,27,41,28,41,41,27,27,40,33,27,41,41,41,27,41,27,27,27,41,27,27,27,41,27,27,27,27,41,27,35,27,41,41,41,222,41,27,42,27,42,27,41,41,27,41,35,27,27,27,27,215,41,230,27,41,27,230,27,27,27,27,29,27,27,41,27,132,41,27,224,41,27,27,230,27,229,27,41,41,41,27,41,41,41,27,27,41,41,41,27,41,41,27,41,41,41,41,41,27,30,27,27,41,41,27,41,41,34,27,27,41,27,27,41,41,41,27,229,229,229,27,27,27,27,27,229,27,230,230,41,27,62,27,27,27,230,27,230,41,27,41,41,41,41,41,27,41,41,27,27,27,156,41,27,27,41,27,41,27,41,41,27,27,27,27,27,27,41,41,41,41,41,41,41,27,27,30,41,27,41,41,41,41,223,41,41,41,154,230,230,41,184,27,27,27,230,27,41,30,41,27,41,27,36,41,40,53,27,230,27,27,27,29,99,27,27,230,27,41,27,27,41,27,41,27,27,27,32,29,41,36,27,41,27,27,41,41,41,27,27,41,41,41,41,41,41,41,27,41,41,27,27,38,41,27,41,27,41,29,41,27,41,41,41,41,41,27,32,41,41,41,27,27,38,27,27,41,41,27,41,41,41,41,41,41,27,38,41,27,27,27,41,41,41,27,41,40,41,41,27,41,178,27,27,27,30,27,29,27,27,27,27,41,27,27,27,27,27,41,27,27,41,29,27,27,41,27,40,41,36,41,41,41,41,41,27,41,41,40,41,41,41,27,41,41,41,27,41,41,41,27,41,41,41,27,27,41,41,29,27,41,27,28,41,27,28,27,41,229,41,27,41,41,27,41,229,27,35,41,41,27,41,27,41,41,41,41,30,28,27,41,27,41,41,27,36,27,37,27,27,40,27,41,27,41,41,33,41,41,27,41,41,41,27,41,41,41,27,41,27,41,41,33,41,27,27,41,29,41,27,27,41,27,41,41,27,41,27,40,27,41,41,41,27,27,27,41,27,41,41,41,40,41,29,41,41,41,41,41,41,37,41,27,27,30,27,27,39,41,41,41,41,27,41,41,41,41,41,41,41,41,27,38,41,41,27,38,27,27,41,41,41,41,41,27,41,41,41,29,27,41,41,41,41,27,41,41,29,27,41,41,41,27,41,41,41,27,41,27,41,27,27,27,41,27,41,35,41,41,41,41,30,41,41,41,28,41,40,41,41,41,41,27,41,41,41,27,41,41,27,27,27,27,41,30,27,27,27,30,39,27,39,27,27,41,35,41,41,41,41,41,41,30,41,27,27,41,41,41,230,41,41,41,41,30,41,41
27,229,27,229,229,58,230,230,229,27,87,35,41,27,41,27,41,41,41,41,41,41,27,41,41,27,27,27,27,27,27,41,27,41,27,27,41,27,41,28,41,40,27,41,41,41,27,27,27,41,41,41,41,27,41,41,41,41,30,27,28,29,41,41,27,30,27,41,41,27,27,41,41,30,41,27,27,41,41,41,120,41,41,27,41,229,41,204,27,27,27,41,41,41,41,41,41,41,39,41,41,27,29,41,41,27,41,41,41,27,27,229,27,41,27,41,41,41,41,41,41,187,27,41,41,27,219,27,41,27,27,27,27,27,41,27,41,27,27,41,41,41,27,229,41,41,27,41,27,27,38,27,41,41,27,41,41,41,27,41,30,229,27,41,41,27,28,39,27,41,229,230,27,229,27,229,27,229,229,229,41,41,27,113,27,229,41,41,27,147,41,41,41,41,37,31,27,27,41,80,41,27,41,41,41,229,27,229,41,29,41,38,27,27,41,40,27,27,27,27,41,27,27,41,29,27,229,41,41,41,27,27,230,230,230,30,230,230,27,180,230,230,72,27,230,230,230,230,27,228,27,41,41,230,230,41,27,230,78,27,41,27,230,230,27,230,230,230,230,27,27,41,41,41,41,41,27,27,41,31,41,41,27,41,41,27,41,41,41,27,41,41,229,41,27,194,41,41,41,55,27,27,27,27,230,230,229,229,230,27,229,27,27,29,27,27,41,27,27,169,106,27,41,229,41,27,41,230,229,41,27,27,41,27,41,41,27,27,41,27,29,27,41,41,27,41,41,41,27,27,27,41,41,27,41,27,27,41,27,27,36,27,41,41,27,41,41,27,27,41,27,41,41,27,41,41,30,41,41,30,204,41,27,27,230,41,228,230,41,230,109,41,41,30,41,27,27,41,41,30,27,27,41,41,27,27,27,27,41,27,41,41,27,27,41,28,41,41,27,27,40,33,27,41,41,41,27,41,27,27,27,41,27,27,27,41,27,27,27,27,41,27,35,27,41,41,41,222,41,27,42,27,42,27,41,41,27,41,35,27,27,27,27,215,41,230,27,41,27,230,27,27,27,27,29,27,27,41,27,132,41,27,224,41,27,27,230,27,229,27,41,41,41,27,41,41,41,27,27,41,41,41,27,41,41,27,41,41,41,41,41,27,30,27,27,41,41,27,41,41,34,27,27,41,27,27,41,41,41,27,229,229,229,27,27,27,27,27,229,27,230,230,41,27,62,27,27,27,230,27,230,41,27,41,41,41,41,41,27,41,41,27,27,27,156,41,27,27,41,27,41,27,41,41,27,27,27,27,27,27,41,41,41,41,41,41,41,27,27,30,41,27,41,41,41,41,223,41,41,41,154,230,230,41,184,27,27,27,230,27,41,30,41,27,41,27,36,41,40,53,27,230,27,27,27,29,99,27,27,230,27,41,27,27,41,27,41,27,27,27,32,29,41,36,27,41,27,27,41,41,41,27,27,41,41,41,41,41,41,41,27,41,41,27,27,38,41,27,41,27,41,29,41,27,41,41,41,41,41,27,32,41,41,41,27,27,38,27,27,41,41,27,41,41,41,41,41,41,27,38,41,27,27,27,41,41,41,27,41,40,41,41,27,41,178,27,27,27,30,27,29,27,27,27,27,41,27,27,27,27,27,41,27,27,41,29,27,27,41,27,40,41,36,41,41,41,41,41,27,41,41,40,41,41,41,27,41,41,41,27,41,41,41,27,41,41,41,27,27,41,41,29,27,41,27,28,41,27,28,27,41,229,41,27,41,41,27,41,229,27,35,41,41,27,41,27,41,41,41,41,30,28,27,41,27,41,41,27,36,27,37,27,27,40,27,41,27,41,41,33,41,41,27,41,41,41,27,41,41,41,27,41,27,41,41,33,41,27,27,41,29,41,27,27,41,27,41,41,27,41,27,40,27,41,41,41,27,27,27,41,27,41,41,41,40,41,29,41,41,41,41,41,41,37,41,27,27,30,27,27,39,41,41,41,41,27,41,41,41,41,41,41,41,41,27,38,41,41,27,38,27,27,41,41,41,41,41,27,41,41,41,29,27,41,41,41,41,27,41,41,29,27,41,41,41,27,41,41,41,27,41,27,41,27,27,27,41,27,41,35,41,41,41,41,30,41,41,41,28,41,40,41,41,41,41,27,41,41,41,27,41,41,27,27,27,27,41,30,27,27,27,30,39,27,39,27,27,41,35,41,41,41,41,41,41,30,41,27,27,41,41,41,230,41,41,41,41,30,41,41
27,230,33,27,229,27,230,230,229,160,87,29,41,27,41,27,41,41,41,41,41,41,27,41,41,27,27,27,27,27,27,41,27,41,27,27,41,27,41,28,41,35,27,41,41,41,28,27,27,41,41,37,41,27,41,41,41,41,37,27,40,35,41,41,27,27,27,41,41,27,27,41,41,27,40,27,27,41,41,41,199,41,41,27,41,229,52,125,27,27,27,41,41,41,41,41,41,41,27,41,41,27,35,41,41,27,41,41,41,36,27,188,27,41,27,41,41,41,41,41,41,229,27,41,41,27,108,27,41,27,27,27,27,27,41,27,41,27,27,41,41,37,27,229,41,41,27,41,27,27,41,27,41,41,27,41,41,41,27,41,38,229,27,41,41,27,40,41,28,41,188,230,27,229,28,229,27,229,229,229,41,41,27,49,27,229,41,41,27,147,41,41,41,41,30,38,27,27,41,80,41,27,41,35,41,229,27,229,41,34,41,31,27,27,41,35,27,27,27,27,41,27,27,46,38,27,229,41,41,41,27,27,230,230,230,38,230,230,27,180,230,230,179,59,230,230,230,230,27,228,27,41,41,230,230,41,27,230,27,27,41,27,230,230,27,230,230,230,230,41,27,70,41,41,27,41,27,30,41,31,41,41,27,41,27,27,41,41,41,27,41,41,229,41,27,228,41,41,41,216,27,27,28,27,230,230,229,230,230,27,230,27,27,35,27,27,41,27,27,143,229,27,41,204,41,27,41,230,229,100,27,27,41,27,41,41,27,27,41,27,29,27,41,41,27,41,41,41,27,27,27,41,41,27,41,27,27,41,27,41,41,41,41,41,27,41,41,27,27,41,27,41,41,27,41,41,38,41,41,27,204,41,27,27,230,41,196,230,41,230,109,41,41,37,41,27,27,41,41,37,27,27,41,41,27,27,29,27,41,27,41,41,27,29,41,27,41,41,27,29,40,28,27,41,41,41,27,41,41,27,27,41,27,27,27,41,27,27,27,29,41,27,40,27,41,36,41,165,38,27,41,27,76,27,41,41,27,41,29,27,27,27,27,223,41,230,27,41,27,230,36,27,27,27,35,27,27,41,27,132,41,27,227,38,27,27,230,30,229,27,41,41,41,27,41,41,41,41,27,41,41,41,27,41,41,27,27,41,41,41,41,27,27,27,27,41,41,27,41,41,34,27,27,41,27,27,41,41,41,27,229,229,229,27,27,27,27,27,229,27,230,230,41,27,27,27,27,27,230,29,230,41,27,41,41,41,41,41,27,41,41,27,27,36,41,41,27,27,41,27,39,27,41,41,27,27,27,27,27,27,41,41,41,41,41,41,41,27,27,27,41,27,41,41,41,41,27,41,41,41,154,229,230,41,230,27,27,27,230,27,41,27,41,27,41,27,27,41,41,44,27,230,27,27,27,27,29,27,27,230,27,41,27,27,41,27,41,27,27,27,32,27,41,27,27,41,27,27,41,41,41,27,27,41,41,41,41,41,41,41,27,41,41,27,27,30,41,27,41,27,40,34,41,27,41,41,41,41,41,41,32,41,41,41,27,27,30,27,27,41,41,27,41,41,41,41,41,41,27,38,41,27,27,27,41,41,41,27,41,35,41,41,27,41,227,27,27,27,37,27,27,27,27,27,27,41,27,27,27,27,27,41,27,27,41,39,27,27,41,27,41,41,28,41,41,41,41,41,27,41,41,41,41,41,41,27,41,41,41,27,41,41,41,27,41,41,40,27,27,41,41,27,27,41,27,40,41,27,27,27,41,184,41,27,41,41,27,41,207,27,41,41,41,27,41,27,41,41,41,41,30,27,27,41,27,41,41,27,28,27,41,27,27,35,27,41,27,41,41,35,41,41,27,41,41,41,27,41,41,41,27,41,27,41,41,28,41,27,27,41,29,41,27,27,41,27,41,41,27,41,29,37,27,41,41,41,30,27,27,38,27,41,41,41,28,41,34,41,41,41,41,41,41,41,41,27,27,37,27,27,39,41,41,27,41,27,41,41,41,41,41,41,41,41,27,31,41,41,27,41,29,27,41,41,41,41,41,27,41,41,41,34,27,41,41,41,41,27,41,41,28,27,41,41,41,27,41,41,41,27,41,27,41,27,27,27,41,27,41,35,41,41,41,41,27,41,41,41,27,41,35,41,41,41,41,27,41,41,41,27,41,41,30,27,27,27,41,37,27,27,29,37,41,27,29,27,27,41,41,41,41,41,41,41,41,27,41,27,27,41,41,41,230,41,41,41,41,27,41,41
27,230,33,27,229,27,230,230,229,160,87,29,41,27,41,27,41,41,41,41,41,41,27,41,41,27,27,27,27,27,27,41,27,41,27,27,41,27,41,28,41,35,27,41,41,41,28,27,27,41,41,37,41,27,41,41,41,41,37,27,40,35,41,41,27,27,27,41,41,27,27,41,41,27,40,27,27,41,41,41,199,41,41,27,41,229,52,125,27,27,27,41,41,41,41,41,41,41,27,41,41,27,35,41,41,27,41,41,41,36,27,188,27,41,27,41,41,41,41,41,41,229,27,41,41,27,108,27,41,27,27,27,27,27,41,27,41,27,27,41,41,37,27,229,41,41,27,41,27,27,41,27,41,41,27,41,41,41,27,41,38,229,27,41,41,27,40,41,28,41,188,230,27,229,28,229,27,229,229,229,41,41,27,49,27,229,41,41,27,147,41,41,41,41,30,38,27,27,41,80,41,27,41,35,41,229,27,229,41,34,41,31,27,27,41,35,27,27,27,27,41,27,27,46,38,27,229,41,41,41,27,27,230,230,230,38,230,230,27,180,230,230,179,59,230,230,230,230,27,228,27,41,41,230,230,41,27,230,27,27,41,27,230,230,27,230,230,230,230,41,27,70,41,41,27,41,27,30,41,31,41,41,27,41,27,27,41,41,41,27,41,41,229,41,27,228,41,41,41,216,27,27,28,27,230,230,229,230,230,27,230,27,27,35,27,27,41,27,27,143,229,27,41,204,41,27,41,230,229,100,27,27,41,27,41,41,27,27,41,27,29,27,41,41,27,41,41,41,27,27,27,41,41,27,41,27,27,41,27,41,41,41,41,41,27,41,41,27,27,41,27,41,41,27,41,41,38,41,41,27,204,41,27,27,230,41,196,230,41,230,109,41,41,37,41,27,27,41,41,37,27,27,41,41,27,27,29,27,41,27,41,41,27,29,41,27,41,41,27,29,40,28,27,41,41,41,27,41,41,27,27,41,27,27,27,41,27,27,27,29,41,27,40,27,41,36,41,165,38,27,41,27,76,27,41,41,27,41,29,27,27,27,27,223,41,230,27,41,27,230,36,27,27,27,35,27,27,41,27,132,41,27,227,38,27,27,230,30,229,27,41,41,41,27,41,41,41,41,27,41,41,41,27,41,41,27,27,41,41,41,41,27,27,27,27,41,41,27,41,41,34,27,27,41,27,27,41,41,41,27,229,229,229,27,27,27,27,27,229,27,230,230,41,27,27,27,27,27,230,29,230,41,27,41,41,41,41,41,27,41,41,27,27,36,41,41,27,27,41,27,39,27,41,41,27,27,27,27,27,27,41,41,41,41,41,41,41,27,27,27,41,27,41,41,41,41,27,41,41,41,154,229,230,41,230,27,27,27,230,27,41,27,41,27,41,27,27,41,41,44,27,230,27,27,27,27,29,27,27,230,27,41,27,27,41,27,41,27,27,27,32,27,41,27,27,41,27,27,41,41,41,27,27,41,41,41,41,41,41,41,27,41,41,27,27,30,41,27,41,27,40,34,41,27,41,41,41,41,41,41,32,41,41,41,27,27,30,27,27,41,41,27,41,41,41,41,41,41,27,38,41,27,27,27,41,41,41,27,41,35,41,41,27,41,227,27,27,27,37,27,27,27,27,27,27,41,27,27,27,27,27,41,27,27,41,39,27,27,41,27,41,41,28,41,41,41,41,41,27,41,41,41,41,41,41,27,41,41,41,27,41,41,41,27,41,41,40,27,27,41,41,27,27,41,27,40,41,27,27,27,41,184,41,27,41,41,27,41,207,27,41,41,41,27,41,27,41,41,41,41,30,27,27,41,27,41,41,27,28,27,41,27,27,35,27,41,27,41,41,35,41,41,27,41,41,41,27,41,41,41,27,41,27,41,41,28,41,27,27,41,29,41,27,27,41,27,41,41,27,41,29,37,27,41,41,41,30,27,27,38,27,41,41,41,28,41,34,41,41,41,41,41,41,41,41,27,27,37,27,27,39,41,41,27,41,27,41,41,41,41,41,41,41,41,27,31,41,41,27,41,29,27,41,41,41,41,41,27,41,41,41,34,27,41,41,41,41,27,41,41,28,27,41,41,41,27,41,41,41,27,41,27,41,27,27,27,41,27,41,35,41,41,41,41,27,41,41,41,27,41,35,41,41,41,41,27,41,41,41,27,41,41,30,27,27,27,41,37,27,27,29,37,41,27,29,27,27,41,41,41,41,41,41,41,41,27,41,27,27,41,41,41,230,41,41,41,41,27,41,41
27,230,229,27,229,27,230,230,230,230,27,27,41,27,41,27,41,41,41,41,41,41,27,41,41,27,27,27,27,27,27,41,27,41,27,27,41,27,41,28,41,29,27,41,41,41,35,27,27,41,41,30,41,27,41,41,41,41,41,27,41,40,41,41,27,27,27,41,41,27,27,41,41,27,35,27,27,41,41,41,229,41,41,27,41,229,114,58,27,27,28,41,41,41,41,41,41,41,27,41,41,27,40,41,41,27,41,41,41,36,27,80,27,41,29,41,41,41,68,41,41,229,27,41,41,27,36,27,41,27,27,27,27,27,41,27,41,27,27,41,41,30,27,229,41,41,27,41,27,41,41,27,41,41,27,41,41,41,27,41,41,229,27,41,41,27,41,41,36,41,80,216,27,229,77,229,36,229,229,229,52,39,27,41,27,229,57,41,27,147,41,41,41,41,27,41,27,27,41,80,41,27,41,28,42,229,27,229,41,40,41,27,30,27,41,29,27,27,27,27,41,27,27,81,41,27,229,41,41,75,27,27,230,230,230,41,230,230,27,112,230,230,230,142,230,230,230,230,27,228,27,41,42,230,230,47,27,230,27,27,41,27,230,230,27,230,222,230,230,41,27,196,41,41,27,41,27,38,41,31,41,41,27,41,27,27,41,41,41,41,41,41,229,41,27,229,41,41,41,229,41,27,76,57,230,230,229,230,230,27,230,27,27,40,27,27,41,27,27,93,229,27,54,61,41,27,72,230,229,213,27,27,41,27,37,41,27,41,41,27,29,27,41,38,27,41,40,41,27,27,28,41,41,27,41,27,27,41,27,41,41,41,41,41,27,41,36,27,27,41,27,41,41,27,41,41,41,41,41,27,204,41,27,30,230,41,69,230,41,230,109,41,41,41,41,41,27,41,41,41,27,27,41,41,27,27,35,27,38,27,41,41,41,39,41,27,41,41,27,35,40,27,27,41,41,41,27,41,41,27,27,41,27,27,27,41,27,27,27,32,41,27,41,41,27,27,41,61,30,27,41,27,193,29,36,41,27,41,27,27,27,27,27,229,41,230,27,41,27,230,41,27,27,27,40,27,27,78,27,130,41,27,229,31,30,27,230,38,229,27,41,41,41,27,41,41,41,41,29,41,41,41,27,41,41,27,27,41,41,41,41,27,27,27,27,41,41,30,41,41,34,27,27,41,27,27,41,41,41,27,229,229,229,27,27,27,27,27,229,27,230,230,41,27,27,27,27,27,230,35,230,41,27,41,41,41,41,41,27,41,41,27,27,41,27,41,27,27,41,39,30,27,41,41,27,27,27,27,27,27,41,41,41,41,41,41,41,27,27,27,41,27,41,41,41,41,27,41,41,41,148,229,230,41,230,27,27,27,230,27,41,27,41,28,41,27,27,36,41,39,27,230,27,27,27,27,27,27,27,230,27,41,27,27,41,27,39,27,27,27,33,27,41,27,29,41,27,41,41,41,41,27,27,41,41,41,41,41,41,41,27,41,38,27,27,27,41,27,41,35,35,40,41,27,41,41,41,41,41,41,32,41,41,41,27,27,27,27,27,41,41,27,41,41,41,41,41,41,27,40,41,27,27,27,41,41,41,27,41,29,38,41,27,41,229,27,27,30,41,27,27,27,27,27,27,41,27,27,27,27,27,41,27,27,41,41,27,27,41,27,41,41,27,41,41,41,41,41,27,41,41,41,41,41,41,27,41,41,41,27,41,41,41,27,41,40,35,27,27,41,41,27,27,41,27,41,41,27,27,27,41,83,41,27,41,41,27,41,48,27,41,41,41,27,41,27,41,41,41,41,30,27,27,41,27,41,36,27,27,27,41,30,27,29,27,41,28,41,41,36,41,41,27,41,41,41,27,41,41,41,27,41,27,41,41,27,41,27,27,41,29,41,27,27,41,27,41,41,27,41,39,34,27,41,41,41,38,27,27,30,27,41,41,41,27,41,40,41,27,41,41,41,41,41,38,27,27,41,27,27,39,41,27,27,41,27,41,41,41,41,41,41,41,41,27,27,41,41,27,41,35,27,41,41,41,36,41,27,41,41,41,40,27,41,41,40,41,27,41,41,28,27,41,41,41,27,41,41,41,27,41,27,41,27,27,27,41,27,41,35,41,41,41,41,27,41,41,41,27,41,29,41,41,41,41,27,41,41,41,27,41,38,38,27,27,41,41,41,27,27,34,41,41,27,27,36,27,41,41,41,41,41,41,41,41,27,38,27,27,41,41,41,229,41,41,41,41,27,41,41
27,230,229,27,229,27,230,219,230,230,27,27,41,27,41,27,41,41,41,41,41,41,27,41,41,27,27,27,27,27,27,41,27,37,27,27,32,27,41,28,41,27,27,41,41,41,40,29,27,41,41,27,41,27,41,41,41,41,41,27,41,41,41,41,27,27,27,41,41,27,27,41,36,27,28,27,27,41,41,41,229,41,41,27,27,229,204,41,27,230,39,41,41,41,41,41,41,53,27,41,41,36,41,41,41,28,41,41,40,41,27,27,27,40,35,41,40,41,194,27,41,229,27,41,41,27,27,27,41,27,40,27,27,27,41,29,41,27,28,41,27,27,27,229,41,41,29,41,30,41,41,27,41,41,31,41,41,41,27,41,41,229,27,41,41,27,41,41,40,41,27,151,27,229,182,229,41,27,229,229,93,29,29,41,27,229,207,41,27,147,41,41,41,41,27,41,27,27,41,78,41,27,41,27,82,229,27,229,40,41,41,27,37,27,41,27,27,27,27,27,41,27,27,164,41,41,229,41,41,139,27,27,230,230,230,41,230,230,27,77,230,193,230,212,230,230,230,230,27,228,27,84,72,230,230,230,30,230,27,27,48,27,230,230,27,230,153,230,230,41,27,229,41,41,27,41,27,41,41,31,41,41,27,41,27,27,41,41,41,41,41,41,229,41,27,229,41,41,41,229,175,27,179,142,230,230,185,230,230,27,230,27,30,41,27,29,41,27,27,93,229,27,114,27,41,27,100,230,199,213,27,27,41,27,27,41,27,41,41,27,29,27,37,31,27,41,35,41,35,27,35,41,41,27,41,36,27,41,27,41,41,41,41,41,27,41,28,27,27,41,27,62,41,27,41,41,41,41,41,27,204,77,30,38,230,41,41,230,49,230,109,41,41,41,41,41,27,41,41,41,27,27,41,41,27,27,40,30,30,27,41,41,41,41,41,27,41,41,27,41,40,27,27,41,38,41,27,41,41,27,27,39,27,27,27,41,27,27,27,33,38,27,41,41,27,27,41,27,27,27,41,27,229,39,27,41,27,41,27,27,27,27,27,229,41,230,27,41,36,230,41,27,40,30,41,27,27,186,27,127,75,27,229,27,37,27,230,41,229,63,41,41,41,27,41,41,41,41,39,41,41,41,27,41,41,27,27,41,41,41,41,27,27,27,27,41,41,38,39,41,34,27,27,41,27,27,41,41,41,27,229,229,229,27,27,27,27,27,229,27,230,230,81,27,27,27,27,27,230,40,230,41,27,41,35,41,27,41,27,41,53,28,27,41,27,41,27,27,41,27,27,30,38,41,27,27,27,27,27,27,41,41,41,41,41,41,41,27,27,27,41,27,41,41,41,41,27,41,41,41,148,229,229,41,230,27,27,27,230,27,41,27,41,40,41,27,27,27,41,39,27,183,27,27,27,27,27,27,27,230,27,41,27,27,41,27,33,27,27,27,35,27,41,27,35,41,27,41,41,41,41,27,27,41,41,41,41,41,41,41,27,41,30,27,27,27,41,27,41,41,29,41,41,27,41,41,41,41,41,41,32,41,41,41,27,27,27,27,28,41,41,27,41,41,41,41,41,41,27,41,41,27,27,27,41,41,41,27,41,27,30,41,27,41,229,27,27,38,41,27,27,27,27,27,27,41,27,27,27,27,27,41,27,27,39,41,27,27,41,27,41,41,27,41,41,41,41,41,27,41,41,41,41,41,41,28,41,41,41,27,41,41,41,27,41,35,28,27,27,41,41,27,27,41,27,41,41,27,27,40,41,27,41,27,41,41,27,41,27,27,41,41,41,27,41,27,41,41,41,41,30,27,27,41,27,41,27,27,27,27,41,37,27,27,27,41,40,41,41,36,41,41,27,41,41,41,27,41,41,41,27,41,27,41,41,27,41,27,27,41,29,41,29,27,41,41,41,41,27,41,41,29,27,41,41,41,41,29,27,27,27,41,41,41,27,41,41,41,27,41,41,41,41,41,30,27,27,41,27,27,39,41,27,27,41,27,41,41,41,41,41,41,41,41,27,27,41,41,27,41,40,27,41,41,41,27,41,27,41,41,41,41,27,41,41,35,41,27,41,41,28,27,41,41,41,27,41,32,41,27,41,27,41,27,27,27,41,27,41,34,41,41,41,41,27,41,41,41,27,41,27,41,41,41,41,27,41,41,41,27,41,30,41,27,27,41,41,41,27,27,39,41,41,27,27,41,27,41,41,41,41,41,41,41,41,27,30,27,27,41,41,41,186,41,41,66,41,27,37,41
27,230,229,27,229,27,230,219,230,230,27,27,41,27,41,27,41,41,41,41,41,41,27,41,41,27,27,27,27,27,27,41,27,37,27,27,32,27,41,28,41,27,27,41,41,41,40,29,27,41,41,27,41,27,41,41,41,41,41,27,41,41,41,41,27,27,27,41,41,27,27,41,36,27,28,27,27,41,41,41,229,41,41,27,27,229,204,41,27,230,39,41,41,41,41,41,41,53,27,41,41,36,41,41,41,28,41,41,40,41,27,27,27,40,35,41,40,41,194,27,41,229,27,41,41,27,27,27,41,27,40,27,27,27,41,29,41,27,28,41,27,27,27,229,41,41,29,41,30,41,41,27,41,41,31,41,41,41,27,41,41,229,27,41,41,27,41,41,40,41,27,151,27,229,182,229,41,27,229,229,93,29,29,41,27,229,207,41,27,147,41,41,41,41,27,41,27,27,41,78,41,27,41,27,82,229,27,229,40,41,41,27,37,27,41,27,27,27,27,27,41,27,27,164,41,41,229,41,41,139,27,27,230,230,230,41,230,230,27,77,230,193,230,212,230,230,230,230,27,228,27,84,72,230,230,230,30,230,27,27,48,27,230,230,27,230,153,230,230,41,27,229,41,41,27,41,27,41,41,31,41,41,27,41,27,27,41,41,41,41,41,41,229,41,27,229,41,41,41,229,175,27,179,142,230,230,185,230,230,27,230,27,30,41,27,29,41,27,27,93,229,27,114,27,41,27,100,230,199,213,27,27,41,27,27,41,27,41,41,27,29,27,37,31,27,41,35,41,35,27,35,41,41,27,41,36,27,41,27,41,41,41,41,41,27,41,28,27,27,41,27,62,41,27,41,41,41,41,41,27,204,77,30,38,230,41,41,230,49,230,109,41,41,41,41,41,27,41,41,41,27,27,41,41,27,27,40,30,30,27,41,41,41,41,41,27,41,41,27,41,40,27,27,41,38,41,27,41,41,27,27,39,27,27,27,41,27,27,27,33,38,27,41,41,27,27,41,27,27,27,41,27,229,39,27,41,27,41,27,27,27,27,27,229,41,230,27,41,36,230,41,27,40,30,41,27,27,186,27,127,75,27,229,27,37,27,230,41,229,63,41,41,41,27,41,41,41,41,39,41,41,41,27,41,41,27,27,41,41,41,41,27,27,27,27,41,41,38,39,41,34,27,27,41,27,27,41,41,41,27,229,229,229,27,27,27,27,27,229,27,230,230,81,27,27,27,27,27,230,40,230,41,27,41,35,41,27,41,27,41,53,28,27,41,27,41,27,27,41,27,27,30,38,41,27,27,27,27,27,27,41,41,41,41,41,41,41,27,27,27,41,27,41,41,41,41,27,41,41,41,148,229,229,41,230,27,27,27,230,27,41,27,41,40,41,27,27,27,41,39,27,183,27,27,27,27,27,27,27,230,27,41,27,27,41,27,33,27,27,27,35,27,41,27,35,41,27,41,41,41,41,27,27,41,41,41,41,41,41,41,27,41,30,27,27,27,41,27,41,41,29,41,41,27,41,41,41,41,41,41,32,41,41,41,27,27,27,27,28,41,41,27,41,41,41,41,41,41,27,41,41,27,27,27,41,41,41,27,41,27,30,41,27,41,229,27,27,38,41,27,27,27,27,27,27,41,27,27,27,27,27,41,27,27,39,41,27,27,41,27,41,41,27,41,41,41,41,41,27,41,41,41,41,41,41,28,41,41,41,27,41,41,41,27,41,35,28,27,27,41,41,27,27,41,27,41,41,27,27,40,41,27,41,27,41,41,27,41,27,27,41,41,41,27,41,27,41,41,41,41,30,27,27,41,27,41,27,27,27,27,41,37,27,27,27,41,40,41,41,36,41,41,27,41,41,41,27,41,41,41,27,41,27,41,41,27,41,27,27,41,29,41,29,27,41,41,41,41,27,41,41,29,27,41,41,41,41,29,27,27,27,41,41,41,27,41,41,41,27,41,41,41,41,41,30,27,27,41,27,27,39,41,27,27,41,27,41,41,41,41,41,41,41,41,27,27,41,41,27,41,40,27,41,41,41,27,41,27,41,41,41,41,27,41,41,35,41,27,41,41,28,27,41,41,41,27,41,32,41,27,41,27,41,27,27,27,41,27,41,34,41,41,41,41,27,41,41,41,27,41,27,41,41,41,41,27,41,41,41,27,41,30,41,27,27,41,41,41,27,27,39,41,41,27,27,41,27,41,41,41,41,41,41,41,41,27,30,27,27,41,41,41,186,41,41,66,41,27,37,41
27,230,229,27,229,27,230,151,230,230,27,27,41,27,41,27,41,41,39,41,41,41,27,41,41,27,27,27,27,27,27,41,27,30,27,27,27,27,41,28,41,27,27,41,41,41,41,36,36,41,41,27,41,27,41,41,41,41,41,27,41,41,41,41,27,27,27,41,41,27,27,41,27,27,27,27,27,41,41,40,229,41,41,27,27,229,229,41,27,230,41,41,41,41,41,41,41,157,27,41,41,36,41,41,41,40,41,41,35,41,27,27,27,37,40,41,35,41,228,27,41,229,27,41,41,27,27,27,41,27,41,27,27,27,41,38,41,27,40,41,27,27,27,229,41,41,39,41,38,41,83,27,41,41,38,41,41,41,27,41,41,229,27,41,38,28,41,41,41,41,27,60,27,229,229,229,41,27,229,229,102,27,39,41,28,229,228,41,27,147,41,41,41,41,27,41,27,27,41,72,41,30,41,27,183,229,27,229,35,41,40,27,41,27,41,27,27,27,27,27,41,27,27,229,41,41,229,41,41,170,30,27,230,230,225,41,97,27,27,77,230,75,230,230,230,230,230,230,27,229,27,181,202,230,230,230,38,185,27,27,227,29,230,230,27,27,43,230,230,41,27,230,41,41,35,41,27,41,41,31,41,41,27,41,27,27,41,41,41,41,41,41,207,41,27,229,41,41,41,229,190,58,229,211,230,229,75,230,230,27,230,27,37,41,27,35,41,28,27,93,229,27,199,27,41,27,166,230,67,213,27,27,41,27,27,40,27,41,41,27,29,27,30,27,27,41,29,41,41,27,40,41,41,27,41,41,27,41,27,41,41,41,41,41,27,41,27,27,27,39,27,201,41,27,41,41,41,41,41,27,204,178,37,41,230,223,41,230,112,230,110,41,41,41,41,41,27,41,41,41,27,29,41,41,27,27,41,37,27,30,41,41,41,41,41,27,41,41,27,41,40,27,27,41,30,41,27,41,41,27,27,33,27,27,27,41,27,27,27,33,31,27,41,41,27,27,41,27,27,27,41,27,229,41,27,27,27,41,27,27,27,27,27,229,41,230,27,220,41,230,41,35,41,37,41,27,27,229,30,125,183,27,229,27,41,27,185,41,229,145,41,41,41,27,41,41,41,41,41,41,41,41,27,41,41,27,27,41,41,41,40,27,27,27,27,41,41,41,29,39,34,27,27,41,27,27,41,41,41,27,229,222,229,27,27,27,40,27,229,27,230,230,184,27,27,27,27,27,230,41,194,38,27,41,28,41,27,41,27,41,127,34,27,41,27,41,27,27,41,27,27,37,30,41,27,27,27,27,27,27,41,41,41,41,41,41,41,27,27,27,41,27,40,41,41,41,27,41,41,41,148,229,229,43,230,27,27,27,230,27,41,27,41,41,41,27,27,27,41,39,27,80,27,27,27,27,27,27,27,230,27,41,27,30,41,27,28,27,27,27,36,27,41,27,40,41,27,41,27,41,41,27,27,41,41,41,41,41,41,41,27,41,27,27,27,27,41,29,41,41,27,41,41,27,41,41,41,41,41,41,32,41,41,41,27,27,27,27,39,41,41,27,41,41,41,41,41,41,27,41,41,27,27,27,41,41,41,27,41,27,27,41,27,38,229,27,27,41,41,27,27,27,27,27,27,41,27,27,27,27,27,41,27,27,33,41,27,27,41,27,41,41,27,41,41,41,41,41,27,41,41,41,41,41,41,35,41,41,41,27,41,41,41,27,41,29,27,27,27,41,41,27,27,41,27,41,41,27,27,41,41,27,41,27,41,41,27,41,27,27,41,38,41,27,41,27,41,41,41,39,30,27,27,41,29,41,27,27,27,27,41,41,29,27,27,41,41,41,41,36,41,41,27,41,41,41,27,41,41,41,27,41,27,41,41,27,41,27,27,41,29,41,35,27,41,41,41,27,27,41,41,27,27,41,41,36,41,35,27,27,29,41,41,41,27,41,41,41,27,41,41,41,41,41,27,27,27,41,27,29,39,41,27,27,41,27,41,41,41,41,41,41,41,41,30,27,41,41,27,41,41,29,41,41,41,27,41,27,41,41,41,41,27,41,41,29,41,29,41,41,28,27,41,41,41,27,41,27,41,27,41,27,41,27,27,27,41,27,32,33,41,41,40,41,27,41,41,41,27,41,27,41,41,41,41,27,41,41,41,29,41,27,41,27,27,41,41,41,27,27,41,41,41,27,27,41,27,41,41,41,41,41,41,41,41,27,27,27,27,41,41,38,77,41,41,146,41,27,30,41
50,230,229,27,229,27,230,50,230,230,27,27,41,27,41,28,41,41,29,39,39,41,27,41,41,27,27,27,27,27,27,41,27,27,27,27,27,27,41,28,41,27,41,41,41,41,41,41,41,41,41,27,41,27,41,41,41,41,41,27,41,41,41,41,27,27,27,41,41,27,27,41,27,27,27,27,27,41,41,40,229,41,41,27,27,229,229,41,27,230,41,41,41,41,41,41,41,223,27,41,41,41,41,41,41,41,41,41,29,41,27,27,27,34,41,41,29,41,229,27,41,202,27,27,41,27,27,27,41,27,41,27,40,27,41,41,41,27,41,41,27,27,27,160,41,38,41,41,41,41,182,27,41,41,41,41,68,41,27,41,41,189,27,41,30,40,41,41,41,41,27,27,27,182,229,229,41,27,229,229,102,27,41,41,40,229,229,41,27,147,41,41,41,41,27,41,27,27,41,69,41,37,41,27,229,229,27,229,28,41,36,27,41,27,41,27,30,27,27,27,41,27,27,229,41,41,229,41,41,212,38,27,230,230,106,41,27,27,27,77,230,27,230,230,230,230,230,230,27,230,42,228,230,230,230,230,41,73,27,27,230,35,230,230,27,27,27,230,230,41,27,230,41,41,40,41,27,41,79,31,41,41,27,41,27,30,41,41,41,41,39,41,58,41,27,222,41,41,41,229,190,144,229,229,230,229,27,230,230,27,230,27,41,41,27,40,41,75,27,93,229,27,230,27,106,27,219,230,27,213,27,27,41,27,27,33,27,41,41,27,29,27,27,27,27,41,27,41,41,27,41,41,41,27,27,41,27,41,27,41,41,41,41,41,29,41,27,27,27,29,29,230,38,27,41,41,41,41,41,27,204,228,41,41,230,229,41,230,214,230,110,41,41,41,41,41,27,41,41,41,27,39,41,41,29,27,41,41,27,37,41,41,41,41,41,27,41,41,27,41,40,27,27,41,27,41,27,41,41,27,27,28,27,27,27,41,27,27,27,33,27,29,41,41,27,27,41,27,27,30,41,27,229,41,27,27,27,41,27,27,37,27,27,229,41,230,27,230,41,230,41,41,41,41,41,27,27,230,38,125,227,27,229,27,41,27,78,41,229,183,41,41,41,27,41,41,41,41,41,41,39,41,27,41,41,40,27,41,41,41,35,27,27,27,27,41,41,41,27,31,34,27,27,41,27,27,41,41,41,27,229,100,222,27,27,27,41,27,210,27,230,230,229,27,27,27,27,27,27,41,119,31,27,41,27,41,27,41,27,41,146,41,27,41,27,41,27,27,41,27,27,41,27,41,27,27,27,27,27,29,27,41,41,41,41,41,41,27,41,27,41,40,28,41,41,41,27,41,41,41,148,229,229,91,230,27,27,30,230,27,41,27,41,41,41,27,27,27,41,39,27,27,27,27,27,27,27,27,27,97,27,41,27,38,41,30,27,27,27,27,36,27,41,27,41,41,27,41,27,41,41,27,27,41,41,41,41,41,41,41,27,41,27,27,27,27,41,35,41,41,27,41,41,27,41,41,41,41,41,41,64,41,41,41,27,27,27,27,41,41,41,27,41,41,41,41,41,41,27,41,41,27,27,27,41,41,41,27,41,27,27,40,27,30,213,27,27,41,41,27,27,27,27,27,27,41,30,27,27,27,27,41,27,27,28,41,27,27,41,27,41,40,27,41,41,41,41,41,27,41,41,41,41,38,41,41,41,41,41,27,41,41,41,28,41,27,27,27,27,41,41,27,27,40,27,41,41,27,27,41,41,27,41,27,41,41,27,41,27,27,41,31,41,27,41,27,41,41,41,29,30,27,27,40,38,41,27,27,27,27,41,41,34,27,27,41,41,41,41,36,41,41,27,41,41,41,27,41,41,41,27,41,27,41,41,27,41,27,27,41,29,41,40,27,40,41,41,27,27,41,41,27,27,41,41,27,41,40,27,27,35,41,41,41,27,41,41,41,27,41,41,41,41,41,27,27,27,41,27,35,39,41,27,27,41,27,41,41,41,41,41,41,41,41,37,27,41,41,27,41,41,35,41,41,41,27,41,29,41,41,41,41,30,41,36,27,40,35,41,41,28,27,41,41,41,27,32,27,41,27,41,27,41,27,27,27,41,27,27,33,41,41,35,41,27,41,41,41,27,41,27,41,41,41,41,27,41,41,41,39,41,27,41,27,41,41,41,41,27,27,41,41,41,27,27,41,27,41,41,41,41,41,27,41,41,27,27,41,27,41,41,30,27,41,41,214,39,27,27,41
50,230,229,27,229,27,230,50,230,230,27,27,41,27,41,28,41,41,29,39,39,41,27,41,41,27,27,27,27,27,27,41,27,27,27,27,27,27,41,28,41,27,41,41,41,41,41,41,41,41,41,27,41,27,41,41,41,41,41,27,41,41,41,41,27,27,27,41,41,27,27,41,27,27,27,27,27,41,41,40,229,41,41,27,27,229,229,41,27,230,41,41,41,41,41,41,41,223,27,41,41,41,41,41,41,41,41,41,29,41,27,27,27,34,41,41,29,41,229,27,41,202,27,27,41,27,27,27,41,27,41,27,40,27,41,41,41,27,41,41,27,27,27,160,41,38,41,41,41,41,182,27,41,41,41,41,68,41,27,41,41,189,27,41,30,40,41,41,41,41,27,27,27,182,229,229,41,27,229,229,102,27,41,41,40,229,229,41,27,147,41,41,41,41,27,41,27,27,41,69,41,37,41,27,229,229,27,229,28,41,36,27,41,27,41,27,30,27,27,27,41,27,27,229,41,41,229,41,41,212,38,27,230,230,106,41,27,27,27,77,230,27,230,230,230,230,230,230,27,230,42,228,230,230,230,230,41,73,27,27,230,35,230,230,27,27,27,230,230,41,27,230,41,41,40,41,27,41,79,31,41,41,27,41,27,30,41,41,41,41,39,41,58,41,27,222,41,41,41,229,190,144,229,229,230,229,27,230,230,27,230,27,41,41,27,40,41,75,27,93,229,27,230,27,106,27,219,230,27,213,27,27,41,27,27,33,27,41,41,27,29,27,27,27,27,41,27,41,41,27,41,41,41,27,27,41,27,41,27,41,41,41,41,41,29,41,27,27,27,29,29,230,38,27,41,41,41,41,41,27,204,228,41,41,230,229,41,230,214,230,110,41,41,41,41,41,27,41,41,41,27,39,41,41,29,27,41,41,27,37,41,41,41,41,41,27,41,41,27,41,40,27,27,41,27,41,27,41,41,27,27,28,27,27,27,41,27,27,27,33,27,29,41,41,27,27,41,27,27,30,41,27,229,41,27,27,27,41,27,27,37,27,27,229,41,230,27,230,41,230,41,41,41,41,41,27,27,230,38,125,227,27,229,27,41,27,78,41,229,183,41,41,41,27,41,41,41,41,41,41,39,41,27,41,41,40,27,41,41,41,35,27,27,27,27,41,41,41,27,31,34,27,27,41,27,27,41,41,41,27,229,100,222,27,27,27,41,27,210,27,230,230,229,27,27,27,27,27,27,41,119,31,27,41,27,41,27,41,27,41,146,41,27,41,27,41,27,27,41,27,27,41,27,41,27,27,27,27,27,29,27,41,41,41,41,41,41,27,41,27,41,40,28,41,41,41,27,41,41,41,148,229,229,91,230,27,27,30,230,27,41,27,41,41,41,27,27,27,41,39,27,27,27,27,27,27,27,27,27,97,27,41,27,38,41,30,27,27,27,27,36,27,41,27,41,41,27,41,27,41,41,27,27,41,41,41,41,41,41,41,27,41,27,27,27,27,41,35,41,41,27,41,41,27,41,41,41,41,41,41,64,41,41,41,27,27,27,27,41,41,41,27,41,41,41,41,41,41,27,41,41,27,27,27,41,41,41,27,41,27,27,40,27,30,213,27,27,41,41,27,27,27,27,27,27,41,30,27,27,27,27,41,27,27,28,41,27,27,41,27,41,40,27,41,41,41,41,41,27,41,41,41,41,38,41,41,41,41,41,27,41,41,41,28,41,27,27,27,27,41,41,27,27,40,27,41,41,27,27,41,41,27,41,27,41,41,27,41,27,27,41,31,41,27,41,27,41,41,41,29,30,27,27,40,38,41,27,27,27,27,41,41,34,27,27,41,41,41,41,36,41,41,27,41,41,41,27,41,41,41,27,41,27,41,41,27,41,27,27,41,29,41,40,27,40,41,41,27,27,41,41,27,27,41,41,27,41,40,27,27,35,41,41,41,27,41,41,41,27,41,41,41,41,41,27,27,27,41,27,35,39,41,27,27,41,27,41,41,41,41,41,41,41,41,37,27,41,41,27,41,41,35,41,41,41,27,41,29,41,41,41,41,30,41,36,27,40,35,41,41,28,27,41,41,41,27,32,27,41,27,41,27,41,27,27,27,41,27,27,33,41,41,35,41,27,41,41,41,27,41,27,41,41,41,41,27,41,41,41,39,41,27,41,27,41,41,41,41,27,27,41,41,41,27,27,41,27,41,41,41,41,41,27,41,41,27,27,41,27,41,41,30,27,41,41,214,39,27,27,41
147,218,229,27,229,27,230,27,230,230,27,27,41,27,41,40,41,41,27,29,35,41,27,41,41,27,30,27,27,27,27,41,27,27,27,27,27,27,41,28,41,27,41,41,40,41,41,41,40,41,41,27,40,27,41,41,41,41,41,27,41,41,35,41,27,27,27,41,38,27,27,41,27,27,27,27,27,41,41,40,229,57,41,27,27,229,229,41,27,230,41,41,41,41,41,41,41,230,27,41,41,41,41,41,41,41,41,41,27,41,29,27,36,29,41,38,27,41,229,27,41,111,27,27,82,27,27,27,41,27,41,27,41,27,41,41,37,32,41,41,27,27,27,27,41,31,41,41,41,41,228,27,41,41,41,41,195,41,27,223,77,67,27,41,27,41,41,41,41,223,27,27,27,75,229,229,41,27,229,229,102,27,41,41,41,230,229,41,30,147,41,41,41,41,27,41,27,27,41,69,41,41,41,27,229,229,27,229,27,42,29,27,41,27,41,27,37,27,27,27,41,27,30,229,41,41,229,41,41,229,41,27,230,230,33,41,27,27,27,77,230,27,230,230,230,230,230,230,27,230,43,230,230,230,230,230,41,27,27,27,230,40,230,230,27,27,27,230,230,41,27,219,41,210,41,41,27,41,184,31,41,41,27,41,27,38,41,41,41,41,30,41,27,41,27,160,41,41,41,220,190,212,229,229,230,229,27,230,230,27,230,27,41,42,30,41,41,176,27,93,229,27,230,27,106,27,230,166,27,213,27,27,41,27,31,28,27,41,41,27,29,27,27,27,30,41,27,41,41,27,41,41,41,27,27,41,40,41,27,41,41,41,41,41,38,41,27,27,27,27,35,230,31,27,41,41,86,41,41,27,204,229,41,41,230,229,41,230,230,230,110,38,41,41,41,41,27,41,41,41,27,41,41,41,35,30,41,41,27,41,41,41,41,41,41,27,41,41,27,41,40,27,27,41,27,41,27,41,41,41,27,27,27,27,27,41,27,27,27,33,27,35,41,41,27,27,41,27,27,37,41,41,229,41,27,27,27,38,27,27,41,27,27,229,41,230,27,230,41,230,41,41,41,41,42,27,27,230,41,125,229,62,229,27,41,27,27,75,229,183,41,41,41,30,41,41,41,41,41,41,29,41,27,41,41,41,27,41,41,41,28,27,27,30,27,41,41,41,27,27,34,27,27,41,27,27,41,41,41,27,229,31,100,27,27,27,41,27,118,27,230,230,230,27,27,27,27,27,27,41,81,27,30,41,27,41,27,41,27,41,147,41,27,41,27,41,27,27,40,27,27,41,27,41,27,41,30,27,27,40,27,41,41,41,41,41,41,27,41,27,41,41,27,41,41,41,27,38,41,41,148,207,183,184,230,36,27,37,230,27,41,27,37,41,41,27,27,27,41,39,27,27,30,27,27,27,27,27,27,27,27,41,27,41,41,37,27,27,27,27,36,27,41,27,41,41,27,41,27,41,41,27,27,41,41,41,41,41,41,41,27,41,27,27,27,27,41,40,41,41,27,41,41,28,41,41,41,41,41,41,130,41,41,38,27,30,27,27,41,41,41,27,41,41,41,41,41,41,41,41,41,27,29,27,41,41,41,27,41,27,27,29,27,27,146,27,28,41,41,27,27,27,27,27,27,41,37,27,27,27,27,41,27,27,27,41,27,27,41,27,41,36,27,41,41,41,41,41,27,41,36,41,41,31,41,41,41,41,41,29,41,41,35,35,41,27,27,27,27,41,40,27,30,35,41,41,41,41,27,41,41,27,41,27,41,41,27,41,27,27,41,27,41,27,41,27,41,27,41,27,30,27,27,36,41,39,27,27,27,27,41,41,37,27,28,41,41,41,41,36,41,41,27,41,41,41,27,41,40,41,27,41,27,41,41,27,41,27,27,41,29,41,41,27,36,41,41,27,27,41,41,27,27,41,41,27,41,41,28,27,40,41,41,41,27,41,41,41,27,41,41,41,41,41,27,27,27,41,29,40,39,41,27,27,39,27,41,41,41,41,41,41,41,41,41,27,41,41,30,41,41,40,36,41,41,27,41,34,41,41,41,41,37,41,27,27,35,40,41,41,28,27,41,38,41,27,27,27,41,27,41,27,41,27,27,27,41,27,27,33,38,41,29,41,27,40,41,41,27,40,27,41,41,41,41,30,41,41,41,41,41,27,41,27,41,41,41,41,27,27,41,41,41,27,27,41,27,36,41,41,41,41,27,41,41,27,27,41,27,41,41,27,27,41,41,230,30,27,27,39
217,151,229,27,230,27,230,27,230,230,27,27,41,36,36,41,41,41,27,27,34,41,27,41,41,27,38,27,27,27,27,41,27,27,27,27,27,27,41,28,41,27,41,41,36,41,41,41,35,41,41,27,35,30,41,41,41,41,41,30,41,41,27,41,29,27,27,41,31,27,27,41,27,27,27,27,27,41,41,40,229,120,41,27,27,229,192,41,27,230,41,41,41,41,41,41,41,230,27,41,41,41,41,41,41,41,36,41,27,41,35,27,36,27,41,30,27,40,229,27,41,42,27,27,177,27,27,27,41,27,41,27,41,27,41,41,27,41,41,41,27,27,27,27,41,27,41,41,41,41,229,30,41,41,41,41,228,41,29,223,188,27,27,41,27,41,41,41,41,229,27,27,27,27,229,229,47,27,229,229,102,27,41,41,41,230,229,41,37,131,41,41,41,41,27,41,27,27,41,69,41,41,41,27,229,229,27,229,27,80,27,27,41,28,40,27,41,35,30,27,41,27,37,229,41,41,229,41,41,229,41,27,230,230,27,85,27,27,27,77,230,27,230,230,230,191,230,230,27,230,43,230,230,230,230,230,41,27,27,27,230,41,230,230,27,27,27,230,230,224,27,41,41,230,41,39,27,41,225,31,41,41,27,41,27,41,41,41,41,41,27,41,27,41,27,59,41,41,41,43,190,229,229,229,230,229,27,230,230,27,230,27,41,81,38,41,47,229,27,93,229,27,230,27,229,27,230,75,27,213,27,27,41,27,41,27,30,41,41,27,29,27,27,27,38,41,27,41,41,27,41,41,27,27,27,41,41,41,35,41,41,41,41,41,41,41,27,27,41,27,40,221,27,27,41,41,181,41,38,27,205,229,41,41,230,229,39,230,230,230,110,30,41,41,41,41,27,41,41,41,27,41,41,41,40,37,41,41,27,41,41,41,41,41,41,27,41,41,27,41,32,27,27,41,27,41,27,41,41,41,27,27,27,27,27,41,27,27,27,33,27,40,41,41,27,27,41,27,27,41,41,41,202,41,27,27,29,31,27,27,41,27,27,229,224,230,36,230,41,27,45,41,41,41,85,27,29,230,41,125,229,185,229,27,41,27,27,179,229,183,41,41,41,39,41,41,41,41,41,41,27,41,27,41,40,41,27,27,41,41,27,27,27,38,27,41,41,41,27,27,34,27,27,40,27,27,41,41,41,27,229,27,31,27,27,27,41,27,87,27,230,230,230,27,27,27,27,27,27,41,80,27,37,41,27,41,27,41,27,41,147,41,27,41,27,53,27,27,29,27,27,41,27,41,27,41,37,30,27,41,27,41,41,41,41,41,41,27,41,27,41,41,27,41,41,41,27,30,41,41,148,54,78,230,230,41,27,41,230,41,41,27,30,41,41,27,27,27,41,39,27,27,37,27,27,27,27,27,27,27,27,41,27,41,41,41,27,27,27,27,36,27,41,27,41,41,27,41,27,41,41,27,27,41,41,41,41,41,40,41,27,41,27,29,27,27,41,41,41,41,27,41,41,39,41,41,41,41,36,41,163,41,41,31,27,37,27,27,41,41,41,27,41,41,41,41,41,38,41,41,41,27,38,29,41,41,41,27,41,27,27,27,27,27,61,27,35,75,41,27,27,27,27,27,27,41,41,27,27,27,27,41,27,27,27,41,27,27,41,27,41,29,27,41,41,40,41,41,28,41,27,41,41,27,41,41,41,37,41,39,41,41,28,41,41,27,27,27,27,41,35,27,37,29,41,41,41,41,27,41,41,27,41,27,41,41,65,41,27,27,41,27,41,27,41,28,41,27,41,27,30,27,27,29,41,29,27,28,27,27,41,41,40,27,39,40,41,41,41,36,41,41,27,41,41,41,27,41,33,41,27,41,27,41,41,27,41,27,27,41,29,41,41,27,30,41,41,27,27,41,41,27,27,41,41,27,41,41,34,27,41,27,41,41,27,41,41,41,27,41,41,41,41,41,27,29,27,41,35,41,39,41,27,27,30,27,41,41,41,41,41,41,41,41,41,27,41,41,38,41,41,41,27,41,41,27,41,37,41,41,40,41,41,41,27,27,29,41,41,41,28,27,41,31,41,27,27,27,41,27,41,27,41,27,27,27,41,27,27,33,31,41,27,41,27,36,41,41,27,36,27,41,41,41,41,37,41,41,41,41,41,27,41,27,41,41,41,41,27,30,41,41,41,27,27,41,27,27,41,40,41,41,27,41,41,27,27,41,27,41,41,27,27,41,41,230,27,27,27,29
217,151,229,27,230,27,230,27,230,230,27,27,41,36,36,41,41,41,27,27,34,41,27,41,41,27,38,27,27,27,27,41,27,27,27,27,27,27,41,28,41,27,41,41,36,41,41,41,35,41,41,27,35,30,41,41,41,41,41,30,41,41,27,41,29,27,27,41,31,27,27,41,27,27,27,27,27,41,41,40,229,120,41,27,27,229,192,41,27,230,41,41,41,41,41,41,41,230,27,41,41,41,41,41,41,41,36,41,27,41,35,27,36,27,41,30,27,40,229,27,41,42,27,27,177,27,27,27,41,27,41,27,41,27,41,41,27,41,41,41,27,27,27,27,41,27,41,41,41,41,229,30,41,41,41,41,228,41,29,223,188,27,27,41,27,41,41,41,41,229,27,27,27,27,229,229,47,27,229,229,102,27,41,41,41,230,229,41,37,131,41,41,41,41,27,41,27,27,41,69,41,41,41,27,229,229,27,229,27,80,27,27,41,28,40,27,41,35,30,27,41,27,37,229,41,41,229,41,41,229,41,27,230,230,27,85,27,27,27,77,230,27,230,230,230,191,230,230,27,230,43,230,230,230,230,230,41,27,27,27,230,41,230,230,27,27,27,230,230,224,27,41,41,230,41,39,27,41,225,31,41,41,27,41,27,41,41,41,41,41,27,41,27,41,27,59,41,41,41,43,190,229,229,229,230,229,27,230,230,27,230,27,41,81,38,41,47,229,27,93,229,27,230,27,229,27,230,75,27,213,27,27,41,27,41,27,30,41,41,27,29,27,27,27,38,41,27,41,41,27,41,41,27,27,27,41,41,41,35,41,41,41,41,41,41,41,27,27,41,27,40,221,27,27,41,41,181,41,38,27,205,229,41,41,230,229,39,230,230,230,110,30,41,41,41,41,27,41,41,41,27,41,41,41,40,37,41,41,27,41,41,41,41,41,41,27,41,41,27,41,32,27,27,41,27,41,27,41,41,41,27,27,27,27,27,41,27,27,27,33,27,40,41,41,27,27,41,27,27,41,41,41,202,41,27,27,29,31,27,27,41,27,27,229,224,230,36,230,41,27,45,41,41,41,85,27,29,230,41,125,229,185,229,27,41,27,27,179,229,183,41,41,41,39,41,41,41,41,41,41,27,41,27,41,40,41,27,27,41,41,27,27,27,38,27,41,41,41,27,27,34,27,27,40,27,27,41,41,41,27,229,27,31,27,27,27,41,27,87,27,230,230,230,27,27,27,27,27,27,41,80,27,37,41,27,41,27,41,27,41,147,41,27,41,27,53,27,27,29,27,27,41,27,41,27,41,37,30,27,41,27,41,41,41,41,41,41,27,41,27,41,41,27,41,41,41,27,30,41,41,148,54,78,230,230,41,27,41,230,41,41,27,30,41,41,27,27,27,41,39,27,27,37,27,27,27,27,27,27,27,27,41,27,41,41,41,27,27,27,27,36,27,41,27,41,41,27,41,27,41,41,27,27,41,41,41,41,41,40,41,27,41,27,29,27,27,41,41,41,41,27,41,41,39,41,41,41,41,36,41,163,41,41,31,27,37,27,27,41,41,41,27,41,41,41,41,41,38,41,41,41,27,38,29,41,41,41,27,41,27,27,27,27,27,61,27,35,75,41,27,27,27,27,27,27,41,41,27,27,27,27,41,27,27,27,41,27,27,41,27,41,29,27,41,41,40,41,41,28,41,27,41,41,27,41,41,41,37,41,39,41,41,28,41,41,27,27,27,27,41,35,27,37,29,41,41,41,41,27,41,41,27,41,27,41,41,65,41,27,27,41,27,41,27,41,28,41,27,41,27,30,27,27,29,41,29,27,28,27,27,41,41,40,27,39,40,41,41,41,36,41,41,27,41,41,41,27,41,33,41,27,41,27,41,41,27,41,27,27,41,29,41,41,27,30,41,41,27,27,41,41,27,27,41,41,27,41,41,34,27,41,27,41,41,27,41,41,41,27,41,41,41,41,41,27,29,27,41,35,41,39,41,27,27,30,27,41,41,41,41,41,41,41,41,41,27,41,41,38,41,41,41,27,41,41,27,41,37,41,41,40,41,41,41,27,27,29,41,41,41,28,27,41,31,41,27,27,27,41,27,41,27,41,27,27,27,41,27,27,33,31,41,27,41,27,36,41,41,27,36,27,41,41,41,41,37,41,41,41,41,41,27,41,27,41,41,41,41,27,30,41,41,41,27,27,41,27,27,41,40,41,41,27,41,41,27,27,41,27,41,41,27,27,41,41,230,27,27,27,29
230,51,230,27,230,27,230,27,160,230,27,27,41,41,27,41,41,41,27,27,34,41,27,41,41,27,41,27,27,27,40,41,27,27,27,27,27,27,41,28,41,27,41,41,29,41,41,41,29,41,41,27,29,38,41,41,41,41,41,37,41,41,27,41,35,27,27,41,27,29,27,41,27,27,27,27,27,41,41,40,229,199,41,27,27,229,71,41,27,230,41,41,41,41,41,41,41,214,27,41,41,41,41,41,41,41,35,41,27,41,40,27,41,27,41,27,27,35,229,27,41,27,27,27,229,27,27,27,41,27,41,27,41,27,41,41,27,41,41,41,27,27,27,27,41,27,62,41,41,223,229,38,41,41,41,39,229,41,35,229,228,27,27,77,27,41,59,41,41,229,27,27,27,27,229,229,229,27,229,229,102,27,41,41,41,230,229,41,41,88,41,41,41,41,27,41,27,27,41,69,41,41,40,27,229,229,30,229,27,185,27,27,41,39,36,27,41,40,38,29,86,27,41,229,41,41,229,41,41,229,41,27,230,230,27,180,27,27,27,77,230,27,230,230,230,76,230,230,27,230,43,230,230,200,230,230,41,27,27,36,230,41,230,230,33,27,27,230,230,230,27,128,41,224,41,30,29,41,229,31,41,41,27,41,27,41,41,41,41,41,27,41,27,41,30,41,41,41,41,27,190,229,229,229,230,229,27,230,230,27,230,27,41,187,41,41,229,229,27,93,229,27,230,27,229,27,230,33,27,213,27,27,37,27,41,27,38,41,41,27,29,27,27,27,41,41,27,41,41,27,41,41,27,27,27,41,41,41,41,41,41,41,41,41,41,27,27,28,41,27,41,155,27,27,41,41,229,41,30,27,205,229,41,79,230,229,29,230,230,230,110,27,41,41,41,41,27,41,41,41,27,41,41,41,41,41,41,41,27,41,41,41,41,41,41,27,41,41,27,41,28,27,27,41,27,41,27,41,41,41,27,27,27,27,27,41,27,27,27,33,27,41,41,41,27,27,41,27,27,41,41,41,79,41,27,27,34,27,27,27,78,27,28,225,230,230,41,230,41,27,175,41,41,75,181,27,35,230,41,123,229,230,229,27,81,27,27,228,208,183,41,41,41,41,41,41,41,41,41,41,27,41,27,41,36,41,27,27,41,41,27,27,27,41,30,41,41,41,27,28,31,27,27,33,27,27,41,41,41,27,229,27,27,27,27,27,41,27,38,27,230,230,230,28,27,29,27,41,27,42,80,27,41,40,27,41,27,41,27,41,147,41,27,41,27,209,27,28,27,27,27,41,27,41,27,41,41,37,27,41,27,41,41,41,41,41,41,27,41,27,41,41,27,41,41,41,27,27,41,41,148,27,27,230,230,41,27,41,229,41,41,27,27,41,41,27,27,27,41,39,27,27,41,27,27,27,27,27,27,27,27,41,27,41,41,41,27,27,27,27,36,27,41,27,41,38,41,41,27,41,41,27,28,41,41,27,41,41,36,41,27,41,27,35,27,27,41,41,41,41,27,41,38,41,41,41,41,41,36,41,163,37,41,27,27,41,27,27,41,41,41,27,41,41,41,41,41,31,41,41,41,27,41,38,41,41,41,27,41,27,27,27,27,27,27,27,41,180,41,27,27,27,27,27,27,41,41,27,27,30,27,41,27,27,27,41,27,27,41,27,41,27,27,41,41,37,41,41,40,41,27,41,41,27,41,41,41,28,41,41,41,41,27,41,41,27,27,27,27,41,29,27,41,27,41,41,41,41,27,41,41,27,41,27,41,41,181,41,27,27,41,27,41,27,41,40,41,27,41,27,30,27,27,27,41,27,27,40,27,27,41,41,41,27,41,28,41,41,41,36,41,41,27,41,41,41,27,41,28,41,27,41,27,41,41,27,41,27,27,41,29,41,41,27,27,41,41,27,27,41,41,27,27,41,41,27,41,41,37,27,41,27,41,41,27,41,41,41,27,41,41,41,41,41,27,35,27,41,40,41,39,41,27,27,27,27,41,41,41,41,41,41,41,41,41,27,41,27,41,41,41,41,27,41,41,27,41,40,41,36,36,41,41,27,27,27,27,41,41,41,28,27,41,27,41,27,27,27,41,27,41,27,32,27,27,27,41,27,27,33,27,41,27,41,27,27,41,41,27,27,27,41,41,41,41,41,38,41,41,41,38,27,41,27,41,41,41,41,27,37,41,41,41,29,27,41,27,27,41,35,41,41,27,41,41,27,27,41,41,41,41,27,27,41,41,230,27,27,27,27
230,27,230,27,230,27,230,27,27,230,27,27,41,41,27,41,41,41,27,27,34,41,27,32,41,27,41,27,27,27,41,41,27,27,27,27,27,27,41,28,41,27,41,41,27,41,41,41,27,41,41,27,27,41,41,41,27,41,41,41,41,41,27,41,40,27,27,41,27,37,27,41,27,27,27,27,27,41,41,40,229,229,41,129,27,206,27,41,27,230,41,41,41,41,41,41,41,46,27,41,41,41,41,41,40,41,28,41,27,41,41,27,41,27,41,27,27,29,229,27,41,27,27,27,229,27,27,27,41,27,41,27,41,27,41,41,27,41,41,41,27,27,27,27,41,27,202,41,41,229,229,41,41,41,41,29,229,41,40,229,229,27,36,183,27,41,206,56,41,229,27,27,27,27,229,229,229,27,229,229,102,27,64,41,41,230,230,27,41,51,41,41,41,41,27,41,27,27,41,69,40,41,36,27,229,229,37,229,27,229,27,27,41,41,35,27,41,41,41,35,171,27,41,229,54,41,229,41,45,229,75,27,230,230,27,229,27,27,41,77,230,27,230,230,230,27,230,230,27,230,43,213,230,59,230,230,83,27,27,41,230,73,230,230,230,27,27,230,230,230,27,212,41,156,41,27,35,41,230,38,41,41,27,41,27,41,41,41,41,50,27,41,27,41,38,41,41,41,38,27,191,229,229,230,230,229,27,230,230,46,230,29,41,229,41,41,229,229,27,93,27,27,230,27,229,27,230,27,27,213,27,27,27,27,41,27,41,41,41,27,29,27,27,27,41,41,27,41,41,27,41,41,27,36,27,41,41,41,41,41,41,41,41,41,41,27,27,40,41,27,41,50,27,27,41,41,230,41,27,27,205,229,74,181,230,229,27,230,230,229,110,27,41,41,41,41,29,41,41,41,36,41,41,41,41,41,41,41,27,41,41,41,41,41,41,27,41,41,27,41,28,27,27,41,27,41,27,41,41,41,27,27,27,27,27,41,27,27,27,33,27,41,41,223,27,27,39,27,27,41,41,41,42,41,27,27,39,27,27,27,178,27,40,157,230,230,41,230,41,27,175,41,217,180,229,27,40,216,41,118,229,230,229,27,173,27,27,229,121,180,41,41,41,41,41,41,41,41,41,41,27,41,30,41,29,41,27,27,41,41,27,27,27,41,38,41,41,41,27,29,28,27,27,28,27,27,39,41,41,27,229,27,27,27,27,27,41,27,27,27,230,230,230,35,27,37,30,41,27,91,80,27,41,36,27,41,27,41,27,39,147,41,27,41,27,224,27,36,27,27,27,41,27,41,27,41,41,41,27,41,27,41,41,41,41,41,38,41,41,27,41,41,27,41,41,41,27,27,41,41,148,27,27,230,230,41,27,41,229,41,41,27,27,41,41,29,27,27,41,39,27,27,41,27,27,27,27,27,27,27,41,41,27,41,41,41,27,27,27,27,36,27,41,27,41,31,41,41,27,41,41,27,35,41,41,27,41,41,29,41,29,41,27,40,29,27,41,41,40,41,27,41,31,41,41,41,41,27,27,41,163,30,41,27,29,41,27,27,41,41,41,27,41,41,41,41,41,27,41,41,41,27,41,41,41,41,41,29,41,27,27,27,27,27,27,27,41,227,41,27,27,27,27,27,27,106,41,27,27,37,27,41,27,27,27,41,27,41,41,27,41,27,27,27,41,34,41,41,41,41,27,41,41,27,41,41,41,27,41,41,41,41,27,41,41,27,27,29,27,41,27,27,41,27,41,41,41,41,27,41,41,27,41,27,41,41,230,41,27,28,41,27,41,27,41,41,41,27,41,27,30,28,41,27,41,27,27,41,27,28,41,41,41,27,41,27,41,41,41,36,41,41,27,41,41,41,27,41,27,41,27,41,27,41,41,27,41,27,27,41,29,40,41,27,27,41,41,27,27,41,41,27,27,41,41,27,41,41,40,27,41,27,41,36,27,41,41,41,27,41,41,41,41,41,27,40,27,41,41,41,40,41,27,27,27,29,41,41,41,41,41,41,41,41,41,27,41,27,41,41,41,41,27,28,41,27,41,41,41,27,28,41,41,27,27,27,27,41,41,41,28,27,41,27,32,27,27,27,41,27,41,27,27,27,27,27,41,27,27,33,27,41,27,41,27,27,41,41,27,27,27,41,41,41,40,41,30,40,41,41,31,27,41,27,41,41,41,41,27,41,41,41,40,38,27,41,27,27,41,34,41,41,27,41,41,27,27,41,41,41,41,27,27,41,41,229,27,27,27,27
230,27,230,27,230,27,230,27,27,230,27,27,41,41,27,41,41,41,27,27,34,41,27,32,41,27,41,27,27,27,41,41,27,27,27,27,27,27,41,28,41,27,41,41,27,41,41,41,27,41,41,27,27,41,41,41,27,41,41,41,41,41,27,41,40,27,27,41,27,37,27,41,27,27,27,27,27,41,41,40,229,229,41,129,27,206,27,41,27,230,41,41,41,41,41,41,41,46,27,41,41,41,41,41,40,41,28,41,27,41,41,27,41,27,41,27,27,29,229,27,41,27,27,27,229,27,27,27,41,27,41,27,41,27,41,41,27,41,41,41,27,27,27,27,41,27,202,41,41,229,229,41,41,41,41,29,229,41,40,229,229,27,36,183,27,41,206,56,41,229,27,27,27,27,229,229,229,27,229,229,102,27,64,41,41,230,230,27,41,51,41,41,41,41,27,41,27,27,41,69,40,41,36,27,229,229,37,229,27,229,27,27,41,41,35,27,41,41,41,35,171,27,41,229,54,41,229,41,45,229,75,27,230,230,27,229,27,27,41,77,230,27,230,230,230,27,230,230,27,230,43,213,230,59,230,230,83,27,27,41,230,73,230,230,230,27,27,230,230,230,27,212,41,156,41,27,35,41,230,38,41,41,27,41,27,41,41,41,41,50,27,41,27,41,38,41,41,41,38,27,191,229,229,230,230,229,27,230,230,46,230,29,41,229,41,41,229,229,27,93,27,27,230,27,229,27,230,27,27,213,27,27,27,27,41,27,41,41,41,27,29,27,27,27,41,41,27,41,41,27,41,41,27,36,27,41,41,41,41,41,41,41,41,41,41,27,27,40,41,27,41,50,27,27,41,41,230,41,27,27,205,229,74,181,230,229,27,230,230,229,110,27,41,41,41,41,29,41,41,41,36,41,41,41,41,41,41,41,27,41,41,41,41,41,41,27,41,41,27,41,28,27,27,41,27,41,27,41,41,41,27,27,27,27,27,41,27,27,27,33,27,41,41,223,27,27,39,27,27,41,41,41,42,41,27,27,39,27,27,27,178,27,40,157,230,230,41,230,41,27,175,41,217,180,229,27,40,216,41,118,229,230,229,27,173,27,27,229,121,180,41,41,41,41,41,41,41,41,41,41,27,41,30,41,29,41,27,27,41,41,27,27,27,41,38,41,41,41,27,29,28,27,27,28,27,27,39,41,41,27,229,27,27,27,27,27,41,27,27,27,230,230,230,35,27,37,30,41,27,91,80,27,41,36,27,41,27,41,27,39,147,41,27,41,27,224,27,36,27,27,27,41,27,41,27,41,41,41,27,41,27,41,41,41,41,41,38,41,41,27,41,41,27,41,41,41,27,27,41,41,148,27,27,230,230,41,27,41,229,41,41,27,27,41,41,29,27,27,41,39,27,27,41,27,27,27,27,27,27,27,41,41,27,41,41,41,27,27,27,27,36,27,41,27,41,31,41,41,27,41,41,27,35,41,41,27,41,41,29,41,29,41,27,40,29,27,41,41,40,41,27,41,31,41,41,41,41,27,27,41,163,30,41,27,29,41,27,27,41,41,41,27,41,41,41,41,41,27,41,41,41,27,41,41,41,41,41,29,41,27,27,27,27,27,27,27,41,227,41,27,27,27,27,27,27,106,41,27,27,37,27,41,27,27,27,41,27,41,41,27,41,27,27,27,41,34,41,41,41,41,27,41,41,27,41,41,41,27,41,41,41,41,27,41,41,27,27,29,27,41,27,27,41,27,41,41,41,41,27,41,41,27,41,27,41,41,230,41,27,28,41,27,41,27,41,41,41,27,41,27,30,28,41,27,41,27,27,41,27,28,41,41,41,27,41,27,41,41,41,36,41,41,27,41,41,41,27,41,27,41,27,41,27,41,41,27,41,27,27,41,29,40,41,27,27,41,41,27,27,41,41,27,27,41,41,27,41,41,40,27,41,27,41,36,27,41,41,41,27,41,41,41,41,41,27,40,27,41,41,41,40,41,27,27,27,29,41,41,41,41,41,41,41,41,41,27,41,27,41,41,41,41,27,28,41,27,41,41,41,27,28,41,41,27,27,27,27,41,41,41,28,27,41,27,32,27,27,27,41,27,41,27,27,27,27,27,41,27,27,33,27,41,27,41,27,27,41,41,27,27,27,41,41,41,40,41,30,40,41,41,31,27,41,27,41,41,41,41,27,41,41,41,40,38,27,41,27,27,41,34,41,41,27,41,41,27,27,41,41,41,41,27,27,41,41,229,27,27,27,27
230,27,230,27,230,58,201,27,27,230,27,27,41,41,27,41,36,41,27,27,34,41,27,27,41,27,41,30,27,27,41,41,27,27,27,27,27,27,41,28,41,27,41,41,27,41,41,41,27,41,27,27,27,41,41,41,27,41,41,41,41,41,27,41,41,27,29,41,27,41,29,41,27,27,27,27,41,41,41,40,183,229,37,230,27,120,27,41,27,230,41,41,41,41,41,41,41,27,27,41,35,41,41,41,28,41,27,41,27,41,41,27,41,27,41,27,27,27,229,27,41,27,27,27,229,27,27,27,41,27,41,27,41,27,41,41,27,41,41,41,27,27,27,27,41,27,228,41,41,229,213,41,41,41,85,27,229,41,41,229,229,27,41,228,27,59,228,207,41,229,27,27,29,27,230,229,229,27,229,229,101,27,199,41,55,230,230,27,41,41,41,41,41,41,27,41,27,41,41,69,35,41,30,27,229,229,41,229,27,229,27,27,41,41,28,27,41,41,41,41,171,27,41,229,117,41,96,41,109,229,188,27,230,230,27,230,27,27,41,77,230,27,230,230,230,27,230,222,29,230,224,145,230,27,230,230,186,27,27,41,230,193,230,230,230,27,27,230,230,230,27,230,41,42,41,27,40,41,230,41,41,41,27,41,27,41,38,41,41,50,27,41,27,41,41,41,41,41,30,27,226,229,230,230,27,229,27,230,230,216,230,35,74,229,41,41,229,229,27,93,27,27,230,27,229,27,230,27,27,213,27,27,27,27,41,27,41,41,41,27,35,27,27,27,41,41,27,41,41,27,41,41,27,41,27,41,41,41,41,41,41,41,41,41,41,27,27,41,41,27,41,27,27,30,41,41,230,41,27,27,205,230,181,228,230,230,27,229,209,229,110,27,41,41,41,41,39,41,41,41,41,41,41,41,41,41,41,41,27,41,41,41,41,41,41,27,41,41,27,41,28,27,27,41,27,41,27,41,41,41,27,27,27,27,27,41,27,27,27,33,27,41,41,229,27,27,31,27,27,41,38,41,41,41,27,27,41,27,27,27,218,30,41,35,230,230,41,230,41,27,175,47,230,228,229,36,41,149,41,113,229,230,229,27,227,27,27,229,55,172,41,41,41,41,41,41,27,41,41,41,27,41,37,38,27,41,27,27,41,27,27,29,27,41,41,41,38,41,27,27,27,27,27,27,27,27,33,41,41,27,229,27,27,27,27,27,41,27,27,28,230,230,230,40,29,41,38,41,27,185,77,27,41,29,27,41,27,41,27,29,141,74,30,41,27,229,27,40,27,27,27,41,27,41,27,41,41,41,30,41,27,41,41,41,41,41,30,41,41,27,41,41,27,41,41,41,27,27,41,38,148,27,27,230,230,41,29,81,229,41,41,27,27,41,41,35,27,27,41,39,27,27,41,27,27,27,27,27,27,27,27,41,27,41,41,41,27,27,27,27,36,29,41,27,41,27,41,41,27,41,41,27,40,41,41,27,41,38,27,41,35,27,27,41,35,27,41,41,35,41,27,41,27,41,41,41,41,27,27,41,163,27,41,27,37,41,27,27,41,41,41,27,41,41,40,41,41,27,41,41,41,27,41,41,41,41,41,38,41,27,27,27,29,27,27,28,41,229,41,27,27,27,27,27,27,230,41,30,27,41,27,41,28,27,27,41,27,41,41,27,41,27,27,27,41,29,41,41,41,41,27,41,41,27,41,41,41,27,41,41,41,41,27,41,41,27,27,35,27,41,27,29,41,27,41,41,41,41,41,41,41,27,41,27,41,41,230,41,27,39,41,27,41,28,41,41,41,27,41,27,30,36,41,27,41,27,27,41,27,40,41,41,41,27,41,27,41,41,41,36,41,41,27,41,41,41,27,41,27,41,27,39,27,39,41,27,41,27,27,41,29,36,41,27,27,41,41,27,27,41,41,27,27,41,41,27,41,41,41,27,41,27,41,28,27,41,41,38,27,27,41,41,41,41,27,41,27,41,41,41,41,41,27,27,27,38,41,41,41,27,41,41,41,41,41,27,41,27,41,41,41,41,27,27,41,27,41,41,41,30,27,41,41,27,27,27,27,41,41,41,28,27,41,27,27,27,27,27,41,27,41,27,27,27,27,27,41,27,27,33,27,41,27,41,27,27,41,41,27,27,27,41,41,41,29,41,27,35,41,41,27,27,41,29,41,41,41,41,36,41,41,41,35,41,27,41,27,27,41,34,41,41,27,41,41,27,27,41,41,41,41,27,27,41,41,190,27,27,27,27
230,27,230,27,230,58,201,27,27,230,27,27,41,41,27,41,36,41,27,27,34,41,27,27,41,27,41,30,27,27,41,41,27,27,27,27,27,27,41,28,41,27,41,41,27,41,41,41,27,41,27,27,27,41,41,41,27,41,41,41,41,41,27,41,41,27,29,41,27,41,29,41,27,27,27,27,41,41,41,40,183,229,37,230,27,120,27,41,27,230,41,41,41,41,41,41,41,27,27,41,35,41,41,41,28,41,27,41,27,41,41,27,41,27,41,27,27,27,229,27,41,27,27,27,229,27,27,27,41,27,41,27,41,27,41,41,27,41,41,41,27,27,27,27,41,27,228,41,41,229,213,41,41,41,85,27,229,41,41,229,229,27,41,228,27,59,228,207,41,229,27,27,29,27,230,229,229,27,229,229,101,27,199,41,55,230,230,27,41,41,41,41,41,41,27,41,27,41,41,69,35,41,30,27,229,229,41,229,27,229,27,27,41,41,28,27,41,41,41,41,171,27,41,229,117,41,96,41,109,229,188,27,230,230,27,230,27,27,41,77,230,27,230,230,230,27,230,222,29,230,224,145,230,27,230,230,186,27,27,41,230,193,230,230,230,27,27,230,230,230,27,230,41,42,41,27,40,41,230,41,41,41,27,41,27,41,38,41,41,50,27,41,27,41,41,41,41,41,30,27,226,229,230,230,27,229,27,230,230,216,230,35,74,229,41,41,229,229,27,93,27,27,230,27,229,27,230,27,27,213,27,27,27,27,41,27,41,41,41,27,35,27,27,27,41,41,27,41,41,27,41,41,27,41,27,41,41,41,41,41,41,41,41,41,41,27,27,41,41,27,41,27,27,30,41,41,230,41,27,27,205,230,181,228,230,230,27,229,209,229,110,27,41,41,41,41,39,41,41,41,41,41,41,41,41,41,41,41,27,41,41,41,41,41,41,27,41,41,27,41,28,27,27,41,27,41,27,41,41,41,27,27,27,27,27,41,27,27,27,33,27,41,41,229,27,27,31,27,27,41,38,41,41,41,27,27,41,27,27,27,218,30,41,35,230,230,41,230,41,27,175,47,230,228,229,36,41,149,41,113,229,230,229,27,227,27,27,229,55,172,41,41,41,41,41,41,27,41,41,41,27,41,37,38,27,41,27,27,41,27,27,29,27,41,41,41,38,41,27,27,27,27,27,27,27,27,33,41,41,27,229,27,27,27,27,27,41,27,27,28,230,230,230,40,29,41,38,41,27,185,77,27,41,29,27,41,27,41,27,29,141,74,30,41,27,229,27,40,27,27,27,41,27,41,27,41,41,41,30,41,27,41,41,41,41,41,30,41,41,27,41,41,27,41,41,41,27,27,41,38,148,27,27,230,230,41,29,81,229,41,41,27,27,41,41,35,27,27,41,39,27,27,41,27,27,27,27,27,27,27,27,41,27,41,41,41,27,27,27,27,36,29,41,27,41,27,41,41,27,41,41,27,40,41,41,27,41,38,27,41,35,27,27,41,35,27,41,41,35,41,27,41,27,41,41,41,41,27,27,41,163,27,41,27,37,41,27,27,41,41,41,27,41,41,40,41,41,27,41,41,41,27,41,41,41,41,41,38,41,27,27,27,29,27,27,28,41,229,41,27,27,27,27,27,27,230,41,30,27,41,27,41,28,27,27,41,27,41,41,27,41,27,27,27,41,29,41,41,41,41,27,41,41,27,41,41,41,27,41,41,41,41,27,41,41,27,27,35,27,41,27,29,41,27,41,41,41,41,41,41,41,27,41,27,41,41,230,41,27,39,41,27,41,28,41,41,41,27,41,27,30,36,41,27,41,27,27,41,27,40,41,41,41,27,41,27,41,41,41,36,41,41,27,41,41,41,27,41,27,41,27,39,27,39,41,27,41,27,27,41,29,36,41,27,27,41,41,27,27,41,41,27,27,41,41,27,41,41,41,27,41,27,41,28,27,41,41,38,27,27,41,41,41,41,27,41,27,41,41,41,41,41,27,27,27,38,41,41,41,27,41,41,41,41,41,27,41,27,41,41,41,41,27,27,41,27,41,41,41,30,27,41,41,27,27,27,27,41,41,41,28,27,41,27,27,27,27,27,41,27,41,27,27,27,27,27,41,27,27,33,27,41,27,41,27,27,41,41,27,27,27,41,41,41,29,41,27,35,41,41,27,27,41,29,41,41,41,41,36,41,41,41,35,41,27,41,27,27,41,34,41,41,27,41,41,27,27,41,41,41,41,27,27,41,41,190,27,27,27,27
230,27,230,27,230,145,60,27,27,230,27,27,38,41,27,41,28,41,27,27,34,39,27,27,41,27,41,38,28,27,41,41,27,27,27,27,27,27,41,28,41,27,41,41,27,38,41,41,27,41,27,27,27,41,41,41,27,36,41,41,41,41,27,40,41,27,35,41,27,41,34,41,27,30,27,27,41,27,41,40,87,229,30,230,27,55,27,41,27,230,41,41,41,41,28,41,41,27,27,41,35,41,41,41,27,41,27,41,27,41,41,27,41,27,73,27,27,27,229,27,41,27,27,27,229,27,27,27,41,27,41,27,41,29,41,41,27,41,41,41,27,27,30,27,41,27,229,41,41,229,145,41,41,38,179,27,218,41,41,229,229,27,41,229,27,206,229,228,41,229,27,27,34,27,230,229,229,27,229,229,95,27,228,41,214,230,230,27,41,41,41,41,41,41,27,41,27,41,41,69,29,41,27,27,229,229,41,229,27,229,27,27,41,41,27,27,41,41,41,41,171,27,41,229,203,41,27,41,220,229,228,27,230,216,27,230,27,27,41,77,230,27,230,230,230,27,230,37,78,230,230,60,230,27,230,230,230,27,27,41,230,230,230,230,230,27,27,230,230,230,27,208,37,27,41,27,41,41,230,41,41,41,27,41,27,63,30,41,28,50,27,41,27,40,41,41,41,41,27,27,230,229,230,230,27,229,27,230,230,229,230,40,182,229,41,42,229,229,27,93,27,27,230,27,229,27,230,27,27,213,27,27,27,27,41,27,41,41,41,27,39,27,27,27,41,41,27,41,41,27,41,41,27,41,27,41,41,41,41,41,41,41,41,41,41,27,28,41,41,27,41,27,27,38,41,41,230,41,27,27,205,230,227,229,229,230,27,229,51,229,110,27,41,41,41,41,41,41,41,41,41,41,41,41,41,41,41,41,27,41,40,38,41,41,41,27,41,41,27,41,28,27,30,41,27,39,27,41,41,41,27,27,27,27,27,41,27,27,27,33,27,41,41,229,27,27,27,27,27,41,30,41,41,41,27,27,41,27,29,27,219,37,41,27,230,230,41,230,41,27,175,223,230,230,229,41,41,54,76,112,229,230,229,27,229,27,27,229,41,166,41,41,27,41,41,41,27,41,41,41,27,41,41,31,27,41,27,27,36,27,27,35,27,41,41,27,30,41,27,27,27,27,27,27,27,27,28,39,41,27,229,27,27,27,27,27,41,27,27,28,230,230,230,41,34,41,41,41,27,230,64,27,41,27,27,41,27,41,27,27,114,182,38,41,27,230,27,41,27,27,27,41,27,41,36,41,41,41,38,59,27,41,41,41,41,41,27,41,41,29,41,41,27,41,41,41,27,27,41,30,148,27,27,230,230,41,35,174,229,41,41,27,27,41,38,40,27,27,41,39,27,27,41,27,27,27,27,27,27,27,27,41,27,41,41,41,27,27,27,27,36,35,41,30,41,27,41,41,27,41,41,27,41,41,41,27,41,30,27,41,39,27,27,41,39,27,41,41,29,41,27,41,27,41,36,41,41,27,27,41,164,27,41,27,41,41,27,27,41,41,41,27,41,41,28,41,41,27,41,41,40,29,41,41,27,41,41,41,41,27,27,27,34,27,27,40,41,229,41,27,27,27,27,27,27,230,41,37,27,41,27,41,39,27,27,41,27,41,41,27,41,27,27,27,27,27,41,41,41,41,27,41,27,27,38,41,41,27,41,41,41,41,27,41,41,27,27,40,30,41,27,35,41,27,41,41,41,41,41,41,41,27,41,30,41,41,230,41,27,41,41,27,41,39,41,41,41,27,41,27,30,40,41,27,41,27,27,41,27,41,40,41,41,27,41,27,41,41,41,36,41,41,27,41,41,41,27,41,27,41,27,34,27,33,41,27,41,27,27,41,38,27,41,30,27,41,41,27,27,41,41,27,27,41,41,27,41,41,41,27,41,27,41,27,27,41,41,30,27,27,41,41,41,40,27,41,27,40,41,41,41,41,27,27,27,41,41,41,41,27,41,41,41,41,41,27,41,27,41,39,41,41,27,27,41,27,41,41,41,27,27,41,41,27,27,29,27,41,41,41,28,27,41,27,27,27,27,27,41,27,41,27,27,27,27,27,41,27,27,33,27,41,27,41,28,27,27,41,27,27,27,41,41,41,27,41,27,29,41,41,27,27,41,35,41,41,41,41,41,41,41,41,29,41,27,41,27,27,41,34,27,41,27,41,41,27,27,41,41,41,41,27,27,41,41,73,27,30,27,27
230,27,230,33,230,214,27,27,27,230,27,29,31,41,27,41,27,41,27,27,34,33,27,27,41,27,41,41,30,27,41,41,27,27,27,27,27,27,41,28,38,27,41,41,27,30,41,41,27,38,27,27,27,41,40,41,27,27,40,41,40,41,27,35,41,30,40,41,27,41,39,41,27,38,27,27,41,27,41,40,41,229,27,230,27,41,27,38,27,230,41,41,41,41,27,41,41,27,27,27,35,41,41,37,27,41,27,41,27,41,41,27,41,27,191,27,27,27,229,27,41,27,27,27,229,27,27,27,87,27,41,27,41,39,41,41,27,41,41,41,27,27,38,27,41,27,229,41,41,229,58,41,41,31,227,27,150,41,41,229,215,27,41,229,27,228,229,229,41,229,27,27,39,27,230,229,229,27,229,229,93,55,229,41,229,230,230,27,161,41,41,27,41,41,27,41,41,41,41,69,27,41,27,27,229,229,41,229,27,229,27,30,41,41,27,27,41,41,41,41,171,27,41,229,229,106,93,41,229,229,230,27,230,52,27,230,27,27,41,77,230,27,230,230,230,27,230,27,182,230,230,27,230,27,230,230,230,27,30,41,230,230,230,230,230,27,27,230,230,230,27,127,27,27,41,27,41,41,230,41,41,41,27,41,41,151,27,41,27,50,27,41,27,29,41,41,41,41,27,27,230,230,230,230,27,229,27,230,190,229,230,41,228,229,82,86,229,229,29,93,27,27,230,27,229,27,230,27,27,213,27,27,27,27,41,27,41,41,41,27,39,27,27,27,41,39,27,41,41,28,41,41,27,41,27,41,41,41,41,41,41,41,41,41,41,27,35,41,41,27,41,27,27,41,41,41,213,41,27,27,205,230,229,229,229,230,27,229,27,229,110,27,41,41,41,41,41,41,41,41,41,41,41,41,41,41,41,41,27,41,35,30,41,40,41,27,41,41,27,41,28,27,38,41,27,33,27,41,41,41,27,27,27,27,27,41,27,27,27,33,27,41,41,229,27,29,27,27,27,66,27,41,41,41,27,27,42,27,35,27,219,41,41,27,230,230,41,230,41,27,175,229,230,230,229,41,41,27,189,112,229,227,229,27,229,27,27,229,41,165,41,41,27,41,41,41,27,41,41,41,27,41,41,27,27,41,27,27,27,27,27,40,27,41,41,27,27,41,27,27,27,27,27,27,27,27,27,33,41,27,96,27,27,27,27,27,41,27,27,28,230,230,215,41,39,41,41,41,27,230,48,27,41,27,27,27,27,41,27,27,94,228,41,43,27,230,41,41,27,27,27,41,27,41,36,41,73,41,41,189,27,41,41,41,41,38,27,41,41,38,41,41,27,41,41,41,32,27,41,27,148,27,27,230,229,47,40,228,229,41,41,30,27,41,30,41,27,27,41,39,27,27,82,27,27,27,27,27,27,27,27,41,27,41,41,41,27,27,27,27,36,40,27,38,41,27,41,41,27,36,41,28,41,41,41,27,41,27,27,41,41,27,27,41,41,27,41,41,27,41,28,41,27,41,36,41,41,27,27,41,164,27,41,27,41,41,27,27,41,41,41,27,41,41,27,41,41,27,41,41,35,38,72,41,27,41,41,41,41,27,27,27,39,27,27,41,41,217,41,36,28,27,27,27,27,230,41,41,27,41,27,41,41,27,27,41,27,41,41,27,41,27,27,27,27,27,41,41,41,41,27,41,27,27,30,41,41,27,41,41,41,41,27,41,41,28,29,41,37,41,27,40,41,27,41,40,41,41,41,41,41,27,41,38,41,41,230,41,27,41,41,27,41,41,41,41,41,27,41,27,30,41,41,27,41,27,27,41,27,41,36,41,41,27,41,27,41,41,41,36,41,41,27,41,41,41,27,41,27,41,27,31,27,28,41,27,41,27,27,41,39,27,41,37,27,41,41,27,41,41,41,27,29,41,41,27,41,41,41,27,41,27,41,27,27,41,41,27,27,27,41,41,41,36,27,41,27,35,41,41,41,41,27,28,27,41,41,41,41,27,41,41,41,41,41,30,41,27,41,36,41,41,27,27,41,27,41,41,41,27,27,41,41,27,27,35,27,41,41,41,28,27,41,27,27,27,27,27,41,27,41,27,27,27,27,27,41,27,27,33,27,38,27,41,39,27,27,41,36,27,27,39,27,41,27,41,27,27,41,41,27,27,41,40,41,41,37,41,41,41,41,41,27,41,27,41,27,27,41,34,27,41,27,41,41,27,27,41,41,41,41,27,27,41,41,27,27,38,27,27
230,27,230,33,230,214,27,27,27,230,27,29,31,41,27,41,27,41,27,27,34,33,27,27,41,27,41,41,30,27,41,41,27,27,27,27,27,27,41,28,38,27,41,41,27,30,41,41,27,38,27,27,27,41,40,41,27,27,40,41,40,41,27,35,41,30,40,41,27,41,39,41,27,38,27,27,41,27,41,40,41,229,27,230,27,41,27,38,27,230,41,41,41,41,27,41,41,27,27,27,35,41,41,37,27,41,27,41,27,41,41,27,41,27,191,27,27,27,229,27,41,27,27,27,229,27,27,27,87,27,41,27,41,39,41,41,27,41,41,41,27,27,38,27,41,27,229,41,41,229,58,41,41,31,227,27,150,41,41,229,215,27,41,229,27,228,229,229,41,229,27,27,39,27,230,229,229,27,229,229,93,55,229,41,229,230,230,27,161,41,41,27,41,41,27,41,41,41,41,69,27,41,27,27,229,229,41,229,27,229,27,30,41,41,27,27,41,41,41,41,171,27,41,229,229,106,93,41,229,229,230,27,230,52,27,230,27,27,41,77,230,27,230,230,230,27,230,27,182,230,230,27,230,27,230,230,230,27,30,41,230,230,230,230,230,27,27,230,230,230,27,127,27,27,41,27,41,41,230,41,41,41,27,41,41,151,27,41,27,50,27,41,27,29,41,41,41,41,27,27,230,230,230,230,27,229,27,230,190,229,230,41,228,229,82,86,229,229,29,93,27,27,230,27,229,27,230,27,27,213,27,27,27,27,41,27,41,41,41,27,39,27,27,27,41,39,27,41,41,28,41,41,27,41,27,41,41,41,41,41,41,41,41,41,41,27,35,41,41,27,41,27,27,41,41,41,213,41,27,27,205,230,229,229,229,230,27,229,27,229,110,27,41,41,41,41,41,41,41,41,41,41,41,41,41,41,41,41,27,41,35,30,41,40,41,27,41,41,27,41,28,27,38,41,27,33,27,41,41,41,27,27,27,27,27,41,27,27,27,33,27,41,41,229,27,29,27,27,27,66,27,41,41,41,27,27,42,27,35,27,219,41,41,27,230,230,41,230,41,27,175,229,230,230,229,41,41,27,189,112,229,227,229,27,229,27,27,229,41,165,41,41,27,41,41,41,27,41,41,41,27,41,41,27,27,41,27,27,27,27,27,40,27,41,41,27,27,41,27,27,27,27,27,27,27,27,27,33,41,27,96,27,27,27,27,27,41,27,27,28,230,230,215,41,39,41,41,41,27,230,48,27,41,27,27,27,27,41,27,27,94,228,41,43,27,230,41,41,27,27,27,41,27,41,36,41,73,41,41,189,27,41,41,41,41,38,27,41,41,38,41,41,27,41,41,41,32,27,41,27,148,27,27,230,229,47,40,228,229,41,41,30,27,41,30,41,27,27,41,39,27,27,82,27,27,27,27,27,27,27,27,41,27,41,41,41,27,27,27,27,36,40,27,38,41,27,41,41,27,36,41,28,41,41,41,27,41,27,27,41,41,27,27,41,41,27,41,41,27,41,28,41,27,41,36,41,41,27,27,41,164,27,41,27,41,41,27,27,41,41,41,27,41,41,27,41,41,27,41,41,35,38,72,41,27,41,41,41,41,27,27,27,39,27,27,41,41,217,41,36,28,27,27,27,27,230,41,41,27,41,27,41,41,27,27,41,27,41,41,27,41,27,27,27,27,27,41,41,41,41,27,41,27,27,30,41,41,27,41,41,41,41,27,41,41,28,29,41,37,41,27,40,41,27,41,40,41,41,41,41,41,27,41,38,41,41,230,41,27,41,41,27,41,41,41,41,41,27,41,27,30,41,41,27,41,27,27,41,27,41,36,41,41,27,41,27,41,41,41,36,41,41,27,41,41,41,27,41,27,41,27,31,27,28,41,27,41,27,27,41,39,27,41,37,27,41,41,27,41,41,41,27,29,41,41,27,41,41,41,27,41,27,41,27,27,41,41,27,27,27,41,41,41,36,27,41,27,35,41,41,41,41,27,28,27,41,41,41,41,27,41,41,41,41,41,30,41,27,41,36,41,41,27,27,41,27,41,41,41,27,27,41,41,27,27,35,27,41,41,41,28,27,41,27,27,27,27,27,41,27,41,27,27,27,27,27,41,27,27,33,27,38,27,41,39,27,27,41,36,27,27,39,27,41,27,41,27,27,41,41,27,27,41,40,41,41,37,41,41,41,41,41,27,41,27,41,27,27,41,34,27,41,27,41,41,27,27,41,41,41,41,27,27,41,41,27,27,38,27,27
230,27,230,229,214,230,27,27,27,230,27,35,27,41,27,41,27,41,27,27,34,28,27,27,41,27,41,41,34,27,41,41,27,27,27,27,27,27,41,28,30,27,41,41,27,27,41,41,27,31,27,27,27,41,35,41,27,27,35,41,37,41,27,29,41,38,41,41,27,41,41,41,27,41,27,30,41,27,41,40,41,229,27,230,27,41,27,30,27,230,42,41,41,41,27,41,41,27,28,27,35,41,41,27,27,41,27,41,27,41,41,29,41,27,228,27,27,27,229,27,41,27,27,27,201,27,27,27,183,27,41,27,41,41,41,41,27,41,41,41,27,30,41,27,38,27,220,41,41,160,27,41,41,27,229,27,50,41,41,229,147,27,41,229,27,229,229,229,41,229,27,27,41,27,230,229,229,27,229,229,92,201,229,41,229,230,230,27,227,41,41,27,41,41,27,41,41,41,41,69,27,41,27,27,229,229,41,229,27,229,27,37,41,41,27,27,41,41,41,41,171,27,41,229,229,229,27,48,229,229,230,27,230,27,27,230,27,27,41,77,230,27,218,230,230,27,230,27,230,230,230,27,230,27,230,230,230,27,37,52,230,230,230,230,230,27,27,230,230,165,27,43,27,27,41,27,41,41,216,41,41,41,27,41,41,217,27,41,27,50,27,41,27,27,41,41,41,41,27,27,230,230,230,230,27,229,27,230,74,229,230,41,230,229,182,187,229,230,35,56,27,27,207,27,229,27,230,27,27,91,27,27,27,27,41,27,41,41,41,27,39,27,27,30,41,29,27,41,41,35,41,41,27,41,27,41,41,41,41,36,41,36,41,39,41,27,41,41,41,27,41,27,27,41,27,41,145,41,27,27,203,230,229,229,229,230,27,229,27,229,109,27,41,41,41,41,41,41,41,41,41,41,41,41,41,41,41,41,27,41,29,27,41,36,41,41,41,41,36,41,28,27,41,39,27,29,27,41,41,41,27,27,27,27,27,41,27,27,27,36,27,41,41,229,41,38,27,27,29,153,27,41,41,41,36,27,90,27,40,27,219,41,41,27,230,230,41,230,41,27,175,229,230,230,229,41,42,27,228,112,229,216,229,27,229,30,27,229,41,165,41,41,27,41,41,41,27,41,41,41,27,36,41,27,27,41,41,27,27,27,27,41,27,41,41,27,27,41,27,27,27,27,27,27,27,27,27,28,41,27,27,27,27,27,27,27,41,27,27,28,230,187,147,41,41,41,41,41,27,230,41,27,41,27,27,27,27,27,36,27,42,230,41,222,35,230,41,41,27,28,27,72,27,41,41,224,182,73,41,212,27,40,41,41,41,30,27,41,41,41,41,41,27,41,41,41,41,27,41,27,148,27,27,230,229,230,41,230,29,41,41,37,27,41,27,41,27,27,41,39,27,27,176,27,27,27,27,27,27,27,27,41,27,41,41,41,27,27,27,27,36,41,27,41,41,27,41,36,27,27,41,35,41,41,41,27,41,27,27,41,41,27,27,41,41,30,41,41,27,41,34,41,27,41,27,41,41,27,27,41,164,27,41,27,41,41,72,27,41,41,41,41,41,41,27,41,41,27,41,41,29,41,182,72,27,41,41,41,41,29,30,27,41,27,27,41,41,153,41,41,40,27,27,27,27,230,41,41,27,41,27,41,41,27,27,41,27,41,41,27,41,27,36,27,27,27,41,41,41,27,27,41,27,27,27,41,28,27,41,41,27,41,27,41,41,35,35,41,41,41,27,41,41,27,41,36,41,41,41,38,41,27,41,41,41,41,227,41,27,41,41,27,41,41,41,41,41,27,41,27,30,41,41,27,41,27,27,41,28,41,30,40,41,27,41,27,41,41,41,36,41,41,27,41,41,41,27,41,27,41,27,28,27,27,41,27,41,27,27,41,39,27,41,41,27,41,41,27,41,41,41,27,39,41,39,27,41,41,41,29,41,27,41,27,27,41,41,27,27,27,41,41,38,29,27,41,29,29,41,41,41,41,27,40,27,41,41,39,41,27,41,41,41,41,41,37,41,27,41,35,41,41,27,27,41,27,41,41,41,27,27,41,41,27,27,40,27,41,41,41,28,27,39,27,27,27,27,27,41,27,41,27,27,27,27,27,39,27,27,33,27,27,27,41,41,27,27,41,36,27,27,28,27,39,27,41,27,27,41,41,27,27,40,41,41,36,30,41,41,41,41,41,27,41,29,41,36,27,41,34,27,41,27,41,41,30,27,41,41,41,41,27,27,41,41,27,27,41,27,27
230,27,160,229,176,230,27,27,27,230,27,40,27,41,27,41,27,41,27,27,34,27,27,27,32,27,41,41,39,27,41,41,27,27,27,27,27,27,41,28,27,29,41,41,27,27,41,41,27,27,27,27,27,41,29,41,27,27,29,41,35,41,27,27,41,41,41,41,27,41,41,41,27,41,27,38,41,27,41,40,41,229,27,230,27,41,27,27,27,230,53,41,41,41,27,41,41,27,40,27,35,41,41,27,27,41,27,39,29,41,41,38,41,27,229,27,29,27,229,27,41,27,27,27,117,27,27,27,229,27,41,27,41,41,41,41,27,41,41,41,27,38,41,27,31,27,152,41,41,27,27,41,41,27,229,27,27,41,41,160,54,27,41,229,27,229,229,229,41,229,27,27,41,27,230,229,229,27,229,229,92,230,229,41,229,230,230,27,229,41,41,27,41,41,31,41,41,41,41,69,27,41,27,27,229,229,41,229,27,229,27,41,41,41,27,27,41,41,41,41,171,27,41,206,229,229,27,224,229,203,230,27,230,27,27,230,27,27,41,77,27,27,153,230,230,27,230,27,230,230,229,27,230,27,27,230,184,27,41,223,230,230,230,230,230,27,27,230,230,41,27,27,27,27,41,27,41,41,148,41,41,41,40,41,41,229,27,41,27,50,27,41,27,27,79,41,41,41,27,27,230,230,230,230,27,229,28,230,27,229,230,41,230,230,225,229,229,230,33,36,27,27,115,29,229,27,230,27,27,27,27,27,27,27,41,27,41,41,41,27,39,41,27,37,41,27,28,41,41,40,41,38,27,41,27,41,41,41,41,27,41,27,41,30,41,27,41,41,41,27,41,27,27,41,27,41,60,41,27,27,159,230,229,229,229,230,27,229,27,229,109,27,41,41,41,41,41,41,41,41,41,41,41,41,41,41,41,41,30,41,27,27,36,28,41,41,41,41,41,41,28,27,41,33,27,27,27,41,41,41,27,27,27,27,27,41,27,27,27,39,27,41,41,229,41,41,27,27,38,189,27,41,41,41,41,27,182,27,41,27,204,41,52,27,230,27,41,230,41,27,228,229,163,218,229,41,79,27,230,112,229,207,229,70,229,37,27,229,41,165,41,41,27,41,41,40,27,41,41,41,27,28,41,27,27,41,41,27,27,27,27,41,27,41,41,27,27,40,27,27,27,27,27,27,27,27,27,27,41,27,27,27,27,27,27,27,41,27,27,28,230,71,56,41,41,72,41,41,41,230,41,27,41,27,27,27,27,27,41,27,27,230,41,230,41,230,41,41,27,39,27,184,27,41,41,224,228,187,41,213,27,28,41,41,41,27,27,41,41,41,41,41,27,41,41,41,41,27,41,27,148,27,27,230,229,230,41,230,27,157,27,41,27,41,27,41,36,27,41,39,27,27,224,27,27,27,27,27,27,27,41,41,27,41,41,41,27,27,27,27,36,41,27,41,41,27,41,27,27,27,41,40,41,41,41,27,38,27,27,40,41,27,27,41,41,37,41,41,27,41,39,41,27,41,27,41,41,27,27,36,164,27,41,27,41,41,175,27,41,41,41,41,41,41,27,41,41,27,41,41,27,41,227,182,27,41,41,41,41,35,37,27,41,27,27,41,41,57,41,41,41,27,27,27,27,230,41,41,27,41,27,41,41,27,27,41,27,41,32,27,41,27,41,27,27,27,41,41,41,27,27,41,27,27,27,41,27,27,41,41,27,41,27,41,41,40,40,41,41,38,27,41,41,27,41,28,39,41,41,31,38,30,41,41,41,41,216,41,28,41,38,27,39,41,41,41,41,27,41,27,31,41,41,27,41,27,36,41,35,41,27,36,41,28,41,27,41,41,41,36,41,41,27,41,41,41,27,41,27,41,27,27,27,27,41,27,41,27,27,41,39,27,41,41,27,41,41,27,41,41,41,27,41,41,29,27,40,41,41,38,41,27,41,27,29,41,41,27,27,27,41,41,31,27,27,41,38,27,41,41,41,39,27,41,27,61,41,29,41,27,41,41,41,41,41,41,41,27,41,35,41,41,27,27,41,27,41,41,41,27,27,41,41,27,27,41,27,41,41,41,28,27,34,27,27,27,27,27,41,27,41,27,27,27,27,27,33,27,27,33,27,27,27,41,41,27,27,41,41,27,27,27,27,29,27,41,27,27,41,41,27,27,35,41,41,27,27,41,41,41,41,40,27,41,38,41,41,27,41,34,27,41,27,41,41,38,27,41,41,41,41,27,27,41,41,27,27,41,27,27
230,27,160,229,176,230,27,27,27,230,27,40,27,41,27,41,27,41,27,27,34,27,27,27,32,27,41,41,39,27,41,41,27,27,27,27,27,27,41,28,27,29,41,41,27,27,41,41,27,27,27,27,27,41,29,41,27,27,29,41,35,41,27,27,41,41,41,41,27,41,41,41,27,41,27,38,41,27,41,40,41,229,27,230,27,41,27,27,27,230,53,41,41,41,27,41,41,27,40,27,35,41,41,27,27,41,27,39,29,41,41,38,41,27,229,27,29,27,229,27,41,27,27,27,117,27,27,27,229,27,41,27,41,41,41,41,27,41,41,41,27,38,41,27,31,27,152,41,41,27,27,41,41,27,229,27,27,41,41,160,54,27,41,229,27,229,229,229,41,229,27,27,41,27,230,229,229,27,229,229,92,230,229,41,229,230,230,27,229,41,41,27,41,41,31,41,41,41,41,69,27,41,27,27,229,229,41,229,27,229,27,41,41,41,27,27,41,41,41,41,171,27,41,206,229,229,27,224,229,203,230,27,230,27,27,230,27,27,41,77,27,27,153,230,230,27,230,27,230,230,229,27,230,27,27,230,184,27,41,223,230,230,230,230,230,27,27,230,230,41,27,27,27,27,41,27,41,41,148,41,41,41,40,41,41,229,27,41,27,50,27,41,27,27,79,41,41,41,27,27,230,230,230,230,27,229,28,230,27,229,230,41,230,230,225,229,229,230,33,36,27,27,115,29,229,27,230,27,27,27,27,27,27,27,41,27,41,41,41,27,39,41,27,37,41,27,28,41,41,40,41,38,27,41,27,41,41,41,41,27,41,27,41,30,41,27,41,41,41,27,41,27,27,41,27,41,60,41,27,27,159,230,229,229,229,230,27,229,27,229,109,27,41,41,41,41,41,41,41,41,41,41,41,41,41,41,41,41,30,41,27,27,36,28,41,41,41,41,41,41,28,27,41,33,27,27,27,41,41,41,27,27,27,27,27,41,27,27,27,39,27,41,41,229,41,41,27,27,38,189,27,41,41,41,41,27,182,27,41,27,204,41,52,27,230,27,41,230,41,27,228,229,163,218,229,41,79,27,230,112,229,207,229,70,229,37,27,229,41,165,41,41,27,41,41,40,27,41,41,41,27,28,41,27,27,41,41,27,27,27,27,41,27,41,41,27,27,40,27,27,27,27,27,27,27,27,27,27,41,27,27,27,27,27,27,27,41,27,27,28,230,71,56,41,41,72,41,41,41,230,41,27,41,27,27,27,27,27,41,27,27,230,41,230,41,230,41,41,27,39,27,184,27,41,41,224,228,187,41,213,27,28,41,41,41,27,27,41,41,41,41,41,27,41,41,41,41,27,41,27,148,27,27,230,229,230,41,230,27,157,27,41,27,41,27,41,36,27,41,39,27,27,224,27,27,27,27,27,27,27,41,41,27,41,41,41,27,27,27,27,36,41,27,41,41,27,41,27,27,27,41,40,41,41,41,27,38,27,27,40,41,27,27,41,41,37,41,41,27,41,39,41,27,41,27,41,41,27,27,36,164,27,41,27,41,41,175,27,41,41,41,41,41,41,27,41,41,27,41,41,27,41,227,182,27,41,41,41,41,35,37,27,41,27,27,41,41,57,41,41,41,27,27,27,27,230,41,41,27,41,27,41,41,27,27,41,27,41,32,27,41,27,41,27,27,27,41,41,41,27,27,41,27,27,27,41,27,27,41,41,27,41,27,41,41,40,40,41,41,38,27,41,41,27,41,28,39,41,41,31,38,30,41,41,41,41,216,41,28,41,38,27,39,41,41,41,41,27,41,27,31,41,41,27,41,27,36,41,35,41,27,36,41,28,41,27,41,41,41,36,41,41,27,41,41,41,27,41,27,41,27,27,27,27,41,27,41,27,27,41,39,27,41,41,27,41,41,27,41,41,41,27,41,41,29,27,40,41,41,38,41,27,41,27,29,41,41,27,27,27,41,41,31,27,27,41,38,27,41,41,41,39,27,41,27,61,41,29,41,27,41,41,41,41,41,41,41,27,41,35,41,41,27,27,41,27,41,41,41,27,27,41,41,27,27,41,27,41,41,41,28,27,34,27,27,27,27,27,41,27,41,27,27,27,27,27,33,27,27,33,27,27,27,41,41,27,27,41,41,27,27,27,27,29,27,41,27,27,41,41,27,27,35,41,41,27,27,41,41,41,41,40,27,41,38,41,41,27,41,34,27,41,27,41,41,38,27,41,41,41,41,27,27,41,41,27,27,41,27,27
230,27,27,229,129,230,27,27,27,230,29,41,27,41,27,41,27,41,27,27,34,27,27,27,27,27,41,41,41,27,41,41,27,27,27,27,27,27,39,28,27,35,41,41,27,27,41,41,27,27,27,27,27,41,27,41,27,27,27,41,28,41,27,27,41,41,41,38,27,41,41,41,36,41,27,41,41,27,41,40,41,229,27,230,27,41,27,27,38,224,71,41,41,41,27,41,41,27,41,27,35,41,41,27,27,41,27,30,38,41,41,41,41,27,229,27,35,27,229,27,41,27,27,41,45,27,27,27,229,27,41,27,41,41,41,41,27,41,41,40,27,41,41,27,27,27,43,38,41,27,27,41,41,27,229,27,27,41,41,27,27,27,41,229,27,222,222,229,53,229,29,28,42,27,230,229,229,27,229,229,92,230,229,39,229,230,230,27,229,41,41,27,41,41,38,41,41,41,41,69,27,41,27,35,229,182,41,229,29,229,27,41,41,41,27,27,41,41,41,41,171,27,41,125,229,229,27,229,229,116,230,27,230,27,27,230,27,27,224,77,27,27,56,230,230,27,230,27,230,230,167,27,230,27,27,230,75,27,41,230,230,230,230,230,230,27,27,230,230,41,27,27,27,27,41,27,41,41,54,41,41,41,41,41,41,229,27,41,27,48,27,39,28,27,185,41,41,41,27,27,230,230,230,230,27,229,77,188,27,230,27,42,230,230,229,229,229,230,39,36,27,27,42,38,27,27,230,27,30,27,27,27,27,27,41,27,41,41,39,27,39,41,27,41,41,27,35,41,41,41,41,30,27,41,28,41,41,41,41,27,41,27,39,27,41,27,41,41,41,27,41,27,27,41,27,41,27,38,27,31,70,230,229,229,229,230,27,228,27,212,109,27,41,41,41,41,41,41,41,41,41,41,41,41,41,41,41,41,37,41,27,27,27,27,41,41,41,41,41,41,28,27,41,28,27,27,27,41,41,41,27,27,27,27,27,41,27,27,27,41,30,41,41,160,41,41,27,27,41,190,27,41,41,40,41,27,229,27,41,27,140,41,211,27,230,27,41,230,41,27,229,229,33,153,229,53,194,27,230,94,229,205,229,175,229,41,27,229,41,164,41,41,27,41,41,28,27,27,41,41,27,27,41,27,27,41,41,27,27,27,27,41,30,41,41,27,27,35,27,27,27,27,27,27,27,27,27,27,41,27,27,27,27,27,27,27,104,27,27,28,230,27,27,57,42,184,41,224,41,230,41,27,41,27,27,27,41,27,41,27,27,230,41,230,41,230,41,41,27,41,27,228,27,41,41,230,230,230,41,213,27,27,41,41,41,27,27,41,41,41,41,41,27,41,41,41,41,27,41,27,148,27,27,230,229,230,41,214,27,161,27,41,27,35,27,41,41,27,41,39,27,27,228,27,27,27,27,27,27,27,64,41,27,41,41,41,27,27,27,27,36,41,27,41,41,27,41,27,41,27,41,41,41,41,27,27,30,27,27,36,41,27,29,41,41,41,41,41,27,41,41,41,27,41,27,41,41,27,27,27,164,27,41,27,41,41,229,27,41,27,27,41,40,41,27,41,41,27,41,39,27,41,229,227,27,41,41,70,41,40,41,27,41,27,27,41,41,27,41,41,41,27,27,27,27,230,41,41,27,41,27,41,41,27,27,41,27,41,27,30,41,27,41,27,27,27,41,38,41,27,27,41,27,27,27,41,27,27,41,41,27,41,27,41,41,41,41,41,41,31,27,41,41,27,41,27,29,41,41,31,31,37,41,41,41,41,207,41,40,41,31,27,30,41,41,41,41,27,41,27,37,41,41,27,41,27,41,41,36,41,27,30,41,35,41,27,41,41,41,36,41,41,27,41,41,41,27,41,27,41,27,27,27,27,41,27,41,27,27,41,39,27,41,41,27,41,41,27,41,41,41,27,41,41,27,27,35,41,41,41,41,27,41,27,39,41,41,27,27,27,41,41,27,27,28,41,41,27,41,41,41,29,41,41,27,147,41,27,41,27,41,41,41,41,41,41,41,27,41,35,41,41,27,27,41,27,41,41,41,27,27,41,41,27,27,41,27,41,41,41,28,27,28,27,27,27,27,27,41,27,41,27,27,27,27,27,28,27,27,33,27,27,27,41,41,27,27,41,41,27,27,27,27,27,27,41,27,27,41,41,27,27,29,41,41,27,27,40,41,41,41,35,27,41,41,41,41,27,41,34,27,41,41,38,41,41,27,41,41,41,41,27,27,41,41,27,27,41,30,27
230,27,27,229,58,230,27,27,27,230,29,41,27,41,27,41,27,41,27,27,34,27,27,27,27,27,41,41,41,27,41,41,27,27,27,27,27,27,34,28,27,40,41,41,27,27,41,41,27,27,27,31,27,41,27,41,27,27,27,41,27,41,27,27,41,41,41,31,27,41,41,41,41,41,27,41,41,27,41,40,41,229,27,230,78,41,27,27,212,27,73,39,41,41,27,41,40,27,41,27,35,41,41,27,27,40,27,27,41,41,41,41,41,27,229,27,40,27,229,27,41,27,27,41,27,27,27,27,229,27,41,27,41,41,41,41,27,41,41,32,41,41,41,27,27,27,27,30,41,27,27,41,41,27,212,27,27,41,41,27,27,27,41,229,27,153,167,229,209,229,38,35,75,27,214,229,229,27,27,229,92,230,229,29,229,230,230,27,229,41,27,27,27,41,41,41,41,41,41,69,27,40,27,41,229,82,41,27,35,229,28,41,41,41,27,27,41,41,41,41,171,27,41,85,229,229,27,229,229,44,230,27,230,27,27,230,27,41,230,77,27,28,27,230,230,27,230,27,230,230,49,27,230,27,27,230,27,27,41,230,230,230,230,230,230,27,27,230,230,41,27,28,27,27,41,27,41,41,27,41,41,41,41,27,41,229,27,41,27,41,27,30,39,27,228,41,41,41,27,27,230,230,213,230,27,229,180,75,27,230,27,85,219,230,230,229,229,230,41,36,27,27,27,41,27,27,206,27,38,27,27,27,27,27,41,27,41,41,33,27,39,27,27,29,41,27,40,41,41,41,41,27,27,41,40,41,41,40,41,27,41,27,30,27,41,27,41,41,41,27,41,29,27,70,27,41,27,31,27,38,41,230,229,229,228,230,27,197,27,55,109,27,41,41,41,41,41,41,41,41,41,41,40,41,41,41,41,41,41,41,27,27,27,27,41,41,41,41,41,41,28,27,41,27,27,27,27,41,41,41,27,27,27,27,27,41,27,27,27,41,37,41,41,27,41,41,27,28,41,190,27,36,41,36,41,27,229,27,41,27,55,84,230,27,230,27,41,224,224,27,229,229,27,57,229,215,229,27,230,52,229,205,229,230,229,41,27,229,41,133,41,41,27,41,41,27,27,27,38,41,27,27,41,27,27,41,41,27,27,27,27,41,38,41,41,27,27,29,27,27,27,27,27,27,27,27,27,27,41,27,27,27,27,27,27,27,224,27,27,37,187,27,27,216,75,228,84,230,41,230,41,29,41,27,36,27,41,27,41,27,27,230,41,230,41,230,41,41,27,41,27,230,27,41,41,230,230,230,41,205,27,27,41,41,41,27,27,41,41,41,41,41,27,41,41,41,41,27,41,27,33,27,30,230,180,230,41,150,27,161,27,41,27,28,27,41,41,27,41,39,27,27,229,27,27,27,27,27,27,27,65,41,30,41,41,41,27,27,27,27,36,41,27,41,41,27,41,27,41,27,41,41,41,41,27,27,27,27,27,29,41,27,38,41,41,41,41,41,27,41,41,41,27,41,27,41,27,27,27,27,163,27,41,27,41,41,229,27,41,27,27,41,28,41,27,41,41,27,40,32,27,41,229,229,27,41,41,186,41,41,41,27,41,27,27,48,41,27,41,41,41,27,27,27,27,230,41,41,27,41,27,41,41,27,27,41,27,41,27,38,41,27,41,27,27,27,41,30,41,27,27,41,27,27,27,41,27,27,41,41,27,41,27,41,41,41,41,41,41,27,27,41,41,27,41,27,27,41,41,31,27,41,41,41,41,41,205,41,41,41,27,27,27,41,41,41,41,27,41,29,40,41,41,27,41,27,41,41,40,41,27,27,41,40,41,27,40,39,41,36,41,41,27,41,41,41,27,41,27,41,27,27,27,27,41,27,39,27,27,41,39,27,41,41,29,41,41,27,41,41,41,27,41,41,27,27,29,41,41,41,41,27,41,27,41,41,41,27,40,27,41,41,27,27,40,41,41,27,41,41,41,27,41,41,27,214,41,27,41,27,41,41,39,41,41,41,41,27,41,35,41,41,27,27,41,27,41,41,41,27,27,41,41,27,36,41,27,41,41,41,28,27,27,27,27,27,27,27,41,27,41,27,27,27,27,27,27,27,27,33,27,27,27,41,41,27,27,41,41,27,28,27,27,27,27,41,27,27,41,41,27,27,27,41,41,27,27,35,41,41,41,30,27,41,41,41,41,27,41,34,27,41,41,30,41,41,27,41,41,41,41,30,41,41,41,27,27,41,38,27
230,27,27,229,58,230,27,27,27,230,29,41,27,41,27,41,27,41,27,27,34,27,27,27,27,27,41,41,41,27,41,41,27,27,27,27,27,27,34,28,27,40,41,41,27,27,41,41,27,27,27,31,27,41,27,41,27,27,27,41,27,41,27,27,41,41,41,31,27,41,41,41,41,41,27,41,41,27,41,40,41,229,27,230,78,41,27,27,212,27,73,39,41,41,27,41,40,27,41,27,35,41,41,27,27,40,27,27,41,41,41,41,41,27,229,27,40,27,229,27,41,27,27,41,27,27,27,27,229,27,41,27,41,41,41,41,27,41,41,32,41,41,41,27,27,27,27,30,41,27,27,41,41,27,212,27,27,41,41,27,27,27,41,229,27,153,167,229,209,229,38,35,75,27,214,229,229,27,27,229,92,230,229,29,229,230,230,27,229,41,27,27,27,41,41,41,41,41,41,69,27,40,27,41,229,82,41,27,35,229,28,41,41,41,27,27,41,41,41,41,171,27,41,85,229,229,27,229,229,44,230,27,230,27,27,230,27,41,230,77,27,28,27,230,230,27,230,27,230,230,49,27,230,27,27,230,27,27,41,230,230,230,230,230,230,27,27,230,230,41,27,28,27,27,41,27,41,41,27,41,41,41,41,27,41,229,27,41,27,41,27,30,39,27,228,41,41,41,27,27,230,230,213,230,27,229,180,75,27,230,27,85,219,230,230,229,229,230,41,36,27,27,27,41,27,27,206,27,38,27,27,27,27,27,41,27,41,41,33,27,39,27,27,29,41,27,40,41,41,41,41,27,27,41,40,41,41,40,41,27,41,27,30,27,41,27,41,41,41,27,41,29,27,70,27,41,27,31,27,38,41,230,229,229,228,230,27,197,27,55,109,27,41,41,41,41,41,41,41,41,41,41,40,41,41,41,41,41,41,41,27,27,27,27,41,41,41,41,41,41,28,27,41,27,27,27,27,41,41,41,27,27,27,27,27,41,27,27,27,41,37,41,41,27,41,41,27,28,41,190,27,36,41,36,41,27,229,27,41,27,55,84,230,27,230,27,41,224,224,27,229,229,27,57,229,215,229,27,230,52,229,205,229,230,229,41,27,229,41,133,41,41,27,41,41,27,27,27,38,41,27,27,41,27,27,41,41,27,27,27,27,41,38,41,41,27,27,29,27,27,27,27,27,27,27,27,27,27,41,27,27,27,27,27,27,27,224,27,27,37,187,27,27,216,75,228,84,230,41,230,41,29,41,27,36,27,41,27,41,27,27,230,41,230,41,230,41,41,27,41,27,230,27,41,41,230,230,230,41,205,27,27,41,41,41,27,27,41,41,41,41,41,27,41,41,41,41,27,41,27,33,27,30,230,180,230,41,150,27,161,27,41,27,28,27,41,41,27,41,39,27,27,229,27,27,27,27,27,27,27,65,41,30,41,41,41,27,27,27,27,36,41,27,41,41,27,41,27,41,27,41,41,41,41,27,27,27,27,27,29,41,27,38,41,41,41,41,41,27,41,41,41,27,41,27,41,27,27,27,27,163,27,41,27,41,41,229,27,41,27,27,41,28,41,27,41,41,27,40,32,27,41,229,229,27,41,41,186,41,41,41,27,41,27,27,48,41,27,41,41,41,27,27,27,27,230,41,41,27,41,27,41,41,27,27,41,27,41,27,38,41,27,41,27,27,27,41,30,41,27,27,41,27,27,27,41,27,27,41,41,27,41,27,41,41,41,41,41,41,27,27,41,41,27,41,27,27,41,41,31,27,41,41,41,41,41,205,41,41,41,27,27,27,41,41,41,41,27,41,29,40,41,41,27,41,27,41,41,40,41,27,27,41,40,41,27,40,39,41,36,41,41,27,41,41,41,27,41,27,41,27,27,27,27,41,27,39,27,27,41,39,27,41,41,29,41,41,27,41,41,41,27,41,41,27,27,29,41,41,41,41,27,41,27,41,41,41,27,40,27,41,41,27,27,40,41,41,27,41,41,41,27,41,41,27,214,41,27,41,27,41,41,39,41,41,41,41,27,41,35,41,41,27,27,41,27,41,41,41,27,27,41,41,27,36,41,27,41,41,41,28,27,27,27,27,27,27,27,41,27,41,27,27,27,27,27,27,27,27,33,27,27,27,41,41,27,27,41,41,27,28,27,27,27,27,41,27,27,41,41,27,27,27,41,41,27,27,35,41,41,41,30,27,41,41,41,41,27,41,34,27,41,41,30,41,41,27,41,41,41,41,30,41,41,41,27,27,41,38,27
230,27,27,229,27,230,27,27,27,230,87,41,27,41,27,41,27,41,29,27,34,27,27,27,27,27,41,41,41,27,41,41,27,27,27,27,27,27,31,28,27,41,36,41,27,27,41,41,29,27,27,38,27,41,27,41,27,27,27,41,27,41,27,27,41,41,41,27,27,41,41,41,41,41,29,41,41,27,41,41,41,229,27,230,179,41,27,27,230,27,73,29,41,41,27,41,28,27,41,27,35,41,41,27,27,36,27,27,41,41,41,41,41,27,229,27,41,27,229,27,75,27,27,41,27,27,27,27,197,27,41,27,41,41,41,41,27,41,41,27,41,41,41,27,27,27,27,27,41,27,27,41,41,27,144,27,27,41,41,27,27,27,41,229,27,41,146,229,228,229,41,40,189,27,146,27,229,41,27,229,92,227,229,27,230,230,230,27,229,41,27,27,27,41,41,41,41,41,41,69,27,35,27,41,229,27,41,27,40,229,34,41,41,41,27,27,41,41,41,41,171,27,41,42,229,229,27,229,229,27,230,27,203,27,27,230,27,41,230,77,27,73,27,230,230,27,230,27,230,230,43,27,230,27,27,230,27,30,41,230,230,230,199,27,230,41,27,198,230,41,36,30,29,27,41,27,41,41,27,41,41,27,41,27,41,228,27,41,27,41,27,27,41,27,229,41,41,41,27,27,164,230,146,230,27,229,229,27,27,230,27,179,154,230,230,229,229,230,41,36,27,27,27,41,27,27,129,27,41,27,27,27,27,27,41,27,41,41,28,27,39,27,27,36,41,27,41,41,41,41,41,27,27,41,41,41,41,29,41,27,41,27,27,27,40,27,41,41,41,27,41,35,27,185,27,27,27,27,27,41,41,230,230,230,184,230,27,68,27,41,109,27,41,41,41,41,41,41,41,39,41,35,28,41,41,41,41,41,41,40,27,27,27,27,41,41,41,41,41,41,28,27,41,27,27,27,27,41,41,41,27,27,27,27,27,41,27,27,27,41,41,41,41,27,41,41,27,34,41,190,27,27,41,29,41,41,229,27,42,30,27,179,230,27,230,27,47,38,230,27,229,229,27,27,229,229,229,27,217,34,229,205,229,230,229,41,27,229,41,58,41,41,27,41,41,27,27,27,30,41,29,27,41,27,27,41,41,27,27,27,27,41,41,41,41,27,27,27,27,27,27,27,27,27,27,27,27,27,41,27,27,27,27,27,27,27,229,27,27,37,71,27,27,230,190,230,178,230,41,230,41,35,41,27,41,27,41,27,41,27,27,219,70,230,41,230,41,41,27,41,27,230,29,39,41,230,219,230,41,143,27,27,41,41,41,27,27,41,41,41,41,41,27,41,41,27,41,27,41,27,33,27,38,230,79,230,42,63,27,161,27,41,30,27,27,41,41,36,41,39,27,27,229,27,27,27,27,27,27,27,65,41,37,41,41,41,27,27,27,27,36,41,27,41,41,27,41,27,41,27,41,41,41,41,27,27,27,27,27,27,41,27,41,41,41,41,41,41,27,41,41,41,27,41,27,41,27,27,27,27,130,27,41,27,41,41,229,27,41,27,27,41,27,41,27,41,41,27,28,30,27,41,229,229,27,41,41,228,41,41,41,27,41,27,29,214,41,27,41,41,41,27,27,27,27,230,41,41,27,41,27,41,41,27,27,41,27,41,27,41,41,27,41,27,27,27,41,27,41,27,27,41,27,27,27,41,27,41,41,41,27,41,27,41,41,41,41,41,41,27,27,41,41,29,41,27,27,41,41,31,27,41,41,41,41,41,205,41,41,41,27,27,27,41,41,41,41,27,41,39,41,41,41,27,41,27,41,41,41,41,27,27,41,41,40,27,36,30,41,36,41,41,27,41,41,41,27,41,27,41,27,27,27,27,39,27,34,27,27,41,39,27,41,41,35,41,41,41,41,41,41,29,41,41,27,27,27,41,41,41,41,27,41,27,41,39,41,27,41,27,41,41,27,27,41,41,41,27,41,41,41,27,41,47,27,229,41,27,41,27,41,41,30,41,41,41,41,27,41,35,41,41,27,27,41,27,41,41,41,27,27,41,41,27,41,41,27,41,27,41,28,27,27,27,27,27,27,27,41,27,41,27,27,27,27,27,27,27,27,33,27,27,27,41,41,27,27,41,41,27,36,27,27,27,27,40,27,27,39,41,27,29,27,41,41,27,27,29,41,40,41,27,27,41,41,41,41,27,41,34,27,41,41,27,41,41,30,41,41,41,41,38,41,41,41,27,28,41,41,29
230,27,27,229,27,230,27,27,27,230,87,41,27,41,27,41,27,41,29,27,34,27,27,27,27,27,41,41,41,27,41,41,27,27,27,27,27,27,31,28,27,41,36,41,27,27,41,41,29,27,27,38,27,41,27,41,27,27,27,41,27,41,27,27,41,41,41,27,27,41,41,41,41,41,29,41,41,27,41,41,41,229,27,230,179,41,27,27,230,27,73,29,41,41,27,41,28,27,41,27,35,41,41,27,27,36,27,27,41,41,41,41,41,27,229,27,41,27,229,27,75,27,27,41,27,27,27,27,197,27,41,27,41,41,41,41,27,41,41,27,41,41,41,27,27,27,27,27,41,27,27,41,41,27,144,27,27,41,41,27,27,27,41,229,27,41,146,229,228,229,41,40,189,27,146,27,229,41,27,229,92,227,229,27,230,230,230,27,229,41,27,27,27,41,41,41,41,41,41,69,27,35,27,41,229,27,41,27,40,229,34,41,41,41,27,27,41,41,41,41,171,27,41,42,229,229,27,229,229,27,230,27,203,27,27,230,27,41,230,77,27,73,27,230,230,27,230,27,230,230,43,27,230,27,27,230,27,30,41,230,230,230,199,27,230,41,27,198,230,41,36,30,29,27,41,27,41,41,27,41,41,27,41,27,41,228,27,41,27,41,27,27,41,27,229,41,41,41,27,27,164,230,146,230,27,229,229,27,27,230,27,179,154,230,230,229,229,230,41,36,27,27,27,41,27,27,129,27,41,27,27,27,27,27,41,27,41,41,28,27,39,27,27,36,41,27,41,41,41,41,41,27,27,41,41,41,41,29,41,27,41,27,27,27,40,27,41,41,41,27,41,35,27,185,27,27,27,27,27,41,41,230,230,230,184,230,27,68,27,41,109,27,41,41,41,41,41,41,41,39,41,35,28,41,41,41,41,41,41,40,27,27,27,27,41,41,41,41,41,41,28,27,41,27,27,27,27,41,41,41,27,27,27,27,27,41,27,27,27,41,41,41,41,27,41,41,27,34,41,190,27,27,41,29,41,41,229,27,42,30,27,179,230,27,230,27,47,38,230,27,229,229,27,27,229,229,229,27,217,34,229,205,229,230,229,41,27,229,41,58,41,41,27,41,41,27,27,27,30,41,29,27,41,27,27,41,41,27,27,27,27,41,41,41,41,27,27,27,27,27,27,27,27,27,27,27,27,27,41,27,27,27,27,27,27,27,229,27,27,37,71,27,27,230,190,230,178,230,41,230,41,35,41,27,41,27,41,27,41,27,27,219,70,230,41,230,41,41,27,41,27,230,29,39,41,230,219,230,41,143,27,27,41,41,41,27,27,41,41,41,41,41,27,41,41,27,41,27,41,27,33,27,38,230,79,230,42,63,27,161,27,41,30,27,27,41,41,36,41,39,27,27,229,27,27,27,27,27,27,27,65,41,37,41,41,41,27,27,27,27,36,41,27,41,41,27,41,27,41,27,41,41,41,41,27,27,27,27,27,27,41,27,41,41,41,41,41,41,27,41,41,41,27,41,27,41,27,27,27,27,130,27,41,27,41,41,229,27,41,27,27,41,27,41,27,41,41,27,28,30,27,41,229,229,27,41,41,228,41,41,41,27,41,27,29,214,41,27,41,41,41,27,27,27,27,230,41,41,27,41,27,41,41,27,27,41,27,41,27,41,41,27,41,27,27,27,41,27,41,27,27,41,27,27,27,41,27,41,41,41,27,41,27,41,41,41,41,41,41,27,27,41,41,29,41,27,27,41,41,31,27,41,41,41,41,41,205,41,41,41,27,27,27,41,41,41,41,27,41,39,41,41,41,27,41,27,41,41,41,41,27,27,41,41,40,27,36,30,41,36,41,41,27,41,41,41,27,41,27,41,27,27,27,27,39,27,34,27,27,41,39,27,41,41,35,41,41,41,41,41,41,29,41,41,27,27,27,41,41,41,41,27,41,27,41,39,41,27,41,27,41,41,27,27,41,41,41,27,41,41,41,27,41,47,27,229,41,27,41,27,41,41,30,41,41,41,41,27,41,35,41,41,27,27,41,27,41,41,41,27,27,41,41,27,41,41,27,41,27,41,28,27,27,27,27,27,27,27,41,27,41,27,27,27,27,27,27,27,27,33,27,27,27,41,41,27,27,41,41,27,36,27,27,27,27,40,27,27,39,41,27,29,27,41,41,27,27,29,41,40,41,27,27,41,41,41,41,27,41,34,27,41,41,27,41,41,30,41,41,41,41,38,41,41,41,27,28,41,41,29
230,27,27,230,27,230,27,27,27,230,87,41,27,41,27,41,27,41,39,27,34,27,27,27,27,27,41,41,41,27,41,32,27,27,27,27,27,27,28,28,27,41,27,41,28,27,41,41,34,27,27,41,27,40,27,41,27,27,27,41,27,41,36,27,41,41,41,27,27,41,41,41,41,41,35,41,41,27,41,44,41,229,27,228,230,41,27,27,230,27,73,27,41,41,27,41,27,27,41,27,35,41,41,27,27,28,27,27,41,41,69,41,41,29,229,27,41,28,194,41,192,27,27,41,27,27,27,27,112,27,41,27,41,41,41,41,27,41,41,27,41,85,85,27,27,27,27,27,41,27,27,41,41,27,60,27,27,41,41,27,27,27,41,229,29,27,41,229,229,229,41,41,229,27,57,27,229,41,27,229,92,208,230,27,230,230,223,27,229,41,27,27,27,41,41,41,41,41,41,69,27,29,27,41,229,27,41,27,41,229,40,41,41,41,27,29,40,41,41,41,171,27,51,27,229,229,27,229,229,27,230,27,112,27,27,230,27,41,230,77,27,177,27,230,230,27,230,27,230,230,43,27,230,27,27,230,27,38,41,230,230,230,63,27,230,41,27,70,199,41,36,29,38,27,41,27,41,41,27,41,28,27,41,27,164,192,27,41,27,41,27,27,41,27,229,41,41,41,27,27,35,230,62,230,27,27,229,27,27,230,27,229,55,230,230,229,229,230,41,40,27,27,27,41,27,27,84,27,41,27,27,27,27,27,41,27,41,41,27,27,39,27,27,41,41,27,41,41,41,41,41,27,41,41,41,41,36,27,41,27,41,27,27,27,36,27,41,41,41,27,41,40,29,228,27,27,27,27,27,41,41,230,230,230,86,230,27,41,27,41,98,27,41,41,41,41,41,41,27,35,41,28,27,41,41,40,41,41,41,36,27,27,27,27,41,41,41,41,41,41,28,27,41,27,27,27,27,41,41,41,27,27,27,27,27,41,27,27,27,41,41,41,41,27,223,41,27,40,41,190,27,27,41,27,47,41,184,27,87,38,27,227,230,27,230,27,214,27,230,41,229,229,27,27,229,229,229,27,149,34,229,205,229,230,229,41,27,229,30,27,41,41,27,41,41,27,27,27,27,41,40,27,41,27,27,36,223,27,27,27,27,41,41,41,40,27,27,27,27,27,27,27,27,27,27,27,27,27,41,27,27,27,27,27,27,27,229,27,27,37,27,27,27,230,230,230,229,230,41,230,37,40,41,27,41,27,41,27,41,27,27,154,185,230,41,230,41,41,27,41,27,230,38,29,41,230,154,199,41,44,27,27,41,41,41,27,27,41,41,41,41,41,27,41,41,27,41,27,41,27,33,27,41,230,27,230,85,27,27,161,27,41,37,27,27,41,41,41,41,39,27,30,229,27,27,27,27,27,27,27,65,41,41,41,41,41,27,27,27,27,36,41,27,41,41,27,41,27,41,27,41,41,41,40,27,27,27,27,27,27,41,27,41,41,41,41,38,41,27,41,41,41,27,41,27,41,27,27,27,27,64,27,41,27,41,41,229,229,40,27,27,41,27,41,27,41,41,27,27,30,27,70,217,229,27,41,41,229,38,41,43,27,41,27,35,229,41,27,41,41,45,27,27,27,27,230,55,41,27,41,27,41,41,27,27,41,27,41,27,41,41,29,41,27,27,27,41,27,41,27,27,41,27,27,27,41,27,41,41,41,27,41,27,41,41,41,41,41,41,27,28,41,41,35,36,27,27,41,41,31,27,41,41,41,41,41,204,41,41,41,27,30,27,41,41,41,41,27,41,36,41,41,41,27,41,27,41,40,41,41,27,27,41,41,36,27,28,27,41,36,41,41,27,41,41,41,27,41,27,41,27,27,27,27,34,27,31,27,27,41,39,27,41,41,40,41,41,41,41,41,41,35,41,41,27,27,27,41,41,41,41,27,41,27,41,30,41,27,41,27,41,41,27,27,41,41,41,27,41,41,41,27,41,161,30,229,41,27,41,27,27,41,27,41,41,41,41,27,41,35,41,41,28,27,41,36,41,41,41,29,27,41,40,27,41,41,27,41,27,41,28,27,27,30,27,27,27,27,41,27,41,27,27,27,27,27,27,27,27,33,27,27,27,41,41,27,27,41,41,27,40,27,27,27,27,35,27,27,30,40,27,38,27,41,41,27,27,27,41,36,41,27,27,41,41,41,41,27,41,34,27,41,41,27,41,41,38,41,41,41,41,41,41,41,41,27,39,41,41,39
230,27,27,230,27,230,27,27,27,230,87,41,27,41,27,41,27,41,41,29,34,27,27,27,27,27,41,41,41,27,41,27,27,27,27,27,27,27,27,28,27,41,27,41,35,27,41,41,40,27,27,41,27,35,27,41,27,27,27,40,27,41,41,27,41,41,41,27,27,41,41,41,41,41,40,41,41,27,41,45,41,229,27,177,230,41,30,27,230,27,73,27,41,41,27,41,27,32,41,27,35,41,41,27,27,27,27,27,41,107,186,41,41,35,229,30,41,35,66,41,229,27,27,41,27,27,27,27,44,27,41,27,41,41,41,41,27,41,41,27,41,179,179,27,27,30,27,27,41,27,27,41,38,27,27,27,27,41,41,27,27,30,41,229,38,27,27,218,229,229,41,41,229,27,27,27,229,41,27,27,92,205,230,27,230,223,110,27,229,41,27,27,27,41,41,41,41,41,41,69,27,27,27,41,229,27,41,27,41,229,41,41,41,40,27,35,35,41,41,41,171,27,111,27,201,229,27,229,229,27,230,27,43,27,27,230,27,41,230,77,27,230,27,230,230,32,230,27,230,230,43,27,230,27,27,230,27,41,86,230,221,230,27,27,230,41,27,27,70,41,41,34,41,27,41,30,41,41,27,41,27,27,41,27,229,62,27,41,27,41,27,27,41,27,229,41,41,41,27,41,30,230,27,230,27,27,229,27,27,226,27,229,27,230,214,229,230,230,42,163,27,27,27,41,27,27,44,27,41,27,27,27,27,27,41,27,41,41,27,27,39,35,29,41,40,27,41,41,41,41,41,27,41,41,41,41,28,27,41,27,41,27,27,27,29,27,41,41,41,29,41,41,38,230,27,27,27,27,30,41,41,230,230,230,41,230,27,41,27,41,55,30,39,41,41,41,41,41,27,35,41,27,27,41,41,35,41,41,41,29,27,27,27,27,41,41,41,41,41,41,28,27,41,27,27,27,27,41,41,41,27,27,27,27,27,41,27,27,27,41,41,41,41,27,229,41,27,41,69,181,27,27,39,27,227,41,92,27,181,41,27,229,230,27,27,27,230,27,230,41,229,229,27,27,229,229,229,27,52,34,229,204,229,230,229,41,27,229,27,27,41,41,27,41,41,27,27,27,27,41,41,27,41,27,28,28,229,27,27,27,27,41,41,41,35,27,27,27,29,27,27,27,27,27,27,27,27,27,41,27,27,27,27,27,27,27,229,27,27,37,27,27,27,230,230,230,230,230,224,230,30,41,41,27,41,27,41,27,41,27,27,55,225,230,41,230,224,41,28,56,27,230,41,27,41,230,55,70,41,28,41,27,41,41,41,27,27,41,41,41,41,41,27,41,41,27,41,30,41,27,33,29,41,230,27,230,180,27,27,160,27,41,41,27,27,41,41,41,41,39,27,38,229,27,27,27,27,27,27,27,65,41,41,41,41,41,27,27,27,27,36,41,27,41,41,27,41,27,41,27,41,41,41,28,27,27,27,27,27,27,41,27,41,41,41,41,30,41,27,41,41,41,27,41,27,41,27,27,27,27,32,27,41,27,41,41,229,229,28,27,27,41,27,41,27,41,41,27,27,30,27,184,156,216,27,41,41,229,31,41,48,27,41,31,39,229,41,27,41,41,89,27,27,27,27,230,115,41,27,41,27,32,41,27,27,41,27,41,27,41,41,35,41,27,27,27,41,27,41,27,27,41,27,27,27,41,27,41,41,41,27,41,27,41,41,41,41,41,41,27,35,41,41,40,27,27,27,41,41,31,27,41,41,41,41,39,175,39,41,41,27,37,27,41,41,41,41,27,41,41,41,41,41,27,41,27,41,36,41,41,27,27,41,41,29,27,27,27,41,36,39,41,27,41,41,41,27,41,27,41,27,27,27,27,31,27,28,27,27,32,39,27,41,41,41,41,41,41,41,41,41,39,41,39,27,27,27,41,41,41,41,41,41,27,41,27,41,27,41,27,41,41,27,27,41,41,41,27,41,41,41,27,41,226,38,229,41,27,41,27,27,41,27,41,41,41,41,27,41,35,41,41,35,27,41,41,41,41,41,35,27,41,35,40,41,41,28,41,27,41,27,27,27,37,27,27,27,27,40,27,41,27,27,27,27,27,27,27,27,33,41,27,36,41,41,27,27,41,41,27,41,27,27,27,27,29,27,27,27,37,27,41,27,41,41,27,27,27,41,30,41,27,27,41,41,41,41,41,41,34,27,41,41,27,41,41,41,41,27,41,41,41,41,41,41,27,41,41,41,41
230,27,27,230,27,230,27,27,27,230,87,41,27,41,27,41,27,41,41,29,34,27,27,27,27,27,41,41,41,27,41,27,27,27,27,27,27,27,27,28,27,41,27,41,35,27,41,41,40,27,27,41,27,35,27,41,27,27,27,40,27,41,41,27,41,41,41,27,27,41,41,41,41,41,40,41,41,27,41,45,41,229,27,177,230,41,30,27,230,27,73,27,41,41,27,41,27,32,41,27,35,41,41,27,27,27,27,27,41,107,186,41,41,35,229,30,41,35,66,41,229,27,27,41,27,27,27,27,44,27,41,27,41,41,41,41,27,41,41,27,41,179,179,27,27,30,27,27,41,27,27,41,38,27,27,27,27,41,41,27,27,30,41,229,38,27,27,218,229,229,41,41,229,27,27,27,229,41,27,27,92,205,230,27,230,223,110,27,229,41,27,27,27,41,41,41,41,41,41,69,27,27,27,41,229,27,41,27,41,229,41,41,41,40,27,35,35,41,41,41,171,27,111,27,201,229,27,229,229,27,230,27,43,27,27,230,27,41,230,77,27,230,27,230,230,32,230,27,230,230,43,27,230,27,27,230,27,41,86,230,221,230,27,27,230,41,27,27,70,41,41,34,41,27,41,30,41,41,27,41,27,27,41,27,229,62,27,41,27,41,27,27,41,27,229,41,41,41,27,41,30,230,27,230,27,27,229,27,27,226,27,229,27,230,214,229,230,230,42,163,27,27,27,41,27,27,44,27,41,27,27,27,27,27,41,27,41,41,27,27,39,35,29,41,40,27,41,41,41,41,41,27,41,41,41,41,28,27,41,27,41,27,27,27,29,27,41,41,41,29,41,41,38,230,27,27,27,27,30,41,41,230,230,230,41,230,27,41,27,41,55,30,39,41,41,41,41,41,27,35,41,27,27,41,41,35,41,41,41,29,27,27,27,27,41,41,41,41,41,41,28,27,41,27,27,27,27,41,41,41,27,27,27,27,27,41,27,27,27,41,41,41,41,27,229,41,27,41,69,181,27,27,39,27,227,41,92,27,181,41,27,229,230,27,27,27,230,27,230,41,229,229,27,27,229,229,229,27,52,34,229,204,229,230,229,41,27,229,27,27,41,41,27,41,41,27,27,27,27,41,41,27,41,27,28,28,229,27,27,27,27,41,41,41,35,27,27,27,29,27,27,27,27,27,27,27,27,27,41,27,27,27,27,27,27,27,229,27,27,37,27,27,27,230,230,230,230,230,224,230,30,41,41,27,41,27,41,27,41,27,27,55,225,230,41,230,224,41,28,56,27,230,41,27,41,230,55,70,41,28,41,27,41,41,41,27,27,41,41,41,41,41,27,41,41,27,41,30,41,27,33,29,41,230,27,230,180,27,27,160,27,41,41,27,27,41,41,41,41,39,27,38,229,27,27,27,27,27,27,27,65,41,41,41,41,41,27,27,27,27,36,41,27,41,41,27,41,27,41,27,41,41,41,28,27,27,27,27,27,27,41,27,41,41,41,41,30,41,27,41,41,41,27,41,27,41,27,27,27,27,32,27,41,27,41,41,229,229,28,27,27,41,27,41,27,41,41,27,27,30,27,184,156,216,27,41,41,229,31,41,48,27,41,31,39,229,41,27,41,41,89,27,27,27,27,230,115,41,27,41,27,32,41,27,27,41,27,41,27,41,41,35,41,27,27,27,41,27,41,27,27,41,27,27,27,41,27,41,41,41,27,41,27,41,41,41,41,41,41,27,35,41,41,40,27,27,27,41,41,31,27,41,41,41,41,39,175,39,41,41,27,37,27,41,41,41,41,27,41,41,41,41,41,27,41,27,41,36,41,41,27,27,41,41,29,27,27,27,41,36,39,41,27,41,41,41,27,41,27,41,27,27,27,27,31,27,28,27,27,32,39,27,41,41,41,41,41,41,41,41,41,39,41,39,27,27,27,41,41,41,41,41,41,27,41,27,41,27,41,27,41,41,27,27,41,41,41,27,41,41,41,27,41,226,38,229,41,27,41,27,27,41,27,41,41,41,41,27,41,35,41,41,35,27,41,41,41,41,41,35,27,41,35,40,41,41,28,41,27,41,27,27,27,37,27,27,27,27,40,27,41,27,27,27,27,27,27,27,27,33,41,27,36,41,41,27,27,41,41,27,41,27,27,27,27,29,27,27,27,37,27,41,27,41,41,27,27,27,41,30,41,27,27,41,41,41,41,41,41,34,27,41,41,27,41,41,41,41,27,41,41,41,41,41,41,27,41,41,41,41
230,46,27,230,27,230,27,160,27,230,87,41,27,41,27,41,27,41,41,39,34,27,27,27,27,27,41,41,41,27,41,27,27,27,27,27,27,27,27,28,27,41,27,41,40,27,41,41,41,27,27,41,29,29,27,41,27,27,27,35,27,41,41,27,41,41,41,27,29,41,41,41,41,41,41,41,41,27,41,45,38,229,27,77,230,41,37,27,230,27,73,27,41,41,27,41,27,40,46,27,35,41,41,27,27,27,27,27,41,109,227,68,41,40,195,37,41,40,27,41,229,27,27,41,27,27,27,27,27,28,41,27,41,41,41,41,27,41,41,27,41,227,227,27,27,37,27,27,41,27,27,41,30,27,27,27,27,41,41,27,27,38,41,195,41,27,27,39,229,229,41,41,229,27,27,27,229,41,27,27,92,205,230,27,230,113,45,27,229,41,27,27,27,41,41,41,41,41,41,69,27,27,27,41,229,27,41,27,42,229,41,41,41,36,27,40,29,41,41,41,171,27,203,27,112,229,27,229,229,27,230,27,27,27,27,230,27,49,230,77,27,230,27,230,230,27,230,27,230,230,43,27,230,29,27,27,27,41,178,230,37,230,27,27,230,41,195,27,27,41,41,40,41,27,41,38,41,41,27,41,27,27,41,27,229,27,27,41,27,41,27,27,47,27,215,41,41,41,27,41,30,230,27,230,27,27,229,27,27,157,27,229,27,230,145,229,230,229,45,163,27,27,27,41,27,27,27,27,41,27,27,27,27,27,41,27,41,41,27,27,39,41,36,41,35,27,41,41,41,41,41,27,41,41,41,41,27,27,41,27,41,27,27,27,27,27,41,41,41,39,41,41,41,230,27,27,27,27,37,41,41,230,230,230,41,229,27,41,27,41,41,37,30,41,41,41,41,41,27,35,41,27,27,38,41,29,41,41,83,27,27,27,27,27,41,41,41,41,41,41,28,27,41,27,27,27,27,41,41,41,27,27,27,27,27,32,27,27,27,41,41,41,41,27,229,41,27,41,190,130,27,27,29,27,229,41,43,29,229,41,27,229,225,27,27,27,230,58,229,27,229,229,27,27,229,229,229,27,27,34,229,177,204,227,229,41,30,229,27,27,41,41,27,39,41,27,27,27,27,41,41,27,41,27,35,27,229,41,27,27,27,41,41,41,29,27,27,27,38,29,27,27,27,27,27,27,27,27,41,27,27,27,27,27,27,27,229,27,27,37,27,27,27,230,230,220,230,230,230,230,27,41,41,27,41,27,41,27,41,29,27,27,228,230,41,230,230,55,40,209,27,230,41,27,41,230,27,27,41,28,41,27,41,41,41,27,27,41,41,41,41,41,29,41,41,27,41,38,41,27,33,39,80,230,27,230,230,27,27,120,27,41,41,27,27,41,41,41,41,39,27,41,229,27,27,27,27,27,27,27,65,28,41,41,40,41,27,27,27,27,36,41,27,41,41,29,41,27,41,27,41,41,41,27,27,27,27,27,28,27,41,27,41,41,41,41,27,41,27,41,41,41,27,41,27,41,27,27,27,27,32,27,41,75,41,41,229,229,27,27,27,41,27,41,27,41,38,28,27,30,27,228,71,156,27,41,41,229,27,41,50,30,41,37,41,229,41,27,41,41,95,27,27,27,27,230,195,41,27,49,27,27,41,27,27,41,27,41,27,41,41,40,41,27,27,27,38,27,41,27,27,41,27,27,27,41,27,41,41,41,27,40,28,41,41,41,41,41,41,27,40,41,40,41,27,27,27,41,41,31,27,41,41,41,41,30,62,30,41,41,27,41,27,41,41,41,41,41,41,41,41,41,41,27,41,27,41,28,41,40,27,27,41,41,27,27,27,27,41,36,33,41,27,39,41,41,27,41,27,41,27,27,27,27,28,27,27,27,27,27,39,27,41,41,41,41,41,41,41,41,41,41,41,30,27,36,27,41,41,41,41,41,41,27,41,27,41,27,41,27,41,41,27,27,41,41,41,27,41,41,41,27,41,229,41,228,41,27,41,27,27,41,27,41,41,41,41,41,41,35,41,41,40,27,40,41,41,41,41,40,29,41,29,41,41,41,35,41,27,41,27,27,27,41,27,27,27,27,33,27,41,27,27,27,27,27,27,27,27,33,41,27,36,41,41,27,27,41,41,36,41,27,27,27,27,27,30,27,27,34,27,41,27,41,41,27,27,27,41,27,41,27,27,41,41,41,41,41,41,34,27,41,41,27,41,41,41,41,27,41,41,41,41,41,41,27,41,41,41,41
230,149,27,230,27,230,27,230,160,230,87,41,27,41,27,41,27,41,41,41,34,27,27,27,27,27,41,41,41,27,41,27,27,27,27,27,27,27,27,28,27,41,27,41,41,27,41,41,41,27,27,41,35,27,27,41,41,27,27,29,27,41,41,27,41,41,41,27,38,41,41,41,41,41,41,41,41,27,39,45,31,229,27,27,230,41,41,27,230,27,73,27,41,40,27,41,27,41,157,27,33,41,41,27,36,27,27,27,41,109,229,229,41,41,62,41,41,41,27,41,229,27,27,41,27,27,27,27,27,33,41,27,41,41,40,41,27,41,41,27,157,229,229,27,27,41,27,27,41,27,27,41,27,27,27,29,27,39,41,27,27,41,41,67,41,27,27,27,229,229,229,229,229,30,27,27,229,41,27,27,92,204,230,27,230,230,41,27,229,39,27,27,27,41,41,41,41,41,41,65,27,27,29,52,200,27,41,27,78,229,41,41,41,28,27,41,27,41,41,41,79,27,229,27,43,96,27,229,224,27,230,27,27,27,27,230,27,216,230,77,27,230,27,230,230,32,230,27,230,183,43,27,230,39,27,27,27,41,228,230,27,230,27,27,230,41,230,27,27,41,41,41,41,27,39,41,41,41,27,41,27,27,41,27,229,27,27,41,27,41,27,27,209,32,152,41,39,41,73,41,30,230,27,230,27,27,230,27,27,34,27,229,27,230,58,230,230,229,64,163,27,27,27,41,27,27,27,27,41,27,27,27,27,27,41,27,41,41,27,27,39,41,41,41,30,27,41,41,41,41,41,27,41,41,41,41,27,27,41,27,41,27,27,27,27,27,41,41,41,41,41,41,41,220,27,27,27,27,41,41,41,230,230,230,41,229,56,39,27,40,41,41,27,41,41,41,41,41,27,35,41,27,27,31,41,27,41,41,178,27,27,27,27,27,41,41,41,41,41,41,28,27,41,27,27,27,27,41,41,41,27,27,27,27,27,27,27,27,27,41,41,41,41,27,229,41,27,41,229,49,29,27,27,27,229,41,41,38,229,41,27,229,161,27,27,27,230,27,230,40,229,229,27,27,229,229,229,27,27,34,213,57,125,216,229,41,31,229,34,27,41,41,27,29,41,27,27,27,27,41,41,27,40,27,40,27,229,41,27,27,29,41,41,41,27,27,27,27,41,39,29,27,27,27,27,28,27,27,41,27,27,27,27,27,27,27,229,27,27,37,27,27,27,230,230,160,230,230,230,230,27,41,41,28,41,27,41,27,41,38,27,27,230,230,41,230,230,209,41,229,27,230,41,27,41,160,27,27,41,28,41,27,41,41,41,27,27,27,41,41,41,41,39,41,41,27,41,41,41,27,33,41,182,229,27,230,230,27,27,43,27,41,41,27,27,41,41,41,41,39,27,41,230,27,27,27,27,27,27,27,65,27,41,41,33,41,27,27,27,27,36,41,27,41,41,38,36,27,41,27,27,41,41,27,27,27,27,27,34,27,41,40,41,41,41,41,27,41,27,41,41,41,27,41,27,41,27,27,27,27,32,27,41,176,41,41,229,229,27,27,27,41,27,41,27,41,31,33,27,30,27,229,41,72,27,41,41,218,27,41,50,37,41,41,41,229,41,27,38,41,95,27,27,27,27,230,230,41,27,81,27,27,41,27,27,41,27,41,27,41,41,41,41,27,27,27,30,27,41,27,27,41,27,29,27,41,27,41,39,41,27,28,35,41,41,41,41,41,41,27,41,41,37,41,27,27,27,41,41,31,27,41,41,41,41,27,27,27,41,41,27,41,27,41,41,41,41,41,41,41,41,41,41,27,41,29,41,27,41,36,27,27,41,41,27,29,27,27,38,36,28,41,27,34,41,41,27,41,27,41,27,27,27,27,27,27,27,27,27,27,39,27,41,41,41,27,27,41,41,41,41,41,41,27,27,41,27,41,41,41,41,41,41,27,41,27,41,27,41,27,41,41,27,27,41,41,41,27,41,41,40,27,164,229,41,188,41,27,41,41,27,38,27,41,41,41,41,41,41,35,41,41,41,28,28,41,39,41,38,41,35,41,27,41,41,41,40,41,27,41,27,27,27,41,27,27,27,27,28,27,41,27,27,27,27,27,27,27,27,33,41,27,41,40,41,28,27,41,41,41,41,27,27,27,27,27,37,27,27,29,27,41,27,41,41,27,27,27,41,27,41,27,29,41,41,41,41,41,40,34,27,41,41,27,41,41,41,41,27,41,41,64,41,41,41,27,41,41,41,41
230,149,27,230,27,230,27,230,160,230,87,41,27,41,27,41,27,41,41,41,34,27,27,27,27,27,41,41,41,27,41,27,27,27,27,27,27,27,27,28,27,41,27,41,41,27,41,41,41,27,27,41,35,27,27,41,41,27,27,29,27,41,41,27,41,41,41,27,38,41,41,41,41,41,41,41,41,27,39,45,31,229,27,27,230,41,41,27,230,27,73,27,41,40,27,41,27,41,157,27,33,41,41,27,36,27,27,27,41,109,229,229,41,41,62,41,41,41,27,41,229,27,27,41,27,27,27,27,27,33,41,27,41,41,40,41,27,41,41,27,157,229,229,27,27,41,27,27,41,27,27,41,27,27,27,29,27,39,41,27,27,41,41,67,41,27,27,27,229,229,229,229,229,30,27,27,229,41,27,27,92,204,230,27,230,230,41,27,229,39,27,27,27,41,41,41,41,41,41,65,27,27,29,52,200,27,41,27,78,229,41,41,41,28,27,41,27,41,41,41,79,27,229,27,43,96,27,229,224,27,230,27,27,27,27,230,27,216,230,77,27,230,27,230,230,32,230,27,230,183,43,27,230,39,27,27,27,41,228,230,27,230,27,27,230,41,230,27,27,41,41,41,41,27,39,41,41,41,27,41,27,27,41,27,229,27,27,41,27,41,27,27,209,32,152,41,39,41,73,41,30,230,27,230,27,27,230,27,27,34,27,229,27,230,58,230,230,229,64,163,27,27,27,41,27,27,27,27,41,27,27,27,27,27,41,27,41,41,27,27,39,41,41,41,30,27,41,41,41,41,41,27,41,41,41,41,27,27,41,27,41,27,27,27,27,27,41,41,41,41,41,41,41,220,27,27,27,27,41,41,41,230,230,230,41,229,56,39,27,40,41,41,27,41,41,41,41,41,27,35,41,27,27,31,41,27,41,41,178,27,27,27,27,27,41,41,41,41,41,41,28,27,41,27,27,27,27,41,41,41,27,27,27,27,27,27,27,27,27,41,41,41,41,27,229,41,27,41,229,49,29,27,27,27,229,41,41,38,229,41,27,229,161,27,27,27,230,27,230,40,229,229,27,27,229,229,229,27,27,34,213,57,125,216,229,41,31,229,34,27,41,41,27,29,41,27,27,27,27,41,41,27,40,27,40,27,229,41,27,27,29,41,41,41,27,27,27,27,41,39,29,27,27,27,27,28,27,27,41,27,27,27,27,27,27,27,229,27,27,37,27,27,27,230,230,160,230,230,230,230,27,41,41,28,41,27,41,27,41,38,27,27,230,230,41,230,230,209,41,229,27,230,41,27,41,160,27,27,41,28,41,27,41,41,41,27,27,27,41,41,41,41,39,41,41,27,41,41,41,27,33,41,182,229,27,230,230,27,27,43,27,41,41,27,27,41,41,41,41,39,27,41,230,27,27,27,27,27,27,27,65,27,41,41,33,41,27,27,27,27,36,41,27,41,41,38,36,27,41,27,27,41,41,27,27,27,27,27,34,27,41,40,41,41,41,41,27,41,27,41,41,41,27,41,27,41,27,27,27,27,32,27,41,176,41,41,229,229,27,27,27,41,27,41,27,41,31,33,27,30,27,229,41,72,27,41,41,218,27,41,50,37,41,41,41,229,41,27,38,41,95,27,27,27,27,230,230,41,27,81,27,27,41,27,27,41,27,41,27,41,41,41,41,27,27,27,30,27,41,27,27,41,27,29,27,41,27,41,39,41,27,28,35,41,41,41,41,41,41,27,41,41,37,41,27,27,27,41,41,31,27,41,41,41,41,27,27,27,41,41,27,41,27,41,41,41,41,41,41,41,41,41,41,27,41,29,41,27,41,36,27,27,41,41,27,29,27,27,38,36,28,41,27,34,41,41,27,41,27,41,27,27,27,27,27,27,27,27,27,27,39,27,41,41,41,27,27,41,41,41,41,41,41,27,27,41,27,41,41,41,41,41,41,27,41,27,41,27,41,27,41,41,27,27,41,41,41,27,41,41,40,27,164,229,41,188,41,27,41,41,27,38,27,41,41,41,41,41,41,35,41,41,41,28,28,41,39,41,38,41,35,41,27,41,41,41,40,41,27,41,27,27,27,41,27,27,27,27,28,27,41,27,27,27,27,27,27,27,27,33,41,27,41,40,41,28,27,41,41,41,41,27,27,27,27,27,37,27,27,29,27,41,27,41,41,27,27,27,41,27,41,27,29,41,41,41,41,41,40,34,27,41,41,27,41,41,41,41,27,41,41,64,41,41,41,27,41,41,41,41
230,219,27,230,27,230,33,230,230,230,87,41,27,41,27,41,27,41,41,41,34,27,27,27,27,27,41,41,41,27,41,27,27,30,27,27,27,27,27,28,27,41,27,41,41,27,41,41,41,27,27,41,40,27,27,38,41,27,27,27,27,38,41,27,41,41,41,27,41,41,41,41,41,41,41,41,41,27,30,45,27,199,77,27,230,41,41,27,230,27,73,27,41,29,27,41,27,41,167,28,33,41,41,27,41,27,28,27,41,109,184,229,41,41,27,41,41,41,27,41,194,27,27,41,27,27,27,27,27,39,44,27,41,41,33,41,27,40,41,27,161,180,212,36,27,41,27,27,41,27,30,41,27,27,27,39,27,30,41,27,27,41,223,27,70,27,27,27,229,229,229,229,71,38,27,27,229,41,27,27,92,179,230,27,230,227,41,27,229,29,27,27,27,41,41,41,41,41,41,45,30,27,35,221,67,27,38,27,194,229,42,40,41,27,28,41,27,41,41,41,31,27,229,27,27,27,27,229,99,27,230,27,27,29,27,230,27,230,230,77,27,230,27,230,230,41,230,33,230,75,43,30,230,41,27,27,27,41,230,230,27,230,27,27,230,41,230,27,27,41,41,41,41,28,29,41,41,41,27,41,27,27,41,27,229,27,29,41,27,41,38,27,229,215,67,41,30,41,178,41,30,230,27,230,33,27,230,27,27,27,27,229,27,230,27,230,230,229,151,163,27,27,27,41,27,27,27,27,41,27,27,27,27,27,40,27,41,41,27,27,39,41,41,41,27,27,41,41,41,41,41,27,41,41,41,41,27,27,41,27,41,27,27,27,27,27,41,40,41,41,41,41,41,155,27,27,27,27,41,79,38,229,230,230,38,229,200,29,28,28,39,41,27,41,41,41,41,41,27,35,41,27,27,27,41,27,41,39,228,27,27,27,27,27,41,41,41,39,41,41,28,27,41,27,27,27,27,41,41,41,32,27,27,27,27,27,27,27,27,41,41,41,41,27,229,41,27,41,219,27,39,27,27,27,229,41,41,41,229,41,27,181,50,28,27,27,230,27,230,41,229,229,27,27,229,229,229,27,27,34,118,27,58,207,229,96,38,203,30,27,41,41,32,27,41,27,27,27,27,39,41,27,35,30,41,27,229,41,27,27,35,41,41,41,27,27,31,27,41,41,32,27,27,27,27,32,27,27,41,27,27,27,27,27,27,27,229,27,27,37,27,27,27,230,230,65,181,160,230,230,27,41,41,35,41,27,41,27,41,41,27,27,220,230,41,227,230,229,41,230,30,202,67,27,41,27,27,27,41,28,41,27,41,41,38,27,30,27,41,41,41,41,41,41,41,27,41,41,41,27,33,41,229,229,27,230,230,27,27,41,27,41,41,27,27,41,41,41,41,39,27,41,230,27,27,27,27,27,27,27,65,27,41,41,28,41,27,27,27,27,36,41,27,41,41,41,27,27,41,27,27,41,41,27,27,27,27,27,40,27,41,41,41,41,41,41,27,41,29,41,41,41,27,41,27,41,27,41,27,27,32,27,38,229,41,41,230,229,27,27,41,41,39,41,27,41,27,38,27,30,27,229,41,41,27,41,41,178,27,41,50,41,41,41,41,225,41,29,30,41,97,27,27,27,27,97,230,83,27,122,27,27,41,27,27,41,27,41,27,41,41,41,41,40,27,29,27,27,41,27,27,41,27,38,27,41,27,41,29,41,27,27,41,41,41,41,41,41,41,27,41,41,34,41,27,27,27,41,41,31,27,41,41,41,41,27,27,27,41,41,27,41,27,41,41,41,41,41,39,41,41,41,41,28,41,40,41,27,41,28,27,27,41,30,27,39,27,27,31,36,27,41,27,31,41,41,27,41,27,41,27,27,27,27,27,27,27,27,27,27,39,29,41,41,41,27,27,41,41,41,41,41,41,27,27,41,27,41,41,41,41,41,41,29,41,27,41,27,41,41,41,41,27,27,41,41,41,30,41,41,31,27,229,229,41,74,41,27,39,41,27,29,27,41,41,41,41,41,41,36,41,41,41,39,27,41,29,41,30,41,40,41,27,41,41,41,41,41,27,38,27,27,27,41,27,27,27,27,27,27,41,27,27,27,27,27,27,27,27,33,41,27,41,28,41,35,27,41,41,41,41,29,27,27,27,27,41,29,27,27,29,41,27,41,41,27,27,27,41,27,41,27,38,40,41,41,41,41,28,34,27,41,41,27,41,41,41,41,27,41,41,152,41,33,41,28,50,41,41,58
230,230,27,27,27,230,230,230,230,230,87,41,27,41,41,41,41,41,38,41,34,27,27,27,27,27,41,41,41,27,41,27,27,38,27,27,27,27,27,27,32,41,27,41,41,27,41,41,41,27,27,37,41,27,31,30,41,36,31,27,29,30,41,31,41,41,41,27,41,41,41,40,41,41,41,38,41,41,27,45,27,119,184,27,230,37,41,103,230,27,68,27,41,27,27,41,27,41,227,41,33,41,38,32,41,27,37,27,41,109,50,229,223,41,27,41,90,41,27,41,57,27,27,41,27,27,27,27,27,41,53,27,41,41,28,37,27,31,41,27,161,71,138,41,27,41,29,27,41,27,38,41,27,27,27,71,30,27,41,27,30,41,229,27,201,28,27,27,229,27,229,63,27,41,27,27,229,41,27,27,92,46,230,27,230,112,41,230,230,27,27,27,27,41,41,41,41,41,41,38,39,27,42,229,27,27,29,27,229,153,49,33,41,27,37,41,27,41,41,41,31,27,229,27,27,27,27,210,29,27,170,27,27,82,27,190,27,230,230,77,27,230,103,230,177,219,27,230,171,27,43,38,193,41,27,27,31,92,230,230,27,169,27,27,27,224,230,27,27,41,41,41,41,37,27,41,41,41,27,37,27,27,41,27,223,27,39,41,30,41,155,27,176,229,41,41,27,41,229,224,30,230,27,230,230,27,169,27,27,27,27,230,27,230,27,230,230,229,229,163,27,27,27,90,27,27,27,27,96,27,27,27,27,27,31,27,41,41,27,27,39,41,41,41,27,27,41,41,41,41,41,27,41,41,41,41,27,30,41,27,41,27,31,31,27,41,41,27,41,45,41,41,41,43,27,27,31,27,41,124,31,227,229,230,29,229,230,27,82,27,29,41,27,41,41,41,41,41,27,35,41,29,27,27,41,27,36,29,230,27,32,32,27,36,41,41,39,28,41,27,28,27,41,27,27,27,27,27,41,41,32,27,27,27,27,27,27,27,27,41,41,41,36,27,27,41,32,41,118,27,41,29,27,27,205,223,41,41,161,41,29,59,41,36,27,27,230,27,230,59,229,227,32,32,229,229,229,31,27,34,48,27,41,205,181,218,41,64,27,27,41,41,41,27,41,28,27,27,27,29,41,27,28,39,41,27,229,41,36,27,40,41,38,41,27,27,38,31,41,41,34,27,27,27,27,41,27,27,36,27,27,27,27,27,27,27,188,27,27,39,27,27,29,230,230,41,59,27,230,230,27,41,41,40,41,27,41,27,41,41,31,27,119,222,75,31,230,230,73,196,96,52,181,27,41,27,27,27,41,28,41,27,38,41,29,30,39,27,41,41,41,41,41,41,41,27,41,41,41,30,83,41,230,229,27,230,230,31,27,41,27,41,41,28,27,41,41,41,41,39,27,109,230,27,32,27,27,27,27,27,65,27,41,41,27,41,27,27,27,27,36,41,41,41,41,41,27,36,41,27,27,41,41,27,27,27,27,32,41,27,41,41,41,41,41,41,27,37,36,38,41,41,27,41,27,41,27,41,28,28,32,90,30,229,41,41,230,229,27,27,27,41,27,41,32,41,27,41,27,30,31,229,41,41,41,41,37,133,27,41,50,104,41,41,41,32,41,39,27,41,126,27,27,27,27,27,230,208,27,139,27,27,41,27,27,38,27,41,27,41,41,41,41,41,29,36,27,27,41,27,27,41,27,41,27,41,27,41,27,41,27,27,41,41,41,41,41,41,36,27,41,41,29,41,27,30,30,41,41,38,27,41,36,41,41,27,27,27,41,41,27,41,27,41,41,41,41,41,29,41,41,41,36,38,41,41,41,27,41,27,31,31,41,29,27,41,27,27,27,36,27,41,27,28,41,41,27,41,27,41,27,27,27,27,27,27,27,27,27,27,39,36,36,41,41,29,27,41,36,38,41,41,37,27,27,41,27,36,41,41,36,41,27,41,41,27,36,32,41,41,27,37,27,32,41,41,37,39,41,41,29,27,229,215,75,27,41,30,29,41,27,27,27,41,41,41,41,41,41,40,41,41,41,41,27,41,27,41,27,41,41,41,27,41,41,41,41,38,30,30,27,27,27,41,27,27,27,27,27,27,36,27,27,27,27,27,27,27,27,33,41,27,41,27,41,41,41,41,41,41,41,41,27,30,30,27,41,40,30,27,39,39,32,41,41,36,27,27,41,27,35,27,41,35,41,41,41,27,41,34,27,41,41,27,41,41,41,41,27,41,41,220,41,38,36,31,174,41,41,168
230,230,27,27,27,230,230,230,230,230,87,41,27,41,41,41,41,41,38,41,34,27,27,27,27,27,41,41,41,27,41,27,27,38,27,27,27,27,27,27,32,41,27,41,41,27,41,41,41,27,27,37,41,27,31,30,41,36,31,27,29,30,41,31,41,41,41,27,41,41,41,40,41,41,41,38,41,41,27,45,27,119,184,27,230,37,41,103,230,27,68,27,41,27,27,41,27,41,227,41,33,41,38,32,41,27,37,27,41,109,50,229,223,41,27,41,90,41,27,41,57,27,27,41,27,27,27,27,27,41,53,27,41,41,28,37,27,31,41,27,161,71,138,41,27,41,29,27,41,27,38,41,27,27,27,71,30,27,41,27,30,41,229,27,201,28,27,27,229,27,229,63,27,41,27,27,229,41,27,27,92,46,230,27,230,112,41,230,230,27,27,27,27,41,41,41,41,41,41,38,39,27,42,229,27,27,29,27,229,153,49,33,41,27,37,41,27,41,41,41,31,27,229,27,27,27,27,210,29,27,170,27,27,82,27,190,27,230,230,77,27,230,103,230,177,219,27,230,171,27,43,38,193,41,27,27,31,92,230,230,27,169,27,27,27,224,230,27,27,41,41,41,41,37,27,41,41,41,27,37,27,27,41,27,223,27,39,41,30,41,155,27,176,229,41,41,27,41,229,224,30,230,27,230,230,27,169,27,27,27,27,230,27,230,27,230,230,229,229,163,27,27,27,90,27,27,27,27,96,27,27,27,27,27,31,27,41,41,27,27,39,41,41,41,27,27,41,41,41,41,41,27,41,41,41,41,27,30,41,27,41,27,31,31,27,41,41,27,41,45,41,41,41,43,27,27,31,27,41,124,31,227,229,230,29,229,230,27,82,27,29,41,27,41,41,41,41,41,27,35,41,29,27,27,41,27,36,29,230,27,32,32,27,36,41,41,39,28,41,27,28,27,41,27,27,27,27,27,41,41,32,27,27,27,27,27,27,27,27,41,41,41,36,27,27,41,32,41,118,27,41,29,27,27,205,223,41,41,161,41,29,59,41,36,27,27,230,27,230,59,229,227,32,32,229,229,229,31,27,34,48,27,41,205,181,218,41,64,27,27,41,41,41,27,41,28,27,27,27,29,41,27,28,39,41,27,229,41,36,27,40,41,38,41,27,27,38,31,41,41,34,27,27,27,27,41,27,27,36,27,27,27,27,27,27,27,188,27,27,39,27,27,29,230,230,41,59,27,230,230,27,41,41,40,41,27,41,27,41,41,31,27,119,222,75,31,230,230,73,196,96,52,181,27,41,27,27,27,41,28,41,27,38,41,29,30,39,27,41,41,41,41,41,41,41,27,41,41,41,30,83,41,230,229,27,230,230,31,27,41,27,41,41,28,27,41,41,41,41,39,27,109,230,27,32,27,27,27,27,27,65,27,41,41,27,41,27,27,27,27,36,41,41,41,41,41,27,36,41,27,27,41,41,27,27,27,27,32,41,27,41,41,41,41,41,41,27,37,36,38,41,41,27,41,27,41,27,41,28,28,32,90,30,229,41,41,230,229,27,27,27,41,27,41,32,41,27,41,27,30,31,229,41,41,41,41,37,133,27,41,50,104,41,41,41,32,41,39,27,41,126,27,27,27,27,27,230,208,27,139,27,27,41,27,27,38,27,41,27,41,41,41,41,41,29,36,27,27,41,27,27,41,27,41,27,41,27,41,27,41,27,27,41,41,41,41,41,41,36,27,41,41,29,41,27,30,30,41,41,38,27,41,36,41,41,27,27,27,41,41,27,41,27,41,41,41,41,41,29,41,41,41,36,38,41,41,41,27,41,27,31,31,41,29,27,41,27,27,27,36,27,41,27,28,41,41,27,41,27,41,27,27,27,27,27,27,27,27,27,27,39,36,36,41,41,29,27,41,36,38,41,41,37,27,27,41,27,36,41,41,36,41,27,41,41,27,36,32,41,41,27,37,27,32,41,41,37,39,41,41,29,27,229,215,75,27,41,30,29,41,27,27,27,41,41,41,41,41,41,40,41,41,41,41,27,41,27,41,27,41,41,41,27,41,41,41,41,38,30,30,27,27,27,41,27,27,27,27,27,27,36,27,27,27,27,27,27,27,27,33,41,27,41,27,41,41,41,41,41,41,41,41,27,30,30,27,41,40,30,27,39,39,32,41,41,36,27,27,41,27,35,27,41,35,41,41,41,27,41,34,27,41,41,27,41,41,41,41,27,41,41,220,41,38,36,31,174,41,41,168
118,230,230,27,90,230,230,230,230,230,27,41,31,41,41,41,41,31,28,39,34,27,27,27,27,27,30,40,41,27,35,27,27,41,27,27,27,27,27,27,41,41,27,33,41,28,32,30,41,36,41,29,41,33,39,27,41,41,39,33,41,27,41,38,41,41,41,27,31,41,41,27,41,41,41,29,41,41,27,45,27,56,230,27,230,27,122,230,230,27,41,27,40,28,37,41,29,41,230,44,33,41,28,41,41,33,41,27,41,109,27,229,229,113,27,35,193,115,27,37,27,27,27,41,27,27,27,27,27,41,30,27,33,41,27,27,27,27,40,27,32,27,50,41,27,41,41,27,41,41,41,41,27,30,31,162,41,27,37,36,39,41,229,27,87,36,28,27,229,27,229,110,110,41,32,27,27,41,27,27,119,27,173,27,230,67,36,230,152,27,27,27,27,41,41,41,27,41,30,38,169,34,165,229,27,27,52,27,229,27,50,27,41,32,41,41,32,40,41,41,31,27,67,27,27,27,27,31,27,27,40,27,27,228,27,76,27,230,186,27,27,230,230,230,30,84,27,230,54,27,43,117,27,41,27,27,111,221,230,227,27,36,27,230,27,224,230,27,27,41,132,41,41,41,27,41,41,41,33,37,33,34,41,34,27,27,56,40,49,41,230,43,43,230,41,31,27,35,229,98,142,230,133,124,230,229,30,137,51,72,27,230,53,87,30,230,230,229,230,164,41,27,27,203,41,27,27,27,196,27,27,27,27,27,27,27,33,27,27,27,39,41,41,28,35,27,41,34,34,41,37,27,41,41,41,33,36,40,40,41,41,41,39,41,36,41,41,27,41,53,40,41,41,38,41,27,39,27,41,29,29,76,208,216,27,41,230,27,223,27,27,41,28,41,41,41,41,34,27,35,41,38,27,27,40,36,27,27,230,38,41,41,41,41,41,41,28,27,41,27,28,27,41,27,27,27,27,27,27,41,41,27,27,27,27,27,27,27,27,41,41,41,27,36,27,41,41,41,28,41,41,94,27,37,41,229,41,31,41,36,37,31,41,41,27,27,224,27,169,224,229,93,168,191,86,217,229,130,34,34,41,27,39,179,57,229,171,40,31,27,37,41,41,27,28,41,27,27,27,27,170,37,35,41,41,36,164,41,41,27,41,41,29,41,31,27,41,40,34,33,34,27,27,27,27,36,27,27,28,27,27,27,27,27,27,27,27,27,27,39,27,27,37,230,230,51,36,27,230,230,40,41,41,41,41,41,41,27,41,41,54,38,28,34,225,27,230,230,148,37,96,28,55,27,41,27,38,38,41,28,41,27,27,40,27,41,41,27,41,33,30,41,91,40,40,27,41,79,41,39,108,41,230,180,27,229,230,161,27,41,27,41,41,41,35,41,41,41,41,39,27,227,97,27,32,27,27,27,27,27,46,27,39,36,27,30,27,27,27,27,29,41,41,41,40,31,27,41,41,27,41,41,41,27,41,41,27,40,41,37,40,41,41,41,41,41,27,28,41,28,41,40,38,41,41,27,27,41,41,41,32,211,27,229,41,41,203,229,33,27,27,41,27,38,31,41,27,35,27,31,41,229,41,61,41,39,27,124,27,41,50,116,41,41,41,31,35,41,27,41,169,27,27,27,27,27,94,194,27,69,27,27,41,27,27,27,27,41,27,37,39,41,41,34,41,41,27,27,41,27,41,41,27,41,38,41,41,41,27,41,27,27,41,41,36,41,41,41,27,27,41,41,33,41,27,41,33,41,40,41,168,41,27,41,41,43,27,43,41,41,27,41,38,41,31,41,41,41,27,41,39,40,27,41,41,41,41,34,41,34,41,41,41,41,27,41,32,27,27,35,27,40,27,27,27,41,27,40,27,40,27,27,27,27,27,27,27,27,27,27,39,41,27,41,41,40,27,41,27,29,41,41,28,27,37,41,33,27,41,41,27,41,27,41,41,27,27,30,41,41,27,27,27,27,41,40,28,41,41,41,29,27,229,27,208,27,39,39,27,41,27,27,38,30,40,39,27,41,41,41,37,41,41,41,27,41,27,41,27,41,41,30,38,41,41,41,41,28,38,27,27,27,27,39,27,27,27,27,27,27,27,27,27,27,27,27,27,27,27,27,36,27,41,27,41,41,41,41,41,41,41,41,27,32,41,37,41,41,40,32,41,30,41,41,41,41,27,32,41,37,27,37,41,28,41,27,41,27,41,34,27,41,41,33,30,41,41,41,27,41,34,230,41,27,27,32,229,41,41,226
27,230,230,160,205,162,230,230,230,230,27,41,40,41,41,41,41,27,28,28,34,27,27,27,27,27,27,27,41,27,27,27,27,41,27,27,27,27,27,27,41,36,41,27,41,41,27,27,39,41,41,31,41,40,41,27,27,41,41,41,41,27,41,41,33,41,41,38,41,41,30,27,41,41,41,32,41,27,27,45,73,38,230,27,230,96,45,230,225,27,36,32,28,49,156,41,39,41,210,193,83,41,27,41,41,41,41,38,39,109,27,229,229,218,27,37,228,229,27,53,27,27,27,96,27,27,27,27,27,39,27,27,27,29,27,27,27,27,27,27,32,32,32,41,27,41,41,30,41,41,41,41,27,38,40,64,41,27,27,41,70,41,229,27,40,60,41,27,61,27,229,229,227,41,137,27,27,223,27,27,161,27,41,42,174,37,27,230,45,132,41,41,27,38,41,38,27,41,37,38,229,167,229,229,27,34,229,27,197,27,50,40,41,41,41,41,41,27,41,41,31,27,27,27,27,27,27,27,27,27,27,27,27,108,27,27,27,161,40,27,27,230,230,83,27,189,27,230,128,27,43,230,27,41,27,27,230,227,230,112,27,27,27,230,27,230,108,38,27,41,132,41,41,41,27,41,30,41,41,37,50,49,41,49,27,27,229,27,192,41,221,229,41,230,41,27,68,27,230,41,190,182,230,27,230,230,171,230,225,216,27,93,230,27,78,230,33,229,69,164,230,27,27,27,41,27,27,27,27,27,27,27,27,27,27,27,27,27,27,27,39,41,41,41,41,40,34,27,27,39,27,35,41,41,41,27,41,33,27,41,41,41,35,41,41,27,33,35,41,35,27,35,186,41,41,27,41,27,116,41,152,31,27,61,85,27,224,73,211,43,94,39,45,38,41,41,41,27,27,41,41,41,39,27,27,41,27,27,230,41,41,41,41,41,27,41,27,27,41,27,28,27,34,27,27,27,27,27,27,27,32,27,27,27,27,27,27,27,27,41,41,30,27,41,36,41,41,41,41,49,44,121,27,127,41,229,32,186,35,35,105,80,79,100,27,27,29,27,27,228,27,27,229,229,27,27,72,229,187,34,27,27,45,27,27,120,120,31,143,27,28,27,32,27,39,41,41,27,27,38,224,41,41,41,41,41,229,41,41,41,41,41,27,41,41,41,41,41,41,39,34,27,27,27,27,31,27,27,27,27,27,27,27,27,27,27,27,27,27,37,35,35,141,35,69,216,194,41,230,180,55,41,41,41,41,41,41,27,41,41,147,191,186,27,219,27,230,115,40,35,39,41,41,29,41,41,41,41,41,29,41,41,33,28,29,41,41,27,41,27,27,32,213,31,31,27,41,227,39,69,108,41,228,70,30,229,105,229,27,41,27,41,41,41,41,38,40,41,41,27,27,46,27,27,29,27,27,27,27,27,27,27,27,27,27,27,27,27,27,27,27,33,27,41,27,41,41,41,41,27,32,41,28,27,27,41,32,41,40,41,27,41,41,30,30,41,27,27,41,27,30,27,41,41,41,27,27,41,41,41,32,230,42,230,30,30,27,230,41,146,27,41,27,28,27,27,27,27,27,38,41,229,41,164,41,27,27,229,27,36,50,40,30,41,41,40,27,41,28,41,123,27,27,27,27,27,27,27,27,27,27,27,27,27,27,27,27,27,27,30,27,40,41,41,41,41,27,27,41,27,41,27,41,41,41,27,41,41,27,41,41,27,41,38,27,27,41,41,39,39,41,41,41,41,41,41,31,41,27,37,213,32,188,41,36,229,27,229,41,41,27,39,41,33,33,27,27,41,27,36,38,28,27,41,41,41,41,41,41,41,41,41,36,41,41,41,41,38,27,27,27,27,27,27,27,27,27,27,27,27,27,27,27,27,27,27,27,27,27,27,33,41,27,41,35,41,33,41,27,27,41,41,39,27,41,41,40,27,41,41,27,41,27,41,41,27,27,38,41,41,27,27,41,27,41,27,39,41,38,41,32,77,229,27,201,27,27,107,27,229,27,30,41,27,27,27,27,41,38,34,28,41,40,41,27,41,27,39,27,41,41,27,41,41,41,39,41,27,37,27,27,27,27,27,27,27,27,27,27,27,27,27,27,27,27,27,27,27,27,27,27,41,41,27,41,41,41,27,41,41,41,41,41,33,41,41,41,41,33,41,41,41,41,41,41,41,33,41,41,41,27,41,41,29,41,27,41,33,41,34,41,27,27,41,36,41,41,41,27,27,30,189,41,33,38,27,130,41,41,200
27,230,230,160,205,162,230,230,230,230,27,41,40,41,41,41,41,27,28,28,34,27,27,27,27,27,27,27,41,27,27,27,27,41,27,27,27,27,27,27,41,36,41,27,41,41,27,27,39,41,41,31,41,40,41,27,27,41,41,41,41,27,41,41,33,41,41,38,41,41,30,27,41,41,41,32,41,27,27,45,73,38,230,27,230,96,45,230,225,27,36,32,28,49,156,41,39,41,210,193,83,41,27,41,41,41,41,38,39,109,27,229,229,218,27,37,228,229,27,53,27,27,27,96,27,27,27,27,27,39,27,27,27,29,27,27,27,27,27,27,32,32,32,41,27,41,41,30,41,41,41,41,27,38,40,64,41,27,27,41,70,41,229,27,40,60,41,27,61,27,229,229,227,41,137,27,27,223,27,27,161,27,41,42,174,37,27,230,45,132,41,41,27,38,41,38,27,41,37,38,229,167,229,229,27,34,229,27,197,27,50,40,41,41,41,41,41,27,41,41,31,27,27,27,27,27,27,27,27,27,27,27,27,108,27,27,27,161,40,27,27,230,230,83,27,189,27,230,128,27,43,230,27,41,27,27,230,227,230,112,27,27,27,230,27,230,108,38,27,41,132,41,41,41,27,41,30,41,41,37,50,49,41,49,27,27,229,27,192,41,221,229,41,230,41,27,68,27,230,41,190,182,230,27,230,230,171,230,225,216,27,93,230,27,78,230,33,229,69,164,230,27,27,27,41,27,27,27,27,27,27,27,27,27,27,27,27,27,27,27,39,41,41,41,41,40,34,27,27,39,27,35,41,41,41,27,41,33,27,41,41,41,35,41,41,27,33,35,41,35,27,35,186,41,41,27,41,27,116,41,152,31,27,61,85,27,224,73,211,43,94,39,45,38,41,41,41,27,27,41,41,41,39,27,27,41,27,27,230,41,41,41,41,41,27,41,27,27,41,27,28,27,34,27,27,27,27,27,27,27,32,27,27,27,27,27,27,27,27,41,41,30,27,41,36,41,41,41,41,49,44,121,27,127,41,229,32,186,35,35,105,80,79,100,27,27,29,27,27,228,27,27,229,229,27,27,72,229,187,34,27,27,45,27,27,120,120,31,143,27,28,27,32,27,39,41,41,27,27,38,224,41,41,41,41,41,229,41,41,41,41,41,27,41,41,41,41,41,41,39,34,27,27,27,27,31,27,27,27,27,27,27,27,27,27,27,27,27,27,37,35,35,141,35,69,216,194,41,230,180,55,41,41,41,41,41,41,27,41,41,147,191,186,27,219,27,230,115,40,35,39,41,41,29,41,41,41,41,41,29,41,41,33,28,29,41,41,27,41,27,27,32,213,31,31,27,41,227,39,69,108,41,228,70,30,229,105,229,27,41,27,41,41,41,41,38,40,41,41,27,27,46,27,27,29,27,27,27,27,27,27,27,27,27,27,27,27,27,27,27,27,33,27,41,27,41,41,41,41,27,32,41,28,27,27,41,32,41,40,41,27,41,41,30,30,41,27,27,41,27,30,27,41,41,41,27,27,41,41,41,32,230,42,230,30,30,27,230,41,146,27,41,27,28,27,27,27,27,27,38,41,229,41,164,41,27,27,229,27,36,50,40,30,41,41,40,27,41,28,41,123,27,27,27,27,27,27,27,27,27,27,27,27,27,27,27,27,27,27,30,27,40,41,41,41,41,27,27,41,27,41,27,41,41,41,27,41,41,27,41,41,27,41,38,27,27,41,41,39,39,41,41,41,41,41,41,31,41,27,37,213,32,188,41,36,229,27,229,41,41,27,39,41,33,33,27,27,41,27,36,38,28,27,41,41,41,41,41,41,41,41,41,36,41,41,41,41,38,27,27,27,27,27,27,27,27,27,27,27,27,27,27,27,27,27,27,27,27,27,27,33,41,27,41,35,41,33,41,27,27,41,41,39,27,41,41,40,27,41,41,27,41,27,41,41,27,27,38,41,41,27,27,41,27,41,27,39,41,38,41,32,77,229,27,201,27,27,107,27,229,27,30,41,27,27,27,27,41,38,34,28,41,40,41,27,41,27,39,27,41,41,27,41,41,41,39,41,27,37,27,27,27,27,27,27,27,27,27,27,27,27,27,27,27,27,27,27,27,27,27,27,41,41,27,41,41,41,27,41,41,41,41,41,33,41,41,41,41,33,41,41,41,41,41,41,41,33,41,41,41,27,41,41,29,41,27,41,33,41,34,41,27,27,41,36,41,41,41,27,27,30,189,41,33,38,27,130,41,41,200
