Decoding all 5040 permutations of 7 layers
Bit values: layer0=1, layer1=0, all others=1

   #  Binary                                    ASCII     
------------------------------------------------------------
   0  0101010101010011010100100101111101010110  USR_V     
   1  0101010101010011010100100101111101010110  USR_V     
   2  0101010101010011010100100101111101010110  USR_V     
   3  0101010101010011010100100101111101010110  USR_V     
   4  0101010101010011010100100101111101010110  USR_V     
   5  0101010101010011010100100101111101010110  USR_V     
   6  0101010101010011010100100101111101010110  USR_V     
   7  0101010101010011010100100101111101010110  USR_V     
   8  0101010101010011010100100101111101010110  USR_V     
   9  0101010101010011010100100101111101010110  USR_V     
  10  0101010101010011010100100101111101010110  USR_V     
  11  0101010101010011010100100101111101010110  USR_V     
  12  0101010101010011010100100101111101010110  USR_V     
  13  0101010101010011010100100101111101010110  USR_V     
  14  0101010101010011010100100101111101010110  USR_V     
  15  0101010101010011010100100101111101010110  USR_V     
  16  0101010101010011010100100101111101010110  USR_V     
  17  0101010101010011010100100101111101010110  USR_V     
  18  0101010101010011010100100101111101010110  USR_V     
  19  0101010101010011010100100101111101010110  USR_V     
  20  0101010101010011010100100101111101010110  USR_V     
  21  0101010101010011010100100101111101010110  USR_V     
  22  0101010101010011010100100101111101010110  USR_V     
  23  0101010101010011010100100101111101010110  USR_V     
  24  0101010101010011010100100101111101010110  USR_V     
  25  0101010101010011010100100101111101010110  USR_V     
  26  0101010101010011010100100101111101010110  USR_V     
  27  0101010101010011010100100101111101010110  USR_V     
  28  0101010101010011010100100101111101010110  USR_V     
  29  0101010101010011010100100101111101010110  USR_V     
  30  0101010101010011010100100101111101010110  USR_V     
  31  0101010101010011010100100101111101010110  USR_V     
  32  0101010101010011010100100101111101010110  USR_V     
  33  0101010101010011010100100101111101010110  USR_V     
  34  0101010101010011010100100101111101010110  USR_V     
  35  0101010101010011010100100101111101010110  USR_V     
  36  0101010101010011010100100101111101010110  USR_V     
  37  0101010101010011010100100101111101010110  USR_V     
  38  0101010101010011010100100101111101010110  USR_V     
  39  0101010101010011010100100101111101010110  USR_V     
  40  0101010101010011010100100101111101010110  USR_V     
  41  0101010101010011010100100101111101010110  USR_V     
  42  0101010101010011010100100101111101010110  USR_V     
  43  0101010101010011010100100101111101010110  USR_V     
  44  0101010101010011010100100101111101010110  USR_V     
  45  0101010101010011010100100101111101010110  USR_V     
  46  0101010101010011010100100101111101010110  USR_V     
  47  0101010101010011010100100101111101010110  USR_V     
  48  0101010101010011010100100101111101010110  USR_V     
  49  0101010101010011010100100101111101010110  USR_V     
  50  0101010101010011010100100101111101010110  USR_V     
  51  0101010101010011010100100101111101010110  USR_V     
  52  0101010101010011010100100101111101010110  USR_V     
  53  0101010101010011010100100101111101010110  USR_V     
  54  0101010101010011010100100101111101010110  USR_V     
  55  0101010101010011010100100101111101010110  USR_V     
  56  0101010101010011010100100101111101010110  USR_V     
  57  0101010101010011010100100101111101010110  USR_V     
  58  0101010101010011010100100101111101010110  USR_V     
  59  0101010101010011010100100101111101010110  USR_V     
  60  0101010101010011010100100101111101010110  USR_V     
  61  0101010101010011010100100101111101010110  USR_V     
  62  0101010101010011010100100101111101010110  USR_V     
  63  0101010101010011010100100101111101010110  USR_V     
  64  0101010101010011010100100101111101010110  USR_V     
  65  0101010101010011010100100101111101010110  USR_V     
  66  0101010101010011010100100101111101010110  USR_V     
  67  0101010101010011010100100101111101010110  USR_V     
  68  0101010101010011010100100101111101010110  USR_V     
  69  0101010101010011010100100101111101010110  USR_V     
  70  0101010101010011010100100101111101010110  USR_V     
  71  0101010101010011010100100101111101010110  USR_V     
  72  0101010101010011010100100101111101010110  USR_V     
  73  0101010101010011010100100101111101010110  USR_V     
  74  0101010101010011010100100101111101010110  USR_V     
  75  0101010101010011010100100101111101010110  USR_V     
  76  0101010101010011010100100101111101010110  USR_V     
  77  0101010101010011010100100101111101010110  USR_V     
  78  0101010101010011010100100101111101010110  USR_V     
  79  0101010101010011010100100101111101010110  USR_V     
  80  0101010101010011010100100101111101010110  USR_V     
  81  0101010101010011010100100101111101010110  USR_V     
  82  0101010101010011010100100101111101010110  USR_V     
  83  0101010101010011010100100101111101010110  USR_V     
  84  0101010101010011010100100101111101010110  USR_V     
  85  0101010101010011010100100101111101010110  USR_V     
  86  0101010101010011010100100101111101010110  USR_V     
  87  0101010101010011010100100101111101010110  USR_V     
  88  0101010101010011010100100101111101010110  USR_V     
  89  0101010101010011010100100101111101010110  USR_V     
  90  0101010101010011010100100101111101010110  USR_V     
  91  0101010101010011010100100101111101010110  USR_V     
  92  0101010101010011010100100101111101010110  USR_V     
  93  0101010101010011010100100101111101010110  USR_V     
  94  0101010101010011010100100101111101010110  USR_V     
  95  0101010101010011010100100101111101010110  USR_V     
  96  0101010101010011010100100101111101010110  USR_V     
  97  0101010101010011010100100101111101010110  USR_V     
  98  0101010101010011010100100101111101010110  USR_V     
  99  0101010101010011010100100101111101010110  USR_V     
 100  0101010101010011010100100101111101010110  USR_V     
 101  0101010101010011010100100101111101010110  USR_V     
 102  0101010101010011010100100101111101010110  USR_V     
 103  0101010101010011010100100101111101010110  USR_V     
 104  0101010101010011010100100101111101010110  USR_V     
 105  0101010101010011010100100101111101010110  USR_V     
 106  0101010101010011010100100101111101010110  USR_V     
 107  0101010101010011010100100101111101010110  USR_V     
 108  0101010101010011010100100101111101010110  USR_V     
 109  0101010101010011010100100101111101010110  USR_V     
 110  0101010101010011010100100101111101010110  USR_V     
 111  0101010101010011010100100101111101010110  USR_V     
 112  0101010101010011010100100101111101010110  USR_V     
 113  0101010101010011010100100101111101010110  USR_V     
 114  0101010101010011010100100101111101010110  USR_V     
 115  0101010101010011010100100101111101010110  USR_V     
 116  0101010101010011010100100101111101010110  USR_V     
 117  0101010101010011010100100101111101010110  USR_V     
 118  0101010101010011010100100101111101010110  USR_V     
 119  0101010101010011010100100101111101010110  USR_V     
 120  0101010111011111010101100101111101010110  U[223]V_V 
 121  0101010111011111010101100101111101010110  U[223]V_V 
 122  0101010111011111010101100101111101010110  U[223]V_V 
 123  0101010111011111010101100101111101010110  U[223]V_V 
 124  0101010111011111010101100101111101010110  U[223]V_V 
 125  0101010111011111010101100101111101010110  U[223]V_V 
 126  0101010111011111010101100101111101010110  U[223]V_V 
 127  0101010111011111010101100101111101010110  U[223]V_V 
 128  0101010111011111010101100101111101010110  U[223]V_V 
 129  0101010111011111010101100101111101010110  U[223]V_V 
 130  0101010111011111010101100101111101010110  U[223]V_V 
 131  0101010111011111010101100101111101010110  U[223]V_V 
 132  0101010111011111010101100101111101010110  U[223]V_V 
 133  0101010111011111010101100101111101010110  U[223]V_V 
 134  0101010111011111010101100101111101010110  U[223]V_V 
 135  0101010111011111010101100101111101010110  U[223]V_V 
 136  0101010111011111010101100101111101010110  U[223]V_V 
 137  0101010111011111010101100101111101010110  U[223]V_V 
 138  0101010111011111010101100101111101010110  U[223]V_V 
 139  0101010111011111010101100101111101010110  U[223]V_V 
 140  0101010111011111010101100101111101010110  U[223]V_V 
 141  0101010111011111010101100101111101010110  U[223]V_V 
 142  0101010111011111010101100101111101010110  U[223]V_V 
 143  0101010111011111010101100101111101010110  U[223]V_V 
 144  0101010111011111010101100101111101010110  U[223]V_V 
 145  0101010111011111010101100101111101010110  U[223]V_V 
 146  0101010111011111010101100101111101010110  U[223]V_V 
 147  0101010111011111010101100101111101010110  U[223]V_V 
 148  0101010111011111010101100101111101010110  U[223]V_V 
 149  0101010111011111010101100101111101010110  U[223]V_V 
 150  1111111111111111111111111111111111111111  [255][255][255][255][255]
 151  1111111111111111111111111111111111111111  [255][255][255][255][255]
 152  1111111111111111111111111111111111111111  [255][255][255][255][255]
 153  1111111111111111111111111111111111111111  [255][255][255][255][255]
 154  1111111111111111111111111111111111111111  [255][255][255][255][255]
 155  1111111111111111111111111111111111111111  [255][255][255][255][255]
 156  1111111111111111111111111111111111111111  [255][255][255][255][255]
 157  1111111111111111111111111111111111111111  [255][255][255][255][255]
 158  1111111111111111111111111111111111111111  [255][255][255][255][255]
 159  1111111111111111111111111111111111111111  [255][255][255][255][255]
 160  1111111111111111111111111111111111111111  [255][255][255][255][255]
 161  1111111111111111111111111111111111111111  [255][255][255][255][255]
 162  0101011111011111010101100101111101010111  W[223]V_W 
 163  0101011111011111010101100101111101010111  W[223]V_W 
 164  1111111111111111111111111111111111111111  [255][255][255][255][255]
 165  1111111111111111111111111111111111111111  [255][255][255][255][255]
 166  1111111111111111111111111111111111111111  [255][255][255][255][255]
 167  1111111111111111111111111111111111111111  [255][255][255][255][255]
 168  1111111111111111111111111111111111111111  [255][255][255][255][255]
 169  1111111111111111111111111111111111111111  [255][255][255][255][255]
 170  1111111111111111111111111111111111111111  [255][255][255][255][255]
 171  1111111111111111111111111111111111111111  [255][255][255][255][255]
 172  1111111111111111111111111111111111111111  [255][255][255][255][255]
 173  1111111111111111111111111111111111111111  [255][255][255][255][255]
 174  1111111111111111111111111111111111111111  [255][255][255][255][255]
 175  1111111111111111111111111111111111111111  [255][255][255][255][255]
 176  1111111111111111111111111111111111111111  [255][255][255][255][255]
 177  1111111111111111111111111111111111111111  [255][255][255][255][255]
 178  1111111111111111111111111111111111111111  [255][255][255][255][255]
 179  1111111111111111111111111111111111111111  [255][255][255][255][255]
 180  1111111111111111111111111111111111111111  [255][255][255][255][255]
 181  1111111111111111111111111111111111111111  [255][255][255][255][255]
 182  1111111111111111111111111111111111111111  [255][255][255][255][255]
 183  1111111111111111111111111111111111111111  [255][255][255][255][255]
 184  1111111111111111111111111111111111111111  [255][255][255][255][255]
 185  1111111111111111111111111111111111111111  [255][255][255][255][255]
 186  1111111111111111111111111111111111111111  [255][255][255][255][255]
 187  1111111111111111111111111111111111111111  [255][255][255][255][255]
 188  1111111111111111111111111111111111111111  [255][255][255][255][255]
 189  1111111111111111111111111111111111111111  [255][255][255][255][255]
 190  1111111111111111111111111111111111111111  [255][255][255][255][255]
 191  1111111111111111111111111111111111111111  [255][255][255][255][255]
 192  1111111111111111111111111111111111111111  [255][255][255][255][255]
 193  1111111111111111111111111111111111111111  [255][255][255][255][255]
 194  1111111111111111111111111111111111111111  [255][255][255][255][255]
 195  1111111111111111111111111111111111111111  [255][255][255][255][255]
 196  1111111111111111111111111111111111111111  [255][255][255][255][255]
 197  1111111111111111111111111111111111111111  [255][255][255][255][255]
 198  1111111111111111111111111111111111111111  [255][255][255][255][255]
 199  1111111111111111111111111111111111111111  [255][255][255][255][255]
 200  1111111111111111111111111111111111111111  [255][255][255][255][255]
 201  1111111111111111111111111111111111111111  [255][255][255][255][255]
 202  1111111111111111111111111111111111111111  [255][255][255][255][255]
 203  1111111111111111111111111111111111111111  [255][255][255][255][255]
 204  1111111111111111111111111111111111111111  [255][255][255][255][255]
 205  1111111111111111111111111111111111111111  [255][255][255][255][255]
 206  1111111111111111111111111111111111111111  [255][255][255][255][255]
 207  1111111111111111111111111111111111111111  [255][255][255][255][255]
 208  1111111111111111111111111111111111111111  [255][255][255][255][255]
 209  1111111111111111111111111111111111111111  [255][255][255][255][255]
 210  1111111111111111111111111111111111111111  [255][255][255][255][255]
 211  1111111111111111111111111111111111111111  [255][255][255][255][255]
 212  1111111111111111111111111111111111111111  [255][255][255][255][255]
 213  1111111111111111111111111111111111111111  [255][255][255][255][255]
 214  1111111111111111111111111111111111111111  [255][255][255][255][255]
 215  1111111111111111111111111111111111111111  [255][255][255][255][255]
 216  0101011111011111010101100101111101010111  W[223]V_W 
 217  0101011111011111010101100101111101010111  W[223]V_W 
 218  0101011111011111010101100101111101010111  W[223]V_W 
 219  0101011111011111010101100101111101010111  W[223]V_W 
 220  0101011111011111010101100101111101010111  W[223]V_W 
 221  0101011111011111010101100101111101010111  W[223]V_W 
 222  0101011111011111010101100101111101010111  W[223]V_W 
 223  0101011111011111010101100101111101010111  W[223]V_W 
 224  1111111111111111111111111111111111111111  [255][255][255][255][255]
 225  1111111111111111111111111111111111111111  [255][255][255][255][255]
 226  1111111111111111111111111111111111111111  [255][255][255][255][255]
 227  1111111111111111111111111111111111111111  [255][255][255][255][255]
 228  1111111111111111111111111111111111111111  [255][255][255][255][255]
 229  1111111111111111111111111111111111111111  [255][255][255][255][255]
 230  1111111111111111111111111111111111111111  [255][255][255][255][255]
 231  1111111111111111111111111111111111111111  [255][255][255][255][255]
 232  1111111111111111111111111111111111111111  [255][255][255][255][255]
 233  1111111111111111111111111111111111111111  [255][255][255][255][255]
 234  1111111111111111111111111111111111111111  [255][255][255][255][255]
 235  1111111111111111111111111111111111111111  [255][255][255][255][255]
 236  1111111111111111111111111111111111111111  [255][255][255][255][255]
 237  1111111111111111111111111111111111111111  [255][255][255][255][255]
 238  1111111111111111111111111111111111111111  [255][255][255][255][255]
 239  1111111111111111111111111111111111111111  [255][255][255][255][255]
 240  0101010101010011010100100101111101010110  USR_V     
 241  0101010101010011010100100101111101010110  USR_V     
 242  0101010101010011010100100101111101010110  USR_V     
 243  0101010101010011010100100101111101010110  USR_V     
 244  0101010101010011010100100101111101010110  USR_V     
 245  0101010101010011010100100101111101010110  USR_V     
 246  0101010101010011010100100101111101010110  USR_V     
 247  0101010101010011010100100101111101010110  USR_V     
 248  0101010101010011010100100101111101010110  USR_V     
 249  0101010101010011010100100101111101010110  USR_V     
 250  0101010101010011010100100101111101010110  USR_V     
 251  0101010101010011010100100101111101010110  USR_V     
 252  0101010101010011010100100101111101010110  USR_V     
 253  0101010101010011010100100101111101010110  USR_V     
 254  0101010101010011010100100101111101010110  USR_V     
 255  0101010101010011010100100101111101010110  USR_V     
 256  0101010101010011010100100101111101010110  USR_V     
 257  0101010101010011010100100101111101010110  USR_V     
 258  0101010101010011010100100101111101010110  USR_V     
 259  0101010101010011010100100101111101010110  USR_V     
 260  0101010101010011010100100101111101010110  USR_V     
 261  0101010101010011010100100101111101010110  USR_V     
 262  0101010101010011010100100101111101010110  USR_V     
 263  0101010101010011010100100101111101010110  USR_V     
 264  0101010111011111010101100101111101010110  U[223]V_V 
 265  0101010111011111010101100101111101010110  U[223]V_V 
 266  0101010111011111010101100101111101010110  U[223]V_V 
 267  0101010111011111010101100101111101010110  U[223]V_V 
 268  0101010111011111010101100101111101010110  U[223]V_V 
 269  0101010111011111010101100101111101010110  U[223]V_V 
 270  1111111111111111111111111111111111111111  [255][255][255][255][255]
 271  1111111111111111111111111111111111111111  [255][255][255][255][255]
 272  1111111111111111111111111111111111111111  [255][255][255][255][255]
 273  1111111111111111111111111111111111111111  [255][255][255][255][255]
 274  1111111111111111111111111111111111111111  [255][255][255][255][255]
 275  1111111111111111111111111111111111111111  [255][255][255][255][255]
 276  1111111111111111111111111111111111111111  [255][255][255][255][255]
 277  1111111111111111111111111111111111111111  [255][255][255][255][255]
 278  1111111111111111111111111111111111111111  [255][255][255][255][255]
 279  1111111111111111111111111111111111111111  [255][255][255][255][255]
 280  1111111111111111111111111111111111111111  [255][255][255][255][255]
 281  1111111111111111111111111111111111111111  [255][255][255][255][255]
 282  0101011111011111010101100101111101010111  W[223]V_W 
 283  0101011111011111010101100101111101010111  W[223]V_W 
 284  1111111111111111111111111111111111111111  [255][255][255][255][255]
 285  1111111111111111111111111111111111111111  [255][255][255][255][255]
 286  1111111111111111111111111111111111111111  [255][255][255][255][255]
 287  1111111111111111111111111111111111111111  [255][255][255][255][255]
 288  1111111111111111111111111111111111111111  [255][255][255][255][255]
 289  1111111111111111111111111111111111111111  [255][255][255][255][255]
 290  1111111111111111111111111111111111111111  [255][255][255][255][255]
 291  1111111111111111111111111111111111111111  [255][255][255][255][255]
 292  1111111111111111111111111111111111111111  [255][255][255][255][255]
 293  1111111111111111111111111111111111111111  [255][255][255][255][255]
 294  1111111111111111111111111111111111111111  [255][255][255][255][255]
 295  1111111111111111111111111111111111111111  [255][255][255][255][255]
 296  1111111111111111111111111111111111111111  [255][255][255][255][255]
 297  1111111111111111111111111111111111111111  [255][255][255][255][255]
 298  1111111111111111111111111111111111111111  [255][255][255][255][255]
 299  1111111111111111111111111111111111111111  [255][255][255][255][255]
 300  1111111111111111111111111111111111111111  [255][255][255][255][255]
 301  1111111111111111111111111111111111111111  [255][255][255][255][255]
 302  1111111111111111111111111111111111111111  [255][255][255][255][255]
 303  1111111111111111111111111111111111111111  [255][255][255][255][255]
 304  1111111111111111111111111111111111111111  [255][255][255][255][255]
 305  1111111111111111111111111111111111111111  [255][255][255][255][255]
 306  1111111111111111111111111111111111111111  [255][255][255][255][255]
 307  1111111111111111111111111111111111111111  [255][255][255][255][255]
 308  1111111111111111111111111111111111111111  [255][255][255][255][255]
 309  1111111111111111111111111111111111111111  [255][255][255][255][255]
 310  1111111111111111111111111111111111111111  [255][255][255][255][255]
 311  1111111111111111111111111111111111111111  [255][255][255][255][255]
 312  1111111111111111111111111111111111111111  [255][255][255][255][255]
 313  1111111111111111111111111111111111111111  [255][255][255][255][255]
 314  1111111111111111111111111111111111111111  [255][255][255][255][255]
 315  1111111111111111111111111111111111111111  [255][255][255][255][255]
 316  1111111111111111111111111111111111111111  [255][255][255][255][255]
 317  1111111111111111111111111111111111111111  [255][255][255][255][255]
 318  1111111111111111111111111111111111111111  [255][255][255][255][255]
 319  1111111111111111111111111111111111111111  [255][255][255][255][255]
 320  1111111111111111111111111111111111111111  [255][255][255][255][255]
 321  1111111111111111111111111111111111111111  [255][255][255][255][255]
 322  1111111111111111111111111111111111111111  [255][255][255][255][255]
 323  1111111111111111111111111111111111111111  [255][255][255][255][255]
 324  1111111111111111111111111111111111111111  [255][255][255][255][255]
 325  1111111111111111111111111111111111111111  [255][255][255][255][255]
 326  1111111111111111111111111111111111111111  [255][255][255][255][255]
 327  1111111111111111111111111111111111111111  [255][255][255][255][255]
 328  1111111111111111111111111111111111111111  [255][255][255][255][255]
 329  1111111111111111111111111111111111111111  [255][255][255][255][255]
 330  1111111111111111111111111111111111111111  [255][255][255][255][255]
 331  1111111111111111111111111111111111111111  [255][255][255][255][255]
 332  1111111111111111111111111111111111111111  [255][255][255][255][255]
 333  1111111111111111111111111111111111111111  [255][255][255][255][255]
 334  1111111111111111111111111111111111111111  [255][255][255][255][255]
 335  1111111111111111111111111111111111111111  [255][255][255][255][255]
 336  0101011101010011010100100101111101010111  WSR_W     
 337  0101011101010011010100100101111101010111  WSR_W     
 338  0101011101010011010100100101111101010111  WSR_W     
 339  0101011101010011010100100101111101010111  WSR_W     
 340  0101011101010011010100100101111101010111  WSR_W     
 341  0101011101010011010100100101111101010111  WSR_W     
 342  0101011111011111010101100101111101010111  W[223]V_W 
 343  0101011111011111010101100101111101010111  W[223]V_W 
 344  1111111111111111111111111111111111111111  [255][255][255][255][255]
 345  1111111111111111111111111111111111111111  [255][255][255][255][255]
 346  1111111111111111111111111111111111111111  [255][255][255][255][255]
 347  1111111111111111111111111111111111111111  [255][255][255][255][255]
 348  1111111111111111111111111111111111111111  [255][255][255][255][255]
 349  1111111111111111111111111111111111111111  [255][255][255][255][255]
 350  1111111111111111111111111111111111111111  [255][255][255][255][255]
 351  1111111111111111111111111111111111111111  [255][255][255][255][255]
 352  1111111111111111111111111111111111111111  [255][255][255][255][255]
 353  1111111111111111111111111111111111111111  [255][255][255][255][255]
 354  1111111111111111111111111111111111111111  [255][255][255][255][255]
 355  1111111111111111111111111111111111111111  [255][255][255][255][255]
 356  1111111111111111111111111111111111111111  [255][255][255][255][255]
 357  1111111111111111111111111111111111111111  [255][255][255][255][255]
 358  1111111111111111111111111111111111111111  [255][255][255][255][255]
 359  1111111111111111111111111111111111111111  [255][255][255][255][255]
 360  1111111111111111111111111111111111111111  [255][255][255][255][255]
 361  1111111111111111111111111111111111111111  [255][255][255][255][255]
 362  1111111111111111111111111111111111111111  [255][255][255][255][255]
 363  1111111111111111111111111111111111111111  [255][255][255][255][255]
 364  1111111111111111111111111111111111111111  [255][255][255][255][255]
 365  1111111111111111111111111111111111111111  [255][255][255][255][255]
 366  1111111111111111111111111111111111111111  [255][255][255][255][255]
 367  1111111111111111111111111111111111111111  [255][255][255][255][255]
 368  1111111111111111111111111111111111111111  [255][255][255][255][255]
 369  1111111111111111111111111111111111111111  [255][255][255][255][255]
 370  1111111111111111111111111111111111111111  [255][255][255][255][255]
 371  1111111111111111111111111111111111111111  [255][255][255][255][255]
 372  1111111111111111111111111111111111111111  [255][255][255][255][255]
 373  1111111111111111111111111111111111111111  [255][255][255][255][255]
 374  1111111111111111111111111111111111111111  [255][255][255][255][255]
 375  1111111111111111111111111111111111111111  [255][255][255][255][255]
 376  1111111111111111111111111111111111111111  [255][255][255][255][255]
 377  1111111111111111111111111111111111111111  [255][255][255][255][255]
 378  1111111111111111111111111111111111111111  [255][255][255][255][255]
 379  1111111111111111111111111111111111111111  [255][255][255][255][255]
 380  1111111111111111111111111111111111111111  [255][255][255][255][255]
 381  1111111111111111111111111111111111111111  [255][255][255][255][255]
 382  1111111111111111111111111111111111111111  [255][255][255][255][255]
 383  1111111111111111111111111111111111111111  [255][255][255][255][255]
 384  1111111111111111111111111111111111111111  [255][255][255][255][255]
 385  1111111111111111111111111111111111111111  [255][255][255][255][255]
 386  1111111111111111111111111111111111111111  [255][255][255][255][255]
 387  1111111111111111111111111111111111111111  [255][255][255][255][255]
 388  1111111111111111111111111111111111111111  [255][255][255][255][255]
 389  1111111111111111111111111111111111111111  [255][255][255][255][255]
 390  1111111111111111111111111111111111111111  [255][255][255][255][255]
 391  1111111111111111111111111111111111111111  [255][255][255][255][255]
 392  1111111111111111111111111111111111111111  [255][255][255][255][255]
 393  1111111111111111111111111111111111111111  [255][255][255][255][255]
 394  1111111111111111111111111111111111111111  [255][255][255][255][255]
 395  1111111111111111111111111111111111111111  [255][255][255][255][255]
 396  1111111111111111111111111111111111111111  [255][255][255][255][255]
 397  1111111111111111111111111111111111111111  [255][255][255][255][255]
 398  1111111111111111111111111111111111111111  [255][255][255][255][255]
 399  1111111111111111111111111111111111111111  [255][255][255][255][255]
 400  1111111111111111111111111111111111111111  [255][255][255][255][255]
 401  1111111111111111111111111111111111111111  [255][255][255][255][255]
 402  1111111111111111111111111111111111111111  [255][255][255][255][255]
 403  1111111111111111111111111111111111111111  [255][255][255][255][255]
 404  1111111111111111111111111111111111111111  [255][255][255][255][255]
 405  1111111111111111111111111111111111111111  [255][255][255][255][255]
 406  1111111111111111111111111111111111111111  [255][255][255][255][255]
 407  1111111111111111111111111111111111111111  [255][255][255][255][255]
 408  1111111111111111111111111111111111111111  [255][255][255][255][255]
 409  1111111111111111111111111111111111111111  [255][255][255][255][255]
 410  1111111111111111111111111111111111111111  [255][255][255][255][255]
 411  1111111111111111111111111111111111111111  [255][255][255][255][255]
 412  1111111111111111111111111111111111111111  [255][255][255][255][255]
 413  1111111111111111111111111111111111111111  [255][255][255][255][255]
 414  1111111111111111111111111111111111111111  [255][255][255][255][255]
 415  1111111111111111111111111111111111111111  [255][255][255][255][255]
 416  1111111111111111111111111111111111111111  [255][255][255][255][255]
 417  1111111111111111111111111111111111111111  [255][255][255][255][255]
 418  1111111111111111111111111111111111111111  [255][255][255][255][255]
 419  1111111111111111111111111111111111111111  [255][255][255][255][255]
 420  1111111111111111111111111111111111111111  [255][255][255][255][255]
 421  1111111111111111111111111111111111111111  [255][255][255][255][255]
 422  1111111111111111111111111111111111111111  [255][255][255][255][255]
 423  1111111111111111111111111111111111111111  [255][255][255][255][255]
 424  1111111111111111111111111111111111111111  [255][255][255][255][255]
 425  1111111111111111111111111111111111111111  [255][255][255][255][255]
 426  1111111111111111111111111111111111111111  [255][255][255][255][255]
 427  1111111111111111111111111111111111111111  [255][255][255][255][255]
 428  1111111111111111111111111111111111111111  [255][255][255][255][255]
 429  1111111111111111111111111111111111111111  [255][255][255][255][255]
 430  1111111111111111111111111111111111111111  [255][255][255][255][255]
 431  1111111111111111111111111111111111111111  [255][255][255][255][255]
 432  1111111111111111111111111111111111111111  [255][255][255][255][255]
 433  1111111111111111111111111111111111111111  [255][255][255][255][255]
 434  1111111111111111111111111111111111111111  [255][255][255][255][255]
 435  1111111111111111111111111111111111111111  [255][255][255][255][255]
 436  1111111111111111111111111111111111111111  [255][255][255][255][255]
 437  1111111111111111111111111111111111111111  [255][255][255][255][255]
 438  1111111111111111111111111111111111111111  [255][255][255][255][255]
 439  1111111111111111111111111111111111111111  [255][255][255][255][255]
 440  1111111111111111111111111111111111111111  [255][255][255][255][255]
 441  1111111111111111111111111111111111111111  [255][255][255][255][255]
 442  1111111111111111111111111111111111111111  [255][255][255][255][255]
 443  1111111111111111111111111111111111111111  [255][255][255][255][255]
 444  1111111111111111111111111111111111111111  [255][255][255][255][255]
 445  1111111111111111111111111111111111111111  [255][255][255][255][255]
 446  1111111111111111111111111111111111111111  [255][255][255][255][255]
 447  1111111111111111111111111111111111111111  [255][255][255][255][255]
 448  1111111111111111111111111111111111111111  [255][255][255][255][255]
 449  1111111111111111111111111111111111111111  [255][255][255][255][255]
 450  1111111111111111111111111111111111111111  [255][255][255][255][255]
 451  1111111111111111111111111111111111111111  [255][255][255][255][255]
 452  1111111111111111111111111111111111111111  [255][255][255][255][255]
 453  1111111111111111111111111111111111111111  [255][255][255][255][255]
 454  1111111111111111111111111111111111111111  [255][255][255][255][255]
 455  1111111111111111111111111111111111111111  [255][255][255][255][255]
 456  1111111111111111111111111111111111111111  [255][255][255][255][255]
 457  1111111111111111111111111111111111111111  [255][255][255][255][255]
 458  1111111111111111111111111111111111111111  [255][255][255][255][255]
 459  1111111111111111111111111111111111111111  [255][255][255][255][255]
 460  1111111111111111111111111111111111111111  [255][255][255][255][255]
 461  1111111111111111111111111111111111111111  [255][255][255][255][255]
 462  1111111111111111111111111111111111111111  [255][255][255][255][255]
 463  1111111111111111111111111111111111111111  [255][255][255][255][255]
 464  1111111111111111111111111111111111111111  [255][255][255][255][255]
 465  1111111111111111111111111111111111111111  [255][255][255][255][255]
 466  1111111111111111111111111111111111111111  [255][255][255][255][255]
 467  1111111111111111111111111111111111111111  [255][255][255][255][255]
 468  1111111111111111111111111111111111111111  [255][255][255][255][255]
 469  1111111111111111111111111111111111111111  [255][255][255][255][255]
 470  1111111111111111111111111111111111111111  [255][255][255][255][255]
 471  1111111111111111111111111111111111111111  [255][255][255][255][255]
 472  1111111111111111111111111111111111111111  [255][255][255][255][255]
 473  1111111111111111111111111111111111111111  [255][255][255][255][255]
 474  1111111111111111111111111111111111111111  [255][255][255][255][255]
 475  1111111111111111111111111111111111111111  [255][255][255][255][255]
 476  1111111111111111111111111111111111111111  [255][255][255][255][255]
 477  1111111111111111111111111111111111111111  [255][255][255][255][255]
 478  1111111111111111111111111111111111111111  [255][255][255][255][255]
 479  1111111111111111111111111111111111111111  [255][255][255][255][255]
 480  1111111111111111111111111111111111111111  [255][255][255][255][255]
 481  1111111111111111111111111111111111111111  [255][255][255][255][255]
 482  1111111111111111111111111111111111111111  [255][255][255][255][255]
 483  1111111111111111111111111111111111111111  [255][255][255][255][255]
 484  1111111111111111111111111111111111111111  [255][255][255][255][255]
 485  1111111111111111111111111111111111111111  [255][255][255][255][255]
 486  1111111111111111111111111111111111111111  [255][255][255][255][255]
 487  1111111111111111111111111111111111111111  [255][255][255][255][255]
 488  1111111111111111111111111111111111111111  [255][255][255][255][255]
 489  1111111111111111111111111111111111111111  [255][255][255][255][255]
 490  1111111111111111111111111111111111111111  [255][255][255][255][255]
 491  1111111111111111111111111111111111111111  [255][255][255][255][255]
 492  1111111111111111111111111111111111111111  [255][255][255][255][255]
 493  1111111111111111111111111111111111111111  [255][255][255][255][255]
 494  1111111111111111111111111111111111111111  [255][255][255][255][255]
 495  1111111111111111111111111111111111111111  [255][255][255][255][255]
 496  1111111111111111111111111111111111111111  [255][255][255][255][255]
 497  1111111111111111111111111111111111111111  [255][255][255][255][255]
 498  1111111111111111111111111111111111111111  [255][255][255][255][255]
 499  1111111111111111111111111111111111111111  [255][255][255][255][255]
 500  1111111111111111111111111111111111111111  [255][255][255][255][255]
 501  1111111111111111111111111111111111111111  [255][255][255][255][255]
 502  1111111111111111111111111111111111111111  [255][255][255][255][255]
 503  1111111111111111111111111111111111111111  [255][255][255][255][255]
 504  1111111111111111111111111111111111111111  [255][255][255][255][255]
 505  1111111111111111111111111111111111111111  [255][255][255][255][255]
 506  1111111111111111111111111111111111111111  [255][255][255][255][255]
 507  1111111111111111111111111111111111111111  [255][255][255][255][255]
 508  1111111111111111111111111111111111111111  [255][255][255][255][255]
 509  1111111111111111111111111111111111111111  [255][255][255][255][255]
 510  1111111111111111111111111111111111111111  [255][255][255][255][255]
 511  1111111111111111111111111111111111111111  [255][255][255][255][255]
 512  1111111111111111111111111111111111111111  [255][255][255][255][255]
 513  1111111111111111111111111111111111111111  [255][255][255][255][255]
 514  1111111111111111111111111111111111111111  [255][255][255][255][255]
 515  1111111111111111111111111111111111111111  [255][255][255][255][255]
 516  1111111111111111111111111111111111111111  [255][255][255][255][255]
 517  1111111111111111111111111111111111111111  [255][255][255][255][255]
 518  1111111111111111111111111111111111111111  [255][255][255][255][255]
 519  1111111111111111111111111111111111111111  [255][255][255][255][255]
 520  1111111111111111111111111111111111111111  [255][255][255][255][255]
 521  1111111111111111111111111111111111111111  [255][255][255][255][255]
 522  1111111111111111111111111111111111111111  [255][255][255][255][255]
 523  1111111111111111111111111111111111111111  [255][255][255][255][255]
 524  1111111111111111111111111111111111111111  [255][255][255][255][255]
 525  1111111111111111111111111111111111111111  [255][255][255][255][255]
 526  1111111111111111111111111111111111111111  [255][255][255][255][255]
 527  1111111111111111111111111111111111111111  [255][255][255][255][255]
 528  1111111111111111111111111111111111111111  [255][255][255][255][255]
 529  1111111111111111111111111111111111111111  [255][255][255][255][255]
 530  1111111111111111111111111111111111111111  [255][255][255][255][255]
 531  1111111111111111111111111111111111111111  [255][255][255][255][255]
 532  1111111111111111111111111111111111111111  [255][255][255][255][255]
 533  1111111111111111111111111111111111111111  [255][255][255][255][255]
 534  1111111111111111111111111111111111111111  [255][255][255][255][255]
 535  1111111111111111111111111111111111111111  [255][255][255][255][255]
 536  1111111111111111111111111111111111111111  [255][255][255][255][255]
 537  1111111111111111111111111111111111111111  [255][255][255][255][255]
 538  1111111111111111111111111111111111111111  [255][255][255][255][255]
 539  1111111111111111111111111111111111111111  [255][255][255][255][255]
 540  1111111111111111111111111111111111111111  [255][255][255][255][255]
 541  1111111111111111111111111111111111111111  [255][255][255][255][255]
 542  1111111111111111111111111111111111111111  [255][255][255][255][255]
 543  1111111111111111111111111111111111111111  [255][255][255][255][255]
 544  1111111111111111111111111111111111111111  [255][255][255][255][255]
 545  1111111111111111111111111111111111111111  [255][255][255][255][255]
 546  1111111111111111111111111111111111111111  [255][255][255][255][255]
 547  1111111111111111111111111111111111111111  [255][255][255][255][255]
 548  1111111111111111111111111111111111111111  [255][255][255][255][255]
 549  1111111111111111111111111111111111111111  [255][255][255][255][255]
 550  1111111111111111111111111111111111111111  [255][255][255][255][255]
 551  1111111111111111111111111111111111111111  [255][255][255][255][255]
 552  1111111111111111111111111111111111111111  [255][255][255][255][255]
 553  1111111111111111111111111111111111111111  [255][255][255][255][255]
 554  1111111111111111111111111111111111111111  [255][255][255][255][255]
 555  1111111111111111111111111111111111111111  [255][255][255][255][255]
 556  1111111111111111111111111111111111111111  [255][255][255][255][255]
 557  1111111111111111111111111111111111111111  [255][255][255][255][255]
 558  1111111111111111111111111111111111111111  [255][255][255][255][255]
 559  1111111111111111111111111111111111111111  [255][255][255][255][255]
 560  1111111111111111111111111111111111111111  [255][255][255][255][255]
 561  1111111111111111111111111111111111111111  [255][255][255][255][255]
 562  1111111111111111111111111111111111111111  [255][255][255][255][255]
 563  1111111111111111111111111111111111111111  [255][255][255][255][255]
 564  1111111111111111111111111111111111111111  [255][255][255][255][255]
 565  1111111111111111111111111111111111111111  [255][255][255][255][255]
 566  1111111111111111111111111111111111111111  [255][255][255][255][255]
 567  1111111111111111111111111111111111111111  [255][255][255][255][255]
 568  1111111111111111111111111111111111111111  [255][255][255][255][255]
 569  1111111111111111111111111111111111111111  [255][255][255][255][255]
 570  1111111111111111111111111111111111111111  [255][255][255][255][255]
 571  1111111111111111111111111111111111111111  [255][255][255][255][255]
 572  1111111111111111111111111111111111111111  [255][255][255][255][255]
 573  1111111111111111111111111111111111111111  [255][255][255][255][255]
 574  1111111111111111111111111111111111111111  [255][255][255][255][255]
 575  1111111111111111111111111111111111111111  [255][255][255][255][255]
 576  1111111111111111111111111111111111111111  [255][255][255][255][255]
 577  1111111111111111111111111111111111111111  [255][255][255][255][255]
 578  1111111111111111111111111111111111111111  [255][255][255][255][255]
 579  1111111111111111111111111111111111111111  [255][255][255][255][255]
 580  1111111111111111111111111111111111111111  [255][255][255][255][255]
 581  1111111111111111111111111111111111111111  [255][255][255][255][255]
 582  1111111111111111111111111111111111111111  [255][255][255][255][255]
 583  1111111111111111111111111111111111111111  [255][255][255][255][255]
 584  1111111111111111111111111111111111111111  [255][255][255][255][255]
 585  1111111111111111111111111111111111111111  [255][255][255][255][255]
 586  1111111111111111111111111111111111111111  [255][255][255][255][255]
 587  1111111111111111111111111111111111111111  [255][255][255][255][255]
 588  1111111111111111111111111111111111111111  [255][255][255][255][255]
 589  1111111111111111111111111111111111111111  [255][255][255][255][255]
 590  1111111111111111111111111111111111111111  [255][255][255][255][255]
 591  1111111111111111111111111111111111111111  [255][255][255][255][255]
 592  1111111111111111111111111111111111111111  [255][255][255][255][255]
 593  1111111111111111111111111111111111111111  [255][255][255][255][255]
 594  1111111111111111111111111111111111111111  [255][255][255][255][255]
 595  1111111111111111111111111111111111111111  [255][255][255][255][255]
 596  1111111111111111111111111111111111111111  [255][255][255][255][255]
 597  1111111111111111111111111111111111111111  [255][255][255][255][255]
 598  1111111111111111111111111111111111111111  [255][255][255][255][255]
 599  1111111111111111111111111111111111111111  [255][255][255][255][255]
 600  0101011101010011010100100101111101010111  WSR_W     
 601  0101011101010011010100100101111101010111  WSR_W     
 602  0101011101010011010100100101111101010111  WSR_W     
 603  0101011101010011010100100101111101010111  WSR_W     
 604  0101011101010011010100100101111101010111  WSR_W     
 605  0101011101010011010100100101111101010111  WSR_W     
 606  0101011101010011010100100101111101010111  WSR_W     
 607  0101011101010011010100100101111101010111  WSR_W     
 608  0101011101010011010100100101111101010111  WSR_W     
 609  0101011101010011010100100101111101010111  WSR_W     
 610  0101011101010011010100100101111101010111  WSR_W     
 611  0101011101010011010100100101111101010111  WSR_W     
 612  0101011101010011010100100101111101010111  WSR_W     
 613  0101011101010011010100100101111101010111  WSR_W     
 614  0101011101010011010100100101111101010111  WSR_W     
 615  0101011101010011010100100101111101010111  WSR_W     
 616  0101011101010011010100100101111101010111  WSR_W     
 617  0101011101010011010100100101111101010111  WSR_W     
 618  0101011101010011010100100101111101010111  WSR_W     
 619  0101011101010011010100100101111101010111  WSR_W     
 620  0101011101010011010100100101111101010111  WSR_W     
 621  0101011101010011010100100101111101010111  WSR_W     
 622  0101011101010011010100100101111101010111  WSR_W     
 623  0101011101010011010100100101111101010111  WSR_W     
 624  0101011111011111010101100101111101010111  W[223]V_W 
 625  0101011111011111010101100101111101010111  W[223]V_W 
 626  0101011111011111010101100101111101010111  W[223]V_W 
 627  0101011111011111010101100101111101010111  W[223]V_W 
 628  0101011111011111010101100101111101010111  W[223]V_W 
 629  0101011111011111010101100101111101010111  W[223]V_W 
 630  0101011111011111010101100101111101010111  W[223]V_W 
 631  0101011111011111010101100101111101010111  W[223]V_W 
 632  1111111111111111111111111111111111111111  [255][255][255][255][255]
 633  1111111111111111111111111111111111111111  [255][255][255][255][255]
 634  1111111111111111111111111111111111111111  [255][255][255][255][255]
 635  1111111111111111111111111111111111111111  [255][255][255][255][255]
 636  1111111111111111111111111111111111111111  [255][255][255][255][255]
 637  1111111111111111111111111111111111111111  [255][255][255][255][255]
 638  1111111111111111111111111111111111111111  [255][255][255][255][255]
 639  1111111111111111111111111111111111111111  [255][255][255][255][255]
 640  1111111111111111111111111111111111111111  [255][255][255][255][255]
 641  1111111111111111111111111111111111111111  [255][255][255][255][255]
 642  1111111111111111111111111111111111111111  [255][255][255][255][255]
 643  1111111111111111111111111111111111111111  [255][255][255][255][255]
 644  1111111111111111111111111111111111111111  [255][255][255][255][255]
 645  1111111111111111111111111111111111111111  [255][255][255][255][255]
 646  1111111111111111111111111111111111111111  [255][255][255][255][255]
 647  1111111111111111111111111111111111111111  [255][255][255][255][255]
 648  0101011101010011010100100101111101010111  WSR_W     
 649  0101011101010011010100100101111101010111  WSR_W     
 650  0101011101010011010100100101111101010111  WSR_W     
 651  0101011101010011010100100101111101010111  WSR_W     
 652  0101011101010011010100100101111101010111  WSR_W     
 653  0101011101010011010100100101111101010111  WSR_W     
 654  0101011111011111010101100101111101010111  W[223]V_W 
 655  0101011111011111010101100101111101010111  W[223]V_W 
 656  1111111111111111111111111111111111111111  [255][255][255][255][255]
 657  1111111111111111111111111111111111111111  [255][255][255][255][255]
 658  1111111111111111111111111111111111111111  [255][255][255][255][255]
 659  1111111111111111111111111111111111111111  [255][255][255][255][255]
 660  1111111111111111111111111111111111111111  [255][255][255][255][255]
 661  1111111111111111111111111111111111111111  [255][255][255][255][255]
 662  1111111111111111111111111111111111111111  [255][255][255][255][255]
 663  1111111111111111111111111111111111111111  [255][255][255][255][255]
 664  1111111111111111111111111111111111111111  [255][255][255][255][255]
 665  1111111111111111111111111111111111111111  [255][255][255][255][255]
 666  1111111111111111111111111111111111111111  [255][255][255][255][255]
 667  1111111111111111111111111111111111111111  [255][255][255][255][255]
 668  1111111111111111111111111111111111111111  [255][255][255][255][255]
 669  1111111111111111111111111111111111111111  [255][255][255][255][255]
 670  1111111111111111111111111111111111111111  [255][255][255][255][255]
 671  1111111111111111111111111111111111111111  [255][255][255][255][255]
 672  1111111111111111111111111111111111111111  [255][255][255][255][255]
 673  1111111111111111111111111111111111111111  [255][255][255][255][255]
 674  1111111111111111111111111111111111111111  [255][255][255][255][255]
 675  1111111111111111111111111111111111111111  [255][255][255][255][255]
 676  1111111111111111111111111111111111111111  [255][255][255][255][255]
 677  1111111111111111111111111111111111111111  [255][255][255][255][255]
 678  1111111111111111111111111111111111111111  [255][255][255][255][255]
 679  1111111111111111111111111111111111111111  [255][255][255][255][255]
 680  1111111111111111111111111111111111111111  [255][255][255][255][255]
 681  1111111111111111111111111111111111111111  [255][255][255][255][255]
 682  1111111111111111111111111111111111111111  [255][255][255][255][255]
 683  1111111111111111111111111111111111111111  [255][255][255][255][255]
 684  1111111111111111111111111111111111111111  [255][255][255][255][255]
 685  1111111111111111111111111111111111111111  [255][255][255][255][255]
 686  1111111111111111111111111111111111111111  [255][255][255][255][255]
 687  1111111111111111111111111111111111111111  [255][255][255][255][255]
 688  1111111111111111111111111111111111111111  [255][255][255][255][255]
 689  1111111111111111111111111111111111111111  [255][255][255][255][255]
 690  1111111111111111111111111111111111111111  [255][255][255][255][255]
 691  1111111111111111111111111111111111111111  [255][255][255][255][255]
 692  1111111111111111111111111111111111111111  [255][255][255][255][255]
 693  1111111111111111111111111111111111111111  [255][255][255][255][255]
 694  1111111111111111111111111111111111111111  [255][255][255][255][255]
 695  1111111111111111111111111111111111111111  [255][255][255][255][255]
 696  1111111111111111111111111111111111111111  [255][255][255][255][255]
 697  1111111111111111111111111111111111111111  [255][255][255][255][255]
 698  1111111111111111111111111111111111111111  [255][255][255][255][255]
 699  1111111111111111111111111111111111111111  [255][255][255][255][255]
 700  1111111111111111111111111111111111111111  [255][255][255][255][255]
 701  1111111111111111111111111111111111111111  [255][255][255][255][255]
 702  1111111111111111111111111111111111111111  [255][255][255][255][255]
 703  1111111111111111111111111111111111111111  [255][255][255][255][255]
 704  1111111111111111111111111111111111111111  [255][255][255][255][255]
 705  1111111111111111111111111111111111111111  [255][255][255][255][255]
 706  1111111111111111111111111111111111111111  [255][255][255][255][255]
 707  1111111111111111111111111111111111111111  [255][255][255][255][255]
 708  1111111111111111111111111111111111111111  [255][255][255][255][255]
 709  1111111111111111111111111111111111111111  [255][255][255][255][255]
 710  1111111111111111111111111111111111111111  [255][255][255][255][255]
 711  1111111111111111111111111111111111111111  [255][255][255][255][255]
 712  1111111111111111111111111111111111111111  [255][255][255][255][255]
 713  1111111111111111111111111111111111111111  [255][255][255][255][255]
 714  1111111111111111111111111111111111111111  [255][255][255][255][255]
 715  1111111111111111111111111111111111111111  [255][255][255][255][255]
 716  1111111111111111111111111111111111111111  [255][255][255][255][255]
 717  1111111111111111111111111111111111111111  [255][255][255][255][255]
 718  1111111111111111111111111111111111111111  [255][255][255][255][255]
 719  1111111111111111111111111111111111111111  [255][255][255][255][255]
 720  0100000101010010010100100000001101010010  ARR[3]R   
 721  0100000101010010010100100000001101010010  ARR[3]R   
 722  0100000101010010010100100000001101010010  ARR[3]R   
 723  0100000101010010010100100000001101010010  ARR[3]R   
 724  0100000101010010010100100000001101010010  ARR[3]R   
 725  0100000101010010010100100000001101010010  ARR[3]R   
 726  0100000101010010010100100000001101010010  ARR[3]R   
 727  0100000101010010010100100000001101010010  ARR[3]R   
 728  0100000101010010010100100000001101010010  ARR[3]R   
 729  0100000101010010010100100000001101010010  ARR[3]R   
 730  0100000101010010010100100000001101010010  ARR[3]R   
 731  0100000101010010010100100000001101010010  ARR[3]R   
 732  0100000101010010010100100000001101010010  ARR[3]R   
 733  0100000101010010010100100000001101010010  ARR[3]R   
 734  0100000101010010010100100000001101010010  ARR[3]R   
 735  0100000101010010010100100000001101010010  ARR[3]R   
 736  0100000101010010010100100000001101010010  ARR[3]R   
 737  0100000101010010010100100000001101010010  ARR[3]R   
 738  0100000101010010010100100000001101010010  ARR[3]R   
 739  0100000101010010010100100000001101010010  ARR[3]R   
 740  0100000101010010010100100000001101010010  ARR[3]R   
 741  0100000101010010010100100000001101010010  ARR[3]R   
 742  0100000101010010010100100000001101010010  ARR[3]R   
 743  0100000101010010010100100000001101010010  ARR[3]R   
 744  0100000101010010010100100000001101010010  ARR[3]R   
 745  0100000101010010010100100000001101010010  ARR[3]R   
 746  0100000101010010010100100000001101010010  ARR[3]R   
 747  0100000101010010010100100000001101010010  ARR[3]R   
 748  0100000101010010010100100000001101010010  ARR[3]R   
 749  0100000101010010010100100000001101010010  ARR[3]R   
 750  0100000101010010010100100000001101010010  ARR[3]R   
 751  0100000101010010010100100000001101010010  ARR[3]R   
 752  0100000101010010010100100000001101010010  ARR[3]R   
 753  0100000101010010010100100000001101010010  ARR[3]R   
 754  0100000101010010010100100000001101010010  ARR[3]R   
 755  0100000101010010010100100000001101010010  ARR[3]R   
 756  0100000101010010010100100000001101010010  ARR[3]R   
 757  0100000101010010010100100000001101010010  ARR[3]R   
 758  0100000101010010010100100000001101010010  ARR[3]R   
 759  0100000101010010010100100000001101010010  ARR[3]R   
 760  0100000101010010010100100000001101010010  ARR[3]R   
 761  0100000101010010010100100000001101010010  ARR[3]R   
 762  0100000101010010010100100000001101010010  ARR[3]R   
 763  0100000101010010010100100000001101010010  ARR[3]R   
 764  0100000101010010010100100000001101010010  ARR[3]R   
 765  0100000101010010010100100000001101010010  ARR[3]R   
 766  0100000101010010010100100000001101010010  ARR[3]R   
 767  0100000101010010010100100000001101010010  ARR[3]R   
 768  0100000101010010010100100000001101010010  ARR[3]R   
 769  0100000101010010010100100000001101010010  ARR[3]R   
 770  0100000101010010010100100000001101010010  ARR[3]R   
 771  0100000101010010010100100000001101010010  ARR[3]R   
 772  0100000101010010010100100000001101010010  ARR[3]R   
 773  0100000101010010010100100000001101010010  ARR[3]R   
 774  0100000101010010010100100000001101010010  ARR[3]R   
 775  0100000101010010010100100000001101010010  ARR[3]R   
 776  0100000101010010010100100000001101010010  ARR[3]R   
 777  0100000101010010010100100000001101010010  ARR[3]R   
 778  0100000101010010010100100000001101010010  ARR[3]R   
 779  0100000101010010010100100000001101010010  ARR[3]R   
 780  0100000101010010010100100000001101010010  ARR[3]R   
 781  0100000101010010010100100000001101010010  ARR[3]R   
 782  0100000101010010010100100000001101010010  ARR[3]R   
 783  0100000101010010010100100000001101010010  ARR[3]R   
 784  0100000101010010010100100000001101010010  ARR[3]R   
 785  0100000101010010010100100000001101010010  ARR[3]R   
 786  0100000101010010010100100000001101010010  ARR[3]R   
 787  0100000101010010010100100000001101010010  ARR[3]R   
 788  0100000101010010010100100000001101010010  ARR[3]R   
 789  0100000101010010010100100000001101010010  ARR[3]R   
 790  0100000101010010010100100000001101010010  ARR[3]R   
 791  0100000101010010010100100000001101010010  ARR[3]R   
 792  0100000101010010010100100000001101010010  ARR[3]R   
 793  0100000101010010010100100000001101010010  ARR[3]R   
 794  0100000101010010010100100000001101010010  ARR[3]R   
 795  0100000101010010010100100000001101010010  ARR[3]R   
 796  0100000101010010010100100000001101010010  ARR[3]R   
 797  0100000101010010010100100000001101010010  ARR[3]R   
 798  0100000101010010010100100000001101010010  ARR[3]R   
 799  0100000101010010010100100000001101010010  ARR[3]R   
 800  0100000101010010010100100000001101010010  ARR[3]R   
 801  0100000101010010010100100000001101010010  ARR[3]R   
 802  0100000101010010010100100000001101010010  ARR[3]R   
 803  0100000101010010010100100000001101010010  ARR[3]R   
 804  0100000101010010010100100000001101010010  ARR[3]R   
 805  0100000101010010010100100000001101010010  ARR[3]R   
 806  0100000101010010010100100000001101010010  ARR[3]R   
 807  0100000101010010010100100000001101010010  ARR[3]R   
 808  0100000101010010010100100000001101010010  ARR[3]R   
 809  0100000101010010010100100000001101010010  ARR[3]R   
 810  0100000101010010010100100000001101010010  ARR[3]R   
 811  0100000101010010010100100000001101010010  ARR[3]R   
 812  0100000101010010010100100000001101010010  ARR[3]R   
 813  0100000101010010010100100000001101010010  ARR[3]R   
 814  0100000101010010010100100000001101010010  ARR[3]R   
 815  0100000101010010010100100000001101010010  ARR[3]R   
 816  0100000101010010010100100000001101010010  ARR[3]R   
 817  0100000101010010010100100000001101010010  ARR[3]R   
 818  0100000101010010010100100000001101010010  ARR[3]R   
 819  0100000101010010010100100000001101010010  ARR[3]R   
 820  0100000101010010010100100000001101010010  ARR[3]R   
 821  0100000101010010010100100000001101010010  ARR[3]R   
 822  0100000101010010010100100000001101010010  ARR[3]R   
 823  0100000101010010010100100000001101010010  ARR[3]R   
 824  0100000101010010010100100000001101010010  ARR[3]R   
 825  0100000101010010010100100000001101010010  ARR[3]R   
 826  0100000101010010010100100000001101010010  ARR[3]R   
 827  0100000101010010010100100000001101010010  ARR[3]R   
 828  0100000101010010010100100000001101010010  ARR[3]R   
 829  0100000101010010010100100000001101010010  ARR[3]R   
 830  0100000101010010010100100000001101010010  ARR[3]R   
 831  0100000101010010010100100000001101010010  ARR[3]R   
 832  0100000101010010010100100000001101010010  ARR[3]R   
 833  0100000101010010010100100000001101010010  ARR[3]R   
 834  0100000101010010010100100000001101010010  ARR[3]R   
 835  0100000101010010010100100000001101010010  ARR[3]R   
 836  0100000101010010010100100000001101010010  ARR[3]R   
 837  0100000101010010010100100000001101010010  ARR[3]R   
 838  0100000101010010010100100000001101010010  ARR[3]R   
 839  0100000101010010010100100000001101010010  ARR[3]R   
 840  0100000101010010010100100000001101010010  ARR[3]R   
 841  0100000101010010010100100000001101010010  ARR[3]R   
 842  0100000101010010010100100000001101010010  ARR[3]R   
 843  0100000101010010010100100000001101010010  ARR[3]R   
 844  0100000101010010010100100000001101010010  ARR[3]R   
 845  0100000101010010010100100000001101010010  ARR[3]R   
 846  0100000101010010010100100000001101010010  ARR[3]R   
 847  0100000101010010010100100000001101010010  ARR[3]R   
 848  0100000101010010010100100000001101010010  ARR[3]R   
 849  0100000101010010010100100000001101010010  ARR[3]R   
 850  0100000101010010010100100000001101010010  ARR[3]R   
 851  0100000101010010010100100000001101010010  ARR[3]R   
 852  0100000101010010010100100000001101010010  ARR[3]R   
 853  0100000101010010010100100000001101010010  ARR[3]R   
 854  0100000101010010010100100000001101010010  ARR[3]R   
 855  0100000101010010010100100000001101010010  ARR[3]R   
 856  0100000101010010010100100000001101010010  ARR[3]R   
 857  0100000101010010010100100000001101010010  ARR[3]R   
 858  0100000101010010010100100000001101010010  ARR[3]R   
 859  0100000101010010010100100000001101010010  ARR[3]R   
 860  0100000101010010010100100000001101010010  ARR[3]R   
 861  0100000101010010010100100000001101010010  ARR[3]R   
 862  0100000101010010010100100000001101010010  ARR[3]R   
 863  0100000101010010010100100000001101010010  ARR[3]R   
 864  0100000101010010010100100000001101010010  ARR[3]R   
 865  0100000101010010010100100000001101010010  ARR[3]R   
 866  0100000101010010010100100000001101010010  ARR[3]R   
 867  0100000101010010010100100000001101010010  ARR[3]R   
 868  0100000101010010010100100000001101010010  ARR[3]R   
 869  0100000101010010010100100000001101010010  ARR[3]R   
 870  0100000101010010010100100000001101010010  ARR[3]R   
 871  0100000101010010010100100000001101010010  ARR[3]R   
 872  0100000101010010010100100000001101010010  ARR[3]R   
 873  0100000101010010010100100000001101010010  ARR[3]R   
 874  0100000101010010010100100000001101010010  ARR[3]R   
 875  0100000101010010010100100000001101010010  ARR[3]R   
 876  0100000101010010010100100000001101010010  ARR[3]R   
 877  0100000101010010010100100000001101010010  ARR[3]R   
 878  0100000101010010010100100000001101010010  ARR[3]R   
 879  0100000101010010010100100000001101010010  ARR[3]R   
 880  0100000101010010010100100000001101010010  ARR[3]R   
 881  0100000101010010010100100000001101010010  ARR[3]R   
 882  0100000101010010010100100000001101010010  ARR[3]R   
 883  0100000101010010010100100000001101010010  ARR[3]R   
 884  0100000101010010010100100000001101010010  ARR[3]R   
 885  0100000101010010010100100000001101010010  ARR[3]R   
 886  0100000101010010010100100000001101010010  ARR[3]R   
 887  0100000101010010010100100000001101010010  ARR[3]R   
 888  0100000101010010010100100000001101010010  ARR[3]R   
 889  0100000101010010010100100000001101010010  ARR[3]R   
 890  0100000101010010010100100000001101010010  ARR[3]R   
 891  0100000101010010010100100000001101010010  ARR[3]R   
 892  0100000101010010010100100000001101010010  ARR[3]R   
 893  0100000101010010010100100000001101010010  ARR[3]R   
 894  0100000101010010010100100000001101010010  ARR[3]R   
 895  0100000101010010010100100000001101010010  ARR[3]R   
 896  0100000101010010010100100000001101010010  ARR[3]R   
 897  0100000101010010010100100000001101010010  ARR[3]R   
 898  0100000101010010010100100000001101010010  ARR[3]R   
 899  0100000101010010010100100000001101010010  ARR[3]R   
 900  0100000101010010010100100000001101010010  ARR[3]R   
 901  0100000101010010010100100000001101010010  ARR[3]R   
 902  0100000101010010010100100000001101010010  ARR[3]R   
 903  0100000101010010010100100000001101010010  ARR[3]R   
 904  0100000101010010010100100000001101010010  ARR[3]R   
 905  0100000101010010010100100000001101010010  ARR[3]R   
 906  0100000101010010010100100000001101010010  ARR[3]R   
 907  0100000101010010010100100000001101010010  ARR[3]R   
 908  0100000101010010010100100000001101010010  ARR[3]R   
 909  0100000101010010010100100000001101010010  ARR[3]R   
 910  0100000101010010010100100000001101010010  ARR[3]R   
 911  0100000101010010010100100000001101010010  ARR[3]R   
 912  0100000101010010010100100000001101010010  ARR[3]R   
 913  0100000101010010010100100000001101010010  ARR[3]R   
 914  0100000101010010010100100000001101010010  ARR[3]R   
 915  0100000101010010010100100000001101010010  ARR[3]R   
 916  0100000101010010010100100000001101010010  ARR[3]R   
 917  0100000101010010010100100000001101010010  ARR[3]R   
 918  0100000101010010010100100000001101010010  ARR[3]R   
 919  0100000101010010010100100000001101010010  ARR[3]R   
 920  0100000101010010010100100000001101010010  ARR[3]R   
 921  0100000101010010010100100000001101010010  ARR[3]R   
 922  0100000101010010010100100000001101010010  ARR[3]R   
 923  0100000101010010010100100000001101010010  ARR[3]R   
 924  0100000101010010010100100000001101010010  ARR[3]R   
 925  0100000101010010010100100000001101010010  ARR[3]R   
 926  0100000101010010010100100000001101010010  ARR[3]R   
 927  0100000101010010010100100000001101010010  ARR[3]R   
 928  0100000101010010010100100000001101010010  ARR[3]R   
 929  0100000101010010010100100000001101010010  ARR[3]R   
 930  0100000101010010010100100000001101010010  ARR[3]R   
 931  0100000101010010010100100000001101010010  ARR[3]R   
 932  0100000101010010010100100000001101010010  ARR[3]R   
 933  0100000101010010010100100000001101010010  ARR[3]R   
 934  0100000101010010010100100000001101010010  ARR[3]R   
 935  0100000101010010010100100000001101010010  ARR[3]R   
 936  0100000101010010010100100000001101010010  ARR[3]R   
 937  0100000101010010010100100000001101010010  ARR[3]R   
 938  0100000101010010010100100000001101010010  ARR[3]R   
 939  0100000101010010010100100000001101010010  ARR[3]R   
 940  0100000101010010010100100000001101010010  ARR[3]R   
 941  0100000101010010010100100000001101010010  ARR[3]R   
 942  0100000101010010010100100000001101010010  ARR[3]R   
 943  0100000101010010010100100000001101010010  ARR[3]R   
 944  0100000101010010010100100000001101010010  ARR[3]R   
 945  0100000101010010010100100000001101010010  ARR[3]R   
 946  0100000101010010010100100000001101010010  ARR[3]R   
 947  0100000101010010010100100000001101010010  ARR[3]R   
 948  0100000101010010010100100000001101010010  ARR[3]R   
 949  0100000101010010010100100000001101010010  ARR[3]R   
 950  0100000101010010010100100000001101010010  ARR[3]R   
 951  0100000101010010010100100000001101010010  ARR[3]R   
 952  0100000101010010010100100000001101010010  ARR[3]R   
 953  0100000101010010010100100000001101010010  ARR[3]R   
 954  0100000101010010010100100000001101010010  ARR[3]R   
 955  0100000101010010010100100000001101010010  ARR[3]R   
 956  0100000101010010010100100000001101010010  ARR[3]R   
 957  0100000101010010010100100000001101010010  ARR[3]R   
 958  0100000101010010010100100000001101010010  ARR[3]R   
 959  0100000101010010010100100000001101010010  ARR[3]R   
 960  0100000101010010010100100000001101010010  ARR[3]R   
 961  0100000101010010010100100000001101010010  ARR[3]R   
 962  0100000101010010010100100000001101010010  ARR[3]R   
 963  0100000101010010010100100000001101010010  ARR[3]R   
 964  0100000101010010010100100000001101010010  ARR[3]R   
 965  0100000101010010010100100000001101010010  ARR[3]R   
 966  0100000101010010010100100000001101010010  ARR[3]R   
 967  0100000101010010010100100000001101010010  ARR[3]R   
 968  0100000101010010010100100000001101010010  ARR[3]R   
 969  0100000101010010010100100000001101010010  ARR[3]R   
 970  0100000101010010010100100000001101010010  ARR[3]R   
 971  0100000101010010010100100000001101010010  ARR[3]R   
 972  0100000101010010010100100000001101010010  ARR[3]R   
 973  0100000101010010010100100000001101010010  ARR[3]R   
 974  0100000101010010010100100000001101010010  ARR[3]R   
 975  0100000101010010010100100000001101010010  ARR[3]R   
 976  0100000101010010010100100000001101010010  ARR[3]R   
 977  0100000101010010010100100000001101010010  ARR[3]R   
 978  0100000101010010010100100000001101010010  ARR[3]R   
 979  0100000101010010010100100000001101010010  ARR[3]R   
 980  0100000101010010010100100000001101010010  ARR[3]R   
 981  0100000101010010010100100000001101010010  ARR[3]R   
 982  0100000101010010010100100000001101010010  ARR[3]R   
 983  0100000101010010010100100000001101010010  ARR[3]R   
 984  0100000101010010010100100000001101010010  ARR[3]R   
 985  0100000101010010010100100000001101010010  ARR[3]R   
 986  0100000101010010010100100000001101010010  ARR[3]R   
 987  0100000101010010010100100000001101010010  ARR[3]R   
 988  0100000101010010010100100000001101010010  ARR[3]R   
 989  0100000101010010010100100000001101010010  ARR[3]R   
 990  0100000101010010010100100000001101010010  ARR[3]R   
 991  0100000101010010010100100000001101010010  ARR[3]R   
 992  0100000101010010010100100000001101010010  ARR[3]R   
 993  0100000101010010010100100000001101010010  ARR[3]R   
 994  0100000101010010010100100000001101010010  ARR[3]R   
 995  0100000101010010010100100000001101010010  ARR[3]R   
 996  0100000101010010010100100000001101010010  ARR[3]R   
 997  0100000101010010010100100000001101010010  ARR[3]R   
 998  0100000101010010010100100000001101010010  ARR[3]R   
 999  0100000101010010010100100000001101010010  ARR[3]R   
1000  0100000101010010010100100000001101010010  ARR[3]R   
1001  0100000101010010010100100000001101010010  ARR[3]R   
1002  0100000101010010010100100000001101010010  ARR[3]R   
1003  0100000101010010010100100000001101010010  ARR[3]R   
1004  0100000101010010010100100000001101010010  ARR[3]R   
1005  0100000101010010010100100000001101010010  ARR[3]R   
1006  0100000101010010010100100000001101010010  ARR[3]R   
1007  0100000101010010010100100000001101010010  ARR[3]R   
1008  0100000101010010010100100000001101010010  ARR[3]R   
1009  0100000101010010010100100000001101010010  ARR[3]R   
1010  0100000101010010010100100000001101010010  ARR[3]R   
1011  0100000101010010010100100000001101010010  ARR[3]R   
1012  0100000101010010010100100000001101010010  ARR[3]R   
1013  0100000101010010010100100000001101010010  ARR[3]R   
1014  0100000101010010010100100000001101010010  ARR[3]R   
1015  0100000101010010010100100000001101010010  ARR[3]R   
1016  0100000101010010010100100000001101010010  ARR[3]R   
1017  0100000101010010010100100000001101010010  ARR[3]R   
1018  0100000101010010010100100000001101010010  ARR[3]R   
1019  0100000101010010010100100000001101010010  ARR[3]R   
1020  0100000101010010010100100000001101010010  ARR[3]R   
1021  0100000101010010010100100000001101010010  ARR[3]R   
1022  0100000101010010010100100000001101010010  ARR[3]R   
1023  0100000101010010010100100000001101010010  ARR[3]R   
1024  0100000101010010010100100000001101010010  ARR[3]R   
1025  0100000101010010010100100000001101010010  ARR[3]R   
1026  0100000101010010010100100000001101010010  ARR[3]R   
1027  0100000101010010010100100000001101010010  ARR[3]R   
1028  0100000101010010010100100000001101010010  ARR[3]R   
1029  0100000101010010010100100000001101010010  ARR[3]R   
1030  0100000101010010010100100000001101010010  ARR[3]R   
1031  0100000101010010010100100000001101010010  ARR[3]R   
1032  0100000101010010010100100000001101010010  ARR[3]R   
1033  0100000101010010010100100000001101010010  ARR[3]R   
1034  0100000101010010010100100000001101010010  ARR[3]R   
1035  0100000101010010010100100000001101010010  ARR[3]R   
1036  0100000101010010010100100000001101010010  ARR[3]R   
1037  0100000101010010010100100000001101010010  ARR[3]R   
1038  0100000101010010010100100000001101010010  ARR[3]R   
1039  0100000101010010010100100000001101010010  ARR[3]R   
1040  0100000101010010010100100000001101010010  ARR[3]R   
1041  0100000101010010010100100000001101010010  ARR[3]R   
1042  0100000101010010010100100000001101010010  ARR[3]R   
1043  0100000101010010010100100000001101010010  ARR[3]R   
1044  0100000101010010010100100000001101010010  ARR[3]R   
1045  0100000101010010010100100000001101010010  ARR[3]R   
1046  0100000101010010010100100000001101010010  ARR[3]R   
1047  0100000101010010010100100000001101010010  ARR[3]R   
1048  0100000101010010010100100000001101010010  ARR[3]R   
1049  0100000101010010010100100000001101010010  ARR[3]R   
1050  0100000101010010010100100000001101010010  ARR[3]R   
1051  0100000101010010010100100000001101010010  ARR[3]R   
1052  0100000101010010010100100000001101010010  ARR[3]R   
1053  0100000101010010010100100000001101010010  ARR[3]R   
1054  0100000101010010010100100000001101010010  ARR[3]R   
1055  0100000101010010010100100000001101010010  ARR[3]R   
1056  0100000101010010010100100000001101010010  ARR[3]R   
1057  0100000101010010010100100000001101010010  ARR[3]R   
1058  0100000101010010010100100000001101010010  ARR[3]R   
1059  0100000101010010010100100000001101010010  ARR[3]R   
1060  0100000101010010010100100000001101010010  ARR[3]R   
1061  0100000101010010010100100000001101010010  ARR[3]R   
1062  0100000101010010010100100000001101010010  ARR[3]R   
1063  0100000101010010010100100000001101010010  ARR[3]R   
1064  0100000101010010010100100000001101010010  ARR[3]R   
1065  0100000101010010010100100000001101010010  ARR[3]R   
1066  0100000101010010010100100000001101010010  ARR[3]R   
1067  0100000101010010010100100000001101010010  ARR[3]R   
1068  0100000101010010010100100000001101010010  ARR[3]R   
1069  0100000101010010010100100000001101010010  ARR[3]R   
1070  0100000101010010010100100000001101010010  ARR[3]R   
1071  0100000101010010010100100000001101010010  ARR[3]R   
1072  0100000101010010010100100000001101010010  ARR[3]R   
1073  0100000101010010010100100000001101010010  ARR[3]R   
1074  0100000101010010010100100000001101010010  ARR[3]R   
1075  0100000101010010010100100000001101010010  ARR[3]R   
1076  0100000101010010010100100000001101010010  ARR[3]R   
1077  0100000101010010010100100000001101010010  ARR[3]R   
1078  0100000101010010010100100000001101010010  ARR[3]R   
1079  0100000101010010010100100000001101010010  ARR[3]R   
1080  0100000101010010010100100000001101010010  ARR[3]R   
1081  0100000101010010010100100000001101010010  ARR[3]R   
1082  0100000101010010010100100000001101010010  ARR[3]R   
1083  0100000101010010010100100000001101010010  ARR[3]R   
1084  0100000101010010010100100000001101010010  ARR[3]R   
1085  0100000101010010010100100000001101010010  ARR[3]R   
1086  0100000101010010010100100000001101010010  ARR[3]R   
1087  0100000101010010010100100000001101010010  ARR[3]R   
1088  0100000101010010010100100000001101010010  ARR[3]R   
1089  0100000101010010010100100000001101010010  ARR[3]R   
1090  0100000101010010010100100000001101010010  ARR[3]R   
1091  0100000101010010010100100000001101010010  ARR[3]R   
1092  0100000101010010010100100000001101010010  ARR[3]R   
1093  0100000101010010010100100000001101010010  ARR[3]R   
1094  0100000101010010010100100000001101010010  ARR[3]R   
1095  0100000101010010010100100000001101010010  ARR[3]R   
1096  0100000101010010010100100000001101010010  ARR[3]R   
1097  0100000101010010010100100000001101010010  ARR[3]R   
1098  0100000101010010010100100000001101010010  ARR[3]R   
1099  0100000101010010010100100000001101010010  ARR[3]R   
1100  0100000101010010010100100000001101010010  ARR[3]R   
1101  0100000101010010010100100000001101010010  ARR[3]R   
1102  0100000101010010010100100000001101010010  ARR[3]R   
1103  0100000101010010010100100000001101010010  ARR[3]R   
1104  0100000101010010010100100000001101010010  ARR[3]R   
1105  0100000101010010010100100000001101010010  ARR[3]R   
1106  0100000101010010010100100000001101010010  ARR[3]R   
1107  0100000101010010010100100000001101010010  ARR[3]R   
1108  0100000101010010010100100000001101010010  ARR[3]R   
1109  0100000101010010010100100000001101010010  ARR[3]R   
1110  0100000101010010010100100000001101010010  ARR[3]R   
1111  0100000101010010010100100000001101010010  ARR[3]R   
1112  0100000101010010010100100000001101010010  ARR[3]R   
1113  0100000101010010010100100000001101010010  ARR[3]R   
1114  0100000101010010010100100000001101010010  ARR[3]R   
1115  0100000101010010010100100000001101010010  ARR[3]R   
1116  0100000101010010010100100000001101010010  ARR[3]R   
1117  0100000101010010010100100000001101010010  ARR[3]R   
1118  0100000101010010010100100000001101010010  ARR[3]R   
1119  0100000101010010010100100000001101010010  ARR[3]R   
1120  0100000101010010010100100000001101010010  ARR[3]R   
1121  0100000101010010010100100000001101010010  ARR[3]R   
1122  0100000101010010010100100000001101010010  ARR[3]R   
1123  0100000101010010010100100000001101010010  ARR[3]R   
1124  0100000101010010010100100000001101010010  ARR[3]R   
1125  0100000101010010010100100000001101010010  ARR[3]R   
1126  0100000101010010010100100000001101010010  ARR[3]R   
1127  0100000101010010010100100000001101010010  ARR[3]R   
1128  0100000101010010010100100000001101010010  ARR[3]R   
1129  0100000101010010010100100000001101010010  ARR[3]R   
1130  0100000101010010010100100000001101010010  ARR[3]R   
1131  0100000101010010010100100000001101010010  ARR[3]R   
1132  0100000101010010010100100000001101010010  ARR[3]R   
1133  0100000101010010010100100000001101010010  ARR[3]R   
1134  0100000101010010010100100000001101010010  ARR[3]R   
1135  0100000101010010010100100000001101010010  ARR[3]R   
1136  0100000101010010010100100000001101010010  ARR[3]R   
1137  0100000101010010010100100000001101010010  ARR[3]R   
1138  0100000101010010010100100000001101010010  ARR[3]R   
1139  0100000101010010010100100000001101010010  ARR[3]R   
1140  0100000101010010010100100000001101010010  ARR[3]R   
1141  0100000101010010010100100000001101010010  ARR[3]R   
1142  0100000101010010010100100000001101010010  ARR[3]R   
1143  0100000101010010010100100000001101010010  ARR[3]R   
1144  0100000101010010010100100000001101010010  ARR[3]R   
1145  0100000101010010010100100000001101010010  ARR[3]R   
1146  0100000101010010010100100000001101010010  ARR[3]R   
1147  0100000101010010010100100000001101010010  ARR[3]R   
1148  0100000101010010010100100000001101010010  ARR[3]R   
1149  0100000101010010010100100000001101010010  ARR[3]R   
1150  0100000101010010010100100000001101010010  ARR[3]R   
1151  0100000101010010010100100000001101010010  ARR[3]R   
1152  0100000101010010010100100000001101010010  ARR[3]R   
1153  0100000101010010010100100000001101010010  ARR[3]R   
1154  0100000101010010010100100000001101010010  ARR[3]R   
1155  0100000101010010010100100000001101010010  ARR[3]R   
1156  0100000101010010010100100000001101010010  ARR[3]R   
1157  0100000101010010010100100000001101010010  ARR[3]R   
1158  0100000101010010010100100000001101010010  ARR[3]R   
1159  0100000101010010010100100000001101010010  ARR[3]R   
1160  0100000101010010010100100000001101010010  ARR[3]R   
1161  0100000101010010010100100000001101010010  ARR[3]R   
1162  0100000101010010010100100000001101010010  ARR[3]R   
1163  0100000101010010010100100000001101010010  ARR[3]R   
1164  0100000101010010010100100000001101010010  ARR[3]R   
1165  0100000101010010010100100000001101010010  ARR[3]R   
1166  0100000101010010010100100000001101010010  ARR[3]R   
1167  0100000101010010010100100000001101010010  ARR[3]R   
1168  0100000101010010010100100000001101010010  ARR[3]R   
1169  0100000101010010010100100000001101010010  ARR[3]R   
1170  0100000101010010010100100000001101010010  ARR[3]R   
1171  0100000101010010010100100000001101010010  ARR[3]R   
1172  0100000101010010010100100000001101010010  ARR[3]R   
1173  0100000101010010010100100000001101010010  ARR[3]R   
1174  0100000101010010010100100000001101010010  ARR[3]R   
1175  0100000101010010010100100000001101010010  ARR[3]R   
1176  0100000101010010010100100000001101010010  ARR[3]R   
1177  0100000101010010010100100000001101010010  ARR[3]R   
1178  0100000101010010010100100000001101010010  ARR[3]R   
1179  0100000101010010010100100000001101010010  ARR[3]R   
1180  0100000101010010010100100000001101010010  ARR[3]R   
1181  0100000101010010010100100000001101010010  ARR[3]R   
1182  0100000101010010010100100000001101010010  ARR[3]R   
1183  0100000101010010010100100000001101010010  ARR[3]R   
1184  0100000101010010010100100000001101010010  ARR[3]R   
1185  0100000101010010010100100000001101010010  ARR[3]R   
1186  0100000101010010010100100000001101010010  ARR[3]R   
1187  0100000101010010010100100000001101010010  ARR[3]R   
1188  0100000101010010010100100000001101010010  ARR[3]R   
1189  0100000101010010010100100000001101010010  ARR[3]R   
1190  0100000101010010010100100000001101010010  ARR[3]R   
1191  0100000101010010010100100000001101010010  ARR[3]R   
1192  0100000101010010010100100000001101010010  ARR[3]R   
1193  0100000101010010010100100000001101010010  ARR[3]R   
1194  0100000101010010010100100000001101010010  ARR[3]R   
1195  0100000101010010010100100000001101010010  ARR[3]R   
1196  0100000101010010010100100000001101010010  ARR[3]R   
1197  0100000101010010010100100000001101010010  ARR[3]R   
1198  0100000101010010010100100000001101010010  ARR[3]R   
1199  0100000101010010010100100000001101010010  ARR[3]R   
1200  0100000101010010010100100000001101010010  ARR[3]R   
1201  0100000101010010010100100000001101010010  ARR[3]R   
1202  0100000101010010010100100000001101010010  ARR[3]R   
1203  0100000101010010010100100000001101010010  ARR[3]R   
1204  0100000101010010010100100000001101010010  ARR[3]R   
1205  0100000101010010010100100000001101010010  ARR[3]R   
1206  0100000101010010010100100000001101010010  ARR[3]R   
1207  0100000101010010010100100000001101010010  ARR[3]R   
1208  0100000101010010010100100000001101010010  ARR[3]R   
1209  0100000101010010010100100000001101010010  ARR[3]R   
1210  0100000101010010010100100000001101010010  ARR[3]R   
1211  0100000101010010010100100000001101010010  ARR[3]R   
1212  0100000101010010010100100000001101010010  ARR[3]R   
1213  0100000101010010010100100000001101010010  ARR[3]R   
1214  0100000101010010010100100000001101010010  ARR[3]R   
1215  0100000101010010010100100000001101010010  ARR[3]R   
1216  0100000101010010010100100000001101010010  ARR[3]R   
1217  0100000101010010010100100000001101010010  ARR[3]R   
1218  0100000101010010010100100000001101010010  ARR[3]R   
1219  0100000101010010010100100000001101010010  ARR[3]R   
1220  0100000101010010010100100000001101010010  ARR[3]R   
1221  0100000101010010010100100000001101010010  ARR[3]R   
1222  0100000101010010010100100000001101010010  ARR[3]R   
1223  0100000101010010010100100000001101010010  ARR[3]R   
1224  0100000101010010010100100000001101010010  ARR[3]R   
1225  0100000101010010010100100000001101010010  ARR[3]R   
1226  0100000101010010010100100000001101010010  ARR[3]R   
1227  0100000101010010010100100000001101010010  ARR[3]R   
1228  0100000101010010010100100000001101010010  ARR[3]R   
1229  0100000101010010010100100000001101010010  ARR[3]R   
1230  0100000101010010010100100000001101010010  ARR[3]R   
1231  0100000101010010010100100000001101010010  ARR[3]R   
1232  0100000101010010010100100000001101010010  ARR[3]R   
1233  0100000101010010010100100000001101010010  ARR[3]R   
1234  0100000101010010010100100000001101010010  ARR[3]R   
1235  0100000101010010010100100000001101010010  ARR[3]R   
1236  0100000101010010010100100000001101010010  ARR[3]R   
1237  0100000101010010010100100000001101010010  ARR[3]R   
1238  0100000101010010010100100000001101010010  ARR[3]R   
1239  0100000101010010010100100000001101010010  ARR[3]R   
1240  0100000101010010010100100000001101010010  ARR[3]R   
1241  0100000101010010010100100000001101010010  ARR[3]R   
1242  0100000101010010010100100000001101010010  ARR[3]R   
1243  0100000101010010010100100000001101010010  ARR[3]R   
1244  0100000101010010010100100000001101010010  ARR[3]R   
1245  0100000101010010010100100000001101010010  ARR[3]R   
1246  0100000101010010010100100000001101010010  ARR[3]R   
1247  0100000101010010010100100000001101010010  ARR[3]R   
1248  0100000101010010010100100000001101010010  ARR[3]R   
1249  0100000101010010010100100000001101010010  ARR[3]R   
1250  0100000101010010010100100000001101010010  ARR[3]R   
1251  0100000101010010010100100000001101010010  ARR[3]R   
1252  0100000101010010010100100000001101010010  ARR[3]R   
1253  0100000101010010010100100000001101010010  ARR[3]R   
1254  0100000101010010010100100000001101010010  ARR[3]R   
1255  0100000101010010010100100000001101010010  ARR[3]R   
1256  0100000101010010010100100000001101010010  ARR[3]R   
1257  0100000101010010010100100000001101010010  ARR[3]R   
1258  0100000101010010010100100000001101010010  ARR[3]R   
1259  0100000101010010010100100000001101010010  ARR[3]R   
1260  0100000101010010010100100000001101010010  ARR[3]R   
1261  0100000101010010010100100000001101010010  ARR[3]R   
1262  0100000101010010010100100000001101010010  ARR[3]R   
1263  0100000101010010010100100000001101010010  ARR[3]R   
1264  0100000101010010010100100000001101010010  ARR[3]R   
1265  0100000101010010010100100000001101010010  ARR[3]R   
1266  0100000101010010010100100000001101010010  ARR[3]R   
1267  0100000101010010010100100000001101010010  ARR[3]R   
1268  0100000101010010010100100000001101010010  ARR[3]R   
1269  0100000101010010010100100000001101010010  ARR[3]R   
1270  0100000101010010010100100000001101010010  ARR[3]R   
1271  0100000101010010010100100000001101010010  ARR[3]R   
1272  0100000101010010010100100000001101010010  ARR[3]R   
1273  0100000101010010010100100000001101010010  ARR[3]R   
1274  0100000101010010010100100000001101010010  ARR[3]R   
1275  0100000101010010010100100000001101010010  ARR[3]R   
1276  0100000101010010010100100000001101010010  ARR[3]R   
1277  0100000101010010010100100000001101010010  ARR[3]R   
1278  0100000101010010010100100000001101010010  ARR[3]R   
1279  0100000101010010010100100000001101010010  ARR[3]R   
1280  0100000101010010010100100000001101010010  ARR[3]R   
1281  0100000101010010010100100000001101010010  ARR[3]R   
1282  0100000101010010010100100000001101010010  ARR[3]R   
1283  0100000101010010010100100000001101010010  ARR[3]R   
1284  0100000101010010010100100000001101010010  ARR[3]R   
1285  0100000101010010010100100000001101010010  ARR[3]R   
1286  0100000101010010010100100000001101010010  ARR[3]R   
1287  0100000101010010010100100000001101010010  ARR[3]R   
1288  0100000101010010010100100000001101010010  ARR[3]R   
1289  0100000101010010010100100000001101010010  ARR[3]R   
1290  0100000101010010010100100000001101010010  ARR[3]R   
1291  0100000101010010010100100000001101010010  ARR[3]R   
1292  0100000101010010010100100000001101010010  ARR[3]R   
1293  0100000101010010010100100000001101010010  ARR[3]R   
1294  0100000101010010010100100000001101010010  ARR[3]R   
1295  0100000101010010010100100000001101010010  ARR[3]R   
1296  0100000101010010010100100000001101010010  ARR[3]R   
1297  0100000101010010010100100000001101010010  ARR[3]R   
1298  0100000101010010010100100000001101010010  ARR[3]R   
1299  0100000101010010010100100000001101010010  ARR[3]R   
1300  0100000101010010010100100000001101010010  ARR[3]R   
1301  0100000101010010010100100000001101010010  ARR[3]R   
1302  0100000101010010010100100000001101010010  ARR[3]R   
1303  0100000101010010010100100000001101010010  ARR[3]R   
1304  0100000101010010010100100000001101010010  ARR[3]R   
1305  0100000101010010010100100000001101010010  ARR[3]R   
1306  0100000101010010010100100000001101010010  ARR[3]R   
1307  0100000101010010010100100000001101010010  ARR[3]R   
1308  0100000101010010010100100000001101010010  ARR[3]R   
1309  0100000101010010010100100000001101010010  ARR[3]R   
1310  0100000101010010010100100000001101010010  ARR[3]R   
1311  0100000101010010010100100000001101010010  ARR[3]R   
1312  0100000101010010010100100000001101010010  ARR[3]R   
1313  0100000101010010010100100000001101010010  ARR[3]R   
1314  0100000101010010010100100000001101010010  ARR[3]R   
1315  0100000101010010010100100000001101010010  ARR[3]R   
1316  0100000101010010010100100000001101010010  ARR[3]R   
1317  0100000101010010010100100000001101010010  ARR[3]R   
1318  0100000101010010010100100000001101010010  ARR[3]R   
1319  0100000101010010010100100000001101010010  ARR[3]R   
1320  0100000101010010010100100000001101010010  ARR[3]R   
1321  0100000101010010010100100000001101010010  ARR[3]R   
1322  0100000101010010010100100000001101010010  ARR[3]R   
1323  0100000101010010010100100000001101010010  ARR[3]R   
1324  0100000101010010010100100000001101010010  ARR[3]R   
1325  0100000101010010010100100000001101010010  ARR[3]R   
1326  0100000101010010010100100000001101010010  ARR[3]R   
1327  0100000101010010010100100000001101010010  ARR[3]R   
1328  0100000101010010010100100000001101010010  ARR[3]R   
1329  0100000101010010010100100000001101010010  ARR[3]R   
1330  0100000101010010010100100000001101010010  ARR[3]R   
1331  0100000101010010010100100000001101010010  ARR[3]R   
1332  0100000101010010010100100000001101010010  ARR[3]R   
1333  0100000101010010010100100000001101010010  ARR[3]R   
1334  0100000101010010010100100000001101010010  ARR[3]R   
1335  0100000101010010010100100000001101010010  ARR[3]R   
1336  0100000101010010010100100000001101010010  ARR[3]R   
1337  0100000101010010010100100000001101010010  ARR[3]R   
1338  0100000101010010010100100000001101010010  ARR[3]R   
1339  0100000101010010010100100000001101010010  ARR[3]R   
1340  0100000101010010010100100000001101010010  ARR[3]R   
1341  0100000101010010010100100000001101010010  ARR[3]R   
1342  0100000101010010010100100000001101010010  ARR[3]R   
1343  0100000101010010010100100000001101010010  ARR[3]R   
1344  0100000101010010010100100000001101010010  ARR[3]R   
1345  0100000101010010010100100000001101010010  ARR[3]R   
1346  0100000101010010010100100000001101010010  ARR[3]R   
1347  0100000101010010010100100000001101010010  ARR[3]R   
1348  0100000101010010010100100000001101010010  ARR[3]R   
1349  0100000101010010010100100000001101010010  ARR[3]R   
1350  0100000101010010010100100000001101010010  ARR[3]R   
1351  0100000101010010010100100000001101010010  ARR[3]R   
1352  0100000101010010010100100000001101010010  ARR[3]R   
1353  0100000101010010010100100000001101010010  ARR[3]R   
1354  0100000101010010010100100000001101010010  ARR[3]R   
1355  0100000101010010010100100000001101010010  ARR[3]R   
1356  0100000101010010010100100000001101010010  ARR[3]R   
1357  0100000101010010010100100000001101010010  ARR[3]R   
1358  0100000101010010010100100000001101010010  ARR[3]R   
1359  0100000101010010010100100000001101010010  ARR[3]R   
1360  0100000101010010010100100000001101010010  ARR[3]R   
1361  0100000101010010010100100000001101010010  ARR[3]R   
1362  0100000101010010010100100000001101010010  ARR[3]R   
1363  0100000101010010010100100000001101010010  ARR[3]R   
1364  0100000101010010010100100000001101010010  ARR[3]R   
1365  0100000101010010010100100000001101010010  ARR[3]R   
1366  0100000101010010010100100000001101010010  ARR[3]R   
1367  0100000101010010010100100000001101010010  ARR[3]R   
1368  0100000101010010010100100000001101010010  ARR[3]R   
1369  0100000101010010010100100000001101010010  ARR[3]R   
1370  0100000101010010010100100000001101010010  ARR[3]R   
1371  0100000101010010010100100000001101010010  ARR[3]R   
1372  0100000101010010010100100000001101010010  ARR[3]R   
1373  0100000101010010010100100000001101010010  ARR[3]R   
1374  0100000101010010010100100000001101010010  ARR[3]R   
1375  0100000101010010010100100000001101010010  ARR[3]R   
1376  0100000101010010010100100000001101010010  ARR[3]R   
1377  0100000101010010010100100000001101010010  ARR[3]R   
1378  0100000101010010010100100000001101010010  ARR[3]R   
1379  0100000101010010010100100000001101010010  ARR[3]R   
1380  0100000101010010010100100000001101010010  ARR[3]R   
1381  0100000101010010010100100000001101010010  ARR[3]R   
1382  0100000101010010010100100000001101010010  ARR[3]R   
1383  0100000101010010010100100000001101010010  ARR[3]R   
1384  0100000101010010010100100000001101010010  ARR[3]R   
1385  0100000101010010010100100000001101010010  ARR[3]R   
1386  0100000101010010010100100000001101010010  ARR[3]R   
1387  0100000101010010010100100000001101010010  ARR[3]R   
1388  0100000101010010010100100000001101010010  ARR[3]R   
1389  0100000101010010010100100000001101010010  ARR[3]R   
1390  0100000101010010010100100000001101010010  ARR[3]R   
1391  0100000101010010010100100000001101010010  ARR[3]R   
1392  0100000101010010010100100000001101010010  ARR[3]R   
1393  0100000101010010010100100000001101010010  ARR[3]R   
1394  0100000101010010010100100000001101010010  ARR[3]R   
1395  0100000101010010010100100000001101010010  ARR[3]R   
1396  0100000101010010010100100000001101010010  ARR[3]R   
1397  0100000101010010010100100000001101010010  ARR[3]R   
1398  0100000101010010010100100000001101010010  ARR[3]R   
1399  0100000101010010010100100000001101010010  ARR[3]R   
1400  0100000101010010010100100000001101010010  ARR[3]R   
1401  0100000101010010010100100000001101010010  ARR[3]R   
1402  0100000101010010010100100000001101010010  ARR[3]R   
1403  0100000101010010010100100000001101010010  ARR[3]R   
1404  0100000101010010010100100000001101010010  ARR[3]R   
1405  0100000101010010010100100000001101010010  ARR[3]R   
1406  0100000101010010010100100000001101010010  ARR[3]R   
1407  0100000101010010010100100000001101010010  ARR[3]R   
1408  0100000101010010010100100000001101010010  ARR[3]R   
1409  0100000101010010010100100000001101010010  ARR[3]R   
1410  0100000101010010010100100000001101010010  ARR[3]R   
1411  0100000101010010010100100000001101010010  ARR[3]R   
1412  0100000101010010010100100000001101010010  ARR[3]R   
1413  0100000101010010010100100000001101010010  ARR[3]R   
1414  0100000101010010010100100000001101010010  ARR[3]R   
1415  0100000101010010010100100000001101010010  ARR[3]R   
1416  0100000101010010010100100000001101010010  ARR[3]R   
1417  0100000101010010010100100000001101010010  ARR[3]R   
1418  0100000101010010010100100000001101010010  ARR[3]R   
1419  0100000101010010010100100000001101010010  ARR[3]R   
1420  0100000101010010010100100000001101010010  ARR[3]R   
1421  0100000101010010010100100000001101010010  ARR[3]R   
1422  0100000101010010010100100000001101010010  ARR[3]R   
1423  0100000101010010010100100000001101010010  ARR[3]R   
1424  0100000101010010010100100000001101010010  ARR[3]R   
1425  0100000101010010010100100000001101010010  ARR[3]R   
1426  0100000101010010010100100000001101010010  ARR[3]R   
1427  0100000101010010010100100000001101010010  ARR[3]R   
1428  0100000101010010010100100000001101010010  ARR[3]R   
1429  0100000101010010010100100000001101010010  ARR[3]R   
1430  0100000101010010010100100000001101010010  ARR[3]R   
1431  0100000101010010010100100000001101010010  ARR[3]R   
1432  0100000101010010010100100000001101010010  ARR[3]R   
1433  0100000101010010010100100000001101010010  ARR[3]R   
1434  0100000101010010010100100000001101010010  ARR[3]R   
1435  0100000101010010010100100000001101010010  ARR[3]R   
1436  0100000101010010010100100000001101010010  ARR[3]R   
1437  0100000101010010010100100000001101010010  ARR[3]R   
1438  0100000101010010010100100000001101010010  ARR[3]R   
1439  0100000101010010010100100000001101010010  ARR[3]R   
1440  0101010111011111010101100101111101010110  U[223]V_V 
1441  0101010111011111010101100101111101010110  U[223]V_V 
1442  0101010111011111010101100101111101010110  U[223]V_V 
1443  0101010111011111010101100101111101010110  U[223]V_V 
1444  0101010111011111010101100101111101010110  U[223]V_V 
1445  0101010111011111010101100101111101010110  U[223]V_V 
1446  0101010111011111010101100101111101010110  U[223]V_V 
1447  0101010111011111010101100101111101010110  U[223]V_V 
1448  0101010111011111010101100101111101010110  U[223]V_V 
1449  0101010111011111010101100101111101010110  U[223]V_V 
1450  0101010111011111010101100101111101010110  U[223]V_V 
1451  0101010111011111010101100101111101010110  U[223]V_V 
1452  0101010111011111010101100101111101010110  U[223]V_V 
1453  0101010111011111010101100101111101010110  U[223]V_V 
1454  0101010111011111010101100101111101010110  U[223]V_V 
1455  0101010111011111010101100101111101010110  U[223]V_V 
1456  0101010111011111010101100101111101010110  U[223]V_V 
1457  0101010111011111010101100101111101010110  U[223]V_V 
1458  0101010111011111010101100101111101010110  U[223]V_V 
1459  0101010111011111010101100101111101010110  U[223]V_V 
1460  0101010111011111010101100101111101010110  U[223]V_V 
1461  0101010111011111010101100101111101010110  U[223]V_V 
1462  0101010111011111010101100101111101010110  U[223]V_V 
1463  0101010111011111010101100101111101010110  U[223]V_V 
1464  0101010111011111010101100101111101010110  U[223]V_V 
1465  0101010111011111010101100101111101010110  U[223]V_V 
1466  0101010111011111010101100101111101010110  U[223]V_V 
1467  0101010111011111010101100101111101010110  U[223]V_V 
1468  0101010111011111010101100101111101010110  U[223]V_V 
1469  0101010111011111010101100101111101010110  U[223]V_V 
1470  1111111111111111111111111111111111111111  [255][255][255][255][255]
1471  1111111111111111111111111111111111111111  [255][255][255][255][255]
1472  1111111111111111111111111111111111111111  [255][255][255][255][255]
1473  1111111111111111111111111111111111111111  [255][255][255][255][255]
1474  1111111111111111111111111111111111111111  [255][255][255][255][255]
1475  1111111111111111111111111111111111111111  [255][255][255][255][255]
1476  1111111111111111111111111111111111111111  [255][255][255][255][255]
1477  1111111111111111111111111111111111111111  [255][255][255][255][255]
1478  1111111111111111111111111111111111111111  [255][255][255][255][255]
1479  1111111111111111111111111111111111111111  [255][255][255][255][255]
1480  1111111111111111111111111111111111111111  [255][255][255][255][255]
1481  1111111111111111111111111111111111111111  [255][255][255][255][255]
1482  0101011111011111010101100101111101010111  W[223]V_W 
1483  0101011111011111010101100101111101010111  W[223]V_W 
1484  1111111111111111111111111111111111111111  [255][255][255][255][255]
1485  1111111111111111111111111111111111111111  [255][255][255][255][255]
1486  1111111111111111111111111111111111111111  [255][255][255][255][255]
1487  1111111111111111111111111111111111111111  [255][255][255][255][255]
1488  1111111111111111111111111111111111111111  [255][255][255][255][255]
1489  1111111111111111111111111111111111111111  [255][255][255][255][255]
1490  1111111111111111111111111111111111111111  [255][255][255][255][255]
1491  1111111111111111111111111111111111111111  [255][255][255][255][255]
1492  1111111111111111111111111111111111111111  [255][255][255][255][255]
1493  1111111111111111111111111111111111111111  [255][255][255][255][255]
1494  1111111111111111111111111111111111111111  [255][255][255][255][255]
1495  1111111111111111111111111111111111111111  [255][255][255][255][255]
1496  1111111111111111111111111111111111111111  [255][255][255][255][255]
1497  1111111111111111111111111111111111111111  [255][255][255][255][255]
1498  1111111111111111111111111111111111111111  [255][255][255][255][255]
1499  1111111111111111111111111111111111111111  [255][255][255][255][255]
1500  1111111111111111111111111111111111111111  [255][255][255][255][255]
1501  1111111111111111111111111111111111111111  [255][255][255][255][255]
1502  1111111111111111111111111111111111111111  [255][255][255][255][255]
1503  1111111111111111111111111111111111111111  [255][255][255][255][255]
1504  1111111111111111111111111111111111111111  [255][255][255][255][255]
1505  1111111111111111111111111111111111111111  [255][255][255][255][255]
1506  1111111111111111111111111111111111111111  [255][255][255][255][255]
1507  1111111111111111111111111111111111111111  [255][255][255][255][255]
1508  1111111111111111111111111111111111111111  [255][255][255][255][255]
1509  1111111111111111111111111111111111111111  [255][255][255][255][255]
1510  1111111111111111111111111111111111111111  [255][255][255][255][255]
1511  1111111111111111111111111111111111111111  [255][255][255][255][255]
1512  1111111111111111111111111111111111111111  [255][255][255][255][255]
1513  1111111111111111111111111111111111111111  [255][255][255][255][255]
1514  1111111111111111111111111111111111111111  [255][255][255][255][255]
1515  1111111111111111111111111111111111111111  [255][255][255][255][255]
1516  1111111111111111111111111111111111111111  [255][255][255][255][255]
1517  1111111111111111111111111111111111111111  [255][255][255][255][255]
1518  1111111111111111111111111111111111111111  [255][255][255][255][255]
1519  1111111111111111111111111111111111111111  [255][255][255][255][255]
1520  1111111111111111111111111111111111111111  [255][255][255][255][255]
1521  1111111111111111111111111111111111111111  [255][255][255][255][255]
1522  1111111111111111111111111111111111111111  [255][255][255][255][255]
1523  1111111111111111111111111111111111111111  [255][255][255][255][255]
1524  1111111111111111111111111111111111111111  [255][255][255][255][255]
1525  1111111111111111111111111111111111111111  [255][255][255][255][255]
1526  1111111111111111111111111111111111111111  [255][255][255][255][255]
1527  1111111111111111111111111111111111111111  [255][255][255][255][255]
1528  1111111111111111111111111111111111111111  [255][255][255][255][255]
1529  1111111111111111111111111111111111111111  [255][255][255][255][255]
1530  1111111111111111111111111111111111111111  [255][255][255][255][255]
1531  1111111111111111111111111111111111111111  [255][255][255][255][255]
1532  1111111111111111111111111111111111111111  [255][255][255][255][255]
1533  1111111111111111111111111111111111111111  [255][255][255][255][255]
1534  1111111111111111111111111111111111111111  [255][255][255][255][255]
1535  1111111111111111111111111111111111111111  [255][255][255][255][255]
1536  0101011111011111010101100101111101010111  W[223]V_W 
1537  0101011111011111010101100101111101010111  W[223]V_W 
1538  0101011111011111010101100101111101010111  W[223]V_W 
1539  0101011111011111010101100101111101010111  W[223]V_W 
1540  0101011111011111010101100101111101010111  W[223]V_W 
1541  0101011111011111010101100101111101010111  W[223]V_W 
1542  0101011111011111010101100101111101010111  W[223]V_W 
1543  0101011111011111010101100101111101010111  W[223]V_W 
1544  1111111111111111111111111111111111111111  [255][255][255][255][255]
1545  1111111111111111111111111111111111111111  [255][255][255][255][255]
1546  1111111111111111111111111111111111111111  [255][255][255][255][255]
1547  1111111111111111111111111111111111111111  [255][255][255][255][255]
1548  1111111111111111111111111111111111111111  [255][255][255][255][255]
1549  1111111111111111111111111111111111111111  [255][255][255][255][255]
1550  1111111111111111111111111111111111111111  [255][255][255][255][255]
1551  1111111111111111111111111111111111111111  [255][255][255][255][255]
1552  1111111111111111111111111111111111111111  [255][255][255][255][255]
1553  1111111111111111111111111111111111111111  [255][255][255][255][255]
1554  1111111111111111111111111111111111111111  [255][255][255][255][255]
1555  1111111111111111111111111111111111111111  [255][255][255][255][255]
1556  1111111111111111111111111111111111111111  [255][255][255][255][255]
1557  1111111111111111111111111111111111111111  [255][255][255][255][255]
1558  1111111111111111111111111111111111111111  [255][255][255][255][255]
1559  1111111111111111111111111111111111111111  [255][255][255][255][255]
1560  0100000111011111010101100000001101010110  A[223]V[3]V
1561  0100000111011111010101100000001101010110  A[223]V[3]V
1562  0100000111011111010101100000001101010110  A[223]V[3]V
1563  0100000111011111010101100000001101010110  A[223]V[3]V
1564  0100000111011111010101100000001101010110  A[223]V[3]V
1565  0100000111011111010101100000001101010110  A[223]V[3]V
1566  0100000111011111010101100000001101010110  A[223]V[3]V
1567  0100000111011111010101100000001101010110  A[223]V[3]V
1568  0100000111011111010101100000001101010110  A[223]V[3]V
1569  0100000111011111010101100000001101010110  A[223]V[3]V
1570  0100000111011111010101100000001101010110  A[223]V[3]V
1571  0100000111011111010101100000001101010110  A[223]V[3]V
1572  0100000111011111010101100000001101010110  A[223]V[3]V
1573  0100000111011111010101100000001101010110  A[223]V[3]V
1574  0100000111011111010101100000001101010110  A[223]V[3]V
1575  0100000111011111010101100000001101010110  A[223]V[3]V
1576  0100000111011111010101100000001101010110  A[223]V[3]V
1577  0100000111011111010101100000001101010110  A[223]V[3]V
1578  0100000111011111010101100000001101010110  A[223]V[3]V
1579  0100000111011111010101100000001101010110  A[223]V[3]V
1580  0100000111011111010101100000001101010110  A[223]V[3]V
1581  0100000111011111010101100000001101010110  A[223]V[3]V
1582  0100000111011111010101100000001101010110  A[223]V[3]V
1583  0100000111011111010101100000001101010110  A[223]V[3]V
1584  0100000111011111010101100000001101010110  A[223]V[3]V
1585  0100000111011111010101100000001101010110  A[223]V[3]V
1586  0100000111011111010101100000001101010110  A[223]V[3]V
1587  0100000111011111010101100000001101010110  A[223]V[3]V
1588  0100000111011111010101100000001101010110  A[223]V[3]V
1589  0100000111011111010101100000001101010110  A[223]V[3]V
1590  0100000111011111010101100000001101010110  A[223]V[3]V
1591  0100000111011111010101100000001101010110  A[223]V[3]V
1592  0100000111011111010101100000001101010110  A[223]V[3]V
1593  0100000111011111010101100000001101010110  A[223]V[3]V
1594  0100000111011111010101100000001101010110  A[223]V[3]V
1595  0100000111011111010101100000001101010110  A[223]V[3]V
1596  0100000111011111010101100000001101010110  A[223]V[3]V
1597  0100000111011111010101100000001101010110  A[223]V[3]V
1598  0100000111011111010101100000001101010110  A[223]V[3]V
1599  0100000111011111010101100000001101010110  A[223]V[3]V
1600  0100000111011111010101100000001101010110  A[223]V[3]V
1601  0100000111011111010101100000001101010110  A[223]V[3]V
1602  0100000111011111010101100000001101010110  A[223]V[3]V
1603  0100000111011111010101100000001101010110  A[223]V[3]V
1604  0100000111011111010101100000001101010110  A[223]V[3]V
1605  0100000111011111010101100000001101010110  A[223]V[3]V
1606  0100000111011111010101100000001101010110  A[223]V[3]V
1607  0100000111011111010101100000001101010110  A[223]V[3]V
1608  0100000111011111010101100000001101010110  A[223]V[3]V
1609  0100000111011111010101100000001101010110  A[223]V[3]V
1610  0100000111011111010101100000001101010110  A[223]V[3]V
1611  0100000111011111010101100000001101010110  A[223]V[3]V
1612  0100000111011111010101100000001101010110  A[223]V[3]V
1613  0100000111011111010101100000001101010110  A[223]V[3]V
1614  0100000111011111010101100000001101010110  A[223]V[3]V
1615  0100000111011111010101100000001101010110  A[223]V[3]V
1616  0100000111011111010101100000001101010110  A[223]V[3]V
1617  0100000111011111010101100000001101010110  A[223]V[3]V
1618  0100000111011111010101100000001101010110  A[223]V[3]V
1619  0100000111011111010101100000001101010110  A[223]V[3]V
1620  0100000111011111010101100000001101010110  A[223]V[3]V
1621  0100000111011111010101100000001101010110  A[223]V[3]V
1622  0100000111011111010101100000001101010110  A[223]V[3]V
1623  0100000111011111010101100000001101010110  A[223]V[3]V
1624  0100000111011111010101100000001101010110  A[223]V[3]V
1625  0100000111011111010101100000001101010110  A[223]V[3]V
1626  0100000111011111010101100000001101010110  A[223]V[3]V
1627  0100000111011111010101100000001101010110  A[223]V[3]V
1628  0100000111011111010101100000001101010110  A[223]V[3]V
1629  0100000111011111010101100000001101010110  A[223]V[3]V
1630  0100000111011111010101100000001101010110  A[223]V[3]V
1631  0100000111011111010101100000001101010110  A[223]V[3]V
1632  0100000111011111010101100000001101010110  A[223]V[3]V
1633  0100000111011111010101100000001101010110  A[223]V[3]V
1634  0100000111011111010101100000001101010110  A[223]V[3]V
1635  0100000111011111010101100000001101010110  A[223]V[3]V
1636  0100000111011111010101100000001101010110  A[223]V[3]V
1637  0100000111011111010101100000001101010110  A[223]V[3]V
1638  0100000111011111010101100000001101010110  A[223]V[3]V
1639  0100000111011111010101100000001101010110  A[223]V[3]V
1640  0100000111011111010101100000001101010110  A[223]V[3]V
1641  0100000111011111010101100000001101010110  A[223]V[3]V
1642  0100000111011111010101100000001101010110  A[223]V[3]V
1643  0100000111011111010101100000001101010110  A[223]V[3]V
1644  0100000111011111010101100000001101010110  A[223]V[3]V
1645  0100000111011111010101100000001101010110  A[223]V[3]V
1646  0100000111011111010101100000001101010110  A[223]V[3]V
1647  0100000111011111010101100000001101010110  A[223]V[3]V
1648  0100000111011111010101100000001101010110  A[223]V[3]V
1649  0100000111011111010101100000001101010110  A[223]V[3]V
1650  0100000111011111010101100000001101010110  A[223]V[3]V
1651  0100000111011111010101100000001101010110  A[223]V[3]V
1652  0100000111011111010101100000001101010110  A[223]V[3]V
1653  0100000111011111010101100000001101010110  A[223]V[3]V
1654  0100000111011111010101100000001101010110  A[223]V[3]V
1655  0100000111011111010101100000001101010110  A[223]V[3]V
1656  0100000111011111010101100000001101010110  A[223]V[3]V
1657  0100000111011111010101100000001101010110  A[223]V[3]V
1658  0100000111011111010101100000001101010110  A[223]V[3]V
1659  0100000111011111010101100000001101010110  A[223]V[3]V
1660  0100000111011111010101100000001101010110  A[223]V[3]V
1661  0100000111011111010101100000001101010110  A[223]V[3]V
1662  0100000111011111010101100000001101010110  A[223]V[3]V
1663  0100000111011111010101100000001101010110  A[223]V[3]V
1664  0100000111011111010101100000001101010110  A[223]V[3]V
1665  0100000111011111010101100000001101010110  A[223]V[3]V
1666  0100000111011111010101100000001101010110  A[223]V[3]V
1667  0100000111011111010101100000001101010110  A[223]V[3]V
1668  0100000111011111010101100000001101010110  A[223]V[3]V
1669  0100000111011111010101100000001101010110  A[223]V[3]V
1670  0100000111011111010101100000001101010110  A[223]V[3]V
1671  0100000111011111010101100000001101010110  A[223]V[3]V
1672  0100000111011111010101100000001101010110  A[223]V[3]V
1673  0100000111011111010101100000001101010110  A[223]V[3]V
1674  0100000111011111010101100000001101010110  A[223]V[3]V
1675  0100000111011111010101100000001101010110  A[223]V[3]V
1676  0100000111011111010101100000001101010110  A[223]V[3]V
1677  0100000111011111010101100000001101010110  A[223]V[3]V
1678  0100000111011111010101100000001101010110  A[223]V[3]V
1679  0100000111011111010101100000001101010110  A[223]V[3]V
1680  0101010111011111010101100101111101010110  U[223]V_V 
1681  0101010111011111010101100101111101010110  U[223]V_V 
1682  0101010111011111010101100101111101010110  U[223]V_V 
1683  0101010111011111010101100101111101010110  U[223]V_V 
1684  0101010111011111010101100101111101010110  U[223]V_V 
1685  0101010111011111010101100101111101010110  U[223]V_V 
1686  1111111111111111111111111111111111111111  [255][255][255][255][255]
1687  1111111111111111111111111111111111111111  [255][255][255][255][255]
1688  1111111111111111111111111111111111111111  [255][255][255][255][255]
1689  1111111111111111111111111111111111111111  [255][255][255][255][255]
1690  1111111111111111111111111111111111111111  [255][255][255][255][255]
1691  1111111111111111111111111111111111111111  [255][255][255][255][255]
1692  1111111111111111111111111111111111111111  [255][255][255][255][255]
1693  1111111111111111111111111111111111111111  [255][255][255][255][255]
1694  1111111111111111111111111111111111111111  [255][255][255][255][255]
1695  1111111111111111111111111111111111111111  [255][255][255][255][255]
1696  1111111111111111111111111111111111111111  [255][255][255][255][255]
1697  1111111111111111111111111111111111111111  [255][255][255][255][255]
1698  0101011111011111010101100101111101010111  W[223]V_W 
1699  0101011111011111010101100101111101010111  W[223]V_W 
1700  1111111111111111111111111111111111111111  [255][255][255][255][255]
1701  1111111111111111111111111111111111111111  [255][255][255][255][255]
1702  1111111111111111111111111111111111111111  [255][255][255][255][255]
1703  1111111111111111111111111111111111111111  [255][255][255][255][255]
1704  0100010111011111010101100000001101010110  E[223]V[3]V
1705  0100010111011111010101100000001101010110  E[223]V[3]V
1706  0100010111011111010101100000001101010110  E[223]V[3]V
1707  0100010111011111010101100000001101010110  E[223]V[3]V
1708  0100010111011111010101100000001101010110  E[223]V[3]V
1709  0100010111011111010101100000001101010110  E[223]V[3]V
1710  0100010111011111010101100000001101010110  E[223]V[3]V
1711  0100010111011111010101100000001101010110  E[223]V[3]V
1712  0100010111011111010101100000001101010110  E[223]V[3]V
1713  0100010111011111010101100000001101010110  E[223]V[3]V
1714  0100010111011111010101100000001101010110  E[223]V[3]V
1715  0100010111011111010101100000001101010110  E[223]V[3]V
1716  0100010111011111010101100000001101010110  E[223]V[3]V
1717  0100010111011111010101100000001101010110  E[223]V[3]V
1718  0100010111011111010101100000001101010110  E[223]V[3]V
1719  0100010111011111010101100000001101010110  E[223]V[3]V
1720  0100010111011111010101100000001101010110  E[223]V[3]V
1721  0100010111011111010101100000001101010110  E[223]V[3]V
1722  0100010111011111010101100000001101010110  E[223]V[3]V
1723  0100010111011111010101100000001101010110  E[223]V[3]V
1724  0100010111011111010101100000001101010110  E[223]V[3]V
1725  0100010111011111010101100000001101010110  E[223]V[3]V
1726  0100010111011111010101100000001101010110  E[223]V[3]V
1727  0100010111011111010101100000001101010110  E[223]V[3]V
1728  1111111111111111111111111111111111111111  [255][255][255][255][255]
1729  1111111111111111111111111111111111111111  [255][255][255][255][255]
1730  1111111111111111111111111111111111111111  [255][255][255][255][255]
1731  1111111111111111111111111111111111111111  [255][255][255][255][255]
1732  1111111111111111111111111111111111111111  [255][255][255][255][255]
1733  1111111111111111111111111111111111111111  [255][255][255][255][255]
1734  1111111111111111111111111011001111111111  [255][255][255][179][255]
1735  1111111111111111111111111011001111111111  [255][255][255][179][255]
1736  1111111111111111111111111011001111111111  [255][255][255][179][255]
1737  1111111111111111111111111011001111111111  [255][255][255][179][255]
1738  1111111111111111111111111011001111111111  [255][255][255][179][255]
1739  1111111111111111111111111011001111111111  [255][255][255][179][255]
1740  1111111111111111111111111111111111111111  [255][255][255][255][255]
1741  1111111111111111111111111111111111111111  [255][255][255][255][255]
1742  1111111111111111111111111011001111111111  [255][255][255][179][255]
1743  1111111111111111111111111011001111111111  [255][255][255][179][255]
1744  1111111111111111111111111111111111111111  [255][255][255][255][255]
1745  1111111111111111111111111011001111111111  [255][255][255][179][255]
1746  1111111111111111111111111111111111111111  [255][255][255][255][255]
1747  1111111111111111111111111111111111111111  [255][255][255][255][255]
1748  1111111111111111111111111011001111111111  [255][255][255][179][255]
1749  1111111111111111111111111011001111111111  [255][255][255][179][255]
1750  1111111111111111111111111111111111111111  [255][255][255][255][255]
1751  1111111111111111111111111011001111111111  [255][255][255][179][255]
1752  1111111111111111111111111111111111111111  [255][255][255][255][255]
1753  1111111111111111111111111111111111111111  [255][255][255][255][255]
1754  1111111111111111111111111111111111111111  [255][255][255][255][255]
1755  1111111111111111111111111111111111111111  [255][255][255][255][255]
1756  1111111111111111111111111111111111111111  [255][255][255][255][255]
1757  1111111111111111111111111111111111111111  [255][255][255][255][255]
1758  1111111111111111111111111011001111111111  [255][255][255][179][255]
1759  1111111111111111111111111011001111111111  [255][255][255][179][255]
1760  1111111111111111111111111011001111111111  [255][255][255][179][255]
1761  1111111111111111111111111011001111111111  [255][255][255][179][255]
1762  1111111111111111111111111011001111111111  [255][255][255][179][255]
1763  1111111111111111111111111011001111111111  [255][255][255][179][255]
1764  1111111111111111111111111111111111111111  [255][255][255][255][255]
1765  1111111111111111111111111111111111111111  [255][255][255][255][255]
1766  1111111111111111111111111011001111111111  [255][255][255][179][255]
1767  1111111111111111111111111011001111111111  [255][255][255][179][255]
1768  1111111111111111111111111111111111111111  [255][255][255][255][255]
1769  1111111111111111111111111011001111111111  [255][255][255][179][255]
1770  1111111111111111111111111111111111111111  [255][255][255][255][255]
1771  1111111111111111111111111111111111111111  [255][255][255][255][255]
1772  1111111111111111111111111011001111111111  [255][255][255][179][255]
1773  1111111111111111111111111011001111111111  [255][255][255][179][255]
1774  1111111111111111111111111111111111111111  [255][255][255][255][255]
1775  1111111111111111111111111011001111111111  [255][255][255][179][255]
1776  0101011111011111010101100101111101010111  W[223]V_W 
1777  0101011111011111010101100101111101010111  W[223]V_W 
1778  1111111111111111111111111111111111111111  [255][255][255][255][255]
1779  1111111111111111111111111111111111111111  [255][255][255][255][255]
1780  1111111111111111111111111111111111111111  [255][255][255][255][255]
1781  1111111111111111111111111111111111111111  [255][255][255][255][255]
1782  0100011111011111010101100000001101010111  G[223]V[3]W
1783  0100011111011111010101100000001101010111  G[223]V[3]W
1784  0100011111011111010101100000001101010111  G[223]V[3]W
1785  0100011111011111010101100000001101010111  G[223]V[3]W
1786  0100011111011111010101100000001101010111  G[223]V[3]W
1787  0100011111011111010101100000001101010111  G[223]V[3]W
1788  1111111111111111111111111111111111111111  [255][255][255][255][255]
1789  1111111111111111111111111111111111111111  [255][255][255][255][255]
1790  1111111111111111111111111011001111111111  [255][255][255][179][255]
1791  1111111111111111111111111011001111111111  [255][255][255][179][255]
1792  1111111111111111111111111111111111111111  [255][255][255][255][255]
1793  1111111111111111111111111011001111111111  [255][255][255][179][255]
1794  1111111111111111111111111111111111111111  [255][255][255][255][255]
1795  1111111111111111111111111111111111111111  [255][255][255][255][255]
1796  1111111111111111111111111011001111111111  [255][255][255][179][255]
1797  1111111111111111111111111011001111111111  [255][255][255][179][255]
1798  1111111111111111111111111111111111111111  [255][255][255][255][255]
1799  1111111111111111111111111011001111111111  [255][255][255][179][255]
1800  1111111111111111111111111111111111111111  [255][255][255][255][255]
1801  1111111111111111111111111111111111111111  [255][255][255][255][255]
1802  1111111111111111111111111111111111111111  [255][255][255][255][255]
1803  1111111111111111111111111111111111111111  [255][255][255][255][255]
1804  1111111111111111111111111111111111111111  [255][255][255][255][255]
1805  1111111111111111111111111111111111111111  [255][255][255][255][255]
1806  1111111111111111111111111111111111111111  [255][255][255][255][255]
1807  1111111111111111111111111111111111111111  [255][255][255][255][255]
1808  1111111111111111111111111111111111111111  [255][255][255][255][255]
1809  1111111111111111111111111111111111111111  [255][255][255][255][255]
1810  1111111111111111111111111111111111111111  [255][255][255][255][255]
1811  1111111111111111111111111111111111111111  [255][255][255][255][255]
1812  1111111111111111111111111111111111111111  [255][255][255][255][255]
1813  1111111111111111111111111111111111111111  [255][255][255][255][255]
1814  1111111111111111111111111111111111111111  [255][255][255][255][255]
1815  1111111111111111111111111111111111111111  [255][255][255][255][255]
1816  1111111111111111111111111111111111111111  [255][255][255][255][255]
1817  1111111111111111111111111111111111111111  [255][255][255][255][255]
1818  1111111111111111111111111111111111111111  [255][255][255][255][255]
1819  1111111111111111111111111111111111111111  [255][255][255][255][255]
1820  1111111111111111111111111111111111111111  [255][255][255][255][255]
1821  1111111111111111111111111111111111111111  [255][255][255][255][255]
1822  1111111111111111111111111111111111111111  [255][255][255][255][255]
1823  1111111111111111111111111111111111111111  [255][255][255][255][255]
1824  1111101111111111111111111011001111111111  [251][255][255][179][255]
1825  1111101111111111111111111011001111111111  [251][255][255][179][255]
1826  1111101111111111111111111011001111111111  [251][255][255][179][255]
1827  1111101111111111111111111011001111111111  [251][255][255][179][255]
1828  1111101111111111111111111011001111111111  [251][255][255][179][255]
1829  1111101111111111111111111011001111111111  [251][255][255][179][255]
1830  1111101111111111111111111011001111111111  [251][255][255][179][255]
1831  1111101111111111111111111011001111111111  [251][255][255][179][255]
1832  1111101111111111111111111011001111111111  [251][255][255][179][255]
1833  1111101111111111111111111011001111111111  [251][255][255][179][255]
1834  1111101111111111111111111011001111111111  [251][255][255][179][255]
1835  1111101111111111111111111011001111111111  [251][255][255][179][255]
1836  1111101111111111111111111011001111111111  [251][255][255][179][255]
1837  1111101111111111111111111011001111111111  [251][255][255][179][255]
1838  1111101111111111111111111011001111111111  [251][255][255][179][255]
1839  1111101111111111111111111011001111111111  [251][255][255][179][255]
1840  1111101111111111111111111011001111111111  [251][255][255][179][255]
1841  1111101111111111111111111011001111111111  [251][255][255][179][255]
1842  1111101111111111111111111011001111111111  [251][255][255][179][255]
1843  1111101111111111111111111011001111111111  [251][255][255][179][255]
1844  1111101111111111111111111011001111111111  [251][255][255][179][255]
1845  1111101111111111111111111011001111111111  [251][255][255][179][255]
1846  1111101111111111111111111011001111111111  [251][255][255][179][255]
1847  1111101111111111111111111011001111111111  [251][255][255][179][255]
1848  1111111111111111111111111111111111111111  [255][255][255][255][255]
1849  1111111111111111111111111111111111111111  [255][255][255][255][255]
1850  1111111111111111111111111111111111111111  [255][255][255][255][255]
1851  1111111111111111111111111111111111111111  [255][255][255][255][255]
1852  1111111111111111111111111111111111111111  [255][255][255][255][255]
1853  1111111111111111111111111111111111111111  [255][255][255][255][255]
1854  1111111111111111111111111011001111111111  [255][255][255][179][255]
1855  1111111111111111111111111011001111111111  [255][255][255][179][255]
1856  1111111111111111111111111011001111111111  [255][255][255][179][255]
1857  1111111111111111111111111011001111111111  [255][255][255][179][255]
1858  1111111111111111111111111011001111111111  [255][255][255][179][255]
1859  1111111111111111111111111011001111111111  [255][255][255][179][255]
1860  1111111111111111111111111111111111111111  [255][255][255][255][255]
1861  1111111111111111111111111111111111111111  [255][255][255][255][255]
1862  1111111111111111111111111011001111111111  [255][255][255][179][255]
1863  1111111111111111111111111011001111111111  [255][255][255][179][255]
1864  1111111111111111111111111111111111111111  [255][255][255][255][255]
1865  1111111111111111111111111011001111111111  [255][255][255][179][255]
1866  1111111111111111111111111111111111111111  [255][255][255][255][255]
1867  1111111111111111111111111111111111111111  [255][255][255][255][255]
1868  1111111111111111111111111011001111111111  [255][255][255][179][255]
1869  1111111111111111111111111011001111111111  [255][255][255][179][255]
1870  1111111111111111111111111111111111111111  [255][255][255][255][255]
1871  1111111111111111111111111011001111111111  [255][255][255][179][255]
1872  1111111111111111111111111111111111111111  [255][255][255][255][255]
1873  1111111111111111111111111111111111111111  [255][255][255][255][255]
1874  1111111111111111111111111111111111111111  [255][255][255][255][255]
1875  1111111111111111111111111111111111111111  [255][255][255][255][255]
1876  1111111111111111111111111111111111111111  [255][255][255][255][255]
1877  1111111111111111111111111111111111111111  [255][255][255][255][255]
1878  1111101111111111111111111011001111111111  [251][255][255][179][255]
1879  1111101111111111111111111011001111111111  [251][255][255][179][255]
1880  1111101111111111111111111011001111111111  [251][255][255][179][255]
1881  1111101111111111111111111011001111111111  [251][255][255][179][255]
1882  1111101111111111111111111011001111111111  [251][255][255][179][255]
1883  1111101111111111111111111011001111111111  [251][255][255][179][255]
1884  1111111111111111111111111111111111111111  [255][255][255][255][255]
1885  1111111111111111111111111111111111111111  [255][255][255][255][255]
1886  1111111111111111111111111011001111111111  [255][255][255][179][255]
1887  1111111111111111111111111011001111111111  [255][255][255][179][255]
1888  1111111111111111111111111111111111111111  [255][255][255][255][255]
1889  1111111111111111111111111011001111111111  [255][255][255][179][255]
1890  1111111111111111111111111111111111111111  [255][255][255][255][255]
1891  1111111111111111111111111111111111111111  [255][255][255][255][255]
1892  1111101111111111111111111011001111111111  [251][255][255][179][255]
1893  1111101111111111111111111011001111111111  [251][255][255][179][255]
1894  1111111111111111111111111111111111111111  [255][255][255][255][255]
1895  1111111111111111111111111011001111111111  [255][255][255][179][255]
1896  1111111111111111111111111111111111111111  [255][255][255][255][255]
1897  1111111111111111111111111111111111111111  [255][255][255][255][255]
1898  1111111111111111111111111111111111111111  [255][255][255][255][255]
1899  1111111111111111111111111111111111111111  [255][255][255][255][255]
1900  1111111111111111111111111111111111111111  [255][255][255][255][255]
1901  1111111111111111111111111111111111111111  [255][255][255][255][255]
1902  1111101111111111111111111011001111111111  [251][255][255][179][255]
1903  1111101111111111111111111011001111111111  [251][255][255][179][255]
1904  1111101111111111111111111011001111111111  [251][255][255][179][255]
1905  1111101111111111111111111011001111111111  [251][255][255][179][255]
1906  1111101111111111111111111011001111111111  [251][255][255][179][255]
1907  1111101111111111111111111011001111111111  [251][255][255][179][255]
1908  1111111111111111111111111111111111111111  [255][255][255][255][255]
1909  1111111111111111111111111111111111111111  [255][255][255][255][255]
1910  1111111111111111111111111011001111111111  [255][255][255][179][255]
1911  1111111111111111111111111011001111111111  [255][255][255][179][255]
1912  1111111111111111111111111111111111111111  [255][255][255][255][255]
1913  1111111111111111111111111011001111111111  [255][255][255][179][255]
1914  1111111111111111111111111111111111111111  [255][255][255][255][255]
1915  1111111111111111111111111111111111111111  [255][255][255][255][255]
1916  1111101111111111111111111011001111111111  [251][255][255][179][255]
1917  1111101111111111111111111011001111111111  [251][255][255][179][255]
1918  1111111111111111111111111111111111111111  [255][255][255][255][255]
1919  1111111111111111111111111011001111111111  [255][255][255][179][255]
1920  1111111111111111111111111111111111111111  [255][255][255][255][255]
1921  1111111111111111111111111111111111111111  [255][255][255][255][255]
1922  1111111111111111111111111111111111111111  [255][255][255][255][255]
1923  1111111111111111111111111111111111111111  [255][255][255][255][255]
1924  1111111111111111111111111111111111111111  [255][255][255][255][255]
1925  1111111111111111111111111111111111111111  [255][255][255][255][255]
1926  1111111111111111111111111111111111111111  [255][255][255][255][255]
1927  1111111111111111111111111111111111111111  [255][255][255][255][255]
1928  1111111111111111111111111111111111111111  [255][255][255][255][255]
1929  1111111111111111111111111111111111111111  [255][255][255][255][255]
1930  1111111111111111111111111111111111111111  [255][255][255][255][255]
1931  1111111111111111111111111111111111111111  [255][255][255][255][255]
1932  1111111111111111111111111111111111111111  [255][255][255][255][255]
1933  1111111111111111111111111111111111111111  [255][255][255][255][255]
1934  1111111111111111111111111111111111111111  [255][255][255][255][255]
1935  1111111111111111111111111111111111111111  [255][255][255][255][255]
1936  1111111111111111111111111111111111111111  [255][255][255][255][255]
1937  1111111111111111111111111111111111111111  [255][255][255][255][255]
1938  1111111111111111111111111111111111111111  [255][255][255][255][255]
1939  1111111111111111111111111111111111111111  [255][255][255][255][255]
1940  1111111111111111111111111111111111111111  [255][255][255][255][255]
1941  1111111111111111111111111111111111111111  [255][255][255][255][255]
1942  1111111111111111111111111111111111111111  [255][255][255][255][255]
1943  1111111111111111111111111111111111111111  [255][255][255][255][255]
1944  1111101111111111111111111011001111111111  [251][255][255][179][255]
1945  1111101111111111111111111011001111111111  [251][255][255][179][255]
1946  1111101111111111111111111011001111111111  [251][255][255][179][255]
1947  1111101111111111111111111011001111111111  [251][255][255][179][255]
1948  1111101111111111111111111011001111111111  [251][255][255][179][255]
1949  1111101111111111111111111011001111111111  [251][255][255][179][255]
1950  1111101111111111111111111011001111111111  [251][255][255][179][255]
1951  1111101111111111111111111011001111111111  [251][255][255][179][255]
1952  1111101111111111111111111011001111111111  [251][255][255][179][255]
1953  1111101111111111111111111011001111111111  [251][255][255][179][255]
1954  1111101111111111111111111011001111111111  [251][255][255][179][255]
1955  1111101111111111111111111011001111111111  [251][255][255][179][255]
1956  1111101111111111111111111011001111111111  [251][255][255][179][255]
1957  1111101111111111111111111011001111111111  [251][255][255][179][255]
1958  1111101111111111111111111011001111111111  [251][255][255][179][255]
1959  1111101111111111111111111011001111111111  [251][255][255][179][255]
1960  1111101111111111111111111011001111111111  [251][255][255][179][255]
1961  1111101111111111111111111011001111111111  [251][255][255][179][255]
1962  1111101111111111111111111011001111111111  [251][255][255][179][255]
1963  1111101111111111111111111011001111111111  [251][255][255][179][255]
1964  1111101111111111111111111011001111111111  [251][255][255][179][255]
1965  1111101111111111111111111011001111111111  [251][255][255][179][255]
1966  1111101111111111111111111011001111111111  [251][255][255][179][255]
1967  1111101111111111111111111011001111111111  [251][255][255][179][255]
1968  1111111111111111111111111111111111111111  [255][255][255][255][255]
1969  1111111111111111111111111111111111111111  [255][255][255][255][255]
1970  1111111111111111111111111111111111111111  [255][255][255][255][255]
1971  1111111111111111111111111111111111111111  [255][255][255][255][255]
1972  1111111111111111111111111111111111111111  [255][255][255][255][255]
1973  1111111111111111111111111111111111111111  [255][255][255][255][255]
1974  1111111111111111111111111011001111111111  [255][255][255][179][255]
1975  1111111111111111111111111011001111111111  [255][255][255][179][255]
1976  1111111111111111111111111011001111111111  [255][255][255][179][255]
1977  1111111111111111111111111011001111111111  [255][255][255][179][255]
1978  1111111111111111111111111011001111111111  [255][255][255][179][255]
1979  1111111111111111111111111011001111111111  [255][255][255][179][255]
1980  1111111111111111111111111111111111111111  [255][255][255][255][255]
1981  1111111111111111111111111111111111111111  [255][255][255][255][255]
1982  1111111111111111111111111011001111111111  [255][255][255][179][255]
1983  1111111111111111111111111011001111111111  [255][255][255][179][255]
1984  1111111111111111111111111111111111111111  [255][255][255][255][255]
1985  1111111111111111111111111011001111111111  [255][255][255][179][255]
1986  1111111111111111111111111111111111111111  [255][255][255][255][255]
1987  1111111111111111111111111111111111111111  [255][255][255][255][255]
1988  1111111111111111111111111011001111111111  [255][255][255][179][255]
1989  1111111111111111111111111011001111111111  [255][255][255][179][255]
1990  1111111111111111111111111111111111111111  [255][255][255][255][255]
1991  1111111111111111111111111011001111111111  [255][255][255][179][255]
1992  1111111111111111111111111111111111111111  [255][255][255][255][255]
1993  1111111111111111111111111111111111111111  [255][255][255][255][255]
1994  1111111111111111111111111111111111111111  [255][255][255][255][255]
1995  1111111111111111111111111111111111111111  [255][255][255][255][255]
1996  1111111111111111111111111111111111111111  [255][255][255][255][255]
1997  1111111111111111111111111111111111111111  [255][255][255][255][255]
1998  1111101111111111111111111011001111111111  [251][255][255][179][255]
1999  1111101111111111111111111011001111111111  [251][255][255][179][255]
2000  1111101111111111111111111011001111111111  [251][255][255][179][255]
2001  1111101111111111111111111011001111111111  [251][255][255][179][255]
2002  1111101111111111111111111011001111111111  [251][255][255][179][255]
2003  1111101111111111111111111011001111111111  [251][255][255][179][255]
2004  1111111111111111111111111111111111111111  [255][255][255][255][255]
2005  1111111111111111111111111111111111111111  [255][255][255][255][255]
2006  1111111111111111111111111011001111111111  [255][255][255][179][255]
2007  1111111111111111111111111011001111111111  [255][255][255][179][255]
2008  1111111111111111111111111111111111111111  [255][255][255][255][255]
2009  1111111111111111111111111011001111111111  [255][255][255][179][255]
2010  1111111111111111111111111111111111111111  [255][255][255][255][255]
2011  1111111111111111111111111111111111111111  [255][255][255][255][255]
2012  1111101111111111111111111011001111111111  [251][255][255][179][255]
2013  1111101111111111111111111011001111111111  [251][255][255][179][255]
2014  1111111111111111111111111111111111111111  [255][255][255][255][255]
2015  1111111111111111111111111011001111111111  [255][255][255][179][255]
2016  1111111111111111111111111111111111111111  [255][255][255][255][255]
2017  1111111111111111111111111111111111111111  [255][255][255][255][255]
2018  1111111111111111111111111111111111111111  [255][255][255][255][255]
2019  1111111111111111111111111111111111111111  [255][255][255][255][255]
2020  1111111111111111111111111111111111111111  [255][255][255][255][255]
2021  1111111111111111111111111111111111111111  [255][255][255][255][255]
2022  1111101111111111111111111011001111111111  [251][255][255][179][255]
2023  1111101111111111111111111011001111111111  [251][255][255][179][255]
2024  1111101111111111111111111011001111111111  [251][255][255][179][255]
2025  1111101111111111111111111011001111111111  [251][255][255][179][255]
2026  1111101111111111111111111011001111111111  [251][255][255][179][255]
2027  1111101111111111111111111011001111111111  [251][255][255][179][255]
2028  1111111111111111111111111111111111111111  [255][255][255][255][255]
2029  1111111111111111111111111111111111111111  [255][255][255][255][255]
2030  1111111111111111111111111011001111111111  [255][255][255][179][255]
2031  1111111111111111111111111011001111111111  [255][255][255][179][255]
2032  1111111111111111111111111111111111111111  [255][255][255][255][255]
2033  1111111111111111111111111011001111111111  [255][255][255][179][255]
2034  1111111111111111111111111111111111111111  [255][255][255][255][255]
2035  1111111111111111111111111111111111111111  [255][255][255][255][255]
2036  1111101111111111111111111011001111111111  [251][255][255][179][255]
2037  1111101111111111111111111011001111111111  [251][255][255][179][255]
2038  1111111111111111111111111111111111111111  [255][255][255][255][255]
2039  1111111111111111111111111011001111111111  [255][255][255][179][255]
2040  0101011111011111010101100101111101010111  W[223]V_W 
2041  0101011111011111010101100101111101010111  W[223]V_W 
2042  0101011111011111010101100101111101010111  W[223]V_W 
2043  0101011111011111010101100101111101010111  W[223]V_W 
2044  0101011111011111010101100101111101010111  W[223]V_W 
2045  0101011111011111010101100101111101010111  W[223]V_W 
2046  0101011111011111010101100101111101010111  W[223]V_W 
2047  0101011111011111010101100101111101010111  W[223]V_W 
2048  1111111111111111111111111111111111111111  [255][255][255][255][255]
2049  1111111111111111111111111111111111111111  [255][255][255][255][255]
2050  1111111111111111111111111111111111111111  [255][255][255][255][255]
2051  1111111111111111111111111111111111111111  [255][255][255][255][255]
2052  1111111111111111111111111111111111111111  [255][255][255][255][255]
2053  1111111111111111111111111111111111111111  [255][255][255][255][255]
2054  1111111111111111111111111111111111111111  [255][255][255][255][255]
2055  1111111111111111111111111111111111111111  [255][255][255][255][255]
2056  1111111111111111111111111111111111111111  [255][255][255][255][255]
2057  1111111111111111111111111111111111111111  [255][255][255][255][255]
2058  1111111111111111111111111111111111111111  [255][255][255][255][255]
2059  1111111111111111111111111111111111111111  [255][255][255][255][255]
2060  1111111111111111111111111111111111111111  [255][255][255][255][255]
2061  1111111111111111111111111111111111111111  [255][255][255][255][255]
2062  1111111111111111111111111111111111111111  [255][255][255][255][255]
2063  1111111111111111111111111111111111111111  [255][255][255][255][255]
2064  0100001111011111010101100000001101010111  C[223]V[3]W
2065  0100001111011111010101100000001101010111  C[223]V[3]W
2066  0100001111011111010101100000001101010111  C[223]V[3]W
2067  0100001111011111010101100000001101010111  C[223]V[3]W
2068  0100001111011111010101100000001101010111  C[223]V[3]W
2069  0100001111011111010101100000001101010111  C[223]V[3]W
2070  0100001111011111010101100000001101010111  C[223]V[3]W
2071  0100001111011111010101100000001101010111  C[223]V[3]W
2072  0100001111011111010101100000001101010111  C[223]V[3]W
2073  0100001111011111010101100000001101010111  C[223]V[3]W
2074  0100001111011111010101100000001101010111  C[223]V[3]W
2075  0100001111011111010101100000001101010111  C[223]V[3]W
2076  0100001111011111010101100000001101010111  C[223]V[3]W
2077  0100001111011111010101100000001101010111  C[223]V[3]W
2078  0100001111011111010101100000001101010111  C[223]V[3]W
2079  0100001111011111010101100000001101010111  C[223]V[3]W
2080  0100001111011111010101100000001101010111  C[223]V[3]W
2081  0100001111011111010101100000001101010111  C[223]V[3]W
2082  0100001111011111010101100000001101010111  C[223]V[3]W
2083  0100001111011111010101100000001101010111  C[223]V[3]W
2084  0100001111011111010101100000001101010111  C[223]V[3]W
2085  0100001111011111010101100000001101010111  C[223]V[3]W
2086  0100001111011111010101100000001101010111  C[223]V[3]W
2087  0100001111011111010101100000001101010111  C[223]V[3]W
2088  0101011111011111010101100101111101010111  W[223]V_W 
2089  0101011111011111010101100101111101010111  W[223]V_W 
2090  1111111111111111111111111111111111111111  [255][255][255][255][255]
2091  1111111111111111111111111111111111111111  [255][255][255][255][255]
2092  1111111111111111111111111111111111111111  [255][255][255][255][255]
2093  1111111111111111111111111111111111111111  [255][255][255][255][255]
2094  0100011111011111010101100000001101010111  G[223]V[3]W
2095  0100011111011111010101100000001101010111  G[223]V[3]W
2096  0100011111011111010101100000001101010111  G[223]V[3]W
2097  0100011111011111010101100000001101010111  G[223]V[3]W
2098  0100011111011111010101100000001101010111  G[223]V[3]W
2099  0100011111011111010101100000001101010111  G[223]V[3]W
2100  1111111111111111111111111111111111111111  [255][255][255][255][255]
2101  1111111111111111111111111111111111111111  [255][255][255][255][255]
2102  1111111111111111111111111011001111111111  [255][255][255][179][255]
2103  1111111111111111111111111011001111111111  [255][255][255][179][255]
2104  1111111111111111111111111111111111111111  [255][255][255][255][255]
2105  1111111111111111111111111011001111111111  [255][255][255][179][255]
2106  1111111111111111111111111111111111111111  [255][255][255][255][255]
2107  1111111111111111111111111111111111111111  [255][255][255][255][255]
2108  1111111111111111111111111011001111111111  [255][255][255][179][255]
2109  1111111111111111111111111011001111111111  [255][255][255][179][255]
2110  1111111111111111111111111111111111111111  [255][255][255][255][255]
2111  1111111111111111111111111011001111111111  [255][255][255][179][255]
2112  1111111111111111111111111111111111111111  [255][255][255][255][255]
2113  1111111111111111111111111111111111111111  [255][255][255][255][255]
2114  1111111111111111111111111111111111111111  [255][255][255][255][255]
2115  1111111111111111111111111111111111111111  [255][255][255][255][255]
2116  1111111111111111111111111111111111111111  [255][255][255][255][255]
2117  1111111111111111111111111111111111111111  [255][255][255][255][255]
2118  1111101111111111111111111011001111111111  [251][255][255][179][255]
2119  1111101111111111111111111011001111111111  [251][255][255][179][255]
2120  1111101111111111111111111011001111111111  [251][255][255][179][255]
2121  1111101111111111111111111011001111111111  [251][255][255][179][255]
2122  1111101111111111111111111011001111111111  [251][255][255][179][255]
2123  1111101111111111111111111011001111111111  [251][255][255][179][255]
2124  1111111111111111111111111111111111111111  [255][255][255][255][255]
2125  1111111111111111111111111111111111111111  [255][255][255][255][255]
2126  1111111111111111111111111011001111111111  [255][255][255][179][255]
2127  1111111111111111111111111011001111111111  [255][255][255][179][255]
2128  1111111111111111111111111111111111111111  [255][255][255][255][255]
2129  1111111111111111111111111011001111111111  [255][255][255][179][255]
2130  1111111111111111111111111111111111111111  [255][255][255][255][255]
2131  1111111111111111111111111111111111111111  [255][255][255][255][255]
2132  1111101111111111111111111011001111111111  [251][255][255][179][255]
2133  1111101111111111111111111011001111111111  [251][255][255][179][255]
2134  1111111111111111111111111111111111111111  [255][255][255][255][255]
2135  1111111111111111111111111011001111111111  [255][255][255][179][255]
2136  1111111111111111111111111111111111111111  [255][255][255][255][255]
2137  1111111111111111111111111111111111111111  [255][255][255][255][255]
2138  1111111111111111111111111111111111111111  [255][255][255][255][255]
2139  1111111111111111111111111111111111111111  [255][255][255][255][255]
2140  1111111111111111111111111111111111111111  [255][255][255][255][255]
2141  1111111111111111111111111111111111111111  [255][255][255][255][255]
2142  1111101111111111111111111011001111111111  [251][255][255][179][255]
2143  1111101111111111111111111011001111111111  [251][255][255][179][255]
2144  1111101111111111111111111011001111111111  [251][255][255][179][255]
2145  1111101111111111111111111011001111111111  [251][255][255][179][255]
2146  1111101111111111111111111011001111111111  [251][255][255][179][255]
2147  1111101111111111111111111011001111111111  [251][255][255][179][255]
2148  1111111111111111111111111111111111111111  [255][255][255][255][255]
2149  1111111111111111111111111111111111111111  [255][255][255][255][255]
2150  1111111111111111111111111011001111111111  [255][255][255][179][255]
2151  1111111111111111111111111011001111111111  [255][255][255][179][255]
2152  1111111111111111111111111111111111111111  [255][255][255][255][255]
2153  1111111111111111111111111011001111111111  [255][255][255][179][255]
2154  1111111111111111111111111111111111111111  [255][255][255][255][255]
2155  1111111111111111111111111111111111111111  [255][255][255][255][255]
2156  1111101111111111111111111011001111111111  [251][255][255][179][255]
2157  1111101111111111111111111011001111111111  [251][255][255][179][255]
2158  1111111111111111111111111111111111111111  [255][255][255][255][255]
2159  1111111111111111111111111011001111111111  [255][255][255][179][255]
2160  0101010101010011010100100101111101010110  USR_V     
2161  0101010101010011010100100101111101010110  USR_V     
2162  0101010101010011010100100101111101010110  USR_V     
2163  0101010101010011010100100101111101010110  USR_V     
2164  0101010101010011010100100101111101010110  USR_V     
2165  0101010101010011010100100101111101010110  USR_V     
2166  0101010101010011010100100101111101010110  USR_V     
2167  0101010101010011010100100101111101010110  USR_V     
2168  0101010101010011010100100101111101010110  USR_V     
2169  0101010101010011010100100101111101010110  USR_V     
2170  0101010101010011010100100101111101010110  USR_V     
2171  0101010101010011010100100101111101010110  USR_V     
2172  0101010101010011010100100101111101010110  USR_V     
2173  0101010101010011010100100101111101010110  USR_V     
2174  0101010101010011010100100101111101010110  USR_V     
2175  0101010101010011010100100101111101010110  USR_V     
2176  0101010101010011010100100101111101010110  USR_V     
2177  0101010101010011010100100101111101010110  USR_V     
2178  0101010101010011010100100101111101010110  USR_V     
2179  0101010101010011010100100101111101010110  USR_V     
2180  0101010101010011010100100101111101010110  USR_V     
2181  0101010101010011010100100101111101010110  USR_V     
2182  0101010101010011010100100101111101010110  USR_V     
2183  0101010101010011010100100101111101010110  USR_V     
2184  0101010111011111010101100101111101010110  U[223]V_V 
2185  0101010111011111010101100101111101010110  U[223]V_V 
2186  0101010111011111010101100101111101010110  U[223]V_V 
2187  0101010111011111010101100101111101010110  U[223]V_V 
2188  0101010111011111010101100101111101010110  U[223]V_V 
2189  0101010111011111010101100101111101010110  U[223]V_V 
2190  1111111111111111111111111111111111111111  [255][255][255][255][255]
2191  1111111111111111111111111111111111111111  [255][255][255][255][255]
2192  1111111111111111111111111111111111111111  [255][255][255][255][255]
2193  1111111111111111111111111111111111111111  [255][255][255][255][255]
2194  1111111111111111111111111111111111111111  [255][255][255][255][255]
2195  1111111111111111111111111111111111111111  [255][255][255][255][255]
2196  1111111111111111111111111111111111111111  [255][255][255][255][255]
2197  1111111111111111111111111111111111111111  [255][255][255][255][255]
2198  1111111111111111111111111111111111111111  [255][255][255][255][255]
2199  1111111111111111111111111111111111111111  [255][255][255][255][255]
2200  1111111111111111111111111111111111111111  [255][255][255][255][255]
2201  1111111111111111111111111111111111111111  [255][255][255][255][255]
2202  0101011111011111010101100101111101010111  W[223]V_W 
2203  0101011111011111010101100101111101010111  W[223]V_W 
2204  1111111111111111111111111111111111111111  [255][255][255][255][255]
2205  1111111111111111111111111111111111111111  [255][255][255][255][255]
2206  1111111111111111111111111111111111111111  [255][255][255][255][255]
2207  1111111111111111111111111111111111111111  [255][255][255][255][255]
2208  1111111111111111111111111111111111111111  [255][255][255][255][255]
2209  1111111111111111111111111111111111111111  [255][255][255][255][255]
2210  1111111111111111111111111111111111111111  [255][255][255][255][255]
2211  1111111111111111111111111111111111111111  [255][255][255][255][255]
2212  1111111111111111111111111111111111111111  [255][255][255][255][255]
2213  1111111111111111111111111111111111111111  [255][255][255][255][255]
2214  1111111111111111111111111111111111111111  [255][255][255][255][255]
2215  1111111111111111111111111111111111111111  [255][255][255][255][255]
2216  1111111111111111111111111111111111111111  [255][255][255][255][255]
2217  1111111111111111111111111111111111111111  [255][255][255][255][255]
2218  1111111111111111111111111111111111111111  [255][255][255][255][255]
2219  1111111111111111111111111111111111111111  [255][255][255][255][255]
2220  1111111111111111111111111111111111111111  [255][255][255][255][255]
2221  1111111111111111111111111111111111111111  [255][255][255][255][255]
2222  1111111111111111111111111111111111111111  [255][255][255][255][255]
2223  1111111111111111111111111111111111111111  [255][255][255][255][255]
2224  1111111111111111111111111111111111111111  [255][255][255][255][255]
2225  1111111111111111111111111111111111111111  [255][255][255][255][255]
2226  1111111111111111111111111111111111111111  [255][255][255][255][255]
2227  1111111111111111111111111111111111111111  [255][255][255][255][255]
2228  1111111111111111111111111111111111111111  [255][255][255][255][255]
2229  1111111111111111111111111111111111111111  [255][255][255][255][255]
2230  1111111111111111111111111111111111111111  [255][255][255][255][255]
2231  1111111111111111111111111111111111111111  [255][255][255][255][255]
2232  1111111111111111111111111111111111111111  [255][255][255][255][255]
2233  1111111111111111111111111111111111111111  [255][255][255][255][255]
2234  1111111111111111111111111111111111111111  [255][255][255][255][255]
2235  1111111111111111111111111111111111111111  [255][255][255][255][255]
2236  1111111111111111111111111111111111111111  [255][255][255][255][255]
2237  1111111111111111111111111111111111111111  [255][255][255][255][255]
2238  1111111111111111111111111111111111111111  [255][255][255][255][255]
2239  1111111111111111111111111111111111111111  [255][255][255][255][255]
2240  1111111111111111111111111111111111111111  [255][255][255][255][255]
2241  1111111111111111111111111111111111111111  [255][255][255][255][255]
2242  1111111111111111111111111111111111111111  [255][255][255][255][255]
2243  1111111111111111111111111111111111111111  [255][255][255][255][255]
2244  1111111111111111111111111111111111111111  [255][255][255][255][255]
2245  1111111111111111111111111111111111111111  [255][255][255][255][255]
2246  1111111111111111111111111111111111111111  [255][255][255][255][255]
2247  1111111111111111111111111111111111111111  [255][255][255][255][255]
2248  1111111111111111111111111111111111111111  [255][255][255][255][255]
2249  1111111111111111111111111111111111111111  [255][255][255][255][255]
2250  1111111111111111111111111111111111111111  [255][255][255][255][255]
2251  1111111111111111111111111111111111111111  [255][255][255][255][255]
2252  1111111111111111111111111111111111111111  [255][255][255][255][255]
2253  1111111111111111111111111111111111111111  [255][255][255][255][255]
2254  1111111111111111111111111111111111111111  [255][255][255][255][255]
2255  1111111111111111111111111111111111111111  [255][255][255][255][255]
2256  0101011101010011010100100101111101010111  WSR_W     
2257  0101011101010011010100100101111101010111  WSR_W     
2258  0101011101010011010100100101111101010111  WSR_W     
2259  0101011101010011010100100101111101010111  WSR_W     
2260  0101011101010011010100100101111101010111  WSR_W     
2261  0101011101010011010100100101111101010111  WSR_W     
2262  0101011111011111010101100101111101010111  W[223]V_W 
2263  0101011111011111010101100101111101010111  W[223]V_W 
2264  1111111111111111111111111111111111111111  [255][255][255][255][255]
2265  1111111111111111111111111111111111111111  [255][255][255][255][255]
2266  1111111111111111111111111111111111111111  [255][255][255][255][255]
2267  1111111111111111111111111111111111111111  [255][255][255][255][255]
2268  1111111111111111111111111111111111111111  [255][255][255][255][255]
2269  1111111111111111111111111111111111111111  [255][255][255][255][255]
2270  1111111111111111111111111111111111111111  [255][255][255][255][255]
2271  1111111111111111111111111111111111111111  [255][255][255][255][255]
2272  1111111111111111111111111111111111111111  [255][255][255][255][255]
2273  1111111111111111111111111111111111111111  [255][255][255][255][255]
2274  1111111111111111111111111111111111111111  [255][255][255][255][255]
2275  1111111111111111111111111111111111111111  [255][255][255][255][255]
2276  1111111111111111111111111111111111111111  [255][255][255][255][255]
2277  1111111111111111111111111111111111111111  [255][255][255][255][255]
2278  1111111111111111111111111111111111111111  [255][255][255][255][255]
2279  1111111111111111111111111111111111111111  [255][255][255][255][255]
2280  0100010101010010010100100000001101010010  ERR[3]R   
2281  0100010101010010010100100000001101010010  ERR[3]R   
2282  0100010101010010010100100000001101010010  ERR[3]R   
2283  0100010101010010010100100000001101010010  ERR[3]R   
2284  0100010101010010010100100000001101010010  ERR[3]R   
2285  0100010101010010010100100000001101010010  ERR[3]R   
2286  0100010101010010010100100000001101010010  ERR[3]R   
2287  0100010101010010010100100000001101010010  ERR[3]R   
2288  0100010101010010010100100000001101010010  ERR[3]R   
2289  0100010101010010010100100000001101010010  ERR[3]R   
2290  0100010101010010010100100000001101010010  ERR[3]R   
2291  0100010101010010010100100000001101010010  ERR[3]R   
2292  0100010101010010010100100000001101010010  ERR[3]R   
2293  0100010101010010010100100000001101010010  ERR[3]R   
2294  0100010101010010010100100000001101010010  ERR[3]R   
2295  0100010101010010010100100000001101010010  ERR[3]R   
2296  0100010101010010010100100000001101010010  ERR[3]R   
2297  0100010101010010010100100000001101010010  ERR[3]R   
2298  0100010101010010010100100000001101010010  ERR[3]R   
2299  0100010101010010010100100000001101010010  ERR[3]R   
2300  0100010101010010010100100000001101010010  ERR[3]R   
2301  0100010101010010010100100000001101010010  ERR[3]R   
2302  0100010101010010010100100000001101010010  ERR[3]R   
2303  0100010101010010010100100000001101010010  ERR[3]R   
2304  0100010101010010010100100000001101010010  ERR[3]R   
2305  0100010101010010010100100000001101010010  ERR[3]R   
2306  0100010101010010010100100000001101010010  ERR[3]R   
2307  0100010101010010010100100000001101010010  ERR[3]R   
2308  0100010101010010010100100000001101010010  ERR[3]R   
2309  0100010101010010010100100000001101010010  ERR[3]R   
2310  0100010101010010010100100000001101010010  ERR[3]R   
2311  0100010101010010010100100000001101010010  ERR[3]R   
2312  0100010101010010010100100000001101010010  ERR[3]R   
2313  0100010101010010010100100000001101010010  ERR[3]R   
2314  0100010101010010010100100000001101010010  ERR[3]R   
2315  0100010101010010010100100000001101010010  ERR[3]R   
2316  0100010101010010010100100000001101010010  ERR[3]R   
2317  0100010101010010010100100000001101010010  ERR[3]R   
2318  0100010101010010010100100000001101010010  ERR[3]R   
2319  0100010101010010010100100000001101010010  ERR[3]R   
2320  0100010101010010010100100000001101010010  ERR[3]R   
2321  0100010101010010010100100000001101010010  ERR[3]R   
2322  0100010101010010010100100000001101010010  ERR[3]R   
2323  0100010101010010010100100000001101010010  ERR[3]R   
2324  0100010101010010010100100000001101010010  ERR[3]R   
2325  0100010101010010010100100000001101010010  ERR[3]R   
2326  0100010101010010010100100000001101010010  ERR[3]R   
2327  0100010101010010010100100000001101010010  ERR[3]R   
2328  0100010101010010010100100000001101010010  ERR[3]R   
2329  0100010101010010010100100000001101010010  ERR[3]R   
2330  0100010101010010010100100000001101010010  ERR[3]R   
2331  0100010101010010010100100000001101010010  ERR[3]R   
2332  0100010101010010010100100000001101010010  ERR[3]R   
2333  0100010101010010010100100000001101010010  ERR[3]R   
2334  0100010101010010010100100000001101010010  ERR[3]R   
2335  0100010101010010010100100000001101010010  ERR[3]R   
2336  0100010101010010010100100000001101010010  ERR[3]R   
2337  0100010101010010010100100000001101010010  ERR[3]R   
2338  0100010101010010010100100000001101010010  ERR[3]R   
2339  0100010101010010010100100000001101010010  ERR[3]R   
2340  0100010101010010010100100000001101010010  ERR[3]R   
2341  0100010101010010010100100000001101010010  ERR[3]R   
2342  0100010101010010010100100000001101010010  ERR[3]R   
2343  0100010101010010010100100000001101010010  ERR[3]R   
2344  0100010101010010010100100000001101010010  ERR[3]R   
2345  0100010101010010010100100000001101010010  ERR[3]R   
2346  0100010101010010010100100000001101010010  ERR[3]R   
2347  0100010101010010010100100000001101010010  ERR[3]R   
2348  0100010101010010010100100000001101010010  ERR[3]R   
2349  0100010101010010010100100000001101010010  ERR[3]R   
2350  0100010101010010010100100000001101010010  ERR[3]R   
2351  0100010101010010010100100000001101010010  ERR[3]R   
2352  0100010101010010010100100000001101010010  ERR[3]R   
2353  0100010101010010010100100000001101010010  ERR[3]R   
2354  0100010101010010010100100000001101010010  ERR[3]R   
2355  0100010101010010010100100000001101010010  ERR[3]R   
2356  0100010101010010010100100000001101010010  ERR[3]R   
2357  0100010101010010010100100000001101010010  ERR[3]R   
2358  0100010101010010010100100000001101010010  ERR[3]R   
2359  0100010101010010010100100000001101010010  ERR[3]R   
2360  0100010101010010010100100000001101010010  ERR[3]R   
2361  0100010101010010010100100000001101010010  ERR[3]R   
2362  0100010101010010010100100000001101010010  ERR[3]R   
2363  0100010101010010010100100000001101010010  ERR[3]R   
2364  0100010101010010010100100000001101010010  ERR[3]R   
2365  0100010101010010010100100000001101010010  ERR[3]R   
2366  0100010101010010010100100000001101010010  ERR[3]R   
2367  0100010101010010010100100000001101010010  ERR[3]R   
2368  0100010101010010010100100000001101010010  ERR[3]R   
2369  0100010101010010010100100000001101010010  ERR[3]R   
2370  0100010101010010010100100000001101010010  ERR[3]R   
2371  0100010101010010010100100000001101010010  ERR[3]R   
2372  0100010101010010010100100000001101010010  ERR[3]R   
2373  0100010101010010010100100000001101010010  ERR[3]R   
2374  0100010101010010010100100000001101010010  ERR[3]R   
2375  0100010101010010010100100000001101010010  ERR[3]R   
2376  0100010101010010010100100000001101010010  ERR[3]R   
2377  0100010101010010010100100000001101010010  ERR[3]R   
2378  0100010101010010010100100000001101010010  ERR[3]R   
2379  0100010101010010010100100000001101010010  ERR[3]R   
2380  0100010101010010010100100000001101010010  ERR[3]R   
2381  0100010101010010010100100000001101010010  ERR[3]R   
2382  0100010101010010010100100000001101010010  ERR[3]R   
2383  0100010101010010010100100000001101010010  ERR[3]R   
2384  0100010101010010010100100000001101010010  ERR[3]R   
2385  0100010101010010010100100000001101010010  ERR[3]R   
2386  0100010101010010010100100000001101010010  ERR[3]R   
2387  0100010101010010010100100000001101010010  ERR[3]R   
2388  0100010101010010010100100000001101010010  ERR[3]R   
2389  0100010101010010010100100000001101010010  ERR[3]R   
2390  0100010101010010010100100000001101010010  ERR[3]R   
2391  0100010101010010010100100000001101010010  ERR[3]R   
2392  0100010101010010010100100000001101010010  ERR[3]R   
2393  0100010101010010010100100000001101010010  ERR[3]R   
2394  0100010101010010010100100000001101010010  ERR[3]R   
2395  0100010101010010010100100000001101010010  ERR[3]R   
2396  0100010101010010010100100000001101010010  ERR[3]R   
2397  0100010101010010010100100000001101010010  ERR[3]R   
2398  0100010101010010010100100000001101010010  ERR[3]R   
2399  0100010101010010010100100000001101010010  ERR[3]R   
2400  0101010111011111010101100101111101010110  U[223]V_V 
2401  0101010111011111010101100101111101010110  U[223]V_V 
2402  0101010111011111010101100101111101010110  U[223]V_V 
2403  0101010111011111010101100101111101010110  U[223]V_V 
2404  0101010111011111010101100101111101010110  U[223]V_V 
2405  0101010111011111010101100101111101010110  U[223]V_V 
2406  1111111111111111111111111111111111111111  [255][255][255][255][255]
2407  1111111111111111111111111111111111111111  [255][255][255][255][255]
2408  1111111111111111111111111111111111111111  [255][255][255][255][255]
2409  1111111111111111111111111111111111111111  [255][255][255][255][255]
2410  1111111111111111111111111111111111111111  [255][255][255][255][255]
2411  1111111111111111111111111111111111111111  [255][255][255][255][255]
2412  1111111111111111111111111111111111111111  [255][255][255][255][255]
2413  1111111111111111111111111111111111111111  [255][255][255][255][255]
2414  1111111111111111111111111111111111111111  [255][255][255][255][255]
2415  1111111111111111111111111111111111111111  [255][255][255][255][255]
2416  1111111111111111111111111111111111111111  [255][255][255][255][255]
2417  1111111111111111111111111111111111111111  [255][255][255][255][255]
2418  0101011111011111010101100101111101010111  W[223]V_W 
2419  0101011111011111010101100101111101010111  W[223]V_W 
2420  1111111111111111111111111111111111111111  [255][255][255][255][255]
2421  1111111111111111111111111111111111111111  [255][255][255][255][255]
2422  1111111111111111111111111111111111111111  [255][255][255][255][255]
2423  1111111111111111111111111111111111111111  [255][255][255][255][255]
2424  0100010111011111010101100000001101010110  E[223]V[3]V
2425  0100010111011111010101100000001101010110  E[223]V[3]V
2426  0100010111011111010101100000001101010110  E[223]V[3]V
2427  0100010111011111010101100000001101010110  E[223]V[3]V
2428  0100010111011111010101100000001101010110  E[223]V[3]V
2429  0100010111011111010101100000001101010110  E[223]V[3]V
2430  0100010111011111010101100000001101010110  E[223]V[3]V
2431  0100010111011111010101100000001101010110  E[223]V[3]V
2432  0100010111011111010101100000001101010110  E[223]V[3]V
2433  0100010111011111010101100000001101010110  E[223]V[3]V
2434  0100010111011111010101100000001101010110  E[223]V[3]V
2435  0100010111011111010101100000001101010110  E[223]V[3]V
2436  0100010111011111010101100000001101010110  E[223]V[3]V
2437  0100010111011111010101100000001101010110  E[223]V[3]V
2438  0100010111011111010101100000001101010110  E[223]V[3]V
2439  0100010111011111010101100000001101010110  E[223]V[3]V
2440  0100010111011111010101100000001101010110  E[223]V[3]V
2441  0100010111011111010101100000001101010110  E[223]V[3]V
2442  0100010111011111010101100000001101010110  E[223]V[3]V
2443  0100010111011111010101100000001101010110  E[223]V[3]V
2444  0100010111011111010101100000001101010110  E[223]V[3]V
2445  0100010111011111010101100000001101010110  E[223]V[3]V
2446  0100010111011111010101100000001101010110  E[223]V[3]V
2447  0100010111011111010101100000001101010110  E[223]V[3]V
2448  1111111111111111111111111111111111111111  [255][255][255][255][255]
2449  1111111111111111111111111111111111111111  [255][255][255][255][255]
2450  1111111111111111111111111111111111111111  [255][255][255][255][255]
2451  1111111111111111111111111111111111111111  [255][255][255][255][255]
2452  1111111111111111111111111111111111111111  [255][255][255][255][255]
2453  1111111111111111111111111111111111111111  [255][255][255][255][255]
2454  1111111111111111111111111011001111111111  [255][255][255][179][255]
2455  1111111111111111111111111011001111111111  [255][255][255][179][255]
2456  1111111111111111111111111011001111111111  [255][255][255][179][255]
2457  1111111111111111111111111011001111111111  [255][255][255][179][255]
2458  1111111111111111111111111011001111111111  [255][255][255][179][255]
2459  1111111111111111111111111011001111111111  [255][255][255][179][255]
2460  1111111111111111111111111111111111111111  [255][255][255][255][255]
2461  1111111111111111111111111111111111111111  [255][255][255][255][255]
2462  1111111111111111111111111011001111111111  [255][255][255][179][255]
2463  1111111111111111111111111011001111111111  [255][255][255][179][255]
2464  1111111111111111111111111111111111111111  [255][255][255][255][255]
2465  1111111111111111111111111011001111111111  [255][255][255][179][255]
2466  1111111111111111111111111111111111111111  [255][255][255][255][255]
2467  1111111111111111111111111111111111111111  [255][255][255][255][255]
2468  1111111111111111111111111011001111111111  [255][255][255][179][255]
2469  1111111111111111111111111011001111111111  [255][255][255][179][255]
2470  1111111111111111111111111111111111111111  [255][255][255][255][255]
2471  1111111111111111111111111011001111111111  [255][255][255][179][255]
2472  1111111111111111111111111111111111111111  [255][255][255][255][255]
2473  1111111111111111111111111111111111111111  [255][255][255][255][255]
2474  1111111111111111111111111111111111111111  [255][255][255][255][255]
2475  1111111111111111111111111111111111111111  [255][255][255][255][255]
2476  1111111111111111111111111111111111111111  [255][255][255][255][255]
2477  1111111111111111111111111111111111111111  [255][255][255][255][255]
2478  1111111111111111111111111011001111111111  [255][255][255][179][255]
2479  1111111111111111111111111011001111111111  [255][255][255][179][255]
2480  1111111111111111111111111011001111111111  [255][255][255][179][255]
2481  1111111111111111111111111011001111111111  [255][255][255][179][255]
2482  1111111111111111111111111011001111111111  [255][255][255][179][255]
2483  1111111111111111111111111011001111111111  [255][255][255][179][255]
2484  1111111111111111111111111111111111111111  [255][255][255][255][255]
2485  1111111111111111111111111111111111111111  [255][255][255][255][255]
2486  1111111111111111111111111011001111111111  [255][255][255][179][255]
2487  1111111111111111111111111011001111111111  [255][255][255][179][255]
2488  1111111111111111111111111111111111111111  [255][255][255][255][255]
2489  1111111111111111111111111011001111111111  [255][255][255][179][255]
2490  1111111111111111111111111111111111111111  [255][255][255][255][255]
2491  1111111111111111111111111111111111111111  [255][255][255][255][255]
2492  1111111111111111111111111011001111111111  [255][255][255][179][255]
2493  1111111111111111111111111011001111111111  [255][255][255][179][255]
2494  1111111111111111111111111111111111111111  [255][255][255][255][255]
2495  1111111111111111111111111011001111111111  [255][255][255][179][255]
2496  0101011111011111010101100101111101010111  W[223]V_W 
2497  0101011111011111010101100101111101010111  W[223]V_W 
2498  1111111111111111111111111111111111111111  [255][255][255][255][255]
2499  1111111111111111111111111111111111111111  [255][255][255][255][255]
2500  1111111111111111111111111111111111111111  [255][255][255][255][255]
2501  1111111111111111111111111111111111111111  [255][255][255][255][255]
2502  0100011111011111010101100000001101010111  G[223]V[3]W
2503  0100011111011111010101100000001101010111  G[223]V[3]W
2504  0100011111011111010101100000001101010111  G[223]V[3]W
2505  0100011111011111010101100000001101010111  G[223]V[3]W
2506  0100011111011111010101100000001101010111  G[223]V[3]W
2507  0100011111011111010101100000001101010111  G[223]V[3]W
2508  1111111111111111111111111111111111111111  [255][255][255][255][255]
2509  1111111111111111111111111111111111111111  [255][255][255][255][255]
2510  1111111111111111111111111011001111111111  [255][255][255][179][255]
2511  1111111111111111111111111011001111111111  [255][255][255][179][255]
2512  1111111111111111111111111111111111111111  [255][255][255][255][255]
2513  1111111111111111111111111011001111111111  [255][255][255][179][255]
2514  1111111111111111111111111111111111111111  [255][255][255][255][255]
2515  1111111111111111111111111111111111111111  [255][255][255][255][255]
2516  1111111111111111111111111011001111111111  [255][255][255][179][255]
2517  1111111111111111111111111011001111111111  [255][255][255][179][255]
2518  1111111111111111111111111111111111111111  [255][255][255][255][255]
2519  1111111111111111111111111011001111111111  [255][255][255][179][255]
2520  1111111111111111111111111111111111111111  [255][255][255][255][255]
2521  1111111111111111111111111111111111111111  [255][255][255][255][255]
2522  1111111111111111111111111111111111111111  [255][255][255][255][255]
2523  1111111111111111111111111111111111111111  [255][255][255][255][255]
2524  1111111111111111111111111111111111111111  [255][255][255][255][255]
2525  1111111111111111111111111111111111111111  [255][255][255][255][255]
2526  1111111111111111111111111111111111111111  [255][255][255][255][255]
2527  1111111111111111111111111111111111111111  [255][255][255][255][255]
2528  1111111111111111111111111111111111111111  [255][255][255][255][255]
2529  1111111111111111111111111111111111111111  [255][255][255][255][255]
2530  1111111111111111111111111111111111111111  [255][255][255][255][255]
2531  1111111111111111111111111111111111111111  [255][255][255][255][255]
2532  1111111111111111111111111111111111111111  [255][255][255][255][255]
2533  1111111111111111111111111111111111111111  [255][255][255][255][255]
2534  1111111111111111111111111111111111111111  [255][255][255][255][255]
2535  1111111111111111111111111111111111111111  [255][255][255][255][255]
2536  1111111111111111111111111111111111111111  [255][255][255][255][255]
2537  1111111111111111111111111111111111111111  [255][255][255][255][255]
2538  1111111111111111111111111111111111111111  [255][255][255][255][255]
2539  1111111111111111111111111111111111111111  [255][255][255][255][255]
2540  1111111111111111111111111111111111111111  [255][255][255][255][255]
2541  1111111111111111111111111111111111111111  [255][255][255][255][255]
2542  1111111111111111111111111111111111111111  [255][255][255][255][255]
2543  1111111111111111111111111111111111111111  [255][255][255][255][255]
2544  1111111111111111111111111011001111111111  [255][255][255][179][255]
2545  1111111111111111111111111011001111111111  [255][255][255][179][255]
2546  1111111111111111111111111011001111111111  [255][255][255][179][255]
2547  1111111111111111111111111011001111111111  [255][255][255][179][255]
2548  1111111111111111111111111011001111111111  [255][255][255][179][255]
2549  1111111111111111111111111011001111111111  [255][255][255][179][255]
2550  1111111111111111111111111011001111111111  [255][255][255][179][255]
2551  1111111111111111111111111011001111111111  [255][255][255][179][255]
2552  1111111111111111111111111011001111111111  [255][255][255][179][255]
2553  1111111111111111111111111011001111111111  [255][255][255][179][255]
2554  1111111111111111111111111011001111111111  [255][255][255][179][255]
2555  1111111111111111111111111011001111111111  [255][255][255][179][255]
2556  1111111111111111111111111011001111111111  [255][255][255][179][255]
2557  1111111111111111111111111011001111111111  [255][255][255][179][255]
2558  1111111111111111111111111011001111111111  [255][255][255][179][255]
2559  1111111111111111111111111011001111111111  [255][255][255][179][255]
2560  1111111111111111111111111011001111111111  [255][255][255][179][255]
2561  1111111111111111111111111011001111111111  [255][255][255][179][255]
2562  1111111111111111111111111011001111111111  [255][255][255][179][255]
2563  1111111111111111111111111011001111111111  [255][255][255][179][255]
2564  1111111111111111111111111011001111111111  [255][255][255][179][255]
2565  1111111111111111111111111011001111111111  [255][255][255][179][255]
2566  1111111111111111111111111011001111111111  [255][255][255][179][255]
2567  1111111111111111111111111011001111111111  [255][255][255][179][255]
2568  1111111111111111111111111111111111111111  [255][255][255][255][255]
2569  1111111111111111111111111111111111111111  [255][255][255][255][255]
2570  1111111111111111111111111111111111111111  [255][255][255][255][255]
2571  1111111111111111111111111111111111111111  [255][255][255][255][255]
2572  1111111111111111111111111111111111111111  [255][255][255][255][255]
2573  1111111111111111111111111111111111111111  [255][255][255][255][255]
2574  1111111111111111111111111011001111111111  [255][255][255][179][255]
2575  1111111111111111111111111011001111111111  [255][255][255][179][255]
2576  1111111111111111111111111011001111111111  [255][255][255][179][255]
2577  1111111111111111111111111011001111111111  [255][255][255][179][255]
2578  1111111111111111111111111011001111111111  [255][255][255][179][255]
2579  1111111111111111111111111011001111111111  [255][255][255][179][255]
2580  1111111111111111111111111111111111111111  [255][255][255][255][255]
2581  1111111111111111111111111111111111111111  [255][255][255][255][255]
2582  1111111111111111111111111011001111111111  [255][255][255][179][255]
2583  1111111111111111111111111011001111111111  [255][255][255][179][255]
2584  1111111111111111111111111111111111111111  [255][255][255][255][255]
2585  1111111111111111111111111011001111111111  [255][255][255][179][255]
2586  1111111111111111111111111111111111111111  [255][255][255][255][255]
2587  1111111111111111111111111111111111111111  [255][255][255][255][255]
2588  1111111111111111111111111011001111111111  [255][255][255][179][255]
2589  1111111111111111111111111011001111111111  [255][255][255][179][255]
2590  1111111111111111111111111111111111111111  [255][255][255][255][255]
2591  1111111111111111111111111011001111111111  [255][255][255][179][255]
2592  1111111111111111111111111111111111111111  [255][255][255][255][255]
2593  1111111111111111111111111111111111111111  [255][255][255][255][255]
2594  1111111111111111111111111111111111111111  [255][255][255][255][255]
2595  1111111111111111111111111111111111111111  [255][255][255][255][255]
2596  1111111111111111111111111111111111111111  [255][255][255][255][255]
2597  1111111111111111111111111111111111111111  [255][255][255][255][255]
2598  1111111111111111111111111011001111111111  [255][255][255][179][255]
2599  1111111111111111111111111011001111111111  [255][255][255][179][255]
2600  1111111111111111111111111011001111111111  [255][255][255][179][255]
2601  1111111111111111111111111011001111111111  [255][255][255][179][255]
2602  1111111111111111111111111011001111111111  [255][255][255][179][255]
2603  1111111111111111111111111011001111111111  [255][255][255][179][255]
2604  1111111111111111111111111111111111111111  [255][255][255][255][255]
2605  1111111111111111111111111111111111111111  [255][255][255][255][255]
2606  1111111111111111111111111011001111111111  [255][255][255][179][255]
2607  1111111111111111111111111011001111111111  [255][255][255][179][255]
2608  1111111111111111111111111111111111111111  [255][255][255][255][255]
2609  1111111111111111111111111011001111111111  [255][255][255][179][255]
2610  1111111111111111111111111111111111111111  [255][255][255][255][255]
2611  1111111111111111111111111111111111111111  [255][255][255][255][255]
2612  1111111111111111111111111011001111111111  [255][255][255][179][255]
2613  1111111111111111111111111011001111111111  [255][255][255][179][255]
2614  1111111111111111111111111111111111111111  [255][255][255][255][255]
2615  1111111111111111111111111011001111111111  [255][255][255][179][255]
2616  1111111111111111111111111111111111111111  [255][255][255][255][255]
2617  1111111111111111111111111111111111111111  [255][255][255][255][255]
2618  1111111111111111111111111111111111111111  [255][255][255][255][255]
2619  1111111111111111111111111111111111111111  [255][255][255][255][255]
2620  1111111111111111111111111111111111111111  [255][255][255][255][255]
2621  1111111111111111111111111111111111111111  [255][255][255][255][255]
2622  1111111111111111111111111011001111111111  [255][255][255][179][255]
2623  1111111111111111111111111011001111111111  [255][255][255][179][255]
2624  1111111111111111111111111011001111111111  [255][255][255][179][255]
2625  1111111111111111111111111011001111111111  [255][255][255][179][255]
2626  1111111111111111111111111011001111111111  [255][255][255][179][255]
2627  1111111111111111111111111011001111111111  [255][255][255][179][255]
2628  1111111111111111111111111111111111111111  [255][255][255][255][255]
2629  1111111111111111111111111111111111111111  [255][255][255][255][255]
2630  1111111111111111111111111011001111111111  [255][255][255][179][255]
2631  1111111111111111111111111011001111111111  [255][255][255][179][255]
2632  1111111111111111111111111111111111111111  [255][255][255][255][255]
2633  1111111111111111111111111011001111111111  [255][255][255][179][255]
2634  1111111111111111111111111111111111111111  [255][255][255][255][255]
2635  1111111111111111111111111111111111111111  [255][255][255][255][255]
2636  1111111111111111111111111011001111111111  [255][255][255][179][255]
2637  1111111111111111111111111011001111111111  [255][255][255][179][255]
2638  1111111111111111111111111111111111111111  [255][255][255][255][255]
2639  1111111111111111111111111011001111111111  [255][255][255][179][255]
2640  1111111111111111111111111111111111111111  [255][255][255][255][255]
2641  1111111111111111111111111111111111111111  [255][255][255][255][255]
2642  1111111111111111111111111111111111111111  [255][255][255][255][255]
2643  1111111111111111111111111111111111111111  [255][255][255][255][255]
2644  1111111111111111111111111111111111111111  [255][255][255][255][255]
2645  1111111111111111111111111111111111111111  [255][255][255][255][255]
2646  1111111111111111111111111111111111111111  [255][255][255][255][255]
2647  1111111111111111111111111111111111111111  [255][255][255][255][255]
2648  1111111111111111111111111111111111111111  [255][255][255][255][255]
2649  1111111111111111111111111111111111111111  [255][255][255][255][255]
2650  1111111111111111111111111111111111111111  [255][255][255][255][255]
2651  1111111111111111111111111111111111111111  [255][255][255][255][255]
2652  1111111111111111111111111111111111111111  [255][255][255][255][255]
2653  1111111111111111111111111111111111111111  [255][255][255][255][255]
2654  1111111111111111111111111111111111111111  [255][255][255][255][255]
2655  1111111111111111111111111111111111111111  [255][255][255][255][255]
2656  1111111111111111111111111111111111111111  [255][255][255][255][255]
2657  1111111111111111111111111111111111111111  [255][255][255][255][255]
2658  1111111111111111111111111111111111111111  [255][255][255][255][255]
2659  1111111111111111111111111111111111111111  [255][255][255][255][255]
2660  1111111111111111111111111111111111111111  [255][255][255][255][255]
2661  1111111111111111111111111111111111111111  [255][255][255][255][255]
2662  1111111111111111111111111111111111111111  [255][255][255][255][255]
2663  1111111111111111111111111111111111111111  [255][255][255][255][255]
2664  1111111111111111111111111011001111111111  [255][255][255][179][255]
2665  1111111111111111111111111011001111111111  [255][255][255][179][255]
2666  1111111111111111111111111011001111111111  [255][255][255][179][255]
2667  1111111111111111111111111011001111111111  [255][255][255][179][255]
2668  1111111111111111111111111011001111111111  [255][255][255][179][255]
2669  1111111111111111111111111011001111111111  [255][255][255][179][255]
2670  1111111111111111111111111011001111111111  [255][255][255][179][255]
2671  1111111111111111111111111011001111111111  [255][255][255][179][255]
2672  1111111111111111111111111011001111111111  [255][255][255][179][255]
2673  1111111111111111111111111011001111111111  [255][255][255][179][255]
2674  1111111111111111111111111011001111111111  [255][255][255][179][255]
2675  1111111111111111111111111011001111111111  [255][255][255][179][255]
2676  1111111111111111111111111011001111111111  [255][255][255][179][255]
2677  1111111111111111111111111011001111111111  [255][255][255][179][255]
2678  1111111111111111111111111011001111111111  [255][255][255][179][255]
2679  1111111111111111111111111011001111111111  [255][255][255][179][255]
2680  1111111111111111111111111011001111111111  [255][255][255][179][255]
2681  1111111111111111111111111011001111111111  [255][255][255][179][255]
2682  1111111111111111111111111011001111111111  [255][255][255][179][255]
2683  1111111111111111111111111011001111111111  [255][255][255][179][255]
2684  1111111111111111111111111011001111111111  [255][255][255][179][255]
2685  1111111111111111111111111011001111111111  [255][255][255][179][255]
2686  1111111111111111111111111011001111111111  [255][255][255][179][255]
2687  1111111111111111111111111011001111111111  [255][255][255][179][255]
2688  1111111111111111111111111111111111111111  [255][255][255][255][255]
2689  1111111111111111111111111111111111111111  [255][255][255][255][255]
2690  1111111111111111111111111111111111111111  [255][255][255][255][255]
2691  1111111111111111111111111111111111111111  [255][255][255][255][255]
2692  1111111111111111111111111111111111111111  [255][255][255][255][255]
2693  1111111111111111111111111111111111111111  [255][255][255][255][255]
2694  1111111111111111111111111011001111111111  [255][255][255][179][255]
2695  1111111111111111111111111011001111111111  [255][255][255][179][255]
2696  1111111111111111111111111011001111111111  [255][255][255][179][255]
2697  1111111111111111111111111011001111111111  [255][255][255][179][255]
2698  1111111111111111111111111011001111111111  [255][255][255][179][255]
2699  1111111111111111111111111011001111111111  [255][255][255][179][255]
2700  1111111111111111111111111111111111111111  [255][255][255][255][255]
2701  1111111111111111111111111111111111111111  [255][255][255][255][255]
2702  1111111111111111111111111011001111111111  [255][255][255][179][255]
2703  1111111111111111111111111011001111111111  [255][255][255][179][255]
2704  1111111111111111111111111111111111111111  [255][255][255][255][255]
2705  1111111111111111111111111011001111111111  [255][255][255][179][255]
2706  1111111111111111111111111111111111111111  [255][255][255][255][255]
2707  1111111111111111111111111111111111111111  [255][255][255][255][255]
2708  1111111111111111111111111011001111111111  [255][255][255][179][255]
2709  1111111111111111111111111011001111111111  [255][255][255][179][255]
2710  1111111111111111111111111111111111111111  [255][255][255][255][255]
2711  1111111111111111111111111011001111111111  [255][255][255][179][255]
2712  1111111111111111111111111111111111111111  [255][255][255][255][255]
2713  1111111111111111111111111111111111111111  [255][255][255][255][255]
2714  1111111111111111111111111111111111111111  [255][255][255][255][255]
2715  1111111111111111111111111111111111111111  [255][255][255][255][255]
2716  1111111111111111111111111111111111111111  [255][255][255][255][255]
2717  1111111111111111111111111111111111111111  [255][255][255][255][255]
2718  1111111111111111111111111011001111111111  [255][255][255][179][255]
2719  1111111111111111111111111011001111111111  [255][255][255][179][255]
2720  1111111111111111111111111011001111111111  [255][255][255][179][255]
2721  1111111111111111111111111011001111111111  [255][255][255][179][255]
2722  1111111111111111111111111011001111111111  [255][255][255][179][255]
2723  1111111111111111111111111011001111111111  [255][255][255][179][255]
2724  1111111111111111111111111111111111111111  [255][255][255][255][255]
2725  1111111111111111111111111111111111111111  [255][255][255][255][255]
2726  1111111111111111111111111011001111111111  [255][255][255][179][255]
2727  1111111111111111111111111011001111111111  [255][255][255][179][255]
2728  1111111111111111111111111111111111111111  [255][255][255][255][255]
2729  1111111111111111111111111011001111111111  [255][255][255][179][255]
2730  1111111111111111111111111111111111111111  [255][255][255][255][255]
2731  1111111111111111111111111111111111111111  [255][255][255][255][255]
2732  1111111111111111111111111011001111111111  [255][255][255][179][255]
2733  1111111111111111111111111011001111111111  [255][255][255][179][255]
2734  1111111111111111111111111111111111111111  [255][255][255][255][255]
2735  1111111111111111111111111011001111111111  [255][255][255][179][255]
2736  1111111111111111111111111111111111111111  [255][255][255][255][255]
2737  1111111111111111111111111111111111111111  [255][255][255][255][255]
2738  1111111111111111111111111111111111111111  [255][255][255][255][255]
2739  1111111111111111111111111111111111111111  [255][255][255][255][255]
2740  1111111111111111111111111111111111111111  [255][255][255][255][255]
2741  1111111111111111111111111111111111111111  [255][255][255][255][255]
2742  1111111111111111111111111011001111111111  [255][255][255][179][255]
2743  1111111111111111111111111011001111111111  [255][255][255][179][255]
2744  1111111111111111111111111011001111111111  [255][255][255][179][255]
2745  1111111111111111111111111011001111111111  [255][255][255][179][255]
2746  1111111111111111111111111011001111111111  [255][255][255][179][255]
2747  1111111111111111111111111011001111111111  [255][255][255][179][255]
2748  1111111111111111111111111111111111111111  [255][255][255][255][255]
2749  1111111111111111111111111111111111111111  [255][255][255][255][255]
2750  1111111111111111111111111011001111111111  [255][255][255][179][255]
2751  1111111111111111111111111011001111111111  [255][255][255][179][255]
2752  1111111111111111111111111111111111111111  [255][255][255][255][255]
2753  1111111111111111111111111011001111111111  [255][255][255][179][255]
2754  1111111111111111111111111111111111111111  [255][255][255][255][255]
2755  1111111111111111111111111111111111111111  [255][255][255][255][255]
2756  1111111111111111111111111011001111111111  [255][255][255][179][255]
2757  1111111111111111111111111011001111111111  [255][255][255][179][255]
2758  1111111111111111111111111111111111111111  [255][255][255][255][255]
2759  1111111111111111111111111011001111111111  [255][255][255][179][255]
2760  0101011101010011010100100101111101010111  WSR_W     
2761  0101011101010011010100100101111101010111  WSR_W     
2762  0101011101010011010100100101111101010111  WSR_W     
2763  0101011101010011010100100101111101010111  WSR_W     
2764  0101011101010011010100100101111101010111  WSR_W     
2765  0101011101010011010100100101111101010111  WSR_W     
2766  0101011111011111010101100101111101010111  W[223]V_W 
2767  0101011111011111010101100101111101010111  W[223]V_W 
2768  1111111111111111111111111111111111111111  [255][255][255][255][255]
2769  1111111111111111111111111111111111111111  [255][255][255][255][255]
2770  1111111111111111111111111111111111111111  [255][255][255][255][255]
2771  1111111111111111111111111111111111111111  [255][255][255][255][255]
2772  1111111111111111111111111111111111111111  [255][255][255][255][255]
2773  1111111111111111111111111111111111111111  [255][255][255][255][255]
2774  1111111111111111111111111111111111111111  [255][255][255][255][255]
2775  1111111111111111111111111111111111111111  [255][255][255][255][255]
2776  1111111111111111111111111111111111111111  [255][255][255][255][255]
2777  1111111111111111111111111111111111111111  [255][255][255][255][255]
2778  1111111111111111111111111111111111111111  [255][255][255][255][255]
2779  1111111111111111111111111111111111111111  [255][255][255][255][255]
2780  1111111111111111111111111111111111111111  [255][255][255][255][255]
2781  1111111111111111111111111111111111111111  [255][255][255][255][255]
2782  1111111111111111111111111111111111111111  [255][255][255][255][255]
2783  1111111111111111111111111111111111111111  [255][255][255][255][255]
2784  0100011101010010010100100000001101010011  GRR[3]S   
2785  0100011101010010010100100000001101010011  GRR[3]S   
2786  0100011101010010010100100000001101010011  GRR[3]S   
2787  0100011101010010010100100000001101010011  GRR[3]S   
2788  0100011101010010010100100000001101010011  GRR[3]S   
2789  0100011101010010010100100000001101010011  GRR[3]S   
2790  0100011101010010010100100000001101010011  GRR[3]S   
2791  0100011101010010010100100000001101010011  GRR[3]S   
2792  0100011101010010010100100000001101010011  GRR[3]S   
2793  0100011101010010010100100000001101010011  GRR[3]S   
2794  0100011101010010010100100000001101010011  GRR[3]S   
2795  0100011101010010010100100000001101010011  GRR[3]S   
2796  0100011101010010010100100000001101010011  GRR[3]S   
2797  0100011101010010010100100000001101010011  GRR[3]S   
2798  0100011101010010010100100000001101010011  GRR[3]S   
2799  0100011101010010010100100000001101010011  GRR[3]S   
2800  0100011101010010010100100000001101010011  GRR[3]S   
2801  0100011101010010010100100000001101010011  GRR[3]S   
2802  0100011101010010010100100000001101010011  GRR[3]S   
2803  0100011101010010010100100000001101010011  GRR[3]S   
2804  0100011101010010010100100000001101010011  GRR[3]S   
2805  0100011101010010010100100000001101010011  GRR[3]S   
2806  0100011101010010010100100000001101010011  GRR[3]S   
2807  0100011101010010010100100000001101010011  GRR[3]S   
2808  0101011111011111010101100101111101010111  W[223]V_W 
2809  0101011111011111010101100101111101010111  W[223]V_W 
2810  1111111111111111111111111111111111111111  [255][255][255][255][255]
2811  1111111111111111111111111111111111111111  [255][255][255][255][255]
2812  1111111111111111111111111111111111111111  [255][255][255][255][255]
2813  1111111111111111111111111111111111111111  [255][255][255][255][255]
2814  0100011111011111010101100000001101010111  G[223]V[3]W
2815  0100011111011111010101100000001101010111  G[223]V[3]W
2816  0100011111011111010101100000001101010111  G[223]V[3]W
2817  0100011111011111010101100000001101010111  G[223]V[3]W
2818  0100011111011111010101100000001101010111  G[223]V[3]W
2819  0100011111011111010101100000001101010111  G[223]V[3]W
2820  1111111111111111111111111111111111111111  [255][255][255][255][255]
2821  1111111111111111111111111111111111111111  [255][255][255][255][255]
2822  1111111111111111111111111011001111111111  [255][255][255][179][255]
2823  1111111111111111111111111011001111111111  [255][255][255][179][255]
2824  1111111111111111111111111111111111111111  [255][255][255][255][255]
2825  1111111111111111111111111011001111111111  [255][255][255][179][255]
2826  1111111111111111111111111111111111111111  [255][255][255][255][255]
2827  1111111111111111111111111111111111111111  [255][255][255][255][255]
2828  1111111111111111111111111011001111111111  [255][255][255][179][255]
2829  1111111111111111111111111011001111111111  [255][255][255][179][255]
2830  1111111111111111111111111111111111111111  [255][255][255][255][255]
2831  1111111111111111111111111011001111111111  [255][255][255][179][255]
2832  1111111111111111111111111111111111111111  [255][255][255][255][255]
2833  1111111111111111111111111111111111111111  [255][255][255][255][255]
2834  1111111111111111111111111111111111111111  [255][255][255][255][255]
2835  1111111111111111111111111111111111111111  [255][255][255][255][255]
2836  1111111111111111111111111111111111111111  [255][255][255][255][255]
2837  1111111111111111111111111111111111111111  [255][255][255][255][255]
2838  1111111111111111111111111011001111111111  [255][255][255][179][255]
2839  1111111111111111111111111011001111111111  [255][255][255][179][255]
2840  1111111111111111111111111011001111111111  [255][255][255][179][255]
2841  1111111111111111111111111011001111111111  [255][255][255][179][255]
2842  1111111111111111111111111011001111111111  [255][255][255][179][255]
2843  1111111111111111111111111011001111111111  [255][255][255][179][255]
2844  1111111111111111111111111111111111111111  [255][255][255][255][255]
2845  1111111111111111111111111111111111111111  [255][255][255][255][255]
2846  1111111111111111111111111011001111111111  [255][255][255][179][255]
2847  1111111111111111111111111011001111111111  [255][255][255][179][255]
2848  1111111111111111111111111111111111111111  [255][255][255][255][255]
2849  1111111111111111111111111011001111111111  [255][255][255][179][255]
2850  1111111111111111111111111111111111111111  [255][255][255][255][255]
2851  1111111111111111111111111111111111111111  [255][255][255][255][255]
2852  1111111111111111111111111011001111111111  [255][255][255][179][255]
2853  1111111111111111111111111011001111111111  [255][255][255][179][255]
2854  1111111111111111111111111111111111111111  [255][255][255][255][255]
2855  1111111111111111111111111011001111111111  [255][255][255][179][255]
2856  1111111111111111111111111111111111111111  [255][255][255][255][255]
2857  1111111111111111111111111111111111111111  [255][255][255][255][255]
2858  1111111111111111111111111111111111111111  [255][255][255][255][255]
2859  1111111111111111111111111111111111111111  [255][255][255][255][255]
2860  1111111111111111111111111111111111111111  [255][255][255][255][255]
2861  1111111111111111111111111111111111111111  [255][255][255][255][255]
2862  1111111111111111111111111011001111111111  [255][255][255][179][255]
2863  1111111111111111111111111011001111111111  [255][255][255][179][255]
2864  1111111111111111111111111011001111111111  [255][255][255][179][255]
2865  1111111111111111111111111011001111111111  [255][255][255][179][255]
2866  1111111111111111111111111011001111111111  [255][255][255][179][255]
2867  1111111111111111111111111011001111111111  [255][255][255][179][255]
2868  1111111111111111111111111111111111111111  [255][255][255][255][255]
2869  1111111111111111111111111111111111111111  [255][255][255][255][255]
2870  1111111111111111111111111011001111111111  [255][255][255][179][255]
2871  1111111111111111111111111011001111111111  [255][255][255][179][255]
2872  1111111111111111111111111111111111111111  [255][255][255][255][255]
2873  1111111111111111111111111011001111111111  [255][255][255][179][255]
2874  1111111111111111111111111111111111111111  [255][255][255][255][255]
2875  1111111111111111111111111111111111111111  [255][255][255][255][255]
2876  1111111111111111111111111011001111111111  [255][255][255][179][255]
2877  1111111111111111111111111011001111111111  [255][255][255][179][255]
2878  1111111111111111111111111111111111111111  [255][255][255][255][255]
2879  1111111111111111111111111011001111111111  [255][255][255][179][255]
2880  1111111111111111111111111111111111111111  [255][255][255][255][255]
2881  1111111111111111111111111111111111111111  [255][255][255][255][255]
2882  1111111111111111111111111111111111111111  [255][255][255][255][255]
2883  1111111111111111111111111111111111111111  [255][255][255][255][255]
2884  1111111111111111111111111111111111111111  [255][255][255][255][255]
2885  1111111111111111111111111111111111111111  [255][255][255][255][255]
2886  1111111111111111111111111111111111111111  [255][255][255][255][255]
2887  1111111111111111111111111111111111111111  [255][255][255][255][255]
2888  1111111111111111111111111111111111111111  [255][255][255][255][255]
2889  1111111111111111111111111111111111111111  [255][255][255][255][255]
2890  1111111111111111111111111111111111111111  [255][255][255][255][255]
2891  1111111111111111111111111111111111111111  [255][255][255][255][255]
2892  1111111111111111111111111111111111111111  [255][255][255][255][255]
2893  1111111111111111111111111111111111111111  [255][255][255][255][255]
2894  1111111111111111111111111111111111111111  [255][255][255][255][255]
2895  1111111111111111111111111111111111111111  [255][255][255][255][255]
2896  1111111111111111111111111111111111111111  [255][255][255][255][255]
2897  1111111111111111111111111111111111111111  [255][255][255][255][255]
2898  1111111111111111111111111111111111111111  [255][255][255][255][255]
2899  1111111111111111111111111111111111111111  [255][255][255][255][255]
2900  1111111111111111111111111111111111111111  [255][255][255][255][255]
2901  1111111111111111111111111111111111111111  [255][255][255][255][255]
2902  1111111111111111111111111111111111111111  [255][255][255][255][255]
2903  1111111111111111111111111111111111111111  [255][255][255][255][255]
2904  1111111111111111111111111111111111111111  [255][255][255][255][255]
2905  1111111111111111111111111111111111111111  [255][255][255][255][255]
2906  1111111111111111111111111111111111111111  [255][255][255][255][255]
2907  1111111111111111111111111111111111111111  [255][255][255][255][255]
2908  1111111111111111111111111111111111111111  [255][255][255][255][255]
2909  1111111111111111111111111111111111111111  [255][255][255][255][255]
2910  1111111111111111111111111111111111111111  [255][255][255][255][255]
2911  1111111111111111111111111111111111111111  [255][255][255][255][255]
2912  1111111111111111111111111111111111111111  [255][255][255][255][255]
2913  1111111111111111111111111111111111111111  [255][255][255][255][255]
2914  1111111111111111111111111111111111111111  [255][255][255][255][255]
2915  1111111111111111111111111111111111111111  [255][255][255][255][255]
2916  1111111111111111111111111111111111111111  [255][255][255][255][255]
2917  1111111111111111111111111111111111111111  [255][255][255][255][255]
2918  1111111111111111111111111111111111111111  [255][255][255][255][255]
2919  1111111111111111111111111111111111111111  [255][255][255][255][255]
2920  1111111111111111111111111111111111111111  [255][255][255][255][255]
2921  1111111111111111111111111111111111111111  [255][255][255][255][255]
2922  1111111111111111111111111111111111111111  [255][255][255][255][255]
2923  1111111111111111111111111111111111111111  [255][255][255][255][255]
2924  1111111111111111111111111111111111111111  [255][255][255][255][255]
2925  1111111111111111111111111111111111111111  [255][255][255][255][255]
2926  1111111111111111111111111111111111111111  [255][255][255][255][255]
2927  1111111111111111111111111111111111111111  [255][255][255][255][255]
2928  1111111111111111111111111111111111111111  [255][255][255][255][255]
2929  1111111111111111111111111111111111111111  [255][255][255][255][255]
2930  1111111111111111111111111111111111111111  [255][255][255][255][255]
2931  1111111111111111111111111111111111111111  [255][255][255][255][255]
2932  1111111111111111111111111111111111111111  [255][255][255][255][255]
2933  1111111111111111111111111111111111111111  [255][255][255][255][255]
2934  1111111111111111111111111111111111111111  [255][255][255][255][255]
2935  1111111111111111111111111111111111111111  [255][255][255][255][255]
2936  1111111111111111111111111111111111111111  [255][255][255][255][255]
2937  1111111111111111111111111111111111111111  [255][255][255][255][255]
2938  1111111111111111111111111111111111111111  [255][255][255][255][255]
2939  1111111111111111111111111111111111111111  [255][255][255][255][255]
2940  1111111111111111111111111111111111111111  [255][255][255][255][255]
2941  1111111111111111111111111111111111111111  [255][255][255][255][255]
2942  1111111111111111111111111111111111111111  [255][255][255][255][255]
2943  1111111111111111111111111111111111111111  [255][255][255][255][255]
2944  1111111111111111111111111111111111111111  [255][255][255][255][255]
2945  1111111111111111111111111111111111111111  [255][255][255][255][255]
2946  1111111111111111111111111111111111111111  [255][255][255][255][255]
2947  1111111111111111111111111111111111111111  [255][255][255][255][255]
2948  1111111111111111111111111111111111111111  [255][255][255][255][255]
2949  1111111111111111111111111111111111111111  [255][255][255][255][255]
2950  1111111111111111111111111111111111111111  [255][255][255][255][255]
2951  1111111111111111111111111111111111111111  [255][255][255][255][255]
2952  1111111111111111111111111111111111111111  [255][255][255][255][255]
2953  1111111111111111111111111111111111111111  [255][255][255][255][255]
2954  1111111111111111111111111111111111111111  [255][255][255][255][255]
2955  1111111111111111111111111111111111111111  [255][255][255][255][255]
2956  1111111111111111111111111111111111111111  [255][255][255][255][255]
2957  1111111111111111111111111111111111111111  [255][255][255][255][255]
2958  1111111111111111111111111111111111111111  [255][255][255][255][255]
2959  1111111111111111111111111111111111111111  [255][255][255][255][255]
2960  1111111111111111111111111111111111111111  [255][255][255][255][255]
2961  1111111111111111111111111111111111111111  [255][255][255][255][255]
2962  1111111111111111111111111111111111111111  [255][255][255][255][255]
2963  1111111111111111111111111111111111111111  [255][255][255][255][255]
2964  1111111111111111111111111111111111111111  [255][255][255][255][255]
2965  1111111111111111111111111111111111111111  [255][255][255][255][255]
2966  1111111111111111111111111111111111111111  [255][255][255][255][255]
2967  1111111111111111111111111111111111111111  [255][255][255][255][255]
2968  1111111111111111111111111111111111111111  [255][255][255][255][255]
2969  1111111111111111111111111111111111111111  [255][255][255][255][255]
2970  1111111111111111111111111111111111111111  [255][255][255][255][255]
2971  1111111111111111111111111111111111111111  [255][255][255][255][255]
2972  1111111111111111111111111111111111111111  [255][255][255][255][255]
2973  1111111111111111111111111111111111111111  [255][255][255][255][255]
2974  1111111111111111111111111111111111111111  [255][255][255][255][255]
2975  1111111111111111111111111111111111111111  [255][255][255][255][255]
2976  1111111111111111111111111111111111111111  [255][255][255][255][255]
2977  1111111111111111111111111111111111111111  [255][255][255][255][255]
2978  1111111111111111111111111111111111111111  [255][255][255][255][255]
2979  1111111111111111111111111111111111111111  [255][255][255][255][255]
2980  1111111111111111111111111111111111111111  [255][255][255][255][255]
2981  1111111111111111111111111111111111111111  [255][255][255][255][255]
2982  1111111111111111111111111111111111111111  [255][255][255][255][255]
2983  1111111111111111111111111111111111111111  [255][255][255][255][255]
2984  1111111111111111111111111111111111111111  [255][255][255][255][255]
2985  1111111111111111111111111111111111111111  [255][255][255][255][255]
2986  1111111111111111111111111111111111111111  [255][255][255][255][255]
2987  1111111111111111111111111111111111111111  [255][255][255][255][255]
2988  1111111111111111111111111111111111111111  [255][255][255][255][255]
2989  1111111111111111111111111111111111111111  [255][255][255][255][255]
2990  1111111111111111111111111111111111111111  [255][255][255][255][255]
2991  1111111111111111111111111111111111111111  [255][255][255][255][255]
2992  1111111111111111111111111111111111111111  [255][255][255][255][255]
2993  1111111111111111111111111111111111111111  [255][255][255][255][255]
2994  1111111111111111111111111111111111111111  [255][255][255][255][255]
2995  1111111111111111111111111111111111111111  [255][255][255][255][255]
2996  1111111111111111111111111111111111111111  [255][255][255][255][255]
2997  1111111111111111111111111111111111111111  [255][255][255][255][255]
2998  1111111111111111111111111111111111111111  [255][255][255][255][255]
2999  1111111111111111111111111111111111111111  [255][255][255][255][255]
3000  1111101111111111111111111011001111111111  [251][255][255][179][255]
3001  1111101111111111111111111011001111111111  [251][255][255][179][255]
3002  1111101111111111111111111011001111111111  [251][255][255][179][255]
3003  1111101111111111111111111011001111111111  [251][255][255][179][255]
3004  1111101111111111111111111011001111111111  [251][255][255][179][255]
3005  1111101111111111111111111011001111111111  [251][255][255][179][255]
3006  1111101111111111111111111011001111111111  [251][255][255][179][255]
3007  1111101111111111111111111011001111111111  [251][255][255][179][255]
3008  1111101111111111111111111011001111111111  [251][255][255][179][255]
3009  1111101111111111111111111011001111111111  [251][255][255][179][255]
3010  1111101111111111111111111011001111111111  [251][255][255][179][255]
3011  1111101111111111111111111011001111111111  [251][255][255][179][255]
3012  1111101111111111111111111011001111111111  [251][255][255][179][255]
3013  1111101111111111111111111011001111111111  [251][255][255][179][255]
3014  1111101111111111111111111011001111111111  [251][255][255][179][255]
3015  1111101111111111111111111011001111111111  [251][255][255][179][255]
3016  1111101111111111111111111011001111111111  [251][255][255][179][255]
3017  1111101111111111111111111011001111111111  [251][255][255][179][255]
3018  1111101111111111111111111011001111111111  [251][255][255][179][255]
3019  1111101111111111111111111011001111111111  [251][255][255][179][255]
3020  1111101111111111111111111011001111111111  [251][255][255][179][255]
3021  1111101111111111111111111011001111111111  [251][255][255][179][255]
3022  1111101111111111111111111011001111111111  [251][255][255][179][255]
3023  1111101111111111111111111011001111111111  [251][255][255][179][255]
3024  1111101111111111111111111011001111111111  [251][255][255][179][255]
3025  1111101111111111111111111011001111111111  [251][255][255][179][255]
3026  1111101111111111111111111011001111111111  [251][255][255][179][255]
3027  1111101111111111111111111011001111111111  [251][255][255][179][255]
3028  1111101111111111111111111011001111111111  [251][255][255][179][255]
3029  1111101111111111111111111011001111111111  [251][255][255][179][255]
3030  1111101111111111111111111011001111111111  [251][255][255][179][255]
3031  1111101111111111111111111011001111111111  [251][255][255][179][255]
3032  1111101111111111111111111011001111111111  [251][255][255][179][255]
3033  1111101111111111111111111011001111111111  [251][255][255][179][255]
3034  1111101111111111111111111011001111111111  [251][255][255][179][255]
3035  1111101111111111111111111011001111111111  [251][255][255][179][255]
3036  1111101111111111111111111011001111111111  [251][255][255][179][255]
3037  1111101111111111111111111011001111111111  [251][255][255][179][255]
3038  1111101111111111111111111011001111111111  [251][255][255][179][255]
3039  1111101111111111111111111011001111111111  [251][255][255][179][255]
3040  1111101111111111111111111011001111111111  [251][255][255][179][255]
3041  1111101111111111111111111011001111111111  [251][255][255][179][255]
3042  1111101111111111111111111011001111111111  [251][255][255][179][255]
3043  1111101111111111111111111011001111111111  [251][255][255][179][255]
3044  1111101111111111111111111011001111111111  [251][255][255][179][255]
3045  1111101111111111111111111011001111111111  [251][255][255][179][255]
3046  1111101111111111111111111011001111111111  [251][255][255][179][255]
3047  1111101111111111111111111011001111111111  [251][255][255][179][255]
3048  1111101111111111111111111011001111111111  [251][255][255][179][255]
3049  1111101111111111111111111011001111111111  [251][255][255][179][255]
3050  1111101111111111111111111011001111111111  [251][255][255][179][255]
3051  1111101111111111111111111011001111111111  [251][255][255][179][255]
3052  1111101111111111111111111011001111111111  [251][255][255][179][255]
3053  1111101111111111111111111011001111111111  [251][255][255][179][255]
3054  1111101111111111111111111011001111111111  [251][255][255][179][255]
3055  1111101111111111111111111011001111111111  [251][255][255][179][255]
3056  1111101111111111111111111011001111111111  [251][255][255][179][255]
3057  1111101111111111111111111011001111111111  [251][255][255][179][255]
3058  1111101111111111111111111011001111111111  [251][255][255][179][255]
3059  1111101111111111111111111011001111111111  [251][255][255][179][255]
3060  1111101111111111111111111011001111111111  [251][255][255][179][255]
3061  1111101111111111111111111011001111111111  [251][255][255][179][255]
3062  1111101111111111111111111011001111111111  [251][255][255][179][255]
3063  1111101111111111111111111011001111111111  [251][255][255][179][255]
3064  1111101111111111111111111011001111111111  [251][255][255][179][255]
3065  1111101111111111111111111011001111111111  [251][255][255][179][255]
3066  1111101111111111111111111011001111111111  [251][255][255][179][255]
3067  1111101111111111111111111011001111111111  [251][255][255][179][255]
3068  1111101111111111111111111011001111111111  [251][255][255][179][255]
3069  1111101111111111111111111011001111111111  [251][255][255][179][255]
3070  1111101111111111111111111011001111111111  [251][255][255][179][255]
3071  1111101111111111111111111011001111111111  [251][255][255][179][255]
3072  1111101111111111111111111011001111111111  [251][255][255][179][255]
3073  1111101111111111111111111011001111111111  [251][255][255][179][255]
3074  1111101111111111111111111011001111111111  [251][255][255][179][255]
3075  1111101111111111111111111011001111111111  [251][255][255][179][255]
3076  1111101111111111111111111011001111111111  [251][255][255][179][255]
3077  1111101111111111111111111011001111111111  [251][255][255][179][255]
3078  1111101111111111111111111011001111111111  [251][255][255][179][255]
3079  1111101111111111111111111011001111111111  [251][255][255][179][255]
3080  1111101111111111111111111011001111111111  [251][255][255][179][255]
3081  1111101111111111111111111011001111111111  [251][255][255][179][255]
3082  1111101111111111111111111011001111111111  [251][255][255][179][255]
3083  1111101111111111111111111011001111111111  [251][255][255][179][255]
3084  1111101111111111111111111011001111111111  [251][255][255][179][255]
3085  1111101111111111111111111011001111111111  [251][255][255][179][255]
3086  1111101111111111111111111011001111111111  [251][255][255][179][255]
3087  1111101111111111111111111011001111111111  [251][255][255][179][255]
3088  1111101111111111111111111011001111111111  [251][255][255][179][255]
3089  1111101111111111111111111011001111111111  [251][255][255][179][255]
3090  1111101111111111111111111011001111111111  [251][255][255][179][255]
3091  1111101111111111111111111011001111111111  [251][255][255][179][255]
3092  1111101111111111111111111011001111111111  [251][255][255][179][255]
3093  1111101111111111111111111011001111111111  [251][255][255][179][255]
3094  1111101111111111111111111011001111111111  [251][255][255][179][255]
3095  1111101111111111111111111011001111111111  [251][255][255][179][255]
3096  1111101111111111111111111011001111111111  [251][255][255][179][255]
3097  1111101111111111111111111011001111111111  [251][255][255][179][255]
3098  1111101111111111111111111011001111111111  [251][255][255][179][255]
3099  1111101111111111111111111011001111111111  [251][255][255][179][255]
3100  1111101111111111111111111011001111111111  [251][255][255][179][255]
3101  1111101111111111111111111011001111111111  [251][255][255][179][255]
3102  1111101111111111111111111011001111111111  [251][255][255][179][255]
3103  1111101111111111111111111011001111111111  [251][255][255][179][255]
3104  1111101111111111111111111011001111111111  [251][255][255][179][255]
3105  1111101111111111111111111011001111111111  [251][255][255][179][255]
3106  1111101111111111111111111011001111111111  [251][255][255][179][255]
3107  1111101111111111111111111011001111111111  [251][255][255][179][255]
3108  1111101111111111111111111011001111111111  [251][255][255][179][255]
3109  1111101111111111111111111011001111111111  [251][255][255][179][255]
3110  1111101111111111111111111011001111111111  [251][255][255][179][255]
3111  1111101111111111111111111011001111111111  [251][255][255][179][255]
3112  1111101111111111111111111011001111111111  [251][255][255][179][255]
3113  1111101111111111111111111011001111111111  [251][255][255][179][255]
3114  1111101111111111111111111011001111111111  [251][255][255][179][255]
3115  1111101111111111111111111011001111111111  [251][255][255][179][255]
3116  1111101111111111111111111011001111111111  [251][255][255][179][255]
3117  1111101111111111111111111011001111111111  [251][255][255][179][255]
3118  1111101111111111111111111011001111111111  [251][255][255][179][255]
3119  1111101111111111111111111011001111111111  [251][255][255][179][255]
3120  1111111111111111111111111111111111111111  [255][255][255][255][255]
3121  1111111111111111111111111111111111111111  [255][255][255][255][255]
3122  1111111111111111111111111111111111111111  [255][255][255][255][255]
3123  1111111111111111111111111111111111111111  [255][255][255][255][255]
3124  1111111111111111111111111111111111111111  [255][255][255][255][255]
3125  1111111111111111111111111111111111111111  [255][255][255][255][255]
3126  1111111111111111111111111111111111111111  [255][255][255][255][255]
3127  1111111111111111111111111111111111111111  [255][255][255][255][255]
3128  1111111111111111111111111111111111111111  [255][255][255][255][255]
3129  1111111111111111111111111111111111111111  [255][255][255][255][255]
3130  1111111111111111111111111111111111111111  [255][255][255][255][255]
3131  1111111111111111111111111111111111111111  [255][255][255][255][255]
3132  1111111111111111111111111111111111111111  [255][255][255][255][255]
3133  1111111111111111111111111111111111111111  [255][255][255][255][255]
3134  1111111111111111111111111111111111111111  [255][255][255][255][255]
3135  1111111111111111111111111111111111111111  [255][255][255][255][255]
3136  1111111111111111111111111111111111111111  [255][255][255][255][255]
3137  1111111111111111111111111111111111111111  [255][255][255][255][255]
3138  1111111111111111111111111111111111111111  [255][255][255][255][255]
3139  1111111111111111111111111111111111111111  [255][255][255][255][255]
3140  1111111111111111111111111111111111111111  [255][255][255][255][255]
3141  1111111111111111111111111111111111111111  [255][255][255][255][255]
3142  1111111111111111111111111111111111111111  [255][255][255][255][255]
3143  1111111111111111111111111111111111111111  [255][255][255][255][255]
3144  1111101111111111111111111011001111111111  [251][255][255][179][255]
3145  1111101111111111111111111011001111111111  [251][255][255][179][255]
3146  1111101111111111111111111011001111111111  [251][255][255][179][255]
3147  1111101111111111111111111011001111111111  [251][255][255][179][255]
3148  1111101111111111111111111011001111111111  [251][255][255][179][255]
3149  1111101111111111111111111011001111111111  [251][255][255][179][255]
3150  1111101111111111111111111011001111111111  [251][255][255][179][255]
3151  1111101111111111111111111011001111111111  [251][255][255][179][255]
3152  1111101111111111111111111011001111111111  [251][255][255][179][255]
3153  1111101111111111111111111011001111111111  [251][255][255][179][255]
3154  1111101111111111111111111011001111111111  [251][255][255][179][255]
3155  1111101111111111111111111011001111111111  [251][255][255][179][255]
3156  1111101111111111111111111011001111111111  [251][255][255][179][255]
3157  1111101111111111111111111011001111111111  [251][255][255][179][255]
3158  1111101111111111111111111011001111111111  [251][255][255][179][255]
3159  1111101111111111111111111011001111111111  [251][255][255][179][255]
3160  1111101111111111111111111011001111111111  [251][255][255][179][255]
3161  1111101111111111111111111011001111111111  [251][255][255][179][255]
3162  1111101111111111111111111011001111111111  [251][255][255][179][255]
3163  1111101111111111111111111011001111111111  [251][255][255][179][255]
3164  1111101111111111111111111011001111111111  [251][255][255][179][255]
3165  1111101111111111111111111011001111111111  [251][255][255][179][255]
3166  1111101111111111111111111011001111111111  [251][255][255][179][255]
3167  1111101111111111111111111011001111111111  [251][255][255][179][255]
3168  1111111111111111111111111111111111111111  [255][255][255][255][255]
3169  1111111111111111111111111111111111111111  [255][255][255][255][255]
3170  1111111111111111111111111111111111111111  [255][255][255][255][255]
3171  1111111111111111111111111111111111111111  [255][255][255][255][255]
3172  1111111111111111111111111111111111111111  [255][255][255][255][255]
3173  1111111111111111111111111111111111111111  [255][255][255][255][255]
3174  1111111111111111111111111011001111111111  [255][255][255][179][255]
3175  1111111111111111111111111011001111111111  [255][255][255][179][255]
3176  1111111111111111111111111011001111111111  [255][255][255][179][255]
3177  1111111111111111111111111011001111111111  [255][255][255][179][255]
3178  1111111111111111111111111011001111111111  [255][255][255][179][255]
3179  1111111111111111111111111011001111111111  [255][255][255][179][255]
3180  1111111111111111111111111111111111111111  [255][255][255][255][255]
3181  1111111111111111111111111111111111111111  [255][255][255][255][255]
3182  1111111111111111111111111011001111111111  [255][255][255][179][255]
3183  1111111111111111111111111011001111111111  [255][255][255][179][255]
3184  1111111111111111111111111111111111111111  [255][255][255][255][255]
3185  1111111111111111111111111011001111111111  [255][255][255][179][255]
3186  1111111111111111111111111111111111111111  [255][255][255][255][255]
3187  1111111111111111111111111111111111111111  [255][255][255][255][255]
3188  1111111111111111111111111011001111111111  [255][255][255][179][255]
3189  1111111111111111111111111011001111111111  [255][255][255][179][255]
3190  1111111111111111111111111111111111111111  [255][255][255][255][255]
3191  1111111111111111111111111011001111111111  [255][255][255][179][255]
3192  1111111111111111111111111111111111111111  [255][255][255][255][255]
3193  1111111111111111111111111111111111111111  [255][255][255][255][255]
3194  1111111111111111111111111111111111111111  [255][255][255][255][255]
3195  1111111111111111111111111111111111111111  [255][255][255][255][255]
3196  1111111111111111111111111111111111111111  [255][255][255][255][255]
3197  1111111111111111111111111111111111111111  [255][255][255][255][255]
3198  1111101111111111111111111011001111111111  [251][255][255][179][255]
3199  1111101111111111111111111011001111111111  [251][255][255][179][255]
3200  1111101111111111111111111011001111111111  [251][255][255][179][255]
3201  1111101111111111111111111011001111111111  [251][255][255][179][255]
3202  1111101111111111111111111011001111111111  [251][255][255][179][255]
3203  1111101111111111111111111011001111111111  [251][255][255][179][255]
3204  1111111111111111111111111111111111111111  [255][255][255][255][255]
3205  1111111111111111111111111111111111111111  [255][255][255][255][255]
3206  1111111111111111111111111011001111111111  [255][255][255][179][255]
3207  1111111111111111111111111011001111111111  [255][255][255][179][255]
3208  1111111111111111111111111111111111111111  [255][255][255][255][255]
3209  1111111111111111111111111011001111111111  [255][255][255][179][255]
3210  1111111111111111111111111111111111111111  [255][255][255][255][255]
3211  1111111111111111111111111111111111111111  [255][255][255][255][255]
3212  1111101111111111111111111011001111111111  [251][255][255][179][255]
3213  1111101111111111111111111011001111111111  [251][255][255][179][255]
3214  1111111111111111111111111111111111111111  [255][255][255][255][255]
3215  1111111111111111111111111011001111111111  [255][255][255][179][255]
3216  1111111111111111111111111111111111111111  [255][255][255][255][255]
3217  1111111111111111111111111111111111111111  [255][255][255][255][255]
3218  1111111111111111111111111111111111111111  [255][255][255][255][255]
3219  1111111111111111111111111111111111111111  [255][255][255][255][255]
3220  1111111111111111111111111111111111111111  [255][255][255][255][255]
3221  1111111111111111111111111111111111111111  [255][255][255][255][255]
3222  1111101111111111111111111011001111111111  [251][255][255][179][255]
3223  1111101111111111111111111011001111111111  [251][255][255][179][255]
3224  1111101111111111111111111011001111111111  [251][255][255][179][255]
3225  1111101111111111111111111011001111111111  [251][255][255][179][255]
3226  1111101111111111111111111011001111111111  [251][255][255][179][255]
3227  1111101111111111111111111011001111111111  [251][255][255][179][255]
3228  1111111111111111111111111111111111111111  [255][255][255][255][255]
3229  1111111111111111111111111111111111111111  [255][255][255][255][255]
3230  1111111111111111111111111011001111111111  [255][255][255][179][255]
3231  1111111111111111111111111011001111111111  [255][255][255][179][255]
3232  1111111111111111111111111111111111111111  [255][255][255][255][255]
3233  1111111111111111111111111011001111111111  [255][255][255][179][255]
3234  1111111111111111111111111111111111111111  [255][255][255][255][255]
3235  1111111111111111111111111111111111111111  [255][255][255][255][255]
3236  1111101111111111111111111011001111111111  [251][255][255][179][255]
3237  1111101111111111111111111011001111111111  [251][255][255][179][255]
3238  1111111111111111111111111111111111111111  [255][255][255][255][255]
3239  1111111111111111111111111011001111111111  [255][255][255][179][255]
3240  1111111111111111111111111111111111111111  [255][255][255][255][255]
3241  1111111111111111111111111111111111111111  [255][255][255][255][255]
3242  1111111111111111111111111111111111111111  [255][255][255][255][255]
3243  1111111111111111111111111111111111111111  [255][255][255][255][255]
3244  1111111111111111111111111111111111111111  [255][255][255][255][255]
3245  1111111111111111111111111111111111111111  [255][255][255][255][255]
3246  1111111111111111111111111111111111111111  [255][255][255][255][255]
3247  1111111111111111111111111111111111111111  [255][255][255][255][255]
3248  1111111111111111111111111111111111111111  [255][255][255][255][255]
3249  1111111111111111111111111111111111111111  [255][255][255][255][255]
3250  1111111111111111111111111111111111111111  [255][255][255][255][255]
3251  1111111111111111111111111111111111111111  [255][255][255][255][255]
3252  1111111111111111111111111111111111111111  [255][255][255][255][255]
3253  1111111111111111111111111111111111111111  [255][255][255][255][255]
3254  1111111111111111111111111111111111111111  [255][255][255][255][255]
3255  1111111111111111111111111111111111111111  [255][255][255][255][255]
3256  1111111111111111111111111111111111111111  [255][255][255][255][255]
3257  1111111111111111111111111111111111111111  [255][255][255][255][255]
3258  1111111111111111111111111111111111111111  [255][255][255][255][255]
3259  1111111111111111111111111111111111111111  [255][255][255][255][255]
3260  1111111111111111111111111111111111111111  [255][255][255][255][255]
3261  1111111111111111111111111111111111111111  [255][255][255][255][255]
3262  1111111111111111111111111111111111111111  [255][255][255][255][255]
3263  1111111111111111111111111111111111111111  [255][255][255][255][255]
3264  1111111111111111111111111011001111111111  [255][255][255][179][255]
3265  1111111111111111111111111011001111111111  [255][255][255][179][255]
3266  1111111111111111111111111011001111111111  [255][255][255][179][255]
3267  1111111111111111111111111011001111111111  [255][255][255][179][255]
3268  1111111111111111111111111011001111111111  [255][255][255][179][255]
3269  1111111111111111111111111011001111111111  [255][255][255][179][255]
3270  1111111111111111111111111011001111111111  [255][255][255][179][255]
3271  1111111111111111111111111011001111111111  [255][255][255][179][255]
3272  1111111111111111111111111011001111111111  [255][255][255][179][255]
3273  1111111111111111111111111011001111111111  [255][255][255][179][255]
3274  1111111111111111111111111011001111111111  [255][255][255][179][255]
3275  1111111111111111111111111011001111111111  [255][255][255][179][255]
3276  1111111111111111111111111011001111111111  [255][255][255][179][255]
3277  1111111111111111111111111011001111111111  [255][255][255][179][255]
3278  1111111111111111111111111011001111111111  [255][255][255][179][255]
3279  1111111111111111111111111011001111111111  [255][255][255][179][255]
3280  1111111111111111111111111011001111111111  [255][255][255][179][255]
3281  1111111111111111111111111011001111111111  [255][255][255][179][255]
3282  1111111111111111111111111011001111111111  [255][255][255][179][255]
3283  1111111111111111111111111011001111111111  [255][255][255][179][255]
3284  1111111111111111111111111011001111111111  [255][255][255][179][255]
3285  1111111111111111111111111011001111111111  [255][255][255][179][255]
3286  1111111111111111111111111011001111111111  [255][255][255][179][255]
3287  1111111111111111111111111011001111111111  [255][255][255][179][255]
3288  1111111111111111111111111111111111111111  [255][255][255][255][255]
3289  1111111111111111111111111111111111111111  [255][255][255][255][255]
3290  1111111111111111111111111111111111111111  [255][255][255][255][255]
3291  1111111111111111111111111111111111111111  [255][255][255][255][255]
3292  1111111111111111111111111111111111111111  [255][255][255][255][255]
3293  1111111111111111111111111111111111111111  [255][255][255][255][255]
3294  1111111111111111111111111011001111111111  [255][255][255][179][255]
3295  1111111111111111111111111011001111111111  [255][255][255][179][255]
3296  1111111111111111111111111011001111111111  [255][255][255][179][255]
3297  1111111111111111111111111011001111111111  [255][255][255][179][255]
3298  1111111111111111111111111011001111111111  [255][255][255][179][255]
3299  1111111111111111111111111011001111111111  [255][255][255][179][255]
3300  1111111111111111111111111111111111111111  [255][255][255][255][255]
3301  1111111111111111111111111111111111111111  [255][255][255][255][255]
3302  1111111111111111111111111011001111111111  [255][255][255][179][255]
3303  1111111111111111111111111011001111111111  [255][255][255][179][255]
3304  1111111111111111111111111111111111111111  [255][255][255][255][255]
3305  1111111111111111111111111011001111111111  [255][255][255][179][255]
3306  1111111111111111111111111111111111111111  [255][255][255][255][255]
3307  1111111111111111111111111111111111111111  [255][255][255][255][255]
3308  1111111111111111111111111011001111111111  [255][255][255][179][255]
3309  1111111111111111111111111011001111111111  [255][255][255][179][255]
3310  1111111111111111111111111111111111111111  [255][255][255][255][255]
3311  1111111111111111111111111011001111111111  [255][255][255][179][255]
3312  1111111111111111111111111111111111111111  [255][255][255][255][255]
3313  1111111111111111111111111111111111111111  [255][255][255][255][255]
3314  1111111111111111111111111111111111111111  [255][255][255][255][255]
3315  1111111111111111111111111111111111111111  [255][255][255][255][255]
3316  1111111111111111111111111111111111111111  [255][255][255][255][255]
3317  1111111111111111111111111111111111111111  [255][255][255][255][255]
3318  1111111111111111111111111011001111111111  [255][255][255][179][255]
3319  1111111111111111111111111011001111111111  [255][255][255][179][255]
3320  1111111111111111111111111011001111111111  [255][255][255][179][255]
3321  1111111111111111111111111011001111111111  [255][255][255][179][255]
3322  1111111111111111111111111011001111111111  [255][255][255][179][255]
3323  1111111111111111111111111011001111111111  [255][255][255][179][255]
3324  1111111111111111111111111111111111111111  [255][255][255][255][255]
3325  1111111111111111111111111111111111111111  [255][255][255][255][255]
3326  1111111111111111111111111011001111111111  [255][255][255][179][255]
3327  1111111111111111111111111011001111111111  [255][255][255][179][255]
3328  1111111111111111111111111111111111111111  [255][255][255][255][255]
3329  1111111111111111111111111011001111111111  [255][255][255][179][255]
3330  1111111111111111111111111111111111111111  [255][255][255][255][255]
3331  1111111111111111111111111111111111111111  [255][255][255][255][255]
3332  1111111111111111111111111011001111111111  [255][255][255][179][255]
3333  1111111111111111111111111011001111111111  [255][255][255][179][255]
3334  1111111111111111111111111111111111111111  [255][255][255][255][255]
3335  1111111111111111111111111011001111111111  [255][255][255][179][255]
3336  1111111111111111111111111111111111111111  [255][255][255][255][255]
3337  1111111111111111111111111111111111111111  [255][255][255][255][255]
3338  1111111111111111111111111111111111111111  [255][255][255][255][255]
3339  1111111111111111111111111111111111111111  [255][255][255][255][255]
3340  1111111111111111111111111111111111111111  [255][255][255][255][255]
3341  1111111111111111111111111111111111111111  [255][255][255][255][255]
3342  1111111111111111111111111011001111111111  [255][255][255][179][255]
3343  1111111111111111111111111011001111111111  [255][255][255][179][255]
3344  1111111111111111111111111011001111111111  [255][255][255][179][255]
3345  1111111111111111111111111011001111111111  [255][255][255][179][255]
3346  1111111111111111111111111011001111111111  [255][255][255][179][255]
3347  1111111111111111111111111011001111111111  [255][255][255][179][255]
3348  1111111111111111111111111111111111111111  [255][255][255][255][255]
3349  1111111111111111111111111111111111111111  [255][255][255][255][255]
3350  1111111111111111111111111011001111111111  [255][255][255][179][255]
3351  1111111111111111111111111011001111111111  [255][255][255][179][255]
3352  1111111111111111111111111111111111111111  [255][255][255][255][255]
3353  1111111111111111111111111011001111111111  [255][255][255][179][255]
3354  1111111111111111111111111111111111111111  [255][255][255][255][255]
3355  1111111111111111111111111111111111111111  [255][255][255][255][255]
3356  1111111111111111111111111011001111111111  [255][255][255][179][255]
3357  1111111111111111111111111011001111111111  [255][255][255][179][255]
3358  1111111111111111111111111111111111111111  [255][255][255][255][255]
3359  1111111111111111111111111011001111111111  [255][255][255][179][255]
3360  1111111111111111111111111111111111111111  [255][255][255][255][255]
3361  1111111111111111111111111111111111111111  [255][255][255][255][255]
3362  1111111111111111111111111111111111111111  [255][255][255][255][255]
3363  1111111111111111111111111111111111111111  [255][255][255][255][255]
3364  1111111111111111111111111111111111111111  [255][255][255][255][255]
3365  1111111111111111111111111111111111111111  [255][255][255][255][255]
3366  1111111111111111111111111111111111111111  [255][255][255][255][255]
3367  1111111111111111111111111111111111111111  [255][255][255][255][255]
3368  1111111111111111111111111111111111111111  [255][255][255][255][255]
3369  1111111111111111111111111111111111111111  [255][255][255][255][255]
3370  1111111111111111111111111111111111111111  [255][255][255][255][255]
3371  1111111111111111111111111111111111111111  [255][255][255][255][255]
3372  1111111111111111111111111111111111111111  [255][255][255][255][255]
3373  1111111111111111111111111111111111111111  [255][255][255][255][255]
3374  1111111111111111111111111111111111111111  [255][255][255][255][255]
3375  1111111111111111111111111111111111111111  [255][255][255][255][255]
3376  1111111111111111111111111111111111111111  [255][255][255][255][255]
3377  1111111111111111111111111111111111111111  [255][255][255][255][255]
3378  1111111111111111111111111111111111111111  [255][255][255][255][255]
3379  1111111111111111111111111111111111111111  [255][255][255][255][255]
3380  1111111111111111111111111111111111111111  [255][255][255][255][255]
3381  1111111111111111111111111111111111111111  [255][255][255][255][255]
3382  1111111111111111111111111111111111111111  [255][255][255][255][255]
3383  1111111111111111111111111111111111111111  [255][255][255][255][255]
3384  1111101111111111111111111011001111111111  [251][255][255][179][255]
3385  1111101111111111111111111011001111111111  [251][255][255][179][255]
3386  1111101111111111111111111011001111111111  [251][255][255][179][255]
3387  1111101111111111111111111011001111111111  [251][255][255][179][255]
3388  1111101111111111111111111011001111111111  [251][255][255][179][255]
3389  1111101111111111111111111011001111111111  [251][255][255][179][255]
3390  1111101111111111111111111011001111111111  [251][255][255][179][255]
3391  1111101111111111111111111011001111111111  [251][255][255][179][255]
3392  1111101111111111111111111011001111111111  [251][255][255][179][255]
3393  1111101111111111111111111011001111111111  [251][255][255][179][255]
3394  1111101111111111111111111011001111111111  [251][255][255][179][255]
3395  1111101111111111111111111011001111111111  [251][255][255][179][255]
3396  1111101111111111111111111011001111111111  [251][255][255][179][255]
3397  1111101111111111111111111011001111111111  [251][255][255][179][255]
3398  1111101111111111111111111011001111111111  [251][255][255][179][255]
3399  1111101111111111111111111011001111111111  [251][255][255][179][255]
3400  1111101111111111111111111011001111111111  [251][255][255][179][255]
3401  1111101111111111111111111011001111111111  [251][255][255][179][255]
3402  1111101111111111111111111011001111111111  [251][255][255][179][255]
3403  1111101111111111111111111011001111111111  [251][255][255][179][255]
3404  1111101111111111111111111011001111111111  [251][255][255][179][255]
3405  1111101111111111111111111011001111111111  [251][255][255][179][255]
3406  1111101111111111111111111011001111111111  [251][255][255][179][255]
3407  1111101111111111111111111011001111111111  [251][255][255][179][255]
3408  1111111111111111111111111111111111111111  [255][255][255][255][255]
3409  1111111111111111111111111111111111111111  [255][255][255][255][255]
3410  1111111111111111111111111111111111111111  [255][255][255][255][255]
3411  1111111111111111111111111111111111111111  [255][255][255][255][255]
3412  1111111111111111111111111111111111111111  [255][255][255][255][255]
3413  1111111111111111111111111111111111111111  [255][255][255][255][255]
3414  1111101111111111111111111011001111111111  [251][255][255][179][255]
3415  1111101111111111111111111011001111111111  [251][255][255][179][255]
3416  1111101111111111111111111011001111111111  [251][255][255][179][255]
3417  1111101111111111111111111011001111111111  [251][255][255][179][255]
3418  1111101111111111111111111011001111111111  [251][255][255][179][255]
3419  1111101111111111111111111011001111111111  [251][255][255][179][255]
3420  1111111111111111111111111111111111111111  [255][255][255][255][255]
3421  1111111111111111111111111111111111111111  [255][255][255][255][255]
3422  1111111111111111111111111011001111111111  [255][255][255][179][255]
3423  1111111111111111111111111011001111111111  [255][255][255][179][255]
3424  1111111111111111111111111111111111111111  [255][255][255][255][255]
3425  1111111111111111111111111011001111111111  [255][255][255][179][255]
3426  1111111111111111111111111111111111111111  [255][255][255][255][255]
3427  1111111111111111111111111111111111111111  [255][255][255][255][255]
3428  1111101111111111111111111011001111111111  [251][255][255][179][255]
3429  1111101111111111111111111011001111111111  [251][255][255][179][255]
3430  1111111111111111111111111111111111111111  [255][255][255][255][255]
3431  1111111111111111111111111011001111111111  [255][255][255][179][255]
3432  1111111111111111111111111111111111111111  [255][255][255][255][255]
3433  1111111111111111111111111111111111111111  [255][255][255][255][255]
3434  1111111111111111111111111111111111111111  [255][255][255][255][255]
3435  1111111111111111111111111111111111111111  [255][255][255][255][255]
3436  1111111111111111111111111111111111111111  [255][255][255][255][255]
3437  1111111111111111111111111111111111111111  [255][255][255][255][255]
3438  1111111111111111111111111011001111111111  [255][255][255][179][255]
3439  1111111111111111111111111011001111111111  [255][255][255][179][255]
3440  1111111111111111111111111011001111111111  [255][255][255][179][255]
3441  1111111111111111111111111011001111111111  [255][255][255][179][255]
3442  1111111111111111111111111011001111111111  [255][255][255][179][255]
3443  1111111111111111111111111011001111111111  [255][255][255][179][255]
3444  1111111111111111111111111111111111111111  [255][255][255][255][255]
3445  1111111111111111111111111111111111111111  [255][255][255][255][255]
3446  1111111111111111111111111011001111111111  [255][255][255][179][255]
3447  1111111111111111111111111011001111111111  [255][255][255][179][255]
3448  1111111111111111111111111111111111111111  [255][255][255][255][255]
3449  1111111111111111111111111011001111111111  [255][255][255][179][255]
3450  1111111111111111111111111111111111111111  [255][255][255][255][255]
3451  1111111111111111111111111111111111111111  [255][255][255][255][255]
3452  1111111111111111111111111011001111111111  [255][255][255][179][255]
3453  1111111111111111111111111011001111111111  [255][255][255][179][255]
3454  1111111111111111111111111111111111111111  [255][255][255][255][255]
3455  1111111111111111111111111011001111111111  [255][255][255][179][255]
3456  1111111111111111111111111111111111111111  [255][255][255][255][255]
3457  1111111111111111111111111111111111111111  [255][255][255][255][255]
3458  1111111111111111111111111111111111111111  [255][255][255][255][255]
3459  1111111111111111111111111111111111111111  [255][255][255][255][255]
3460  1111111111111111111111111111111111111111  [255][255][255][255][255]
3461  1111111111111111111111111111111111111111  [255][255][255][255][255]
3462  1111101111111111111111111011001111111111  [251][255][255][179][255]
3463  1111101111111111111111111011001111111111  [251][255][255][179][255]
3464  1111101111111111111111111011001111111111  [251][255][255][179][255]
3465  1111101111111111111111111011001111111111  [251][255][255][179][255]
3466  1111101111111111111111111011001111111111  [251][255][255][179][255]
3467  1111101111111111111111111011001111111111  [251][255][255][179][255]
3468  1111111111111111111111111111111111111111  [255][255][255][255][255]
3469  1111111111111111111111111111111111111111  [255][255][255][255][255]
3470  1111101111111111111111111011001111111111  [251][255][255][179][255]
3471  1111101111111111111111111011001111111111  [251][255][255][179][255]
3472  1111111111111111111111111111111111111111  [255][255][255][255][255]
3473  1111111111111111111111111011001111111111  [255][255][255][179][255]
3474  1111111111111111111111111111111111111111  [255][255][255][255][255]
3475  1111111111111111111111111111111111111111  [255][255][255][255][255]
3476  1111111111111111111111111011001111111111  [255][255][255][179][255]
3477  1111111111111111111111111011001111111111  [255][255][255][179][255]
3478  1111111111111111111111111111111111111111  [255][255][255][255][255]
3479  1111111111111111111111111011001111111111  [255][255][255][179][255]
3480  1111111111111111111111111111111111111111  [255][255][255][255][255]
3481  1111111111111111111111111111111111111111  [255][255][255][255][255]
3482  1111111111111111111111111111111111111111  [255][255][255][255][255]
3483  1111111111111111111111111111111111111111  [255][255][255][255][255]
3484  1111111111111111111111111111111111111111  [255][255][255][255][255]
3485  1111111111111111111111111111111111111111  [255][255][255][255][255]
3486  1111111111111111111111111111111111111111  [255][255][255][255][255]
3487  1111111111111111111111111111111111111111  [255][255][255][255][255]
3488  1111111111111111111111111111111111111111  [255][255][255][255][255]
3489  1111111111111111111111111111111111111111  [255][255][255][255][255]
3490  1111111111111111111111111111111111111111  [255][255][255][255][255]
3491  1111111111111111111111111111111111111111  [255][255][255][255][255]
3492  1111111111111111111111111111111111111111  [255][255][255][255][255]
3493  1111111111111111111111111111111111111111  [255][255][255][255][255]
3494  1111111111111111111111111111111111111111  [255][255][255][255][255]
3495  1111111111111111111111111111111111111111  [255][255][255][255][255]
3496  1111111111111111111111111111111111111111  [255][255][255][255][255]
3497  1111111111111111111111111111111111111111  [255][255][255][255][255]
3498  1111111111111111111111111111111111111111  [255][255][255][255][255]
3499  1111111111111111111111111111111111111111  [255][255][255][255][255]
3500  1111111111111111111111111111111111111111  [255][255][255][255][255]
3501  1111111111111111111111111111111111111111  [255][255][255][255][255]
3502  1111111111111111111111111111111111111111  [255][255][255][255][255]
3503  1111111111111111111111111111111111111111  [255][255][255][255][255]
3504  1111101111111111111111111011001111111111  [251][255][255][179][255]
3505  1111101111111111111111111011001111111111  [251][255][255][179][255]
3506  1111101111111111111111111011001111111111  [251][255][255][179][255]
3507  1111101111111111111111111011001111111111  [251][255][255][179][255]
3508  1111101111111111111111111011001111111111  [251][255][255][179][255]
3509  1111101111111111111111111011001111111111  [251][255][255][179][255]
3510  1111101111111111111111111011001111111111  [251][255][255][179][255]
3511  1111101111111111111111111011001111111111  [251][255][255][179][255]
3512  1111101111111111111111111011001111111111  [251][255][255][179][255]
3513  1111101111111111111111111011001111111111  [251][255][255][179][255]
3514  1111101111111111111111111011001111111111  [251][255][255][179][255]
3515  1111101111111111111111111011001111111111  [251][255][255][179][255]
3516  1111101111111111111111111011001111111111  [251][255][255][179][255]
3517  1111101111111111111111111011001111111111  [251][255][255][179][255]
3518  1111101111111111111111111011001111111111  [251][255][255][179][255]
3519  1111101111111111111111111011001111111111  [251][255][255][179][255]
3520  1111101111111111111111111011001111111111  [251][255][255][179][255]
3521  1111101111111111111111111011001111111111  [251][255][255][179][255]
3522  1111101111111111111111111011001111111111  [251][255][255][179][255]
3523  1111101111111111111111111011001111111111  [251][255][255][179][255]
3524  1111101111111111111111111011001111111111  [251][255][255][179][255]
3525  1111101111111111111111111011001111111111  [251][255][255][179][255]
3526  1111101111111111111111111011001111111111  [251][255][255][179][255]
3527  1111101111111111111111111011001111111111  [251][255][255][179][255]
3528  1111111111111111111111111111111111111111  [255][255][255][255][255]
3529  1111111111111111111111111111111111111111  [255][255][255][255][255]
3530  1111111111111111111111111111111111111111  [255][255][255][255][255]
3531  1111111111111111111111111111111111111111  [255][255][255][255][255]
3532  1111111111111111111111111111111111111111  [255][255][255][255][255]
3533  1111111111111111111111111111111111111111  [255][255][255][255][255]
3534  1111101111111111111111111011001111111111  [251][255][255][179][255]
3535  1111101111111111111111111011001111111111  [251][255][255][179][255]
3536  1111101111111111111111111011001111111111  [251][255][255][179][255]
3537  1111101111111111111111111011001111111111  [251][255][255][179][255]
3538  1111101111111111111111111011001111111111  [251][255][255][179][255]
3539  1111101111111111111111111011001111111111  [251][255][255][179][255]
3540  1111111111111111111111111111111111111111  [255][255][255][255][255]
3541  1111111111111111111111111111111111111111  [255][255][255][255][255]
3542  1111111111111111111111111011001111111111  [255][255][255][179][255]
3543  1111111111111111111111111011001111111111  [255][255][255][179][255]
3544  1111111111111111111111111111111111111111  [255][255][255][255][255]
3545  1111111111111111111111111011001111111111  [255][255][255][179][255]
3546  1111111111111111111111111111111111111111  [255][255][255][255][255]
3547  1111111111111111111111111111111111111111  [255][255][255][255][255]
3548  1111101111111111111111111011001111111111  [251][255][255][179][255]
3549  1111101111111111111111111011001111111111  [251][255][255][179][255]
3550  1111111111111111111111111111111111111111  [255][255][255][255][255]
3551  1111111111111111111111111011001111111111  [255][255][255][179][255]
3552  1111111111111111111111111111111111111111  [255][255][255][255][255]
3553  1111111111111111111111111111111111111111  [255][255][255][255][255]
3554  1111111111111111111111111111111111111111  [255][255][255][255][255]
3555  1111111111111111111111111111111111111111  [255][255][255][255][255]
3556  1111111111111111111111111111111111111111  [255][255][255][255][255]
3557  1111111111111111111111111111111111111111  [255][255][255][255][255]
3558  1111111111111111111111111011001111111111  [255][255][255][179][255]
3559  1111111111111111111111111011001111111111  [255][255][255][179][255]
3560  1111111111111111111111111011001111111111  [255][255][255][179][255]
3561  1111111111111111111111111011001111111111  [255][255][255][179][255]
3562  1111111111111111111111111011001111111111  [255][255][255][179][255]
3563  1111111111111111111111111011001111111111  [255][255][255][179][255]
3564  1111111111111111111111111111111111111111  [255][255][255][255][255]
3565  1111111111111111111111111111111111111111  [255][255][255][255][255]
3566  1111111111111111111111111011001111111111  [255][255][255][179][255]
3567  1111111111111111111111111011001111111111  [255][255][255][179][255]
3568  1111111111111111111111111111111111111111  [255][255][255][255][255]
3569  1111111111111111111111111011001111111111  [255][255][255][179][255]
3570  1111111111111111111111111111111111111111  [255][255][255][255][255]
3571  1111111111111111111111111111111111111111  [255][255][255][255][255]
3572  1111111111111111111111111011001111111111  [255][255][255][179][255]
3573  1111111111111111111111111011001111111111  [255][255][255][179][255]
3574  1111111111111111111111111111111111111111  [255][255][255][255][255]
3575  1111111111111111111111111011001111111111  [255][255][255][179][255]
3576  1111111111111111111111111111111111111111  [255][255][255][255][255]
3577  1111111111111111111111111111111111111111  [255][255][255][255][255]
3578  1111111111111111111111111111111111111111  [255][255][255][255][255]
3579  1111111111111111111111111111111111111111  [255][255][255][255][255]
3580  1111111111111111111111111111111111111111  [255][255][255][255][255]
3581  1111111111111111111111111111111111111111  [255][255][255][255][255]
3582  1111101111111111111111111011001111111111  [251][255][255][179][255]
3583  1111101111111111111111111011001111111111  [251][255][255][179][255]
3584  1111101111111111111111111011001111111111  [251][255][255][179][255]
3585  1111101111111111111111111011001111111111  [251][255][255][179][255]
3586  1111101111111111111111111011001111111111  [251][255][255][179][255]
3587  1111101111111111111111111011001111111111  [251][255][255][179][255]
3588  1111111111111111111111111111111111111111  [255][255][255][255][255]
3589  1111111111111111111111111111111111111111  [255][255][255][255][255]
3590  1111101111111111111111111011001111111111  [251][255][255][179][255]
3591  1111101111111111111111111011001111111111  [251][255][255][179][255]
3592  1111111111111111111111111111111111111111  [255][255][255][255][255]
3593  1111111111111111111111111011001111111111  [255][255][255][179][255]
3594  1111111111111111111111111111111111111111  [255][255][255][255][255]
3595  1111111111111111111111111111111111111111  [255][255][255][255][255]
3596  1111111111111111111111111011001111111111  [255][255][255][179][255]
3597  1111111111111111111111111011001111111111  [255][255][255][179][255]
3598  1111111111111111111111111111111111111111  [255][255][255][255][255]
3599  1111111111111111111111111011001111111111  [255][255][255][179][255]
3600  1111111111111111111111111111111111111111  [255][255][255][255][255]
3601  1111111111111111111111111111111111111111  [255][255][255][255][255]
3602  1111111111111111111111111111111111111111  [255][255][255][255][255]
3603  1111111111111111111111111111111111111111  [255][255][255][255][255]
3604  1111111111111111111111111111111111111111  [255][255][255][255][255]
3605  1111111111111111111111111111111111111111  [255][255][255][255][255]
3606  1111111111111111111111111111111111111111  [255][255][255][255][255]
3607  1111111111111111111111111111111111111111  [255][255][255][255][255]
3608  1111111111111111111111111111111111111111  [255][255][255][255][255]
3609  1111111111111111111111111111111111111111  [255][255][255][255][255]
3610  1111111111111111111111111111111111111111  [255][255][255][255][255]
3611  1111111111111111111111111111111111111111  [255][255][255][255][255]
3612  1111111111111111111111111111111111111111  [255][255][255][255][255]
3613  1111111111111111111111111111111111111111  [255][255][255][255][255]
3614  1111111111111111111111111111111111111111  [255][255][255][255][255]
3615  1111111111111111111111111111111111111111  [255][255][255][255][255]
3616  1111111111111111111111111111111111111111  [255][255][255][255][255]
3617  1111111111111111111111111111111111111111  [255][255][255][255][255]
3618  1111111111111111111111111111111111111111  [255][255][255][255][255]
3619  1111111111111111111111111111111111111111  [255][255][255][255][255]
3620  1111111111111111111111111111111111111111  [255][255][255][255][255]
3621  1111111111111111111111111111111111111111  [255][255][255][255][255]
3622  1111111111111111111111111111111111111111  [255][255][255][255][255]
3623  1111111111111111111111111111111111111111  [255][255][255][255][255]
3624  1111111111111111111111111111111111111111  [255][255][255][255][255]
3625  1111111111111111111111111111111111111111  [255][255][255][255][255]
3626  1111111111111111111111111111111111111111  [255][255][255][255][255]
3627  1111111111111111111111111111111111111111  [255][255][255][255][255]
3628  1111111111111111111111111111111111111111  [255][255][255][255][255]
3629  1111111111111111111111111111111111111111  [255][255][255][255][255]
3630  1111111111111111111111111111111111111111  [255][255][255][255][255]
3631  1111111111111111111111111111111111111111  [255][255][255][255][255]
3632  1111111111111111111111111111111111111111  [255][255][255][255][255]
3633  1111111111111111111111111111111111111111  [255][255][255][255][255]
3634  1111111111111111111111111111111111111111  [255][255][255][255][255]
3635  1111111111111111111111111111111111111111  [255][255][255][255][255]
3636  1111111111111111111111111111111111111111  [255][255][255][255][255]
3637  1111111111111111111111111111111111111111  [255][255][255][255][255]
3638  1111111111111111111111111111111111111111  [255][255][255][255][255]
3639  1111111111111111111111111111111111111111  [255][255][255][255][255]
3640  1111111111111111111111111111111111111111  [255][255][255][255][255]
3641  1111111111111111111111111111111111111111  [255][255][255][255][255]
3642  1111111111111111111111111111111111111111  [255][255][255][255][255]
3643  1111111111111111111111111111111111111111  [255][255][255][255][255]
3644  1111111111111111111111111111111111111111  [255][255][255][255][255]
3645  1111111111111111111111111111111111111111  [255][255][255][255][255]
3646  1111111111111111111111111111111111111111  [255][255][255][255][255]
3647  1111111111111111111111111111111111111111  [255][255][255][255][255]
3648  1111111111111111111111111111111111111111  [255][255][255][255][255]
3649  1111111111111111111111111111111111111111  [255][255][255][255][255]
3650  1111111111111111111111111111111111111111  [255][255][255][255][255]
3651  1111111111111111111111111111111111111111  [255][255][255][255][255]
3652  1111111111111111111111111111111111111111  [255][255][255][255][255]
3653  1111111111111111111111111111111111111111  [255][255][255][255][255]
3654  1111111111111111111111111111111111111111  [255][255][255][255][255]
3655  1111111111111111111111111111111111111111  [255][255][255][255][255]
3656  1111111111111111111111111111111111111111  [255][255][255][255][255]
3657  1111111111111111111111111111111111111111  [255][255][255][255][255]
3658  1111111111111111111111111111111111111111  [255][255][255][255][255]
3659  1111111111111111111111111111111111111111  [255][255][255][255][255]
3660  1111111111111111111111111111111111111111  [255][255][255][255][255]
3661  1111111111111111111111111111111111111111  [255][255][255][255][255]
3662  1111111111111111111111111111111111111111  [255][255][255][255][255]
3663  1111111111111111111111111111111111111111  [255][255][255][255][255]
3664  1111111111111111111111111111111111111111  [255][255][255][255][255]
3665  1111111111111111111111111111111111111111  [255][255][255][255][255]
3666  1111111111111111111111111111111111111111  [255][255][255][255][255]
3667  1111111111111111111111111111111111111111  [255][255][255][255][255]
3668  1111111111111111111111111111111111111111  [255][255][255][255][255]
3669  1111111111111111111111111111111111111111  [255][255][255][255][255]
3670  1111111111111111111111111111111111111111  [255][255][255][255][255]
3671  1111111111111111111111111111111111111111  [255][255][255][255][255]
3672  1111111111111111111111111111111111111111  [255][255][255][255][255]
3673  1111111111111111111111111111111111111111  [255][255][255][255][255]
3674  1111111111111111111111111111111111111111  [255][255][255][255][255]
3675  1111111111111111111111111111111111111111  [255][255][255][255][255]
3676  1111111111111111111111111111111111111111  [255][255][255][255][255]
3677  1111111111111111111111111111111111111111  [255][255][255][255][255]
3678  1111111111111111111111111111111111111111  [255][255][255][255][255]
3679  1111111111111111111111111111111111111111  [255][255][255][255][255]
3680  1111111111111111111111111111111111111111  [255][255][255][255][255]
3681  1111111111111111111111111111111111111111  [255][255][255][255][255]
3682  1111111111111111111111111111111111111111  [255][255][255][255][255]
3683  1111111111111111111111111111111111111111  [255][255][255][255][255]
3684  1111111111111111111111111111111111111111  [255][255][255][255][255]
3685  1111111111111111111111111111111111111111  [255][255][255][255][255]
3686  1111111111111111111111111111111111111111  [255][255][255][255][255]
3687  1111111111111111111111111111111111111111  [255][255][255][255][255]
3688  1111111111111111111111111111111111111111  [255][255][255][255][255]
3689  1111111111111111111111111111111111111111  [255][255][255][255][255]
3690  1111111111111111111111111111111111111111  [255][255][255][255][255]
3691  1111111111111111111111111111111111111111  [255][255][255][255][255]
3692  1111111111111111111111111111111111111111  [255][255][255][255][255]
3693  1111111111111111111111111111111111111111  [255][255][255][255][255]
3694  1111111111111111111111111111111111111111  [255][255][255][255][255]
3695  1111111111111111111111111111111111111111  [255][255][255][255][255]
3696  1111111111111111111111111111111111111111  [255][255][255][255][255]
3697  1111111111111111111111111111111111111111  [255][255][255][255][255]
3698  1111111111111111111111111111111111111111  [255][255][255][255][255]
3699  1111111111111111111111111111111111111111  [255][255][255][255][255]
3700  1111111111111111111111111111111111111111  [255][255][255][255][255]
3701  1111111111111111111111111111111111111111  [255][255][255][255][255]
3702  1111111111111111111111111111111111111111  [255][255][255][255][255]
3703  1111111111111111111111111111111111111111  [255][255][255][255][255]
3704  1111111111111111111111111111111111111111  [255][255][255][255][255]
3705  1111111111111111111111111111111111111111  [255][255][255][255][255]
3706  1111111111111111111111111111111111111111  [255][255][255][255][255]
3707  1111111111111111111111111111111111111111  [255][255][255][255][255]
3708  1111111111111111111111111111111111111111  [255][255][255][255][255]
3709  1111111111111111111111111111111111111111  [255][255][255][255][255]
3710  1111111111111111111111111111111111111111  [255][255][255][255][255]
3711  1111111111111111111111111111111111111111  [255][255][255][255][255]
3712  1111111111111111111111111111111111111111  [255][255][255][255][255]
3713  1111111111111111111111111111111111111111  [255][255][255][255][255]
3714  1111111111111111111111111111111111111111  [255][255][255][255][255]
3715  1111111111111111111111111111111111111111  [255][255][255][255][255]
3716  1111111111111111111111111111111111111111  [255][255][255][255][255]
3717  1111111111111111111111111111111111111111  [255][255][255][255][255]
3718  1111111111111111111111111111111111111111  [255][255][255][255][255]
3719  1111111111111111111111111111111111111111  [255][255][255][255][255]
3720  1111101111111111111111111011001111111111  [251][255][255][179][255]
3721  1111101111111111111111111011001111111111  [251][255][255][179][255]
3722  1111101111111111111111111011001111111111  [251][255][255][179][255]
3723  1111101111111111111111111011001111111111  [251][255][255][179][255]
3724  1111101111111111111111111011001111111111  [251][255][255][179][255]
3725  1111101111111111111111111011001111111111  [251][255][255][179][255]
3726  1111101111111111111111111011001111111111  [251][255][255][179][255]
3727  1111101111111111111111111011001111111111  [251][255][255][179][255]
3728  1111101111111111111111111011001111111111  [251][255][255][179][255]
3729  1111101111111111111111111011001111111111  [251][255][255][179][255]
3730  1111101111111111111111111011001111111111  [251][255][255][179][255]
3731  1111101111111111111111111011001111111111  [251][255][255][179][255]
3732  1111101111111111111111111011001111111111  [251][255][255][179][255]
3733  1111101111111111111111111011001111111111  [251][255][255][179][255]
3734  1111101111111111111111111011001111111111  [251][255][255][179][255]
3735  1111101111111111111111111011001111111111  [251][255][255][179][255]
3736  1111101111111111111111111011001111111111  [251][255][255][179][255]
3737  1111101111111111111111111011001111111111  [251][255][255][179][255]
3738  1111101111111111111111111011001111111111  [251][255][255][179][255]
3739  1111101111111111111111111011001111111111  [251][255][255][179][255]
3740  1111101111111111111111111011001111111111  [251][255][255][179][255]
3741  1111101111111111111111111011001111111111  [251][255][255][179][255]
3742  1111101111111111111111111011001111111111  [251][255][255][179][255]
3743  1111101111111111111111111011001111111111  [251][255][255][179][255]
3744  1111101111111111111111111011001111111111  [251][255][255][179][255]
3745  1111101111111111111111111011001111111111  [251][255][255][179][255]
3746  1111101111111111111111111011001111111111  [251][255][255][179][255]
3747  1111101111111111111111111011001111111111  [251][255][255][179][255]
3748  1111101111111111111111111011001111111111  [251][255][255][179][255]
3749  1111101111111111111111111011001111111111  [251][255][255][179][255]
3750  1111101111111111111111111011001111111111  [251][255][255][179][255]
3751  1111101111111111111111111011001111111111  [251][255][255][179][255]
3752  1111101111111111111111111011001111111111  [251][255][255][179][255]
3753  1111101111111111111111111011001111111111  [251][255][255][179][255]
3754  1111101111111111111111111011001111111111  [251][255][255][179][255]
3755  1111101111111111111111111011001111111111  [251][255][255][179][255]
3756  1111101111111111111111111011001111111111  [251][255][255][179][255]
3757  1111101111111111111111111011001111111111  [251][255][255][179][255]
3758  1111101111111111111111111011001111111111  [251][255][255][179][255]
3759  1111101111111111111111111011001111111111  [251][255][255][179][255]
3760  1111101111111111111111111011001111111111  [251][255][255][179][255]
3761  1111101111111111111111111011001111111111  [251][255][255][179][255]
3762  1111101111111111111111111011001111111111  [251][255][255][179][255]
3763  1111101111111111111111111011001111111111  [251][255][255][179][255]
3764  1111101111111111111111111011001111111111  [251][255][255][179][255]
3765  1111101111111111111111111011001111111111  [251][255][255][179][255]
3766  1111101111111111111111111011001111111111  [251][255][255][179][255]
3767  1111101111111111111111111011001111111111  [251][255][255][179][255]
3768  1111101111111111111111111011001111111111  [251][255][255][179][255]
3769  1111101111111111111111111011001111111111  [251][255][255][179][255]
3770  1111101111111111111111111011001111111111  [251][255][255][179][255]
3771  1111101111111111111111111011001111111111  [251][255][255][179][255]
3772  1111101111111111111111111011001111111111  [251][255][255][179][255]
3773  1111101111111111111111111011001111111111  [251][255][255][179][255]
3774  1111101111111111111111111011001111111111  [251][255][255][179][255]
3775  1111101111111111111111111011001111111111  [251][255][255][179][255]
3776  1111101111111111111111111011001111111111  [251][255][255][179][255]
3777  1111101111111111111111111011001111111111  [251][255][255][179][255]
3778  1111101111111111111111111011001111111111  [251][255][255][179][255]
3779  1111101111111111111111111011001111111111  [251][255][255][179][255]
3780  1111101111111111111111111011001111111111  [251][255][255][179][255]
3781  1111101111111111111111111011001111111111  [251][255][255][179][255]
3782  1111101111111111111111111011001111111111  [251][255][255][179][255]
3783  1111101111111111111111111011001111111111  [251][255][255][179][255]
3784  1111101111111111111111111011001111111111  [251][255][255][179][255]
3785  1111101111111111111111111011001111111111  [251][255][255][179][255]
3786  1111101111111111111111111011001111111111  [251][255][255][179][255]
3787  1111101111111111111111111011001111111111  [251][255][255][179][255]
3788  1111101111111111111111111011001111111111  [251][255][255][179][255]
3789  1111101111111111111111111011001111111111  [251][255][255][179][255]
3790  1111101111111111111111111011001111111111  [251][255][255][179][255]
3791  1111101111111111111111111011001111111111  [251][255][255][179][255]
3792  1111101111111111111111111011001111111111  [251][255][255][179][255]
3793  1111101111111111111111111011001111111111  [251][255][255][179][255]
3794  1111101111111111111111111011001111111111  [251][255][255][179][255]
3795  1111101111111111111111111011001111111111  [251][255][255][179][255]
3796  1111101111111111111111111011001111111111  [251][255][255][179][255]
3797  1111101111111111111111111011001111111111  [251][255][255][179][255]
3798  1111101111111111111111111011001111111111  [251][255][255][179][255]
3799  1111101111111111111111111011001111111111  [251][255][255][179][255]
3800  1111101111111111111111111011001111111111  [251][255][255][179][255]
3801  1111101111111111111111111011001111111111  [251][255][255][179][255]
3802  1111101111111111111111111011001111111111  [251][255][255][179][255]
3803  1111101111111111111111111011001111111111  [251][255][255][179][255]
3804  1111101111111111111111111011001111111111  [251][255][255][179][255]
3805  1111101111111111111111111011001111111111  [251][255][255][179][255]
3806  1111101111111111111111111011001111111111  [251][255][255][179][255]
3807  1111101111111111111111111011001111111111  [251][255][255][179][255]
3808  1111101111111111111111111011001111111111  [251][255][255][179][255]
3809  1111101111111111111111111011001111111111  [251][255][255][179][255]
3810  1111101111111111111111111011001111111111  [251][255][255][179][255]
3811  1111101111111111111111111011001111111111  [251][255][255][179][255]
3812  1111101111111111111111111011001111111111  [251][255][255][179][255]
3813  1111101111111111111111111011001111111111  [251][255][255][179][255]
3814  1111101111111111111111111011001111111111  [251][255][255][179][255]
3815  1111101111111111111111111011001111111111  [251][255][255][179][255]
3816  1111101111111111111111111011001111111111  [251][255][255][179][255]
3817  1111101111111111111111111011001111111111  [251][255][255][179][255]
3818  1111101111111111111111111011001111111111  [251][255][255][179][255]
3819  1111101111111111111111111011001111111111  [251][255][255][179][255]
3820  1111101111111111111111111011001111111111  [251][255][255][179][255]
3821  1111101111111111111111111011001111111111  [251][255][255][179][255]
3822  1111101111111111111111111011001111111111  [251][255][255][179][255]
3823  1111101111111111111111111011001111111111  [251][255][255][179][255]
3824  1111101111111111111111111011001111111111  [251][255][255][179][255]
3825  1111101111111111111111111011001111111111  [251][255][255][179][255]
3826  1111101111111111111111111011001111111111  [251][255][255][179][255]
3827  1111101111111111111111111011001111111111  [251][255][255][179][255]
3828  1111101111111111111111111011001111111111  [251][255][255][179][255]
3829  1111101111111111111111111011001111111111  [251][255][255][179][255]
3830  1111101111111111111111111011001111111111  [251][255][255][179][255]
3831  1111101111111111111111111011001111111111  [251][255][255][179][255]
3832  1111101111111111111111111011001111111111  [251][255][255][179][255]
3833  1111101111111111111111111011001111111111  [251][255][255][179][255]
3834  1111101111111111111111111011001111111111  [251][255][255][179][255]
3835  1111101111111111111111111011001111111111  [251][255][255][179][255]
3836  1111101111111111111111111011001111111111  [251][255][255][179][255]
3837  1111101111111111111111111011001111111111  [251][255][255][179][255]
3838  1111101111111111111111111011001111111111  [251][255][255][179][255]
3839  1111101111111111111111111011001111111111  [251][255][255][179][255]
3840  1111111111111111111111111111111111111111  [255][255][255][255][255]
3841  1111111111111111111111111111111111111111  [255][255][255][255][255]
3842  1111111111111111111111111111111111111111  [255][255][255][255][255]
3843  1111111111111111111111111111111111111111  [255][255][255][255][255]
3844  1111111111111111111111111111111111111111  [255][255][255][255][255]
3845  1111111111111111111111111111111111111111  [255][255][255][255][255]
3846  1111111111111111111111111111111111111111  [255][255][255][255][255]
3847  1111111111111111111111111111111111111111  [255][255][255][255][255]
3848  1111111111111111111111111111111111111111  [255][255][255][255][255]
3849  1111111111111111111111111111111111111111  [255][255][255][255][255]
3850  1111111111111111111111111111111111111111  [255][255][255][255][255]
3851  1111111111111111111111111111111111111111  [255][255][255][255][255]
3852  1111111111111111111111111111111111111111  [255][255][255][255][255]
3853  1111111111111111111111111111111111111111  [255][255][255][255][255]
3854  1111111111111111111111111111111111111111  [255][255][255][255][255]
3855  1111111111111111111111111111111111111111  [255][255][255][255][255]
3856  1111111111111111111111111111111111111111  [255][255][255][255][255]
3857  1111111111111111111111111111111111111111  [255][255][255][255][255]
3858  1111111111111111111111111111111111111111  [255][255][255][255][255]
3859  1111111111111111111111111111111111111111  [255][255][255][255][255]
3860  1111111111111111111111111111111111111111  [255][255][255][255][255]
3861  1111111111111111111111111111111111111111  [255][255][255][255][255]
3862  1111111111111111111111111111111111111111  [255][255][255][255][255]
3863  1111111111111111111111111111111111111111  [255][255][255][255][255]
3864  1111101111111111111111111011001111111111  [251][255][255][179][255]
3865  1111101111111111111111111011001111111111  [251][255][255][179][255]
3866  1111101111111111111111111011001111111111  [251][255][255][179][255]
3867  1111101111111111111111111011001111111111  [251][255][255][179][255]
3868  1111101111111111111111111011001111111111  [251][255][255][179][255]
3869  1111101111111111111111111011001111111111  [251][255][255][179][255]
3870  1111101111111111111111111011001111111111  [251][255][255][179][255]
3871  1111101111111111111111111011001111111111  [251][255][255][179][255]
3872  1111101111111111111111111011001111111111  [251][255][255][179][255]
3873  1111101111111111111111111011001111111111  [251][255][255][179][255]
3874  1111101111111111111111111011001111111111  [251][255][255][179][255]
3875  1111101111111111111111111011001111111111  [251][255][255][179][255]
3876  1111101111111111111111111011001111111111  [251][255][255][179][255]
3877  1111101111111111111111111011001111111111  [251][255][255][179][255]
3878  1111101111111111111111111011001111111111  [251][255][255][179][255]
3879  1111101111111111111111111011001111111111  [251][255][255][179][255]
3880  1111101111111111111111111011001111111111  [251][255][255][179][255]
3881  1111101111111111111111111011001111111111  [251][255][255][179][255]
3882  1111101111111111111111111011001111111111  [251][255][255][179][255]
3883  1111101111111111111111111011001111111111  [251][255][255][179][255]
3884  1111101111111111111111111011001111111111  [251][255][255][179][255]
3885  1111101111111111111111111011001111111111  [251][255][255][179][255]
3886  1111101111111111111111111011001111111111  [251][255][255][179][255]
3887  1111101111111111111111111011001111111111  [251][255][255][179][255]
3888  1111111111111111111111111111111111111111  [255][255][255][255][255]
3889  1111111111111111111111111111111111111111  [255][255][255][255][255]
3890  1111111111111111111111111111111111111111  [255][255][255][255][255]
3891  1111111111111111111111111111111111111111  [255][255][255][255][255]
3892  1111111111111111111111111111111111111111  [255][255][255][255][255]
3893  1111111111111111111111111111111111111111  [255][255][255][255][255]
3894  1111111111111111111111111011001111111111  [255][255][255][179][255]
3895  1111111111111111111111111011001111111111  [255][255][255][179][255]
3896  1111111111111111111111111011001111111111  [255][255][255][179][255]
3897  1111111111111111111111111011001111111111  [255][255][255][179][255]
3898  1111111111111111111111111011001111111111  [255][255][255][179][255]
3899  1111111111111111111111111011001111111111  [255][255][255][179][255]
3900  1111111111111111111111111111111111111111  [255][255][255][255][255]
3901  1111111111111111111111111111111111111111  [255][255][255][255][255]
3902  1111111111111111111111111011001111111111  [255][255][255][179][255]
3903  1111111111111111111111111011001111111111  [255][255][255][179][255]
3904  1111111111111111111111111111111111111111  [255][255][255][255][255]
3905  1111111111111111111111111011001111111111  [255][255][255][179][255]
3906  1111111111111111111111111111111111111111  [255][255][255][255][255]
3907  1111111111111111111111111111111111111111  [255][255][255][255][255]
3908  1111111111111111111111111011001111111111  [255][255][255][179][255]
3909  1111111111111111111111111011001111111111  [255][255][255][179][255]
3910  1111111111111111111111111111111111111111  [255][255][255][255][255]
3911  1111111111111111111111111011001111111111  [255][255][255][179][255]
3912  1111111111111111111111111111111111111111  [255][255][255][255][255]
3913  1111111111111111111111111111111111111111  [255][255][255][255][255]
3914  1111111111111111111111111111111111111111  [255][255][255][255][255]
3915  1111111111111111111111111111111111111111  [255][255][255][255][255]
3916  1111111111111111111111111111111111111111  [255][255][255][255][255]
3917  1111111111111111111111111111111111111111  [255][255][255][255][255]
3918  1111101111111111111111111011001111111111  [251][255][255][179][255]
3919  1111101111111111111111111011001111111111  [251][255][255][179][255]
3920  1111101111111111111111111011001111111111  [251][255][255][179][255]
3921  1111101111111111111111111011001111111111  [251][255][255][179][255]
3922  1111101111111111111111111011001111111111  [251][255][255][179][255]
3923  1111101111111111111111111011001111111111  [251][255][255][179][255]
3924  1111111111111111111111111111111111111111  [255][255][255][255][255]
3925  1111111111111111111111111111111111111111  [255][255][255][255][255]
3926  1111111111111111111111111011001111111111  [255][255][255][179][255]
3927  1111111111111111111111111011001111111111  [255][255][255][179][255]
3928  1111111111111111111111111111111111111111  [255][255][255][255][255]
3929  1111111111111111111111111011001111111111  [255][255][255][179][255]
3930  1111111111111111111111111111111111111111  [255][255][255][255][255]
3931  1111111111111111111111111111111111111111  [255][255][255][255][255]
3932  1111101111111111111111111011001111111111  [251][255][255][179][255]
3933  1111101111111111111111111011001111111111  [251][255][255][179][255]
3934  1111111111111111111111111111111111111111  [255][255][255][255][255]
3935  1111111111111111111111111011001111111111  [255][255][255][179][255]
3936  1111111111111111111111111111111111111111  [255][255][255][255][255]
3937  1111111111111111111111111111111111111111  [255][255][255][255][255]
3938  1111111111111111111111111111111111111111  [255][255][255][255][255]
3939  1111111111111111111111111111111111111111  [255][255][255][255][255]
3940  1111111111111111111111111111111111111111  [255][255][255][255][255]
3941  1111111111111111111111111111111111111111  [255][255][255][255][255]
3942  1111101111111111111111111011001111111111  [251][255][255][179][255]
3943  1111101111111111111111111011001111111111  [251][255][255][179][255]
3944  1111101111111111111111111011001111111111  [251][255][255][179][255]
3945  1111101111111111111111111011001111111111  [251][255][255][179][255]
3946  1111101111111111111111111011001111111111  [251][255][255][179][255]
3947  1111101111111111111111111011001111111111  [251][255][255][179][255]
3948  1111111111111111111111111111111111111111  [255][255][255][255][255]
3949  1111111111111111111111111111111111111111  [255][255][255][255][255]
3950  1111111111111111111111111011001111111111  [255][255][255][179][255]
3951  1111111111111111111111111011001111111111  [255][255][255][179][255]
3952  1111111111111111111111111111111111111111  [255][255][255][255][255]
3953  1111111111111111111111111011001111111111  [255][255][255][179][255]
3954  1111111111111111111111111111111111111111  [255][255][255][255][255]
3955  1111111111111111111111111111111111111111  [255][255][255][255][255]
3956  1111101111111111111111111011001111111111  [251][255][255][179][255]
3957  1111101111111111111111111011001111111111  [251][255][255][179][255]
3958  1111111111111111111111111111111111111111  [255][255][255][255][255]
3959  1111111111111111111111111011001111111111  [255][255][255][179][255]
3960  1111111111111111111111111111111111111111  [255][255][255][255][255]
3961  1111111111111111111111111111111111111111  [255][255][255][255][255]
3962  1111111111111111111111111111111111111111  [255][255][255][255][255]
3963  1111111111111111111111111111111111111111  [255][255][255][255][255]
3964  1111111111111111111111111111111111111111  [255][255][255][255][255]
3965  1111111111111111111111111111111111111111  [255][255][255][255][255]
3966  1111111111111111111111111111111111111111  [255][255][255][255][255]
3967  1111111111111111111111111111111111111111  [255][255][255][255][255]
3968  1111111111111111111111111111111111111111  [255][255][255][255][255]
3969  1111111111111111111111111111111111111111  [255][255][255][255][255]
3970  1111111111111111111111111111111111111111  [255][255][255][255][255]
3971  1111111111111111111111111111111111111111  [255][255][255][255][255]
3972  1111111111111111111111111111111111111111  [255][255][255][255][255]
3973  1111111111111111111111111111111111111111  [255][255][255][255][255]
3974  1111111111111111111111111111111111111111  [255][255][255][255][255]
3975  1111111111111111111111111111111111111111  [255][255][255][255][255]
3976  1111111111111111111111111111111111111111  [255][255][255][255][255]
3977  1111111111111111111111111111111111111111  [255][255][255][255][255]
3978  1111111111111111111111111111111111111111  [255][255][255][255][255]
3979  1111111111111111111111111111111111111111  [255][255][255][255][255]
3980  1111111111111111111111111111111111111111  [255][255][255][255][255]
3981  1111111111111111111111111111111111111111  [255][255][255][255][255]
3982  1111111111111111111111111111111111111111  [255][255][255][255][255]
3983  1111111111111111111111111111111111111111  [255][255][255][255][255]
3984  1111111111111111111111111011001111111111  [255][255][255][179][255]
3985  1111111111111111111111111011001111111111  [255][255][255][179][255]
3986  1111111111111111111111111011001111111111  [255][255][255][179][255]
3987  1111111111111111111111111011001111111111  [255][255][255][179][255]
3988  1111111111111111111111111011001111111111  [255][255][255][179][255]
3989  1111111111111111111111111011001111111111  [255][255][255][179][255]
3990  1111111111111111111111111011001111111111  [255][255][255][179][255]
3991  1111111111111111111111111011001111111111  [255][255][255][179][255]
3992  1111111111111111111111111011001111111111  [255][255][255][179][255]
3993  1111111111111111111111111011001111111111  [255][255][255][179][255]
3994  1111111111111111111111111011001111111111  [255][255][255][179][255]
3995  1111111111111111111111111011001111111111  [255][255][255][179][255]
3996  1111111111111111111111111011001111111111  [255][255][255][179][255]
3997  1111111111111111111111111011001111111111  [255][255][255][179][255]
3998  1111111111111111111111111011001111111111  [255][255][255][179][255]
3999  1111111111111111111111111011001111111111  [255][255][255][179][255]
4000  1111111111111111111111111011001111111111  [255][255][255][179][255]
4001  1111111111111111111111111011001111111111  [255][255][255][179][255]
4002  1111111111111111111111111011001111111111  [255][255][255][179][255]
4003  1111111111111111111111111011001111111111  [255][255][255][179][255]
4004  1111111111111111111111111011001111111111  [255][255][255][179][255]
4005  1111111111111111111111111011001111111111  [255][255][255][179][255]
4006  1111111111111111111111111011001111111111  [255][255][255][179][255]
4007  1111111111111111111111111011001111111111  [255][255][255][179][255]
4008  1111111111111111111111111111111111111111  [255][255][255][255][255]
4009  1111111111111111111111111111111111111111  [255][255][255][255][255]
4010  1111111111111111111111111111111111111111  [255][255][255][255][255]
4011  1111111111111111111111111111111111111111  [255][255][255][255][255]
4012  1111111111111111111111111111111111111111  [255][255][255][255][255]
4013  1111111111111111111111111111111111111111  [255][255][255][255][255]
4014  1111111111111111111111111011001111111111  [255][255][255][179][255]
4015  1111111111111111111111111011001111111111  [255][255][255][179][255]
4016  1111111111111111111111111011001111111111  [255][255][255][179][255]
4017  1111111111111111111111111011001111111111  [255][255][255][179][255]
4018  1111111111111111111111111011001111111111  [255][255][255][179][255]
4019  1111111111111111111111111011001111111111  [255][255][255][179][255]
4020  1111111111111111111111111111111111111111  [255][255][255][255][255]
4021  1111111111111111111111111111111111111111  [255][255][255][255][255]
4022  1111111111111111111111111011001111111111  [255][255][255][179][255]
4023  1111111111111111111111111011001111111111  [255][255][255][179][255]
4024  1111111111111111111111111111111111111111  [255][255][255][255][255]
4025  1111111111111111111111111011001111111111  [255][255][255][179][255]
4026  1111111111111111111111111111111111111111  [255][255][255][255][255]
4027  1111111111111111111111111111111111111111  [255][255][255][255][255]
4028  1111111111111111111111111011001111111111  [255][255][255][179][255]
4029  1111111111111111111111111011001111111111  [255][255][255][179][255]
4030  1111111111111111111111111111111111111111  [255][255][255][255][255]
4031  1111111111111111111111111011001111111111  [255][255][255][179][255]
4032  1111111111111111111111111111111111111111  [255][255][255][255][255]
4033  1111111111111111111111111111111111111111  [255][255][255][255][255]
4034  1111111111111111111111111111111111111111  [255][255][255][255][255]
4035  1111111111111111111111111111111111111111  [255][255][255][255][255]
4036  1111111111111111111111111111111111111111  [255][255][255][255][255]
4037  1111111111111111111111111111111111111111  [255][255][255][255][255]
4038  1111111111111111111111111011001111111111  [255][255][255][179][255]
4039  1111111111111111111111111011001111111111  [255][255][255][179][255]
4040  1111111111111111111111111011001111111111  [255][255][255][179][255]
4041  1111111111111111111111111011001111111111  [255][255][255][179][255]
4042  1111111111111111111111111011001111111111  [255][255][255][179][255]
4043  1111111111111111111111111011001111111111  [255][255][255][179][255]
4044  1111111111111111111111111111111111111111  [255][255][255][255][255]
4045  1111111111111111111111111111111111111111  [255][255][255][255][255]
4046  1111111111111111111111111011001111111111  [255][255][255][179][255]
4047  1111111111111111111111111011001111111111  [255][255][255][179][255]
4048  1111111111111111111111111111111111111111  [255][255][255][255][255]
4049  1111111111111111111111111011001111111111  [255][255][255][179][255]
4050  1111111111111111111111111111111111111111  [255][255][255][255][255]
4051  1111111111111111111111111111111111111111  [255][255][255][255][255]
4052  1111111111111111111111111011001111111111  [255][255][255][179][255]
4053  1111111111111111111111111011001111111111  [255][255][255][179][255]
4054  1111111111111111111111111111111111111111  [255][255][255][255][255]
4055  1111111111111111111111111011001111111111  [255][255][255][179][255]
4056  1111111111111111111111111111111111111111  [255][255][255][255][255]
4057  1111111111111111111111111111111111111111  [255][255][255][255][255]
4058  1111111111111111111111111111111111111111  [255][255][255][255][255]
4059  1111111111111111111111111111111111111111  [255][255][255][255][255]
4060  1111111111111111111111111111111111111111  [255][255][255][255][255]
4061  1111111111111111111111111111111111111111  [255][255][255][255][255]
4062  1111111111111111111111111011001111111111  [255][255][255][179][255]
4063  1111111111111111111111111011001111111111  [255][255][255][179][255]
4064  1111111111111111111111111011001111111111  [255][255][255][179][255]
4065  1111111111111111111111111011001111111111  [255][255][255][179][255]
4066  1111111111111111111111111011001111111111  [255][255][255][179][255]
4067  1111111111111111111111111011001111111111  [255][255][255][179][255]
4068  1111111111111111111111111111111111111111  [255][255][255][255][255]
4069  1111111111111111111111111111111111111111  [255][255][255][255][255]
4070  1111111111111111111111111011001111111111  [255][255][255][179][255]
4071  1111111111111111111111111011001111111111  [255][255][255][179][255]
4072  1111111111111111111111111111111111111111  [255][255][255][255][255]
4073  1111111111111111111111111011001111111111  [255][255][255][179][255]
4074  1111111111111111111111111111111111111111  [255][255][255][255][255]
4075  1111111111111111111111111111111111111111  [255][255][255][255][255]
4076  1111111111111111111111111011001111111111  [255][255][255][179][255]
4077  1111111111111111111111111011001111111111  [255][255][255][179][255]
4078  1111111111111111111111111111111111111111  [255][255][255][255][255]
4079  1111111111111111111111111011001111111111  [255][255][255][179][255]
4080  1111111111111111111111111111111111111111  [255][255][255][255][255]
4081  1111111111111111111111111111111111111111  [255][255][255][255][255]
4082  1111111111111111111111111111111111111111  [255][255][255][255][255]
4083  1111111111111111111111111111111111111111  [255][255][255][255][255]
4084  1111111111111111111111111111111111111111  [255][255][255][255][255]
4085  1111111111111111111111111111111111111111  [255][255][255][255][255]
4086  1111111111111111111111111111111111111111  [255][255][255][255][255]
4087  1111111111111111111111111111111111111111  [255][255][255][255][255]
4088  1111111111111111111111111111111111111111  [255][255][255][255][255]
4089  1111111111111111111111111111111111111111  [255][255][255][255][255]
4090  1111111111111111111111111111111111111111  [255][255][255][255][255]
4091  1111111111111111111111111111111111111111  [255][255][255][255][255]
4092  1111111111111111111111111111111111111111  [255][255][255][255][255]
4093  1111111111111111111111111111111111111111  [255][255][255][255][255]
4094  1111111111111111111111111111111111111111  [255][255][255][255][255]
4095  1111111111111111111111111111111111111111  [255][255][255][255][255]
4096  1111111111111111111111111111111111111111  [255][255][255][255][255]
4097  1111111111111111111111111111111111111111  [255][255][255][255][255]
4098  1111111111111111111111111111111111111111  [255][255][255][255][255]
4099  1111111111111111111111111111111111111111  [255][255][255][255][255]
4100  1111111111111111111111111111111111111111  [255][255][255][255][255]
4101  1111111111111111111111111111111111111111  [255][255][255][255][255]
4102  1111111111111111111111111111111111111111  [255][255][255][255][255]
4103  1111111111111111111111111111111111111111  [255][255][255][255][255]
4104  1111101111111111111111111011001111111111  [251][255][255][179][255]
4105  1111101111111111111111111011001111111111  [251][255][255][179][255]
4106  1111101111111111111111111011001111111111  [251][255][255][179][255]
4107  1111101111111111111111111011001111111111  [251][255][255][179][255]
4108  1111101111111111111111111011001111111111  [251][255][255][179][255]
4109  1111101111111111111111111011001111111111  [251][255][255][179][255]
4110  1111101111111111111111111011001111111111  [251][255][255][179][255]
4111  1111101111111111111111111011001111111111  [251][255][255][179][255]
4112  1111101111111111111111111011001111111111  [251][255][255][179][255]
4113  1111101111111111111111111011001111111111  [251][255][255][179][255]
4114  1111101111111111111111111011001111111111  [251][255][255][179][255]
4115  1111101111111111111111111011001111111111  [251][255][255][179][255]
4116  1111101111111111111111111011001111111111  [251][255][255][179][255]
4117  1111101111111111111111111011001111111111  [251][255][255][179][255]
4118  1111101111111111111111111011001111111111  [251][255][255][179][255]
4119  1111101111111111111111111011001111111111  [251][255][255][179][255]
4120  1111101111111111111111111011001111111111  [251][255][255][179][255]
4121  1111101111111111111111111011001111111111  [251][255][255][179][255]
4122  1111101111111111111111111011001111111111  [251][255][255][179][255]
4123  1111101111111111111111111011001111111111  [251][255][255][179][255]
4124  1111101111111111111111111011001111111111  [251][255][255][179][255]
4125  1111101111111111111111111011001111111111  [251][255][255][179][255]
4126  1111101111111111111111111011001111111111  [251][255][255][179][255]
4127  1111101111111111111111111011001111111111  [251][255][255][179][255]
4128  1111111111111111111111111111111111111111  [255][255][255][255][255]
4129  1111111111111111111111111111111111111111  [255][255][255][255][255]
4130  1111111111111111111111111111111111111111  [255][255][255][255][255]
4131  1111111111111111111111111111111111111111  [255][255][255][255][255]
4132  1111111111111111111111111111111111111111  [255][255][255][255][255]
4133  1111111111111111111111111111111111111111  [255][255][255][255][255]
4134  1111101111111111111111111011001111111111  [251][255][255][179][255]
4135  1111101111111111111111111011001111111111  [251][255][255][179][255]
4136  1111101111111111111111111011001111111111  [251][255][255][179][255]
4137  1111101111111111111111111011001111111111  [251][255][255][179][255]
4138  1111101111111111111111111011001111111111  [251][255][255][179][255]
4139  1111101111111111111111111011001111111111  [251][255][255][179][255]
4140  1111111111111111111111111111111111111111  [255][255][255][255][255]
4141  1111111111111111111111111111111111111111  [255][255][255][255][255]
4142  1111111111111111111111111011001111111111  [255][255][255][179][255]
4143  1111111111111111111111111011001111111111  [255][255][255][179][255]
4144  1111111111111111111111111111111111111111  [255][255][255][255][255]
4145  1111111111111111111111111011001111111111  [255][255][255][179][255]
4146  1111111111111111111111111111111111111111  [255][255][255][255][255]
4147  1111111111111111111111111111111111111111  [255][255][255][255][255]
4148  1111101111111111111111111011001111111111  [251][255][255][179][255]
4149  1111101111111111111111111011001111111111  [251][255][255][179][255]
4150  1111111111111111111111111111111111111111  [255][255][255][255][255]
4151  1111111111111111111111111011001111111111  [255][255][255][179][255]
4152  1111111111111111111111111111111111111111  [255][255][255][255][255]
4153  1111111111111111111111111111111111111111  [255][255][255][255][255]
4154  1111111111111111111111111111111111111111  [255][255][255][255][255]
4155  1111111111111111111111111111111111111111  [255][255][255][255][255]
4156  1111111111111111111111111111111111111111  [255][255][255][255][255]
4157  1111111111111111111111111111111111111111  [255][255][255][255][255]
4158  1111111111111111111111111011001111111111  [255][255][255][179][255]
4159  1111111111111111111111111011001111111111  [255][255][255][179][255]
4160  1111111111111111111111111011001111111111  [255][255][255][179][255]
4161  1111111111111111111111111011001111111111  [255][255][255][179][255]
4162  1111111111111111111111111011001111111111  [255][255][255][179][255]
4163  1111111111111111111111111011001111111111  [255][255][255][179][255]
4164  1111111111111111111111111111111111111111  [255][255][255][255][255]
4165  1111111111111111111111111111111111111111  [255][255][255][255][255]
4166  1111111111111111111111111011001111111111  [255][255][255][179][255]
4167  1111111111111111111111111011001111111111  [255][255][255][179][255]
4168  1111111111111111111111111111111111111111  [255][255][255][255][255]
4169  1111111111111111111111111011001111111111  [255][255][255][179][255]
4170  1111111111111111111111111111111111111111  [255][255][255][255][255]
4171  1111111111111111111111111111111111111111  [255][255][255][255][255]
4172  1111111111111111111111111011001111111111  [255][255][255][179][255]
4173  1111111111111111111111111011001111111111  [255][255][255][179][255]
4174  1111111111111111111111111111111111111111  [255][255][255][255][255]
4175  1111111111111111111111111011001111111111  [255][255][255][179][255]
4176  1111111111111111111111111111111111111111  [255][255][255][255][255]
4177  1111111111111111111111111111111111111111  [255][255][255][255][255]
4178  1111111111111111111111111111111111111111  [255][255][255][255][255]
4179  1111111111111111111111111111111111111111  [255][255][255][255][255]
4180  1111111111111111111111111111111111111111  [255][255][255][255][255]
4181  1111111111111111111111111111111111111111  [255][255][255][255][255]
4182  1111101111111111111111111011001111111111  [251][255][255][179][255]
4183  1111101111111111111111111011001111111111  [251][255][255][179][255]
4184  1111101111111111111111111011001111111111  [251][255][255][179][255]
4185  1111101111111111111111111011001111111111  [251][255][255][179][255]
4186  1111101111111111111111111011001111111111  [251][255][255][179][255]
4187  1111101111111111111111111011001111111111  [251][255][255][179][255]
4188  1111111111111111111111111111111111111111  [255][255][255][255][255]
4189  1111111111111111111111111111111111111111  [255][255][255][255][255]
4190  1111101111111111111111111011001111111111  [251][255][255][179][255]
4191  1111101111111111111111111011001111111111  [251][255][255][179][255]
4192  1111111111111111111111111111111111111111  [255][255][255][255][255]
4193  1111111111111111111111111011001111111111  [255][255][255][179][255]
4194  1111111111111111111111111111111111111111  [255][255][255][255][255]
4195  1111111111111111111111111111111111111111  [255][255][255][255][255]
4196  1111111111111111111111111011001111111111  [255][255][255][179][255]
4197  1111111111111111111111111011001111111111  [255][255][255][179][255]
4198  1111111111111111111111111111111111111111  [255][255][255][255][255]
4199  1111111111111111111111111011001111111111  [255][255][255][179][255]
4200  1111111111111111111111111111111111111111  [255][255][255][255][255]
4201  1111111111111111111111111111111111111111  [255][255][255][255][255]
4202  1111111111111111111111111111111111111111  [255][255][255][255][255]
4203  1111111111111111111111111111111111111111  [255][255][255][255][255]
4204  1111111111111111111111111111111111111111  [255][255][255][255][255]
4205  1111111111111111111111111111111111111111  [255][255][255][255][255]
4206  1111111111111111111111111111111111111111  [255][255][255][255][255]
4207  1111111111111111111111111111111111111111  [255][255][255][255][255]
4208  1111111111111111111111111111111111111111  [255][255][255][255][255]
4209  1111111111111111111111111111111111111111  [255][255][255][255][255]
4210  1111111111111111111111111111111111111111  [255][255][255][255][255]
4211  1111111111111111111111111111111111111111  [255][255][255][255][255]
4212  1111111111111111111111111111111111111111  [255][255][255][255][255]
4213  1111111111111111111111111111111111111111  [255][255][255][255][255]
4214  1111111111111111111111111111111111111111  [255][255][255][255][255]
4215  1111111111111111111111111111111111111111  [255][255][255][255][255]
4216  1111111111111111111111111111111111111111  [255][255][255][255][255]
4217  1111111111111111111111111111111111111111  [255][255][255][255][255]
4218  1111111111111111111111111111111111111111  [255][255][255][255][255]
4219  1111111111111111111111111111111111111111  [255][255][255][255][255]
4220  1111111111111111111111111111111111111111  [255][255][255][255][255]
4221  1111111111111111111111111111111111111111  [255][255][255][255][255]
4222  1111111111111111111111111111111111111111  [255][255][255][255][255]
4223  1111111111111111111111111111111111111111  [255][255][255][255][255]
4224  1111101111111111111111111011001111111111  [251][255][255][179][255]
4225  1111101111111111111111111011001111111111  [251][255][255][179][255]
4226  1111101111111111111111111011001111111111  [251][255][255][179][255]
4227  1111101111111111111111111011001111111111  [251][255][255][179][255]
4228  1111101111111111111111111011001111111111  [251][255][255][179][255]
4229  1111101111111111111111111011001111111111  [251][255][255][179][255]
4230  1111101111111111111111111011001111111111  [251][255][255][179][255]
4231  1111101111111111111111111011001111111111  [251][255][255][179][255]
4232  1111101111111111111111111011001111111111  [251][255][255][179][255]
4233  1111101111111111111111111011001111111111  [251][255][255][179][255]
4234  1111101111111111111111111011001111111111  [251][255][255][179][255]
4235  1111101111111111111111111011001111111111  [251][255][255][179][255]
4236  1111101111111111111111111011001111111111  [251][255][255][179][255]
4237  1111101111111111111111111011001111111111  [251][255][255][179][255]
4238  1111101111111111111111111011001111111111  [251][255][255][179][255]
4239  1111101111111111111111111011001111111111  [251][255][255][179][255]
4240  1111101111111111111111111011001111111111  [251][255][255][179][255]
4241  1111101111111111111111111011001111111111  [251][255][255][179][255]
4242  1111101111111111111111111011001111111111  [251][255][255][179][255]
4243  1111101111111111111111111011001111111111  [251][255][255][179][255]
4244  1111101111111111111111111011001111111111  [251][255][255][179][255]
4245  1111101111111111111111111011001111111111  [251][255][255][179][255]
4246  1111101111111111111111111011001111111111  [251][255][255][179][255]
4247  1111101111111111111111111011001111111111  [251][255][255][179][255]
4248  1111111111111111111111111111111111111111  [255][255][255][255][255]
4249  1111111111111111111111111111111111111111  [255][255][255][255][255]
4250  1111111111111111111111111111111111111111  [255][255][255][255][255]
4251  1111111111111111111111111111111111111111  [255][255][255][255][255]
4252  1111111111111111111111111111111111111111  [255][255][255][255][255]
4253  1111111111111111111111111111111111111111  [255][255][255][255][255]
4254  1111101111111111111111111011001111111111  [251][255][255][179][255]
4255  1111101111111111111111111011001111111111  [251][255][255][179][255]
4256  1111101111111111111111111011001111111111  [251][255][255][179][255]
4257  1111101111111111111111111011001111111111  [251][255][255][179][255]
4258  1111101111111111111111111011001111111111  [251][255][255][179][255]
4259  1111101111111111111111111011001111111111  [251][255][255][179][255]
4260  1111111111111111111111111111111111111111  [255][255][255][255][255]
4261  1111111111111111111111111111111111111111  [255][255][255][255][255]
4262  1111111111111111111111111011001111111111  [255][255][255][179][255]
4263  1111111111111111111111111011001111111111  [255][255][255][179][255]
4264  1111111111111111111111111111111111111111  [255][255][255][255][255]
4265  1111111111111111111111111011001111111111  [255][255][255][179][255]
4266  1111111111111111111111111111111111111111  [255][255][255][255][255]
4267  1111111111111111111111111111111111111111  [255][255][255][255][255]
4268  1111101111111111111111111011001111111111  [251][255][255][179][255]
4269  1111101111111111111111111011001111111111  [251][255][255][179][255]
4270  1111111111111111111111111111111111111111  [255][255][255][255][255]
4271  1111111111111111111111111011001111111111  [255][255][255][179][255]
4272  1111111111111111111111111111111111111111  [255][255][255][255][255]
4273  1111111111111111111111111111111111111111  [255][255][255][255][255]
4274  1111111111111111111111111111111111111111  [255][255][255][255][255]
4275  1111111111111111111111111111111111111111  [255][255][255][255][255]
4276  1111111111111111111111111111111111111111  [255][255][255][255][255]
4277  1111111111111111111111111111111111111111  [255][255][255][255][255]
4278  1111111111111111111111111011001111111111  [255][255][255][179][255]
4279  1111111111111111111111111011001111111111  [255][255][255][179][255]
4280  1111111111111111111111111011001111111111  [255][255][255][179][255]
4281  1111111111111111111111111011001111111111  [255][255][255][179][255]
4282  1111111111111111111111111011001111111111  [255][255][255][179][255]
4283  1111111111111111111111111011001111111111  [255][255][255][179][255]
4284  1111111111111111111111111111111111111111  [255][255][255][255][255]
4285  1111111111111111111111111111111111111111  [255][255][255][255][255]
4286  1111111111111111111111111011001111111111  [255][255][255][179][255]
4287  1111111111111111111111111011001111111111  [255][255][255][179][255]
4288  1111111111111111111111111111111111111111  [255][255][255][255][255]
4289  1111111111111111111111111011001111111111  [255][255][255][179][255]
4290  1111111111111111111111111111111111111111  [255][255][255][255][255]
4291  1111111111111111111111111111111111111111  [255][255][255][255][255]
4292  1111111111111111111111111011001111111111  [255][255][255][179][255]
4293  1111111111111111111111111011001111111111  [255][255][255][179][255]
4294  1111111111111111111111111111111111111111  [255][255][255][255][255]
4295  1111111111111111111111111011001111111111  [255][255][255][179][255]
4296  1111111111111111111111111111111111111111  [255][255][255][255][255]
4297  1111111111111111111111111111111111111111  [255][255][255][255][255]
4298  1111111111111111111111111111111111111111  [255][255][255][255][255]
4299  1111111111111111111111111111111111111111  [255][255][255][255][255]
4300  1111111111111111111111111111111111111111  [255][255][255][255][255]
4301  1111111111111111111111111111111111111111  [255][255][255][255][255]
4302  1111101111111111111111111011001111111111  [251][255][255][179][255]
4303  1111101111111111111111111011001111111111  [251][255][255][179][255]
4304  1111101111111111111111111011001111111111  [251][255][255][179][255]
4305  1111101111111111111111111011001111111111  [251][255][255][179][255]
4306  1111101111111111111111111011001111111111  [251][255][255][179][255]
4307  1111101111111111111111111011001111111111  [251][255][255][179][255]
4308  1111111111111111111111111111111111111111  [255][255][255][255][255]
4309  1111111111111111111111111111111111111111  [255][255][255][255][255]
4310  1111101111111111111111111011001111111111  [251][255][255][179][255]
4311  1111101111111111111111111011001111111111  [251][255][255][179][255]
4312  1111111111111111111111111111111111111111  [255][255][255][255][255]
4313  1111111111111111111111111011001111111111  [255][255][255][179][255]
4314  1111111111111111111111111111111111111111  [255][255][255][255][255]
4315  1111111111111111111111111111111111111111  [255][255][255][255][255]
4316  1111111111111111111111111011001111111111  [255][255][255][179][255]
4317  1111111111111111111111111011001111111111  [255][255][255][179][255]
4318  1111111111111111111111111111111111111111  [255][255][255][255][255]
4319  1111111111111111111111111011001111111111  [255][255][255][179][255]
4320  0101011101010011010100100101111101010111  WSR_W     
4321  0101011101010011010100100101111101010111  WSR_W     
4322  0101011101010011010100100101111101010111  WSR_W     
4323  0101011101010011010100100101111101010111  WSR_W     
4324  0101011101010011010100100101111101010111  WSR_W     
4325  0101011101010011010100100101111101010111  WSR_W     
4326  0101011101010011010100100101111101010111  WSR_W     
4327  0101011101010011010100100101111101010111  WSR_W     
4328  0101011101010011010100100101111101010111  WSR_W     
4329  0101011101010011010100100101111101010111  WSR_W     
4330  0101011101010011010100100101111101010111  WSR_W     
4331  0101011101010011010100100101111101010111  WSR_W     
4332  0101011101010011010100100101111101010111  WSR_W     
4333  0101011101010011010100100101111101010111  WSR_W     
4334  0101011101010011010100100101111101010111  WSR_W     
4335  0101011101010011010100100101111101010111  WSR_W     
4336  0101011101010011010100100101111101010111  WSR_W     
4337  0101011101010011010100100101111101010111  WSR_W     
4338  0101011101010011010100100101111101010111  WSR_W     
4339  0101011101010011010100100101111101010111  WSR_W     
4340  0101011101010011010100100101111101010111  WSR_W     
4341  0101011101010011010100100101111101010111  WSR_W     
4342  0101011101010011010100100101111101010111  WSR_W     
4343  0101011101010011010100100101111101010111  WSR_W     
4344  0101011111011111010101100101111101010111  W[223]V_W 
4345  0101011111011111010101100101111101010111  W[223]V_W 
4346  0101011111011111010101100101111101010111  W[223]V_W 
4347  0101011111011111010101100101111101010111  W[223]V_W 
4348  0101011111011111010101100101111101010111  W[223]V_W 
4349  0101011111011111010101100101111101010111  W[223]V_W 
4350  0101011111011111010101100101111101010111  W[223]V_W 
4351  0101011111011111010101100101111101010111  W[223]V_W 
4352  1111111111111111111111111111111111111111  [255][255][255][255][255]
4353  1111111111111111111111111111111111111111  [255][255][255][255][255]
4354  1111111111111111111111111111111111111111  [255][255][255][255][255]
4355  1111111111111111111111111111111111111111  [255][255][255][255][255]
4356  1111111111111111111111111111111111111111  [255][255][255][255][255]
4357  1111111111111111111111111111111111111111  [255][255][255][255][255]
4358  1111111111111111111111111111111111111111  [255][255][255][255][255]
4359  1111111111111111111111111111111111111111  [255][255][255][255][255]
4360  1111111111111111111111111111111111111111  [255][255][255][255][255]
4361  1111111111111111111111111111111111111111  [255][255][255][255][255]
4362  1111111111111111111111111111111111111111  [255][255][255][255][255]
4363  1111111111111111111111111111111111111111  [255][255][255][255][255]
4364  1111111111111111111111111111111111111111  [255][255][255][255][255]
4365  1111111111111111111111111111111111111111  [255][255][255][255][255]
4366  1111111111111111111111111111111111111111  [255][255][255][255][255]
4367  1111111111111111111111111111111111111111  [255][255][255][255][255]
4368  0101011101010011010100100101111101010111  WSR_W     
4369  0101011101010011010100100101111101010111  WSR_W     
4370  0101011101010011010100100101111101010111  WSR_W     
4371  0101011101010011010100100101111101010111  WSR_W     
4372  0101011101010011010100100101111101010111  WSR_W     
4373  0101011101010011010100100101111101010111  WSR_W     
4374  0101011111011111010101100101111101010111  W[223]V_W 
4375  0101011111011111010101100101111101010111  W[223]V_W 
4376  1111111111111111111111111111111111111111  [255][255][255][255][255]
4377  1111111111111111111111111111111111111111  [255][255][255][255][255]
4378  1111111111111111111111111111111111111111  [255][255][255][255][255]
4379  1111111111111111111111111111111111111111  [255][255][255][255][255]
4380  1111111111111111111111111111111111111111  [255][255][255][255][255]
4381  1111111111111111111111111111111111111111  [255][255][255][255][255]
4382  1111111111111111111111111111111111111111  [255][255][255][255][255]
4383  1111111111111111111111111111111111111111  [255][255][255][255][255]
4384  1111111111111111111111111111111111111111  [255][255][255][255][255]
4385  1111111111111111111111111111111111111111  [255][255][255][255][255]
4386  1111111111111111111111111111111111111111  [255][255][255][255][255]
4387  1111111111111111111111111111111111111111  [255][255][255][255][255]
4388  1111111111111111111111111111111111111111  [255][255][255][255][255]
4389  1111111111111111111111111111111111111111  [255][255][255][255][255]
4390  1111111111111111111111111111111111111111  [255][255][255][255][255]
4391  1111111111111111111111111111111111111111  [255][255][255][255][255]
4392  1111111111111111111111111111111111111111  [255][255][255][255][255]
4393  1111111111111111111111111111111111111111  [255][255][255][255][255]
4394  1111111111111111111111111111111111111111  [255][255][255][255][255]
4395  1111111111111111111111111111111111111111  [255][255][255][255][255]
4396  1111111111111111111111111111111111111111  [255][255][255][255][255]
4397  1111111111111111111111111111111111111111  [255][255][255][255][255]
4398  1111111111111111111111111111111111111111  [255][255][255][255][255]
4399  1111111111111111111111111111111111111111  [255][255][255][255][255]
4400  1111111111111111111111111111111111111111  [255][255][255][255][255]
4401  1111111111111111111111111111111111111111  [255][255][255][255][255]
4402  1111111111111111111111111111111111111111  [255][255][255][255][255]
4403  1111111111111111111111111111111111111111  [255][255][255][255][255]
4404  1111111111111111111111111111111111111111  [255][255][255][255][255]
4405  1111111111111111111111111111111111111111  [255][255][255][255][255]
4406  1111111111111111111111111111111111111111  [255][255][255][255][255]
4407  1111111111111111111111111111111111111111  [255][255][255][255][255]
4408  1111111111111111111111111111111111111111  [255][255][255][255][255]
4409  1111111111111111111111111111111111111111  [255][255][255][255][255]
4410  1111111111111111111111111111111111111111  [255][255][255][255][255]
4411  1111111111111111111111111111111111111111  [255][255][255][255][255]
4412  1111111111111111111111111111111111111111  [255][255][255][255][255]
4413  1111111111111111111111111111111111111111  [255][255][255][255][255]
4414  1111111111111111111111111111111111111111  [255][255][255][255][255]
4415  1111111111111111111111111111111111111111  [255][255][255][255][255]
4416  1111111111111111111111111111111111111111  [255][255][255][255][255]
4417  1111111111111111111111111111111111111111  [255][255][255][255][255]
4418  1111111111111111111111111111111111111111  [255][255][255][255][255]
4419  1111111111111111111111111111111111111111  [255][255][255][255][255]
4420  1111111111111111111111111111111111111111  [255][255][255][255][255]
4421  1111111111111111111111111111111111111111  [255][255][255][255][255]
4422  1111111111111111111111111111111111111111  [255][255][255][255][255]
4423  1111111111111111111111111111111111111111  [255][255][255][255][255]
4424  1111111111111111111111111111111111111111  [255][255][255][255][255]
4425  1111111111111111111111111111111111111111  [255][255][255][255][255]
4426  1111111111111111111111111111111111111111  [255][255][255][255][255]
4427  1111111111111111111111111111111111111111  [255][255][255][255][255]
4428  1111111111111111111111111111111111111111  [255][255][255][255][255]
4429  1111111111111111111111111111111111111111  [255][255][255][255][255]
4430  1111111111111111111111111111111111111111  [255][255][255][255][255]
4431  1111111111111111111111111111111111111111  [255][255][255][255][255]
4432  1111111111111111111111111111111111111111  [255][255][255][255][255]
4433  1111111111111111111111111111111111111111  [255][255][255][255][255]
4434  1111111111111111111111111111111111111111  [255][255][255][255][255]
4435  1111111111111111111111111111111111111111  [255][255][255][255][255]
4436  1111111111111111111111111111111111111111  [255][255][255][255][255]
4437  1111111111111111111111111111111111111111  [255][255][255][255][255]
4438  1111111111111111111111111111111111111111  [255][255][255][255][255]
4439  1111111111111111111111111111111111111111  [255][255][255][255][255]
4440  0100001101010010010100100000001101010011  CRR[3]S   
4441  0100001101010010010100100000001101010011  CRR[3]S   
4442  0100001101010010010100100000001101010011  CRR[3]S   
4443  0100001101010010010100100000001101010011  CRR[3]S   
4444  0100001101010010010100100000001101010011  CRR[3]S   
4445  0100001101010010010100100000001101010011  CRR[3]S   
4446  0100001101010010010100100000001101010011  CRR[3]S   
4447  0100001101010010010100100000001101010011  CRR[3]S   
4448  0100001101010010010100100000001101010011  CRR[3]S   
4449  0100001101010010010100100000001101010011  CRR[3]S   
4450  0100001101010010010100100000001101010011  CRR[3]S   
4451  0100001101010010010100100000001101010011  CRR[3]S   
4452  0100001101010010010100100000001101010011  CRR[3]S   
4453  0100001101010010010100100000001101010011  CRR[3]S   
4454  0100001101010010010100100000001101010011  CRR[3]S   
4455  0100001101010010010100100000001101010011  CRR[3]S   
4456  0100001101010010010100100000001101010011  CRR[3]S   
4457  0100001101010010010100100000001101010011  CRR[3]S   
4458  0100001101010010010100100000001101010011  CRR[3]S   
4459  0100001101010010010100100000001101010011  CRR[3]S   
4460  0100001101010010010100100000001101010011  CRR[3]S   
4461  0100001101010010010100100000001101010011  CRR[3]S   
4462  0100001101010010010100100000001101010011  CRR[3]S   
4463  0100001101010010010100100000001101010011  CRR[3]S   
4464  0100001101010010010100100000001101010011  CRR[3]S   
4465  0100001101010010010100100000001101010011  CRR[3]S   
4466  0100001101010010010100100000001101010011  CRR[3]S   
4467  0100001101010010010100100000001101010011  CRR[3]S   
4468  0100001101010010010100100000001101010011  CRR[3]S   
4469  0100001101010010010100100000001101010011  CRR[3]S   
4470  0100001101010010010100100000001101010011  CRR[3]S   
4471  0100001101010010010100100000001101010011  CRR[3]S   
4472  0100001101010010010100100000001101010011  CRR[3]S   
4473  0100001101010010010100100000001101010011  CRR[3]S   
4474  0100001101010010010100100000001101010011  CRR[3]S   
4475  0100001101010010010100100000001101010011  CRR[3]S   
4476  0100001101010010010100100000001101010011  CRR[3]S   
4477  0100001101010010010100100000001101010011  CRR[3]S   
4478  0100001101010010010100100000001101010011  CRR[3]S   
4479  0100001101010010010100100000001101010011  CRR[3]S   
4480  0100001101010010010100100000001101010011  CRR[3]S   
4481  0100001101010010010100100000001101010011  CRR[3]S   
4482  0100001101010010010100100000001101010011  CRR[3]S   
4483  0100001101010010010100100000001101010011  CRR[3]S   
4484  0100001101010010010100100000001101010011  CRR[3]S   
4485  0100001101010010010100100000001101010011  CRR[3]S   
4486  0100001101010010010100100000001101010011  CRR[3]S   
4487  0100001101010010010100100000001101010011  CRR[3]S   
4488  0100001101010010010100100000001101010011  CRR[3]S   
4489  0100001101010010010100100000001101010011  CRR[3]S   
4490  0100001101010010010100100000001101010011  CRR[3]S   
4491  0100001101010010010100100000001101010011  CRR[3]S   
4492  0100001101010010010100100000001101010011  CRR[3]S   
4493  0100001101010010010100100000001101010011  CRR[3]S   
4494  0100001101010010010100100000001101010011  CRR[3]S   
4495  0100001101010010010100100000001101010011  CRR[3]S   
4496  0100001101010010010100100000001101010011  CRR[3]S   
4497  0100001101010010010100100000001101010011  CRR[3]S   
4498  0100001101010010010100100000001101010011  CRR[3]S   
4499  0100001101010010010100100000001101010011  CRR[3]S   
4500  0100001101010010010100100000001101010011  CRR[3]S   
4501  0100001101010010010100100000001101010011  CRR[3]S   
4502  0100001101010010010100100000001101010011  CRR[3]S   
4503  0100001101010010010100100000001101010011  CRR[3]S   
4504  0100001101010010010100100000001101010011  CRR[3]S   
4505  0100001101010010010100100000001101010011  CRR[3]S   
4506  0100001101010010010100100000001101010011  CRR[3]S   
4507  0100001101010010010100100000001101010011  CRR[3]S   
4508  0100001101010010010100100000001101010011  CRR[3]S   
4509  0100001101010010010100100000001101010011  CRR[3]S   
4510  0100001101010010010100100000001101010011  CRR[3]S   
4511  0100001101010010010100100000001101010011  CRR[3]S   
4512  0100001101010010010100100000001101010011  CRR[3]S   
4513  0100001101010010010100100000001101010011  CRR[3]S   
4514  0100001101010010010100100000001101010011  CRR[3]S   
4515  0100001101010010010100100000001101010011  CRR[3]S   
4516  0100001101010010010100100000001101010011  CRR[3]S   
4517  0100001101010010010100100000001101010011  CRR[3]S   
4518  0100001101010010010100100000001101010011  CRR[3]S   
4519  0100001101010010010100100000001101010011  CRR[3]S   
4520  0100001101010010010100100000001101010011  CRR[3]S   
4521  0100001101010010010100100000001101010011  CRR[3]S   
4522  0100001101010010010100100000001101010011  CRR[3]S   
4523  0100001101010010010100100000001101010011  CRR[3]S   
4524  0100001101010010010100100000001101010011  CRR[3]S   
4525  0100001101010010010100100000001101010011  CRR[3]S   
4526  0100001101010010010100100000001101010011  CRR[3]S   
4527  0100001101010010010100100000001101010011  CRR[3]S   
4528  0100001101010010010100100000001101010011  CRR[3]S   
4529  0100001101010010010100100000001101010011  CRR[3]S   
4530  0100001101010010010100100000001101010011  CRR[3]S   
4531  0100001101010010010100100000001101010011  CRR[3]S   
4532  0100001101010010010100100000001101010011  CRR[3]S   
4533  0100001101010010010100100000001101010011  CRR[3]S   
4534  0100001101010010010100100000001101010011  CRR[3]S   
4535  0100001101010010010100100000001101010011  CRR[3]S   
4536  0100001101010010010100100000001101010011  CRR[3]S   
4537  0100001101010010010100100000001101010011  CRR[3]S   
4538  0100001101010010010100100000001101010011  CRR[3]S   
4539  0100001101010010010100100000001101010011  CRR[3]S   
4540  0100001101010010010100100000001101010011  CRR[3]S   
4541  0100001101010010010100100000001101010011  CRR[3]S   
4542  0100001101010010010100100000001101010011  CRR[3]S   
4543  0100001101010010010100100000001101010011  CRR[3]S   
4544  0100001101010010010100100000001101010011  CRR[3]S   
4545  0100001101010010010100100000001101010011  CRR[3]S   
4546  0100001101010010010100100000001101010011  CRR[3]S   
4547  0100001101010010010100100000001101010011  CRR[3]S   
4548  0100001101010010010100100000001101010011  CRR[3]S   
4549  0100001101010010010100100000001101010011  CRR[3]S   
4550  0100001101010010010100100000001101010011  CRR[3]S   
4551  0100001101010010010100100000001101010011  CRR[3]S   
4552  0100001101010010010100100000001101010011  CRR[3]S   
4553  0100001101010010010100100000001101010011  CRR[3]S   
4554  0100001101010010010100100000001101010011  CRR[3]S   
4555  0100001101010010010100100000001101010011  CRR[3]S   
4556  0100001101010010010100100000001101010011  CRR[3]S   
4557  0100001101010010010100100000001101010011  CRR[3]S   
4558  0100001101010010010100100000001101010011  CRR[3]S   
4559  0100001101010010010100100000001101010011  CRR[3]S   
4560  0101011111011111010101100101111101010111  W[223]V_W 
4561  0101011111011111010101100101111101010111  W[223]V_W 
4562  0101011111011111010101100101111101010111  W[223]V_W 
4563  0101011111011111010101100101111101010111  W[223]V_W 
4564  0101011111011111010101100101111101010111  W[223]V_W 
4565  0101011111011111010101100101111101010111  W[223]V_W 
4566  0101011111011111010101100101111101010111  W[223]V_W 
4567  0101011111011111010101100101111101010111  W[223]V_W 
4568  1111111111111111111111111111111111111111  [255][255][255][255][255]
4569  1111111111111111111111111111111111111111  [255][255][255][255][255]
4570  1111111111111111111111111111111111111111  [255][255][255][255][255]
4571  1111111111111111111111111111111111111111  [255][255][255][255][255]
4572  1111111111111111111111111111111111111111  [255][255][255][255][255]
4573  1111111111111111111111111111111111111111  [255][255][255][255][255]
4574  1111111111111111111111111111111111111111  [255][255][255][255][255]
4575  1111111111111111111111111111111111111111  [255][255][255][255][255]
4576  1111111111111111111111111111111111111111  [255][255][255][255][255]
4577  1111111111111111111111111111111111111111  [255][255][255][255][255]
4578  1111111111111111111111111111111111111111  [255][255][255][255][255]
4579  1111111111111111111111111111111111111111  [255][255][255][255][255]
4580  1111111111111111111111111111111111111111  [255][255][255][255][255]
4581  1111111111111111111111111111111111111111  [255][255][255][255][255]
4582  1111111111111111111111111111111111111111  [255][255][255][255][255]
4583  1111111111111111111111111111111111111111  [255][255][255][255][255]
4584  0100001111011111010101100000001101010111  C[223]V[3]W
4585  0100001111011111010101100000001101010111  C[223]V[3]W
4586  0100001111011111010101100000001101010111  C[223]V[3]W
4587  0100001111011111010101100000001101010111  C[223]V[3]W
4588  0100001111011111010101100000001101010111  C[223]V[3]W
4589  0100001111011111010101100000001101010111  C[223]V[3]W
4590  0100001111011111010101100000001101010111  C[223]V[3]W
4591  0100001111011111010101100000001101010111  C[223]V[3]W
4592  0100001111011111010101100000001101010111  C[223]V[3]W
4593  0100001111011111010101100000001101010111  C[223]V[3]W
4594  0100001111011111010101100000001101010111  C[223]V[3]W
4595  0100001111011111010101100000001101010111  C[223]V[3]W
4596  0100001111011111010101100000001101010111  C[223]V[3]W
4597  0100001111011111010101100000001101010111  C[223]V[3]W
4598  0100001111011111010101100000001101010111  C[223]V[3]W
4599  0100001111011111010101100000001101010111  C[223]V[3]W
4600  0100001111011111010101100000001101010111  C[223]V[3]W
4601  0100001111011111010101100000001101010111  C[223]V[3]W
4602  0100001111011111010101100000001101010111  C[223]V[3]W
4603  0100001111011111010101100000001101010111  C[223]V[3]W
4604  0100001111011111010101100000001101010111  C[223]V[3]W
4605  0100001111011111010101100000001101010111  C[223]V[3]W
4606  0100001111011111010101100000001101010111  C[223]V[3]W
4607  0100001111011111010101100000001101010111  C[223]V[3]W
4608  0101011111011111010101100101111101010111  W[223]V_W 
4609  0101011111011111010101100101111101010111  W[223]V_W 
4610  1111111111111111111111111111111111111111  [255][255][255][255][255]
4611  1111111111111111111111111111111111111111  [255][255][255][255][255]
4612  1111111111111111111111111111111111111111  [255][255][255][255][255]
4613  1111111111111111111111111111111111111111  [255][255][255][255][255]
4614  0100011111011111010101100000001101010111  G[223]V[3]W
4615  0100011111011111010101100000001101010111  G[223]V[3]W
4616  0100011111011111010101100000001101010111  G[223]V[3]W
4617  0100011111011111010101100000001101010111  G[223]V[3]W
4618  0100011111011111010101100000001101010111  G[223]V[3]W
4619  0100011111011111010101100000001101010111  G[223]V[3]W
4620  1111111111111111111111111111111111111111  [255][255][255][255][255]
4621  1111111111111111111111111111111111111111  [255][255][255][255][255]
4622  1111111111111111111111111011001111111111  [255][255][255][179][255]
4623  1111111111111111111111111011001111111111  [255][255][255][179][255]
4624  1111111111111111111111111111111111111111  [255][255][255][255][255]
4625  1111111111111111111111111011001111111111  [255][255][255][179][255]
4626  1111111111111111111111111111111111111111  [255][255][255][255][255]
4627  1111111111111111111111111111111111111111  [255][255][255][255][255]
4628  1111111111111111111111111011001111111111  [255][255][255][179][255]
4629  1111111111111111111111111011001111111111  [255][255][255][179][255]
4630  1111111111111111111111111111111111111111  [255][255][255][255][255]
4631  1111111111111111111111111011001111111111  [255][255][255][179][255]
4632  1111111111111111111111111111111111111111  [255][255][255][255][255]
4633  1111111111111111111111111111111111111111  [255][255][255][255][255]
4634  1111111111111111111111111111111111111111  [255][255][255][255][255]
4635  1111111111111111111111111111111111111111  [255][255][255][255][255]
4636  1111111111111111111111111111111111111111  [255][255][255][255][255]
4637  1111111111111111111111111111111111111111  [255][255][255][255][255]
4638  1111101111111111111111111011001111111111  [251][255][255][179][255]
4639  1111101111111111111111111011001111111111  [251][255][255][179][255]
4640  1111101111111111111111111011001111111111  [251][255][255][179][255]
4641  1111101111111111111111111011001111111111  [251][255][255][179][255]
4642  1111101111111111111111111011001111111111  [251][255][255][179][255]
4643  1111101111111111111111111011001111111111  [251][255][255][179][255]
4644  1111111111111111111111111111111111111111  [255][255][255][255][255]
4645  1111111111111111111111111111111111111111  [255][255][255][255][255]
4646  1111111111111111111111111011001111111111  [255][255][255][179][255]
4647  1111111111111111111111111011001111111111  [255][255][255][179][255]
4648  1111111111111111111111111111111111111111  [255][255][255][255][255]
4649  1111111111111111111111111011001111111111  [255][255][255][179][255]
4650  1111111111111111111111111111111111111111  [255][255][255][255][255]
4651  1111111111111111111111111111111111111111  [255][255][255][255][255]
4652  1111101111111111111111111011001111111111  [251][255][255][179][255]
4653  1111101111111111111111111011001111111111  [251][255][255][179][255]
4654  1111111111111111111111111111111111111111  [255][255][255][255][255]
4655  1111111111111111111111111011001111111111  [255][255][255][179][255]
4656  1111111111111111111111111111111111111111  [255][255][255][255][255]
4657  1111111111111111111111111111111111111111  [255][255][255][255][255]
4658  1111111111111111111111111111111111111111  [255][255][255][255][255]
4659  1111111111111111111111111111111111111111  [255][255][255][255][255]
4660  1111111111111111111111111111111111111111  [255][255][255][255][255]
4661  1111111111111111111111111111111111111111  [255][255][255][255][255]
4662  1111101111111111111111111011001111111111  [251][255][255][179][255]
4663  1111101111111111111111111011001111111111  [251][255][255][179][255]
4664  1111101111111111111111111011001111111111  [251][255][255][179][255]
4665  1111101111111111111111111011001111111111  [251][255][255][179][255]
4666  1111101111111111111111111011001111111111  [251][255][255][179][255]
4667  1111101111111111111111111011001111111111  [251][255][255][179][255]
4668  1111111111111111111111111111111111111111  [255][255][255][255][255]
4669  1111111111111111111111111111111111111111  [255][255][255][255][255]
4670  1111111111111111111111111011001111111111  [255][255][255][179][255]
4671  1111111111111111111111111011001111111111  [255][255][255][179][255]
4672  1111111111111111111111111111111111111111  [255][255][255][255][255]
4673  1111111111111111111111111011001111111111  [255][255][255][179][255]
4674  1111111111111111111111111111111111111111  [255][255][255][255][255]
4675  1111111111111111111111111111111111111111  [255][255][255][255][255]
4676  1111101111111111111111111011001111111111  [251][255][255][179][255]
4677  1111101111111111111111111011001111111111  [251][255][255][179][255]
4678  1111111111111111111111111111111111111111  [255][255][255][255][255]
4679  1111111111111111111111111011001111111111  [255][255][255][179][255]
4680  0101011101010011010100100101111101010111  WSR_W     
4681  0101011101010011010100100101111101010111  WSR_W     
4682  0101011101010011010100100101111101010111  WSR_W     
4683  0101011101010011010100100101111101010111  WSR_W     
4684  0101011101010011010100100101111101010111  WSR_W     
4685  0101011101010011010100100101111101010111  WSR_W     
4686  0101011111011111010101100101111101010111  W[223]V_W 
4687  0101011111011111010101100101111101010111  W[223]V_W 
4688  1111111111111111111111111111111111111111  [255][255][255][255][255]
4689  1111111111111111111111111111111111111111  [255][255][255][255][255]
4690  1111111111111111111111111111111111111111  [255][255][255][255][255]
4691  1111111111111111111111111111111111111111  [255][255][255][255][255]
4692  1111111111111111111111111111111111111111  [255][255][255][255][255]
4693  1111111111111111111111111111111111111111  [255][255][255][255][255]
4694  1111111111111111111111111111111111111111  [255][255][255][255][255]
4695  1111111111111111111111111111111111111111  [255][255][255][255][255]
4696  1111111111111111111111111111111111111111  [255][255][255][255][255]
4697  1111111111111111111111111111111111111111  [255][255][255][255][255]
4698  1111111111111111111111111111111111111111  [255][255][255][255][255]
4699  1111111111111111111111111111111111111111  [255][255][255][255][255]
4700  1111111111111111111111111111111111111111  [255][255][255][255][255]
4701  1111111111111111111111111111111111111111  [255][255][255][255][255]
4702  1111111111111111111111111111111111111111  [255][255][255][255][255]
4703  1111111111111111111111111111111111111111  [255][255][255][255][255]
4704  0100011101010010010100100000001101010011  GRR[3]S   
4705  0100011101010010010100100000001101010011  GRR[3]S   
4706  0100011101010010010100100000001101010011  GRR[3]S   
4707  0100011101010010010100100000001101010011  GRR[3]S   
4708  0100011101010010010100100000001101010011  GRR[3]S   
4709  0100011101010010010100100000001101010011  GRR[3]S   
4710  0100011101010010010100100000001101010011  GRR[3]S   
4711  0100011101010010010100100000001101010011  GRR[3]S   
4712  0100011101010010010100100000001101010011  GRR[3]S   
4713  0100011101010010010100100000001101010011  GRR[3]S   
4714  0100011101010010010100100000001101010011  GRR[3]S   
4715  0100011101010010010100100000001101010011  GRR[3]S   
4716  0100011101010010010100100000001101010011  GRR[3]S   
4717  0100011101010010010100100000001101010011  GRR[3]S   
4718  0100011101010010010100100000001101010011  GRR[3]S   
4719  0100011101010010010100100000001101010011  GRR[3]S   
4720  0100011101010010010100100000001101010011  GRR[3]S   
4721  0100011101010010010100100000001101010011  GRR[3]S   
4722  0100011101010010010100100000001101010011  GRR[3]S   
4723  0100011101010010010100100000001101010011  GRR[3]S   
4724  0100011101010010010100100000001101010011  GRR[3]S   
4725  0100011101010010010100100000001101010011  GRR[3]S   
4726  0100011101010010010100100000001101010011  GRR[3]S   
4727  0100011101010010010100100000001101010011  GRR[3]S   
4728  0101011111011111010101100101111101010111  W[223]V_W 
4729  0101011111011111010101100101111101010111  W[223]V_W 
4730  1111111111111111111111111111111111111111  [255][255][255][255][255]
4731  1111111111111111111111111111111111111111  [255][255][255][255][255]
4732  1111111111111111111111111111111111111111  [255][255][255][255][255]
4733  1111111111111111111111111111111111111111  [255][255][255][255][255]
4734  0100011111011111010101100000001101010111  G[223]V[3]W
4735  0100011111011111010101100000001101010111  G[223]V[3]W
4736  0100011111011111010101100000001101010111  G[223]V[3]W
4737  0100011111011111010101100000001101010111  G[223]V[3]W
4738  0100011111011111010101100000001101010111  G[223]V[3]W
4739  0100011111011111010101100000001101010111  G[223]V[3]W
4740  1111111111111111111111111111111111111111  [255][255][255][255][255]
4741  1111111111111111111111111111111111111111  [255][255][255][255][255]
4742  1111111111111111111111111011001111111111  [255][255][255][179][255]
4743  1111111111111111111111111011001111111111  [255][255][255][179][255]
4744  1111111111111111111111111111111111111111  [255][255][255][255][255]
4745  1111111111111111111111111011001111111111  [255][255][255][179][255]
4746  1111111111111111111111111111111111111111  [255][255][255][255][255]
4747  1111111111111111111111111111111111111111  [255][255][255][255][255]
4748  1111111111111111111111111011001111111111  [255][255][255][179][255]
4749  1111111111111111111111111011001111111111  [255][255][255][179][255]
4750  1111111111111111111111111111111111111111  [255][255][255][255][255]
4751  1111111111111111111111111011001111111111  [255][255][255][179][255]
4752  1111111111111111111111111111111111111111  [255][255][255][255][255]
4753  1111111111111111111111111111111111111111  [255][255][255][255][255]
4754  1111111111111111111111111111111111111111  [255][255][255][255][255]
4755  1111111111111111111111111111111111111111  [255][255][255][255][255]
4756  1111111111111111111111111111111111111111  [255][255][255][255][255]
4757  1111111111111111111111111111111111111111  [255][255][255][255][255]
4758  1111111111111111111111111011001111111111  [255][255][255][179][255]
4759  1111111111111111111111111011001111111111  [255][255][255][179][255]
4760  1111111111111111111111111011001111111111  [255][255][255][179][255]
4761  1111111111111111111111111011001111111111  [255][255][255][179][255]
4762  1111111111111111111111111011001111111111  [255][255][255][179][255]
4763  1111111111111111111111111011001111111111  [255][255][255][179][255]
4764  1111111111111111111111111111111111111111  [255][255][255][255][255]
4765  1111111111111111111111111111111111111111  [255][255][255][255][255]
4766  1111111111111111111111111011001111111111  [255][255][255][179][255]
4767  1111111111111111111111111011001111111111  [255][255][255][179][255]
4768  1111111111111111111111111111111111111111  [255][255][255][255][255]
4769  1111111111111111111111111011001111111111  [255][255][255][179][255]
4770  1111111111111111111111111111111111111111  [255][255][255][255][255]
4771  1111111111111111111111111111111111111111  [255][255][255][255][255]
4772  1111111111111111111111111011001111111111  [255][255][255][179][255]
4773  1111111111111111111111111011001111111111  [255][255][255][179][255]
4774  1111111111111111111111111111111111111111  [255][255][255][255][255]
4775  1111111111111111111111111011001111111111  [255][255][255][179][255]
4776  1111111111111111111111111111111111111111  [255][255][255][255][255]
4777  1111111111111111111111111111111111111111  [255][255][255][255][255]
4778  1111111111111111111111111111111111111111  [255][255][255][255][255]
4779  1111111111111111111111111111111111111111  [255][255][255][255][255]
4780  1111111111111111111111111111111111111111  [255][255][255][255][255]
4781  1111111111111111111111111111111111111111  [255][255][255][255][255]
4782  1111111111111111111111111011001111111111  [255][255][255][179][255]
4783  1111111111111111111111111011001111111111  [255][255][255][179][255]
4784  1111111111111111111111111011001111111111  [255][255][255][179][255]
4785  1111111111111111111111111011001111111111  [255][255][255][179][255]
4786  1111111111111111111111111011001111111111  [255][255][255][179][255]
4787  1111111111111111111111111011001111111111  [255][255][255][179][255]
4788  1111111111111111111111111111111111111111  [255][255][255][255][255]
4789  1111111111111111111111111111111111111111  [255][255][255][255][255]
4790  1111111111111111111111111011001111111111  [255][255][255][179][255]
4791  1111111111111111111111111011001111111111  [255][255][255][179][255]
4792  1111111111111111111111111111111111111111  [255][255][255][255][255]
4793  1111111111111111111111111011001111111111  [255][255][255][179][255]
4794  1111111111111111111111111111111111111111  [255][255][255][255][255]
4795  1111111111111111111111111111111111111111  [255][255][255][255][255]
4796  1111111111111111111111111011001111111111  [255][255][255][179][255]
4797  1111111111111111111111111011001111111111  [255][255][255][179][255]
4798  1111111111111111111111111111111111111111  [255][255][255][255][255]
4799  1111111111111111111111111011001111111111  [255][255][255][179][255]
4800  1111111111111111111111111111111111111111  [255][255][255][255][255]
4801  1111111111111111111111111111111111111111  [255][255][255][255][255]
4802  1111111111111111111111111111111111111111  [255][255][255][255][255]
4803  1111111111111111111111111111111111111111  [255][255][255][255][255]
4804  1111111111111111111111111111111111111111  [255][255][255][255][255]
4805  1111111111111111111111111111111111111111  [255][255][255][255][255]
4806  1111111111111111111111111111111111111111  [255][255][255][255][255]
4807  1111111111111111111111111111111111111111  [255][255][255][255][255]
4808  1111111111111111111111111111111111111111  [255][255][255][255][255]
4809  1111111111111111111111111111111111111111  [255][255][255][255][255]
4810  1111111111111111111111111111111111111111  [255][255][255][255][255]
4811  1111111111111111111111111111111111111111  [255][255][255][255][255]
4812  1111111111111111111111111111111111111111  [255][255][255][255][255]
4813  1111111111111111111111111111111111111111  [255][255][255][255][255]
4814  1111111111111111111111111111111111111111  [255][255][255][255][255]
4815  1111111111111111111111111111111111111111  [255][255][255][255][255]
4816  1111111111111111111111111111111111111111  [255][255][255][255][255]
4817  1111111111111111111111111111111111111111  [255][255][255][255][255]
4818  1111111111111111111111111111111111111111  [255][255][255][255][255]
4819  1111111111111111111111111111111111111111  [255][255][255][255][255]
4820  1111111111111111111111111111111111111111  [255][255][255][255][255]
4821  1111111111111111111111111111111111111111  [255][255][255][255][255]
4822  1111111111111111111111111111111111111111  [255][255][255][255][255]
4823  1111111111111111111111111111111111111111  [255][255][255][255][255]
4824  1111101111111111111111111011001111111111  [251][255][255][179][255]
4825  1111101111111111111111111011001111111111  [251][255][255][179][255]
4826  1111101111111111111111111011001111111111  [251][255][255][179][255]
4827  1111101111111111111111111011001111111111  [251][255][255][179][255]
4828  1111101111111111111111111011001111111111  [251][255][255][179][255]
4829  1111101111111111111111111011001111111111  [251][255][255][179][255]
4830  1111101111111111111111111011001111111111  [251][255][255][179][255]
4831  1111101111111111111111111011001111111111  [251][255][255][179][255]
4832  1111101111111111111111111011001111111111  [251][255][255][179][255]
4833  1111101111111111111111111011001111111111  [251][255][255][179][255]
4834  1111101111111111111111111011001111111111  [251][255][255][179][255]
4835  1111101111111111111111111011001111111111  [251][255][255][179][255]
4836  1111101111111111111111111011001111111111  [251][255][255][179][255]
4837  1111101111111111111111111011001111111111  [251][255][255][179][255]
4838  1111101111111111111111111011001111111111  [251][255][255][179][255]
4839  1111101111111111111111111011001111111111  [251][255][255][179][255]
4840  1111101111111111111111111011001111111111  [251][255][255][179][255]
4841  1111101111111111111111111011001111111111  [251][255][255][179][255]
4842  1111101111111111111111111011001111111111  [251][255][255][179][255]
4843  1111101111111111111111111011001111111111  [251][255][255][179][255]
4844  1111101111111111111111111011001111111111  [251][255][255][179][255]
4845  1111101111111111111111111011001111111111  [251][255][255][179][255]
4846  1111101111111111111111111011001111111111  [251][255][255][179][255]
4847  1111101111111111111111111011001111111111  [251][255][255][179][255]
4848  1111111111111111111111111111111111111111  [255][255][255][255][255]
4849  1111111111111111111111111111111111111111  [255][255][255][255][255]
4850  1111111111111111111111111111111111111111  [255][255][255][255][255]
4851  1111111111111111111111111111111111111111  [255][255][255][255][255]
4852  1111111111111111111111111111111111111111  [255][255][255][255][255]
4853  1111111111111111111111111111111111111111  [255][255][255][255][255]
4854  1111101111111111111111111011001111111111  [251][255][255][179][255]
4855  1111101111111111111111111011001111111111  [251][255][255][179][255]
4856  1111101111111111111111111011001111111111  [251][255][255][179][255]
4857  1111101111111111111111111011001111111111  [251][255][255][179][255]
4858  1111101111111111111111111011001111111111  [251][255][255][179][255]
4859  1111101111111111111111111011001111111111  [251][255][255][179][255]
4860  1111111111111111111111111111111111111111  [255][255][255][255][255]
4861  1111111111111111111111111111111111111111  [255][255][255][255][255]
4862  1111111111111111111111111011001111111111  [255][255][255][179][255]
4863  1111111111111111111111111011001111111111  [255][255][255][179][255]
4864  1111111111111111111111111111111111111111  [255][255][255][255][255]
4865  1111111111111111111111111011001111111111  [255][255][255][179][255]
4866  1111111111111111111111111111111111111111  [255][255][255][255][255]
4867  1111111111111111111111111111111111111111  [255][255][255][255][255]
4868  1111101111111111111111111011001111111111  [251][255][255][179][255]
4869  1111101111111111111111111011001111111111  [251][255][255][179][255]
4870  1111111111111111111111111111111111111111  [255][255][255][255][255]
4871  1111111111111111111111111011001111111111  [255][255][255][179][255]
4872  1111111111111111111111111111111111111111  [255][255][255][255][255]
4873  1111111111111111111111111111111111111111  [255][255][255][255][255]
4874  1111111111111111111111111111111111111111  [255][255][255][255][255]
4875  1111111111111111111111111111111111111111  [255][255][255][255][255]
4876  1111111111111111111111111111111111111111  [255][255][255][255][255]
4877  1111111111111111111111111111111111111111  [255][255][255][255][255]
4878  1111111111111111111111111011001111111111  [255][255][255][179][255]
4879  1111111111111111111111111011001111111111  [255][255][255][179][255]
4880  1111111111111111111111111011001111111111  [255][255][255][179][255]
4881  1111111111111111111111111011001111111111  [255][255][255][179][255]
4882  1111111111111111111111111011001111111111  [255][255][255][179][255]
4883  1111111111111111111111111011001111111111  [255][255][255][179][255]
4884  1111111111111111111111111111111111111111  [255][255][255][255][255]
4885  1111111111111111111111111111111111111111  [255][255][255][255][255]
4886  1111111111111111111111111011001111111111  [255][255][255][179][255]
4887  1111111111111111111111111011001111111111  [255][255][255][179][255]
4888  1111111111111111111111111111111111111111  [255][255][255][255][255]
4889  1111111111111111111111111011001111111111  [255][255][255][179][255]
4890  1111111111111111111111111111111111111111  [255][255][255][255][255]
4891  1111111111111111111111111111111111111111  [255][255][255][255][255]
4892  1111111111111111111111111011001111111111  [255][255][255][179][255]
4893  1111111111111111111111111011001111111111  [255][255][255][179][255]
4894  1111111111111111111111111111111111111111  [255][255][255][255][255]
4895  1111111111111111111111111011001111111111  [255][255][255][179][255]
4896  1111111111111111111111111111111111111111  [255][255][255][255][255]
4897  1111111111111111111111111111111111111111  [255][255][255][255][255]
4898  1111111111111111111111111111111111111111  [255][255][255][255][255]
4899  1111111111111111111111111111111111111111  [255][255][255][255][255]
4900  1111111111111111111111111111111111111111  [255][255][255][255][255]
4901  1111111111111111111111111111111111111111  [255][255][255][255][255]
4902  1111101111111111111111111011001111111111  [251][255][255][179][255]
4903  1111101111111111111111111011001111111111  [251][255][255][179][255]
4904  1111101111111111111111111011001111111111  [251][255][255][179][255]
4905  1111101111111111111111111011001111111111  [251][255][255][179][255]
4906  1111101111111111111111111011001111111111  [251][255][255][179][255]
4907  1111101111111111111111111011001111111111  [251][255][255][179][255]
4908  1111111111111111111111111111111111111111  [255][255][255][255][255]
4909  1111111111111111111111111111111111111111  [255][255][255][255][255]
4910  1111101111111111111111111011001111111111  [251][255][255][179][255]
4911  1111101111111111111111111011001111111111  [251][255][255][179][255]
4912  1111111111111111111111111111111111111111  [255][255][255][255][255]
4913  1111111111111111111111111011001111111111  [255][255][255][179][255]
4914  1111111111111111111111111111111111111111  [255][255][255][255][255]
4915  1111111111111111111111111111111111111111  [255][255][255][255][255]
4916  1111111111111111111111111011001111111111  [255][255][255][179][255]
4917  1111111111111111111111111011001111111111  [255][255][255][179][255]
4918  1111111111111111111111111111111111111111  [255][255][255][255][255]
4919  1111111111111111111111111011001111111111  [255][255][255][179][255]
4920  1111111111111111111111111111111111111111  [255][255][255][255][255]
4921  1111111111111111111111111111111111111111  [255][255][255][255][255]
4922  1111111111111111111111111111111111111111  [255][255][255][255][255]
4923  1111111111111111111111111111111111111111  [255][255][255][255][255]
4924  1111111111111111111111111111111111111111  [255][255][255][255][255]
4925  1111111111111111111111111111111111111111  [255][255][255][255][255]
4926  1111111111111111111111111111111111111111  [255][255][255][255][255]
4927  1111111111111111111111111111111111111111  [255][255][255][255][255]
4928  1111111111111111111111111111111111111111  [255][255][255][255][255]
4929  1111111111111111111111111111111111111111  [255][255][255][255][255]
4930  1111111111111111111111111111111111111111  [255][255][255][255][255]
4931  1111111111111111111111111111111111111111  [255][255][255][255][255]
4932  1111111111111111111111111111111111111111  [255][255][255][255][255]
4933  1111111111111111111111111111111111111111  [255][255][255][255][255]
4934  1111111111111111111111111111111111111111  [255][255][255][255][255]
4935  1111111111111111111111111111111111111111  [255][255][255][255][255]
4936  1111111111111111111111111111111111111111  [255][255][255][255][255]
4937  1111111111111111111111111111111111111111  [255][255][255][255][255]
4938  1111111111111111111111111111111111111111  [255][255][255][255][255]
4939  1111111111111111111111111111111111111111  [255][255][255][255][255]
4940  1111111111111111111111111111111111111111  [255][255][255][255][255]
4941  1111111111111111111111111111111111111111  [255][255][255][255][255]
4942  1111111111111111111111111111111111111111  [255][255][255][255][255]
4943  1111111111111111111111111111111111111111  [255][255][255][255][255]
4944  1111101111111111111111111011001111111111  [251][255][255][179][255]
4945  1111101111111111111111111011001111111111  [251][255][255][179][255]
4946  1111101111111111111111111011001111111111  [251][255][255][179][255]
4947  1111101111111111111111111011001111111111  [251][255][255][179][255]
4948  1111101111111111111111111011001111111111  [251][255][255][179][255]
4949  1111101111111111111111111011001111111111  [251][255][255][179][255]
4950  1111101111111111111111111011001111111111  [251][255][255][179][255]
4951  1111101111111111111111111011001111111111  [251][255][255][179][255]
4952  1111101111111111111111111011001111111111  [251][255][255][179][255]
4953  1111101111111111111111111011001111111111  [251][255][255][179][255]
4954  1111101111111111111111111011001111111111  [251][255][255][179][255]
4955  1111101111111111111111111011001111111111  [251][255][255][179][255]
4956  1111101111111111111111111011001111111111  [251][255][255][179][255]
4957  1111101111111111111111111011001111111111  [251][255][255][179][255]
4958  1111101111111111111111111011001111111111  [251][255][255][179][255]
4959  1111101111111111111111111011001111111111  [251][255][255][179][255]
4960  1111101111111111111111111011001111111111  [251][255][255][179][255]
4961  1111101111111111111111111011001111111111  [251][255][255][179][255]
4962  1111101111111111111111111011001111111111  [251][255][255][179][255]
4963  1111101111111111111111111011001111111111  [251][255][255][179][255]
4964  1111101111111111111111111011001111111111  [251][255][255][179][255]
4965  1111101111111111111111111011001111111111  [251][255][255][179][255]
4966  1111101111111111111111111011001111111111  [251][255][255][179][255]
4967  1111101111111111111111111011001111111111  [251][255][255][179][255]
4968  1111111111111111111111111111111111111111  [255][255][255][255][255]
4969  1111111111111111111111111111111111111111  [255][255][255][255][255]
4970  1111111111111111111111111111111111111111  [255][255][255][255][255]
4971  1111111111111111111111111111111111111111  [255][255][255][255][255]
4972  1111111111111111111111111111111111111111  [255][255][255][255][255]
4973  1111111111111111111111111111111111111111  [255][255][255][255][255]
4974  1111101111111111111111111011001111111111  [251][255][255][179][255]
4975  1111101111111111111111111011001111111111  [251][255][255][179][255]
4976  1111101111111111111111111011001111111111  [251][255][255][179][255]
4977  1111101111111111111111111011001111111111  [251][255][255][179][255]
4978  1111101111111111111111111011001111111111  [251][255][255][179][255]
4979  1111101111111111111111111011001111111111  [251][255][255][179][255]
4980  1111111111111111111111111111111111111111  [255][255][255][255][255]
4981  1111111111111111111111111111111111111111  [255][255][255][255][255]
4982  1111111111111111111111111011001111111111  [255][255][255][179][255]
4983  1111111111111111111111111011001111111111  [255][255][255][179][255]
4984  1111111111111111111111111111111111111111  [255][255][255][255][255]
4985  1111111111111111111111111011001111111111  [255][255][255][179][255]
4986  1111111111111111111111111111111111111111  [255][255][255][255][255]
4987  1111111111111111111111111111111111111111  [255][255][255][255][255]
4988  1111101111111111111111111011001111111111  [251][255][255][179][255]
4989  1111101111111111111111111011001111111111  [251][255][255][179][255]
4990  1111111111111111111111111111111111111111  [255][255][255][255][255]
4991  1111111111111111111111111011001111111111  [255][255][255][179][255]
4992  1111111111111111111111111111111111111111  [255][255][255][255][255]
4993  1111111111111111111111111111111111111111  [255][255][255][255][255]
4994  1111111111111111111111111111111111111111  [255][255][255][255][255]
4995  1111111111111111111111111111111111111111  [255][255][255][255][255]
4996  1111111111111111111111111111111111111111  [255][255][255][255][255]
4997  1111111111111111111111111111111111111111  [255][255][255][255][255]
4998  1111111111111111111111111011001111111111  [255][255][255][179][255]
4999  1111111111111111111111111011001111111111  [255][255][255][179][255]
5000  1111111111111111111111111011001111111111  [255][255][255][179][255]
5001  1111111111111111111111111011001111111111  [255][255][255][179][255]
5002  1111111111111111111111111011001111111111  [255][255][255][179][255]
5003  1111111111111111111111111011001111111111  [255][255][255][179][255]
5004  1111111111111111111111111111111111111111  [255][255][255][255][255]
5005  1111111111111111111111111111111111111111  [255][255][255][255][255]
5006  1111111111111111111111111011001111111111  [255][255][255][179][255]
5007  1111111111111111111111111011001111111111  [255][255][255][179][255]
5008  1111111111111111111111111111111111111111  [255][255][255][255][255]
5009  1111111111111111111111111011001111111111  [255][255][255][179][255]
5010  1111111111111111111111111111111111111111  [255][255][255][255][255]
5011  1111111111111111111111111111111111111111  [255][255][255][255][255]
5012  1111111111111111111111111011001111111111  [255][255][255][179][255]
5013  1111111111111111111111111011001111111111  [255][255][255][179][255]
5014  1111111111111111111111111111111111111111  [255][255][255][255][255]
5015  1111111111111111111111111011001111111111  [255][255][255][179][255]
5016  1111111111111111111111111111111111111111  [255][255][255][255][255]
5017  1111111111111111111111111111111111111111  [255][255][255][255][255]
5018  1111111111111111111111111111111111111111  [255][255][255][255][255]
5019  1111111111111111111111111111111111111111  [255][255][255][255][255]
5020  1111111111111111111111111111111111111111  [255][255][255][255][255]
5021  1111111111111111111111111111111111111111  [255][255][255][255][255]
5022  1111101111111111111111111011001111111111  [251][255][255][179][255]
5023  1111101111111111111111111011001111111111  [251][255][255][179][255]
5024  1111101111111111111111111011001111111111  [251][255][255][179][255]
5025  1111101111111111111111111011001111111111  [251][255][255][179][255]
5026  1111101111111111111111111011001111111111  [251][255][255][179][255]
5027  1111101111111111111111111011001111111111  [251][255][255][179][255]
5028  1111111111111111111111111111111111111111  [255][255][255][255][255]
5029  1111111111111111111111111111111111111111  [255][255][255][255][255]
5030  1111101111111111111111111011001111111111  [251][255][255][179][255]
5031  1111101111111111111111111011001111111111  [251][255][255][179][255]
5032  1111111111111111111111111111111111111111  [255][255][255][255][255]
5033  1111111111111111111111111011001111111111  [255][255][255][179][255]
5034  1111111111111111111111111111111111111111  [255][255][255][255][255]
5035  1111111111111111111111111111111111111111  [255][255][255][255][255]
5036  1111111111111111111111111011001111111111  [255][255][255][179][255]
5037  1111111111111111111111111011001111111111  [255][255][255][179][255]
5038  1111111111111111111111111111111111111111  [255][255][255][255][255]
5039  1111111111111111111111111011001111111111  [255][255][255][179][255]

=== All unique decode results ===
[255][255][255][255][255]  (2100 perms)
ARR[3]R     ( 720 perms)
[251][255][255][179][255]  ( 672 perms)
[255][255][255][179][255]  ( 588 perms)
USR_V       ( 168 perms)
A[223]V[3]V  ( 120 perms)
ERR[3]R     ( 120 perms)
CRR[3]S     ( 120 perms)
U[223]V_V   (  84 perms)
W[223]V_W   (  84 perms)
WSR_W       (  84 perms)
E[223]V[3]V  (  48 perms)
C[223]V[3]W  (  48 perms)
GRR[3]S     (  48 perms)
G[223]V[3]W  (  36 perms)