time_s,freq_hz
0.000000000000000000e+00,0.000000000000000000e+00
2.811791383219955018e-03,0.000000000000000000e+00
5.623582766439908301e-03,0.000000000000000000e+00
8.435374149659865053e-03,0.000000000000000000e+00
1.124716553287981834e-02,0.000000000000000000e+00
1.405895691609977162e-02,0.000000000000000000e+00
1.687074829931972664e-02,0.000000000000000000e+00
1.968253968253968339e-02,0.000000000000000000e+00
2.249433106575963320e-02,0.000000000000000000e+00
2.530612244897958996e-02,0.000000000000000000e+00
2.811791383219954671e-02,0.000000000000000000e+00
3.092970521541949652e-02,0.000000000000000000e+00
3.374149659863945327e-02,0.000000000000000000e+00
3.655328798185941003e-02,2.540917968750000000e+03
3.936507936507935984e-02,2.067187500000000000e+03
4.217687074829931659e-02,6.890625000000000000e+02
4.498866213151927335e-02,6.459960937500000000e+02
4.780045351473923010e-02,6.459960937500000000e+02
5.061224489795917991e-02,6.029296875000000000e+02
5.342403628117912973e-02,6.029296875000000000e+02
5.623582766439909342e-02,8.613281250000000000e+01
5.904761904761904323e-02,1.291992187500000000e+02
6.185941043083900692e-02,1.291992187500000000e+02
6.467120181405895674e-02,1.291992187500000000e+02
6.748299319727890655e-02,1.722656250000000000e+02
7.029478458049887024e-02,1.722656250000000000e+02
7.310657596371882005e-02,1.722656250000000000e+02
7.591836734693876987e-02,2.153320312500000000e+02
7.873015873015873356e-02,1.291992187500000000e+02
8.154195011337868337e-02,1.291992187500000000e+02
8.435374149659863319e-02,1.291992187500000000e+02
8.716553287981859688e-02,1.291992187500000000e+02
8.997732426303854669e-02,1.722656250000000000e+02
9.278911564625849651e-02,1.894921875000000000e+03
9.560090702947846020e-02,1.851855468750000000e+03
9.841269841269841001e-02,1.765722656250000000e+03
1.012244897959183598e-01,1.765722656250000000e+03
1.040362811791383235e-01,1.765722656250000000e+03
1.068480725623582733e-01,1.765722656250000000e+03
1.096598639455782231e-01,1.765722656250000000e+03
1.124716553287981868e-01,1.765722656250000000e+03
1.152834467120181366e-01,1.808789062500000000e+03
1.180952380952381003e-01,3.014648437500000000e+02
1.209070294784580363e-01,1.765722656250000000e+03
1.237188208616780000e-01,1.765722656250000000e+03
1.265306122448979775e-01,1.808789062500000000e+03
1.293424036281179135e-01,1.808789062500000000e+03
1.321541950113378772e-01,8.613281250000000000e+01
1.349659863945578409e-01,8.613281250000000000e+01
1.377777777777777768e-01,8.613281250000000000e+01
1.405895691609977405e-01,1.722656250000000000e+02
1.434013605442177042e-01,1.722656250000000000e+02
1.462131519274376401e-01,1.722656250000000000e+02
1.490249433106576038e-01,1.722656250000000000e+02
1.518367346938775675e-01,1.722656250000000000e+02
1.546485260770975312e-01,1.722656250000000000e+02
1.574603174603174671e-01,1.722656250000000000e+02
1.602721088435374308e-01,1.722656250000000000e+02
1.630839002267573945e-01,2.153320312500000000e+02
1.658956916099773304e-01,2.153320312500000000e+02
1.687074829931972941e-01,2.153320312500000000e+02
1.715192743764172578e-01,1.851855468750000000e+03
1.743310657596371938e-01,8.613281250000000000e+01
1.771428571428571574e-01,8.613281250000000000e+01
1.799546485260771211e-01,8.613281250000000000e+01
1.827664399092970571e-01,8.613281250000000000e+01
1.855782312925170208e-01,8.613281250000000000e+01
1.883900226757369845e-01,8.613281250000000000e+01
1.912018140589569204e-01,1.291992187500000000e+02
1.940136054421768841e-01,1.291992187500000000e+02
1.968253968253968478e-01,1.291992187500000000e+02
1.996371882086167837e-01,1.291992187500000000e+02
2.024489795918367474e-01,1.291992187500000000e+02
2.052607709750567111e-01,1.291992187500000000e+02
2.080725623582766470e-01,1.291992187500000000e+02
2.108843537414966107e-01,1.291992187500000000e+02
2.136961451247165744e-01,1.291992187500000000e+02
2.165079365079365104e-01,1.722656250000000000e+02
2.193197278911564740e-01,1.722656250000000000e+02
2.221315192743764377e-01,1.722656250000000000e+02
2.249433106575963737e-01,1.722656250000000000e+02
2.277551020408163374e-01,1.722656250000000000e+02
2.305668934240363011e-01,1.722656250000000000e+02
2.333786848072562370e-01,1.722656250000000000e+02
2.361904761904762007e-01,1.722656250000000000e+02
2.390022675736961644e-01,1.291992187500000000e+02
2.418140589569161281e-01,1.291992187500000000e+02
2.446258503401360918e-01,1.291992187500000000e+02
2.474376417233559999e-01,1.291992187500000000e+02
2.502494331065759359e-01,1.291992187500000000e+02
2.530612244897958996e-01,8.613281250000000000e+01
2.558730158730158633e-01,2.153320312500000000e+02
2.586848072562358269e-01,2.153320312500000000e+02
2.614965986394557906e-01,2.153320312500000000e+02
2.643083900226756988e-01,1.722656250000000000e+02
2.671201814058956625e-01,4.306640625000000000e+02
2.699319727891156262e-01,4.306640625000000000e+02
2.727437641723355899e-01,3.445312500000000000e+02
2.755555555555555536e-01,3.875976562500000000e+02
2.783673469387755173e-01,3.875976562500000000e+02
2.811791383219954255e-01,3.875976562500000000e+02
2.839909297052153891e-01,4.306640625000000000e+02
2.868027210884353528e-01,4.306640625000000000e+02
2.896145124716553165e-01,8.613281250000000000e+01
2.924263038548752802e-01,8.613281250000000000e+01
2.952380952380952439e-01,8.613281250000000000e+01
2.980498866213151521e-01,8.613281250000000000e+01
3.008616780045351158e-01,1.291992187500000000e+02
3.036734693877550795e-01,1.291992187500000000e+02
3.064852607709750432e-01,1.291992187500000000e+02
3.092970521541950069e-01,1.722656250000000000e+02
3.121088435374149705e-01,1.722656250000000000e+02
3.149206349206348787e-01,1.722656250000000000e+02
3.177324263038548424e-01,8.613281250000000000e+01
3.205442176870748061e-01,8.613281250000000000e+01
3.233560090702947698e-01,1.291992187500000000e+02
3.261678004535147335e-01,1.722656250000000000e+02
3.289795918367346972e-01,1.291992187500000000e+02
3.317913832199546054e-01,1.291992187500000000e+02
3.346031746031745691e-01,1.722656250000000000e+02
3.374149659863945327e-01,1.722656250000000000e+02
3.402267573696144964e-01,1.722656250000000000e+02
3.430385487528344601e-01,1.722656250000000000e+02
3.458503401360544238e-01,1.722656250000000000e+02
3.486621315192743875e-01,1.722656250000000000e+02
3.514739229024942957e-01,1.722656250000000000e+02
3.542857142857142594e-01,1.291992187500000000e+02
3.570975056689342231e-01,1.291992187500000000e+02
3.599092970521541868e-01,1.722656250000000000e+02
3.627210884353741505e-01,2.153320312500000000e+02
3.655328798185941142e-01,2.153320312500000000e+02
3.683446712018140223e-01,3.014648437500000000e+02
3.711564625850339860e-01,6.890625000000000000e+02
3.739682539682539497e-01,6.890625000000000000e+02
3.767800453514739134e-01,6.890625000000000000e+02
3.795918367346938771e-01,6.890625000000000000e+02
3.824036281179138408e-01,6.890625000000000000e+02
3.852154195011337490e-01,6.890625000000000000e+02
3.880272108843537127e-01,6.459960937500000000e+02
3.908390022675736764e-01,6.459960937500000000e+02
3.936507936507936400e-01,6.029296875000000000e+02
3.964625850340136037e-01,5.598632812500000000e+02
3.992743764172335674e-01,5.598632812500000000e+02
4.020861678004534756e-01,5.598632812500000000e+02
4.048979591836734393e-01,5.598632812500000000e+02
4.077097505668934030e-01,5.598632812500000000e+02
4.105215419501133667e-01,5.598632812500000000e+02
4.133333333333333304e-01,5.598632812500000000e+02
4.161451247165532941e-01,5.598632812500000000e+02
4.189569160997732022e-01,5.598632812500000000e+02
4.217687074829931659e-01,5.598632812500000000e+02
4.245804988662131296e-01,5.598632812500000000e+02
4.273922902494330933e-01,2.325585937500000000e+03
4.302040816326530570e-01,2.325585937500000000e+03
4.330158730158730207e-01,2.325585937500000000e+03
4.358276643990929289e-01,2.325585937500000000e+03
4.386394557823128926e-01,2.196386718750000000e+03
4.414512471655328563e-01,2.153320312500000000e+03
4.442630385487528200e-01,2.153320312500000000e+03
4.470748299319727836e-01,2.454785156250000000e+03
4.498866213151927473e-01,2.454785156250000000e+03
4.526984126984126555e-01,2.627050781250000000e+03
4.555102040816326192e-01,2.325585937500000000e+03
4.583219954648525829e-01,2.325585937500000000e+03
4.611337868480725466e-01,2.497851562500000000e+03
4.639455782312925103e-01,2.497851562500000000e+03
4.667573696145124740e-01,2.497851562500000000e+03
4.695691609977324377e-01,2.282519531250000000e+03
4.723809523809523458e-01,2.282519531250000000e+03
4.751927437641723095e-01,2.282519531250000000e+03
4.780045351473922732e-01,2.282519531250000000e+03
4.808163265306122369e-01,2.282519531250000000e+03
4.836281179138322006e-01,2.282519531250000000e+03
4.864399092970521643e-01,2.325585937500000000e+03
4.892517006802721280e-01,2.325585937500000000e+03
4.920634920634920917e-01,2.368652343750000000e+03
4.948752834467120554e-01,2.368652343750000000e+03
4.976870748299319080e-01,2.368652343750000000e+03
5.004988662131518717e-01,2.368652343750000000e+03
5.033106575963718354e-01,2.368652343750000000e+03
5.061224489795917991e-01,2.368652343750000000e+03
5.089342403628117628e-01,2.411718750000000000e+03
5.117460317460317265e-01,2.282519531250000000e+03
5.145578231292516902e-01,5.598632812500000000e+02
5.173696145124716539e-01,5.598632812500000000e+02
5.201814058956916176e-01,5.598632812500000000e+02
5.229931972789115813e-01,5.598632812500000000e+02
5.258049886621315450e-01,6.029296875000000000e+02
5.286167800453515087e-01,5.598632812500000000e+02
5.314285714285713613e-01,5.598632812500000000e+02
5.342403628117913250e-01,5.598632812500000000e+02
5.370521541950112887e-01,5.598632812500000000e+02
5.398639455782312524e-01,5.598632812500000000e+02
5.426757369614512161e-01,8.182617187500000000e+02
5.454875283446711798e-01,8.182617187500000000e+02
5.482993197278911435e-01,8.182617187500000000e+02
5.511111111111111072e-01,8.182617187500000000e+02
5.539229024943310709e-01,2.196386718750000000e+03
5.567346938775510345e-01,2.196386718750000000e+03
5.595464852607709982e-01,2.196386718750000000e+03
5.623582766439909619e-01,2.196386718750000000e+03
5.651700680272108146e-01,2.239453125000000000e+03
5.679818594104307783e-01,2.239453125000000000e+03
5.707936507936507420e-01,2.239453125000000000e+03
5.736054421768707057e-01,8.182617187500000000e+02
5.764172335600906694e-01,8.182617187500000000e+02
5.792290249433106331e-01,1.722656250000000000e+03
5.820408163265305967e-01,1.722656250000000000e+03
5.848526077097505604e-01,1.722656250000000000e+03
5.876643990929705241e-01,1.722656250000000000e+03
5.904761904761904878e-01,1.722656250000000000e+03
5.932879818594104515e-01,1.894921875000000000e+03
5.960997732426304152e-01,1.894921875000000000e+03
5.989115646258503789e-01,2.497851562500000000e+03
6.017233560090702316e-01,2.110253906250000000e+03
6.045351473922901953e-01,1.679589843750000000e+03
6.073469387755101589e-01,1.679589843750000000e+03
6.101587301587301226e-01,1.679589843750000000e+03
6.129705215419500863e-01,1.722656250000000000e+03
6.157823129251700500e-01,1.722656250000000000e+03
6.185941043083900137e-01,1.722656250000000000e+03
6.214058956916099774e-01,1.679589843750000000e+03
6.242176870748299411e-01,1.679589843750000000e+03
6.270294784580499048e-01,1.679589843750000000e+03
6.298412698412698685e-01,1.679589843750000000e+03
6.326530612244898322e-01,1.679589843750000000e+03
6.354648526077096848e-01,1.679589843750000000e+03
6.382766439909296485e-01,1.636523437500000000e+03
6.410884353741496122e-01,1.636523437500000000e+03
6.439002267573695759e-01,1.636523437500000000e+03
6.467120181405895396e-01,1.636523437500000000e+03
6.495238095238095033e-01,1.636523437500000000e+03
6.523356009070294670e-01,1.636523437500000000e+03
6.551473922902494307e-01,1.636523437500000000e+03
6.579591836734693944e-01,1.636523437500000000e+03
6.607709750566893581e-01,1.679589843750000000e+03
6.635827664399093218e-01,1.679589843750000000e+03
6.663945578231292854e-01,1.636523437500000000e+03
6.692063492063491381e-01,1.636523437500000000e+03
6.720181405895691018e-01,1.636523437500000000e+03
6.748299319727890655e-01,1.636523437500000000e+03
6.776417233560090292e-01,1.636523437500000000e+03
6.804535147392289929e-01,1.636523437500000000e+03
6.832653061224489566e-01,1.722656250000000000e+03
6.860770975056689203e-01,1.722656250000000000e+03
6.888888888888888840e-01,1.765722656250000000e+03
6.917006802721088476e-01,1.765722656250000000e+03
6.945124716553288113e-01,1.765722656250000000e+03
6.973242630385487750e-01,1.765722656250000000e+03
7.001360544217687387e-01,1.765722656250000000e+03
7.029478458049885914e-01,1.636523437500000000e+03
7.057596371882085551e-01,1.679589843750000000e+03
7.085714285714285188e-01,1.894921875000000000e+03
7.113832199546484825e-01,1.894921875000000000e+03
7.141950113378684462e-01,1.851855468750000000e+03
7.170068027210884098e-01,1.851855468750000000e+03
7.198185941043083735e-01,1.851855468750000000e+03
7.226303854875283372e-01,1.894921875000000000e+03
7.254421768707483009e-01,1.894921875000000000e+03
7.282539682539682646e-01,1.894921875000000000e+03
7.310657596371882283e-01,1.894921875000000000e+03
7.338775510204081920e-01,1.894921875000000000e+03
7.366893424036281557e-01,1.894921875000000000e+03
7.395011337868480084e-01,1.894921875000000000e+03
7.423129251700679720e-01,1.894921875000000000e+03
7.451247165532879357e-01,1.894921875000000000e+03
7.479365079365078994e-01,1.894921875000000000e+03
7.507482993197278631e-01,1.894921875000000000e+03
7.535600907029478268e-01,1.894921875000000000e+03
7.563718820861677905e-01,1.894921875000000000e+03
7.591836734693877542e-01,1.851855468750000000e+03
7.619954648526077179e-01,2.196386718750000000e+03
7.648072562358276816e-01,2.196386718750000000e+03
7.676190476190476453e-01,2.196386718750000000e+03
7.704308390022676090e-01,2.067187500000000000e+03
7.732426303854874616e-01,2.067187500000000000e+03
7.760544217687074253e-01,2.325585937500000000e+03
7.788662131519273890e-01,2.368652343750000000e+03
7.816780045351473527e-01,2.110253906250000000e+03
7.844897959183673164e-01,2.110253906250000000e+03
7.873015873015872801e-01,2.110253906250000000e+03
7.901133786848072438e-01,2.110253906250000000e+03
7.929251700680272075e-01,2.110253906250000000e+03
7.957369614512471712e-01,2.110253906250000000e+03
7.985487528344671349e-01,2.110253906250000000e+03
8.013605442176870985e-01,2.067187500000000000e+03
8.041723356009070622e-01,2.067187500000000000e+03
8.069841269841269149e-01,2.110253906250000000e+03
8.097959183673468786e-01,2.110253906250000000e+03
8.126077097505668423e-01,2.239453125000000000e+03
8.154195011337868060e-01,2.239453125000000000e+03
8.182312925170067697e-01,2.196386718750000000e+03
8.210430839002267334e-01,2.067187500000000000e+03
8.238548752834466971e-01,2.110253906250000000e+03
8.266666666666666607e-01,2.110253906250000000e+03
8.294784580498866244e-01,2.110253906250000000e+03
8.322902494331065881e-01,2.110253906250000000e+03
8.351020408163265518e-01,2.110253906250000000e+03
8.379138321995465155e-01,1.851855468750000000e+03
8.407256235827664792e-01,1.851855468750000000e+03
8.435374149659863319e-01,1.851855468750000000e+03
8.463492063492062956e-01,1.851855468750000000e+03
8.491609977324262593e-01,1.851855468750000000e+03
8.519727891156462229e-01,1.851855468750000000e+03
8.547845804988661866e-01,1.851855468750000000e+03
8.575963718820861503e-01,1.851855468750000000e+03
8.604081632653061140e-01,1.894921875000000000e+03
8.632199546485260777e-01,1.894921875000000000e+03
8.660317460317460414e-01,1.894921875000000000e+03
8.688435374149660051e-01,1.894921875000000000e+03
8.716553287981859688e-01,1.937988281250000000e+03
8.744671201814059325e-01,1.937988281250000000e+03
8.772789115646257851e-01,1.937988281250000000e+03
8.800907029478457488e-01,1.937988281250000000e+03
8.829024943310657125e-01,1.937988281250000000e+03
8.857142857142856762e-01,1.722656250000000000e+03
8.885260770975056399e-01,1.722656250000000000e+03
8.913378684807256036e-01,1.722656250000000000e+03
8.941496598639455673e-01,1.722656250000000000e+03
8.969614512471655310e-01,1.679589843750000000e+03
8.997732426303854947e-01,1.679589843750000000e+03
9.025850340136054584e-01,1.679589843750000000e+03
9.053968253968254221e-01,9.603808593750000000e+03
9.082086167800453858e-01,9.603808593750000000e+03
9.110204081632652384e-01,9.603808593750000000e+03
9.138321995464852021e-01,9.173144531250000000e+03
9.166439909297051658e-01,9.173144531250000000e+03
9.194557823129251295e-01,9.173144531250000000e+03
9.222675736961450932e-01,9.431542968750000000e+03
9.250793650793650569e-01,8.871679687500000000e+03
9.278911564625850206e-01,8.871679687500000000e+03
9.307029478458049843e-01,8.871679687500000000e+03
9.335147392290249480e-01,8.871679687500000000e+03
9.363265306122449116e-01,8.871679687500000000e+03
9.391383219954648753e-01,9.000878906250000000e+03
9.419501133786848390e-01,8.699414062500000000e+03
9.447619047619046917e-01,8.699414062500000000e+03
9.475736961451246554e-01,8.699414062500000000e+03
9.503854875283446191e-01,8.699414062500000000e+03
9.531972789115645828e-01,8.699414062500000000e+03
9.560090702947845465e-01,8.957812500000000000e+03
9.588208616780045102e-01,8.914746093750000000e+03
9.616326530612244738e-01,8.914746093750000000e+03
9.644444444444444375e-01,8.914746093750000000e+03
9.672562358276644012e-01,9.173144531250000000e+03
9.700680272108843649e-01,1.080966796875000000e+04
9.728798185941043286e-01,1.080966796875000000e+04
9.756916099773242923e-01,1.080966796875000000e+04
9.785034013605442560e-01,1.042207031250000000e+04
9.813151927437641087e-01,1.029287109375000000e+04
9.841269841269840724e-01,1.029287109375000000e+04
9.869387755102040360e-01,1.029287109375000000e+04
9.897505668934241108e-01,1.037900390625000000e+04
9.925623582766440745e-01,1.042207031250000000e+04
9.953741496598640381e-01,1.033593750000000000e+04
9.981859410430837798e-01,1.111113281250000000e+04
1.000997732426303743e+00,1.111113281250000000e+04
1.003809523809523707e+00,1.106806640625000000e+04
1.006621315192743671e+00,1.042207031250000000e+04
1.009433106575963635e+00,1.042207031250000000e+04
1.012244897959183598e+00,1.037900390625000000e+04
1.015056689342403562e+00,1.037900390625000000e+04
1.017868480725623526e+00,1.033593750000000000e+04
1.020680272108843489e+00,2.024121093750000000e+03
1.023492063492063453e+00,2.024121093750000000e+03
1.026303854875283417e+00,2.024121093750000000e+03
1.029115646258503380e+00,2.067187500000000000e+03
1.031927437641723344e+00,1.937988281250000000e+03
1.034739229024943308e+00,1.937988281250000000e+03
1.037551020408163271e+00,1.937988281250000000e+03
1.040362811791383235e+00,1.937988281250000000e+03
1.043174603174603199e+00,2.282519531250000000e+03
1.045986394557823163e+00,2.282519531250000000e+03
1.048798185941043126e+00,2.196386718750000000e+03
1.051609977324263090e+00,2.153320312500000000e+03
1.054421768707483054e+00,2.196386718750000000e+03
1.057233560090703017e+00,2.067187500000000000e+03
1.060045351473922981e+00,2.067187500000000000e+03
1.062857142857142945e+00,2.627050781250000000e+03
1.065668934240362686e+00,2.627050781250000000e+03
1.068480725623582650e+00,2.627050781250000000e+03
1.071292517006802614e+00,2.583984375000000000e+03
1.074104308390022577e+00,2.583984375000000000e+03
1.076916099773242541e+00,2.540917968750000000e+03
1.079727891156462505e+00,2.368652343750000000e+03
1.082539682539682468e+00,2.583984375000000000e+03
1.085351473922902432e+00,2.583984375000000000e+03
1.088163265306122396e+00,2.627050781250000000e+03
1.090975056689342360e+00,2.627050781250000000e+03
1.093786848072562323e+00,2.583984375000000000e+03
1.096598639455782287e+00,2.583984375000000000e+03
1.099410430839002251e+00,1.765722656250000000e+03
1.102222222222222214e+00,2.067187500000000000e+03
1.105034013605442178e+00,2.067187500000000000e+03
1.107845804988662142e+00,1.808789062500000000e+03
1.110657596371882105e+00,1.636523437500000000e+03
1.113469387755102069e+00,1.636523437500000000e+03
1.116281179138322033e+00,1.636523437500000000e+03
1.119092970521541996e+00,1.722656250000000000e+03
1.121904761904761960e+00,1.722656250000000000e+03
1.124716553287981924e+00,1.722656250000000000e+03
1.127528344671201888e+00,1.722656250000000000e+03
1.130340136054421851e+00,1.722656250000000000e+03
1.133151927437641815e+00,1.722656250000000000e+03
1.135963718820861557e+00,1.722656250000000000e+03
1.138775510204081520e+00,1.722656250000000000e+03
1.141587301587301484e+00,1.722656250000000000e+03
1.144399092970521448e+00,1.722656250000000000e+03
1.147210884353741411e+00,1.722656250000000000e+03
1.150022675736961375e+00,1.808789062500000000e+03
1.152834467120181339e+00,1.722656250000000000e+03
1.155646258503401302e+00,1.722656250000000000e+03
1.158458049886621266e+00,1.679589843750000000e+03
1.161269841269841230e+00,1.636523437500000000e+03
1.164081632653061193e+00,1.636523437500000000e+03
1.166893424036281157e+00,1.593457031250000000e+03
1.169705215419501121e+00,1.593457031250000000e+03
1.172517006802721085e+00,1.636523437500000000e+03
1.175328798185941048e+00,1.636523437500000000e+03
1.178140589569161012e+00,1.636523437500000000e+03
1.180952380952380976e+00,1.636523437500000000e+03
1.183764172335600939e+00,1.636523437500000000e+03
1.186575963718820903e+00,1.636523437500000000e+03
1.189387755102040867e+00,1.679589843750000000e+03
1.192199546485260830e+00,1.679589843750000000e+03
1.195011337868480794e+00,1.679589843750000000e+03
1.197823129251700758e+00,1.679589843750000000e+03
1.200634920634920721e+00,1.679589843750000000e+03
1.203446712018140463e+00,1.679589843750000000e+03
1.206258503401360427e+00,1.679589843750000000e+03
1.209070294784580391e+00,1.593457031250000000e+03
1.211882086167800354e+00,1.593457031250000000e+03
1.214693877551020318e+00,1.593457031250000000e+03
1.217505668934240282e+00,1.636523437500000000e+03
1.220317460317460245e+00,1.636523437500000000e+03
1.223129251700680209e+00,1.636523437500000000e+03
1.225941043083900173e+00,1.636523437500000000e+03
1.228752834467120136e+00,1.636523437500000000e+03
1.231564625850340100e+00,1.636523437500000000e+03
1.234376417233560064e+00,1.636523437500000000e+03
1.237188208616780027e+00,1.636523437500000000e+03
1.239999999999999991e+00,1.593457031250000000e+03
1.242811791383219955e+00,1.593457031250000000e+03
1.245623582766439919e+00,1.550390625000000000e+03
1.248435374149659882e+00,1.550390625000000000e+03
1.251247165532879846e+00,1.507324218750000000e+03
1.254058956916099810e+00,1.507324218750000000e+03
1.256870748299319773e+00,1.507324218750000000e+03
1.259682539682539737e+00,1.550390625000000000e+03
1.262494331065759701e+00,1.722656250000000000e+03
1.265306122448979664e+00,1.765722656250000000e+03
1.268117913832199628e+00,1.765722656250000000e+03
1.270929705215419592e+00,1.765722656250000000e+03
1.273741496598639333e+00,1.765722656250000000e+03
1.276553287981859297e+00,1.765722656250000000e+03
1.279365079365079261e+00,1.765722656250000000e+03
1.282176870748299224e+00,1.765722656250000000e+03
1.284988662131519188e+00,1.765722656250000000e+03
1.287800453514739152e+00,1.679589843750000000e+03
1.290612244897959116e+00,1.679589843750000000e+03
1.293424036281179079e+00,1.679589843750000000e+03
1.296235827664399043e+00,1.679589843750000000e+03
1.299047619047619007e+00,1.679589843750000000e+03
1.301859410430838970e+00,2.799316406250000000e+03
1.304671201814058934e+00,2.756250000000000000e+03
1.307482993197278898e+00,2.756250000000000000e+03
1.310294784580498861e+00,2.756250000000000000e+03
1.313106575963718825e+00,1.679589843750000000e+03
1.315918367346938789e+00,1.679589843750000000e+03
1.318730158730158752e+00,1.636523437500000000e+03
1.321541950113378716e+00,1.636523437500000000e+03
1.324353741496598680e+00,1.636523437500000000e+03
1.327165532879818644e+00,1.636523437500000000e+03
1.329977324263038607e+00,1.679589843750000000e+03
1.332789115646258571e+00,1.679589843750000000e+03
1.335600907029478535e+00,1.679589843750000000e+03
1.338412698412698498e+00,1.679589843750000000e+03
1.341224489795918462e+00,1.679589843750000000e+03
1.344036281179138204e+00,1.679589843750000000e+03
1.346848072562358167e+00,1.679589843750000000e+03
1.349659863945578131e+00,1.679589843750000000e+03
1.352471655328798095e+00,1.636523437500000000e+03
1.355283446712018058e+00,1.636523437500000000e+03
1.358095238095238022e+00,1.636523437500000000e+03
1.360907029478457986e+00,1.636523437500000000e+03
1.363718820861677949e+00,1.636523437500000000e+03
1.366530612244897913e+00,1.636523437500000000e+03
1.369342403628117877e+00,1.593457031250000000e+03
1.372154195011337841e+00,1.679589843750000000e+03
1.374965986394557804e+00,1.550390625000000000e+03
1.377777777777777768e+00,1.808789062500000000e+03
1.380589569160997732e+00,1.636523437500000000e+03
1.383401360544217695e+00,1.679589843750000000e+03
1.386213151927437659e+00,1.679589843750000000e+03
1.389024943310657623e+00,1.679589843750000000e+03
1.391836734693877586e+00,1.679589843750000000e+03
1.394648526077097550e+00,1.722656250000000000e+03
1.397460317460317514e+00,1.765722656250000000e+03
1.400272108843537477e+00,1.765722656250000000e+03
1.403083900226757441e+00,1.808789062500000000e+03
1.405895691609977405e+00,1.808789062500000000e+03
1.408707482993197369e+00,2.799316406250000000e+03
1.411519274376417110e+00,1.722656250000000000e+03
1.414331065759637074e+00,1.679589843750000000e+03
1.417142857142857038e+00,1.679589843750000000e+03
1.419954648526077001e+00,1.679589843750000000e+03
1.422766439909296965e+00,1.636523437500000000e+03
1.425578231292516929e+00,1.636523437500000000e+03
1.428390022675736892e+00,1.722656250000000000e+03
1.431201814058956856e+00,2.368652343750000000e+03
1.434013605442176820e+00,2.325585937500000000e+03
1.436825396825396783e+00,2.196386718750000000e+03
1.439637188208616747e+00,2.196386718750000000e+03
1.442448979591836711e+00,2.153320312500000000e+03
1.445260770975056674e+00,2.196386718750000000e+03
1.448072562358276638e+00,2.454785156250000000e+03
1.450884353741496602e+00,2.497851562500000000e+03
1.453696145124716566e+00,2.497851562500000000e+03
1.456507936507936529e+00,2.196386718750000000e+03
1.459319727891156493e+00,2.325585937500000000e+03
1.462131519274376457e+00,2.497851562500000000e+03
1.464943310657596420e+00,2.497851562500000000e+03
1.467755102040816384e+00,2.497851562500000000e+03
1.470566893424036348e+00,2.282519531250000000e+03
1.473378684807256311e+00,2.282519531250000000e+03
1.476190476190476275e+00,2.282519531250000000e+03
1.479002267573696239e+00,2.282519531250000000e+03
1.481814058956915980e+00,2.282519531250000000e+03
1.484625850340135944e+00,2.282519531250000000e+03
1.487437641723355908e+00,2.325585937500000000e+03
1.490249433106575871e+00,2.325585937500000000e+03
1.493061224489795835e+00,2.368652343750000000e+03
1.495873015873015799e+00,2.368652343750000000e+03
1.498684807256235763e+00,2.368652343750000000e+03
1.501496598639455726e+00,2.368652343750000000e+03
1.504308390022675690e+00,2.368652343750000000e+03
1.507120181405895654e+00,2.368652343750000000e+03
1.509931972789115617e+00,1.636523437500000000e+03
1.512743764172335581e+00,1.636523437500000000e+03
1.515555555555555545e+00,1.636523437500000000e+03
1.518367346938775508e+00,1.636523437500000000e+03
1.521179138321995472e+00,1.636523437500000000e+03
1.523990929705215436e+00,1.636523437500000000e+03
1.526802721088435399e+00,1.636523437500000000e+03
1.529614512471655363e+00,1.636523437500000000e+03
1.532426303854875327e+00,1.593457031250000000e+03
1.535238095238095291e+00,1.593457031250000000e+03
1.538049886621315254e+00,1.593457031250000000e+03
1.540861678004535218e+00,1.593457031250000000e+03
1.543673469387755182e+00,1.593457031250000000e+03
1.546485260770975145e+00,1.593457031250000000e+03
1.549297052154194887e+00,2.196386718750000000e+03
1.552108843537414851e+00,2.196386718750000000e+03
1.554920634920634814e+00,2.196386718750000000e+03
1.557732426303854778e+00,2.196386718750000000e+03
1.560544217687074742e+00,2.196386718750000000e+03
1.563356009070294705e+00,2.239453125000000000e+03
1.566167800453514669e+00,2.239453125000000000e+03
1.568979591836734633e+00,2.239453125000000000e+03
1.571791383219954596e+00,2.282519531250000000e+03
1.574603174603174560e+00,2.282519531250000000e+03
1.577414965986394524e+00,1.722656250000000000e+03
1.580226757369614488e+00,1.722656250000000000e+03
1.583038548752834451e+00,1.722656250000000000e+03
1.585850340136054415e+00,1.722656250000000000e+03
1.588662131519274379e+00,1.722656250000000000e+03
1.591473922902494342e+00,1.722656250000000000e+03
1.594285714285714306e+00,1.894921875000000000e+03
1.597097505668934270e+00,2.497851562500000000e+03
1.599909297052154233e+00,2.497851562500000000e+03
1.602721088435374197e+00,1.679589843750000000e+03
1.605532879818594161e+00,1.679589843750000000e+03
1.608344671201814124e+00,1.679589843750000000e+03
1.611156462585034088e+00,1.722656250000000000e+03
1.613968253968254052e+00,1.722656250000000000e+03
1.616780045351474016e+00,1.722656250000000000e+03
1.619591836734693757e+00,1.722656250000000000e+03
1.622403628117913721e+00,1.679589843750000000e+03
1.625215419501133685e+00,1.679589843750000000e+03
1.628027210884353648e+00,1.679589843750000000e+03
1.630839002267573612e+00,1.679589843750000000e+03
1.633650793650793576e+00,1.679589843750000000e+03
1.636462585034013539e+00,1.679589843750000000e+03
1.639274376417233503e+00,1.636523437500000000e+03
1.642086167800453467e+00,1.636523437500000000e+03
1.644897959183673430e+00,1.636523437500000000e+03
1.647709750566893394e+00,1.636523437500000000e+03
1.650521541950113358e+00,1.636523437500000000e+03
1.653333333333333321e+00,1.636523437500000000e+03
1.656145124716553285e+00,1.636523437500000000e+03
1.658956916099773249e+00,1.636523437500000000e+03
1.661768707482993213e+00,1.679589843750000000e+03
1.664580498866213176e+00,1.636523437500000000e+03
1.667392290249433140e+00,1.636523437500000000e+03
1.670204081632653104e+00,1.636523437500000000e+03
1.673015873015873067e+00,1.636523437500000000e+03
1.675827664399093031e+00,1.636523437500000000e+03
1.678639455782312995e+00,1.636523437500000000e+03
1.681451247165532958e+00,1.636523437500000000e+03
1.684263038548752922e+00,1.722656250000000000e+03
1.687074829931972664e+00,2.153320312500000000e+02
1.689886621315192627e+00,1.765722656250000000e+03
1.692698412698412591e+00,1.765722656250000000e+03
1.695510204081632555e+00,1.765722656250000000e+03
1.698321995464852519e+00,2.583984375000000000e+02
1.701133786848072482e+00,1.636523437500000000e+03
1.703945578231292446e+00,1.636523437500000000e+03
1.706757369614512410e+00,1.636523437500000000e+03
1.709569160997732373e+00,1.636523437500000000e+03
1.712380952380952337e+00,1.636523437500000000e+03
1.715192743764172301e+00,1.851855468750000000e+03
1.718004535147392264e+00,1.851855468750000000e+03
1.720816326530612228e+00,1.894921875000000000e+03
1.723628117913832192e+00,1.894921875000000000e+03
1.726439909297052155e+00,1.894921875000000000e+03
1.729251700680272119e+00,1.894921875000000000e+03
1.732063492063492083e+00,1.894921875000000000e+03
1.734875283446712046e+00,1.894921875000000000e+03
1.737687074829932010e+00,1.894921875000000000e+03
1.740498866213151974e+00,1.894921875000000000e+03
1.743310657596371938e+00,1.894921875000000000e+03
1.746122448979591901e+00,1.248925781250000000e+03
1.748934240362811865e+00,1.248925781250000000e+03
1.751746031746031829e+00,1.248925781250000000e+03
1.754557823129251792e+00,1.464257812500000000e+03
1.757369614512471534e+00,1.464257812500000000e+03
1.760181405895691498e+00,1.507324218750000000e+03
1.762993197278911461e+00,1.550390625000000000e+03
1.765804988662131425e+00,1.550390625000000000e+03
1.768616780045351389e+00,1.464257812500000000e+03
1.771428571428571352e+00,1.722656250000000000e+03
1.774240362811791316e+00,1.679589843750000000e+03
1.777052154195011280e+00,1.679589843750000000e+03
1.779863945578231244e+00,1.679589843750000000e+03
1.782675736961451207e+00,1.679589843750000000e+03
1.785487528344671171e+00,1.722656250000000000e+03
1.788299319727891135e+00,1.722656250000000000e+03
1.791111111111111098e+00,1.722656250000000000e+03
1.793922902494331062e+00,1.722656250000000000e+03
1.796734693877551026e+00,1.894921875000000000e+03
1.799546485260770989e+00,1.894921875000000000e+03
1.802358276643990953e+00,1.851855468750000000e+03
1.805170068027210917e+00,1.851855468750000000e+03
1.807981859410430880e+00,1.851855468750000000e+03
1.810793650793650844e+00,1.808789062500000000e+03
1.813605442176870808e+00,1.981054687500000000e+03
1.816417233560090772e+00,1.981054687500000000e+03
1.819229024943310735e+00,2.067187500000000000e+03
1.822040816326530699e+00,2.067187500000000000e+03
1.824852607709750441e+00,2.067187500000000000e+03
1.827664399092970404e+00,2.067187500000000000e+03
1.830476190476190368e+00,2.239453125000000000e+03
1.833287981859410332e+00,2.411718750000000000e+03
1.836099773242630295e+00,2.411718750000000000e+03
1.838911564625850259e+00,2.239453125000000000e+03
1.841723356009070223e+00,2.239453125000000000e+03
1.844535147392290186e+00,2.239453125000000000e+03
1.847346938775510150e+00,2.239453125000000000e+03
1.850158730158730114e+00,2.282519531250000000e+03
1.852970521541950077e+00,2.282519531250000000e+03
1.855782312925170041e+00,2.239453125000000000e+03
1.858594104308390005e+00,2.239453125000000000e+03
1.861405895691609969e+00,2.239453125000000000e+03
1.864217687074829932e+00,2.239453125000000000e+03
1.867029478458049896e+00,2.239453125000000000e+03
1.869841269841269860e+00,2.239453125000000000e+03
1.872653061224489823e+00,2.239453125000000000e+03
1.875464852607709787e+00,2.239453125000000000e+03
1.878276643990929751e+00,2.239453125000000000e+03
1.881088435374149714e+00,2.239453125000000000e+03
1.883900226757369678e+00,2.497851562500000000e+03
1.886712018140589642e+00,2.497851562500000000e+03
1.889523809523809605e+00,2.497851562500000000e+03
1.892335600907029569e+00,2.153320312500000000e+02
1.895147392290249311e+00,2.153320312500000000e+02
1.897959183673469274e+00,2.153320312500000000e+02
1.900770975056689238e+00,2.153320312500000000e+02
1.903582766439909202e+00,2.153320312500000000e+02
1.906394557823129166e+00,2.583984375000000000e+03
1.909206349206349129e+00,2.153320312500000000e+02
1.912018140589569093e+00,2.153320312500000000e+02
1.914829931972789057e+00,2.153320312500000000e+02
1.917641723356009020e+00,2.153320312500000000e+02
1.920453514739228984e+00,2.153320312500000000e+02
1.923265306122448948e+00,2.153320312500000000e+02
1.926077097505668911e+00,2.153320312500000000e+02
1.928888888888888875e+00,2.282519531250000000e+03
1.931700680272108839e+00,2.282519531250000000e+03
1.934512471655328802e+00,2.282519531250000000e+03
1.937324263038548766e+00,2.282519531250000000e+03
1.940136054421768730e+00,2.282519531250000000e+03
1.942947845804988694e+00,2.282519531250000000e+03
1.945759637188208657e+00,2.282519531250000000e+03
1.948571428571428621e+00,2.282519531250000000e+03
1.951383219954648585e+00,2.282519531250000000e+03
1.954195011337868548e+00,2.282519531250000000e+03
1.957006802721088512e+00,2.282519531250000000e+03
1.959818594104308476e+00,2.325585937500000000e+03
1.962630385487528439e+00,2.540917968750000000e+03
1.965442176870748181e+00,2.540917968750000000e+03
1.968253968253968145e+00,2.497851562500000000e+03
1.971065759637188108e+00,2.497851562500000000e+03
1.973877551020408072e+00,2.454785156250000000e+03
1.976689342403628036e+00,2.454785156250000000e+03
1.979501133786847999e+00,2.454785156250000000e+03
1.982312925170067963e+00,2.454785156250000000e+03
1.985124716553287927e+00,2.454785156250000000e+03
1.987936507936507891e+00,2.454785156250000000e+03
1.990748299319727854e+00,2.454785156250000000e+03
1.993560090702948040e+00,2.454785156250000000e+03
1.996371882086167782e+00,2.454785156250000000e+03
1.999183673469387523e+00,2.497851562500000000e+03
2.001995464852607931e+00,2.497851562500000000e+03
2.004807256235827673e+00,2.497851562500000000e+03
2.007619047619047858e+00,2.497851562500000000e+03
2.010430839002267600e+00,2.497851562500000000e+03
2.013242630385487786e+00,2.497851562500000000e+03
2.016054421768707527e+00,2.497851562500000000e+03
2.018866213151927713e+00,2.497851562500000000e+03
2.021678004535147455e+00,2.497851562500000000e+03
2.024489795918367641e+00,2.497851562500000000e+03
2.027301587301587382e+00,2.497851562500000000e+03
2.030113378684807568e+00,2.282519531250000000e+03
2.032925170068027310e+00,2.282519531250000000e+03
2.035736961451247495e+00,2.282519531250000000e+03
2.038548752834467237e+00,2.282519531250000000e+03
2.041360544217687423e+00,2.282519531250000000e+03
2.044172335600907164e+00,2.282519531250000000e+03
2.046984126984127350e+00,2.325585937500000000e+03
2.049795918367347092e+00,2.325585937500000000e+03
2.052607709750567277e+00,2.325585937500000000e+03
2.055419501133787019e+00,2.325585937500000000e+03
2.058231292517007205e+00,2.282519531250000000e+03
2.061043083900226947e+00,2.282519531250000000e+03
2.063854875283447132e+00,2.282519531250000000e+03
2.066666666666666874e+00,2.282519531250000000e+03
2.069478458049886616e+00,2.282519531250000000e+03
2.072290249433106801e+00,2.282519531250000000e+03
2.075102040816326543e+00,2.583984375000000000e+02
2.077913832199546729e+00,2.583984375000000000e+02
2.080725623582766470e+00,2.583984375000000000e+02
2.083537414965986656e+00,2.583984375000000000e+02
2.086349206349206398e+00,2.583984375000000000e+02
2.089160997732426583e+00,2.583984375000000000e+02
2.091972789115646325e+00,2.583984375000000000e+02
2.094784580498866511e+00,2.583984375000000000e+02
2.097596371882086252e+00,2.583984375000000000e+02
2.100408163265306438e+00,2.583984375000000000e+02
2.103219954648526180e+00,2.583984375000000000e+02
2.106031746031746366e+00,2.583984375000000000e+02
2.108843537414966107e+00,2.583984375000000000e+02
2.111655328798186293e+00,2.583984375000000000e+02
2.114467120181406035e+00,2.583984375000000000e+02
2.117278911564626220e+00,2.583984375000000000e+02
2.120090702947845962e+00,2.583984375000000000e+02
2.122902494331066148e+00,2.583984375000000000e+02
2.125714285714285889e+00,2.583984375000000000e+02
2.128526077097506075e+00,2.583984375000000000e+02
2.131337868480725817e+00,1.550390625000000000e+03
2.134149659863946003e+00,1.765722656250000000e+03
2.136961451247165744e+00,1.765722656250000000e+03
2.139773242630385486e+00,1.765722656250000000e+03
2.142585034013605672e+00,1.808789062500000000e+03
2.145396825396825413e+00,1.808789062500000000e+03
2.148208616780045599e+00,1.808789062500000000e+03
2.151020408163265341e+00,1.765722656250000000e+03
2.153832199546485526e+00,1.765722656250000000e+03
2.156643990929705268e+00,1.765722656250000000e+03
2.159455782312925454e+00,2.024121093750000000e+03
2.162267573696145195e+00,2.024121093750000000e+03
2.165079365079365381e+00,2.024121093750000000e+03
2.167891156462585123e+00,2.024121093750000000e+03
2.170702947845805308e+00,1.765722656250000000e+03
2.173514739229025050e+00,1.765722656250000000e+03
2.176326530612245236e+00,1.808789062500000000e+03
2.179138321995464977e+00,1.808789062500000000e+03
2.181950113378685163e+00,1.808789062500000000e+03
2.184761904761904905e+00,1.808789062500000000e+03
2.187573696145125091e+00,1.851855468750000000e+03
2.190385487528344832e+00,1.851855468750000000e+03
2.193197278911565018e+00,1.851855468750000000e+03
2.196009070294784760e+00,1.851855468750000000e+03
2.198820861678004945e+00,1.851855468750000000e+03
2.201632653061224687e+00,1.851855468750000000e+03
2.204444444444444429e+00,1.851855468750000000e+03
2.207256235827664614e+00,1.851855468750000000e+03
2.210068027210884356e+00,1.851855468750000000e+03
2.212879818594104542e+00,1.851855468750000000e+03
2.215691609977324283e+00,1.851855468750000000e+03
2.218503401360544469e+00,1.851855468750000000e+03
2.221315192743764211e+00,1.894921875000000000e+03
2.224126984126984397e+00,1.894921875000000000e+03
2.226938775510204138e+00,1.636523437500000000e+03
2.229750566893424324e+00,1.722656250000000000e+03
2.232562358276644066e+00,1.636523437500000000e+03
2.235374149659864251e+00,1.636523437500000000e+03
2.238185941043083993e+00,1.679589843750000000e+03
2.240997732426304179e+00,1.679589843750000000e+03
2.243809523809523920e+00,1.679589843750000000e+03
2.246621315192744106e+00,1.679589843750000000e+03
2.249433106575963848e+00,1.679589843750000000e+03
2.252244897959184033e+00,1.679589843750000000e+03
2.255056689342403775e+00,1.679589843750000000e+03
2.257868480725623961e+00,1.679589843750000000e+03
2.260680272108843702e+00,1.679589843750000000e+03
2.263492063492063888e+00,1.679589843750000000e+03
2.266303854875283630e+00,1.679589843750000000e+03
2.269115646258503816e+00,1.679589843750000000e+03
2.271927437641723557e+00,1.636523437500000000e+03
2.274739229024943299e+00,1.636523437500000000e+03
2.277551020408163485e+00,1.636523437500000000e+03
2.280362811791383226e+00,1.636523437500000000e+03
2.283174603174603412e+00,1.636523437500000000e+03
2.285986394557823154e+00,1.679589843750000000e+03
2.288798185941043339e+00,1.593457031250000000e+03
2.291609977324263081e+00,1.593457031250000000e+03
2.294421768707483267e+00,1.550390625000000000e+03
2.297233560090703008e+00,1.550390625000000000e+03
2.300045351473923194e+00,1.550390625000000000e+03
2.302857142857142936e+00,1.550390625000000000e+03
2.305668934240363122e+00,1.550390625000000000e+03
2.308480725623582863e+00,1.550390625000000000e+03
2.311292517006803049e+00,1.550390625000000000e+03
2.314104308390022791e+00,8.785546875000000000e+03
2.316916099773242976e+00,8.742480468750000000e+03
2.319727891156462718e+00,2.583984375000000000e+02
2.322539682539682904e+00,2.583984375000000000e+02
2.325351473922902645e+00,2.583984375000000000e+02
2.328163265306122831e+00,2.153320312500000000e+02
2.330975056689342573e+00,2.153320312500000000e+02
2.333786848072562758e+00,5.167968750000000000e+02
2.336598639455782500e+00,1.722656250000000000e+03
2.339410430839002686e+00,5.598632812500000000e+02
2.342222222222222427e+00,5.598632812500000000e+02
2.345034013605442169e+00,6.029296875000000000e+02
2.347845804988662355e+00,6.029296875000000000e+02
2.350657596371882097e+00,6.459960937500000000e+02
2.353469387755102282e+00,6.459960937500000000e+02
2.356281179138322024e+00,6.459960937500000000e+02
2.359092970521542210e+00,6.459960937500000000e+02
2.361904761904761951e+00,1.593457031250000000e+03
2.364716553287982137e+00,1.593457031250000000e+03
2.367528344671201879e+00,1.593457031250000000e+03
2.370340136054422064e+00,1.550390625000000000e+03
2.373151927437641806e+00,1.550390625000000000e+03
2.375963718820861992e+00,1.550390625000000000e+03
2.378775510204081733e+00,1.593457031250000000e+03
2.381587301587301919e+00,1.593457031250000000e+03
2.384399092970521661e+00,1.593457031250000000e+03
2.387210884353741847e+00,1.593457031250000000e+03
2.390022675736961588e+00,1.593457031250000000e+03
2.392834467120181774e+00,1.593457031250000000e+03
2.395646258503401516e+00,1.593457031250000000e+03
2.398458049886621701e+00,1.636523437500000000e+03
2.401269841269841443e+00,1.636523437500000000e+03
2.404081632653061629e+00,1.636523437500000000e+03
2.406893424036281370e+00,1.679589843750000000e+03
2.409705215419501556e+00,1.679589843750000000e+03
2.412517006802721298e+00,1.636523437500000000e+03
2.415328798185941039e+00,1.636523437500000000e+03
2.418140589569161225e+00,1.894921875000000000e+03
2.420952380952380967e+00,1.894921875000000000e+03
2.423764172335601152e+00,1.981054687500000000e+03
2.426575963718820894e+00,1.981054687500000000e+03
2.429387755102041080e+00,2.024121093750000000e+03
2.432199546485260822e+00,2.368652343750000000e+03
2.435011337868481007e+00,2.368652343750000000e+03
2.437823129251700749e+00,2.196386718750000000e+03
2.440634920634920935e+00,2.196386718750000000e+03
2.443446712018140676e+00,2.153320312500000000e+03
2.446258503401360862e+00,2.153320312500000000e+03
2.449070294784580604e+00,1.981054687500000000e+03
2.451882086167800789e+00,1.981054687500000000e+03
2.454693877551020531e+00,1.894921875000000000e+03
2.457505668934240717e+00,1.894921875000000000e+03
2.460317460317460458e+00,1.937988281250000000e+03
2.463129251700680644e+00,1.937988281250000000e+03
2.465941043083900386e+00,2.196386718750000000e+03
2.468752834467120572e+00,1.981054687500000000e+03
2.471564625850340313e+00,2.282519531250000000e+03
2.474376417233560499e+00,1.765722656250000000e+03
2.477188208616780241e+00,1.808789062500000000e+03
2.480000000000000426e+00,1.765722656250000000e+03
2.482811791383220168e+00,1.765722656250000000e+03
2.485623582766439910e+00,1.765722656250000000e+03
2.488435374149660095e+00,1.765722656250000000e+03
2.491247165532879837e+00,1.765722656250000000e+03
2.494058956916100023e+00,1.765722656250000000e+03
2.496870748299319764e+00,1.765722656250000000e+03
2.499682539682539950e+00,1.722656250000000000e+03
2.502494331065759692e+00,1.722656250000000000e+03
2.505306122448979878e+00,1.679589843750000000e+03
2.508117913832199619e+00,1.679589843750000000e+03
2.510929705215419805e+00,1.679589843750000000e+03
2.513741496598639547e+00,1.679589843750000000e+03
2.516553287981859732e+00,1.679589843750000000e+03
2.519365079365079474e+00,1.679589843750000000e+03
2.522176870748299660e+00,1.679589843750000000e+03
2.524988662131519401e+00,1.679589843750000000e+03
2.527800453514739587e+00,1.679589843750000000e+03
2.530612244897959329e+00,1.507324218750000000e+03
2.533424036281179514e+00,1.507324218750000000e+03
2.536235827664399256e+00,1.507324218750000000e+03
2.539047619047619442e+00,1.722656250000000000e+03
2.541859410430839183e+00,1.722656250000000000e+03
2.544671201814059369e+00,1.722656250000000000e+03
2.547482993197279111e+00,1.722656250000000000e+03
2.550294784580498852e+00,2.153320312500000000e+02
2.553106575963719038e+00,2.153320312500000000e+02
2.555918367346938780e+00,2.153320312500000000e+02
2.558730158730158966e+00,2.153320312500000000e+02
2.561541950113378707e+00,2.153320312500000000e+02
2.564353741496598893e+00,2.153320312500000000e+02
2.567165532879818635e+00,2.153320312500000000e+02
2.569977324263038820e+00,2.153320312500000000e+02
2.572789115646258562e+00,2.153320312500000000e+02
2.575600907029478748e+00,2.153320312500000000e+02
2.578412698412698489e+00,6.890625000000000000e+02
2.581224489795918675e+00,6.890625000000000000e+02
2.584036281179138417e+00,6.890625000000000000e+02
2.586848072562358603e+00,1.722656250000000000e+03
2.589659863945578344e+00,6.459960937500000000e+02
2.592471655328798530e+00,6.459960937500000000e+02
2.595283446712018272e+00,6.459960937500000000e+02
2.598095238095238457e+00,6.459960937500000000e+02
2.600907029478458199e+00,6.459960937500000000e+02
2.603718820861678385e+00,6.459960937500000000e+02
2.606530612244898126e+00,6.459960937500000000e+02
2.609342403628118312e+00,6.459960937500000000e+02
2.612154195011338054e+00,6.459960937500000000e+02
2.614965986394558239e+00,1.722656250000000000e+03
2.617777777777777981e+00,1.722656250000000000e+03
2.620589569160997723e+00,1.119726562500000000e+03
2.623401360544217908e+00,1.119726562500000000e+03
2.626213151927437650e+00,1.119726562500000000e+03
2.629024943310657836e+00,1.119726562500000000e+03
2.631836734693877577e+00,1.162792968750000000e+03
2.634648526077097763e+00,1.636523437500000000e+03
2.637460317460317505e+00,1.636523437500000000e+03
2.640272108843537691e+00,1.636523437500000000e+03
2.643083900226757432e+00,1.636523437500000000e+03
2.645895691609977618e+00,6.459960937500000000e+02
2.648707482993197360e+00,6.459960937500000000e+02
2.651519274376417545e+00,1.636523437500000000e+03
2.654331065759637287e+00,1.636523437500000000e+03
2.657142857142857473e+00,1.636523437500000000e+03
2.659954648526077214e+00,1.679589843750000000e+03
2.662766439909297400e+00,1.679589843750000000e+03
2.665578231292517142e+00,1.636523437500000000e+03
2.668390022675737328e+00,1.636523437500000000e+03
2.671201814058957069e+00,1.636523437500000000e+03
2.674013605442177255e+00,1.636523437500000000e+03
2.676825396825396997e+00,1.636523437500000000e+03
2.679637188208617182e+00,1.119726562500000000e+03
2.682448979591836924e+00,1.119726562500000000e+03
2.685260770975057110e+00,1.162792968750000000e+03
2.688072562358276851e+00,1.162792968750000000e+03
2.690884353741496593e+00,1.205859375000000000e+03
2.693696145124716779e+00,1.808789062500000000e+03
2.696507936507936520e+00,1.851855468750000000e+03
2.699319727891156706e+00,1.636523437500000000e+03
2.702131519274376448e+00,1.335058593750000000e+03
2.704943310657596633e+00,1.335058593750000000e+03
2.707755102040816375e+00,1.937988281250000000e+03
2.710566893424036561e+00,1.636523437500000000e+03
2.713378684807256302e+00,1.636523437500000000e+03
2.716190476190476488e+00,1.636523437500000000e+03
2.719002267573696230e+00,1.636523437500000000e+03
2.721814058956916416e+00,1.593457031250000000e+03
2.724625850340136157e+00,1.808789062500000000e+03
2.727437641723356343e+00,1.808789062500000000e+03
2.730249433106576085e+00,1.808789062500000000e+03
2.733061224489796270e+00,1.808789062500000000e+03
2.735873015873016012e+00,1.808789062500000000e+03
2.738684807256236198e+00,1.808789062500000000e+03
2.741496598639455939e+00,2.024121093750000000e+03
2.744308390022676125e+00,1.894921875000000000e+03
2.747120181405895867e+00,1.894921875000000000e+03
2.749931972789116053e+00,2.196386718750000000e+03
2.752743764172335794e+00,2.196386718750000000e+03
2.755555555555555980e+00,2.196386718750000000e+03
2.758367346938775722e+00,2.196386718750000000e+03
2.761179138321995463e+00,2.196386718750000000e+03
2.763990929705215649e+00,2.411718750000000000e+03
2.766802721088435391e+00,2.411718750000000000e+03
2.769614512471655576e+00,2.411718750000000000e+03
2.772426303854875318e+00,2.454785156250000000e+03
2.775238095238095504e+00,2.454785156250000000e+03
2.778049886621315245e+00,2.454785156250000000e+03
2.780861678004535431e+00,2.411718750000000000e+03
2.783673469387755173e+00,2.411718750000000000e+03
2.786485260770975358e+00,2.411718750000000000e+03
2.789297052154195100e+00,2.411718750000000000e+03
2.792108843537415286e+00,2.411718750000000000e+03
2.794920634920635027e+00,2.454785156250000000e+03
2.797732426303855213e+00,2.454785156250000000e+03
2.800544217687074955e+00,2.454785156250000000e+03
2.803356009070295141e+00,2.497851562500000000e+03
2.806167800453514882e+00,2.497851562500000000e+03
2.808979591836735068e+00,2.497851562500000000e+03
2.811791383219954810e+00,2.540917968750000000e+03
2.814603174603174995e+00,2.540917968750000000e+03
2.817414965986394737e+00,2.540917968750000000e+03
2.820226757369614923e+00,2.540917968750000000e+03
2.823038548752834664e+00,2.454785156250000000e+03
2.825850340136054406e+00,2.454785156250000000e+03
2.828662131519274592e+00,2.454785156250000000e+03
2.831473922902494333e+00,2.497851562500000000e+03
2.834285714285714519e+00,2.497851562500000000e+03
2.837097505668934261e+00,2.497851562500000000e+03
2.839909297052154447e+00,2.497851562500000000e+03
2.842721088435374188e+00,2.454785156250000000e+03
2.845532879818594374e+00,2.239453125000000000e+03
2.848344671201814116e+00,2.239453125000000000e+03
2.851156462585034301e+00,2.282519531250000000e+03
2.853968253968254043e+00,2.282519531250000000e+03
2.856780045351474229e+00,2.239453125000000000e+03
2.859591836734693970e+00,2.239453125000000000e+03
2.862403628117914156e+00,2.239453125000000000e+03
2.865215419501133898e+00,2.239453125000000000e+03
2.868027210884354083e+00,2.239453125000000000e+03
2.870839002267573825e+00,2.239453125000000000e+03
2.873650793650794011e+00,2.239453125000000000e+03
2.876462585034013753e+00,2.239453125000000000e+03
2.879274376417233938e+00,2.239453125000000000e+03
2.882086167800453680e+00,2.454785156250000000e+03
2.884897959183673866e+00,2.497851562500000000e+03
2.887709750566893607e+00,2.540917968750000000e+03
2.890521541950113793e+00,2.583984375000000000e+03
2.893333333333333535e+00,2.583984375000000000e+03
2.896145124716553276e+00,2.583984375000000000e+03
2.898956916099773462e+00,2.583984375000000000e+03
2.901768707482993204e+00,2.239453125000000000e+03
2.904580498866213389e+00,2.239453125000000000e+03
2.907392290249433131e+00,2.239453125000000000e+03
2.910204081632653317e+00,2.196386718750000000e+03
2.913015873015873058e+00,2.153320312500000000e+03
2.915827664399093244e+00,2.153320312500000000e+03
2.918639455782312986e+00,2.110253906250000000e+03
2.921451247165533172e+00,2.110253906250000000e+03
2.924263038548752913e+00,2.110253906250000000e+03
2.927074829931973099e+00,2.067187500000000000e+03
2.929886621315192841e+00,2.196386718750000000e+03
2.932698412698413026e+00,1.894921875000000000e+03
2.935510204081632768e+00,1.894921875000000000e+03
2.938321995464852954e+00,1.894921875000000000e+03
2.941133786848072695e+00,1.851855468750000000e+03
2.943945578231292881e+00,1.851855468750000000e+03
2.946757369614512623e+00,1.851855468750000000e+03
2.949569160997732808e+00,2.282519531250000000e+03
2.952380952380952550e+00,1.722656250000000000e+03
2.955192743764172736e+00,1.765722656250000000e+03
2.958004535147392478e+00,1.765722656250000000e+03
2.960816326530612663e+00,2.196386718750000000e+03
2.963628117913832405e+00,2.540917968750000000e+03
2.966439909297052147e+00,2.540917968750000000e+03
2.969251700680272332e+00,2.497851562500000000e+03
2.972063492063492074e+00,2.497851562500000000e+03
2.974875283446712260e+00,2.454785156250000000e+03
2.977687074829932001e+00,2.454785156250000000e+03
2.980498866213152187e+00,2.454785156250000000e+03
2.983310657596371929e+00,2.454785156250000000e+03
2.986122448979592114e+00,2.454785156250000000e+03
2.988934240362811856e+00,2.454785156250000000e+03
2.991746031746032042e+00,2.454785156250000000e+03
2.994557823129251783e+00,2.454785156250000000e+03
2.997369614512471969e+00,2.497851562500000000e+03
3.000181405895691711e+00,2.497851562500000000e+03
3.002993197278911897e+00,2.497851562500000000e+03
3.005804988662131638e+00,2.497851562500000000e+03
3.008616780045351824e+00,2.497851562500000000e+03
3.011428571428571566e+00,2.497851562500000000e+03
3.014240362811791751e+00,2.497851562500000000e+03
3.017052154195011493e+00,2.497851562500000000e+03
3.019863945578231679e+00,2.497851562500000000e+03
3.022675736961451420e+00,2.497851562500000000e+03
3.025487528344671606e+00,2.497851562500000000e+03
3.028299319727891348e+00,2.282519531250000000e+03
3.031111111111111533e+00,2.282519531250000000e+03
3.033922902494331275e+00,2.282519531250000000e+03
3.036734693877551017e+00,2.282519531250000000e+03
3.039546485260771203e+00,2.282519531250000000e+03
3.042358276643990944e+00,2.282519531250000000e+03
3.045170068027211130e+00,2.282519531250000000e+03
3.047981859410430872e+00,2.325585937500000000e+03
3.050793650793651057e+00,2.325585937500000000e+03
3.053605442176870799e+00,2.325585937500000000e+03
3.056417233560090985e+00,2.325585937500000000e+03
3.059229024943310726e+00,2.325585937500000000e+03
3.062040816326530912e+00,1.507324218750000000e+03
3.064852607709750654e+00,1.507324218750000000e+03
3.067664399092970839e+00,1.507324218750000000e+03
3.070476190476190581e+00,1.550390625000000000e+03
3.073287981859410767e+00,1.550390625000000000e+03
3.076099773242630508e+00,1.550390625000000000e+03
3.078911564625850694e+00,1.550390625000000000e+03
3.081723356009070436e+00,1.550390625000000000e+03
3.084535147392290622e+00,1.464257812500000000e+03
3.087346938775510363e+00,1.679589843750000000e+03
3.090158730158730549e+00,1.679589843750000000e+03
3.092970521541950291e+00,1.679589843750000000e+03
3.095782312925170476e+00,1.679589843750000000e+03
3.098594104308390218e+00,1.679589843750000000e+03
3.101405895691610404e+00,1.679589843750000000e+03
3.104217687074830145e+00,1.679589843750000000e+03
3.107029478458049887e+00,1.679589843750000000e+03
3.109841269841270073e+00,1.679589843750000000e+03
3.112653061224489814e+00,1.679589843750000000e+03
3.115464852607710000e+00,1.679589843750000000e+03
3.118276643990929742e+00,1.679589843750000000e+03
3.121088435374149928e+00,1.679589843750000000e+03
3.123900226757369669e+00,1.679589843750000000e+03
3.126712018140589855e+00,1.636523437500000000e+03
3.129523809523809597e+00,1.636523437500000000e+03
3.132335600907029782e+00,1.851855468750000000e+03
3.135147392290249524e+00,1.851855468750000000e+03
3.137959183673469710e+00,1.851855468750000000e+03
3.140770975056689451e+00,1.851855468750000000e+03
3.143582766439909637e+00,1.636523437500000000e+03
3.146394557823129379e+00,1.636523437500000000e+03
3.149206349206349564e+00,1.636523437500000000e+03
3.152018140589569306e+00,1.636523437500000000e+03
3.154829931972789492e+00,1.593457031250000000e+03
3.157641723356009233e+00,1.593457031250000000e+03
3.160453514739229419e+00,1.593457031250000000e+03
3.163265306122449161e+00,1.593457031250000000e+03
3.166077097505669347e+00,1.593457031250000000e+03
3.168888888888889088e+00,1.636523437500000000e+03
3.171700680272108830e+00,1.937988281250000000e+03
3.174512471655329016e+00,1.894921875000000000e+03
3.177324263038548757e+00,1.894921875000000000e+03
3.180136054421768943e+00,1.464257812500000000e+03
3.182947845804988685e+00,1.421191406250000000e+03
3.185759637188208870e+00,1.421191406250000000e+03
3.188571428571428612e+00,1.421191406250000000e+03
3.191383219954648798e+00,1.421191406250000000e+03
3.194195011337868539e+00,6.459960937500000000e+02
3.197006802721088725e+00,6.459960937500000000e+02
3.199818594104308467e+00,6.459960937500000000e+02
3.202630385487528653e+00,6.029296875000000000e+02
3.205442176870748394e+00,6.029296875000000000e+02
3.208253968253968580e+00,6.029296875000000000e+02
3.211065759637188322e+00,6.029296875000000000e+02
3.213877551020408507e+00,6.029296875000000000e+02
3.216689342403628249e+00,6.029296875000000000e+02
3.219501133786848435e+00,6.029296875000000000e+02
3.222312925170068176e+00,6.029296875000000000e+02
3.225124716553288362e+00,6.029296875000000000e+02
3.227936507936508104e+00,6.029296875000000000e+02
3.230748299319728289e+00,1.464257812500000000e+03
3.233560090702948031e+00,1.464257812500000000e+03
3.236371882086168217e+00,1.464257812500000000e+03
3.239183673469387958e+00,1.421191406250000000e+03
3.241995464852607700e+00,1.421191406250000000e+03
3.244807256235827886e+00,1.421191406250000000e+03
3.247619047619047628e+00,1.464257812500000000e+03
3.250430839002267813e+00,1.464257812500000000e+03
3.253242630385487555e+00,1.464257812500000000e+03
3.256054421768707741e+00,1.464257812500000000e+03
3.258866213151927482e+00,1.464257812500000000e+03
3.261678004535147668e+00,1.464257812500000000e+03
3.264489795918367410e+00,1.291992187500000000e+03
3.267301587301587595e+00,1.291992187500000000e+03
3.270113378684807337e+00,1.248925781250000000e+03
3.272925170068027523e+00,1.248925781250000000e+03
3.275736961451247264e+00,1.248925781250000000e+03
3.278548752834467450e+00,1.248925781250000000e+03
3.281360544217687192e+00,1.248925781250000000e+03
3.284172335600907378e+00,1.248925781250000000e+03
3.286984126984127119e+00,1.464257812500000000e+03
3.289795918367347305e+00,1.464257812500000000e+03
3.292607709750567047e+00,1.421191406250000000e+03
3.295419501133787232e+00,2.153320312500000000e+02
3.298231292517006974e+00,2.153320312500000000e+02
3.301043083900227160e+00,2.153320312500000000e+02
3.303854875283446901e+00,2.153320312500000000e+02
3.306666666666667087e+00,2.153320312500000000e+02
3.309478458049886829e+00,2.153320312500000000e+02
3.312290249433106570e+00,2.153320312500000000e+02
3.315102040816326756e+00,2.153320312500000000e+02
3.317913832199546498e+00,2.153320312500000000e+02
3.320725623582766683e+00,2.153320312500000000e+02
3.323537414965986425e+00,2.153320312500000000e+02
3.326349206349206611e+00,2.153320312500000000e+02
3.329160997732426353e+00,2.153320312500000000e+02
3.331972789115646538e+00,2.153320312500000000e+02
3.334784580498866280e+00,2.153320312500000000e+02
3.337596371882086466e+00,2.153320312500000000e+02
3.340408163265306207e+00,2.153320312500000000e+02
3.343219954648526393e+00,6.459960937500000000e+02
3.346031746031746135e+00,6.459960937500000000e+02
3.348843537414966320e+00,6.459960937500000000e+02
3.351655328798186062e+00,6.459960937500000000e+02
3.354467120181406248e+00,6.029296875000000000e+02
3.357278911564625989e+00,6.029296875000000000e+02
3.360090702947846175e+00,8.182617187500000000e+02
3.362902494331065917e+00,8.182617187500000000e+02
3.365714285714286103e+00,8.182617187500000000e+02
3.368526077097505844e+00,8.182617187500000000e+02
3.371337868480726030e+00,8.182617187500000000e+02
3.374149659863945772e+00,8.182617187500000000e+02
3.376961451247165957e+00,8.182617187500000000e+02
3.379773242630385699e+00,8.182617187500000000e+02
3.382585034013605441e+00,8.182617187500000000e+02
3.385396825396825626e+00,8.182617187500000000e+02
3.388208616780045368e+00,8.182617187500000000e+02
3.391020408163265554e+00,8.182617187500000000e+02
3.393832199546485295e+00,8.182617187500000000e+02
3.396643990929705481e+00,1.033593750000000000e+03
3.399455782312925223e+00,1.248925781250000000e+03
3.402267573696145408e+00,1.248925781250000000e+03
3.405079365079365150e+00,1.248925781250000000e+03
3.407891156462585336e+00,1.248925781250000000e+03
3.410702947845805078e+00,1.248925781250000000e+03
3.413514739229025263e+00,1.076660156250000000e+03
3.416326530612245005e+00,1.076660156250000000e+03
3.419138321995465191e+00,1.076660156250000000e+03
3.421950113378684932e+00,1.076660156250000000e+03
3.424761904761905118e+00,1.076660156250000000e+03
3.427573696145124860e+00,1.076660156250000000e+03
3.430385487528345045e+00,1.162792968750000000e+03
3.433197278911564787e+00,1.162792968750000000e+03
3.436009070294784973e+00,1.162792968750000000e+03
3.438820861678004714e+00,1.421191406250000000e+03
3.441632653061224900e+00,1.033593750000000000e+03
3.444444444444444642e+00,1.033593750000000000e+03
3.447256235827664383e+00,1.033593750000000000e+03
3.450068027210884569e+00,1.033593750000000000e+03
3.452879818594104311e+00,1.033593750000000000e+03
3.455691609977324497e+00,1.291992187500000000e+03
3.458503401360544238e+00,1.291992187500000000e+03
3.461315192743764424e+00,1.291992187500000000e+03
3.464126984126984166e+00,1.291992187500000000e+03
3.466938775510204351e+00,1.291992187500000000e+03
3.469750566893424093e+00,1.248925781250000000e+03
3.472562358276644279e+00,1.248925781250000000e+03
3.475374149659864020e+00,1.248925781250000000e+03
3.478185941043084206e+00,1.248925781250000000e+03
3.480997732426303948e+00,1.248925781250000000e+03
3.483809523809524133e+00,1.248925781250000000e+03
3.486621315192743875e+00,1.464257812500000000e+03
3.489433106575964061e+00,1.464257812500000000e+03
3.492244897959183803e+00,1.291992187500000000e+03
3.495056689342403988e+00,1.291992187500000000e+03
3.497868480725623730e+00,1.291992187500000000e+03
3.500680272108843916e+00,1.507324218750000000e+03
3.503492063492063657e+00,1.550390625000000000e+03
3.506303854875283843e+00,1.550390625000000000e+03
3.509115646258503585e+00,1.550390625000000000e+03
3.511927437641723770e+00,1.507324218750000000e+03
3.514739229024943512e+00,1.507324218750000000e+03
3.517551020408163254e+00,1.507324218750000000e+03
3.520362811791383439e+00,1.464257812500000000e+03
3.523174603174603181e+00,1.464257812500000000e+03
3.525986394557823367e+00,6.459960937500000000e+02
3.528798185941043108e+00,6.459960937500000000e+02
3.531609977324263294e+00,6.459960937500000000e+02
3.534421768707483036e+00,6.459960937500000000e+02
3.537233560090703222e+00,6.459960937500000000e+02
3.540045351473922963e+00,6.459960937500000000e+02
3.542857142857143149e+00,6.459960937500000000e+02
3.545668934240362891e+00,6.459960937500000000e+02
3.548480725623583076e+00,6.459960937500000000e+02
3.551292517006802818e+00,6.459960937500000000e+02
3.554104308390023004e+00,6.459960937500000000e+02
3.556916099773242745e+00,6.029296875000000000e+02
3.559727891156462931e+00,6.029296875000000000e+02
3.562539682539682673e+00,2.411718750000000000e+03
3.565351473922902859e+00,1.550390625000000000e+03
3.568163265306122600e+00,1.550390625000000000e+03
3.570975056689342786e+00,1.722656250000000000e+03
3.573786848072562528e+00,1.722656250000000000e+03
3.576598639455782713e+00,1.722656250000000000e+03
3.579410430839002455e+00,1.722656250000000000e+03
3.582222222222222641e+00,1.722656250000000000e+03
3.585034013605442382e+00,1.722656250000000000e+03
3.587845804988662124e+00,1.722656250000000000e+03
3.590657596371882310e+00,1.722656250000000000e+03
3.593469387755102051e+00,1.722656250000000000e+03
3.596281179138322237e+00,1.722656250000000000e+03
3.599092970521541979e+00,1.679589843750000000e+03
3.601904761904762164e+00,1.464257812500000000e+03
3.604716553287981906e+00,1.421191406250000000e+03
3.607528344671202092e+00,1.421191406250000000e+03
3.610340136054421833e+00,1.421191406250000000e+03
3.613151927437642019e+00,1.421191406250000000e+03
3.615963718820861761e+00,1.421191406250000000e+03
3.618775510204081947e+00,1.421191406250000000e+03
3.621587301587301688e+00,1.679589843750000000e+03
3.624399092970521874e+00,1.679589843750000000e+03
3.627210884353741616e+00,1.894921875000000000e+03
3.630022675736961801e+00,1.722656250000000000e+03
3.632834467120181543e+00,1.679589843750000000e+03
3.635646258503401729e+00,1.679589843750000000e+03
3.638458049886621470e+00,1.636523437500000000e+03
3.641269841269841656e+00,1.636523437500000000e+03
3.644081632653061398e+00,1.636523437500000000e+03
3.646893424036281584e+00,1.636523437500000000e+03
3.649705215419501325e+00,1.636523437500000000e+03
3.652517006802721511e+00,1.636523437500000000e+03
3.655328798185941253e+00,1.636523437500000000e+03
3.658140589569160994e+00,1.679589843750000000e+03
3.660952380952381180e+00,1.679589843750000000e+03
3.663764172335600922e+00,1.679589843750000000e+03
3.666575963718821107e+00,1.636523437500000000e+03
3.669387755102040849e+00,1.636523437500000000e+03
3.672199546485261035e+00,1.636523437500000000e+03
3.675011337868480776e+00,1.636523437500000000e+03
3.677823129251700962e+00,1.636523437500000000e+03
3.680634920634920704e+00,1.808789062500000000e+03
3.683446712018140889e+00,1.808789062500000000e+03
3.686258503401360631e+00,1.808789062500000000e+03
3.689070294784580817e+00,1.808789062500000000e+03
3.691882086167800558e+00,1.808789062500000000e+03
3.694693877551020744e+00,1.894921875000000000e+03
3.697505668934240486e+00,1.894921875000000000e+03
3.700317460317460672e+00,1.894921875000000000e+03
3.703129251700680413e+00,2.067187500000000000e+03
3.705941043083900599e+00,2.497851562500000000e+03
3.708752834467120341e+00,1.981054687500000000e+03
3.711564625850340526e+00,1.981054687500000000e+03
3.714376417233560268e+00,1.981054687500000000e+03
3.717188208616780454e+00,2.153320312500000000e+03
3.720000000000000195e+00,2.153320312500000000e+03
3.722811791383220381e+00,2.153320312500000000e+03
3.725623582766440123e+00,2.153320312500000000e+03
3.728435374149659864e+00,2.110253906250000000e+03
3.731247165532880050e+00,2.110253906250000000e+03
3.734058956916099792e+00,2.067187500000000000e+03
3.736870748299319978e+00,2.282519531250000000e+03
3.739682539682539719e+00,2.282519531250000000e+03
3.742494331065759905e+00,2.282519531250000000e+03
3.745306122448979647e+00,2.282519531250000000e+03
3.748117913832199832e+00,2.067187500000000000e+03
3.750929705215419574e+00,2.067187500000000000e+03
3.753741496598639760e+00,2.067187500000000000e+03
3.756553287981859501e+00,2.067187500000000000e+03
3.759365079365079687e+00,2.067187500000000000e+03
3.762176870748299429e+00,2.024121093750000000e+03
3.764988662131519614e+00,2.024121093750000000e+03
3.767800453514739356e+00,2.024121093750000000e+03
3.770612244897959542e+00,2.024121093750000000e+03
3.773424036281179283e+00,2.024121093750000000e+03
3.776235827664399469e+00,2.454785156250000000e+03
3.779047619047619211e+00,1.679589843750000000e+03
3.781859410430839397e+00,1.722656250000000000e+03
3.784671201814059138e+00,1.722656250000000000e+03
3.787482993197279324e+00,1.722656250000000000e+03
3.790294784580499066e+00,2.411718750000000000e+03
3.793106575963718807e+00,6.029296875000000000e+02
3.795918367346938993e+00,6.029296875000000000e+02
3.798730158730158735e+00,6.029296875000000000e+02
3.801541950113378920e+00,6.029296875000000000e+02
3.804353741496598662e+00,6.029296875000000000e+02
3.807165532879818848e+00,6.029296875000000000e+02
3.809977324263038589e+00,6.029296875000000000e+02
3.812789115646258775e+00,6.029296875000000000e+02
3.815600907029478517e+00,1.808789062500000000e+03
3.818412698412698703e+00,1.808789062500000000e+03
3.821224489795918444e+00,1.808789062500000000e+03
3.824036281179138630e+00,1.808789062500000000e+03
3.826848072562358372e+00,1.808789062500000000e+03
3.829659863945578557e+00,1.765722656250000000e+03
3.832471655328798299e+00,1.765722656250000000e+03
3.835283446712018485e+00,1.765722656250000000e+03
3.838095238095238226e+00,1.765722656250000000e+03
3.840907029478458412e+00,1.765722656250000000e+03
3.843718820861678154e+00,1.765722656250000000e+03
3.846530612244898339e+00,1.765722656250000000e+03
3.849342403628118081e+00,1.808789062500000000e+03
3.852154195011338267e+00,1.808789062500000000e+03
3.854965986394558008e+00,1.593457031250000000e+03
3.857777777777778194e+00,1.593457031250000000e+03
3.860589569160997936e+00,1.593457031250000000e+03
3.863401360544217678e+00,1.593457031250000000e+03
3.866213151927437863e+00,1.593457031250000000e+03
3.869024943310657605e+00,1.593457031250000000e+03
3.871836734693877791e+00,1.593457031250000000e+03
3.874648526077097532e+00,1.593457031250000000e+03
3.877460317460317718e+00,1.593457031250000000e+03
3.880272108843537460e+00,1.593457031250000000e+03
3.883083900226757645e+00,1.593457031250000000e+03
3.885895691609977387e+00,1.593457031250000000e+03
3.888707482993197573e+00,1.593457031250000000e+03
3.891519274376417314e+00,1.593457031250000000e+03
3.894331065759637500e+00,1.593457031250000000e+03
3.897142857142857242e+00,1.593457031250000000e+03
3.899954648526077428e+00,1.593457031250000000e+03
3.902766439909297169e+00,1.593457031250000000e+03
3.905578231292517355e+00,1.593457031250000000e+03
3.908390022675737097e+00,1.593457031250000000e+03
3.911201814058957282e+00,1.636523437500000000e+03
3.914013605442177024e+00,1.636523437500000000e+03
3.916825396825397210e+00,1.636523437500000000e+03
3.919637188208616951e+00,1.722656250000000000e+03
3.922448979591837137e+00,1.593457031250000000e+03
3.925260770975056879e+00,1.636523437500000000e+03
3.928072562358277064e+00,1.636523437500000000e+03
3.930884353741496806e+00,1.636523437500000000e+03
3.933696145124716548e+00,1.636523437500000000e+03
3.936507936507936734e+00,1.636523437500000000e+03
3.939319727891156475e+00,1.636523437500000000e+03
3.942131519274376661e+00,1.636523437500000000e+03
3.944943310657596403e+00,1.851855468750000000e+03
3.947755102040816588e+00,1.851855468750000000e+03
3.950566893424036330e+00,1.894921875000000000e+03
3.953378684807256516e+00,1.894921875000000000e+03
3.956190476190476257e+00,1.507324218750000000e+03
3.959002267573696443e+00,1.507324218750000000e+03
3.961814058956916185e+00,1.507324218750000000e+03
3.964625850340136370e+00,1.507324218750000000e+03
3.967437641723356112e+00,1.507324218750000000e+03
3.970249433106576298e+00,1.507324218750000000e+03
3.973061224489796039e+00,1.550390625000000000e+03
3.975873015873016225e+00,1.550390625000000000e+03
3.978684807256235967e+00,1.378125000000000000e+03
3.981496598639456153e+00,1.421191406250000000e+03
3.984308390022675894e+00,1.421191406250000000e+03
3.987120181405896080e+00,1.421191406250000000e+03
3.989931972789115822e+00,1.421191406250000000e+03
3.992743764172335563e+00,1.421191406250000000e+03
3.995555555555556193e+00,1.421191406250000000e+03
3.998367346938775935e+00,1.421191406250000000e+03
4.001179138321995232e+00,2.497851562500000000e+03
4.003990929705214974e+00,2.497851562500000000e+03
4.006802721088434716e+00,2.497851562500000000e+03
4.009614512471655345e+00,2.497851562500000000e+03
4.012426303854875087e+00,2.497851562500000000e+03
4.015238095238094829e+00,2.497851562500000000e+03
4.018049886621314570e+00,2.497851562500000000e+03
4.020861678004535200e+00,2.497851562500000000e+03
4.023673469387754942e+00,2.497851562500000000e+03
4.026485260770974683e+00,2.497851562500000000e+03
4.029297052154194425e+00,2.282519531250000000e+03
4.032108843537415055e+00,2.282519531250000000e+03
4.034920634920634797e+00,2.282519531250000000e+03
4.037732426303854538e+00,2.282519531250000000e+03
4.040544217687074280e+00,2.282519531250000000e+03
4.043356009070294910e+00,2.282519531250000000e+03
4.046167800453514651e+00,2.282519531250000000e+03
4.048979591836734393e+00,2.325585937500000000e+03
4.051791383219954135e+00,2.325585937500000000e+03
4.054603174603174764e+00,2.196386718750000000e+03
4.057414965986394506e+00,1.119726562500000000e+03
4.060226757369614248e+00,1.119726562500000000e+03
4.063038548752833989e+00,1.076660156250000000e+03
4.065850340136054619e+00,1.076660156250000000e+03
4.068662131519274361e+00,1.076660156250000000e+03
4.071473922902494103e+00,1.378125000000000000e+03
4.074285714285713844e+00,1.378125000000000000e+03
4.077097505668933586e+00,1.335058593750000000e+03
4.079909297052154216e+00,1.119726562500000000e+03
4.082721088435373957e+00,1.291992187500000000e+03
4.085532879818593699e+00,1.248925781250000000e+03
4.088344671201813441e+00,1.248925781250000000e+03
4.091156462585034070e+00,1.248925781250000000e+03
4.093968253968253812e+00,1.248925781250000000e+03
4.096780045351473554e+00,1.248925781250000000e+03
4.099591836734693295e+00,1.291992187500000000e+03
4.102403628117913925e+00,1.291992187500000000e+03
4.105215419501133667e+00,1.291992187500000000e+03
4.108027210884353408e+00,1.507324218750000000e+03
4.110839002267573150e+00,1.507324218750000000e+03
4.113650793650793780e+00,1.464257812500000000e+03
4.116462585034013522e+00,1.464257812500000000e+03
4.119274376417233263e+00,1.464257812500000000e+03
4.122086167800453005e+00,1.421191406250000000e+03
4.124897959183673635e+00,1.593457031250000000e+03
4.127709750566893376e+00,1.593457031250000000e+03
4.130521541950113118e+00,1.593457031250000000e+03
4.133333333333332860e+00,1.593457031250000000e+03
4.136145124716553489e+00,1.550390625000000000e+03
4.138956916099773231e+00,1.765722656250000000e+03
4.141768707482992973e+00,1.765722656250000000e+03
4.144580498866212714e+00,1.765722656250000000e+03
4.147392290249432456e+00,1.593457031250000000e+03
4.150204081632653086e+00,1.808789062500000000e+03
4.153015873015872828e+00,1.808789062500000000e+03
4.155827664399092569e+00,1.593457031250000000e+03
4.158639455782312311e+00,1.593457031250000000e+03
4.161451247165532941e+00,1.593457031250000000e+03
4.164263038548752682e+00,1.593457031250000000e+03
4.167074829931972424e+00,1.593457031250000000e+03
4.169886621315192166e+00,1.808789062500000000e+03
4.172698412698412795e+00,1.808789062500000000e+03
4.175510204081632537e+00,1.808789062500000000e+03
4.178321995464852279e+00,1.421191406250000000e+03
4.181133786848072020e+00,1.421191406250000000e+03
4.183945578231292650e+00,1.421191406250000000e+03
4.186757369614512392e+00,1.636523437500000000e+03
4.189569160997732133e+00,1.636523437500000000e+03
4.192380952380951875e+00,1.593457031250000000e+03
4.195192743764172505e+00,1.722656250000000000e+03
4.198004535147392247e+00,1.679589843750000000e+03
4.200816326530611988e+00,1.679589843750000000e+03
4.203628117913831730e+00,1.636523437500000000e+03
4.206439909297052360e+00,1.636523437500000000e+03
4.209251700680272101e+00,1.593457031250000000e+03
4.212063492063491843e+00,1.593457031250000000e+03
4.214875283446711585e+00,1.593457031250000000e+03
4.217687074829931326e+00,1.808789062500000000e+03
4.220498866213151956e+00,1.808789062500000000e+03
4.223310657596371698e+00,1.894921875000000000e+03
4.226122448979591439e+00,1.894921875000000000e+03
4.228934240362811181e+00,1.894921875000000000e+03
4.231746031746031811e+00,2.067187500000000000e+03
4.234557823129251553e+00,1.679589843750000000e+03
4.237369614512471294e+00,1.679589843750000000e+03
4.240181405895691036e+00,1.679589843750000000e+03
4.242993197278911666e+00,1.679589843750000000e+03
4.245804988662131407e+00,1.679589843750000000e+03
4.248616780045351149e+00,1.679589843750000000e+03
4.251428571428570891e+00,1.464257812500000000e+03
4.254240362811791520e+00,1.464257812500000000e+03
4.257052154195011262e+00,1.464257812500000000e+03
4.259863945578231004e+00,1.464257812500000000e+03
4.262675736961450745e+00,1.464257812500000000e+03
4.265487528344671375e+00,1.291992187500000000e+03
4.268299319727891117e+00,1.291992187500000000e+03
4.271111111111110858e+00,1.248925781250000000e+03
4.273922902494330600e+00,1.248925781250000000e+03
4.276734693877550342e+00,1.248925781250000000e+03
4.279546485260770972e+00,1.248925781250000000e+03
4.282358276643990713e+00,1.248925781250000000e+03
4.285170068027210455e+00,1.248925781250000000e+03
4.287981859410430197e+00,1.722656250000000000e+02
4.290793650793650826e+00,2.153320312500000000e+02
4.293605442176870568e+00,2.497851562500000000e+03
4.296417233560090310e+00,2.540917968750000000e+03
4.299229024943310051e+00,2.540917968750000000e+03
4.302040816326530681e+00,2.540917968750000000e+03
4.304852607709750423e+00,2.540917968750000000e+03
4.307664399092970164e+00,2.627050781250000000e+03
4.310476190476189906e+00,2.627050781250000000e+03
4.313287981859410536e+00,2.583984375000000000e+03
4.316099773242630278e+00,2.583984375000000000e+03
4.318911564625850019e+00,2.583984375000000000e+03
4.321723356009069761e+00,2.583984375000000000e+03
4.324535147392290391e+00,2.627050781250000000e+03
4.327346938775510132e+00,2.540917968750000000e+03
4.330158730158729874e+00,2.540917968750000000e+03
4.332970521541949616e+00,2.756250000000000000e+03
4.335782312925170245e+00,2.756250000000000000e+03
4.338594104308389987e+00,2.756250000000000000e+03
4.341405895691609729e+00,2.799316406250000000e+03
4.344217687074829470e+00,2.799316406250000000e+03
4.347029478458049212e+00,2.799316406250000000e+03
4.349841269841269842e+00,2.799316406250000000e+03
4.352653061224489583e+00,2.756250000000000000e+03
4.355464852607709325e+00,2.756250000000000000e+03
4.358276643990929067e+00,2.756250000000000000e+03
4.361088435374149697e+00,2.454785156250000000e+03
4.363900226757369438e+00,2.454785156250000000e+03
4.366712018140589180e+00,2.411718750000000000e+03
4.369523809523808922e+00,2.411718750000000000e+03
4.372335600907029551e+00,2.411718750000000000e+03
4.375147392290249293e+00,2.368652343750000000e+03
4.377959183673469035e+00,2.368652343750000000e+03
4.380770975056688776e+00,2.368652343750000000e+03
4.383582766439909406e+00,2.368652343750000000e+03
4.386394557823129148e+00,1.076660156250000000e+03
4.389206349206348889e+00,1.636523437500000000e+03
4.392018140589568631e+00,1.636523437500000000e+03
4.394829931972789261e+00,6.589160156250000000e+03
4.397641723356009003e+00,6.589160156250000000e+03
4.400453514739228744e+00,1.076660156250000000e+03
4.403265306122448486e+00,1.076660156250000000e+03
4.406077097505669116e+00,1.033593750000000000e+03
4.408888888888888857e+00,1.033593750000000000e+03
4.411700680272108599e+00,1.033593750000000000e+03
4.414512471655328341e+00,1.076660156250000000e+03
4.417324263038548082e+00,1.076660156250000000e+03
4.420136054421768712e+00,1.076660156250000000e+03
4.422947845804988454e+00,1.076660156250000000e+03
4.425759637188208195e+00,1.076660156250000000e+03
4.428571428571427937e+00,2.153320312500000000e+02
4.431383219954648567e+00,2.153320312500000000e+02
4.434195011337868308e+00,2.153320312500000000e+02
4.437006802721088050e+00,2.153320312500000000e+02
4.439818594104307792e+00,2.196386718750000000e+03
4.442630385487528422e+00,2.196386718750000000e+03
4.445442176870748163e+00,2.196386718750000000e+03
4.448253968253967905e+00,6.459960937500000000e+02
4.451065759637187647e+00,6.459960937500000000e+02
4.453877551020408276e+00,8.182617187500000000e+02
4.456689342403628018e+00,1.291992187500000000e+03
4.459501133786847760e+00,1.291992187500000000e+03
4.462312925170067501e+00,1.291992187500000000e+03
4.465124716553288131e+00,1.291992187500000000e+03
4.467936507936507873e+00,1.291992187500000000e+03
4.470748299319727614e+00,1.248925781250000000e+03
4.473560090702947356e+00,1.248925781250000000e+03
4.476371882086167986e+00,1.248925781250000000e+03
4.479183673469387728e+00,1.291992187500000000e+03
4.481995464852607469e+00,1.248925781250000000e+03
4.484807256235827211e+00,1.464257812500000000e+03
4.487619047619046952e+00,1.464257812500000000e+03
4.490430839002267582e+00,1.464257812500000000e+03
4.493242630385487324e+00,1.464257812500000000e+03
4.496054421768707066e+00,1.421191406250000000e+03
4.498866213151926807e+00,1.636523437500000000e+03
4.501678004535147437e+00,1.636523437500000000e+03
4.504489795918367179e+00,1.636523437500000000e+03
4.507301587301586920e+00,1.636523437500000000e+03
4.510113378684806662e+00,1.636523437500000000e+03
4.512925170068027292e+00,1.636523437500000000e+03
4.515736961451247033e+00,1.636523437500000000e+03
4.518548752834466775e+00,1.593457031250000000e+03
4.521360544217686517e+00,1.593457031250000000e+03
4.524172335600907147e+00,1.593457031250000000e+03
4.526984126984126888e+00,1.593457031250000000e+03
4.529795918367346630e+00,1.593457031250000000e+03
4.532607709750566372e+00,1.593457031250000000e+03
4.535419501133787001e+00,1.593457031250000000e+03
4.538231292517006743e+00,1.593457031250000000e+03
4.541043083900226485e+00,1.593457031250000000e+03
4.543854875283446226e+00,1.550390625000000000e+03
4.546666666666666856e+00,1.550390625000000000e+03
4.549478458049886598e+00,1.593457031250000000e+03
4.552290249433106339e+00,1.593457031250000000e+03
4.555102040816326081e+00,1.593457031250000000e+03
4.557913832199545823e+00,1.593457031250000000e+03
4.560725623582766453e+00,1.593457031250000000e+03
4.563537414965986194e+00,1.593457031250000000e+03
4.566349206349205936e+00,1.593457031250000000e+03
4.569160997732425677e+00,1.550390625000000000e+03
4.571972789115646307e+00,1.550390625000000000e+03
4.574784580498866049e+00,1.550390625000000000e+03
4.577596371882085791e+00,1.765722656250000000e+03
4.580408163265305532e+00,1.765722656250000000e+03
4.583219954648526162e+00,1.722656250000000000e+03
4.586031746031745904e+00,1.722656250000000000e+03
4.588843537414965645e+00,1.722656250000000000e+03
4.591655328798185387e+00,1.722656250000000000e+03
4.594467120181406017e+00,1.722656250000000000e+03
4.597278911564625759e+00,1.722656250000000000e+03
4.600090702947845500e+00,1.722656250000000000e+03
4.602902494331065242e+00,1.421191406250000000e+03
4.605714285714285872e+00,1.421191406250000000e+03
4.608526077097505613e+00,1.421191406250000000e+03
4.611337868480725355e+00,1.722656250000000000e+03
4.614149659863945097e+00,1.722656250000000000e+03
4.616961451247165726e+00,1.722656250000000000e+03
4.619773242630385468e+00,1.679589843750000000e+03
4.622585034013605210e+00,1.679589843750000000e+03
4.625396825396824951e+00,1.679589843750000000e+03
4.628208616780044693e+00,1.593457031250000000e+03
4.631020408163265323e+00,1.679589843750000000e+03
4.633832199546485064e+00,1.679589843750000000e+03
4.636643990929704806e+00,1.636523437500000000e+03
4.639455782312924548e+00,1.636523437500000000e+03
4.642267573696145178e+00,1.636523437500000000e+03
4.645079365079364919e+00,1.636523437500000000e+03
4.647891156462584661e+00,1.636523437500000000e+03
4.650702947845804403e+00,1.636523437500000000e+03
4.653514739229025032e+00,1.636523437500000000e+03
4.656326530612244774e+00,1.636523437500000000e+03
4.659138321995464516e+00,1.679589843750000000e+03
4.661950113378684257e+00,1.679589843750000000e+03
4.664761904761904887e+00,1.636523437500000000e+03
4.667573696145124629e+00,1.636523437500000000e+03
4.670385487528344370e+00,1.636523437500000000e+03
4.673197278911564112e+00,1.636523437500000000e+03
4.676009070294784742e+00,1.636523437500000000e+03
4.678820861678004484e+00,1.636523437500000000e+03
4.681632653061224225e+00,1.593457031250000000e+03
4.684444444444443967e+00,1.808789062500000000e+03
4.687256235827664597e+00,1.808789062500000000e+03
4.690068027210884338e+00,1.851855468750000000e+03
4.692879818594104080e+00,1.851855468750000000e+03
4.695691609977323822e+00,1.894921875000000000e+03
4.698503401360543563e+00,1.765722656250000000e+03
4.701315192743764193e+00,1.765722656250000000e+03
4.704126984126983935e+00,1.636523437500000000e+03
4.706938775510203676e+00,1.894921875000000000e+03
4.709750566893423418e+00,1.894921875000000000e+03
4.712562358276644048e+00,1.894921875000000000e+03
4.715374149659863789e+00,1.851855468750000000e+03
4.718185941043083531e+00,1.851855468750000000e+03
4.720997732426303273e+00,1.894921875000000000e+03
4.723809523809523903e+00,1.894921875000000000e+03
4.726621315192743644e+00,1.894921875000000000e+03
4.729433106575963386e+00,1.894921875000000000e+03
4.732244897959183128e+00,1.894921875000000000e+03
4.735056689342403757e+00,1.894921875000000000e+03
4.737868480725623499e+00,1.894921875000000000e+03
4.740680272108843241e+00,1.894921875000000000e+03
4.743492063492062982e+00,1.894921875000000000e+03
4.746303854875283612e+00,1.894921875000000000e+03
4.749115646258503354e+00,1.894921875000000000e+03
4.751927437641723095e+00,2.067187500000000000e+03
4.754739229024942837e+00,2.067187500000000000e+03
4.757551020408163467e+00,2.067187500000000000e+03
4.760362811791383209e+00,2.024121093750000000e+03
4.763174603174602950e+00,2.024121093750000000e+03
4.765986394557822692e+00,2.024121093750000000e+03
4.768798185941042433e+00,2.024121093750000000e+03
4.771609977324263063e+00,2.196386718750000000e+03
4.774421768707482805e+00,1.679589843750000000e+03
4.777233560090702547e+00,1.679589843750000000e+03
4.780045351473922288e+00,1.679589843750000000e+03
4.782857142857142918e+00,1.679589843750000000e+03
4.785668934240362660e+00,1.722656250000000000e+03
4.788480725623582401e+00,1.722656250000000000e+03
4.791292517006802143e+00,1.722656250000000000e+03
4.794104308390022773e+00,1.679589843750000000e+03
4.796916099773242514e+00,2.110253906250000000e+03
4.799727891156462256e+00,2.110253906250000000e+03
4.802539682539681998e+00,1.851855468750000000e+03
4.805351473922902628e+00,1.851855468750000000e+03
4.808163265306122369e+00,7.321289062500000000e+02
4.810975056689342111e+00,7.321289062500000000e+02
4.813786848072561853e+00,2.239453125000000000e+03
4.816598639455782482e+00,2.239453125000000000e+03
4.819410430839002224e+00,2.067187500000000000e+03
4.822222222222221966e+00,2.067187500000000000e+03
4.825034013605441707e+00,2.067187500000000000e+03
4.827845804988662337e+00,2.067187500000000000e+03
4.830657596371882079e+00,1.765722656250000000e+03
4.833469387755101820e+00,1.765722656250000000e+03
4.836281179138321562e+00,1.765722656250000000e+03
4.839092970521541304e+00,1.765722656250000000e+03
4.841904761904761934e+00,1.765722656250000000e+03
4.844716553287981675e+00,1.765722656250000000e+03
4.847528344671201417e+00,1.765722656250000000e+03
4.850340136054421158e+00,1.808789062500000000e+03
4.853151927437641788e+00,1.808789062500000000e+03
4.855963718820861530e+00,1.808789062500000000e+03
4.858775510204081272e+00,1.808789062500000000e+03
4.861587301587301013e+00,1.593457031250000000e+03
4.864399092970521643e+00,1.593457031250000000e+03
4.867210884353741385e+00,1.593457031250000000e+03
4.870022675736961126e+00,1.593457031250000000e+03
4.872834467120180868e+00,1.593457031250000000e+03
4.875646258503401498e+00,1.593457031250000000e+03
4.878458049886621239e+00,1.593457031250000000e+03
4.881269841269840981e+00,1.593457031250000000e+03
4.884081632653060723e+00,1.593457031250000000e+03
4.886893424036281353e+00,1.593457031250000000e+03
4.889705215419501094e+00,1.162792968750000000e+03
4.892517006802720836e+00,1.378125000000000000e+03
4.895328798185940578e+00,1.378125000000000000e+03
4.898140589569160319e+00,1.248925781250000000e+03
4.900952380952380949e+00,1.291992187500000000e+03
4.903764172335600691e+00,1.765722656250000000e+03
4.906575963718820432e+00,1.765722656250000000e+03
4.909387755102040174e+00,1.765722656250000000e+03
4.912199546485260804e+00,1.765722656250000000e+03
4.915011337868480545e+00,1.722656250000000000e+03
4.917823129251700287e+00,1.464257812500000000e+03
4.920634920634920029e+00,1.421191406250000000e+03
4.923446712018140659e+00,1.421191406250000000e+03
4.926258503401360400e+00,1.378125000000000000e+03
4.929070294784580142e+00,1.550390625000000000e+03
4.931882086167799883e+00,1.550390625000000000e+03
4.934693877551020513e+00,1.550390625000000000e+03
4.937505668934240255e+00,1.593457031250000000e+03
4.940317460317459997e+00,1.593457031250000000e+03
4.943129251700679738e+00,1.765722656250000000e+03
4.945941043083900368e+00,1.765722656250000000e+03
4.948752834467120110e+00,1.593457031250000000e+03
4.951564625850339851e+00,1.593457031250000000e+03
4.954376417233559593e+00,1.636523437500000000e+03
4.957188208616780223e+00,1.636523437500000000e+03
4.959999999999999964e+00,1.593457031250000000e+03
4.962811791383219706e+00,1.593457031250000000e+03
4.965623582766439448e+00,1.593457031250000000e+03
4.968435374149659189e+00,1.593457031250000000e+03
4.971247165532879819e+00,1.550390625000000000e+03
4.974058956916099561e+00,1.550390625000000000e+03
4.976870748299319303e+00,1.550390625000000000e+03
4.979682539682539044e+00,1.550390625000000000e+03
4.982494331065759674e+00,1.550390625000000000e+03
4.985306122448979416e+00,1.593457031250000000e+03
4.988117913832199157e+00,1.593457031250000000e+03
4.990929705215418899e+00,1.593457031250000000e+03
4.993741496598639529e+00,1.593457031250000000e+03
4.996553287981859270e+00,1.593457031250000000e+03
4.999365079365079012e+00,1.593457031250000000e+03
5.002176870748298754e+00,1.593457031250000000e+03
5.004988662131519384e+00,1.593457031250000000e+03
5.007800453514739125e+00,1.593457031250000000e+03
5.010612244897958867e+00,1.550390625000000000e+03
5.013424036281178608e+00,1.464257812500000000e+03
5.016235827664399238e+00,1.464257812500000000e+03
5.019047619047618980e+00,1.464257812500000000e+03
5.021859410430838722e+00,1.464257812500000000e+03
5.024671201814058463e+00,1.335058593750000000e+03
5.027482993197279093e+00,1.335058593750000000e+03
5.030294784580498835e+00,1.335058593750000000e+03
5.033106575963718576e+00,1.593457031250000000e+03
5.035918367346938318e+00,1.593457031250000000e+03
5.038730158730158060e+00,1.593457031250000000e+03
5.041541950113378689e+00,2.282519531250000000e+03
5.044353741496598431e+00,2.282519531250000000e+03
5.047165532879818173e+00,2.325585937500000000e+03
5.049977324263037914e+00,2.325585937500000000e+03
5.052789115646258544e+00,2.325585937500000000e+03
5.055600907029478286e+00,2.325585937500000000e+03
5.058412698412698028e+00,2.282519531250000000e+03
5.061224489795917769e+00,2.282519531250000000e+03
5.064036281179138399e+00,2.282519531250000000e+03
5.066848072562358141e+00,1.507324218750000000e+03
5.069659863945577882e+00,1.507324218750000000e+03
5.072471655328797624e+00,1.507324218750000000e+03
5.075283446712018254e+00,1.550390625000000000e+03
5.078095238095237995e+00,1.550390625000000000e+03
5.080907029478457737e+00,1.550390625000000000e+03
5.083718820861677479e+00,1.291992187500000000e+03
5.086530612244898109e+00,1.248925781250000000e+03
5.089342403628117850e+00,1.248925781250000000e+03
5.092154195011337592e+00,1.248925781250000000e+03
5.094965986394557333e+00,1.248925781250000000e+03
5.097777777777777963e+00,1.291992187500000000e+03
5.100589569160997705e+00,1.291992187500000000e+03
5.103401360544217447e+00,1.464257812500000000e+03
5.106213151927437188e+00,1.464257812500000000e+03
5.109024943310656930e+00,1.464257812500000000e+03
5.111836734693877560e+00,1.464257812500000000e+03
5.114648526077097301e+00,1.679589843750000000e+03
5.117460317460317043e+00,1.679589843750000000e+03
5.120272108843536785e+00,1.679589843750000000e+03
5.123083900226757414e+00,1.679589843750000000e+03
5.125895691609977156e+00,1.679589843750000000e+03
5.128707482993196898e+00,1.636523437500000000e+03
5.131519274376416639e+00,1.851855468750000000e+03
5.134331065759637269e+00,1.851855468750000000e+03
5.137142857142857011e+00,1.808789062500000000e+03
5.139954648526076753e+00,1.808789062500000000e+03
5.142766439909296494e+00,1.765722656250000000e+03
5.145578231292517124e+00,1.636523437500000000e+03
5.148390022675736866e+00,1.808789062500000000e+03
5.151201814058956607e+00,1.808789062500000000e+03
5.154013605442176349e+00,1.808789062500000000e+03
5.156825396825396979e+00,1.593457031250000000e+03
5.159637188208616720e+00,1.593457031250000000e+03
5.162448979591836462e+00,1.593457031250000000e+03
5.165260770975056204e+00,1.593457031250000000e+03
5.168072562358276834e+00,1.765722656250000000e+03
5.170884353741496575e+00,1.765722656250000000e+03
5.173696145124716317e+00,1.808789062500000000e+03
5.176507936507936058e+00,1.808789062500000000e+03
5.179319727891155800e+00,1.808789062500000000e+03
5.182131519274376430e+00,1.808789062500000000e+03
5.184943310657596172e+00,1.765722656250000000e+03
5.187755102040815913e+00,1.722656250000000000e+03
5.190566893424035655e+00,1.722656250000000000e+03
5.193378684807256285e+00,1.722656250000000000e+03
5.196190476190476026e+00,1.851855468750000000e+03
5.199002267573695768e+00,1.851855468750000000e+03
5.201814058956915510e+00,1.851855468750000000e+03
5.204625850340136139e+00,1.851855468750000000e+03
5.207437641723355881e+00,1.851855468750000000e+03
5.210249433106575623e+00,1.851855468750000000e+03
5.213061224489795364e+00,1.808789062500000000e+03
5.215873015873015994e+00,1.808789062500000000e+03
5.218684807256235736e+00,1.765722656250000000e+03
5.221496598639455478e+00,1.765722656250000000e+03
5.224308390022675219e+00,1.679589843750000000e+03
5.227120181405895849e+00,1.248925781250000000e+03
5.229931972789115591e+00,1.248925781250000000e+03
5.232743764172335332e+00,1.464257812500000000e+03
5.235555555555555074e+00,1.248925781250000000e+03
5.238367346938775704e+00,1.679589843750000000e+03
5.241179138321995445e+00,1.679589843750000000e+03
5.243990929705215187e+00,1.679589843750000000e+03
5.246802721088434929e+00,1.679589843750000000e+03
5.249614512471654670e+00,1.464257812500000000e+03
5.252426303854875300e+00,1.464257812500000000e+03
5.255238095238095042e+00,1.464257812500000000e+03
5.258049886621314783e+00,1.464257812500000000e+03
5.260861678004534525e+00,1.464257812500000000e+03
5.263673469387755155e+00,1.291992187500000000e+03
5.266485260770974897e+00,1.291992187500000000e+03
5.269297052154194638e+00,1.291992187500000000e+03
5.272108843537414380e+00,1.248925781250000000e+03
5.274920634920635010e+00,1.248925781250000000e+03
5.277732426303854751e+00,1.248925781250000000e+03
5.280544217687074493e+00,1.248925781250000000e+03
5.283356009070294235e+00,1.248925781250000000e+03
5.286167800453514865e+00,1.464257812500000000e+03
5.288979591836734606e+00,1.464257812500000000e+03
5.291791383219954348e+00,1.507324218750000000e+03
5.294603174603174089e+00,1.550390625000000000e+03
5.297414965986394719e+00,1.550390625000000000e+03
5.300226757369614461e+00,1.636523437500000000e+03
5.303038548752834203e+00,1.636523437500000000e+03
5.305850340136053944e+00,1.593457031250000000e+03
5.308662131519274574e+00,1.593457031250000000e+03
5.311473922902494316e+00,1.636523437500000000e+03
5.314285714285714057e+00,1.636523437500000000e+03
5.317097505668933799e+00,1.636523437500000000e+03
5.319909297052153541e+00,1.636523437500000000e+03
5.322721088435374170e+00,1.636523437500000000e+03
5.325532879818593912e+00,1.636523437500000000e+03
5.328344671201813654e+00,1.765722656250000000e+03
5.331156462585033395e+00,1.765722656250000000e+03
5.333968253968254025e+00,1.765722656250000000e+03
5.336780045351473767e+00,1.722656250000000000e+03
5.339591836734693509e+00,1.722656250000000000e+03
5.342403628117913250e+00,1.722656250000000000e+03
5.345215419501133880e+00,1.722656250000000000e+03
5.348027210884353622e+00,1.765722656250000000e+03
5.350839002267573363e+00,1.722656250000000000e+03
5.353650793650793105e+00,1.722656250000000000e+03
5.356462585034013735e+00,1.722656250000000000e+03
5.359274376417233476e+00,1.679589843750000000e+03
5.362086167800453218e+00,1.679589843750000000e+03
5.364897959183672960e+00,1.679589843750000000e+03
5.367709750566893590e+00,1.636523437500000000e+03
5.370521541950113331e+00,1.636523437500000000e+03
5.373333333333333073e+00,1.679589843750000000e+03
5.376145124716552814e+00,1.550390625000000000e+03
5.378956916099773444e+00,1.550390625000000000e+03
5.381768707482993186e+00,1.550390625000000000e+03
5.384580498866212928e+00,1.076660156250000000e+03
5.387392290249432669e+00,1.722656250000000000e+03
5.390204081632652411e+00,1.722656250000000000e+03
5.393015873015873041e+00,1.722656250000000000e+03
5.395827664399092782e+00,1.722656250000000000e+03
5.398639455782312524e+00,1.722656250000000000e+03
5.401451247165532266e+00,1.722656250000000000e+03
5.404263038548752895e+00,1.765722656250000000e+03
5.407074829931972637e+00,1.636523437500000000e+03
5.409886621315192379e+00,1.033593750000000000e+03
5.412698412698412120e+00,1.076660156250000000e+03
5.415510204081632750e+00,1.076660156250000000e+03
5.418321995464852492e+00,1.076660156250000000e+03
5.421133786848072234e+00,1.076660156250000000e+03
5.423945578231291975e+00,1.076660156250000000e+03
5.426757369614512605e+00,1.808789062500000000e+03
5.429569160997732347e+00,1.765722656250000000e+03
5.432380952380952088e+00,1.765722656250000000e+03
5.435192743764171830e+00,1.765722656250000000e+03
5.438004535147392460e+00,1.765722656250000000e+03
5.440816326530612201e+00,2.153320312500000000e+03
5.443628117913831943e+00,2.153320312500000000e+03
5.446439909297051685e+00,2.153320312500000000e+03
5.449251700680272315e+00,1.033593750000000000e+03
5.452063492063492056e+00,1.033593750000000000e+03
5.454875283446711798e+00,1.291992187500000000e+03
5.457687074829931539e+00,1.291992187500000000e+03
5.460498866213151281e+00,1.291992187500000000e+03
5.463310657596371911e+00,1.291992187500000000e+03
5.466122448979591653e+00,1.291992187500000000e+03
5.468934240362811394e+00,1.248925781250000000e+03
5.471746031746031136e+00,1.248925781250000000e+03
5.474557823129251766e+00,1.248925781250000000e+03
5.477369614512471507e+00,1.248925781250000000e+03
5.480181405895691249e+00,1.291992187500000000e+03
5.482993197278910991e+00,1.248925781250000000e+03
5.485804988662131620e+00,1.464257812500000000e+03
5.488616780045351362e+00,1.464257812500000000e+03
5.491428571428571104e+00,1.291992187500000000e+03
5.494240362811790845e+00,1.291992187500000000e+03
5.497052154195011475e+00,1.291992187500000000e+03
5.499863945578231217e+00,1.421191406250000000e+03
5.502675736961450959e+00,1.679589843750000000e+03
5.505487528344670700e+00,1.679589843750000000e+03
5.508299319727891330e+00,1.421191406250000000e+03
5.511111111111111072e+00,1.507324218750000000e+03
5.513922902494330813e+00,1.464257812500000000e+03
5.516734693877550555e+00,1.464257812500000000e+03
5.519546485260770297e+00,1.593457031250000000e+03
5.522358276643990926e+00,1.593457031250000000e+03
5.525170068027210668e+00,1.593457031250000000e+03
5.527981859410430410e+00,1.593457031250000000e+03
5.530793650793650151e+00,1.593457031250000000e+03
5.533605442176870781e+00,1.593457031250000000e+03
5.536417233560090523e+00,1.593457031250000000e+03
5.539229024943310264e+00,1.593457031250000000e+03
5.542040816326530006e+00,1.550390625000000000e+03
5.544852607709750636e+00,1.550390625000000000e+03
5.547664399092970378e+00,1.593457031250000000e+03
5.550476190476190119e+00,1.593457031250000000e+03
5.553287981859409861e+00,1.593457031250000000e+03
5.556099773242630491e+00,1.593457031250000000e+03
5.558911564625850232e+00,1.593457031250000000e+03
5.561723356009069974e+00,1.593457031250000000e+03
5.564535147392289716e+00,1.593457031250000000e+03
5.567346938775510345e+00,1.550390625000000000e+03
5.570158730158730087e+00,1.550390625000000000e+03
5.572970521541949829e+00,1.550390625000000000e+03
5.575782312925169570e+00,1.765722656250000000e+03
5.578594104308390200e+00,1.722656250000000000e+03
5.581405895691609942e+00,1.722656250000000000e+03
5.584217687074829684e+00,1.722656250000000000e+03
5.587029478458049425e+00,1.722656250000000000e+03
5.589841269841269167e+00,1.722656250000000000e+03
5.592653061224489797e+00,1.722656250000000000e+03
5.595464852607709538e+00,1.722656250000000000e+03
5.598276643990929280e+00,1.722656250000000000e+03
5.601088435374149022e+00,1.679589843750000000e+03
5.603900226757369651e+00,1.421191406250000000e+03
5.606712018140589393e+00,1.421191406250000000e+03
5.609523809523809135e+00,1.421191406250000000e+03
5.612335600907028876e+00,1.722656250000000000e+03
5.615147392290249506e+00,1.722656250000000000e+03
5.617959183673469248e+00,1.722656250000000000e+03
5.620770975056688989e+00,1.679589843750000000e+03
5.623582766439908731e+00,1.679589843750000000e+03
5.626394557823129361e+00,1.679589843750000000e+03
5.629206349206349103e+00,1.679589843750000000e+03
5.632018140589568844e+00,1.679589843750000000e+03
5.634829931972788586e+00,1.636523437500000000e+03
5.637641723356009216e+00,1.636523437500000000e+03
5.640453514739228957e+00,1.636523437500000000e+03
5.643265306122448699e+00,1.636523437500000000e+03
5.646077097505668441e+00,1.636523437500000000e+03
5.648888888888889070e+00,1.636523437500000000e+03
5.651700680272108812e+00,2.540917968750000000e+03
5.654512471655328554e+00,2.540917968750000000e+03
5.657324263038548295e+00,2.540917968750000000e+03
5.660136054421768037e+00,2.540917968750000000e+03
5.662947845804988667e+00,2.540917968750000000e+03
5.665759637188208409e+00,2.540917968750000000e+03
5.668571428571428150e+00,2.540917968750000000e+03
5.671383219954647892e+00,2.540917968750000000e+03
5.674195011337868522e+00,2.583984375000000000e+03
5.677006802721088263e+00,2.583984375000000000e+03
5.679818594104308005e+00,2.583984375000000000e+03
5.682630385487527747e+00,2.627050781250000000e+03
5.685442176870748376e+00,2.540917968750000000e+03
5.688253968253968118e+00,2.282519531250000000e+03
5.691065759637187860e+00,2.411718750000000000e+03
5.693877551020407601e+00,2.411718750000000000e+03
5.696689342403628231e+00,2.411718750000000000e+03
5.699501133786847973e+00,2.411718750000000000e+03
5.702312925170067714e+00,2.411718750000000000e+03
5.705124716553287456e+00,2.497851562500000000e+03
5.707936507936508086e+00,1.894921875000000000e+03
5.710748299319727828e+00,1.894921875000000000e+03
5.713560090702947569e+00,1.894921875000000000e+03
5.716371882086167311e+00,1.851855468750000000e+03
5.719183673469387941e+00,1.851855468750000000e+03
5.721995464852607682e+00,1.937988281250000000e+03
5.724807256235827424e+00,1.894921875000000000e+03
5.727619047619047166e+00,1.894921875000000000e+03
5.730430839002266907e+00,1.894921875000000000e+03
5.733242630385487537e+00,1.894921875000000000e+03
5.736054421768707279e+00,1.894921875000000000e+03
5.738866213151927020e+00,1.894921875000000000e+03
5.741678004535146762e+00,1.894921875000000000e+03
5.744489795918367392e+00,1.894921875000000000e+03
5.747301587301587134e+00,1.894921875000000000e+03
5.750113378684806875e+00,1.894921875000000000e+03
5.752925170068026617e+00,2.067187500000000000e+03
5.755736961451247247e+00,2.067187500000000000e+03
5.758548752834466988e+00,2.067187500000000000e+03
5.761360544217686730e+00,2.024121093750000000e+03
5.764172335600906472e+00,2.024121093750000000e+03
5.766984126984127101e+00,2.024121093750000000e+03
5.769795918367346843e+00,2.196386718750000000e+03
5.772607709750566585e+00,8.182617187500000000e+02
5.775419501133786326e+00,8.182617187500000000e+02
5.778231292517006956e+00,8.182617187500000000e+02
5.781043083900226698e+00,8.182617187500000000e+02
5.783854875283446439e+00,8.182617187500000000e+02
5.786666666666666181e+00,8.182617187500000000e+02
5.789478458049886811e+00,8.182617187500000000e+02
5.792290249433106553e+00,8.182617187500000000e+02
5.795102040816326294e+00,7.751953125000000000e+02
5.797913832199546036e+00,7.751953125000000000e+02
5.800725623582765778e+00,7.751953125000000000e+02
5.803537414965986407e+00,1.679589843750000000e+03
5.806349206349206149e+00,1.679589843750000000e+03
5.809160997732425891e+00,1.679589843750000000e+03
5.811972789115645632e+00,1.679589843750000000e+03
5.814784580498866262e+00,1.679589843750000000e+03
5.817596371882086004e+00,1.679589843750000000e+03
5.820408163265305745e+00,1.722656250000000000e+03
5.823219954648525487e+00,1.722656250000000000e+03
5.826031746031746117e+00,1.722656250000000000e+03
5.828843537414965859e+00,1.765722656250000000e+03
5.831655328798185600e+00,1.765722656250000000e+03
5.834467120181405342e+00,1.722656250000000000e+03
5.837278911564625972e+00,1.722656250000000000e+03
5.840090702947845713e+00,1.722656250000000000e+03
5.842902494331065455e+00,1.679589843750000000e+03
5.845714285714285197e+00,1.679589843750000000e+03
5.848526077097505826e+00,1.679589843750000000e+03
5.851337868480725568e+00,1.679589843750000000e+03
5.854149659863945310e+00,1.722656250000000000e+03
5.856961451247165051e+00,1.722656250000000000e+03
5.859773242630385681e+00,1.636523437500000000e+03
5.862585034013605423e+00,1.636523437500000000e+03
5.865396825396825164e+00,1.636523437500000000e+03
5.868208616780044906e+00,1.679589843750000000e+03
5.871020408163264648e+00,1.679589843750000000e+03
5.873832199546485278e+00,1.679589843750000000e+03
5.876643990929705019e+00,1.679589843750000000e+03
5.879455782312924761e+00,1.636523437500000000e+03
5.882267573696144503e+00,1.636523437500000000e+03
5.885079365079365132e+00,1.636523437500000000e+03
5.887891156462584874e+00,1.636523437500000000e+03
5.890702947845804616e+00,1.636523437500000000e+03
5.893514739229024357e+00,1.636523437500000000e+03
5.896326530612244987e+00,1.636523437500000000e+03
5.899138321995464729e+00,1.636523437500000000e+03
5.901950113378684470e+00,1.636523437500000000e+03
5.904761904761904212e+00,1.636523437500000000e+03
5.907573696145124842e+00,1.636523437500000000e+03
5.910385487528344584e+00,1.636523437500000000e+03
5.913197278911564325e+00,1.636523437500000000e+03
5.916009070294784067e+00,1.808789062500000000e+03
5.918820861678004697e+00,1.722656250000000000e+03
5.921632653061224438e+00,1.679589843750000000e+03
5.924444444444444180e+00,1.636523437500000000e+03
5.927256235827663922e+00,1.636523437500000000e+03
5.930068027210884551e+00,1.593457031250000000e+03
5.932879818594104293e+00,1.593457031250000000e+03
5.935691609977324035e+00,1.593457031250000000e+03
5.938503401360543776e+00,1.851855468750000000e+03
5.941315192743763518e+00,1.851855468750000000e+03
5.944126984126984148e+00,1.851855468750000000e+03
5.946938775510203889e+00,1.679589843750000000e+03
5.949750566893423631e+00,1.679589843750000000e+03
5.952562358276643373e+00,1.679589843750000000e+03
5.955374149659864003e+00,1.636523437500000000e+03
5.958185941043083744e+00,1.636523437500000000e+03
5.960997732426303486e+00,1.636523437500000000e+03
5.963809523809523228e+00,1.507324218750000000e+03
5.966621315192743857e+00,1.507324218750000000e+03
5.969433106575963599e+00,1.507324218750000000e+03
5.972244897959183341e+00,1.507324218750000000e+03
5.975056689342403082e+00,1.679589843750000000e+03
5.977868480725623712e+00,1.679589843750000000e+03
5.980680272108843454e+00,1.765722656250000000e+03
5.983492063492063195e+00,1.765722656250000000e+03
5.986303854875282937e+00,2.239453125000000000e+03
5.989115646258503567e+00,1.593457031250000000e+03
5.991927437641723309e+00,1.593457031250000000e+03
5.994739229024943050e+00,1.593457031250000000e+03
5.997551020408162792e+00,1.593457031250000000e+03
6.000362811791383422e+00,1.593457031250000000e+03
6.003174603174603163e+00,1.593457031250000000e+03
6.005986394557822905e+00,2.239453125000000000e+03
6.008798185941042647e+00,2.239453125000000000e+03
6.011609977324262388e+00,2.239453125000000000e+03
6.014421768707483018e+00,2.282519531250000000e+03
6.017233560090702760e+00,2.282519531250000000e+03
6.020045351473922501e+00,2.239453125000000000e+03
6.022857142857142243e+00,2.239453125000000000e+03
6.025668934240362873e+00,2.239453125000000000e+03
6.028480725623582615e+00,2.239453125000000000e+03
6.031292517006802356e+00,2.282519531250000000e+03
6.034104308390022098e+00,9.216210937500000000e+03
6.036916099773242728e+00,9.216210937500000000e+03
6.039727891156462469e+00,2.282519531250000000e+03
6.042539682539682211e+00,2.282519531250000000e+03
6.045351473922901953e+00,2.282519531250000000e+03
6.048163265306122582e+00,2.325585937500000000e+03
6.050975056689342324e+00,2.325585937500000000e+03
6.053786848072562066e+00,2.325585937500000000e+03
6.056598639455781807e+00,2.325585937500000000e+03
6.059410430839002437e+00,2.282519531250000000e+03
6.062222222222222179e+00,2.282519531250000000e+03
6.065034013605441920e+00,1.507324218750000000e+03
6.067845804988661662e+00,1.507324218750000000e+03
6.070657596371882292e+00,1.507324218750000000e+03
6.073469387755102034e+00,1.550390625000000000e+03
6.076281179138321775e+00,1.550390625000000000e+03
6.079092970521541517e+00,1.550390625000000000e+03
6.081904761904761259e+00,1.550390625000000000e+03
6.084716553287981888e+00,1.248925781250000000e+03
6.087528344671201630e+00,1.248925781250000000e+03
6.090340136054421372e+00,1.248925781250000000e+03
6.093151927437641113e+00,1.248925781250000000e+03
6.095963718820861743e+00,1.248925781250000000e+03
6.098775510204081485e+00,6.890625000000000000e+02
6.101587301587301226e+00,6.890625000000000000e+02
6.104399092970520968e+00,6.890625000000000000e+02
6.107210884353741598e+00,6.890625000000000000e+02
6.110022675736961340e+00,6.890625000000000000e+02
6.112834467120181081e+00,6.890625000000000000e+02
6.115646258503400823e+00,6.890625000000000000e+02
6.118458049886621453e+00,6.890625000000000000e+02
6.121269841269841194e+00,6.890625000000000000e+02
6.124081632653060936e+00,6.890625000000000000e+02
6.126893424036280678e+00,6.890625000000000000e+02
6.129705215419501307e+00,6.890625000000000000e+02
6.132517006802721049e+00,6.890625000000000000e+02
6.135328798185940791e+00,6.890625000000000000e+02
6.138140589569160532e+00,6.890625000000000000e+02
6.140952380952380274e+00,6.890625000000000000e+02
6.143764172335600904e+00,6.890625000000000000e+02
6.146575963718820645e+00,6.890625000000000000e+02
6.149387755102040387e+00,2.454785156250000000e+03
6.152199546485260129e+00,2.454785156250000000e+03
6.155011337868480759e+00,2.325585937500000000e+03
6.157823129251700500e+00,2.239453125000000000e+03
6.160634920634920242e+00,2.239453125000000000e+03
6.163446712018139984e+00,2.239453125000000000e+03
6.166258503401360613e+00,2.196386718750000000e+03
6.169070294784580355e+00,2.196386718750000000e+03
6.171882086167800097e+00,2.196386718750000000e+03
6.174693877551019838e+00,2.411718750000000000e+03
6.177505668934240468e+00,2.411718750000000000e+03
6.180317460317460210e+00,2.368652343750000000e+03
6.183129251700679951e+00,2.368652343750000000e+03
6.185941043083899693e+00,2.627050781250000000e+03
6.188752834467120323e+00,1.981054687500000000e+03
6.191564625850340065e+00,1.981054687500000000e+03
6.194376417233559806e+00,1.981054687500000000e+03
6.197188208616779548e+00,2.325585937500000000e+03
6.200000000000000178e+00,2.325585937500000000e+03
6.202811791383219919e+00,2.368652343750000000e+03
6.205623582766439661e+00,2.411718750000000000e+03
6.208435374149659403e+00,1.937988281250000000e+03
6.211247165532879144e+00,1.765722656250000000e+03
6.214058956916099774e+00,1.765722656250000000e+03
6.216870748299319516e+00,1.765722656250000000e+03
6.219682539682539257e+00,1.722656250000000000e+03
6.222494331065758999e+00,1.851855468750000000e+03
6.225306122448979629e+00,1.765722656250000000e+03
6.228117913832199370e+00,1.808789062500000000e+03
6.230929705215419112e+00,1.808789062500000000e+03
6.233741496598638854e+00,1.808789062500000000e+03
6.236553287981859484e+00,1.808789062500000000e+03
6.239365079365079225e+00,1.808789062500000000e+03
6.242176870748298967e+00,1.593457031250000000e+03
6.244988662131518709e+00,1.593457031250000000e+03
6.247800453514739338e+00,1.593457031250000000e+03
6.250612244897959080e+00,1.593457031250000000e+03
6.253424036281178822e+00,1.593457031250000000e+03
6.256235827664398563e+00,1.636523437500000000e+03
6.259047619047619193e+00,1.636523437500000000e+03
6.261859410430838935e+00,1.291992187500000000e+03
6.264671201814058676e+00,1.291992187500000000e+03
6.267482993197278418e+00,1.335058593750000000e+03
6.270294784580499048e+00,1.593457031250000000e+03
6.273106575963718790e+00,1.593457031250000000e+03
6.275918367346938531e+00,2.153320312500000000e+02
6.278730158730158273e+00,2.153320312500000000e+02
6.281541950113378014e+00,2.153320312500000000e+02
6.284353741496598644e+00,2.153320312500000000e+02
6.287165532879818386e+00,1.636523437500000000e+03
6.289977324263038128e+00,1.636523437500000000e+03
6.292789115646257869e+00,1.636523437500000000e+03
6.295600907029478499e+00,2.153320312500000000e+02
6.298412698412698241e+00,1.679589843750000000e+03
6.301224489795917982e+00,1.679589843750000000e+03
6.304036281179137724e+00,1.937988281250000000e+03
6.306848072562358354e+00,1.507324218750000000e+03
6.309659863945578095e+00,1.464257812500000000e+03
6.312471655328797837e+00,1.464257812500000000e+03
6.315283446712017579e+00,1.464257812500000000e+03
6.318095238095238209e+00,1.378125000000000000e+03
6.320907029478457950e+00,9.216210937500000000e+03
6.323718820861677692e+00,9.216210937500000000e+03
6.326530612244897434e+00,9.216210937500000000e+03
6.329342403628118063e+00,9.173144531250000000e+03
6.332154195011337805e+00,7.881152343750000000e+03
6.334965986394557547e+00,1.115419921875000000e+04
6.337777777777777288e+00,1.115419921875000000e+04
6.340589569160997918e+00,1.115419921875000000e+04
6.343401360544217660e+00,1.111113281250000000e+04
6.346213151927437401e+00,9.173144531250000000e+03
6.349024943310657143e+00,9.173144531250000000e+03
6.351836734693876885e+00,9.216210937500000000e+03
6.354648526077097515e+00,1.149873046875000000e+04
6.357460317460317256e+00,6.761425781250000000e+03
6.360272108843536998e+00,6.589160156250000000e+03
6.363083900226756739e+00,6.330761718750000000e+03
6.365895691609977369e+00,6.330761718750000000e+03
6.368707482993197111e+00,1.765722656250000000e+03
6.371519274376416853e+00,1.765722656250000000e+03
6.374331065759636594e+00,2.325585937500000000e+03
6.377142857142857224e+00,2.325585937500000000e+03
6.379954648526076966e+00,2.325585937500000000e+03
6.382766439909296707e+00,2.325585937500000000e+03
6.385578231292516449e+00,1.076660156250000000e+03
6.388390022675737079e+00,1.722656250000000000e+03
6.391201814058956820e+00,1.722656250000000000e+03
6.394013605442176562e+00,1.722656250000000000e+03
6.396825396825396304e+00,1.808789062500000000e+03
6.399637188208616934e+00,1.808789062500000000e+03
6.402448979591836675e+00,1.808789062500000000e+03
6.405260770975056417e+00,1.033593750000000000e+03
6.408072562358276159e+00,1.033593750000000000e+03
6.410884353741496788e+00,1.033593750000000000e+03
6.413696145124716530e+00,1.076660156250000000e+03
6.416507936507936272e+00,1.076660156250000000e+03
6.419319727891156013e+00,1.076660156250000000e+03
6.422131519274375755e+00,1.076660156250000000e+03
6.424943310657596385e+00,1.076660156250000000e+03
6.427755102040816126e+00,1.421191406250000000e+03
6.430566893424035868e+00,1.421191406250000000e+03
6.433378684807255610e+00,1.421191406250000000e+03
6.436190476190476240e+00,1.421191406250000000e+03
6.439002267573695981e+00,1.421191406250000000e+03
6.441814058956915723e+00,2.153320312500000000e+03
6.444625850340135464e+00,2.153320312500000000e+03
6.447437641723356094e+00,1.033593750000000000e+03
6.450249433106575836e+00,1.033593750000000000e+03
6.453061224489795578e+00,1.248925781250000000e+03
6.455873015873015319e+00,1.291992187500000000e+03
6.458684807256235949e+00,1.291992187500000000e+03
6.461496598639455691e+00,1.291992187500000000e+03
6.464308390022675432e+00,1.291992187500000000e+03
6.467120181405895174e+00,1.291992187500000000e+03
6.469931972789115804e+00,1.248925781250000000e+03
6.472743764172335545e+00,1.248925781250000000e+03
6.475555555555555287e+00,1.248925781250000000e+03
6.478367346938775029e+00,1.291992187500000000e+03
6.481179138321995659e+00,1.291992187500000000e+03
6.483990929705215400e+00,1.248925781250000000e+03
6.486802721088435142e+00,1.464257812500000000e+03
6.489614512471654884e+00,1.464257812500000000e+03
6.492426303854874625e+00,1.291992187500000000e+03
6.495238095238095255e+00,1.291992187500000000e+03
6.498049886621314997e+00,1.421191406250000000e+03
6.500861678004534738e+00,1.421191406250000000e+03
6.503673469387754480e+00,6.459960937500000000e+02
6.506485260770975110e+00,6.459960937500000000e+02
6.509297052154194851e+00,6.459960937500000000e+02
6.512108843537414593e+00,6.459960937500000000e+02
6.514920634920634335e+00,6.459960937500000000e+02
6.517732426303854965e+00,6.459960937500000000e+02
6.520544217687074706e+00,6.459960937500000000e+02
6.523356009070294448e+00,6.459960937500000000e+02
6.526167800453514189e+00,6.459960937500000000e+02
6.528979591836734819e+00,6.459960937500000000e+02
6.531791383219954561e+00,6.459960937500000000e+02
6.534603174603174303e+00,6.459960937500000000e+02
6.537414965986394044e+00,6.459960937500000000e+02
6.540226757369614674e+00,6.459960937500000000e+02
6.543038548752834416e+00,6.459960937500000000e+02
6.545850340136054157e+00,6.459960937500000000e+02
6.548662131519273899e+00,6.459960937500000000e+02
6.551473922902494529e+00,6.459960937500000000e+02
6.554285714285714270e+00,6.459960937500000000e+02
6.557097505668934012e+00,6.459960937500000000e+02
6.559909297052153754e+00,6.459960937500000000e+02
6.562721088435373495e+00,6.459960937500000000e+02
6.565532879818594125e+00,6.459960937500000000e+02
6.568344671201813867e+00,6.459960937500000000e+02
6.571156462585033609e+00,6.459960937500000000e+02
6.573968253968253350e+00,6.459960937500000000e+02
6.576780045351473980e+00,6.459960937500000000e+02
6.579591836734693722e+00,6.459960937500000000e+02
6.582403628117913463e+00,6.459960937500000000e+02
6.585215419501133205e+00,1.765722656250000000e+03
6.588027210884353835e+00,1.765722656250000000e+03
6.590839002267573576e+00,1.722656250000000000e+03
6.593650793650793318e+00,1.722656250000000000e+03
6.596462585034013060e+00,6.459960937500000000e+02
6.599274376417233690e+00,6.459960937500000000e+02
6.602086167800453431e+00,1.291992187500000000e+03
6.604897959183673173e+00,1.291992187500000000e+03
6.607709750566892914e+00,1.291992187500000000e+03
6.610521541950113544e+00,1.291992187500000000e+03
6.613333333333333286e+00,1.421191406250000000e+03
6.616145124716553028e+00,1.205859375000000000e+03
6.618956916099772769e+00,1.205859375000000000e+03
6.621768707482993399e+00,1.507324218750000000e+03
6.624580498866213141e+00,1.507324218750000000e+03
6.627392290249432882e+00,1.679589843750000000e+03
6.630204081632652624e+00,1.679589843750000000e+03
6.633015873015872366e+00,1.679589843750000000e+03
6.635827664399092995e+00,1.550390625000000000e+03
6.638639455782312737e+00,1.593457031250000000e+03
6.641451247165532479e+00,1.550390625000000000e+03
6.644263038548752220e+00,1.550390625000000000e+03
6.647074829931972850e+00,1.507324218750000000e+03
6.649886621315192592e+00,1.507324218750000000e+03
6.652698412698412334e+00,1.464257812500000000e+03
6.655510204081632075e+00,1.464257812500000000e+03
6.658321995464852705e+00,1.679589843750000000e+03
6.661133786848072447e+00,1.679589843750000000e+03
6.663945578231292188e+00,1.636523437500000000e+03
6.666757369614511930e+00,1.636523437500000000e+03
6.669569160997732560e+00,1.636523437500000000e+03
6.672380952380952301e+00,1.636523437500000000e+03
6.675192743764172043e+00,1.636523437500000000e+03
6.678004535147391785e+00,1.636523437500000000e+03
6.680816326530612415e+00,1.679589843750000000e+03
6.683628117913832156e+00,1.851855468750000000e+03
6.686439909297051898e+00,1.593457031250000000e+03
6.689251700680271639e+00,1.593457031250000000e+03
6.692063492063492269e+00,1.593457031250000000e+03
6.694875283446712011e+00,1.765722656250000000e+03
6.697687074829931753e+00,1.765722656250000000e+03
6.700498866213151494e+00,1.765722656250000000e+03
6.703310657596371236e+00,1.722656250000000000e+03
6.706122448979591866e+00,1.765722656250000000e+03
6.708934240362811607e+00,1.765722656250000000e+03
6.711746031746031349e+00,1.679589843750000000e+03
6.714557823129251091e+00,1.679589843750000000e+03
6.717369614512471721e+00,1.722656250000000000e+03
6.720181405895691462e+00,1.722656250000000000e+03
6.722993197278911204e+00,1.679589843750000000e+03
6.725804988662130945e+00,1.894921875000000000e+03
6.728616780045351575e+00,1.894921875000000000e+03
6.731428571428571317e+00,1.894921875000000000e+03
6.734240362811791059e+00,1.894921875000000000e+03
6.737052154195010800e+00,1.894921875000000000e+03
6.739863945578231430e+00,1.894921875000000000e+03
6.742675736961451172e+00,1.894921875000000000e+03
6.745487528344670913e+00,1.894921875000000000e+03
6.748299319727890655e+00,1.894921875000000000e+03
6.751111111111111285e+00,2.067187500000000000e+03
6.753922902494331026e+00,2.067187500000000000e+03
6.756734693877550768e+00,2.067187500000000000e+03
6.759546485260770510e+00,2.067187500000000000e+03
6.762358276643990251e+00,2.024121093750000000e+03
6.765170068027210881e+00,2.024121093750000000e+03
6.767981859410430623e+00,2.024121093750000000e+03
6.770793650793650365e+00,1.464257812500000000e+03
6.773605442176870106e+00,1.722656250000000000e+03
6.776417233560090736e+00,1.679589843750000000e+03
6.779229024943310478e+00,1.679589843750000000e+03
6.782040816326530219e+00,1.679589843750000000e+03
6.784852607709749961e+00,1.722656250000000000e+03
6.787664399092970591e+00,1.722656250000000000e+03
6.790476190476190332e+00,1.722656250000000000e+03
6.793287981859410074e+00,1.679589843750000000e+03
6.796099773242629816e+00,2.110253906250000000e+03
6.798911564625850446e+00,2.110253906250000000e+03
6.801723356009070187e+00,1.894921875000000000e+03
6.804535147392289929e+00,1.722656250000000000e+03
6.807346938775509670e+00,1.679589843750000000e+03
6.810158730158730300e+00,1.679589843750000000e+03
6.812970521541950042e+00,1.679589843750000000e+03
6.815782312925169784e+00,1.679589843750000000e+03
6.818594104308389525e+00,2.239453125000000000e+03
6.821405895691610155e+00,1.722656250000000000e+03
6.824217687074829897e+00,2.067187500000000000e+03
6.827029478458049638e+00,2.067187500000000000e+03
6.829841269841269380e+00,1.765722656250000000e+03
6.832653061224489122e+00,1.765722656250000000e+03
6.835464852607709751e+00,1.765722656250000000e+03
6.838276643990929493e+00,1.722656250000000000e+03
6.841088435374149235e+00,1.722656250000000000e+03
6.843900226757368976e+00,1.679589843750000000e+03
6.846712018140589606e+00,1.679589843750000000e+03
6.849523809523809348e+00,1.679589843750000000e+03
6.852335600907029090e+00,1.722656250000000000e+03
6.855147392290248831e+00,1.593457031250000000e+03
6.857959183673469461e+00,1.593457031250000000e+03
6.860770975056689203e+00,1.636523437500000000e+03
6.863582766439908944e+00,1.636523437500000000e+03
6.866394557823128686e+00,1.636523437500000000e+03
6.869206349206349316e+00,1.593457031250000000e+03
6.872018140589569057e+00,1.593457031250000000e+03
6.874829931972788799e+00,1.593457031250000000e+03
6.877641723356008541e+00,1.593457031250000000e+03
6.880453514739229171e+00,1.593457031250000000e+03
6.883265306122448912e+00,1.593457031250000000e+03
6.886077097505668654e+00,1.593457031250000000e+03
6.888888888888888395e+00,1.593457031250000000e+03
6.891700680272109025e+00,1.593457031250000000e+03
6.894512471655328767e+00,1.636523437500000000e+03
6.897324263038548509e+00,1.636523437500000000e+03
6.900136054421768250e+00,1.636523437500000000e+03
6.902947845804987992e+00,1.593457031250000000e+03
6.905759637188208622e+00,1.593457031250000000e+03
6.908571428571428363e+00,1.765722656250000000e+03
6.911383219954648105e+00,1.765722656250000000e+03
6.914195011337867847e+00,1.722656250000000000e+03
6.917006802721088476e+00,1.722656250000000000e+03
6.919818594104308218e+00,1.722656250000000000e+03
6.922630385487527960e+00,1.722656250000000000e+03
6.925442176870747701e+00,1.722656250000000000e+03
6.928253968253968331e+00,1.722656250000000000e+03
6.931065759637188073e+00,1.722656250000000000e+03
6.933877551020407815e+00,1.765722656250000000e+03
6.936689342403627556e+00,1.765722656250000000e+03
6.939501133786848186e+00,1.765722656250000000e+03
6.942312925170067928e+00,1.636523437500000000e+03
6.945124716553287669e+00,1.636523437500000000e+03
6.947936507936507411e+00,1.636523437500000000e+03
6.950748299319728041e+00,1.464257812500000000e+03
6.953560090702947782e+00,1.507324218750000000e+03
6.956371882086167524e+00,1.335058593750000000e+03
6.959183673469387266e+00,1.550390625000000000e+03
6.961995464852607896e+00,1.550390625000000000e+03
6.964807256235827637e+00,1.593457031250000000e+03
6.967619047619047379e+00,1.550390625000000000e+03
6.970430839002267120e+00,1.291992187500000000e+03
6.973242630385486862e+00,1.291992187500000000e+03
6.976054421768707492e+00,1.291992187500000000e+03
6.978866213151927234e+00,1.507324218750000000e+03
6.981678004535146975e+00,1.507324218750000000e+03
6.984489795918366717e+00,1.464257812500000000e+03
6.987301587301587347e+00,1.291992187500000000e+03
6.990113378684807088e+00,1.291992187500000000e+03
6.992925170068026830e+00,1.248925781250000000e+03
6.995736961451246572e+00,1.248925781250000000e+03
6.998548752834467201e+00,1.248925781250000000e+03
7.001360544217686943e+00,1.421191406250000000e+03
7.004172335600906685e+00,1.421191406250000000e+03
7.006984126984126426e+00,1.248925781250000000e+03
7.009795918367347056e+00,1.507324218750000000e+03
7.012607709750566798e+00,2.540917968750000000e+03
7.015419501133786540e+00,2.497851562500000000e+03
7.018231292517006281e+00,2.497851562500000000e+03
7.021043083900226911e+00,1.291992187500000000e+03
7.023854875283446653e+00,1.291992187500000000e+03
7.026666666666666394e+00,1.119726562500000000e+03
7.029478458049886136e+00,1.248925781250000000e+03
7.032290249433106766e+00,1.205859375000000000e+03
7.035102040816326507e+00,1.248925781250000000e+03
7.037913832199546249e+00,1.248925781250000000e+03
7.040725623582765991e+00,1.248925781250000000e+03
7.043537414965985732e+00,2.282519531250000000e+03
7.046349206349206362e+00,1.248925781250000000e+03
7.049160997732426104e+00,1.248925781250000000e+03
7.051972789115645845e+00,1.248925781250000000e+03
7.054784580498865587e+00,1.248925781250000000e+03
7.057596371882086217e+00,1.291992187500000000e+03
7.060408163265305959e+00,1.291992187500000000e+03
7.063219954648525700e+00,1.291992187500000000e+03
7.066031746031745442e+00,1.335058593750000000e+03
7.068843537414966072e+00,1.335058593750000000e+03
7.071655328798185813e+00,1.335058593750000000e+03
7.074467120181405555e+00,1.550390625000000000e+03
7.077278911564625297e+00,1.550390625000000000e+03
7.080090702947845926e+00,1.550390625000000000e+03
7.082902494331065668e+00,1.507324218750000000e+03
7.085714285714285410e+00,2.153320312500000000e+02
7.088526077097505151e+00,2.153320312500000000e+02
7.091337868480725781e+00,1.248925781250000000e+03
7.094149659863945523e+00,1.291992187500000000e+03
7.096961451247165265e+00,1.291992187500000000e+03
7.099773242630385006e+00,1.248925781250000000e+03
7.102585034013605636e+00,1.248925781250000000e+03
7.105396825396825378e+00,1.593457031250000000e+03
7.108208616780045119e+00,1.679589843750000000e+03
7.111020408163264861e+00,1.679589843750000000e+03
7.113832199546484603e+00,1.679589843750000000e+03
7.116643990929705232e+00,1.679589843750000000e+03
7.119455782312924974e+00,1.679589843750000000e+03
7.122267573696144716e+00,1.679589843750000000e+03
7.125079365079364457e+00,1.679589843750000000e+03
7.127891156462585087e+00,1.636523437500000000e+03
7.130702947845804829e+00,1.636523437500000000e+03
7.133514739229024570e+00,1.851855468750000000e+03
7.136326530612244312e+00,1.550390625000000000e+03
7.139138321995464942e+00,1.550390625000000000e+03
7.141950113378684684e+00,1.765722656250000000e+03
7.144761904761904425e+00,1.765722656250000000e+03
7.147573696145124167e+00,1.808789062500000000e+03
7.150385487528344797e+00,1.808789062500000000e+03
7.153197278911564538e+00,1.593457031250000000e+03
7.156009070294784280e+00,1.593457031250000000e+03
7.158820861678004022e+00,1.593457031250000000e+03
7.161632653061224651e+00,2.239453125000000000e+03
7.164444444444444393e+00,2.196386718750000000e+03
7.167256235827664135e+00,2.196386718750000000e+03
7.170068027210883876e+00,2.196386718750000000e+03
7.172879818594104506e+00,2.196386718750000000e+03
7.175691609977324248e+00,2.411718750000000000e+03
7.178503401360543990e+00,2.368652343750000000e+03
7.181315192743763731e+00,2.368652343750000000e+03
7.184126984126983473e+00,2.368652343750000000e+03
7.186938775510204103e+00,2.325585937500000000e+03
7.189750566893423844e+00,1.722656250000000000e+03
7.192562358276643586e+00,1.722656250000000000e+03
7.195374149659863328e+00,2.325585937500000000e+03
7.198185941043083957e+00,2.325585937500000000e+03
7.200997732426303699e+00,2.368652343750000000e+03
7.203809523809523441e+00,1.894921875000000000e+03
7.206621315192743182e+00,1.894921875000000000e+03
7.209433106575963812e+00,1.894921875000000000e+03
7.212244897959183554e+00,1.894921875000000000e+03
7.215056689342403295e+00,1.765722656250000000e+03
7.217868480725623037e+00,2.842382812500000000e+03
7.220680272108843667e+00,2.842382812500000000e+03
7.223492063492063409e+00,2.842382812500000000e+03
7.226303854875283150e+00,2.799316406250000000e+03
7.229115646258502892e+00,2.799316406250000000e+03
7.231927437641723522e+00,2.799316406250000000e+03
7.234739229024943263e+00,2.799316406250000000e+03
7.237551020408163005e+00,2.799316406250000000e+03
7.240362811791382747e+00,1.808789062500000000e+03
7.243174603174603376e+00,1.808789062500000000e+03
7.245986394557823118e+00,1.808789062500000000e+03
7.248798185941042860e+00,2.713183593750000000e+03
7.251609977324262601e+00,2.713183593750000000e+03
7.254421768707482343e+00,2.713183593750000000e+03
7.257233560090702973e+00,2.799316406250000000e+03
7.260045351473922715e+00,1.464257812500000000e+03
7.262857142857142456e+00,1.291992187500000000e+03
7.265668934240362198e+00,1.291992187500000000e+03
7.268480725623582828e+00,1.291992187500000000e+03
7.271292517006802569e+00,6.459960937500000000e+02
7.274104308390022311e+00,6.459960937500000000e+02
7.276916099773242053e+00,2.756250000000000000e+03
7.279727891156462682e+00,6.029296875000000000e+02
7.282539682539682424e+00,6.029296875000000000e+02
7.285351473922902166e+00,6.029296875000000000e+02
7.288163265306121907e+00,6.029296875000000000e+02
7.290975056689342537e+00,6.029296875000000000e+02
7.293786848072562279e+00,6.029296875000000000e+02
7.296598639455782020e+00,6.029296875000000000e+02
7.299410430839001762e+00,6.029296875000000000e+02
7.302222222222222392e+00,6.029296875000000000e+02
7.305034013605442134e+00,6.029296875000000000e+02
7.307845804988661875e+00,6.029296875000000000e+02
7.310657596371881617e+00,1.894921875000000000e+03
7.313469387755102247e+00,1.894921875000000000e+03
7.316281179138321988e+00,1.894921875000000000e+03
7.319092970521541730e+00,1.894921875000000000e+03
7.321904761904761472e+00,1.851855468750000000e+03
7.324716553287981213e+00,1.851855468750000000e+03
7.327528344671201843e+00,1.808789062500000000e+03
7.330340136054421585e+00,1.808789062500000000e+03
7.333151927437641326e+00,1.808789062500000000e+03
7.335963718820861068e+00,1.765722656250000000e+03
7.338775510204081698e+00,1.765722656250000000e+03
7.341587301587301440e+00,1.765722656250000000e+03
7.344399092970521181e+00,1.765722656250000000e+03
7.347210884353740923e+00,1.765722656250000000e+03
7.350022675736961553e+00,1.722656250000000000e+03
7.352834467120181294e+00,1.722656250000000000e+03
7.355646258503401036e+00,1.722656250000000000e+03
7.358458049886620778e+00,1.722656250000000000e+03
7.361269841269841407e+00,1.722656250000000000e+03
7.364081632653061149e+00,1.722656250000000000e+03
7.366893424036280891e+00,1.894921875000000000e+03
7.369705215419500632e+00,1.937988281250000000e+03
7.372517006802721262e+00,1.937988281250000000e+03
7.375328798185941004e+00,1.937988281250000000e+03
7.378140589569160745e+00,1.937988281250000000e+03
7.380952380952380487e+00,1.722656250000000000e+03
7.383764172335600229e+00,1.722656250000000000e+03
7.386575963718820859e+00,1.765722656250000000e+03
7.389387755102040600e+00,1.765722656250000000e+03
7.392199546485260342e+00,1.765722656250000000e+03
7.395011337868480084e+00,1.765722656250000000e+03
7.397823129251700713e+00,1.765722656250000000e+03
7.400634920634920455e+00,1.765722656250000000e+03
7.403446712018140197e+00,1.765722656250000000e+03
7.406258503401359938e+00,1.765722656250000000e+03
7.409070294784580568e+00,1.765722656250000000e+03
7.411882086167800310e+00,1.765722656250000000e+03
7.414693877551020051e+00,1.765722656250000000e+03
7.417505668934239793e+00,1.765722656250000000e+03
7.420317460317460423e+00,1.765722656250000000e+03
7.423129251700680165e+00,1.765722656250000000e+03
7.425941043083899906e+00,1.765722656250000000e+03
7.428752834467119648e+00,1.765722656250000000e+03
7.431564625850340278e+00,1.550390625000000000e+03
7.434376417233560019e+00,1.550390625000000000e+03
7.437188208616779761e+00,1.507324218750000000e+03
7.439999999999999503e+00,1.507324218750000000e+03
7.442811791383220132e+00,2.153320312500000000e+03
7.445623582766439874e+00,1.033593750000000000e+03
7.448435374149659616e+00,1.033593750000000000e+03
7.451247165532879357e+00,1.248925781250000000e+03
7.454058956916099099e+00,1.248925781250000000e+03
7.456870748299319729e+00,1.291992187500000000e+03
7.459682539682539471e+00,1.291992187500000000e+03
7.462494331065759212e+00,1.291992187500000000e+03
7.465306122448978954e+00,1.291992187500000000e+03
7.468117913832199584e+00,1.291992187500000000e+03
7.470929705215419325e+00,1.248925781250000000e+03
7.473741496598639067e+00,1.248925781250000000e+03
7.476553287981858809e+00,1.248925781250000000e+03
7.479365079365079438e+00,1.291992187500000000e+03
7.482176870748299180e+00,1.248925781250000000e+03
7.484988662131518922e+00,1.248925781250000000e+03
7.487800453514738663e+00,1.464257812500000000e+03
7.490612244897959293e+00,1.464257812500000000e+03
7.493424036281179035e+00,1.291992187500000000e+03
7.496235827664398776e+00,1.291992187500000000e+03
7.499047619047618518e+00,1.421191406250000000e+03
7.501859410430839148e+00,1.421191406250000000e+03
7.504671201814058890e+00,1.679589843750000000e+03
7.507482993197278631e+00,1.421191406250000000e+03
7.510294784580498373e+00,1.507324218750000000e+03
7.513106575963719003e+00,1.464257812500000000e+03
7.515918367346938744e+00,1.464257812500000000e+03
7.518730158730158486e+00,1.507324218750000000e+03
7.521541950113378228e+00,1.593457031250000000e+03
7.524353741496597969e+00,1.593457031250000000e+03
7.527165532879818599e+00,1.593457031250000000e+03
7.529977324263038341e+00,1.593457031250000000e+03
7.532789115646258082e+00,1.593457031250000000e+03
7.535600907029477824e+00,1.593457031250000000e+03
7.538412698412698454e+00,1.593457031250000000e+03
7.541224489795918196e+00,1.593457031250000000e+03
7.544036281179137937e+00,1.550390625000000000e+03
7.546848072562357679e+00,1.593457031250000000e+03
7.549659863945578309e+00,1.593457031250000000e+03
7.552471655328798050e+00,1.593457031250000000e+03
7.555283446712017792e+00,1.593457031250000000e+03
7.558095238095237534e+00,1.593457031250000000e+03
7.560907029478458163e+00,1.593457031250000000e+03
7.563718820861677905e+00,1.593457031250000000e+03
7.566530612244897647e+00,1.593457031250000000e+03
7.569342403628117388e+00,1.550390625000000000e+03
7.572154195011338018e+00,1.550390625000000000e+03
7.574965986394557760e+00,1.550390625000000000e+03
7.577777777777777501e+00,1.722656250000000000e+03
7.580589569160997243e+00,1.722656250000000000e+03
7.583401360544217873e+00,1.722656250000000000e+03
7.586213151927437615e+00,1.722656250000000000e+03
7.589024943310657356e+00,1.722656250000000000e+03
7.591836734693877098e+00,1.722656250000000000e+03
7.594648526077096840e+00,1.722656250000000000e+03
7.597460317460317469e+00,1.722656250000000000e+03
7.600272108843537211e+00,1.291992187500000000e+02
7.603083900226756953e+00,1.291992187500000000e+02
7.605895691609976694e+00,1.291992187500000000e+02
7.608707482993197324e+00,1.421191406250000000e+03
7.611519274376417066e+00,2.153320312500000000e+02
7.614331065759636807e+00,2.153320312500000000e+02
7.617142857142856549e+00,1.722656250000000000e+02
7.619954648526077179e+00,1.722656250000000000e+02
7.622766439909296921e+00,1.722656250000000000e+02
7.625578231292516662e+00,1.679589843750000000e+03
7.628390022675736404e+00,1.679589843750000000e+03
7.631201814058957034e+00,1.679589843750000000e+03
7.634013605442176775e+00,1.679589843750000000e+03
7.636825396825396517e+00,1.636523437500000000e+03
7.639637188208616259e+00,1.636523437500000000e+03
7.642448979591836888e+00,1.550390625000000000e+03
7.645260770975056630e+00,1.291992187500000000e+02
7.648072562358276372e+00,1.636523437500000000e+03
7.650884353741496113e+00,1.636523437500000000e+03
7.653696145124716743e+00,1.636523437500000000e+03
7.656507936507936485e+00,1.291992187500000000e+02
7.659319727891156226e+00,1.679589843750000000e+03
7.662131519274375968e+00,1.679589843750000000e+03
7.664943310657595710e+00,1.636523437500000000e+03
7.667755102040816340e+00,1.636523437500000000e+03
7.670566893424036081e+00,1.636523437500000000e+03
7.673378684807255823e+00,1.636523437500000000e+03
7.676190476190475565e+00,1.636523437500000000e+03
7.679002267573696194e+00,1.636523437500000000e+03
7.681814058956915936e+00,1.593457031250000000e+03
7.684625850340135678e+00,1.808789062500000000e+03
7.687437641723355419e+00,1.593457031250000000e+03
7.690249433106576049e+00,1.593457031250000000e+03
7.693061224489795791e+00,1.593457031250000000e+03
7.695873015873015532e+00,1.593457031250000000e+03
7.698684807256235274e+00,1.636523437500000000e+03
7.701496598639455904e+00,1.679589843750000000e+03
7.704308390022675646e+00,1.722656250000000000e+03
7.707120181405895387e+00,1.722656250000000000e+03
7.709931972789115129e+00,1.722656250000000000e+03
7.712743764172335759e+00,2.024121093750000000e+03
7.715555555555555500e+00,2.024121093750000000e+03
7.718367346938775242e+00,2.024121093750000000e+03
7.721179138321994984e+00,2.024121093750000000e+03
7.723990929705215613e+00,2.024121093750000000e+03
7.726802721088435355e+00,2.024121093750000000e+03
7.729614512471655097e+00,2.024121093750000000e+03
7.732426303854874838e+00,2.196386718750000000e+03
7.735238095238094580e+00,2.196386718750000000e+03
7.738049886621315210e+00,2.196386718750000000e+03
7.740861678004534951e+00,2.196386718750000000e+03
7.743673469387754693e+00,2.196386718750000000e+03
7.746485260770974435e+00,2.196386718750000000e+03
7.749297052154195065e+00,2.196386718750000000e+03
7.752108843537414806e+00,2.196386718750000000e+03
7.754920634920634548e+00,2.153320312500000000e+03
7.757732426303854290e+00,2.153320312500000000e+03
7.760544217687074919e+00,2.325585937500000000e+03
7.763356009070294661e+00,2.325585937500000000e+03
7.766167800453514403e+00,2.282519531250000000e+03
7.768979591836734144e+00,2.282519531250000000e+03
7.771791383219954774e+00,2.282519531250000000e+03
7.774603174603174516e+00,2.282519531250000000e+03
7.777414965986394257e+00,2.282519531250000000e+03
7.780226757369613999e+00,2.024121093750000000e+03
7.783038548752834629e+00,2.024121093750000000e+03
7.785850340136054371e+00,1.679589843750000000e+03
7.788662131519274112e+00,1.722656250000000000e+03
7.791473922902493854e+00,1.722656250000000000e+03
7.794285714285714484e+00,1.679589843750000000e+03
7.797097505668934225e+00,2.110253906250000000e+03
7.799909297052153967e+00,2.110253906250000000e+03
7.802721088435373709e+00,1.851855468750000000e+03
7.805532879818593450e+00,1.679589843750000000e+03
7.808344671201814080e+00,1.679589843750000000e+03
7.811156462585033822e+00,1.679589843750000000e+03
7.813968253968253563e+00,1.679589843750000000e+03
7.816780045351473305e+00,1.421191406250000000e+03
7.819591836734693935e+00,1.679589843750000000e+03
7.822403628117913676e+00,1.722656250000000000e+03
7.825215419501133418e+00,2.540917968750000000e+03
7.828027210884353160e+00,2.583984375000000000e+03
7.830839002267573790e+00,1.765722656250000000e+03
7.833650793650793531e+00,1.765722656250000000e+03
7.836462585034013273e+00,1.765722656250000000e+03
7.839274376417233015e+00,1.722656250000000000e+03
7.842086167800453644e+00,1.765722656250000000e+03
7.844897959183673386e+00,1.679589843750000000e+03
7.847709750566893128e+00,2.368652343750000000e+03
7.850521541950112869e+00,2.368652343750000000e+03
7.853333333333333499e+00,2.282519531250000000e+03
7.856145124716553241e+00,2.282519531250000000e+03
7.858956916099772982e+00,2.282519531250000000e+03
7.861768707482992724e+00,2.239453125000000000e+03
7.864580498866213354e+00,2.239453125000000000e+03
7.867392290249433096e+00,2.239453125000000000e+03
7.870204081632652837e+00,2.067187500000000000e+03
7.873015873015872579e+00,2.067187500000000000e+03
7.875827664399092320e+00,2.110253906250000000e+03
7.878639455782312950e+00,2.110253906250000000e+03
7.881451247165532692e+00,2.325585937500000000e+03
7.884263038548752434e+00,2.497851562500000000e+03
7.887074829931972175e+00,2.497851562500000000e+03
7.889886621315192805e+00,2.497851562500000000e+03
7.892698412698412547e+00,1.765722656250000000e+03
7.895510204081632288e+00,1.636523437500000000e+03
7.898321995464852030e+00,1.636523437500000000e+03
7.901133786848072660e+00,1.636523437500000000e+03
7.903945578231292401e+00,1.593457031250000000e+03
7.906757369614512143e+00,1.593457031250000000e+03
7.909569160997731885e+00,1.593457031250000000e+03
7.912380952380952515e+00,1.765722656250000000e+03
7.915192743764172256e+00,2.282519531250000000e+03
7.918004535147391998e+00,2.282519531250000000e+03
7.920816326530611740e+00,2.239453125000000000e+03
7.923628117913832369e+00,2.239453125000000000e+03
7.926439909297052111e+00,1.378125000000000000e+03
7.929251700680271853e+00,1.378125000000000000e+03
7.932063492063491594e+00,1.593457031250000000e+03
7.934875283446712224e+00,1.593457031250000000e+03
7.937687074829931966e+00,1.593457031250000000e+03
7.940498866213151707e+00,1.851855468750000000e+03
7.943310657596371449e+00,1.851855468750000000e+03
7.946122448979591191e+00,1.851855468750000000e+03
7.948934240362811821e+00,1.679589843750000000e+03
7.951746031746031562e+00,2.282519531250000000e+03
7.954557823129251304e+00,1.636523437500000000e+03
7.957369614512471045e+00,1.593457031250000000e+03
7.960181405895691675e+00,1.593457031250000000e+03
7.962993197278911417e+00,1.593457031250000000e+03
7.965804988662131159e+00,1.593457031250000000e+03
7.968616780045350900e+00,1.593457031250000000e+03
7.971428571428571530e+00,1.593457031250000000e+03
7.974240362811791272e+00,1.550390625000000000e+03
7.977052154195011013e+00,1.550390625000000000e+03
7.979863945578230755e+00,1.550390625000000000e+03
7.982675736961451385e+00,1.464257812500000000e+03
7.985487528344671126e+00,1.421191406250000000e+03
7.988299319727890868e+00,1.421191406250000000e+03
7.991111111111110610e+00,1.421191406250000000e+03
7.993922902494330351e+00,1.593457031250000000e+03
7.996734693877550093e+00,1.593457031250000000e+03
7.999546485260771611e+00,1.593457031250000000e+03
8.002358276643992241e+00,1.593457031250000000e+03
8.005170068027211983e+00,1.593457031250000000e+03
8.007981859410431724e+00,2.239453125000000000e+03
8.010793650793651466e+00,2.239453125000000000e+03
8.013605442176871207e+00,2.497851562500000000e+03
8.016417233560090949e+00,1.464257812500000000e+03
8.019229024943310691e+00,2.239453125000000000e+03
8.022040816326530432e+00,2.239453125000000000e+03
8.024852607709751950e+00,2.239453125000000000e+03
8.027664399092971692e+00,2.239453125000000000e+03
8.030476190476191434e+00,2.282519531250000000e+03
8.033287981859411175e+00,2.282519531250000000e+03
8.036099773242630917e+00,2.282519531250000000e+03
8.038911564625850659e+00,2.282519531250000000e+03
8.041723356009070400e+00,2.282519531250000000e+03
8.044535147392290142e+00,2.282519531250000000e+03
8.047346938775511660e+00,2.325585937500000000e+03
8.050158730158731402e+00,2.325585937500000000e+03
8.052970521541951143e+00,2.325585937500000000e+03
8.055782312925170885e+00,2.325585937500000000e+03
8.058594104308390627e+00,1.291992187500000000e+03
8.061405895691610368e+00,1.291992187500000000e+03
8.064217687074830110e+00,1.291992187500000000e+03
8.067029478458049851e+00,1.335058593750000000e+03
8.069841269841271370e+00,1.335058593750000000e+03
8.072653061224491111e+00,1.550390625000000000e+03
8.075464852607710853e+00,1.550390625000000000e+03
8.078276643990930594e+00,1.550390625000000000e+03
8.081088435374150336e+00,1.550390625000000000e+03
8.083900226757370078e+00,1.550390625000000000e+03
8.086712018140589819e+00,1.248925781250000000e+03
8.089523809523809561e+00,1.248925781250000000e+03
8.092335600907029303e+00,1.248925781250000000e+03
8.095147392290250821e+00,1.248925781250000000e+03
8.097959183673470562e+00,1.291992187500000000e+03
8.100770975056690304e+00,1.291992187500000000e+03
8.103582766439910046e+00,1.464257812500000000e+03
8.106394557823129787e+00,1.464257812500000000e+03
8.109206349206349529e+00,1.464257812500000000e+03
8.112018140589569271e+00,1.464257812500000000e+03
8.114829931972789012e+00,1.679589843750000000e+03
8.117641723356010530e+00,2.153320312500000000e+03
8.120453514739230272e+00,2.153320312500000000e+03
8.123265306122450014e+00,2.153320312500000000e+03
8.126077097505669755e+00,2.153320312500000000e+03
8.128888888888889497e+00,2.110253906250000000e+03
8.131700680272109238e+00,1.636523437500000000e+03
8.134512471655328980e+00,1.851855468750000000e+03
8.137324263038548722e+00,1.808789062500000000e+03
8.140136054421770240e+00,1.765722656250000000e+03
8.142947845804989981e+00,1.765722656250000000e+03
8.145759637188209723e+00,1.636523437500000000e+03
8.148571428571429465e+00,1.636523437500000000e+03
8.151383219954649206e+00,1.636523437500000000e+03
8.154195011337868948e+00,1.593457031250000000e+03
8.157006802721088690e+00,1.593457031250000000e+03
8.159818594104308431e+00,2.325585937500000000e+03
8.162630385487528173e+00,2.325585937500000000e+03
8.165442176870749691e+00,2.282519531250000000e+03
8.168253968253969433e+00,2.282519531250000000e+03
8.171065759637189174e+00,2.282519531250000000e+03
8.173877551020408916e+00,2.239453125000000000e+03
8.176689342403628658e+00,2.239453125000000000e+03
8.179501133786848399e+00,2.239453125000000000e+03
8.182312925170068141e+00,2.627050781250000000e+03
8.185124716553287882e+00,2.627050781250000000e+03
8.187936507936509400e+00,2.627050781250000000e+03
8.190748299319729142e+00,2.411718750000000000e+03
8.193560090702948884e+00,2.024121093750000000e+03
8.196371882086168625e+00,2.024121093750000000e+03
8.199183673469388367e+00,2.024121093750000000e+03
8.201995464852608109e+00,2.024121093750000000e+03
8.204807256235827850e+00,1.808789062500000000e+03
8.207619047619047592e+00,1.808789062500000000e+03
8.210430839002269110e+00,1.808789062500000000e+03
8.213242630385488852e+00,1.851855468750000000e+03
8.216054421768708593e+00,1.851855468750000000e+03
8.218866213151928335e+00,1.722656250000000000e+03
8.221678004535148077e+00,1.722656250000000000e+03
8.224489795918367818e+00,1.722656250000000000e+03
8.227301587301587560e+00,1.722656250000000000e+03
8.230113378684807302e+00,2.282519531250000000e+03
8.232925170068027043e+00,2.282519531250000000e+03
8.235736961451248561e+00,1.593457031250000000e+03
8.238548752834468303e+00,1.593457031250000000e+03
8.241360544217688044e+00,1.593457031250000000e+03
8.244172335600907786e+00,1.593457031250000000e+03
8.246984126984127528e+00,1.593457031250000000e+03
8.249795918367347269e+00,2.110253906250000000e+03
8.252607709750567011e+00,1.464257812500000000e+03
8.255419501133786753e+00,1.464257812500000000e+03
8.258231292517008271e+00,1.464257812500000000e+03
8.261043083900228012e+00,1.464257812500000000e+03
8.263854875283447754e+00,1.291992187500000000e+03
8.266666666666667496e+00,1.291992187500000000e+03
8.269478458049887237e+00,1.722656250000000000e+03
8.272290249433106979e+00,1.722656250000000000e+03
8.275102040816326721e+00,1.679589843750000000e+03
8.277913832199546462e+00,1.851855468750000000e+03
8.280725623582766204e+00,1.851855468750000000e+03
8.283537414965987722e+00,2.067187500000000000e+03
8.286349206349207464e+00,1.507324218750000000e+03
8.289160997732427205e+00,1.507324218750000000e+03
8.291972789115646947e+00,1.335058593750000000e+03
8.294784580498866688e+00,1.335058593750000000e+03
8.297596371882086430e+00,1.378125000000000000e+03
8.300408163265306172e+00,1.550390625000000000e+03
8.303219954648525913e+00,1.550390625000000000e+03
8.306031746031747431e+00,1.550390625000000000e+03
8.308843537414967173e+00,1.550390625000000000e+03
8.311655328798186915e+00,1.550390625000000000e+03
8.314467120181406656e+00,1.550390625000000000e+03
8.317278911564626398e+00,1.593457031250000000e+03
8.320090702947846140e+00,1.593457031250000000e+03
8.322902494331065881e+00,1.593457031250000000e+03
8.325714285714285623e+00,1.593457031250000000e+03
8.328526077097507141e+00,1.593457031250000000e+03
8.331337868480726883e+00,1.593457031250000000e+03
8.334149659863946624e+00,1.808789062500000000e+03
8.336961451247166366e+00,1.765722656250000000e+03
8.339773242630386108e+00,1.765722656250000000e+03
8.342585034013605849e+00,1.765722656250000000e+03
8.345396825396825591e+00,1.765722656250000000e+03
8.348208616780045332e+00,1.765722656250000000e+03
8.351020408163265074e+00,1.722656250000000000e+03
8.353832199546486592e+00,1.722656250000000000e+03
8.356643990929706334e+00,1.722656250000000000e+03
8.359455782312926075e+00,1.722656250000000000e+03
8.362267573696145817e+00,1.722656250000000000e+03
8.365079365079365559e+00,1.722656250000000000e+03
8.367891156462585300e+00,2.454785156250000000e+03
8.370702947845805042e+00,1.937988281250000000e+03
8.373514739229024784e+00,1.937988281250000000e+03
8.376326530612246302e+00,2.583984375000000000e+03
8.379138321995466043e+00,2.627050781250000000e+03
8.381950113378685785e+00,2.583984375000000000e+03
8.384761904761905527e+00,2.368652343750000000e+03
8.387573696145125268e+00,2.325585937500000000e+03
8.390385487528345010e+00,2.540917968750000000e+03
8.393197278911564752e+00,2.540917968750000000e+03
8.396009070294784493e+00,2.497851562500000000e+03
8.398820861678006011e+00,2.497851562500000000e+03
8.401632653061225753e+00,1.765722656250000000e+03
8.404444444444445494e+00,1.765722656250000000e+03
8.407256235827665236e+00,1.765722656250000000e+03
8.410068027210884978e+00,2.583984375000000000e+03
8.412879818594104719e+00,2.411718750000000000e+03
8.415691609977324461e+00,2.411718750000000000e+03
8.418503401360544203e+00,2.411718750000000000e+03
8.421315192743763944e+00,2.411718750000000000e+03
8.424126984126985462e+00,2.497851562500000000e+03
8.426938775510205204e+00,2.497851562500000000e+03
8.429750566893424946e+00,2.368652343750000000e+03
8.432562358276644687e+00,2.368652343750000000e+03
8.435374149659864429e+00,2.368652343750000000e+03
8.438185941043084171e+00,2.368652343750000000e+03
8.440997732426303912e+00,2.153320312500000000e+03
8.443809523809523654e+00,1.808789062500000000e+03
8.446621315192745172e+00,2.325585937500000000e+03
8.449433106575964914e+00,2.153320312500000000e+02
8.452244897959184655e+00,2.153320312500000000e+02
8.455056689342404397e+00,1.291992187500000000e+03
8.457868480725624138e+00,1.291992187500000000e+03
8.460680272108843880e+00,1.291992187500000000e+03
8.463492063492063622e+00,1.291992187500000000e+03
8.466303854875283363e+00,1.291992187500000000e+03
8.469115646258504881e+00,1.248925781250000000e+03
8.471927437641724623e+00,1.248925781250000000e+03
8.474739229024944365e+00,1.248925781250000000e+03
8.477551020408164106e+00,1.248925781250000000e+03
8.480362811791383848e+00,1.291992187500000000e+03
8.483174603174603590e+00,1.464257812500000000e+03
8.485986394557823331e+00,1.464257812500000000e+03
8.488798185941043073e+00,1.636523437500000000e+03
8.491609977324262815e+00,1.636523437500000000e+03
8.494421768707484333e+00,1.636523437500000000e+03
8.497233560090704074e+00,1.636523437500000000e+03
8.500045351473923816e+00,1.765722656250000000e+03
8.502857142857143558e+00,1.765722656250000000e+03
8.505668934240363299e+00,1.765722656250000000e+03
8.508480725623583041e+00,1.765722656250000000e+03
8.511292517006802782e+00,1.765722656250000000e+03
8.514104308390022524e+00,1.765722656250000000e+03
8.516916099773244042e+00,1.765722656250000000e+03
8.519727891156463784e+00,1.765722656250000000e+03
8.522539682539683525e+00,1.765722656250000000e+03
8.525351473922903267e+00,1.765722656250000000e+03
8.528163265306123009e+00,1.765722656250000000e+03
8.530975056689342750e+00,1.765722656250000000e+03
8.533786848072562492e+00,1.765722656250000000e+03
8.536598639455782234e+00,1.765722656250000000e+03
8.539410430839003752e+00,1.765722656250000000e+03
8.542222222222223493e+00,1.765722656250000000e+03
8.545034013605443235e+00,1.722656250000000000e+03
8.547845804988662977e+00,1.765722656250000000e+03
8.550657596371882718e+00,1.765722656250000000e+03
8.553469387755102460e+00,1.765722656250000000e+03
8.556281179138322202e+00,1.765722656250000000e+03
8.559092970521541943e+00,1.765722656250000000e+03
8.561904761904761685e+00,1.550390625000000000e+03
8.564716553287983203e+00,1.507324218750000000e+03
8.567528344671202944e+00,1.550390625000000000e+03
8.570340136054422686e+00,1.550390625000000000e+03
8.573151927437642428e+00,1.507324218750000000e+03
8.575963718820862169e+00,1.507324218750000000e+03
8.578775510204081911e+00,1.507324218750000000e+03
8.581587301587301653e+00,1.507324218750000000e+03
8.584399092970521394e+00,1.335058593750000000e+03
8.587210884353742912e+00,1.335058593750000000e+03
8.590022675736962654e+00,1.722656250000000000e+03
8.592834467120182396e+00,1.722656250000000000e+03
8.595646258503402137e+00,1.722656250000000000e+03
8.598458049886621879e+00,1.291992187500000000e+02
8.601269841269841621e+00,1.291992187500000000e+02
8.604081632653061362e+00,1.291992187500000000e+02
8.606893424036281104e+00,1.291992187500000000e+02
8.609705215419502622e+00,1.291992187500000000e+02
8.612517006802722364e+00,2.153320312500000000e+02
8.615328798185942105e+00,2.153320312500000000e+02
8.618140589569161847e+00,1.722656250000000000e+02
8.620952380952381588e+00,1.722656250000000000e+02
8.623764172335601330e+00,1.722656250000000000e+02
8.626575963718821072e+00,1.291992187500000000e+02
8.629387755102040813e+00,1.679589843750000000e+03
8.632199546485260555e+00,1.679589843750000000e+03
8.635011337868482073e+00,1.679589843750000000e+03
8.637823129251701815e+00,1.291992187500000000e+02
8.640634920634921556e+00,1.291992187500000000e+02
8.643446712018141298e+00,1.291992187500000000e+02
8.646258503401361040e+00,1.291992187500000000e+02
8.649070294784580781e+00,1.291992187500000000e+02
8.651882086167800523e+00,1.291992187500000000e+02
8.654693877551020265e+00,1.291992187500000000e+02
8.657505668934241783e+00,1.291992187500000000e+02
8.660317460317461524e+00,1.291992187500000000e+02
8.663129251700681266e+00,1.291992187500000000e+02
8.665941043083901008e+00,1.291992187500000000e+02
8.668752834467120749e+00,1.291992187500000000e+02
8.671564625850340491e+00,1.636523437500000000e+03
8.674376417233560232e+00,1.636523437500000000e+03
8.677188208616779974e+00,1.636523437500000000e+03
8.680000000000001492e+00,1.722656250000000000e+02
8.682811791383221234e+00,1.722656250000000000e+02
8.685623582766440975e+00,1.291992187500000000e+02
8.688435374149660717e+00,1.291992187500000000e+02
8.691247165532880459e+00,1.593457031250000000e+03
8.694058956916100200e+00,1.593457031250000000e+03
8.696870748299319942e+00,1.291992187500000000e+02
8.699682539682539684e+00,1.722656250000000000e+02
8.702494331065759425e+00,8.613281250000000000e+01
8.705306122448980943e+00,1.722656250000000000e+02
8.708117913832200685e+00,1.291992187500000000e+02
8.710929705215420427e+00,1.291992187500000000e+02
8.713741496598640168e+00,1.291992187500000000e+02
8.716553287981859910e+00,1.291992187500000000e+02
8.719365079365079652e+00,1.291992187500000000e+02
8.722176870748299393e+00,1.291992187500000000e+02
8.724988662131519135e+00,1.291992187500000000e+02
8.727800453514740653e+00,1.291992187500000000e+02
8.730612244897960394e+00,1.291992187500000000e+02
8.733424036281180136e+00,2.196386718750000000e+03
8.736235827664399878e+00,2.196386718750000000e+03
8.739047619047619619e+00,2.196386718750000000e+03
8.741859410430839361e+00,2.196386718750000000e+03
8.744671201814059103e+00,2.196386718750000000e+03
8.747482993197278844e+00,2.196386718750000000e+03
8.750294784580500362e+00,2.196386718750000000e+03
8.753106575963720104e+00,2.153320312500000000e+03
8.755918367346939846e+00,2.153320312500000000e+03
8.758730158730159587e+00,2.153320312500000000e+03
8.761541950113379329e+00,2.153320312500000000e+03
8.764353741496599071e+00,2.282519531250000000e+03
8.767165532879818812e+00,2.282519531250000000e+03
8.769977324263038554e+00,2.282519531250000000e+03
8.772789115646258296e+00,2.282519531250000000e+03
8.775600907029479814e+00,1.679589843750000000e+03
8.778412698412699555e+00,1.679589843750000000e+03
8.781224489795919297e+00,1.679589843750000000e+03
8.784036281179139038e+00,1.679589843750000000e+03
8.786848072562358780e+00,1.722656250000000000e+03
8.789659863945578522e+00,1.722656250000000000e+03
8.792471655328798263e+00,6.890625000000000000e+02
8.795283446712018005e+00,6.890625000000000000e+02
8.798095238095239523e+00,2.110253906250000000e+03
8.800907029478459265e+00,1.894921875000000000e+03
8.803718820861679006e+00,1.722656250000000000e+03
8.806530612244898748e+00,1.679589843750000000e+03
8.809342403628118490e+00,1.679589843750000000e+03
8.812154195011338231e+00,1.679589843750000000e+03
8.814965986394557973e+00,1.421191406250000000e+03
8.817777777777777715e+00,1.421191406250000000e+03
8.820589569160999233e+00,1.464257812500000000e+03
8.823401360544218974e+00,1.464257812500000000e+03
8.826213151927438716e+00,1.291992187500000000e+02
8.829024943310658458e+00,1.335058593750000000e+03
8.831836734693878199e+00,1.765722656250000000e+03
8.834648526077097941e+00,1.765722656250000000e+03
8.837460317460317683e+00,1.722656250000000000e+03
8.840272108843537424e+00,1.722656250000000000e+03
8.843083900226757166e+00,1.679589843750000000e+03
8.845895691609978684e+00,1.679589843750000000e+03
8.848707482993198425e+00,1.679589843750000000e+03
8.851519274376418167e+00,1.593457031250000000e+03
8.854331065759637909e+00,1.593457031250000000e+03
8.857142857142857650e+00,1.421191406250000000e+03
8.859954648526077392e+00,1.421191406250000000e+03
8.862766439909297134e+00,1.421191406250000000e+03
8.865578231292516875e+00,1.421191406250000000e+03
8.868390022675738393e+00,1.421191406250000000e+03
8.871201814058958135e+00,1.593457031250000000e+03
8.874013605442177877e+00,1.335058593750000000e+03
8.876825396825397618e+00,1.335058593750000000e+03
8.879637188208617360e+00,1.335058593750000000e+03
8.882448979591837102e+00,1.636523437500000000e+03
8.885260770975056843e+00,1.335058593750000000e+03
8.888072562358276585e+00,1.335058593750000000e+03
8.890884353741498103e+00,1.335058593750000000e+03
8.893696145124717845e+00,1.335058593750000000e+03
8.896507936507937586e+00,1.636523437500000000e+03
8.899319727891157328e+00,1.636523437500000000e+03
8.902131519274377069e+00,1.421191406250000000e+03
8.904943310657596811e+00,1.421191406250000000e+03
8.907755102040816553e+00,1.421191406250000000e+03
8.910566893424036294e+00,1.421191406250000000e+03
8.913378684807256036e+00,1.507324218750000000e+03
8.916190476190477554e+00,1.507324218750000000e+03
8.919002267573697296e+00,1.550390625000000000e+03
8.921814058956917037e+00,1.550390625000000000e+03
8.924625850340136779e+00,1.550390625000000000e+03
8.927437641723356521e+00,1.335058593750000000e+03
8.930249433106576262e+00,1.335058593750000000e+03
8.933061224489796004e+00,1.291992187500000000e+03
8.935873015873015746e+00,1.248925781250000000e+03
8.938684807256237264e+00,1.464257812500000000e+03
8.941496598639457005e+00,1.464257812500000000e+03
8.944308390022676747e+00,1.851855468750000000e+03
8.947120181405896489e+00,2.282519531250000000e+03
8.949931972789116230e+00,2.282519531250000000e+03
8.952743764172335972e+00,2.282519531250000000e+03
8.955555555555555713e+00,1.636523437500000000e+03
8.958367346938775455e+00,1.593457031250000000e+03
8.961179138321996973e+00,1.593457031250000000e+03
8.963990929705216715e+00,1.593457031250000000e+03
8.966802721088436456e+00,1.593457031250000000e+03
8.969614512471656198e+00,1.593457031250000000e+03
8.972426303854875940e+00,1.593457031250000000e+03
8.975238095238095681e+00,1.550390625000000000e+03
8.978049886621315423e+00,1.550390625000000000e+03
8.980861678004535165e+00,1.507324218750000000e+03
8.983673469387754906e+00,1.464257812500000000e+03
8.986485260770976424e+00,1.421191406250000000e+03
8.989297052154196166e+00,1.421191406250000000e+03
8.992108843537415908e+00,1.421191406250000000e+03
8.994920634920635649e+00,1.421191406250000000e+03
8.997732426303855391e+00,1.593457031250000000e+03
9.000544217687075133e+00,1.593457031250000000e+03
9.003356009070294874e+00,1.593457031250000000e+03
9.006167800453514616e+00,1.593457031250000000e+03
9.008979591836736134e+00,1.550390625000000000e+03
9.011791383219955875e+00,1.507324218750000000e+03
9.014603174603175617e+00,1.464257812500000000e+03
9.017414965986395359e+00,1.464257812500000000e+03
9.020226757369615100e+00,2.239453125000000000e+03
9.023038548752834842e+00,2.239453125000000000e+03
9.025850340136054584e+00,2.239453125000000000e+03
9.028662131519274325e+00,2.239453125000000000e+03
9.031473922902495843e+00,2.282519531250000000e+03
9.034285714285715585e+00,2.282519531250000000e+03
9.037097505668935327e+00,2.282519531250000000e+03
9.039909297052155068e+00,2.282519531250000000e+03
9.042721088435374810e+00,2.282519531250000000e+03
9.045532879818594552e+00,2.282519531250000000e+03
9.048344671201814293e+00,2.325585937500000000e+03
9.051156462585034035e+00,2.325585937500000000e+03
9.053968253968253777e+00,2.325585937500000000e+03
9.056780045351475295e+00,2.282519531250000000e+03
9.059591836734695036e+00,1.291992187500000000e+03
9.062403628117914778e+00,1.291992187500000000e+03
9.065215419501134519e+00,1.291992187500000000e+03
9.068027210884354261e+00,1.335058593750000000e+03
9.070839002267574003e+00,1.335058593750000000e+03
9.073650793650793744e+00,1.550390625000000000e+03
9.076462585034013486e+00,1.550390625000000000e+03
9.079274376417235004e+00,1.550390625000000000e+03
9.082086167800454746e+00,1.550390625000000000e+03
9.084897959183674487e+00,1.248925781250000000e+03
9.087709750566894229e+00,1.248925781250000000e+03
9.090521541950113971e+00,1.248925781250000000e+03
9.093333333333333712e+00,1.248925781250000000e+03
9.096145124716553454e+00,1.291992187500000000e+03
9.098956916099773196e+00,1.291992187500000000e+03
9.101768707482994714e+00,1.291992187500000000e+03
9.104580498866214455e+00,1.464257812500000000e+03
9.107392290249434197e+00,1.464257812500000000e+03
9.110204081632653939e+00,1.464257812500000000e+03
9.113015873015873680e+00,1.464257812500000000e+03
9.115827664399093422e+00,1.679589843750000000e+03
9.118639455782313163e+00,1.679589843750000000e+03
9.121451247165532905e+00,1.679589843750000000e+03
9.124263038548752647e+00,1.679589843750000000e+03
9.127074829931974165e+00,1.636523437500000000e+03
9.129886621315193906e+00,1.636523437500000000e+03
9.132698412698413648e+00,1.636523437500000000e+03
9.135510204081633390e+00,1.851855468750000000e+03
9.138321995464853131e+00,1.808789062500000000e+03
9.141133786848072873e+00,1.765722656250000000e+03
9.143945578231292615e+00,1.636523437500000000e+03
9.146757369614512356e+00,1.636523437500000000e+03
9.149569160997733874e+00,1.636523437500000000e+03
9.152380952380953616e+00,1.636523437500000000e+03
9.155192743764173358e+00,1.593457031250000000e+03
9.158004535147393099e+00,1.593457031250000000e+03
9.160816326530612841e+00,1.593457031250000000e+03
9.163628117913832583e+00,2.325585937500000000e+03
9.166439909297052324e+00,2.196386718750000000e+03
9.169251700680272066e+00,2.196386718750000000e+03
9.172063492063493584e+00,2.196386718750000000e+03
9.174875283446713325e+00,2.196386718750000000e+03
9.177687074829933067e+00,2.196386718750000000e+03
9.180498866213152809e+00,2.368652343750000000e+03
9.183310657596372550e+00,2.627050781250000000e+03
9.186122448979592292e+00,2.627050781250000000e+03
9.188934240362812034e+00,2.627050781250000000e+03
9.191746031746031775e+00,2.024121093750000000e+03
9.194557823129251517e+00,2.024121093750000000e+03
9.197369614512473035e+00,2.024121093750000000e+03
9.200181405895692777e+00,1.851855468750000000e+03
9.202993197278912518e+00,1.808789062500000000e+03
9.205804988662132260e+00,1.894921875000000000e+03
9.208616780045352002e+00,1.894921875000000000e+03
9.211428571428571743e+00,1.894921875000000000e+03
9.214240362811791485e+00,1.851855468750000000e+03
9.217052154195011227e+00,1.851855468750000000e+03
9.219863945578232745e+00,1.851855468750000000e+03
9.222675736961452486e+00,6.459960937500000000e+02
9.225487528344672228e+00,6.459960937500000000e+02
9.228299319727891969e+00,1.765722656250000000e+03
9.231111111111111711e+00,1.765722656250000000e+03
9.233922902494331453e+00,1.765722656250000000e+03
9.236734693877551194e+00,1.765722656250000000e+03
9.239546485260770936e+00,1.679589843750000000e+03
9.242358276643992454e+00,1.679589843750000000e+03
9.245170068027212196e+00,1.722656250000000000e+03
9.247981859410431937e+00,1.722656250000000000e+03
9.250793650793651679e+00,1.679589843750000000e+03
9.253605442176871421e+00,1.765722656250000000e+03
9.256417233560091162e+00,1.765722656250000000e+03
9.259229024943310904e+00,1.765722656250000000e+03
9.262040816326530646e+00,1.765722656250000000e+03
9.264852607709750387e+00,1.722656250000000000e+03
9.267664399092971905e+00,1.679589843750000000e+03
9.270476190476191647e+00,1.679589843750000000e+03
9.273287981859411389e+00,1.679589843750000000e+03
9.276099773242631130e+00,1.679589843750000000e+03
9.278911564625850872e+00,1.679589843750000000e+03
9.281723356009070613e+00,1.679589843750000000e+03
9.284535147392290355e+00,1.679589843750000000e+03
9.287346938775510097e+00,1.679589843750000000e+03
9.290158730158731615e+00,1.679589843750000000e+03
9.292970521541951356e+00,1.722656250000000000e+03
9.295782312925171098e+00,1.722656250000000000e+03
9.298594104308390840e+00,1.722656250000000000e+03
9.301405895691610581e+00,1.722656250000000000e+03
9.304217687074830323e+00,1.722656250000000000e+03
9.307029478458050065e+00,1.765722656250000000e+03
9.309841269841269806e+00,1.765722656250000000e+03
9.312653061224491324e+00,1.765722656250000000e+03
9.315464852607711066e+00,1.765722656250000000e+03
9.318276643990930808e+00,6.890625000000000000e+02
9.321088435374150549e+00,6.890625000000000000e+02
9.323900226757370291e+00,6.890625000000000000e+02
9.326712018140590033e+00,6.890625000000000000e+02
9.329523809523809774e+00,6.890625000000000000e+02
9.332335600907029516e+00,1.765722656250000000e+03
9.335147392290249257e+00,1.765722656250000000e+03
9.337959183673470775e+00,1.808789062500000000e+03
9.340770975056690517e+00,1.765722656250000000e+03
9.343582766439910259e+00,1.765722656250000000e+03
9.346394557823130000e+00,1.765722656250000000e+03
9.349206349206349742e+00,1.765722656250000000e+03
9.352018140589569484e+00,1.765722656250000000e+03
9.354829931972789225e+00,1.808789062500000000e+03
9.357641723356008967e+00,1.808789062500000000e+03
9.360453514739230485e+00,1.808789062500000000e+03
9.363265306122450227e+00,1.808789062500000000e+03
9.366077097505669968e+00,1.808789062500000000e+03
9.368888888888889710e+00,1.808789062500000000e+03
9.371700680272109452e+00,1.808789062500000000e+03
9.374512471655329193e+00,1.808789062500000000e+03
9.377324263038548935e+00,1.808789062500000000e+03
9.380136054421768677e+00,1.851855468750000000e+03
9.382947845804990195e+00,1.851855468750000000e+03
9.385759637188209936e+00,1.851855468750000000e+03
9.388571428571429678e+00,1.851855468750000000e+03
9.391383219954649419e+00,1.851855468750000000e+03
9.394195011337869161e+00,1.851855468750000000e+03
9.397006802721088903e+00,1.808789062500000000e+03
9.399818594104308644e+00,1.765722656250000000e+03
9.402630385487528386e+00,1.765722656250000000e+03
9.405442176870748128e+00,1.765722656250000000e+03
9.408253968253969646e+00,1.765722656250000000e+03
9.411065759637189387e+00,1.765722656250000000e+03
9.413877551020409129e+00,1.765722656250000000e+03
9.416689342403628871e+00,1.765722656250000000e+03
9.419501133786848612e+00,1.765722656250000000e+03
9.422312925170068354e+00,1.765722656250000000e+03
9.425124716553288096e+00,1.765722656250000000e+03
9.427936507936507837e+00,1.050820312500000000e+04
9.430748299319729355e+00,8.441015625000000000e+03
9.433560090702949097e+00,8.441015625000000000e+03
9.436371882086168839e+00,8.441015625000000000e+03
9.439183673469388580e+00,8.441015625000000000e+03
9.441995464852608322e+00,1.055126953125000000e+04
9.444807256235828063e+00,1.055126953125000000e+04
9.447619047619047805e+00,1.291992187500000000e+02
9.450430839002267547e+00,2.153320312500000000e+02
9.453242630385489065e+00,2.153320312500000000e+02
9.456054421768708806e+00,1.291992187500000000e+03
9.458866213151928548e+00,1.291992187500000000e+03
9.461678004535148290e+00,1.291992187500000000e+03
9.464489795918368031e+00,1.291992187500000000e+03
9.467301587301587773e+00,1.291992187500000000e+03
9.470113378684807515e+00,1.248925781250000000e+03
9.472925170068027256e+00,1.248925781250000000e+03
9.475736961451246998e+00,1.248925781250000000e+03
9.478548752834468516e+00,1.248925781250000000e+03
9.481360544217688258e+00,1.722656250000000000e+02
9.484172335600907999e+00,1.722656250000000000e+02
9.486984126984127741e+00,1.464257812500000000e+03
9.489795918367347483e+00,1.464257812500000000e+03
9.492607709750567224e+00,1.291992187500000000e+03
9.495419501133786966e+00,1.291992187500000000e+03
9.498231292517006707e+00,1.421191406250000000e+03
9.501043083900228226e+00,1.421191406250000000e+03
9.503854875283447967e+00,1.421191406250000000e+03
9.506666666666667709e+00,1.421191406250000000e+03
9.509478458049887450e+00,1.421191406250000000e+03
9.512290249433107192e+00,1.464257812500000000e+03
9.515102040816326934e+00,1.464257812500000000e+03
9.517913832199546675e+00,1.464257812500000000e+03
9.520725623582766417e+00,1.765722656250000000e+03
9.523537414965986159e+00,1.765722656250000000e+03
9.526349206349207677e+00,1.765722656250000000e+03
9.529160997732427418e+00,1.765722656250000000e+03
9.531972789115647160e+00,1.765722656250000000e+03
9.534784580498866902e+00,1.765722656250000000e+03
9.537596371882086643e+00,1.765722656250000000e+03
9.540408163265306385e+00,1.765722656250000000e+03
9.543219954648526127e+00,1.765722656250000000e+03
9.546031746031745868e+00,1.765722656250000000e+03
9.548843537414967386e+00,1.765722656250000000e+03
9.551655328798187128e+00,1.722656250000000000e+03
9.554467120181406870e+00,1.550390625000000000e+03
9.557278911564626611e+00,1.550390625000000000e+03
9.560090702947846353e+00,1.550390625000000000e+03
9.562902494331066094e+00,1.507324218750000000e+03
9.565714285714285836e+00,1.507324218750000000e+03
9.568526077097505578e+00,2.153320312500000000e+02
9.571337868480727096e+00,2.153320312500000000e+02
9.574149659863946837e+00,2.153320312500000000e+02
9.576961451247166579e+00,1.507324218750000000e+03
9.579773242630386321e+00,1.722656250000000000e+03
9.582585034013606062e+00,1.722656250000000000e+03
9.585396825396825804e+00,1.722656250000000000e+03
9.588208616780045546e+00,1.722656250000000000e+03
9.591020408163265287e+00,1.722656250000000000e+03
9.593832199546485029e+00,1.894921875000000000e+03
9.596643990929706547e+00,1.894921875000000000e+03
9.599455782312926289e+00,1.291992187500000000e+02
9.602267573696146030e+00,1.291992187500000000e+02
9.605079365079365772e+00,1.291992187500000000e+02
9.607891156462585514e+00,1.291992187500000000e+02
9.610702947845805255e+00,1.291992187500000000e+02
9.613514739229024997e+00,2.153320312500000000e+02
9.616326530612244738e+00,2.153320312500000000e+02
9.619138321995466256e+00,1.722656250000000000e+02
9.621950113378685998e+00,1.722656250000000000e+02
9.624761904761905740e+00,1.722656250000000000e+02
9.627573696145125481e+00,1.291992187500000000e+02
9.630385487528345223e+00,1.894921875000000000e+03
9.633197278911564965e+00,1.894921875000000000e+03
9.636009070294784706e+00,1.291992187500000000e+02
9.638820861678004448e+00,1.291992187500000000e+02
9.641632653061225966e+00,1.291992187500000000e+02
9.644444444444445708e+00,1.291992187500000000e+02
9.647256235827665449e+00,1.291992187500000000e+02
9.650068027210885191e+00,1.291992187500000000e+02
9.652879818594104933e+00,1.291992187500000000e+02
9.655691609977324674e+00,1.291992187500000000e+02
9.658503401360544416e+00,1.291992187500000000e+02
9.661315192743764158e+00,1.291992187500000000e+02
9.664126984126983899e+00,1.291992187500000000e+02
9.666938775510205417e+00,1.291992187500000000e+02
9.669750566893425159e+00,1.291992187500000000e+02
9.672562358276644900e+00,1.291992187500000000e+02
9.675374149659864642e+00,1.291992187500000000e+02
9.678185941043084384e+00,1.291992187500000000e+02
9.680997732426304125e+00,1.722656250000000000e+02
9.683809523809523867e+00,1.722656250000000000e+02
9.686621315192743609e+00,2.153320312500000000e+02
9.689433106575965127e+00,2.153320312500000000e+02
9.692244897959184868e+00,1.291992187500000000e+02
9.695056689342404610e+00,1.291992187500000000e+02
9.697868480725624352e+00,1.291992187500000000e+02
9.700680272108844093e+00,8.613281250000000000e+01
9.703492063492063835e+00,8.613281250000000000e+01
9.706303854875283577e+00,1.722656250000000000e+02
9.709115646258503318e+00,1.291992187500000000e+02
9.711927437641724836e+00,1.291992187500000000e+02
9.714739229024944578e+00,1.291992187500000000e+02
9.717551020408164320e+00,1.291992187500000000e+02
9.720362811791384061e+00,1.291992187500000000e+02
9.723174603174603803e+00,1.291992187500000000e+02
9.725986394557823544e+00,1.291992187500000000e+02
9.728798185941043286e+00,1.291992187500000000e+02
9.731609977324263028e+00,1.291992187500000000e+02
9.734421768707482769e+00,1.291992187500000000e+02
9.737233560090704287e+00,1.291992187500000000e+02
9.740045351473924029e+00,1.291992187500000000e+02
9.742857142857143771e+00,1.291992187500000000e+02
9.745668934240363512e+00,1.291992187500000000e+02
9.748480725623583254e+00,1.291992187500000000e+02
9.751292517006802996e+00,1.291992187500000000e+02
9.754104308390022737e+00,1.291992187500000000e+02
9.756916099773242479e+00,1.291992187500000000e+02
9.759727891156463997e+00,1.291992187500000000e+02
9.762539682539683739e+00,1.291992187500000000e+02
9.765351473922903480e+00,1.291992187500000000e+02
9.768163265306123222e+00,1.291992187500000000e+02
9.770975056689342964e+00,2.282519531250000000e+03
9.773786848072562705e+00,2.282519531250000000e+03
9.776598639455782447e+00,1.679589843750000000e+03
9.779410430839002188e+00,1.679589843750000000e+03
9.782222222222223706e+00,1.679589843750000000e+03
9.785034013605443448e+00,1.722656250000000000e+03
9.787845804988663190e+00,1.722656250000000000e+03
9.790657596371882931e+00,1.722656250000000000e+03
9.793469387755102673e+00,1.679589843750000000e+03
9.796281179138322415e+00,8.613281250000000000e+01
9.799092970521542156e+00,2.110253906250000000e+03
9.801904761904761898e+00,1.722656250000000000e+02
9.804716553287981640e+00,1.722656250000000000e+02
9.807528344671203158e+00,1.679589843750000000e+03
9.810340136054422899e+00,1.679589843750000000e+03
9.813151927437642641e+00,1.679589843750000000e+03
9.815963718820862383e+00,1.291992187500000000e+02
9.818775510204082124e+00,1.291992187500000000e+02
9.821587301587301866e+00,1.291992187500000000e+02
9.824399092970521608e+00,1.291992187500000000e+02
9.827210884353741349e+00,1.291992187500000000e+02
9.830022675736962867e+00,1.291992187500000000e+02
9.832834467120182609e+00,1.765722656250000000e+03
9.835646258503402350e+00,1.765722656250000000e+03
9.838458049886622092e+00,1.722656250000000000e+03
9.841269841269841834e+00,1.593457031250000000e+03
9.844081632653061575e+00,1.679589843750000000e+03
9.846893424036281317e+00,1.679589843750000000e+03
9.849705215419501059e+00,1.679589843750000000e+03
9.852517006802722577e+00,1.593457031250000000e+03
9.855328798185942318e+00,1.593457031250000000e+03
9.858140589569162060e+00,1.593457031250000000e+03
9.860952380952381802e+00,1.593457031250000000e+03
9.863764172335601543e+00,1.636523437500000000e+03
9.866575963718821285e+00,1.636523437500000000e+03
9.869387755102041027e+00,1.593457031250000000e+03
9.872199546485260768e+00,1.593457031250000000e+03
9.875011337868480510e+00,1.593457031250000000e+03
9.877823129251702028e+00,1.593457031250000000e+03
9.880634920634921770e+00,1.636523437500000000e+03
9.883446712018141511e+00,1.593457031250000000e+03
9.886258503401361253e+00,1.593457031250000000e+03
9.889070294784580994e+00,1.593457031250000000e+03
9.891882086167800736e+00,1.593457031250000000e+03
9.894693877551020478e+00,1.636523437500000000e+03
9.897505668934240219e+00,1.636523437500000000e+03
9.900317460317461737e+00,1.636523437500000000e+03
9.903129251700681479e+00,1.593457031250000000e+03
9.905941043083901221e+00,1.593457031250000000e+03
9.908752834467120962e+00,1.421191406250000000e+03
9.911564625850340704e+00,1.765722656250000000e+03
9.914376417233560446e+00,1.722656250000000000e+03
9.917188208616780187e+00,1.722656250000000000e+03
9.919999999999999929e+00,1.722656250000000000e+03
9.922811791383221447e+00,1.378125000000000000e+03
9.925623582766441189e+00,1.378125000000000000e+03
9.928435374149660930e+00,1.593457031250000000e+03
9.931247165532880672e+00,1.593457031250000000e+03
9.934058956916100414e+00,1.593457031250000000e+03
9.936870748299320155e+00,1.593457031250000000e+03
9.939682539682539897e+00,1.421191406250000000e+03
9.942494331065759638e+00,1.851855468750000000e+03
9.945306122448979380e+00,1.851855468750000000e+03
9.948117913832200898e+00,1.679589843750000000e+03
9.950929705215420640e+00,1.679589843750000000e+03
9.953741496598640381e+00,1.636523437500000000e+03
9.956553287981860123e+00,1.636523437500000000e+03
9.959365079365079865e+00,1.593457031250000000e+03
9.962176870748299606e+00,1.593457031250000000e+03
9.964988662131519348e+00,1.593457031250000000e+03
9.967800453514739090e+00,1.593457031250000000e+03
9.970612244897960608e+00,1.593457031250000000e+03
9.973424036281180349e+00,1.550390625000000000e+03
9.976235827664400091e+00,1.550390625000000000e+03
9.979047619047619833e+00,1.550390625000000000e+03
9.981859410430839574e+00,1.507324218750000000e+03
9.984671201814059316e+00,1.464257812500000000e+03
9.987482993197279058e+00,1.421191406250000000e+03
9.990294784580498799e+00,1.421191406250000000e+03
9.993106575963720317e+00,1.421191406250000000e+03
9.995918367346940059e+00,1.593457031250000000e+03
9.998730158730159800e+00,1.593457031250000000e+03
1.000154195011337954e+01,1.593457031250000000e+03
1.000435374149659928e+01,1.593457031250000000e+03
1.000716553287981903e+01,1.593457031250000000e+03
1.000997732426303877e+01,1.550390625000000000e+03
1.001278911564625851e+01,1.507324218750000000e+03
1.001560090702947825e+01,1.464257812500000000e+03
1.001841269841269977e+01,1.464257812500000000e+03
1.002122448979591951e+01,1.335058593750000000e+03
1.002403628117913925e+01,1.335058593750000000e+03
1.002684807256235899e+01,1.335058593750000000e+03
1.002965986394557873e+01,2.282519531250000000e+03
1.003247165532879848e+01,2.282519531250000000e+03
1.003528344671201822e+01,2.282519531250000000e+03
1.003809523809523796e+01,2.282519531250000000e+03
1.004090702947845948e+01,2.282519531250000000e+03
1.004371882086167922e+01,2.282519531250000000e+03
1.004653061224489896e+01,2.325585937500000000e+03
1.004934240362811870e+01,2.325585937500000000e+03
1.005215419501133844e+01,2.325585937500000000e+03
1.005496598639455819e+01,2.325585937500000000e+03
1.005777777777777793e+01,1.291992187500000000e+03
1.006058956916099767e+01,1.291992187500000000e+03
1.006340136054421919e+01,1.291992187500000000e+03
1.006621315192743893e+01,1.335058593750000000e+03
1.006902494331065867e+01,1.335058593750000000e+03
1.007183673469387841e+01,1.335058593750000000e+03
1.007464852607709815e+01,1.550390625000000000e+03
1.007746031746031790e+01,1.550390625000000000e+03
1.008027210884353764e+01,1.550390625000000000e+03
1.008308390022675738e+01,1.550390625000000000e+03
1.008589569160997712e+01,1.248925781250000000e+03
1.008870748299319864e+01,1.248925781250000000e+03
1.009151927437641838e+01,1.248925781250000000e+03
1.009433106575963812e+01,1.248925781250000000e+03
1.009714285714285786e+01,1.291992187500000000e+03
1.009995464852607761e+01,1.291992187500000000e+03
1.010276643990929735e+01,1.291992187500000000e+03
1.010557823129251709e+01,1.464257812500000000e+03
1.010839002267573683e+01,1.464257812500000000e+03
1.011120181405895835e+01,1.464257812500000000e+03
1.011401360544217809e+01,1.464257812500000000e+03
1.011682539682539783e+01,1.679589843750000000e+03
1.011963718820861757e+01,1.679589843750000000e+03
1.012244897959183731e+01,1.679589843750000000e+03
1.012526077097505706e+01,1.679589843750000000e+03
1.012807256235827680e+01,1.636523437500000000e+03
1.013088435374149654e+01,1.636523437500000000e+03
1.013369614512471806e+01,1.636523437500000000e+03
1.013650793650793780e+01,1.636523437500000000e+03
1.013931972789115754e+01,1.636523437500000000e+03
1.014213151927437728e+01,1.636523437500000000e+03
1.014494331065759702e+01,1.636523437500000000e+03
1.014775510204081677e+01,1.636523437500000000e+03
1.015056689342403651e+01,1.636523437500000000e+03
1.015337868480725625e+01,1.636523437500000000e+03
1.015619047619047599e+01,1.636523437500000000e+03
1.015900226757369751e+01,1.593457031250000000e+03
1.016181405895691725e+01,1.593457031250000000e+03
1.016462585034013699e+01,1.593457031250000000e+03
1.016743764172335673e+01,2.196386718750000000e+03
1.017024943310657648e+01,2.196386718750000000e+03
1.017306122448979622e+01,2.196386718750000000e+03
1.017587301587301596e+01,2.196386718750000000e+03
1.017868480725623570e+01,1.291992187500000000e+02
1.018149659863945722e+01,1.722656250000000000e+02
1.018430839002267696e+01,2.067187500000000000e+03
1.018712018140589670e+01,2.067187500000000000e+03
1.018993197278911644e+01,2.067187500000000000e+03
1.019274376417233618e+01,2.024121093750000000e+03
1.019555555555555593e+01,2.024121093750000000e+03
1.019836734693877567e+01,2.024121093750000000e+03
1.020117913832199541e+01,2.368652343750000000e+03
1.020399092970521693e+01,1.808789062500000000e+03
1.020680272108843667e+01,1.808789062500000000e+03
1.020961451247165641e+01,1.808789062500000000e+03
1.021242630385487615e+01,2.196386718750000000e+03
1.021523809523809589e+01,1.851855468750000000e+03
1.021804988662131564e+01,1.851855468750000000e+03
1.022086167800453538e+01,1.851855468750000000e+03
1.022367346938775512e+01,1.851855468750000000e+03
1.022648526077097486e+01,1.765722656250000000e+03
1.022929705215419638e+01,1.765722656250000000e+03
1.023210884353741612e+01,1.765722656250000000e+03
1.023492063492063586e+01,1.679589843750000000e+03
1.023773242630385560e+01,1.679589843750000000e+03
1.024054421768707535e+01,1.679589843750000000e+03
1.024335600907029509e+01,1.636523437500000000e+03
1.024616780045351483e+01,1.679589843750000000e+03
1.024897959183673457e+01,1.679589843750000000e+03
1.025179138321995609e+01,1.765722656250000000e+03
1.025460317460317583e+01,1.464257812500000000e+03
1.025741496598639557e+01,1.464257812500000000e+03
1.026022675736961531e+01,1.464257812500000000e+03
1.026303854875283506e+01,1.291992187500000000e+03
1.026585034013605480e+01,1.291992187500000000e+03
1.026866213151927454e+01,1.291992187500000000e+03
1.027147392290249428e+01,1.248925781250000000e+03
1.027428571428571580e+01,1.248925781250000000e+03
1.027709750566893554e+01,1.248925781250000000e+03
1.027990929705215528e+01,1.679589843750000000e+03
1.028272108843537502e+01,1.679589843750000000e+03
1.028553287981859476e+01,1.679589843750000000e+03
1.028834467120181451e+01,1.679589843750000000e+03
1.029115646258503425e+01,1.679589843750000000e+03
1.029396825396825399e+01,1.679589843750000000e+03
1.029678004535147373e+01,1.722656250000000000e+03
1.029959183673469525e+01,1.722656250000000000e+03
1.030240362811791499e+01,1.765722656250000000e+03
1.030521541950113473e+01,1.550390625000000000e+03
1.030802721088435447e+01,1.550390625000000000e+03
1.031083900226757422e+01,1.593457031250000000e+03
1.031365079365079396e+01,1.593457031250000000e+03
1.031646258503401370e+01,1.593457031250000000e+03
1.031927437641723344e+01,1.593457031250000000e+03
1.032208616780045496e+01,1.593457031250000000e+03
1.032489795918367470e+01,1.593457031250000000e+03
1.032770975056689444e+01,1.550390625000000000e+03
1.033052154195011418e+01,1.808789062500000000e+03
1.033333333333333393e+01,1.765722656250000000e+03
1.033614512471655367e+01,1.765722656250000000e+03
1.033895691609977341e+01,1.765722656250000000e+03
1.034176870748299315e+01,1.765722656250000000e+03
1.034458049886621467e+01,1.765722656250000000e+03
1.034739229024943441e+01,1.765722656250000000e+03
1.035020408163265415e+01,1.765722656250000000e+03
1.035301587301587389e+01,1.808789062500000000e+03
1.035582766439909363e+01,1.808789062500000000e+03
1.035863945578231338e+01,1.808789062500000000e+03
1.036145124716553312e+01,1.765722656250000000e+03
1.036426303854875286e+01,1.808789062500000000e+03
1.036707482993197260e+01,1.808789062500000000e+03
1.036988662131519412e+01,1.808789062500000000e+03
1.037269841269841386e+01,1.808789062500000000e+03
1.037551020408163360e+01,1.808789062500000000e+03
1.037832199546485334e+01,1.808789062500000000e+03
1.038113378684807309e+01,1.851855468750000000e+03
1.038394557823129283e+01,1.851855468750000000e+03
1.038675736961451257e+01,1.851855468750000000e+03
1.038956916099773231e+01,1.550390625000000000e+03
1.039238095238095383e+01,1.765722656250000000e+03
1.039519274376417357e+01,1.765722656250000000e+03
1.039800453514739331e+01,1.765722656250000000e+03
1.040081632653061305e+01,1.765722656250000000e+03
1.040362811791383280e+01,1.765722656250000000e+03
1.040643990929705254e+01,1.765722656250000000e+03
1.040925170068027228e+01,1.765722656250000000e+03
1.041206349206349202e+01,1.765722656250000000e+03
1.041487528344671354e+01,1.765722656250000000e+03
1.041768707482993328e+01,1.765722656250000000e+03
1.042049886621315302e+01,1.765722656250000000e+03
1.042331065759637276e+01,1.291992187500000000e+02
1.042612244897959251e+01,1.291992187500000000e+02
1.042893424036281225e+01,1.722656250000000000e+02
1.043174603174603199e+01,2.153320312500000000e+02
1.043455782312925173e+01,2.153320312500000000e+02
1.043736961451247147e+01,2.153320312500000000e+02
1.044018140589569299e+01,2.583984375000000000e+02
1.044299319727891273e+01,1.291992187500000000e+02
1.044580498866213247e+01,1.291992187500000000e+02
1.044861678004535221e+01,1.291992187500000000e+02
1.045142857142857196e+01,2.153320312500000000e+02
1.045424036281179170e+01,8.613281250000000000e+01
1.045705215419501144e+01,1.291992187500000000e+03
1.045986394557823118e+01,1.291992187500000000e+03
1.046267573696145270e+01,1.291992187500000000e+03
1.046548752834467244e+01,1.291992187500000000e+03
1.046829931972789218e+01,1.291992187500000000e+03
1.047111111111111192e+01,1.248925781250000000e+03
1.047392290249433167e+01,1.248925781250000000e+03
1.047673469387755141e+01,1.722656250000000000e+02
1.047954648526077115e+01,1.722656250000000000e+02
1.048235827664399089e+01,1.722656250000000000e+02
1.048517006802721241e+01,1.722656250000000000e+02
1.048798185941043215e+01,2.153320312500000000e+02
1.049079365079365189e+01,1.464257812500000000e+03
1.049360544217687163e+01,1.291992187500000000e+03
1.049641723356009138e+01,1.291992187500000000e+02
1.049922902494331112e+01,1.722656250000000000e+02
1.050204081632653086e+01,1.722656250000000000e+02
1.050485260770975060e+01,1.722656250000000000e+02
1.050766439909297034e+01,1.722656250000000000e+02
1.051047619047619186e+01,1.291992187500000000e+02
1.051328798185941160e+01,1.291992187500000000e+02
1.051609977324263134e+01,1.464257812500000000e+03
1.051891156462585108e+01,1.593457031250000000e+03
1.052172335600907083e+01,1.765722656250000000e+03
1.052453514739229057e+01,1.765722656250000000e+03
1.052734693877551031e+01,1.765722656250000000e+03
1.053015873015873005e+01,1.765722656250000000e+03
1.053297052154195157e+01,1.765722656250000000e+03
1.053578231292517131e+01,1.765722656250000000e+03
1.053859410430839105e+01,1.765722656250000000e+03
1.054140589569161079e+01,1.765722656250000000e+03
1.054421768707483054e+01,1.765722656250000000e+03
1.054702947845805028e+01,1.765722656250000000e+03
1.054984126984127002e+01,1.765722656250000000e+03
1.055265306122448976e+01,1.550390625000000000e+03
1.055546485260771128e+01,1.550390625000000000e+03
1.055827664399093102e+01,1.550390625000000000e+03
1.056108843537415076e+01,1.507324218750000000e+03
1.056390022675737050e+01,1.507324218750000000e+03
1.056671201814059025e+01,2.153320312500000000e+02
1.056952380952380999e+01,2.153320312500000000e+02
1.057233560090702973e+01,2.153320312500000000e+02
1.057514739229024947e+01,2.153320312500000000e+02
1.057795918367346921e+01,1.291992187500000000e+02
1.058077097505669073e+01,1.291992187500000000e+02
1.058358276643991047e+01,1.291992187500000000e+02
1.058639455782313021e+01,1.722656250000000000e+02
1.058920634920634996e+01,1.722656250000000000e+02
1.059201814058956970e+01,1.722656250000000000e+02
1.059482993197278944e+01,1.291992187500000000e+02
1.059764172335600918e+01,1.291992187500000000e+02
1.060045351473922892e+01,1.291992187500000000e+02
1.060326530612245044e+01,1.291992187500000000e+02
1.060607709750567018e+01,1.291992187500000000e+02
1.060888888888888992e+01,1.291992187500000000e+02
1.061170068027210966e+01,2.153320312500000000e+02
1.061451247165532941e+01,2.153320312500000000e+02
1.061732426303854915e+01,1.722656250000000000e+02
1.062013605442176889e+01,1.722656250000000000e+02
1.062294784580498863e+01,1.722656250000000000e+02
1.062575963718821015e+01,1.722656250000000000e+02
1.062857142857142989e+01,1.291992187500000000e+02
1.063138321995464963e+01,8.613281250000000000e+01
1.063419501133786937e+01,8.613281250000000000e+01
1.063700680272108912e+01,1.291992187500000000e+02
1.063981859410430886e+01,1.291992187500000000e+02
1.064263038548752860e+01,1.291992187500000000e+02
1.064544217687074834e+01,1.291992187500000000e+02
1.064825396825396808e+01,1.291992187500000000e+02
1.065106575963718960e+01,1.291992187500000000e+02
1.065387755102040934e+01,1.291992187500000000e+02
1.065668934240362908e+01,1.291992187500000000e+02
1.065950113378684883e+01,1.291992187500000000e+02
1.066231292517006857e+01,1.291992187500000000e+02
1.066512471655328831e+01,1.291992187500000000e+02
1.066793650793650805e+01,1.291992187500000000e+02
1.067074829931972779e+01,1.291992187500000000e+02
1.067356009070294931e+01,1.291992187500000000e+02
1.067637188208616905e+01,1.291992187500000000e+02
1.067918367346938879e+01,1.291992187500000000e+02
1.068199546485260854e+01,1.722656250000000000e+02
1.068480725623582828e+01,1.722656250000000000e+02
1.068761904761904802e+01,1.378125000000000000e+03
1.069043083900226776e+01,1.378125000000000000e+03
1.069324263038548750e+01,1.291992187500000000e+02
1.069605442176870902e+01,1.550390625000000000e+03
1.069886621315192876e+01,1.550390625000000000e+03
1.070167800453514850e+01,1.550390625000000000e+03
1.070448979591836824e+01,1.550390625000000000e+03
1.070730158730158799e+01,1.291992187500000000e+02
1.071011337868480773e+01,1.291992187500000000e+02
1.071292517006802747e+01,1.291992187500000000e+02
1.071573696145124721e+01,1.291992187500000000e+02
1.071854875283446695e+01,1.291992187500000000e+02
1.072136054421768847e+01,1.291992187500000000e+02
1.072417233560090821e+01,1.291992187500000000e+02
1.072698412698412795e+01,1.291992187500000000e+02
1.072979591836734770e+01,1.550390625000000000e+03
1.073260770975056744e+01,1.550390625000000000e+03
1.073541950113378718e+01,1.550390625000000000e+03
1.073823129251700692e+01,1.550390625000000000e+03
1.074104308390022666e+01,1.291992187500000000e+02
1.074385487528344818e+01,1.291992187500000000e+02
1.074666666666666792e+01,1.291992187500000000e+02
1.074947845804988766e+01,1.291992187500000000e+02
1.075229024943310741e+01,1.291992187500000000e+02
1.075510204081632715e+01,1.291992187500000000e+02
1.075791383219954689e+01,1.291992187500000000e+02
1.076072562358276663e+01,1.291992187500000000e+02
1.076353741496598637e+01,1.291992187500000000e+02
1.076634920634920611e+01,1.291992187500000000e+02
1.076916099773242763e+01,1.291992187500000000e+02
1.077197278911564737e+01,1.291992187500000000e+03
1.077478458049886711e+01,1.291992187500000000e+03
1.077759637188208686e+01,1.679589843750000000e+03
1.078040816326530660e+01,1.421191406250000000e+03
1.078321995464852634e+01,1.421191406250000000e+03
1.078603174603174608e+01,1.722656250000000000e+03
1.078884353741496582e+01,1.722656250000000000e+03
1.079165532879818734e+01,1.722656250000000000e+03
1.079446712018140708e+01,1.722656250000000000e+03
1.079727891156462682e+01,8.613281250000000000e+01
1.080009070294784657e+01,1.722656250000000000e+02
1.080290249433106631e+01,1.722656250000000000e+02
1.080571428571428605e+01,1.722656250000000000e+02
1.080852607709750579e+01,1.722656250000000000e+02
1.081133786848072553e+01,1.291992187500000000e+02
1.081414965986394705e+01,1.291992187500000000e+02
1.081696145124716679e+01,1.291992187500000000e+02
1.081977324263038653e+01,1.291992187500000000e+02
1.082258503401360628e+01,1.291992187500000000e+02
1.082539682539682602e+01,1.291992187500000000e+02
1.082820861678004576e+01,1.291992187500000000e+02
1.083102040816326550e+01,1.291992187500000000e+02
1.083383219954648524e+01,1.722656250000000000e+02
1.083664399092970498e+01,1.722656250000000000e+02
1.083945578231292650e+01,1.722656250000000000e+02
1.084226757369614624e+01,1.679589843750000000e+03
1.084507936507936599e+01,1.679589843750000000e+03
1.084789115646258573e+01,1.722656250000000000e+02
1.085070294784580547e+01,1.722656250000000000e+02
1.085351473922902521e+01,1.722656250000000000e+02
1.085632653061224495e+01,1.593457031250000000e+03
1.085913832199546469e+01,1.593457031250000000e+03
1.086195011337868621e+01,1.636523437500000000e+03
1.086476190476190595e+01,1.636523437500000000e+03
1.086757369614512569e+01,1.636523437500000000e+03
1.087038548752834544e+01,1.291992187500000000e+02
1.087319727891156518e+01,1.291992187500000000e+02
1.087600907029478492e+01,1.593457031250000000e+03
1.087882086167800466e+01,1.593457031250000000e+03
1.088163265306122440e+01,1.593457031250000000e+03
1.088444444444444592e+01,1.593457031250000000e+03
1.088725623582766566e+01,1.593457031250000000e+03
1.089006802721088540e+01,1.593457031250000000e+03
1.089287981859410515e+01,1.593457031250000000e+03
1.089569160997732489e+01,1.636523437500000000e+03
1.089850340136054463e+01,1.636523437500000000e+03
1.090131519274376437e+01,1.636523437500000000e+03
1.090412698412698411e+01,1.593457031250000000e+03
1.090693877551020385e+01,1.593457031250000000e+03
1.090975056689342537e+01,1.421191406250000000e+03
1.091256235827664511e+01,1.378125000000000000e+03
1.091537414965986486e+01,1.722656250000000000e+03
1.091818594104308460e+01,1.722656250000000000e+03
1.092099773242630434e+01,1.378125000000000000e+03
1.092380952380952408e+01,1.378125000000000000e+03
1.092662131519274382e+01,1.378125000000000000e+03
1.092943310657596356e+01,1.636523437500000000e+03
1.093224489795918508e+01,1.636523437500000000e+03
1.093505668934240482e+01,1.636523437500000000e+03
1.093786848072562456e+01,1.636523437500000000e+03
1.094068027210884431e+01,1.636523437500000000e+03
1.094349206349206405e+01,1.851855468750000000e+03
1.094630385487528379e+01,1.722656250000000000e+03
1.094911564625850353e+01,1.722656250000000000e+03
1.095192743764172327e+01,1.722656250000000000e+03
1.095473922902494479e+01,1.765722656250000000e+03
1.095755102040816453e+01,1.808789062500000000e+03
1.096036281179138427e+01,1.808789062500000000e+03
1.096317460317460402e+01,1.851855468750000000e+03
1.096598639455782376e+01,1.851855468750000000e+03
1.096879818594104350e+01,1.851855468750000000e+03
1.097160997732426324e+01,1.851855468750000000e+03
1.097442176870748298e+01,1.808789062500000000e+03
1.097723356009070272e+01,1.808789062500000000e+03
1.098004535147392424e+01,1.808789062500000000e+03
1.098285714285714398e+01,1.808789062500000000e+03
1.098566893424036373e+01,1.421191406250000000e+03
1.098848072562358347e+01,1.421191406250000000e+03
1.099129251700680321e+01,1.421191406250000000e+03
1.099410430839002295e+01,1.421191406250000000e+03
1.099691609977324269e+01,1.421191406250000000e+03
1.099972789115646243e+01,1.722656250000000000e+02
1.100253968253968395e+01,1.722656250000000000e+02
1.100535147392290369e+01,1.722656250000000000e+02
1.100816326530612344e+01,2.153320312500000000e+02
1.101097505668934318e+01,1.507324218750000000e+03
1.101378684807256292e+01,1.464257812500000000e+03
1.101659863945578266e+01,1.464257812500000000e+03
1.101941043083900240e+01,1.464257812500000000e+03
1.102222222222222214e+01,1.335058593750000000e+03
1.102503401360544366e+01,1.335058593750000000e+03
1.102784580498866340e+01,1.335058593750000000e+03
1.103065759637188314e+01,1.722656250000000000e+02
1.103346938775510289e+01,1.722656250000000000e+02
1.103628117913832263e+01,1.291992187500000000e+02
1.103909297052154237e+01,2.282519531250000000e+03
1.104190476190476211e+01,2.282519531250000000e+03
1.104471655328798185e+01,2.282519531250000000e+03
1.104752834467120159e+01,2.325585937500000000e+03
1.105034013605442311e+01,2.153320312500000000e+02
1.105315192743764285e+01,2.153320312500000000e+02
1.105596371882086260e+01,1.722656250000000000e+02
1.105877551020408234e+01,1.722656250000000000e+02
1.106158730158730208e+01,1.291992187500000000e+03
1.106439909297052182e+01,1.291992187500000000e+03
1.106721088435374156e+01,1.335058593750000000e+03
1.107002267573696130e+01,1.335058593750000000e+03
1.107283446712018282e+01,1.550390625000000000e+03
1.107564625850340256e+01,1.550390625000000000e+03
1.107845804988662231e+01,1.550390625000000000e+03
1.108126984126984205e+01,1.550390625000000000e+03
1.108408163265306179e+01,2.153320312500000000e+02
1.108689342403628153e+01,1.248925781250000000e+03
1.108970521541950127e+01,1.248925781250000000e+03
1.109251700680272101e+01,1.248925781250000000e+03
1.109532879818594253e+01,1.248925781250000000e+03
1.109814058956916227e+01,1.291992187500000000e+03
1.110095238095238201e+01,1.291992187500000000e+03
1.110376417233560176e+01,1.464257812500000000e+03
1.110657596371882150e+01,1.464257812500000000e+03
1.110938775510204124e+01,1.464257812500000000e+03
1.111219954648526098e+01,1.464257812500000000e+03
1.111501133786848072e+01,2.153320312500000000e+02
1.111782312925170046e+01,2.153320312500000000e+02
1.112063492063492198e+01,2.153320312500000000e+02
1.112344671201814172e+01,2.153320312500000000e+02
1.112625850340136147e+01,1.722656250000000000e+02
1.112907029478458121e+01,1.291992187500000000e+02
1.113188208616780095e+01,1.291992187500000000e+02
1.113469387755102069e+01,1.291992187500000000e+02
1.113750566893424043e+01,1.291992187500000000e+02
1.114031746031746017e+01,4.737304687500000000e+02
1.114312925170068169e+01,4.737304687500000000e+02
1.114594104308390143e+01,1.636523437500000000e+03
1.114875283446712118e+01,1.636523437500000000e+03
1.115156462585034092e+01,1.636523437500000000e+03
1.115437641723356066e+01,1.593457031250000000e+03
1.115718820861678040e+01,1.593457031250000000e+03
1.116000000000000014e+01,1.593457031250000000e+03
1.116281179138321988e+01,2.325585937500000000e+03
1.116562358276644140e+01,2.325585937500000000e+03
1.116843537414966114e+01,2.325585937500000000e+03
1.117124716553288089e+01,2.282519531250000000e+03
1.117405895691610063e+01,2.282519531250000000e+03
1.117687074829932037e+01,2.282519531250000000e+03
1.117968253968254011e+01,2.282519531250000000e+03
1.118249433106575985e+01,2.282519531250000000e+03
1.118530612244897959e+01,2.282519531250000000e+03
1.118811791383219933e+01,2.282519531250000000e+03
1.119092970521542085e+01,2.325585937500000000e+03
1.119374149659864059e+01,2.110253906250000000e+03
1.119655328798186034e+01,2.110253906250000000e+03
1.119936507936508008e+01,2.110253906250000000e+03
1.120217687074829982e+01,2.067187500000000000e+03
1.120498866213151956e+01,2.067187500000000000e+03
1.120780045351473930e+01,2.067187500000000000e+03
1.121061224489795904e+01,2.067187500000000000e+03
1.121342403628118056e+01,1.808789062500000000e+03
1.121623582766440030e+01,1.808789062500000000e+03
1.121904761904762005e+01,1.808789062500000000e+03
1.122185941043083979e+01,1.851855468750000000e+03
1.122467120181405953e+01,1.851855468750000000e+03
1.122748299319727927e+01,1.937988281250000000e+03
1.123029478458049901e+01,1.937988281250000000e+03
1.123310657596371875e+01,1.722656250000000000e+03
1.123591836734694027e+01,1.765722656250000000e+03
1.123873015873016001e+01,1.765722656250000000e+03
1.124154195011337976e+01,1.765722656250000000e+03
1.124435374149659950e+01,1.808789062500000000e+03
1.124716553287981924e+01,1.808789062500000000e+03
1.124997732426303898e+01,1.808789062500000000e+03
1.125278911564625872e+01,1.851855468750000000e+03
1.125560090702947846e+01,1.894921875000000000e+03
1.125841269841269821e+01,1.894921875000000000e+03
1.126122448979591972e+01,1.894921875000000000e+03
1.126403628117913946e+01,1.894921875000000000e+03
1.126684807256235921e+01,1.507324218750000000e+03
1.126965986394557895e+01,1.679589843750000000e+03
1.127247165532879869e+01,1.679589843750000000e+03
1.127528344671201843e+01,1.636523437500000000e+03
1.127809523809523817e+01,1.636523437500000000e+03
1.128090702947845791e+01,1.636523437500000000e+03
1.128371882086167943e+01,1.808789062500000000e+03
1.128653061224489917e+01,1.851855468750000000e+03
1.128934240362811892e+01,1.722656250000000000e+03
1.129215419501133866e+01,1.722656250000000000e+03
1.129496598639455840e+01,1.550390625000000000e+03
1.129777777777777814e+01,1.550390625000000000e+03
1.130058956916099788e+01,1.550390625000000000e+03
1.130340136054421762e+01,1.851855468750000000e+03
1.130621315192743914e+01,1.851855468750000000e+03
1.130902494331065888e+01,1.464257812500000000e+03
1.131183673469387863e+01,1.464257812500000000e+03
1.131464852607709837e+01,1.464257812500000000e+03
1.131746031746031811e+01,1.593457031250000000e+03
1.132027210884353785e+01,1.593457031250000000e+03
1.132308390022675759e+01,1.593457031250000000e+03
1.132589569160997733e+01,1.593457031250000000e+03
1.132870748299319708e+01,1.808789062500000000e+03
1.133151927437641859e+01,1.808789062500000000e+03
1.133433106575963834e+01,1.765722656250000000e+03
1.133714285714285808e+01,1.765722656250000000e+03
1.133995464852607782e+01,1.765722656250000000e+03
1.134276643990929756e+01,1.765722656250000000e+03
1.134557823129251730e+01,1.765722656250000000e+03
1.134839002267573704e+01,1.808789062500000000e+03
1.135120181405895678e+01,1.808789062500000000e+03
1.135401360544217830e+01,1.765722656250000000e+03
1.135682539682539804e+01,1.894921875000000000e+03
1.135963718820861779e+01,1.894921875000000000e+03
1.136244897959183753e+01,1.894921875000000000e+03
1.136526077097505727e+01,1.894921875000000000e+03
1.136807256235827701e+01,1.894921875000000000e+03
1.137088435374149675e+01,2.067187500000000000e+03
1.137369614512471649e+01,1.808789062500000000e+03
1.137650793650793801e+01,1.808789062500000000e+03
1.137931972789115775e+01,1.808789062500000000e+03
1.138213151927437750e+01,1.851855468750000000e+03
1.138494331065759724e+01,1.851855468750000000e+03
1.138775510204081698e+01,1.851855468750000000e+03
1.139056689342403672e+01,1.894921875000000000e+03
1.139337868480725646e+01,1.765722656250000000e+03
1.139619047619047620e+01,1.765722656250000000e+03
1.139900226757369595e+01,1.765722656250000000e+03
1.140181405895691746e+01,1.765722656250000000e+03
1.140462585034013721e+01,1.765722656250000000e+03
1.140743764172335695e+01,1.765722656250000000e+03
1.141024943310657669e+01,1.765722656250000000e+03
1.141306122448979643e+01,1.765722656250000000e+03
1.141587301587301617e+01,1.291992187500000000e+02
1.141868480725623591e+01,1.291992187500000000e+02
1.142149659863945566e+01,1.291992187500000000e+02
1.142430839002267717e+01,1.291992187500000000e+02
1.142712018140589691e+01,1.291992187500000000e+02
1.142993197278911666e+01,1.722656250000000000e+02
1.143274376417233640e+01,2.153320312500000000e+02
1.143555555555555614e+01,2.153320312500000000e+02
1.143836734693877588e+01,2.583984375000000000e+02
1.144117913832199562e+01,2.583984375000000000e+02
1.144399092970521536e+01,2.583984375000000000e+02
1.144680272108843688e+01,1.291992187500000000e+02
1.144961451247165662e+01,2.153320312500000000e+02
1.145242630385487637e+01,2.153320312500000000e+02
1.145523809523809611e+01,8.613281250000000000e+01
1.145804988662131585e+01,8.613281250000000000e+01
1.146086167800453559e+01,1.291992187500000000e+02
1.146367346938775533e+01,1.291992187500000000e+03
1.146648526077097507e+01,1.291992187500000000e+03
1.146929705215419482e+01,1.291992187500000000e+02
1.147210884353741633e+01,1.291992187500000000e+02
1.147492063492063608e+01,1.291992187500000000e+02
1.147773242630385582e+01,1.722656250000000000e+02
1.148054421768707556e+01,1.722656250000000000e+02
1.148335600907029530e+01,1.722656250000000000e+02
1.148616780045351504e+01,2.153320312500000000e+02
1.148897959183673478e+01,2.153320312500000000e+02
1.149179138321995453e+01,2.153320312500000000e+02
1.149460317460317604e+01,1.291992187500000000e+02
1.149741496598639579e+01,1.291992187500000000e+02
1.150022675736961553e+01,1.722656250000000000e+02
1.150303854875283527e+01,1.722656250000000000e+02
1.150585034013605501e+01,1.722656250000000000e+02
1.150866213151927475e+01,1.636523437500000000e+03
1.151147392290249449e+01,1.291992187500000000e+02
1.151428571428571423e+01,1.291992187500000000e+02
1.151709750566893575e+01,8.613281250000000000e+01
1.151990929705215549e+01,8.613281250000000000e+01
1.152272108843537524e+01,1.593457031250000000e+03
1.152553287981859498e+01,1.593457031250000000e+03
1.152834467120181472e+01,1.765722656250000000e+03
1.153115646258503446e+01,1.765722656250000000e+03
1.153396825396825420e+01,1.765722656250000000e+03
1.153678004535147394e+01,1.765722656250000000e+03
1.153959183673469369e+01,1.765722656250000000e+03
1.154240362811791520e+01,1.765722656250000000e+03
1.154521541950113495e+01,1.550390625000000000e+03
1.154802721088435469e+01,1.593457031250000000e+03
1.155083900226757443e+01,1.593457031250000000e+03
1.155365079365079417e+01,1.550390625000000000e+03
1.155646258503401391e+01,1.550390625000000000e+03
1.155927437641723365e+01,6.890625000000000000e+02
1.156208616780045340e+01,6.890625000000000000e+02
1.156489795918367491e+01,2.153320312500000000e+02
1.156770975056689466e+01,2.153320312500000000e+02
1.157052154195011440e+01,2.153320312500000000e+02
1.157333333333333414e+01,2.153320312500000000e+02
1.157614512471655388e+01,1.291992187500000000e+02
1.157895691609977362e+01,1.291992187500000000e+02
1.158176870748299336e+01,1.291992187500000000e+02
1.158458049886621311e+01,1.291992187500000000e+02
1.158739229024943462e+01,1.722656250000000000e+02
1.159020408163265436e+01,1.722656250000000000e+02
1.159301587301587411e+01,8.613281250000000000e+01
1.159582766439909385e+01,1.291992187500000000e+02
1.159863945578231359e+01,1.291992187500000000e+02
1.160145124716553333e+01,1.291992187500000000e+02
1.160426303854875307e+01,1.291992187500000000e+02
1.160707482993197281e+01,1.291992187500000000e+02
1.160988662131519256e+01,1.291992187500000000e+02
1.161269841269841407e+01,2.153320312500000000e+02
1.161551020408163382e+01,2.153320312500000000e+02
1.161832199546485356e+01,1.722656250000000000e+02
1.162113378684807330e+01,1.722656250000000000e+02
1.162394557823129304e+01,1.722656250000000000e+02
1.162675736961451278e+01,1.291992187500000000e+02
1.162956916099773252e+01,1.765722656250000000e+03
1.163238095238095227e+01,8.613281250000000000e+01
1.163519274376417378e+01,8.613281250000000000e+01
1.163800453514739353e+01,1.291992187500000000e+02
1.164081632653061327e+01,1.291992187500000000e+02
1.164362811791383301e+01,1.291992187500000000e+02
1.164643990929705275e+01,1.291992187500000000e+02
1.164925170068027249e+01,1.291992187500000000e+02
1.165206349206349223e+01,1.291992187500000000e+02
1.165487528344671198e+01,1.291992187500000000e+02
1.165768707482993349e+01,1.291992187500000000e+02
1.166049886621315324e+01,1.291992187500000000e+02
1.166331065759637298e+01,1.291992187500000000e+02
1.166612244897959272e+01,1.291992187500000000e+02
1.166893424036281246e+01,1.291992187500000000e+02
1.167174603174603220e+01,1.291992187500000000e+02
1.167455782312925194e+01,1.291992187500000000e+02
1.167736961451247168e+01,1.291992187500000000e+02
1.168018140589569143e+01,1.291992187500000000e+02
1.168299319727891294e+01,1.722656250000000000e+02
1.168580498866213269e+01,1.291992187500000000e+02
1.168861678004535243e+01,1.291992187500000000e+02
1.169142857142857217e+01,1.291992187500000000e+02
1.169424036281179191e+01,1.291992187500000000e+02
1.169705215419501165e+01,1.291992187500000000e+02
1.169986394557823139e+01,1.291992187500000000e+02
1.170267573696145114e+01,8.613281250000000000e+01
1.170548752834467265e+01,8.613281250000000000e+01
1.170829931972789240e+01,1.291992187500000000e+02
1.171111111111111214e+01,1.291992187500000000e+02
1.171392290249433188e+01,1.291992187500000000e+02
1.171673469387755162e+01,1.291992187500000000e+02
1.171954648526077136e+01,1.291992187500000000e+02
1.172235827664399110e+01,1.291992187500000000e+02
1.172517006802721085e+01,1.291992187500000000e+02
1.172798185941043236e+01,1.291992187500000000e+02
1.173079365079365211e+01,1.291992187500000000e+02
1.173360544217687185e+01,1.291992187500000000e+02
1.173641723356009159e+01,1.291992187500000000e+02
1.173922902494331133e+01,1.291992187500000000e+02
1.174204081632653107e+01,1.291992187500000000e+02
1.174485260770975081e+01,1.291992187500000000e+02
1.174766439909297056e+01,1.291992187500000000e+02
1.175047619047619030e+01,1.291992187500000000e+02
1.175328798185941181e+01,1.291992187500000000e+02
1.175609977324263156e+01,1.291992187500000000e+02
1.175891156462585130e+01,1.291992187500000000e+02
1.176172335600907104e+01,1.291992187500000000e+02
1.176453514739229078e+01,1.291992187500000000e+02
1.176734693877551052e+01,1.291992187500000000e+02
1.177015873015873026e+01,1.291992187500000000e+02
1.177297052154195001e+01,8.613281250000000000e+01
1.177578231292517152e+01,8.613281250000000000e+01
1.177859410430839127e+01,8.613281250000000000e+01
1.178140589569161101e+01,8.613281250000000000e+01
1.178421768707483075e+01,1.291992187500000000e+02
1.178702947845805049e+01,1.291992187500000000e+02
1.178984126984127023e+01,1.291992187500000000e+03
1.179265306122448997e+01,1.291992187500000000e+03
1.179546485260770972e+01,1.291992187500000000e+03
1.179827664399093123e+01,1.291992187500000000e+03
1.180108843537415098e+01,1.291992187500000000e+02
1.180390022675737072e+01,1.722656250000000000e+02
1.180671201814059046e+01,1.722656250000000000e+02
1.180952380952381020e+01,1.722656250000000000e+02
1.181233560090702994e+01,1.291992187500000000e+02
1.181514739229024968e+01,1.291992187500000000e+02
1.181795918367346943e+01,1.291992187500000000e+02
1.182077097505668917e+01,1.291992187500000000e+02
1.182358276643991069e+01,1.291992187500000000e+02
1.182639455782313043e+01,1.291992187500000000e+02
1.182920634920635017e+01,1.291992187500000000e+02
1.183201814058956991e+01,1.291992187500000000e+02
1.183482993197278965e+01,1.722656250000000000e+02
1.183764172335600939e+01,1.722656250000000000e+02
1.184045351473922913e+01,1.722656250000000000e+02
1.184326530612244888e+01,1.722656250000000000e+02
1.184607709750567039e+01,1.722656250000000000e+02
1.184888888888889014e+01,1.722656250000000000e+02
1.185170068027210988e+01,1.722656250000000000e+02
1.185451247165532962e+01,1.722656250000000000e+02
1.185732426303854936e+01,1.722656250000000000e+02
1.186013605442176910e+01,1.636523437500000000e+03
1.186294784580498884e+01,1.636523437500000000e+03
1.186575963718820859e+01,1.291992187500000000e+02
1.186857142857143010e+01,1.291992187500000000e+02
1.187138321995464985e+01,1.291992187500000000e+02
1.187419501133786959e+01,1.291992187500000000e+02
1.187700680272108933e+01,1.593457031250000000e+03
1.187981859410430907e+01,1.593457031250000000e+03
1.188263038548752881e+01,1.593457031250000000e+03
1.188544217687074855e+01,1.722656250000000000e+02
1.188825396825396830e+01,1.722656250000000000e+02
1.189106575963718804e+01,1.291992187500000000e+02
1.189387755102040956e+01,1.636523437500000000e+03
1.189668934240362930e+01,1.636523437500000000e+03
1.189950113378684904e+01,1.636523437500000000e+03
1.190231292517006878e+01,1.636523437500000000e+03
1.190512471655328852e+01,1.593457031250000000e+03
1.190793650793650826e+01,1.421191406250000000e+03
1.191074829931972801e+01,1.421191406250000000e+03
1.191356009070294775e+01,1.722656250000000000e+03
1.191637188208616926e+01,1.722656250000000000e+03
1.191918367346938901e+01,1.722656250000000000e+03
1.192199546485260875e+01,1.421191406250000000e+03
1.192480725623582849e+01,1.378125000000000000e+03
1.192761904761904823e+01,1.378125000000000000e+03
1.193043083900226797e+01,1.593457031250000000e+03
1.193324263038548771e+01,1.593457031250000000e+03
1.193605442176870746e+01,1.593457031250000000e+03
1.193886621315192897e+01,2.153320312500000000e+02
1.194167800453514872e+01,2.153320312500000000e+02
1.194448979591836846e+01,1.722656250000000000e+02
1.194730158730158820e+01,1.679589843750000000e+03
1.195011337868480794e+01,1.679589843750000000e+03
1.195292517006802768e+01,1.291992187500000000e+02
1.195573696145124742e+01,1.291992187500000000e+02
1.195854875283446717e+01,1.291992187500000000e+02
1.196136054421768691e+01,1.722656250000000000e+02
1.196417233560090843e+01,1.593457031250000000e+03
1.196698412698412817e+01,1.593457031250000000e+03
1.196979591836734791e+01,1.593457031250000000e+03
1.197260770975056765e+01,2.153320312500000000e+02
1.197541950113378739e+01,1.291992187500000000e+02
1.197823129251700713e+01,1.291992187500000000e+02
1.198104308390022688e+01,1.722656250000000000e+02
1.198385487528344662e+01,1.464257812500000000e+03
1.198666666666666814e+01,1.421191406250000000e+03
1.198947845804988788e+01,1.421191406250000000e+03
1.199229024943310762e+01,1.421191406250000000e+03
1.199510204081632736e+01,1.722656250000000000e+02
1.199791383219954710e+01,1.722656250000000000e+02
1.200072562358276684e+01,1.722656250000000000e+02
1.200353741496598659e+01,1.291992187500000000e+02
1.200634920634920633e+01,1.593457031250000000e+03
1.200916099773242607e+01,8.613281250000000000e+01
1.201197278911564759e+01,1.507324218750000000e+03
1.201478458049886733e+01,7.751953125000000000e+02
1.201759637188208707e+01,7.751953125000000000e+02
1.202040816326530681e+01,7.751953125000000000e+02
1.202321995464852655e+01,7.321289062500000000e+02
1.202603174603174629e+01,7.321289062500000000e+02
1.202884353741496604e+01,7.321289062500000000e+02
1.203165532879818578e+01,7.321289062500000000e+02
1.203446712018140730e+01,7.321289062500000000e+02
1.203727891156462704e+01,7.321289062500000000e+02
1.204009070294784678e+01,7.321289062500000000e+02
1.204290249433106652e+01,7.321289062500000000e+02
1.204571428571428626e+01,7.321289062500000000e+02
1.204852607709750600e+01,7.321289062500000000e+02
1.205133786848072575e+01,7.321289062500000000e+02
1.205414965986394549e+01,7.321289062500000000e+02
1.205696145124716701e+01,7.321289062500000000e+02
1.205977324263038675e+01,7.321289062500000000e+02
1.206258503401360649e+01,7.321289062500000000e+02
1.206539682539682623e+01,7.321289062500000000e+02
1.206820861678004597e+01,7.321289062500000000e+02
1.207102040816326571e+01,7.321289062500000000e+02
1.207383219954648546e+01,7.321289062500000000e+02
1.207664399092970520e+01,7.321289062500000000e+02
1.207945578231292494e+01,7.321289062500000000e+02
1.208226757369614646e+01,7.321289062500000000e+02
1.208507936507936620e+01,7.321289062500000000e+02
1.208789115646258594e+01,7.321289062500000000e+02
1.209070294784580568e+01,7.321289062500000000e+02
1.209351473922902542e+01,7.751953125000000000e+02
1.209632653061224516e+01,1.722656250000000000e+02
1.209913832199546491e+01,2.153320312500000000e+02
1.210195011337868465e+01,2.153320312500000000e+02
1.210476190476190617e+01,7.751953125000000000e+02
1.210757369614512591e+01,7.751953125000000000e+02
1.211038548752834565e+01,7.751953125000000000e+02
1.211319727891156539e+01,7.751953125000000000e+02
1.211600907029478513e+01,6.029296875000000000e+02
1.211882086167800487e+01,6.029296875000000000e+02
1.212163265306122462e+01,6.029296875000000000e+02
1.212444444444444436e+01,6.029296875000000000e+02
1.212725623582766588e+01,1.291992187500000000e+02
1.213006802721088562e+01,1.291992187500000000e+02
1.213287981859410536e+01,1.291992187500000000e+02
1.213569160997732510e+01,1.291992187500000000e+02
1.213850340136054484e+01,6.029296875000000000e+02
1.214131519274376458e+01,6.029296875000000000e+02
1.214412698412698433e+01,6.029296875000000000e+02
1.214693877551020407e+01,6.029296875000000000e+02
1.214975056689342381e+01,6.029296875000000000e+02
1.215256235827664533e+01,6.029296875000000000e+02
1.215537414965986507e+01,6.029296875000000000e+02
1.215818594104308481e+01,6.029296875000000000e+02
1.216099773242630455e+01,6.029296875000000000e+02
1.216380952380952429e+01,6.029296875000000000e+02
1.216662131519274404e+01,6.029296875000000000e+02
1.216943310657596378e+01,6.029296875000000000e+02
1.217224489795918352e+01,1.291992187500000000e+02
1.217505668934240504e+01,1.291992187500000000e+02
1.217786848072562478e+01,1.291992187500000000e+02
1.218068027210884452e+01,1.291992187500000000e+02
1.218349206349206426e+01,1.722656250000000000e+02
1.218630385487528400e+01,2.153320312500000000e+02
1.218911564625850374e+01,2.153320312500000000e+02
1.219192743764172349e+01,2.067187500000000000e+03
1.219473922902494323e+01,2.067187500000000000e+03
1.219755102040816475e+01,2.067187500000000000e+03
1.220036281179138449e+01,2.110253906250000000e+03
1.220317460317460423e+01,2.110253906250000000e+03
1.220598639455782397e+01,2.110253906250000000e+03
1.220879818594104371e+01,2.067187500000000000e+03
1.221160997732426345e+01,2.067187500000000000e+03
1.221442176870748320e+01,1.808789062500000000e+03
1.221723356009070294e+01,1.808789062500000000e+03
1.222004535147392268e+01,1.851855468750000000e+03
1.222285714285714420e+01,1.851855468750000000e+03
1.222566893424036394e+01,1.851855468750000000e+03
1.222848072562358368e+01,1.937988281250000000e+03
1.223129251700680342e+01,1.679589843750000000e+03
1.223410430839002316e+01,1.765722656250000000e+03
1.223691609977324291e+01,1.765722656250000000e+03
1.223972789115646265e+01,1.765722656250000000e+03
1.224253968253968239e+01,1.291992187500000000e+02
1.224535147392290391e+01,1.291992187500000000e+02
1.224816326530612365e+01,1.291992187500000000e+02
1.225097505668934339e+01,1.291992187500000000e+02
1.225378684807256313e+01,1.722656250000000000e+02
1.225659863945578287e+01,1.722656250000000000e+02
1.225941043083900261e+01,1.722656250000000000e+02
1.226222222222222236e+01,1.722656250000000000e+02
1.226503401360544210e+01,1.291992187500000000e+03
1.226784580498866362e+01,1.291992187500000000e+03
1.227065759637188336e+01,2.583984375000000000e+02
1.227346938775510310e+01,2.153320312500000000e+02
1.227628117913832284e+01,2.153320312500000000e+02
1.227909297052154258e+01,1.291992187500000000e+02
1.228190476190476232e+01,1.291992187500000000e+02
1.228471655328798207e+01,1.291992187500000000e+02
1.228752834467120181e+01,1.291992187500000000e+02
1.229034013605442155e+01,1.291992187500000000e+02
1.229315192743764307e+01,1.291992187500000000e+02
1.229596371882086281e+01,8.613281250000000000e+01
1.229877551020408255e+01,1.722656250000000000e+03
1.230158730158730229e+01,1.550390625000000000e+03
1.230439909297052203e+01,1.550390625000000000e+03
1.230721088435374178e+01,1.507324218750000000e+03
1.231002267573696152e+01,1.464257812500000000e+03
1.231283446712018126e+01,1.464257812500000000e+03
1.231564625850340278e+01,1.722656250000000000e+02
1.231845804988662252e+01,1.593457031250000000e+03
1.232126984126984226e+01,1.593457031250000000e+03
1.232408163265306200e+01,1.593457031250000000e+03
1.232689342403628174e+01,1.722656250000000000e+02
1.232970521541950149e+01,1.722656250000000000e+02
1.233251700680272123e+01,1.808789062500000000e+03
1.233532879818594097e+01,1.765722656250000000e+03
1.233814058956916249e+01,1.765722656250000000e+03
1.234095238095238223e+01,1.765722656250000000e+03
1.234376417233560197e+01,1.765722656250000000e+03
1.234657596371882171e+01,1.765722656250000000e+03
1.234938775510204145e+01,1.765722656250000000e+03
1.235219954648526119e+01,1.808789062500000000e+03
1.235501133786848094e+01,1.808789062500000000e+03
1.235782312925170068e+01,1.808789062500000000e+03
1.236063492063492042e+01,1.808789062500000000e+03
1.236344671201814194e+01,1.808789062500000000e+03
1.236625850340136168e+01,1.808789062500000000e+03
1.236907029478458142e+01,1.808789062500000000e+03
1.237188208616780116e+01,1.808789062500000000e+03
1.237469387755102090e+01,1.808789062500000000e+03
1.237750566893424065e+01,1.808789062500000000e+03
1.238031746031746039e+01,1.851855468750000000e+03
1.238312925170068013e+01,1.851855468750000000e+03
1.238594104308390165e+01,1.851855468750000000e+03
1.238875283446712139e+01,1.851855468750000000e+03
1.239156462585034113e+01,2.325585937500000000e+03
1.239437641723356087e+01,1.765722656250000000e+03
1.239718820861678061e+01,1.765722656250000000e+03
1.240000000000000036e+01,1.765722656250000000e+03
1.240281179138322010e+01,1.765722656250000000e+03
1.240562358276643984e+01,1.765722656250000000e+03
1.240843537414966136e+01,1.593457031250000000e+03
1.241124716553288110e+01,1.291992187500000000e+02
1.241405895691610084e+01,1.291992187500000000e+02
1.241687074829932058e+01,1.291992187500000000e+02
1.241968253968254032e+01,1.291992187500000000e+02
1.242249433106576006e+01,1.291992187500000000e+02
1.242530612244897981e+01,1.291992187500000000e+02
1.242811791383219955e+01,1.291992187500000000e+02
1.243092970521541929e+01,1.722656250000000000e+02
1.243374149659864081e+01,2.153320312500000000e+02
1.243655328798186055e+01,2.153320312500000000e+02
1.243936507936508029e+01,2.583984375000000000e+02
1.244217687074830003e+01,1.291992187500000000e+02
1.244498866213151977e+01,1.291992187500000000e+02
1.244780045351473952e+01,1.291992187500000000e+02
1.245061224489795926e+01,1.291992187500000000e+02
1.245342403628117900e+01,8.613281250000000000e+01
1.245623582766440052e+01,8.613281250000000000e+01
1.245904761904762026e+01,8.613281250000000000e+01
1.246185941043084000e+01,1.291992187500000000e+02
1.246467120181405974e+01,8.613281250000000000e+01
1.246748299319727948e+01,1.291992187500000000e+02
1.247029478458049923e+01,1.291992187500000000e+02
1.247310657596371897e+01,1.291992187500000000e+02
1.247591836734693871e+01,1.291992187500000000e+02
1.247873015873016023e+01,1.722656250000000000e+02
1.248154195011337997e+01,1.722656250000000000e+02
1.248435374149659971e+01,1.722656250000000000e+02
1.248716553287981945e+01,2.153320312500000000e+02
1.248997732426303919e+01,2.153320312500000000e+02
1.249278911564625894e+01,1.291992187500000000e+02
1.249560090702947868e+01,1.291992187500000000e+02
1.249841269841269842e+01,1.291992187500000000e+02
1.250122448979591816e+01,1.722656250000000000e+02
1.250403628117913968e+01,1.722656250000000000e+02
1.250684807256235942e+01,1.722656250000000000e+02
1.250965986394557916e+01,1.722656250000000000e+02
1.251247165532879890e+01,1.291992187500000000e+02
1.251528344671201864e+01,1.291992187500000000e+02
1.251809523809523839e+01,8.613281250000000000e+01
1.252090702947845813e+01,8.613281250000000000e+01
1.252371882086167787e+01,8.613281250000000000e+01
1.252653061224489939e+01,8.613281250000000000e+01
1.252934240362811913e+01,1.765722656250000000e+03
1.253215419501133887e+01,1.765722656250000000e+03
1.253496598639455861e+01,1.765722656250000000e+03
1.253777777777777835e+01,1.765722656250000000e+03
1.254058956916099810e+01,1.765722656250000000e+03
1.254340136054421784e+01,1.550390625000000000e+03
1.254621315192743758e+01,1.593457031250000000e+03
1.254902494331065910e+01,1.593457031250000000e+03
1.255183673469387884e+01,1.593457031250000000e+03
1.255464852607709858e+01,1.550390625000000000e+03
1.255746031746031832e+01,1.550390625000000000e+03
1.256027210884353806e+01,1.722656250000000000e+02
1.256308390022675781e+01,2.153320312500000000e+02
1.256589569160997755e+01,2.153320312500000000e+02
1.256870748299319729e+01,2.153320312500000000e+02
1.257151927437641703e+01,2.153320312500000000e+02
1.257433106575963855e+01,1.291992187500000000e+02
1.257714285714285829e+01,1.291992187500000000e+02
1.257995464852607803e+01,1.291992187500000000e+02
1.258276643990929777e+01,1.291992187500000000e+02
1.258557823129251751e+01,1.291992187500000000e+02
1.258839002267573726e+01,1.722656250000000000e+02
1.259120181405895700e+01,1.722656250000000000e+02
1.259401360544217674e+01,8.613281250000000000e+01
1.259682539682539826e+01,1.291992187500000000e+02
1.259963718820861800e+01,1.291992187500000000e+02
1.260244897959183774e+01,1.291992187500000000e+02
1.260526077097505748e+01,1.291992187500000000e+02
1.260807256235827722e+01,1.291992187500000000e+02
1.261088435374149697e+01,1.291992187500000000e+02
1.261369614512471671e+01,2.153320312500000000e+02
1.261650793650793645e+01,1.291992187500000000e+02
1.261931972789115797e+01,1.722656250000000000e+02
1.262213151927437771e+01,1.722656250000000000e+02
1.262494331065759745e+01,1.722656250000000000e+02
1.262775510204081719e+01,1.291992187500000000e+02
1.263056689342403693e+01,8.613281250000000000e+01
1.263337868480725668e+01,8.613281250000000000e+01
1.263619047619047642e+01,1.291992187500000000e+02
1.263900226757369616e+01,1.291992187500000000e+02
1.264181405895691590e+01,1.291992187500000000e+02
1.264462585034013742e+01,1.291992187500000000e+02
1.264743764172335716e+01,1.291992187500000000e+02
1.265024943310657690e+01,1.291992187500000000e+02
1.265306122448979664e+01,1.291992187500000000e+02
1.265587301587301639e+01,1.291992187500000000e+02
1.265868480725623613e+01,1.291992187500000000e+02
1.266149659863945587e+01,1.291992187500000000e+02
1.266430839002267561e+01,1.291992187500000000e+02
1.266712018140589713e+01,1.291992187500000000e+02
1.266993197278911687e+01,1.291992187500000000e+02
1.267274376417233661e+01,1.291992187500000000e+02
1.267555555555555635e+01,1.291992187500000000e+02
1.267836734693877609e+01,1.291992187500000000e+02
1.268117913832199584e+01,1.722656250000000000e+02
1.268399092970521558e+01,1.722656250000000000e+02
1.268680272108843532e+01,1.291992187500000000e+02
1.268961451247165684e+01,1.291992187500000000e+02
1.269242630385487658e+01,1.291992187500000000e+02
1.269523809523809632e+01,1.291992187500000000e+02
1.269804988662131606e+01,1.291992187500000000e+02
1.270086167800453580e+01,8.613281250000000000e+01
1.270367346938775555e+01,8.613281250000000000e+01
1.270648526077097529e+01,1.291992187500000000e+02
1.270929705215419503e+01,1.291992187500000000e+02
1.271210884353741477e+01,1.291992187500000000e+02
1.271492063492063629e+01,1.291992187500000000e+02
1.271773242630385603e+01,1.291992187500000000e+02
1.272054421768707577e+01,1.291992187500000000e+02
1.272335600907029551e+01,1.291992187500000000e+02
1.272616780045351526e+01,1.291992187500000000e+02
1.272897959183673500e+01,1.291992187500000000e+02
1.273179138321995474e+01,1.291992187500000000e+02
1.273460317460317448e+01,1.291992187500000000e+02
1.273741496598639600e+01,1.291992187500000000e+02
1.274022675736961574e+01,1.291992187500000000e+02
1.274303854875283548e+01,1.291992187500000000e+02
1.274585034013605522e+01,1.291992187500000000e+02
1.274866213151927496e+01,1.291992187500000000e+02
1.275147392290249471e+01,1.291992187500000000e+02
1.275428571428571445e+01,1.291992187500000000e+02
1.275709750566893419e+01,1.291992187500000000e+02
1.275990929705215571e+01,1.291992187500000000e+02
1.276272108843537545e+01,1.291992187500000000e+02
1.276553287981859519e+01,1.291992187500000000e+02
1.276834467120181493e+01,1.291992187500000000e+02
1.277115646258503467e+01,1.291992187500000000e+02
1.277396825396825442e+01,8.613281250000000000e+01
1.277678004535147416e+01,8.613281250000000000e+01
1.277959183673469390e+01,8.613281250000000000e+01
1.278240362811791364e+01,1.291992187500000000e+02
1.278521541950113516e+01,1.291992187500000000e+02
1.278802721088435490e+01,1.291992187500000000e+02
1.279083900226757464e+01,8.613281250000000000e+01
1.279365079365079438e+01,8.613281250000000000e+01
1.279646258503401413e+01,8.613281250000000000e+01
1.279927437641723387e+01,1.291992187500000000e+02
1.280208616780045361e+01,1.291992187500000000e+02
1.280489795918367335e+01,1.722656250000000000e+02
1.280770975056689487e+01,1.722656250000000000e+02
1.281052154195011461e+01,1.722656250000000000e+02
1.281333333333333435e+01,1.291992187500000000e+02
1.281614512471655409e+01,1.291992187500000000e+02
1.281895691609977384e+01,1.291992187500000000e+02
1.282176870748299358e+01,1.291992187500000000e+02
1.282458049886621332e+01,1.291992187500000000e+02
1.282739229024943306e+01,1.291992187500000000e+02
1.283020408163265458e+01,1.291992187500000000e+02
1.283301587301587432e+01,1.291992187500000000e+02
1.283582766439909406e+01,1.722656250000000000e+02
1.283863945578231380e+01,1.722656250000000000e+02
1.284145124716553354e+01,1.722656250000000000e+02
1.284426303854875329e+01,1.722656250000000000e+02
1.284707482993197303e+01,1.722656250000000000e+02
1.284988662131519277e+01,1.722656250000000000e+02
1.285269841269841251e+01,1.722656250000000000e+02
1.285551020408163403e+01,1.722656250000000000e+02
1.285832199546485377e+01,1.722656250000000000e+02
1.286113378684807351e+01,1.722656250000000000e+02
1.286394557823129325e+01,1.291992187500000000e+02
1.286675736961451300e+01,1.291992187500000000e+02
1.286956916099773274e+01,1.291992187500000000e+02
1.287238095238095248e+01,1.291992187500000000e+02
1.287519274376417222e+01,1.291992187500000000e+02
1.287800453514739374e+01,1.722656250000000000e+02
1.288081632653061348e+01,1.722656250000000000e+02
1.288362811791383322e+01,1.722656250000000000e+02
1.288643990929705296e+01,1.722656250000000000e+02
1.288925170068027271e+01,1.291992187500000000e+02
1.289206349206349245e+01,1.291992187500000000e+02
1.289487528344671219e+01,1.291992187500000000e+02
1.289768707482993193e+01,1.636523437500000000e+03
1.290049886621315345e+01,1.636523437500000000e+03
1.290331065759637319e+01,1.593457031250000000e+03
1.290612244897959293e+01,1.593457031250000000e+03
1.290893424036281267e+01,1.421191406250000000e+03
1.291174603174603241e+01,8.613281250000000000e+01
1.291455782312925216e+01,8.613281250000000000e+01
1.291736961451247190e+01,8.613281250000000000e+01
1.292018140589569164e+01,8.613281250000000000e+01
1.292299319727891138e+01,1.378125000000000000e+03
1.292580498866213290e+01,1.378125000000000000e+03
1.292861678004535264e+01,1.378125000000000000e+03
1.293142857142857238e+01,1.593457031250000000e+03
1.293424036281179212e+01,1.722656250000000000e+02
1.293705215419501187e+01,2.153320312500000000e+02
1.293986394557823161e+01,2.153320312500000000e+02
1.294267573696145135e+01,2.153320312500000000e+02
1.294548752834467109e+01,2.153320312500000000e+02
1.294829931972789261e+01,1.722656250000000000e+02
1.295111111111111235e+01,1.291992187500000000e+02
1.295392290249433209e+01,1.291992187500000000e+02
1.295673469387755183e+01,1.291992187500000000e+02
1.295954648526077158e+01,1.291992187500000000e+02
1.296235827664399132e+01,1.722656250000000000e+02
1.296517006802721106e+01,2.153320312500000000e+02
1.296798185941043080e+01,2.153320312500000000e+02
1.297079365079365232e+01,2.153320312500000000e+02
1.297360544217687206e+01,2.153320312500000000e+02
1.297641723356009180e+01,1.722656250000000000e+02
1.297922902494331154e+01,1.722656250000000000e+02
1.298204081632653129e+01,1.722656250000000000e+02
1.298485260770975103e+01,1.722656250000000000e+02
1.298766439909297077e+01,1.291992187500000000e+02
1.299047619047619051e+01,1.722656250000000000e+02
1.299328798185941025e+01,1.722656250000000000e+02
1.299609977324263177e+01,1.722656250000000000e+02
1.299891156462585151e+01,1.722656250000000000e+02
1.300172335600907125e+01,1.291992187500000000e+02
1.300453514739229099e+01,1.464257812500000000e+03
1.300734693877551074e+01,1.507324218750000000e+03
1.301015873015873048e+01,1.593457031250000000e+03
1.301297052154195022e+01,1.593457031250000000e+03
1.301578231292516996e+01,1.593457031250000000e+03
1.301859410430839148e+01,1.593457031250000000e+03
1.302140589569161122e+01,1.765722656250000000e+03
1.302421768707483096e+01,1.765722656250000000e+03
1.302702947845805070e+01,1.765722656250000000e+03
1.302984126984127045e+01,1.765722656250000000e+03
1.303265306122449019e+01,1.808789062500000000e+03
1.303546485260770993e+01,1.808789062500000000e+03
1.303827664399092967e+01,1.808789062500000000e+03
1.304108843537415119e+01,1.808789062500000000e+03
1.304390022675737093e+01,1.808789062500000000e+03
1.304671201814059067e+01,2.411718750000000000e+03
1.304952380952381041e+01,2.153320312500000000e+03
1.305233560090703016e+01,2.153320312500000000e+02
1.305514739229024990e+01,1.722656250000000000e+02
1.305795918367346964e+01,1.722656250000000000e+02
1.306077097505668938e+01,1.722656250000000000e+02
1.306358276643990912e+01,1.722656250000000000e+02
1.306639455782313064e+01,1.722656250000000000e+02
1.306920634920635038e+01,1.722656250000000000e+02
1.307201814058957012e+01,1.722656250000000000e+02
1.307482993197278986e+01,2.153320312500000000e+02
1.307764172335600961e+01,2.153320312500000000e+02
1.308045351473922935e+01,2.153320312500000000e+02
1.308326530612244909e+01,1.291992187500000000e+02
1.308607709750566883e+01,1.291992187500000000e+02
1.308888888888889035e+01,1.291992187500000000e+02
1.309170068027211009e+01,1.291992187500000000e+02
1.309451247165532983e+01,1.722656250000000000e+02
1.309732426303854957e+01,1.722656250000000000e+02
1.310013605442176932e+01,2.153320312500000000e+02
1.310294784580498906e+01,2.153320312500000000e+02
1.310575963718820880e+01,2.153320312500000000e+02
1.310857142857142854e+01,2.153320312500000000e+02
1.311138321995465006e+01,2.153320312500000000e+02
1.311419501133786980e+01,2.153320312500000000e+02
1.311700680272108954e+01,2.153320312500000000e+02
1.311981859410430928e+01,8.613281250000000000e+01
1.312263038548752903e+01,8.613281250000000000e+01
1.312544217687074877e+01,1.291992187500000000e+02
1.312825396825396851e+01,1.291992187500000000e+02
1.313106575963718825e+01,1.291992187500000000e+02
1.313387755102040799e+01,1.291992187500000000e+02
1.313668934240362951e+01,1.291992187500000000e+02
1.313950113378684925e+01,1.291992187500000000e+02
1.314231292517006899e+01,1.808789062500000000e+03
1.314512471655328874e+01,1.808789062500000000e+03
1.314793650793650848e+01,1.808789062500000000e+03
1.315074829931972822e+01,1.808789062500000000e+03
1.315356009070294796e+01,1.808789062500000000e+03
1.315637188208616770e+01,2.153320312500000000e+02
1.315918367346938922e+01,2.153320312500000000e+02
1.316199546485260896e+01,2.153320312500000000e+02
1.316480725623582870e+01,8.613281250000000000e+01
1.316761904761904844e+01,8.613281250000000000e+01
1.317043083900226819e+01,1.291992187500000000e+02
1.317324263038548793e+01,1.291992187500000000e+02
1.317605442176870767e+01,1.291992187500000000e+02
1.317886621315192741e+01,1.291992187500000000e+02
1.318167800453514893e+01,1.291992187500000000e+02
1.318448979591836867e+01,1.722656250000000000e+02
1.318730158730158841e+01,1.722656250000000000e+02
1.319011337868480815e+01,1.722656250000000000e+02
1.319292517006802790e+01,1.722656250000000000e+02
1.319573696145124764e+01,1.722656250000000000e+02
1.319854875283446738e+01,1.722656250000000000e+02
1.320136054421768712e+01,1.722656250000000000e+02
1.320417233560090686e+01,1.722656250000000000e+02
1.320698412698412838e+01,1.722656250000000000e+02
1.320979591836734812e+01,1.722656250000000000e+02
1.321260770975056786e+01,1.722656250000000000e+02
1.321541950113378761e+01,2.153320312500000000e+02
1.321823129251700735e+01,1.851855468750000000e+03
1.322104308390022709e+01,1.851855468750000000e+03
1.322385487528344683e+01,1.851855468750000000e+03
1.322666666666666657e+01,1.291992187500000000e+02
1.322947845804988809e+01,1.291992187500000000e+02
1.323229024943310783e+01,1.291992187500000000e+02
1.323510204081632757e+01,8.613281250000000000e+01
1.323791383219954731e+01,8.613281250000000000e+01
1.324072562358276706e+01,1.291992187500000000e+02
1.324353741496598680e+01,1.291992187500000000e+02
1.324634920634920654e+01,1.291992187500000000e+02
1.324916099773242628e+01,1.291992187500000000e+02
1.325197278911564602e+01,1.291992187500000000e+02
1.325478458049886754e+01,1.722656250000000000e+02
1.325759637188208728e+01,1.722656250000000000e+02
1.326040816326530702e+01,1.722656250000000000e+02
1.326321995464852677e+01,1.722656250000000000e+02
1.326603174603174651e+01,1.722656250000000000e+02
1.326884353741496625e+01,2.583984375000000000e+02
1.327165532879818599e+01,2.583984375000000000e+02
1.327446712018140573e+01,2.153320312500000000e+02
1.327727891156462725e+01,1.291992187500000000e+02
1.328009070294784699e+01,1.291992187500000000e+02
1.328290249433106673e+01,1.291992187500000000e+02
1.328571428571428648e+01,1.291992187500000000e+02
1.328852607709750622e+01,1.291992187500000000e+02
1.329133786848072596e+01,1.291992187500000000e+02
1.329414965986394570e+01,8.613281250000000000e+01
1.329696145124716544e+01,2.153320312500000000e+02
1.329977324263038696e+01,2.153320312500000000e+02
1.330258503401360670e+01,2.153320312500000000e+02
1.330539682539682644e+01,2.153320312500000000e+02
1.330820861678004619e+01,2.153320312500000000e+02
1.331102040816326593e+01,1.722656250000000000e+02
1.331383219954648567e+01,1.291992187500000000e+02
1.331664399092970541e+01,1.291992187500000000e+02
1.331945578231292515e+01,2.713183593750000000e+03
1.332226757369614489e+01,2.713183593750000000e+03
1.332507936507936641e+01,2.583984375000000000e+03
1.332789115646258615e+01,2.583984375000000000e+03
1.333070294784580589e+01,2.583984375000000000e+03
1.333351473922902564e+01,2.583984375000000000e+03
1.333632653061224538e+01,1.679589843750000000e+03
1.333913832199546512e+01,1.722656250000000000e+03
1.334195011337868486e+01,1.722656250000000000e+03
1.334476190476190460e+01,1.722656250000000000e+03
1.334757369614512612e+01,1.722656250000000000e+03
1.335038548752834586e+01,1.722656250000000000e+03
1.335319727891156560e+01,1.722656250000000000e+03
1.335600907029478535e+01,1.291992187500000000e+02
1.335882086167800509e+01,1.291992187500000000e+02
1.336163265306122483e+01,1.291992187500000000e+02
1.336444444444444457e+01,1.291992187500000000e+02
1.336725623582766431e+01,1.808789062500000000e+03
1.337006802721088583e+01,1.808789062500000000e+03
1.337287981859410557e+01,1.808789062500000000e+03
1.337569160997732531e+01,1.808789062500000000e+03
1.337850340136054506e+01,1.291992187500000000e+02
1.338131519274376480e+01,1.291992187500000000e+02
1.338412698412698454e+01,1.851855468750000000e+03
1.338693877551020428e+01,1.851855468750000000e+03
1.338975056689342402e+01,1.851855468750000000e+03
1.339256235827664376e+01,1.291992187500000000e+02
1.339537414965986528e+01,2.583984375000000000e+02
1.339818594104308502e+01,1.291992187500000000e+02
1.340099773242630476e+01,1.291992187500000000e+02
1.340380952380952451e+01,1.291992187500000000e+02
1.340662131519274425e+01,1.291992187500000000e+02
1.340943310657596399e+01,1.291992187500000000e+02
1.341224489795918373e+01,1.291992187500000000e+02
1.341505668934240347e+01,1.291992187500000000e+02
1.341786848072562499e+01,1.291992187500000000e+02
1.342068027210884473e+01,1.291992187500000000e+02
1.342349206349206447e+01,1.291992187500000000e+02
1.342630385487528422e+01,1.291992187500000000e+02
1.342911564625850396e+01,1.291992187500000000e+02
1.343192743764172370e+01,1.722656250000000000e+02
1.343473922902494344e+01,2.153320312500000000e+02
1.343755102040816318e+01,2.153320312500000000e+02
1.344036281179138470e+01,2.583984375000000000e+02
1.344317460317460444e+01,1.291992187500000000e+02
1.344598639455782418e+01,1.291992187500000000e+02
1.344879818594104393e+01,1.291992187500000000e+02
1.345160997732426367e+01,1.291992187500000000e+02
1.345442176870748341e+01,8.613281250000000000e+01
1.345723356009070315e+01,8.613281250000000000e+01
1.346004535147392289e+01,8.613281250000000000e+01
1.346285714285714263e+01,1.291992187500000000e+02
1.346566893424036415e+01,8.613281250000000000e+01
1.346848072562358389e+01,1.291992187500000000e+02
1.347129251700680364e+01,1.291992187500000000e+02
1.347410430839002338e+01,1.291992187500000000e+02
1.347691609977324312e+01,1.722656250000000000e+02
1.347972789115646286e+01,1.722656250000000000e+02
1.348253968253968260e+01,1.722656250000000000e+02
1.348535147392290234e+01,1.722656250000000000e+02
1.348816326530612386e+01,2.153320312500000000e+02
1.349097505668934360e+01,2.153320312500000000e+02
1.349378684807256334e+01,1.291992187500000000e+02
1.349659863945578309e+01,1.291992187500000000e+02
1.349941043083900283e+01,1.291992187500000000e+02
1.350222222222222257e+01,1.722656250000000000e+02
1.350503401360544231e+01,1.722656250000000000e+02
1.350784580498866205e+01,1.722656250000000000e+02
1.351065759637188357e+01,1.291992187500000000e+02
1.351346938775510331e+01,1.291992187500000000e+02
1.351628117913832305e+01,1.291992187500000000e+02
1.351909297052154280e+01,8.613281250000000000e+01
1.352190476190476254e+01,1.722656250000000000e+03
1.352471655328798228e+01,1.722656250000000000e+03
1.352752834467120202e+01,1.722656250000000000e+03
1.353034013605442176e+01,1.765722656250000000e+03
1.353315192743764150e+01,1.765722656250000000e+03
1.353596371882086302e+01,1.765722656250000000e+03
1.353877551020408276e+01,8.613281250000000000e+01
1.354158730158730251e+01,1.937988281250000000e+03
1.354439909297052225e+01,1.937988281250000000e+03
1.354721088435374199e+01,2.153320312500000000e+02
1.355002267573696173e+01,2.153320312500000000e+02
1.355283446712018147e+01,2.153320312500000000e+02
1.355564625850340121e+01,1.722656250000000000e+02
1.355845804988662273e+01,1.722656250000000000e+02
1.356126984126984247e+01,1.722656250000000000e+02
1.356408163265306221e+01,2.153320312500000000e+02
1.356689342403628196e+01,2.153320312500000000e+02
1.356970521541950170e+01,2.153320312500000000e+02
1.357251700680272144e+01,2.153320312500000000e+02
1.357532879818594118e+01,1.291992187500000000e+02
1.357814058956916092e+01,1.291992187500000000e+02
1.358095238095238244e+01,1.291992187500000000e+02
1.358376417233560218e+01,1.291992187500000000e+02
1.358657596371882192e+01,1.291992187500000000e+02
1.358938775510204167e+01,1.722656250000000000e+02
1.359219954648526141e+01,1.722656250000000000e+02
1.359501133786848115e+01,1.291992187500000000e+02
1.359782312925170089e+01,1.291992187500000000e+02
1.360063492063492063e+01,1.291992187500000000e+02
1.360344671201814037e+01,1.291992187500000000e+02
1.360625850340136189e+01,1.291992187500000000e+02
1.360907029478458163e+01,1.291992187500000000e+02
1.361188208616780138e+01,1.291992187500000000e+02
1.361469387755102112e+01,2.153320312500000000e+02
1.361750566893424086e+01,1.291992187500000000e+02
1.362031746031746060e+01,1.722656250000000000e+02
1.362312925170068034e+01,1.722656250000000000e+02
1.362594104308390008e+01,1.291992187500000000e+02
1.362875283446712160e+01,1.291992187500000000e+02
1.363156462585034134e+01,1.291992187500000000e+02
1.363437641723356109e+01,8.613281250000000000e+01
1.363718820861678083e+01,8.613281250000000000e+01
1.364000000000000057e+01,8.613281250000000000e+01
1.364281179138322031e+01,8.613281250000000000e+01
1.364562358276644005e+01,1.291992187500000000e+02
1.364843537414965979e+01,1.291992187500000000e+02
1.365124716553288131e+01,1.291992187500000000e+02
1.365405895691610105e+01,1.291992187500000000e+02
1.365687074829932079e+01,1.291992187500000000e+02
1.365968253968254054e+01,1.291992187500000000e+02
1.366249433106576028e+01,1.291992187500000000e+02
1.366530612244898002e+01,1.291992187500000000e+02
1.366811791383219976e+01,1.291992187500000000e+02
1.367092970521541950e+01,1.291992187500000000e+02
1.367374149659863924e+01,1.291992187500000000e+02
1.367655328798186076e+01,1.291992187500000000e+02
1.367936507936508050e+01,1.291992187500000000e+02
1.368217687074830025e+01,1.722656250000000000e+02
1.368498866213151999e+01,1.291992187500000000e+02
1.368780045351473973e+01,1.291992187500000000e+02
1.369061224489795947e+01,1.291992187500000000e+02
1.369342403628117921e+01,1.291992187500000000e+02
1.369623582766439895e+01,1.291992187500000000e+02
1.369904761904762047e+01,1.291992187500000000e+02
1.370185941043084021e+01,8.613281250000000000e+01
1.370467120181405996e+01,8.613281250000000000e+01
1.370748299319727970e+01,1.291992187500000000e+02
1.371029478458049944e+01,1.291992187500000000e+02
1.371310657596371918e+01,1.291992187500000000e+02
1.371591836734693892e+01,1.291992187500000000e+02
1.371873015873015866e+01,1.291992187500000000e+02
1.372154195011338018e+01,1.291992187500000000e+02
1.372435374149659992e+01,1.291992187500000000e+02
1.372716553287981966e+01,1.291992187500000000e+02
1.372997732426303941e+01,1.291992187500000000e+02
1.373278911564625915e+01,1.291992187500000000e+02
1.373560090702947889e+01,1.291992187500000000e+02
1.373841269841269863e+01,1.291992187500000000e+02
1.374122448979591837e+01,1.291992187500000000e+02
1.374403628117913811e+01,1.291992187500000000e+02
1.374684807256235963e+01,1.291992187500000000e+02
1.374965986394557937e+01,1.291992187500000000e+02
1.375247165532879912e+01,1.291992187500000000e+02
1.375528344671201886e+01,1.291992187500000000e+02
1.375809523809523860e+01,1.291992187500000000e+02
1.376090702947845834e+01,1.291992187500000000e+02
1.376371882086167808e+01,1.291992187500000000e+02
1.376653061224489782e+01,1.291992187500000000e+02
1.376934240362811934e+01,1.291992187500000000e+02
1.377215419501133908e+01,8.613281250000000000e+01
1.377496598639455883e+01,8.613281250000000000e+01
1.377777777777777857e+01,8.613281250000000000e+01
1.378058956916099831e+01,8.613281250000000000e+01
1.378340136054421805e+01,1.291992187500000000e+02
1.378621315192743779e+01,1.291992187500000000e+02
1.378902494331065753e+01,8.613281250000000000e+01
1.379183673469387905e+01,8.613281250000000000e+01
1.379464852607709879e+01,8.613281250000000000e+01
1.379746031746031854e+01,8.613281250000000000e+01
1.380027210884353828e+01,1.291992187500000000e+02
1.380308390022675802e+01,1.722656250000000000e+02
1.380589569160997776e+01,1.722656250000000000e+02
1.380870748299319750e+01,1.722656250000000000e+02
1.381151927437641724e+01,1.291992187500000000e+02
1.381433106575963699e+01,1.291992187500000000e+02
1.381714285714285850e+01,1.291992187500000000e+02
1.381995464852607824e+01,1.291992187500000000e+02
1.382276643990929799e+01,1.291992187500000000e+02
1.382557823129251773e+01,1.291992187500000000e+02
1.382839002267573747e+01,1.291992187500000000e+02
1.383120181405895721e+01,1.291992187500000000e+02
1.383401360544217695e+01,1.722656250000000000e+02
1.383682539682539669e+01,1.722656250000000000e+02
1.383963718820861821e+01,1.722656250000000000e+02
1.384244897959183795e+01,1.722656250000000000e+02
1.384526077097505770e+01,1.722656250000000000e+02
1.384807256235827744e+01,1.722656250000000000e+02
1.385088435374149718e+01,1.722656250000000000e+02
1.385369614512471692e+01,1.722656250000000000e+02
1.385650793650793666e+01,1.722656250000000000e+02
1.385931972789115640e+01,1.722656250000000000e+02
1.386213151927437792e+01,1.722656250000000000e+02
1.386494331065759766e+01,1.291992187500000000e+02
1.386775510204081741e+01,1.291992187500000000e+02
1.387056689342403715e+01,1.291992187500000000e+02
1.387337868480725689e+01,1.291992187500000000e+02
1.387619047619047663e+01,1.291992187500000000e+02
1.387900226757369637e+01,1.722656250000000000e+02
1.388181405895691611e+01,1.722656250000000000e+02
1.388462585034013586e+01,1.722656250000000000e+02
1.388743764172335737e+01,1.722656250000000000e+02
1.389024943310657711e+01,1.291992187500000000e+02
1.389306122448979686e+01,1.291992187500000000e+02
1.389587301587301660e+01,8.613281250000000000e+01
1.389868480725623634e+01,8.613281250000000000e+01
1.390149659863945608e+01,8.613281250000000000e+01
1.390430839002267582e+01,8.613281250000000000e+01
1.390712018140589556e+01,8.613281250000000000e+01
1.390993197278911708e+01,8.613281250000000000e+01
1.391274376417233682e+01,8.613281250000000000e+01
1.391555555555555657e+01,8.613281250000000000e+01
1.391836734693877631e+01,8.613281250000000000e+01
1.392117913832199605e+01,8.613281250000000000e+01
1.392399092970521579e+01,8.613281250000000000e+01
1.392680272108843553e+01,2.153320312500000000e+02
1.392961451247165527e+01,2.153320312500000000e+02
1.393242630385487679e+01,2.153320312500000000e+02
1.393523809523809653e+01,1.722656250000000000e+02
1.393804988662131628e+01,2.153320312500000000e+02
1.394086167800453602e+01,2.153320312500000000e+02
1.394367346938775576e+01,2.153320312500000000e+02
1.394648526077097550e+01,1.722656250000000000e+02
1.394929705215419524e+01,1.291992187500000000e+02
1.395210884353741498e+01,1.291992187500000000e+02
1.395492063492063473e+01,1.291992187500000000e+02
1.395773242630385624e+01,1.291992187500000000e+02
1.396054421768707599e+01,1.291992187500000000e+02
1.396335600907029573e+01,2.153320312500000000e+02
1.396616780045351547e+01,2.153320312500000000e+02
1.396897959183673521e+01,2.153320312500000000e+02
1.397179138321995495e+01,2.153320312500000000e+02
1.397460317460317469e+01,2.153320312500000000e+02
1.397741496598639444e+01,1.291992187500000000e+02
1.398022675736961595e+01,1.291992187500000000e+02
1.398303854875283569e+01,1.291992187500000000e+02
1.398585034013605544e+01,1.291992187500000000e+02
1.398866213151927518e+01,1.291992187500000000e+02
1.399147392290249492e+01,1.722656250000000000e+02
1.399428571428571466e+01,1.722656250000000000e+02
1.399709750566893440e+01,1.722656250000000000e+02
1.399990929705215414e+01,1.722656250000000000e+02
1.400272108843537566e+01,1.291992187500000000e+02
1.400553287981859540e+01,1.291992187500000000e+02
1.400834467120181515e+01,8.613281250000000000e+01
1.401115646258503489e+01,8.613281250000000000e+01
1.401396825396825463e+01,1.722656250000000000e+02
1.401678004535147437e+01,1.291992187500000000e+02
1.401959183673469411e+01,1.722656250000000000e+02
1.402240362811791385e+01,8.613281250000000000e+01
1.402521541950113360e+01,8.613281250000000000e+01
1.402802721088435511e+01,1.291992187500000000e+02
1.403083900226757486e+01,1.291992187500000000e+02
1.403365079365079460e+01,1.291992187500000000e+02
1.403646258503401434e+01,1.291992187500000000e+02
1.403927437641723408e+01,1.291992187500000000e+02
1.404208616780045382e+01,1.291992187500000000e+02
1.404489795918367356e+01,1.291992187500000000e+02
1.404770975056689331e+01,8.613281250000000000e+01
1.405052154195011482e+01,2.153320312500000000e+02
1.405333333333333456e+01,2.153320312500000000e+02
1.405614512471655431e+01,1.722656250000000000e+02
1.405895691609977405e+01,1.722656250000000000e+02
1.406176870748299379e+01,1.722656250000000000e+02
1.406458049886621353e+01,1.722656250000000000e+02
1.406739229024943327e+01,1.722656250000000000e+02
1.407020408163265301e+01,1.722656250000000000e+02
1.407301587301587453e+01,1.722656250000000000e+02
1.407582766439909427e+01,2.153320312500000000e+02
1.407863945578231402e+01,8.613281250000000000e+01
1.408145124716553376e+01,8.613281250000000000e+01
1.408426303854875350e+01,1.291992187500000000e+02
1.408707482993197324e+01,1.291992187500000000e+02
1.408988662131519298e+01,1.291992187500000000e+02
1.409269841269841272e+01,1.291992187500000000e+02
1.409551020408163247e+01,1.722656250000000000e+02
1.409832199546485398e+01,1.722656250000000000e+02
1.410113378684807373e+01,2.153320312500000000e+02
1.410394557823129347e+01,2.153320312500000000e+02
1.410675736961451321e+01,2.153320312500000000e+02
1.410956916099773295e+01,2.153320312500000000e+02
1.411238095238095269e+01,2.153320312500000000e+02
1.411519274376417243e+01,2.153320312500000000e+02
1.411800453514739218e+01,2.153320312500000000e+02
1.412081632653061369e+01,8.613281250000000000e+01
1.412362811791383344e+01,1.291992187500000000e+02
1.412643990929705318e+01,1.291992187500000000e+02
1.412925170068027292e+01,1.291992187500000000e+02
1.413206349206349266e+01,1.291992187500000000e+02
1.413487528344671240e+01,1.291992187500000000e+02
1.413768707482993214e+01,1.291992187500000000e+02
1.414049886621315189e+01,1.291992187500000000e+02
1.414331065759637340e+01,1.722656250000000000e+02
1.414612244897959314e+01,1.722656250000000000e+02
1.414893424036281289e+01,1.722656250000000000e+02
1.415174603174603263e+01,1.722656250000000000e+02
1.415455782312925237e+01,1.722656250000000000e+02
1.415736961451247211e+01,2.153320312500000000e+02
1.416018140589569185e+01,2.153320312500000000e+02
1.416299319727891159e+01,8.613281250000000000e+01
1.416580498866213134e+01,8.613281250000000000e+01
1.416861678004535285e+01,1.291992187500000000e+02
1.417142857142857260e+01,1.291992187500000000e+02
1.417424036281179234e+01,1.291992187500000000e+02
1.417705215419501208e+01,1.291992187500000000e+02
1.417986394557823182e+01,1.291992187500000000e+02
1.418267573696145156e+01,1.722656250000000000e+02
1.418548752834467130e+01,1.722656250000000000e+02
1.418829931972789105e+01,1.722656250000000000e+02
1.419111111111111256e+01,1.722656250000000000e+02
1.419392290249433231e+01,1.722656250000000000e+02
1.419673469387755205e+01,1.722656250000000000e+02
1.419954648526077179e+01,1.722656250000000000e+02
1.420235827664399153e+01,1.722656250000000000e+02
1.420517006802721127e+01,1.722656250000000000e+02
1.420798185941043101e+01,1.722656250000000000e+02
1.421079365079365076e+01,1.722656250000000000e+02
1.421360544217687227e+01,2.153320312500000000e+02
1.421641723356009201e+01,2.153320312500000000e+02
1.421922902494331176e+01,2.583984375000000000e+02
1.422204081632653150e+01,1.291992187500000000e+02
1.422485260770975124e+01,1.291992187500000000e+02
1.422766439909297098e+01,1.291992187500000000e+02
1.423047619047619072e+01,1.291992187500000000e+02
1.423328798185941046e+01,1.291992187500000000e+02
1.423609977324263021e+01,8.613281250000000000e+01
1.423891156462585172e+01,8.613281250000000000e+01
1.424172335600907147e+01,1.291992187500000000e+02
1.424453514739229121e+01,1.291992187500000000e+02
1.424734693877551095e+01,1.291992187500000000e+02
1.425015873015873069e+01,1.291992187500000000e+02
1.425297052154195043e+01,1.722656250000000000e+02
1.425578231292517017e+01,1.722656250000000000e+02
1.425859410430838992e+01,1.722656250000000000e+02
1.426140589569161143e+01,1.722656250000000000e+02
1.426421768707483118e+01,1.722656250000000000e+02
1.426702947845805092e+01,1.722656250000000000e+02
1.426984126984127066e+01,2.583984375000000000e+02
1.427265306122449040e+01,2.583984375000000000e+02
1.427546485260771014e+01,2.153320312500000000e+02
1.427827664399092988e+01,1.291992187500000000e+02
1.428108843537414963e+01,1.291992187500000000e+02
1.428390022675737114e+01,1.291992187500000000e+02
1.428671201814059089e+01,1.291992187500000000e+02
1.428952380952381063e+01,1.291992187500000000e+02
1.429233560090703037e+01,1.291992187500000000e+02
1.429514739229025011e+01,8.613281250000000000e+01
1.429795918367346985e+01,8.613281250000000000e+01
1.430077097505668959e+01,8.613281250000000000e+01
1.430358276643990934e+01,8.613281250000000000e+01
1.430639455782312908e+01,8.613281250000000000e+01
1.430920634920635059e+01,1.291992187500000000e+02
1.431201814058957034e+01,1.291992187500000000e+02
1.431482993197279008e+01,1.291992187500000000e+02
1.431764172335600982e+01,1.291992187500000000e+02
1.432045351473922956e+01,8.613281250000000000e+01
1.432326530612244930e+01,8.613281250000000000e+01
1.432607709750566904e+01,1.291992187500000000e+02
1.432888888888888879e+01,1.291992187500000000e+02
1.433170068027211030e+01,1.291992187500000000e+02
1.433451247165533005e+01,1.291992187500000000e+02
1.433732426303854979e+01,1.291992187500000000e+02
1.434013605442176953e+01,1.765722656250000000e+03
1.434294784580498927e+01,1.765722656250000000e+03
1.434575963718820901e+01,1.765722656250000000e+03
1.434857142857142875e+01,1.291992187500000000e+02
1.435138321995464850e+01,1.291992187500000000e+02
1.435419501133787001e+01,1.291992187500000000e+02
1.435700680272108976e+01,1.291992187500000000e+02
1.435981859410430950e+01,1.291992187500000000e+02
1.436263038548752924e+01,1.291992187500000000e+02
1.436544217687074898e+01,1.291992187500000000e+02
1.436825396825396872e+01,1.291992187500000000e+02
1.437106575963718846e+01,8.613281250000000000e+01
1.437387755102040821e+01,8.613281250000000000e+01
1.437668934240362795e+01,1.291992187500000000e+02
1.437950113378684946e+01,1.291992187500000000e+02
1.438231292517006921e+01,1.291992187500000000e+02
1.438512471655328895e+01,1.291992187500000000e+02
1.438793650793650869e+01,1.291992187500000000e+02
1.439074829931972843e+01,1.291992187500000000e+02
1.439356009070294817e+01,1.291992187500000000e+02
1.439637188208616791e+01,1.291992187500000000e+02
1.439918367346938766e+01,1.291992187500000000e+02
1.440199546485260917e+01,1.291992187500000000e+02
1.440480725623582892e+01,1.291992187500000000e+02
1.440761904761904866e+01,1.291992187500000000e+02
1.441043083900226840e+01,1.291992187500000000e+02
1.441324263038548814e+01,1.291992187500000000e+02
1.441605442176870788e+01,1.291992187500000000e+02
1.441886621315192762e+01,1.291992187500000000e+02
1.442167800453514737e+01,1.291992187500000000e+02
1.442448979591836888e+01,1.291992187500000000e+02
1.442730158730158863e+01,1.291992187500000000e+02
1.443011337868480837e+01,1.291992187500000000e+02
1.443292517006802811e+01,2.153320312500000000e+02
1.443573696145124785e+01,2.153320312500000000e+02
1.443854875283446759e+01,2.153320312500000000e+02
1.444136054421768733e+01,1.722656250000000000e+02
1.444417233560090708e+01,1.291992187500000000e+02
1.444698412698412682e+01,1.291992187500000000e+02
1.444979591836734834e+01,1.291992187500000000e+02
1.445260770975056808e+01,8.613281250000000000e+01
1.445541950113378782e+01,8.613281250000000000e+01
1.445823129251700756e+01,8.613281250000000000e+01
1.446104308390022730e+01,8.613281250000000000e+01
1.446385487528344704e+01,8.613281250000000000e+01
1.446666666666666679e+01,8.613281250000000000e+01
1.446947845804988653e+01,1.291992187500000000e+02
1.447229024943310804e+01,1.291992187500000000e+02
1.447510204081632779e+01,1.291992187500000000e+02
1.447791383219954753e+01,1.722656250000000000e+02
1.448072562358276727e+01,1.722656250000000000e+02
1.448353741496598701e+01,1.722656250000000000e+02
1.448634920634920675e+01,1.722656250000000000e+02
1.448916099773242649e+01,2.153320312500000000e+02
1.449197278911564624e+01,1.291992187500000000e+02
1.449478458049886598e+01,1.291992187500000000e+02
1.449759637188208750e+01,1.291992187500000000e+02
1.450040816326530724e+01,1.291992187500000000e+02
1.450321995464852698e+01,1.722656250000000000e+02
1.450603174603174672e+01,1.722656250000000000e+02
1.450884353741496646e+01,1.722656250000000000e+02
1.451165532879818620e+01,1.291992187500000000e+02
1.451446712018140595e+01,1.291992187500000000e+02
1.451727891156462569e+01,8.613281250000000000e+01
1.452009070294784721e+01,8.613281250000000000e+01
1.452290249433106695e+01,8.613281250000000000e+01
1.452571428571428669e+01,8.613281250000000000e+01
1.452852607709750643e+01,8.613281250000000000e+01
1.453133786848072617e+01,8.613281250000000000e+01
1.453414965986394591e+01,1.291992187500000000e+02
1.453696145124716566e+01,8.613281250000000000e+01
1.453977324263038540e+01,8.613281250000000000e+01
1.454258503401360691e+01,8.613281250000000000e+01
1.454539682539682666e+01,8.613281250000000000e+01
1.454820861678004640e+01,8.613281250000000000e+01
1.455102040816326614e+01,2.153320312500000000e+02
1.455383219954648588e+01,1.722656250000000000e+02
1.455664399092970562e+01,1.722656250000000000e+02
1.455945578231292536e+01,1.722656250000000000e+02
1.456226757369614511e+01,2.153320312500000000e+02
1.456507936507936485e+01,2.153320312500000000e+02
1.456789115646258637e+01,2.153320312500000000e+02
1.457070294784580611e+01,2.153320312500000000e+02
1.457351473922902585e+01,1.722656250000000000e+02
1.457632653061224559e+01,1.291992187500000000e+02
1.457913832199546533e+01,1.291992187500000000e+02
1.458195011337868507e+01,1.291992187500000000e+02
1.458476190476190482e+01,1.291992187500000000e+02
1.458757369614512456e+01,1.722656250000000000e+02
1.459038548752834608e+01,1.722656250000000000e+02
1.459319727891156582e+01,1.722656250000000000e+02
1.459600907029478556e+01,1.291992187500000000e+02
1.459882086167800530e+01,1.291992187500000000e+02
1.460163265306122504e+01,1.291992187500000000e+02
1.460444444444444478e+01,1.291992187500000000e+02
1.460725623582766453e+01,1.291992187500000000e+02
1.461006802721088427e+01,1.291992187500000000e+02
1.461287981859410579e+01,1.291992187500000000e+02
1.461569160997732553e+01,2.153320312500000000e+02
1.461850340136054527e+01,1.291992187500000000e+02
1.462131519274376501e+01,1.722656250000000000e+02
1.462412698412698475e+01,1.722656250000000000e+02
1.462693877551020449e+01,1.291992187500000000e+02
1.462975056689342424e+01,1.291992187500000000e+02
1.463256235827664398e+01,1.291992187500000000e+02
1.463537414965986372e+01,8.613281250000000000e+01
1.463818594104308524e+01,8.613281250000000000e+01
1.464099773242630498e+01,8.613281250000000000e+01
1.464380952380952472e+01,8.613281250000000000e+01
1.464662131519274446e+01,1.291992187500000000e+02
1.464943310657596420e+01,1.291992187500000000e+02
1.465224489795918394e+01,1.291992187500000000e+02
1.465505668934240369e+01,1.291992187500000000e+02
1.465786848072562343e+01,1.291992187500000000e+02
1.466068027210884495e+01,1.291992187500000000e+02
1.466349206349206469e+01,1.291992187500000000e+02
1.466630385487528443e+01,1.291992187500000000e+02
1.466911564625850417e+01,1.291992187500000000e+02
1.467192743764172391e+01,1.291992187500000000e+02
1.467473922902494365e+01,1.291992187500000000e+02
1.467755102040816340e+01,1.291992187500000000e+02
1.468036281179138314e+01,1.291992187500000000e+02
1.468317460317460466e+01,1.722656250000000000e+02
1.468598639455782440e+01,1.291992187500000000e+02
1.468879818594104414e+01,1.291992187500000000e+02
1.469160997732426388e+01,1.291992187500000000e+02
1.469442176870748362e+01,1.291992187500000000e+02
1.469723356009070336e+01,1.291992187500000000e+02
1.470004535147392311e+01,1.722656250000000000e+02
1.470285714285714285e+01,8.613281250000000000e+01
1.470566893424036259e+01,8.613281250000000000e+01
1.470848072562358411e+01,1.291992187500000000e+02
1.471129251700680385e+01,1.291992187500000000e+02
1.471410430839002359e+01,1.722656250000000000e+02
1.471691609977324333e+01,1.722656250000000000e+02
1.471972789115646307e+01,1.291992187500000000e+02
1.472253968253968281e+01,1.291992187500000000e+02
1.472535147392290256e+01,1.291992187500000000e+02
1.472816326530612230e+01,1.291992187500000000e+02
1.473097505668934382e+01,1.291992187500000000e+02
1.473378684807256356e+01,1.291992187500000000e+02
1.473659863945578330e+01,1.291992187500000000e+02
1.473941043083900304e+01,1.291992187500000000e+02
1.474222222222222278e+01,1.291992187500000000e+02
1.474503401360544252e+01,1.291992187500000000e+02
1.474784580498866227e+01,8.613281250000000000e+01
1.475065759637188201e+01,1.291992187500000000e+02
1.475346938775510353e+01,1.291992187500000000e+02
1.475628117913832327e+01,1.291992187500000000e+02
1.475909297052154301e+01,1.291992187500000000e+02
1.476190476190476275e+01,1.291992187500000000e+02
1.476471655328798249e+01,1.291992187500000000e+02
1.476752834467120223e+01,1.291992187500000000e+02
1.477034013605442198e+01,1.291992187500000000e+02
1.477315192743764172e+01,8.613281250000000000e+01
1.477596371882086146e+01,8.613281250000000000e+01
1.477877551020408298e+01,8.613281250000000000e+01
1.478158730158730272e+01,8.613281250000000000e+01
1.478439909297052246e+01,1.291992187500000000e+02
1.478721088435374220e+01,1.291992187500000000e+02
1.479002267573696194e+01,8.613281250000000000e+01
1.479283446712018169e+01,8.613281250000000000e+01
1.479564625850340143e+01,8.613281250000000000e+01
1.479845804988662117e+01,8.613281250000000000e+01
1.480126984126984269e+01,1.291992187500000000e+02
1.480408163265306243e+01,1.722656250000000000e+02
1.480689342403628217e+01,1.722656250000000000e+02
1.480970521541950191e+01,1.722656250000000000e+02
1.481251700680272165e+01,1.291992187500000000e+02
1.481532879818594139e+01,1.291992187500000000e+02
1.481814058956916114e+01,1.291992187500000000e+02
1.482095238095238088e+01,1.291992187500000000e+02
1.482376417233560240e+01,1.291992187500000000e+02
1.482657596371882214e+01,1.291992187500000000e+02
1.482938775510204188e+01,1.291992187500000000e+02
1.483219954648526162e+01,1.291992187500000000e+02
1.483501133786848136e+01,1.722656250000000000e+02
1.483782312925170110e+01,1.722656250000000000e+02
1.484063492063492085e+01,1.722656250000000000e+02
1.484344671201814059e+01,1.722656250000000000e+02
1.484625850340136033e+01,1.722656250000000000e+02
1.484907029478458185e+01,1.722656250000000000e+02
1.485188208616780159e+01,1.722656250000000000e+02
1.485469387755102133e+01,1.722656250000000000e+02
1.485750566893424107e+01,1.722656250000000000e+02
1.486031746031746081e+01,1.722656250000000000e+02
1.486312925170068056e+01,1.291992187500000000e+02
1.486594104308390030e+01,1.291992187500000000e+02
1.486875283446712004e+01,1.291992187500000000e+02
1.487156462585034156e+01,1.291992187500000000e+02
1.487437641723356130e+01,1.291992187500000000e+02
1.487718820861678104e+01,1.722656250000000000e+02
1.488000000000000078e+01,1.722656250000000000e+02
1.488281179138322052e+01,1.722656250000000000e+02
1.488562358276644026e+01,1.722656250000000000e+02
1.488843537414966001e+01,1.722656250000000000e+02
1.489124716553287975e+01,1.291992187500000000e+02
1.489405895691610127e+01,1.291992187500000000e+02
1.489687074829932101e+01,8.613281250000000000e+01
1.489968253968254075e+01,8.613281250000000000e+01
1.490249433106576049e+01,8.613281250000000000e+01
1.490530612244898023e+01,8.613281250000000000e+01
1.490811791383219997e+01,8.613281250000000000e+01
1.491092970521541972e+01,8.613281250000000000e+01
1.491374149659863946e+01,8.613281250000000000e+01
1.491655328798185920e+01,8.613281250000000000e+01
1.491936507936508072e+01,8.613281250000000000e+01
1.492217687074830046e+01,8.613281250000000000e+01
1.492498866213152020e+01,8.613281250000000000e+01
1.492780045351473994e+01,8.613281250000000000e+01
1.493061224489795968e+01,2.153320312500000000e+02
1.493342403628117943e+01,1.722656250000000000e+02
1.493623582766439917e+01,1.722656250000000000e+02
1.493904761904761891e+01,2.153320312500000000e+02
1.494185941043084043e+01,2.153320312500000000e+02
1.494467120181406017e+01,2.153320312500000000e+02
1.494748299319727991e+01,1.722656250000000000e+02
1.495029478458049965e+01,1.291992187500000000e+02
1.495310657596371939e+01,1.291992187500000000e+02
1.495591836734693914e+01,1.291992187500000000e+02
1.495873015873015888e+01,1.291992187500000000e+02
1.496154195011337862e+01,1.291992187500000000e+02
1.496435374149660014e+01,2.153320312500000000e+02
1.496716553287981988e+01,8.613281250000000000e+01
1.496997732426303962e+01,8.613281250000000000e+01
1.497278911564625936e+01,8.613281250000000000e+01
1.497560090702947910e+01,1.291992187500000000e+02
1.497841269841269884e+01,1.291992187500000000e+02
1.498122448979591859e+01,1.291992187500000000e+02
1.498403628117913833e+01,1.291992187500000000e+02
1.498684807256235807e+01,1.291992187500000000e+02
1.498965986394557959e+01,1.722656250000000000e+02
1.499247165532879933e+01,1.722656250000000000e+02
1.499528344671201907e+01,1.722656250000000000e+02
1.499809523809523881e+01,1.722656250000000000e+02
1.500090702947845855e+01,1.722656250000000000e+02
1.500371882086167830e+01,1.291992187500000000e+02
1.500653061224489804e+01,1.291992187500000000e+02
1.500934240362811778e+01,8.613281250000000000e+01
1.501215419501133930e+01,8.613281250000000000e+01
1.501496598639455904e+01,1.722656250000000000e+02
1.501777777777777878e+01,1.291992187500000000e+02
1.502058956916099852e+01,8.613281250000000000e+01
1.502340136054421826e+01,8.613281250000000000e+01
1.502621315192743801e+01,8.613281250000000000e+01
1.502902494331065775e+01,1.291992187500000000e+02
1.503183673469387749e+01,1.291992187500000000e+02
1.503464852607709901e+01,1.291992187500000000e+02
1.503746031746031875e+01,1.291992187500000000e+02
1.504027210884353849e+01,1.291992187500000000e+02
1.504308390022675823e+01,1.291992187500000000e+02
1.504589569160997797e+01,1.291992187500000000e+02
1.504870748299319771e+01,8.613281250000000000e+01
1.505151927437641746e+01,2.153320312500000000e+02
1.505433106575963720e+01,2.153320312500000000e+02
1.505714285714285694e+01,1.722656250000000000e+02
1.505995464852607846e+01,1.722656250000000000e+02
1.506276643990929820e+01,1.722656250000000000e+02
1.506557823129251794e+01,1.722656250000000000e+02
1.506839002267573768e+01,1.722656250000000000e+02
1.507120181405895742e+01,1.722656250000000000e+02
1.507401360544217717e+01,2.153320312500000000e+02
1.507682539682539691e+01,2.153320312500000000e+02
1.507963718820861665e+01,8.613281250000000000e+01
1.508244897959183817e+01,1.291992187500000000e+02
1.508526077097505791e+01,1.291992187500000000e+02
1.508807256235827765e+01,1.291992187500000000e+02
1.509088435374149739e+01,1.291992187500000000e+02
1.509369614512471713e+01,1.291992187500000000e+02
1.509650793650793688e+01,1.722656250000000000e+02
1.509931972789115662e+01,1.722656250000000000e+02
1.510213151927437636e+01,2.153320312500000000e+02
1.510494331065759788e+01,1.291992187500000000e+02
1.510775510204081762e+01,1.291992187500000000e+02
1.511056689342403736e+01,2.153320312500000000e+02
1.511337868480725710e+01,2.153320312500000000e+02
1.511619047619047684e+01,2.153320312500000000e+02
1.511900226757369659e+01,8.613281250000000000e+01
1.512181405895691633e+01,8.613281250000000000e+01
1.512462585034013607e+01,1.291992187500000000e+02
1.512743764172335581e+01,1.291992187500000000e+02
1.513024943310657733e+01,1.291992187500000000e+02
1.513306122448979707e+01,1.291992187500000000e+02
1.513587301587301681e+01,1.291992187500000000e+02
1.513868480725623655e+01,1.291992187500000000e+02
1.514149659863945629e+01,1.291992187500000000e+02
1.514430839002267604e+01,1.722656250000000000e+02
1.514712018140589578e+01,1.722656250000000000e+02
1.514993197278911552e+01,1.722656250000000000e+02
1.515274376417233704e+01,1.722656250000000000e+02
1.515555555555555678e+01,1.722656250000000000e+02
1.515836734693877652e+01,2.153320312500000000e+02
1.516117913832199626e+01,2.153320312500000000e+02
1.516399092970521600e+01,8.613281250000000000e+01
1.516680272108843575e+01,8.613281250000000000e+01
1.516961451247165549e+01,1.291992187500000000e+02
1.517242630385487523e+01,1.291992187500000000e+02
1.517523809523809675e+01,1.291992187500000000e+02
1.517804988662131649e+01,1.291992187500000000e+02
1.518086167800453623e+01,1.291992187500000000e+02
1.518367346938775597e+01,1.722656250000000000e+02
1.518648526077097571e+01,1.722656250000000000e+02
1.518929705215419546e+01,1.722656250000000000e+02
1.519210884353741520e+01,1.722656250000000000e+02
1.519492063492063494e+01,1.722656250000000000e+02
1.519773242630385468e+01,1.722656250000000000e+02
1.520054421768707620e+01,1.722656250000000000e+02
1.520335600907029594e+01,1.722656250000000000e+02
1.520616780045351568e+01,1.722656250000000000e+02
1.520897959183673542e+01,1.722656250000000000e+02
1.521179138321995516e+01,1.722656250000000000e+02
1.521460317460317491e+01,2.153320312500000000e+02
1.521741496598639465e+01,2.153320312500000000e+02
1.522022675736961439e+01,2.153320312500000000e+02
1.522303854875283591e+01,1.291992187500000000e+02
1.522585034013605565e+01,1.291992187500000000e+02
1.522866213151927539e+01,1.291992187500000000e+02
1.523147392290249513e+01,1.291992187500000000e+02
1.523428571428571487e+01,8.613281250000000000e+01
1.523709750566893462e+01,8.613281250000000000e+01
1.523990929705215436e+01,8.613281250000000000e+01
1.524272108843537410e+01,1.291992187500000000e+02
1.524553287981859562e+01,1.291992187500000000e+02
1.524834467120181536e+01,1.291992187500000000e+02
1.525115646258503510e+01,1.291992187500000000e+02
1.525396825396825484e+01,1.722656250000000000e+02
1.525678004535147458e+01,1.722656250000000000e+02
1.525959183673469433e+01,1.722656250000000000e+02
1.526240362811791407e+01,1.722656250000000000e+02
1.526521541950113381e+01,1.722656250000000000e+02
1.526802721088435355e+01,1.291992187500000000e+02
1.527083900226757507e+01,2.583984375000000000e+02
1.527365079365079481e+01,2.153320312500000000e+02
1.527646258503401455e+01,2.153320312500000000e+02
1.527927437641723429e+01,1.291992187500000000e+02
1.528208616780045404e+01,1.291992187500000000e+02
1.528489795918367378e+01,1.291992187500000000e+02
1.528770975056689352e+01,1.291992187500000000e+02
1.529052154195011326e+01,1.291992187500000000e+02
1.529333333333333478e+01,1.291992187500000000e+02
1.529614512471655452e+01,8.613281250000000000e+01
1.529895691609977426e+01,8.613281250000000000e+01
1.530176870748299400e+01,8.613281250000000000e+01
1.530458049886621374e+01,8.613281250000000000e+01
1.530739229024943349e+01,8.613281250000000000e+01
1.531020408163265323e+01,1.291992187500000000e+02
1.531301587301587297e+01,1.291992187500000000e+02
1.531582766439909449e+01,1.291992187500000000e+02
1.531863945578231423e+01,1.291992187500000000e+02
1.532145124716553397e+01,8.613281250000000000e+01
1.532426303854875371e+01,8.613281250000000000e+01
1.532707482993197345e+01,1.291992187500000000e+02
1.532988662131519320e+01,1.291992187500000000e+02
1.533269841269841294e+01,1.722656250000000000e+03
1.533551020408163268e+01,1.722656250000000000e+03
1.533832199546485242e+01,1.722656250000000000e+03
1.534113378684807394e+01,1.679589843750000000e+03
1.534394557823129368e+01,1.679589843750000000e+03
1.534675736961451342e+01,1.808789062500000000e+03
1.534956916099773316e+01,1.808789062500000000e+03
1.535238095238095291e+01,1.808789062500000000e+03
1.535519274376417265e+01,1.808789062500000000e+03
1.535800453514739239e+01,1.291992187500000000e+02
1.536081632653061213e+01,1.291992187500000000e+02
1.536362811791383365e+01,1.291992187500000000e+02
1.536643990929705339e+01,1.291992187500000000e+02
1.536925170068027313e+01,1.291992187500000000e+02
1.537206349206349287e+01,8.613281250000000000e+01
1.537487528344671261e+01,1.291992187500000000e+02
1.537768707482993236e+01,1.291992187500000000e+02
1.538049886621315210e+01,1.291992187500000000e+02
1.538331065759637184e+01,2.239453125000000000e+03
1.538612244897959336e+01,2.239453125000000000e+03
1.538893424036281310e+01,1.291992187500000000e+02
1.539174603174603284e+01,1.291992187500000000e+02
1.539455782312925258e+01,1.291992187500000000e+02
1.539736961451247232e+01,1.291992187500000000e+02
1.540018140589569207e+01,1.291992187500000000e+02
1.540299319727891181e+01,1.291992187500000000e+02
1.540580498866213155e+01,1.291992187500000000e+02
1.540861678004535129e+01,1.291992187500000000e+02
1.541142857142857281e+01,1.291992187500000000e+02
1.541424036281179255e+01,1.291992187500000000e+02
1.541705215419501229e+01,1.291992187500000000e+02
1.541986394557823203e+01,1.291992187500000000e+02
1.542267573696145178e+01,1.291992187500000000e+02
1.542548752834467152e+01,1.291992187500000000e+02
1.542829931972789126e+01,1.291992187500000000e+02
1.543111111111111100e+01,1.722656250000000000e+02
1.543392290249433252e+01,2.153320312500000000e+02
1.543673469387755226e+01,2.153320312500000000e+02
1.543954648526077200e+01,2.153320312500000000e+02
1.544235827664399174e+01,1.291992187500000000e+02
1.544517006802721149e+01,1.291992187500000000e+02
1.544798185941043123e+01,1.291992187500000000e+02
1.545079365079365097e+01,1.291992187500000000e+02
1.545360544217687071e+01,8.613281250000000000e+01
1.545641723356009223e+01,8.613281250000000000e+01
1.545922902494331197e+01,8.613281250000000000e+01
1.546204081632653171e+01,1.291992187500000000e+02
1.546485260770975145e+01,8.613281250000000000e+01
1.546766439909297119e+01,1.291992187500000000e+02
1.547047619047619094e+01,1.291992187500000000e+02
1.547328798185941068e+01,1.291992187500000000e+02
1.547609977324263042e+01,1.291992187500000000e+02
1.547891156462585016e+01,1.722656250000000000e+02
1.548172335600907168e+01,1.722656250000000000e+02
1.548453514739229142e+01,1.722656250000000000e+02
1.548734693877551116e+01,1.722656250000000000e+02
1.549015873015873090e+01,2.153320312500000000e+02
1.549297052154195065e+01,1.291992187500000000e+02
1.549578231292517039e+01,1.291992187500000000e+02
1.549859410430839013e+01,1.291992187500000000e+02
1.550140589569160987e+01,1.722656250000000000e+02
1.550421768707483139e+01,1.722656250000000000e+02
1.550702947845805113e+01,1.722656250000000000e+02
1.550984126984127087e+01,1.722656250000000000e+02
1.551265306122449061e+01,1.291992187500000000e+02
1.551546485260771036e+01,1.291992187500000000e+02
1.551827664399093010e+01,8.613281250000000000e+01
1.552108843537414984e+01,8.613281250000000000e+01
1.552390022675736958e+01,8.613281250000000000e+01
1.552671201814059110e+01,8.613281250000000000e+01
1.552952380952381084e+01,8.613281250000000000e+01
1.553233560090703058e+01,8.613281250000000000e+01
1.553514739229025032e+01,1.291992187500000000e+02
1.553795918367347006e+01,8.613281250000000000e+01
1.554077097505668981e+01,8.613281250000000000e+01
1.554358276643990955e+01,8.613281250000000000e+01
1.554639455782312929e+01,8.613281250000000000e+01
1.554920634920634903e+01,8.613281250000000000e+01
1.555201814058957055e+01,8.613281250000000000e+01
1.555482993197279029e+01,1.722656250000000000e+02
1.555764172335601003e+01,1.722656250000000000e+02
1.556045351473922977e+01,1.722656250000000000e+02
1.556326530612244952e+01,2.153320312500000000e+02
1.556607709750566926e+01,2.153320312500000000e+02
1.556888888888888900e+01,2.153320312500000000e+02
1.557170068027210874e+01,2.153320312500000000e+02
1.557451247165533026e+01,1.291992187500000000e+02
1.557732426303855000e+01,1.291992187500000000e+02
1.558013605442176974e+01,1.291992187500000000e+02
1.558294784580498948e+01,1.291992187500000000e+02
1.558575963718820923e+01,1.291992187500000000e+02
1.558857142857142897e+01,1.722656250000000000e+02
1.559138321995464871e+01,1.722656250000000000e+02
1.559419501133786845e+01,1.722656250000000000e+02
1.559700680272108997e+01,1.291992187500000000e+02
1.559981859410430971e+01,1.291992187500000000e+02
1.560263038548752945e+01,1.291992187500000000e+02
1.560544217687074919e+01,1.291992187500000000e+02
1.560825396825396894e+01,1.291992187500000000e+02
1.561106575963718868e+01,1.291992187500000000e+02
1.561387755102040842e+01,1.291992187500000000e+02
1.561668934240362816e+01,1.291992187500000000e+02
1.561950113378684790e+01,1.291992187500000000e+02
1.562231292517006942e+01,1.722656250000000000e+02
1.562512471655328916e+01,1.291992187500000000e+02
1.562793650793650890e+01,1.291992187500000000e+02
1.563074829931972864e+01,1.291992187500000000e+02
1.563356009070294839e+01,1.291992187500000000e+02
1.563637188208616813e+01,8.613281250000000000e+01
1.563918367346938787e+01,8.613281250000000000e+01
1.564199546485260761e+01,8.613281250000000000e+01
1.564480725623582913e+01,8.613281250000000000e+01
1.564761904761904887e+01,1.291992187500000000e+02
1.565043083900226861e+01,1.291992187500000000e+02
1.565324263038548835e+01,1.291992187500000000e+02
1.565605442176870810e+01,1.291992187500000000e+02
1.565886621315192784e+01,1.291992187500000000e+02
1.566167800453514758e+01,1.291992187500000000e+02
1.566448979591836732e+01,1.291992187500000000e+02
1.566730158730158884e+01,1.291992187500000000e+02
1.567011337868480858e+01,1.291992187500000000e+02
1.567292517006802832e+01,1.291992187500000000e+02
1.567573696145124806e+01,1.291992187500000000e+02
1.567854875283446781e+01,1.291992187500000000e+02
1.568136054421768755e+01,1.291992187500000000e+02
1.568417233560090729e+01,1.291992187500000000e+02
1.568698412698412703e+01,1.291992187500000000e+02
1.568979591836734677e+01,1.291992187500000000e+02
1.569260770975056829e+01,1.291992187500000000e+02
1.569541950113378803e+01,1.291992187500000000e+02
1.569823129251700777e+01,1.722656250000000000e+02
1.570104308390022751e+01,1.722656250000000000e+02
1.570385487528344726e+01,1.722656250000000000e+02
1.570666666666666700e+01,1.722656250000000000e+02
1.570947845804988674e+01,1.291992187500000000e+02
1.571229024943310648e+01,1.722656250000000000e+02
1.571510204081632800e+01,1.722656250000000000e+02
1.571791383219954774e+01,1.722656250000000000e+02
1.572072562358276748e+01,1.291992187500000000e+02
1.572353741496598722e+01,1.291992187500000000e+02
1.572634920634920697e+01,8.613281250000000000e+01
1.572916099773242671e+01,1.291992187500000000e+02
1.573197278911564645e+01,1.291992187500000000e+02
1.573478458049886619e+01,1.291992187500000000e+02
1.573759637188208593e+01,1.291992187500000000e+02
1.574040816326530745e+01,1.291992187500000000e+02
1.574321995464852719e+01,1.291992187500000000e+02
1.574603174603174693e+01,1.291992187500000000e+02
1.574884353741496668e+01,8.613281250000000000e+01
1.575165532879818642e+01,1.291992187500000000e+02
1.575446712018140616e+01,1.291992187500000000e+02
1.575727891156462590e+01,1.291992187500000000e+02
1.576009070294784564e+01,1.291992187500000000e+02
1.576290249433106716e+01,1.291992187500000000e+02
1.576571428571428690e+01,1.291992187500000000e+02
1.576852607709750664e+01,1.291992187500000000e+02
1.577133786848072639e+01,1.291992187500000000e+02
1.577414965986394613e+01,8.613281250000000000e+01
1.577696145124716587e+01,8.613281250000000000e+01
1.577977324263038561e+01,8.613281250000000000e+01
1.578258503401360535e+01,1.291992187500000000e+02
1.578539682539682687e+01,1.291992187500000000e+02
1.578820861678004661e+01,1.291992187500000000e+02
1.579102040816326635e+01,8.613281250000000000e+01
1.579383219954648609e+01,8.613281250000000000e+01
1.579664399092970584e+01,8.613281250000000000e+01
1.579945578231292558e+01,8.613281250000000000e+01
1.580226757369614532e+01,1.291992187500000000e+02
1.580507936507936506e+01,1.722656250000000000e+02
1.580789115646258480e+01,1.722656250000000000e+02
1.581070294784580632e+01,1.722656250000000000e+02
1.581351473922902606e+01,1.291992187500000000e+02
1.581632653061224580e+01,1.291992187500000000e+02
1.581913832199546555e+01,1.291992187500000000e+02
1.582195011337868529e+01,1.291992187500000000e+02
1.582476190476190503e+01,1.291992187500000000e+02
1.582757369614512477e+01,1.291992187500000000e+02
1.583038548752834451e+01,1.291992187500000000e+02
1.583319727891156603e+01,1.722656250000000000e+02
1.583600907029478577e+01,1.722656250000000000e+02
1.583882086167800551e+01,1.722656250000000000e+02
1.584163265306122526e+01,1.722656250000000000e+02
1.584444444444444500e+01,1.722656250000000000e+02
1.584725623582766474e+01,1.722656250000000000e+02
1.585006802721088448e+01,1.722656250000000000e+02
1.585287981859410422e+01,1.722656250000000000e+02
1.585569160997732574e+01,1.722656250000000000e+02
1.585850340136054548e+01,1.722656250000000000e+02
1.586131519274376522e+01,1.722656250000000000e+02
1.586412698412698496e+01,1.291992187500000000e+02
1.586693877551020471e+01,1.291992187500000000e+02
1.586975056689342445e+01,1.291992187500000000e+02
1.587256235827664419e+01,1.291992187500000000e+02
1.587537414965986393e+01,1.291992187500000000e+02
1.587818594104308367e+01,1.722656250000000000e+02
1.588099773242630519e+01,1.722656250000000000e+02
1.588380952380952493e+01,1.722656250000000000e+02
1.588662131519274467e+01,1.722656250000000000e+02
1.588943310657596442e+01,1.291992187500000000e+02
1.589224489795918416e+01,1.291992187500000000e+02
1.589505668934240390e+01,1.291992187500000000e+02
1.589786848072562364e+01,8.613281250000000000e+01
1.590068027210884338e+01,8.613281250000000000e+01
1.590349206349206490e+01,8.613281250000000000e+01
1.590630385487528464e+01,8.613281250000000000e+01
1.590911564625850438e+01,8.613281250000000000e+01
1.591192743764172413e+01,8.613281250000000000e+01
1.591473922902494387e+01,8.613281250000000000e+01
1.591755102040816361e+01,8.613281250000000000e+01
1.592036281179138335e+01,8.613281250000000000e+01
1.592317460317460309e+01,8.613281250000000000e+01
1.592598639455782461e+01,8.613281250000000000e+01
1.592879818594104435e+01,8.613281250000000000e+01
1.593160997732426409e+01,2.153320312500000000e+02
1.593442176870748384e+01,1.722656250000000000e+02
1.593723356009070358e+01,1.722656250000000000e+02
1.594004535147392332e+01,2.153320312500000000e+02
1.594285714285714306e+01,2.153320312500000000e+02
1.594566893424036280e+01,1.722656250000000000e+02
1.594848072562358254e+01,1.722656250000000000e+02
1.595129251700680406e+01,1.291992187500000000e+02
1.595410430839002380e+01,1.291992187500000000e+02
1.595691609977324354e+01,1.291992187500000000e+02
1.595972789115646329e+01,1.291992187500000000e+02
1.596253968253968303e+01,1.291992187500000000e+02
1.596535147392290277e+01,8.613281250000000000e+01
1.596816326530612251e+01,8.613281250000000000e+01
1.597097505668934225e+01,8.613281250000000000e+01
1.597378684807256377e+01,8.613281250000000000e+01
1.597659863945578351e+01,1.291992187500000000e+02
1.597941043083900325e+01,1.291992187500000000e+02
1.598222222222222300e+01,1.291992187500000000e+02
1.598503401360544274e+01,1.291992187500000000e+02
1.598784580498866248e+01,1.291992187500000000e+02
1.599065759637188222e+01,1.722656250000000000e+02
1.599346938775510196e+01,1.722656250000000000e+02
1.599628117913832170e+01,1.722656250000000000e+02
1.599909297052154145e+01,1.722656250000000000e+02
1.600190476190476119e+01,1.291992187500000000e+02
1.600471655328798093e+01,1.291992187500000000e+02
1.600752834467120422e+01,8.613281250000000000e+01
1.601034013605442397e+01,8.613281250000000000e+01
1.601315192743764371e+01,8.613281250000000000e+01
1.601596371882086345e+01,1.291992187500000000e+02
1.601877551020408319e+01,1.291992187500000000e+02
1.602158730158730293e+01,8.613281250000000000e+01
1.602439909297052267e+01,8.613281250000000000e+01
1.602721088435374241e+01,8.613281250000000000e+01
1.603002267573696216e+01,1.291992187500000000e+02
1.603283446712018190e+01,1.291992187500000000e+02
1.603564625850340164e+01,1.291992187500000000e+02
1.603845804988662138e+01,1.291992187500000000e+02
1.604126984126984112e+01,1.291992187500000000e+02
1.604408163265306086e+01,1.291992187500000000e+02
1.604689342403628061e+01,1.291992187500000000e+02
1.604970521541950035e+01,1.291992187500000000e+02
1.605251700680272009e+01,8.613281250000000000e+01
1.605532879818594338e+01,4.306640625000000000e+01
1.605814058956916313e+01,2.153320312500000000e+02
1.606095238095238287e+01,2.153320312500000000e+02
1.606376417233560261e+01,2.153320312500000000e+02
1.606657596371882235e+01,2.153320312500000000e+02
1.606938775510204209e+01,2.583984375000000000e+02
