freq_hz,magnitude
0.000000000000000000e+00,1.469705406141299672e-05
1.076660156250000000e+01,9.203627125479850067e-05
2.153320312500000000e+01,3.552340425233439168e-05
3.229980468750000000e+01,4.376463788563508022e-06
4.306640625000000000e+01,1.976813351395263435e-07
5.383300781250000000e+01,3.052901050890051631e-08
6.459960937500000000e+01,5.270469806945446247e-09
7.536621093750000000e+01,1.442464354802614298e-09
8.613281250000000000e+01,3.152281748208112177e-10
9.689941406250000000e+01,1.493294154310594250e-10
1.076660156250000000e+02,5.220840518035341046e-11
1.184326171875000000e+02,3.144876029137198635e-11
1.291992187500000000e+02,1.450320123453086765e-11
1.399658203125000000e+02,9.305667806942234270e-12
1.507324218750000000e+02,5.797421569290940624e-12
1.614990234375000000e+02,3.394253526149565387e-12
1.722656250000000000e+02,2.436099733438386420e-12
1.830322265625000000e+02,1.717673059188624192e-12
1.937988281250000000e+02,1.145881415661517792e-12
2.045654296875000000e+02,8.837020174673434852e-13
2.153320312500000000e+02,6.210734006747463737e-13
2.260986328125000000e+02,4.576603629999888749e-13
2.368652343750000000e+02,3.233622051814971771e-13
2.476318359375000000e+02,2.675481711278284734e-13
2.583984375000000000e+02,2.031329538919745989e-13
2.691650390625000000e+02,1.546480335866358158e-13
2.799316406250000000e+02,1.191814299831536526e-13
2.906982421875000000e+02,1.006469548266758662e-13
3.014648437500000000e+02,7.553762072460211199e-14
3.122314453125000000e+02,6.362882285806844239e-14
3.229980468750000000e+02,4.962510680481476171e-14
3.337646484375000000e+02,4.323954829159152196e-14
3.445312500000000000e+02,3.436424188148854711e-14
3.552978515625000000e+02,2.870455285609153270e-14
3.660644531250000000e+02,2.404164422608074333e-14
3.768310546875000000e+02,1.997043583704717324e-14
3.875976562500000000e+02,1.704156054660111141e-14
3.983642578125000000e+02,1.448369718269276918e-14
4.091308593750000000e+02,1.224845982421929619e-14
4.198974609375000000e+02,1.052357996372910615e-14
4.306640625000000000e+02,8.944086676984164604e-15
4.414306640625000000e+02,7.745461330052763748e-15
4.521972656250000000e+02,6.773804497160561951e-15
4.629638671875000000e+02,5.800906328221766014e-15
4.737304687500000000e+02,5.082195858090467106e-15
4.844970703125000000e+02,4.430200064560573782e-15
4.952636718750000000e+02,3.876398829044406097e-15
5.060302734375000000e+02,3.418544469822186525e-15
5.167968750000000000e+02,2.998670363971854514e-15
5.275634765625000000e+02,2.667270034822501213e-15
5.383300781250000000e+02,2.351986302757945741e-15
5.490966796875000000e+02,2.090407528311004263e-15
5.598632812500000000e+02,1.854109227770718336e-15
5.706298828125000000e+02,1.658362181104658880e-15
5.813964843750000000e+02,1.482507423850185901e-15
5.921630859375000000e+02,1.326677930140065875e-15
6.029296875000000000e+02,1.189370247294845275e-15
6.136962890625000000e+02,1.070810337191062031e-15
6.244628906250000000e+02,9.645637820243645491e-16
6.352294921875000000e+02,8.679881084998367007e-16
6.459960937500000000e+02,7.891081934847093783e-16
6.567626953125000000e+02,7.112025327233453931e-16
6.675292968750000000e+02,6.461991148792976651e-16
6.782958984375000000e+02,5.866171378473283346e-16
6.890625000000000000e+02,5.329775264627431511e-16
6.998291015625000000e+02,4.862451026853440106e-16
7.105957031250000000e+02,4.445090922611776509e-16
7.213623046875000000e+02,4.049516428109511733e-16
7.321289062500000000e+02,3.707668168570078469e-16
7.428955078125000000e+02,3.397985560099947229e-16
7.536621093750000000e+02,3.114672215513220559e-16
7.644287109375000000e+02,2.859422231041764999e-16
7.751953125000000000e+02,2.633518538343423369e-16
7.859619140625000000e+02,2.422887348205678379e-16
7.967285156250000000e+02,2.230111872411812768e-16
8.074951171875000000e+02,2.059448232476489076e-16
8.182617187500000000e+02,1.901827703049554675e-16
8.290283203125000000e+02,1.756785381815874766e-16
8.397949218750000000e+02,1.626960644501411259e-16
8.505615234375000000e+02,1.507797875102034183e-16
8.613281250000000000e+02,1.397334206023404685e-16
8.720947265625000000e+02,1.297563730326423834e-16
8.828613281250000000e+02,1.203357251178792924e-16
8.936279296875000000e+02,1.121656005384195670e-16
9.043945312500000000e+02,1.041759661279675668e-16
9.151611328125000000e+02,9.709982655923673808e-17
9.259277343750000000e+02,9.065257719419587183e-17
9.366943359375000000e+02,8.438156558001279506e-17
9.474609375000000000e+02,7.885958387745879759e-17
9.582275390625000000e+02,7.363758930752459969e-17
9.689941406250000000e+02,6.901424776037380749e-17
9.797607421875000000e+02,6.434489922790344322e-17
9.905273437500000000e+02,6.052473411723372693e-17
1.001293945312500000e+03,5.643777758966682819e-17
1.012060546875000000e+03,5.315300382049724496e-17
1.022827148437500000e+03,4.980605730703978183e-17
1.033593750000000000e+03,4.678651653170548638e-17
1.044360351562500000e+03,4.392058700553389827e-17
1.055126953125000000e+03,4.132807589674228661e-17
1.065893554687500000e+03,3.889025109540506693e-17
1.076660156250000000e+03,3.662984675591340967e-17
1.087426757812500000e+03,3.445976832299182456e-17
1.098193359375000000e+03,3.251030388873069154e-17
1.108959960937500000e+03,3.064888149587529215e-17
1.119726562500000000e+03,2.894120701180688981e-17
1.130493164062500000e+03,2.731593756474085055e-17
1.141259765625000000e+03,2.578370419522003737e-17
1.152026367187500000e+03,2.443204342886203679e-17
1.162792968750000000e+03,2.303342903957229130e-17
1.173559570312500000e+03,2.184972976654333211e-17
1.184326171875000000e+03,2.062096821874592296e-17
1.195092773437500000e+03,1.962555239460473243e-17
1.205859375000000000e+03,1.845227707220101097e-17
1.216625976562500000e+03,1.766359015077304118e-17
1.227392578125000000e+03,1.664064623721646437e-17
1.238159179687500000e+03,1.582613347696847624e-17
1.248925781250000000e+03,1.501391189910487840e-17
1.259692382812500000e+03,1.426988338457934142e-17
1.270458984375000000e+03,1.356547181942339917e-17
1.281225585937500000e+03,1.287604058493670851e-17
1.291992187500000000e+03,1.226472770756147178e-17
1.302758789062500000e+03,1.164836872024158265e-17
1.313525390625000000e+03,1.110241695293742095e-17
1.324291992187500000e+03,1.057421553231770505e-17
1.335058593750000000e+03,1.004852966452182629e-17
1.345825195312500000e+03,9.605550235913269955e-18
1.356591796875000000e+03,9.143010122000815998e-18
1.367358398437500000e+03,8.712927387585931765e-18
1.378125000000000000e+03,8.324043446887680162e-18
1.388891601562500000e+03,7.942343120263376795e-18
1.399658203125000000e+03,7.571495951094781333e-18
1.410424804687500000e+03,7.245558646629143686e-18
1.421191406250000000e+03,6.915932945459752830e-18
1.431958007812500000e+03,6.613058138457822705e-18
1.442724609375000000e+03,6.313553080435612755e-18
1.453491210937500000e+03,6.049950805926724453e-18
1.464257812500000000e+03,5.778573181167022444e-18
1.475024414062500000e+03,5.534093439064609416e-18
1.485791015625000000e+03,5.295829028780927286e-18
1.496557617187500000e+03,5.078491113312412740e-18
1.507324218750000000e+03,4.853510177353026964e-18
1.518090820312500000e+03,4.657818668053638063e-18
1.528857421875000000e+03,4.460749394469875278e-18
1.539624023437500000e+03,4.274674096843096599e-18
1.550390625000000000e+03,4.109053961700356312e-18
1.561157226562500000e+03,3.933444512598121022e-18
1.571923828125000000e+03,3.777099509745620717e-18
1.582690429687500000e+03,3.626997281502401657e-18
1.593457031250000000e+03,3.479305431850479017e-18
1.604223632812500000e+03,3.345521484039705628e-18
1.614990234375000000e+03,3.208672163464857401e-18
1.625756835937500000e+03,3.084903961304257564e-18
1.636523437500000000e+03,2.968198564065245401e-18
1.647290039062500000e+03,2.851843594755990212e-18
1.658056640625000000e+03,2.741217881027096880e-18
1.668823242187500000e+03,2.637726480187915520e-18
1.679589843750000000e+03,2.538872330422315567e-18
1.690356445312500000e+03,2.441876724503116779e-18
1.701123046875000000e+03,2.351165535611444755e-18
1.711889648437500000e+03,2.263606279346319459e-18
1.722656250000000000e+03,2.180563197383647851e-18
1.733422851562500000e+03,2.099532837422632555e-18
1.744189453125000000e+03,2.024330665438813790e-18
1.754956054687500000e+03,1.949299774799722097e-18
1.765722656250000000e+03,1.880604681387999842e-18
1.776489257812500000e+03,1.812489924168443281e-18
1.787255859375000000e+03,1.747705896403786203e-18
1.798022460937500000e+03,1.686331127730384964e-18
1.808789062500000000e+03,1.626731160714128266e-18
1.819555664062500000e+03,1.569558089125047474e-18
1.830322265625000000e+03,1.515599407815975757e-18
1.841088867187500000e+03,1.463677825105673236e-18
1.851855468750000000e+03,1.411320024036248788e-18
1.862622070312500000e+03,1.364909875438468331e-18
1.873388671875000000e+03,1.317553254378768826e-18
1.884155273437500000e+03,1.273377468358838690e-18
1.894921875000000000e+03,1.230106717423618644e-18
1.905688476562500000e+03,1.189968095499267809e-18
1.916455078125000000e+03,1.149822888985099116e-18
1.927221679687500000e+03,1.111393473764809744e-18
1.937988281250000000e+03,1.075997009073575599e-18
1.948754882812500000e+03,1.039669142445436277e-18
1.959521484375000000e+03,1.006254977130591873e-18
1.970288085937500000e+03,9.743488471508489619e-19
1.981054687500000000e+03,9.412619827557015011e-19
1.991821289062500000e+03,9.132439704514003527e-19
2.002587890625000000e+03,8.826420906538594569e-19
2.013354492187500000e+03,8.553376616481287070e-19
2.024121093750000000e+03,8.285650943816632403e-19
2.034887695312500000e+03,8.019531087055814136e-19
2.045654296875000000e+03,7.776983169474460841e-19
2.056420898437500000e+03,7.531679884220475652e-19
2.067187500000000000e+03,7.300325396790278103e-19
2.077954101562500000e+03,7.074592471063451951e-19
2.088720703125000000e+03,6.861633174573505674e-19
2.099487304687500000e+03,6.650343417319358438e-19
2.110253906250000000e+03,6.449487746379900023e-19
2.121020507812500000e+03,6.257504121794389690e-19
2.131787109375000000e+03,6.068904783971011552e-19
2.142553710937500000e+03,5.887710745367084253e-19
2.153320312500000000e+03,5.713318552954446540e-19
2.164086914062500000e+03,5.547959601026429395e-19
2.174853515625000000e+03,5.380177835275939504e-19
2.185620117187500000e+03,5.228619534650361629e-19
2.196386718750000000e+03,5.071034561434285892e-19
2.207153320312500000e+03,4.927155161905330007e-19
2.217919921875000000e+03,4.786292930326380484e-19
2.228686523437500000e+03,4.648098898012450329e-19
2.239453125000000000e+03,4.515084100103643049e-19
2.250219726562500000e+03,4.387862079868380116e-19
2.260986328125000000e+03,4.261910900371873980e-19
2.271752929687500000e+03,4.145534501064436465e-19
2.282519531250000000e+03,4.027932491499644418e-19
2.293286132812500000e+03,3.914852721581795604e-19
2.304052734375000000e+03,3.808070199202043842e-19
2.314819335937500000e+03,3.701667360835025666e-19
2.325585937500000000e+03,3.600154102603450012e-19
2.336352539062500000e+03,3.503389107634734491e-19
2.347119140625000000e+03,3.404485479245546847e-19
2.357885742187500000e+03,3.316404255433042380e-19
2.368652343750000000e+03,3.224062631713080633e-19
2.379418945312500000e+03,3.139226368705569878e-19
2.390185546875000000e+03,3.054101379865517736e-19
2.400952148437500000e+03,2.973102297425347873e-19
2.411718750000000000e+03,2.895019493505660244e-19
2.422485351562500000e+03,2.818316731620682472e-19
2.433251953125000000e+03,2.743545725397561802e-19
2.444018554687500000e+03,2.672915392952383463e-19
2.454785156250000000e+03,2.602478100715371369e-19
2.465551757812500000e+03,2.535981958385935911e-19
2.476318359375000000e+03,2.469603971506723617e-19
2.487084960937500000e+03,2.406254768316441754e-19
2.497851562500000000e+03,2.345209684644011077e-19
2.508618164062500000e+03,2.285075838689232319e-19
2.519384765625000000e+03,2.227166218401888988e-19
2.530151367187500000e+03,2.170639799573906963e-19
2.540917968750000000e+03,2.116894617750024121e-19
2.551684570312500000e+03,2.062563177371502519e-19
2.562451171875000000e+03,2.012360109749130260e-19
2.573217773437500000e+03,1.961627388740862989e-19
2.583984375000000000e+03,1.912946657792028255e-19
2.594750976562500000e+03,1.866255888820926413e-19
2.605517578125000000e+03,1.820459337670506473e-19
2.616284179687500000e+03,1.775684673771565543e-19
2.627050781250000000e+03,1.732524077998935699e-19
2.637817382812500000e+03,1.690438887400800857e-19
2.648583984375000000e+03,1.650018876632223378e-19
2.659350585937500000e+03,1.609713441560028871e-19
2.670117187500000000e+03,1.571854274264033260e-19
2.680883789062500000e+03,1.533924323733803192e-19
2.691650390625000000e+03,1.497346015052464183e-19
2.702416992187500000e+03,1.462336090748576862e-19
2.713183593750000000e+03,1.427431281486053963e-19
2.723950195312500000e+03,1.394068325883971442e-19
2.734716796875000000e+03,1.361543469830156172e-19
2.745483398437500000e+03,1.329796033548992643e-19
2.756250000000000000e+03,1.298784775757325886e-19
2.767016601562500000e+03,1.268731833359849937e-19
2.777783203125000000e+03,1.239829030319637674e-19
2.788549804687500000e+03,1.211065571189499759e-19
2.799316406250000000e+03,1.183510892856193022e-19
2.810083007812500000e+03,1.156453491002144127e-19
2.820849609375000000e+03,1.130266589658671862e-19
2.831616210937500000e+03,1.104742790453200294e-19
2.842382812500000000e+03,1.079897478126631337e-19
2.853149414062500000e+03,1.055587576764614438e-19
2.863916015625000000e+03,1.032152734064874864e-19
2.874682617187500000e+03,1.008990546051344717e-19
2.885449218750000000e+03,9.866510977798635157e-20
2.896215820312500000e+03,9.648788874063305941e-20
2.906982421875000000e+03,9.435947635188348952e-20
2.917749023437500000e+03,9.229118940033162671e-20
2.928515625000000000e+03,9.027864034460240676e-20
2.939282226562500000e+03,8.829301666760408680e-20
2.950048828125000000e+03,8.640618983383885327e-20
2.960815429687500000e+03,8.451645029769728303e-20
2.971582031250000000e+03,8.270182272451963113e-20
2.982348632812500000e+03,8.092591769434316998e-20
2.993115234375000000e+03,7.919061605928916692e-20
3.003881835937500000e+03,7.750540330958522334e-20
3.014648437500000000e+03,7.586020760038598415e-20
3.025415039062500000e+03,7.425227913943196141e-20
3.036181640625000000e+03,7.268682116484301124e-20
3.046948242187500000e+03,7.116002974781676573e-20
3.057714843750000000e+03,6.966706615581442517e-20
3.068481445312500000e+03,6.821667518933636727e-20
3.079248046875000000e+03,6.679593915057407071e-20
3.090014648437500000e+03,6.540630832194066633e-20
3.100781250000000000e+03,6.406136008305050905e-20
3.111547851562500000e+03,6.274129102646040854e-20
3.122314453125000000e+03,6.145128910066492827e-20
3.133081054687500000e+03,6.020178751657345691e-20
3.143847656250000000e+03,5.896034602852989756e-20
3.154614257812500000e+03,5.777873765956720743e-20
3.165380859375000000e+03,5.660007880523455552e-20
3.176147460937500000e+03,5.546497950752981033e-20
3.186914062500000000e+03,5.434220971856671814e-20
3.197680664062500000e+03,5.325718316040019876e-20
3.208447265625000000e+03,5.219436234094897506e-20
3.219213867187500000e+03,5.115430392651773098e-20
3.229980468750000000e+03,5.013790255820897336e-20
3.240747070312500000e+03,4.914905253019953174e-20
3.251513671875000000e+03,4.817973378290481928e-20
3.262280273437500000e+03,4.723186818530222496e-20
3.273046875000000000e+03,4.630805388803724184e-20
3.283813476562500000e+03,4.540443338728960455e-20
3.294580078125000000e+03,4.451989517127344856e-20
3.305346679687500000e+03,4.365839839509085732e-20
3.316113281250000000e+03,4.281350686094505773e-20
3.326879882812500000e+03,4.198647906547309977e-20
3.337646484375000000e+03,4.118461207171142093e-20
3.348413085937500000e+03,4.039327526573143916e-20
3.359179687500000000e+03,3.962275679884743720e-20
3.369946289062500000e+03,3.886882345437442544e-20
3.380712890625000000e+03,3.813383695684479928e-20
3.391479492187500000e+03,3.740825722500534690e-20
3.402246093750000000e+03,3.670831322328755970e-20
3.413012695312500000e+03,3.601709765029122514e-20
3.423779296875000000e+03,3.533999563205684400e-20
3.434545898437500000e+03,3.468414378521210201e-20
3.445312500000000000e+03,3.403657378269394708e-20
3.456079101562500000e+03,3.340556688435997040e-20
3.466845703125000000e+03,3.278713761784582882e-20
3.477612304687500000e+03,3.218351314448944456e-20
3.488378906250000000e+03,3.159132234399442787e-20
3.499145507812500000e+03,3.101201377679013008e-20
3.509912109375000000e+03,3.044622562926067942e-20
3.520678710937500000e+03,2.989014832815453916e-20
3.531445312500000000e+03,2.934977716762831649e-20
3.542211914062500000e+03,2.881599618466274870e-20
3.552978515625000000e+03,2.829679814028742751e-20
3.563745117187500000e+03,2.778782819793998438e-20
3.574511718750000000e+03,2.728812026673268589e-20
3.585278320312500000e+03,2.680042037872572541e-20
3.596044921875000000e+03,2.632339769502976148e-20
3.606811523437500000e+03,2.585343749687752442e-20
3.617578125000000000e+03,2.539667299054059138e-20
3.628344726562500000e+03,2.494685308781193029e-20
3.639111328125000000e+03,2.450691837198359547e-20
3.649877929687500000e+03,2.407592611495738730e-20
3.660644531250000000e+03,2.365512756468835198e-20
3.671411132812500000e+03,2.324059140735164166e-20
3.682177734375000000e+03,2.283606367615192994e-20
3.692944335937500000e+03,2.243937679777154029e-20
3.703710937500000000e+03,2.205075686969393909e-20
3.714477539062500000e+03,2.166949467596606380e-20
3.725244140625000000e+03,2.129676124050379037e-20
3.736010742187500000e+03,2.093061927341747019e-20
3.746777343750000000e+03,2.057225425181691806e-20
3.757543945312500000e+03,2.022007266377679626e-20
3.768310546875000000e+03,1.987789359192112546e-20
3.779077148437500000e+03,1.953783818705006186e-20
3.789843750000000000e+03,1.920891327714526737e-20
3.800610351562500000e+03,1.888333276882957041e-20
3.811376953125000000e+03,1.856595747938546636e-20
3.822143554687500000e+03,1.825433167560033621e-20
3.832910156250000000e+03,1.794780015949984470e-20
3.843676757812500000e+03,1.764913798623975223e-20
3.854443359375000000e+03,1.735455342679768609e-20
3.865209960937500000e+03,1.706682391687277923e-20
3.875976562500000000e+03,1.678382233608934744e-20
3.886743164062500000e+03,1.650640919877033843e-20
3.897509765625000000e+03,1.623544523252845674e-20
3.908276367187500000e+03,1.596837704540107839e-20
3.919042968750000000e+03,1.570612869235933470e-20
3.929809570312500000e+03,1.545037130342414307e-20
3.940576171875000000e+03,1.519812500258496771e-20
3.951342773437500000e+03,1.495178265792794145e-20
3.962109375000000000e+03,1.470907353034048513e-20
3.972875976562500000e+03,1.447181064169493821e-20
3.983642578125000000e+03,1.423749262658019932e-20
3.994409179687500000e+03,1.401021317702708277e-20
4.005175781250000000e+03,1.378426466851023241e-20
4.015942382812500000e+03,1.356480528275402221e-20
4.026708984375000000e+03,1.334754722630848617e-20
4.037475585937500000e+03,1.313637178303394917e-20
4.048242187500000000e+03,1.292694409505627843e-20
4.059008789062500000e+03,1.272317149632128741e-20
4.069775390625000000e+03,1.252218392765924184e-20
4.080541992187500000e+03,1.232504322553814099e-20
4.091308593750000000e+03,1.213167422401219163e-20
4.102075195312500000e+03,1.194155764590082521e-20
4.112841796875000000e+03,1.175528851046112331e-20
4.123608398437500000e+03,1.157223968416608724e-20
4.134375000000000000e+03,1.139235378340803354e-20
4.145141601562500000e+03,1.121577384650671541e-20
4.155908203125000000e+03,1.104260630827056199e-20
4.166674804687500000e+03,1.087231620057068572e-20
4.177441406250000000e+03,1.070492216558957944e-20
4.188208007812500000e+03,1.054092248716040217e-20
4.198974609375000000e+03,1.037991263357317554e-20
4.209741210937500000e+03,1.022109746679798326e-20
4.220507812500000000e+03,1.006583999527441672e-20
4.231274414062500000e+03,9.912946535879239375e-21
4.242041015625000000e+03,9.762593339539368885e-21
4.252807617187500000e+03,9.615319916539495374e-21
4.263574218750000000e+03,9.470466403612441668e-21
4.274340820312500000e+03,9.328110577682514085e-21
4.285107421875000000e+03,9.188076871983126282e-21
4.295874023437500000e+03,9.050826033285790812e-21
4.306640625000000000e+03,8.915805446212705432e-21
4.317407226562500000e+03,8.782954522751403219e-21
4.328173828125000000e+03,8.652821324232504746e-21
4.338940429687500000e+03,8.524417922203253826e-21
4.349707031250000000e+03,8.398647800678069551e-21
4.360473632812500000e+03,8.274903808194159087e-21
4.371240234375000000e+03,8.153170839085694094e-21
4.382006835937500000e+03,8.033595343230684438e-21
4.392773437500000000e+03,7.916061512668808685e-21
4.403540039062500000e+03,7.800617140850338311e-21
4.414306640625000000e+03,7.687039468442802926e-21
4.425073242187500000e+03,7.575436720296270524e-21
4.435839843750000000e+03,7.465472577824288206e-21
4.446606445312500000e+03,7.357780189162169685e-21
4.457373046875000000e+03,7.251568247493438459e-21
4.468139648437500000e+03,7.147279674797496825e-21
4.478906250000000000e+03,7.044829186375532024e-21
4.489672851562500000e+03,6.943800008079611019e-21
4.500439453125000000e+03,6.844708253923249522e-21
4.511206054687500000e+03,6.747134349591707292e-21
4.521972656250000000e+03,6.651334688980261679e-21
4.532739257812500000e+03,6.556823287068271780e-21
4.543505859375000000e+03,6.464227860645547076e-21
4.554272460937500000e+03,6.372810713250209356e-21
4.565039062500000000e+03,6.283233099555970161e-21
4.575805664062500000e+03,6.194884832631403136e-21
4.586572265625000000e+03,6.108036059257800649e-21
4.597338867187500000e+03,6.022603881234320240e-21
4.608105468750000000e+03,5.938588771978257507e-21
4.618872070312500000e+03,5.855986398669711530e-21
4.629638671875000000e+03,5.774555074155882538e-21
4.640405273437500000e+03,5.694563605722380709e-21
4.651171875000000000e+03,5.615956777397567814e-21
4.661938476562500000e+03,5.538375860658402607e-21
4.672705078125000000e+03,5.462152269999945331e-21
4.683471679687500000e+03,5.387221290764878525e-21
4.694238281250000000e+03,5.313350276129803473e-21
4.705004882812500000e+03,5.240822357334050390e-21
4.715771484375000000e+03,5.169257017400000755e-21
4.726538085937500000e+03,5.099011537896698382e-21
4.737304687500000000e+03,5.029700818141166213e-21
4.748071289062500000e+03,4.961647705389451988e-21
4.758837890625000000e+03,4.894540003092537831e-21
4.769604492187500000e+03,4.828562795427456686e-21
4.780371093750000000e+03,4.763607419289241590e-21
4.791137695312500000e+03,4.699666597353683550e-21
4.801904296875000000e+03,4.636587308884185083e-21
4.812670898437500000e+03,4.574790158353966649e-21
4.823437500000000000e+03,4.513699255915605215e-21
4.834204101562500000e+03,4.453626046530321703e-21
4.844970703125000000e+03,4.394551351102256081e-21
4.855737304687500000e+03,4.336271353945756149e-21
4.866503906250000000e+03,4.278983818784989313e-21
4.877270507812500000e+03,4.222573035871415272e-21
4.888037109375000000e+03,4.166872762099877703e-21
4.898803710937500000e+03,4.112281416938472652e-21
4.909570312500000000e+03,4.058334531719133563e-21
4.920336914062500000e+03,4.005273019013631015e-21
4.931103515625000000e+03,3.953036304481293338e-21
4.941870117187500000e+03,3.901549460929894047e-21
4.952636718750000000e+03,3.850851505110832043e-21
4.963403320312500000e+03,3.800921411097988087e-21
4.974169921875000000e+03,3.751802196622746351e-21
4.984936523437500000e+03,3.703307004679512148e-21
4.995703125000000000e+03,3.655663312098306988e-21
5.006469726562500000e+03,3.608631038228444187e-21
5.017236328125000000e+03,3.562363948108281448e-21
5.028002929687500000e+03,3.516760252334906666e-21
5.038769531250000000e+03,3.471877048637787377e-21
5.049536132812500000e+03,3.427550681003173624e-21
5.060302734375000000e+03,3.384027867075855420e-21
5.071069335937500000e+03,3.341074520386778023e-21
5.081835937500000000e+03,3.298704517134458912e-21
5.092602539062500000e+03,3.257067388139056692e-21
5.103369140625000000e+03,3.215956520543074464e-21
5.114135742187500000e+03,3.175487914410456448e-21
5.124902343750000000e+03,3.135635759272973875e-21
5.135668945312500000e+03,3.096276845580050138e-21
5.146435546875000000e+03,3.057585790417032166e-21
5.157202148437500000e+03,3.019393942690592947e-21
5.167968750000000000e+03,2.981822707603571445e-21
5.178735351562500000e+03,2.944701773162679919e-21
5.189501953125000000e+03,2.908213897051216372e-21
5.200268554687500000e+03,2.872198094205309094e-21
5.211035156250000000e+03,2.836692131379519147e-21
5.221801757812500000e+03,2.801729071724278482e-21
5.232568359375000000e+03,2.767267578385711966e-21
5.243334960937500000e+03,2.733269270624529740e-21
5.254101562500000000e+03,2.699781210206987383e-21
5.264868164062500000e+03,2.666756311366415091e-21
5.275634765625000000e+03,2.634205160662461489e-21
5.286401367187500000e+03,2.602128473097869909e-21
5.297167968750000000e+03,2.570482454939146854e-21
5.307934570312500000e+03,2.539294245927304699e-21
5.318701171875000000e+03,2.508573304302430070e-21
5.329467773437500000e+03,2.478228302715142009e-21
5.340234375000000000e+03,2.448359617094605861e-21
5.351000976562500000e+03,2.418892408206641370e-21
5.361767578125000000e+03,2.389816988761753180e-21
5.372534179687500000e+03,2.361178556829996251e-21
5.383300781250000000e+03,2.332936431704233452e-21
5.394067382812500000e+03,2.305076912413255743e-21
5.404833984375000000e+03,2.277585399481430624e-21
5.415600585937500000e+03,2.250520998686351280e-21
5.426367187500000000e+03,2.223786002762172541e-21
5.437133789062500000e+03,2.197450249161676676e-21
5.447900390625000000e+03,2.171457438425757117e-21
5.458666992187500000e+03,2.145834364307117265e-21
5.469433593750000000e+03,2.120559706895638717e-21
5.480200195312500000e+03,2.095622273743194683e-21
5.490966796875000000e+03,2.071052404819803012e-21
5.501733398437500000e+03,2.046777040538607685e-21
5.512500000000000000e+03,2.022863791849517209e-21
5.523266601562500000e+03,1.999262739999329040e-21
5.534033203125000000e+03,1.976005134606507971e-21
5.544799804687500000e+03,1.953009952143179537e-21
5.555566406250000000e+03,1.930366406030546902e-21
5.566333007812500000e+03,1.908042007346664063e-21
5.577099609375000000e+03,1.885961193730761835e-21
5.587866210937500000e+03,1.864232327876012689e-21
5.598632812500000000e+03,1.842761001231994546e-21
5.609399414062500000e+03,1.821607499161963828e-21
5.620166015625000000e+03,1.800700585305866228e-21
5.630932617187500000e+03,1.780093598051328117e-21
5.641699218750000000e+03,1.759764311232080663e-21
5.652465820312500000e+03,1.739688034158216964e-21
5.663232421875000000e+03,1.719892213334006558e-21
5.673999023437500000e+03,1.700363011958711855e-21
5.684765625000000000e+03,1.681063884884276586e-21
5.695532226562500000e+03,1.662047822922117309e-21
5.706298828125000000e+03,1.643277543712661478e-21
5.717065429687500000e+03,1.624726004570819899e-21
5.727832031250000000e+03,1.606464974017066495e-21
5.738598632812500000e+03,1.588414784756387502e-21
5.749365234375000000e+03,1.570580977317419922e-21
5.760131835937500000e+03,1.553018257888842326e-21
5.770898437500000000e+03,1.535662216007121939e-21
5.781665039062500000e+03,1.518544505572338675e-21
5.792431640625000000e+03,1.501626633599192981e-21
5.803198242187500000e+03,1.484956326247453665e-21
5.813964843750000000e+03,1.468467750175424649e-21
5.824731445312500000e+03,1.452225878536300206e-21
5.835498046875000000e+03,1.436181378092643497e-21
5.846264648437500000e+03,1.420316915516155457e-21
5.857031250000000000e+03,1.404700445920044043e-21
5.867797851562500000e+03,1.389251074358608833e-21
5.878564453125000000e+03,1.374013248277688390e-21
5.889331054687500000e+03,1.358965079834489935e-21
5.900097656250000000e+03,1.344104572058072503e-21
5.910864257812500000e+03,1.329435103334996180e-21
5.921630859375000000e+03,1.314965239204025651e-21
5.932397460937500000e+03,1.300657912011503308e-21
5.943164062500000000e+03,1.286543262007058294e-21
5.953930664062500000e+03,1.272603840252430732e-21
5.964697265625000000e+03,1.258839722460930956e-21
5.975463867187500000e+03,1.245254323303212265e-21
5.986230468750000000e+03,1.231819426993778166e-21
5.996997070312500000e+03,1.218585021036882784e-21
6.007763671875000000e+03,1.205485508572459603e-21
6.018530273437500000e+03,1.192560422590126380e-21
6.029296875000000000e+03,1.179812410798738114e-21
6.040063476562500000e+03,1.167190437778366569e-21
6.050830078125000000e+03,1.154758253053620359e-21
6.061596679687500000e+03,1.142457148762069031e-21
6.072363281250000000e+03,1.130314863702711642e-21
6.083129882812500000e+03,1.118331364504799804e-21
6.093896484375000000e+03,1.106483489550070600e-21
6.104663085937500000e+03,1.094780841218918874e-21
6.115429687500000000e+03,1.083236301869880594e-21
6.126196289062500000e+03,1.071815847692289033e-21
6.136962890625000000e+03,1.060545286085112826e-21
6.147729492187500000e+03,1.049413169845827461e-21
6.158496093750000000e+03,1.038409600642022719e-21
6.169262695312500000e+03,1.027541362680740090e-21
6.180029296875000000e+03,1.016821615181696933e-21
6.190795898437500000e+03,1.006207803493787778e-21
6.201562500000000000e+03,9.957316724069089481e-22
6.212329101562500000e+03,9.853873375661677497e-22
6.223095703125000000e+03,9.751688855245504463e-22
6.233862304687500000e+03,9.650595448074165373e-22
6.244628906250000000e+03,9.550859809722882443e-22
6.255395507812500000e+03,9.452317205319102303e-22
6.266162109375000000e+03,9.354809531550626882e-22
6.276928710937500000e+03,9.258674352871933034e-22
6.287695312500000000e+03,9.163501330685209014e-22
6.298461914062500000e+03,9.069605557483048750e-22
6.309228515625000000e+03,8.976725669810834849e-22
6.319995117187500000e+03,8.885017962183672163e-22
6.330761718750000000e+03,8.794410053592533203e-22
6.341528320312500000e+03,8.704794637767363242e-22
6.352294921875000000e+03,8.616253412821649480e-22
6.363061523437500000e+03,8.528887421096913389e-22
6.373828125000000000e+03,8.442324733364701337e-22
6.384594726562500000e+03,8.357027116047658751e-22
6.395361328125000000e+03,8.272525977432578676e-22
6.406127929687500000e+03,8.189146318836838498e-22
6.416894531250000000e+03,8.106698372740219800e-22
6.427661132812500000e+03,8.025213726418461313e-22
6.438427734375000000e+03,7.944658167700928688e-22
6.449194335937500000e+03,7.865079527638589373e-22
6.459960937500000000e+03,7.786414673873863550e-22
6.470727539062500000e+03,7.708657968831185730e-22
6.481494140625000000e+03,7.631791096605543039e-22
6.492260742187500000e+03,7.555839425514951219e-22
6.503027343750000000e+03,7.480763555794709578e-22
6.513793945312500000e+03,7.406521271201396786e-22
6.524560546875000000e+03,7.333186014415499802e-22
6.535327148437500000e+03,7.260611220042774533e-22
6.546093750000000000e+03,7.188973872273481042e-22
6.556860351562500000e+03,7.118085381017812561e-22
6.567626953125000000e+03,7.048019410028814464e-22
6.578393554687500000e+03,6.978787833400664952e-22
6.589160156250000000e+03,6.910313868719077390e-22
6.599926757812500000e+03,6.842608611243539254e-22
6.610693359375000000e+03,6.775730164137257803e-22
6.621459960937500000e+03,6.709506671601924254e-22
6.632226562500000000e+03,6.644169941333479100e-22
6.642993164062500000e+03,6.579449466612041359e-22
6.653759765625000000e+03,6.515527518845907455e-22
6.664526367187500000e+03,6.452340972534482433e-22
6.675292968750000000e+03,6.389781027889144741e-22
6.686059570312500000e+03,6.328023253070395274e-22
6.696826171875000000e+03,6.266896876049392992e-22
6.707592773437500000e+03,6.206489819000517948e-22
6.718359375000000000e+03,6.146710409790923929e-22
6.729125976562500000e+03,6.087652698205935708e-22
6.739892578125000000e+03,6.029224909368012082e-22
6.750659179687500000e+03,5.971475168200151853e-22
6.761425781250000000e+03,5.914290351372303234e-22
6.772192382812500000e+03,5.857850321050000005e-22
6.782958984375000000e+03,5.801969789031265339e-22
6.793725585937500000e+03,5.746702625890936334e-22
6.804492187500000000e+03,5.692090998257724534e-22
6.815258789062500000e+03,5.638015288400457822e-22
6.826025390625000000e+03,5.584602201584359941e-22
6.836791992187500000e+03,5.531742996198788581e-22
6.847558593750000000e+03,5.479446669052888165e-22
6.858325195312500000e+03,5.427781709455512169e-22
6.869091796875000000e+03,5.376635914907894057e-22
6.879858398437500000e+03,5.326042688907629465e-22
6.890625000000000000e+03,5.276022481626642394e-22
6.901391601562500000e+03,5.226548072650119897e-22
6.912158203125000000e+03,5.177614650065672577e-22
6.922924804687500000e+03,5.129183131596390652e-22
6.933691406250000000e+03,5.081315880979752093e-22
6.944458007812500000e+03,5.033960447874702858e-22
6.955224609375000000e+03,4.987058904036121213e-22
6.965991210937500000e+03,4.940770989886457873e-22
6.976757812500000000e+03,4.894881710030861485e-22
6.987524414062500000e+03,4.849535138015880146e-22
6.998291015625000000e+03,4.804664879176574048e-22
7.009057617187500000e+03,4.760279389848840339e-22
7.019824218750000000e+03,4.716372882982413270e-22
7.030590820312500000e+03,4.672917704716969169e-22
7.041357421875000000e+03,4.629956002948040372e-22
7.052124023437500000e+03,4.587432833926639427e-22
7.062890625000000000e+03,4.545354048536530002e-22
7.073657226562500000e+03,4.503745172554679137e-22
7.084423828125000000e+03,4.462564453022539844e-22
7.095190429687500000e+03,4.421816093628819194e-22
7.105957031250000000e+03,4.381514034971756359e-22
7.116723632812500000e+03,4.341624449261975599e-22
7.127490234375000000e+03,4.302170814201528565e-22
7.138256835937500000e+03,4.263126208530972951e-22
7.149023437500000000e+03,4.224452527749555321e-22
7.159790039062500000e+03,4.186253455484265955e-22
7.170556640625000000e+03,4.148424429194157127e-22
7.181323242187500000e+03,4.110981923057746884e-22
7.192089843750000000e+03,4.073947224726521452e-22
7.202856445312500000e+03,4.037276246739005385e-22
7.213623046875000000e+03,4.001018443358560351e-22
7.224389648437500000e+03,3.965113200397870578e-22
7.235156250000000000e+03,3.929598216100476323e-22
7.245922851562500000e+03,3.894431318425345395e-22
7.256689453125000000e+03,3.859659368609772131e-22
7.267456054687500000e+03,3.825214528311762385e-22
7.278222656250000000e+03,3.791157556047016041e-22
7.288989257812500000e+03,3.757416796854046408e-22
7.299755859375000000e+03,3.724062569327985981e-22
7.310522460937500000e+03,3.691020400390325439e-22
7.321289062500000000e+03,3.658326674601685864e-22
7.332055664062500000e+03,3.625980436607027789e-22
7.342822265625000000e+03,3.593940791463260279e-22
7.353588867187500000e+03,3.562248595679002220e-22
7.364355468750000000e+03,3.530886882237323753e-22
7.375122070312500000e+03,3.499827410366926396e-22
7.385888671875000000e+03,3.469094291874184609e-22
7.396655273437500000e+03,3.438661064110957202e-22
7.407421875000000000e+03,3.408559472148395950e-22
7.418188476562500000e+03,3.378728637153246902e-22
7.428955078125000000e+03,3.349247458702893090e-22
7.439721679687500000e+03,3.320021757672128869e-22
7.450488281250000000e+03,3.291113743814050375e-22
7.461254882812500000e+03,3.262491029457226133e-22
7.472021484375000000e+03,3.234142348989472333e-22
7.482788085937500000e+03,3.206115890084550072e-22
7.493554687500000000e+03,3.178337700903252334e-22
7.504321289062500000e+03,3.150840237717555640e-22
7.515087890625000000e+03,3.123638622053393642e-22
7.525854492187500000e+03,3.096693333934633801e-22
7.536621093750000000e+03,3.070015132925852116e-22
7.547387695312500000e+03,3.043616407469270101e-22
7.558154296875000000e+03,3.017471331076817624e-22
7.568920898437500000e+03,2.991576154783083331e-22
7.579687500000000000e+03,2.965962044574626332e-22
7.590454101562500000e+03,2.940584004308945840e-22
7.601220703125000000e+03,2.915468538861554535e-22
7.611987304687500000e+03,2.890584139998944652e-22
7.622753906250000000e+03,2.865962630948384491e-22
7.633520507812500000e+03,2.841582057427764406e-22
7.644287109375000000e+03,2.817427316508412711e-22
7.655053710937500000e+03,2.793529616775826247e-22
7.665820312500000000e+03,2.769846440004846903e-22
7.676586914062500000e+03,2.746413564534726997e-22
7.687353515625000000e+03,2.723206533276180522e-22
7.698120117187500000e+03,2.700214496619349739e-22
7.708886718750000000e+03,2.677458407457171049e-22
7.719653320312500000e+03,2.654916728809273494e-22
7.730419921875000000e+03,2.632606494446661218e-22
7.741186523437500000e+03,2.610498330462295183e-22
7.751953125000000000e+03,2.588616314318300200e-22
7.762719726562500000e+03,2.566936199146819735e-22
7.773486328125000000e+03,2.545479909274667391e-22
7.784252929687500000e+03,2.524219813378989623e-22
7.795019531250000000e+03,2.503164781455763336e-22
7.805786132812500000e+03,2.482317988653453661e-22
7.816552734375000000e+03,2.461670058863286728e-22
7.827319335937500000e+03,2.441230598481706935e-22
7.838085937500000000e+03,2.420960482033695668e-22
7.848852539062500000e+03,2.400918924670769612e-22
7.859619140625000000e+03,2.381044459924261646e-22
7.870385742187500000e+03,2.361366945471499024e-22
7.881152343750000000e+03,2.341885978353463563e-22
7.891918945312500000e+03,2.322578009861581650e-22
7.902685546875000000e+03,2.303459668109809348e-22
7.913452148437500000e+03,2.284527089889204579e-22
7.924218750000000000e+03,2.265766584542831359e-22
7.934985351562500000e+03,2.247195890033253589e-22
7.945751953125000000e+03,2.228782864681774704e-22
7.956518554687500000e+03,2.210564027903551137e-22
7.967285156250000000e+03,2.192500693668516047e-22
7.978051757812500000e+03,2.174620624279751198e-22
7.988818359375000000e+03,2.156902921563736446e-22
7.999584960937500000e+03,2.139352575947135638e-22
8.010351562500000000e+03,2.121965049861243669e-22
8.021118164062500000e+03,2.104751894641048500e-22
8.031884765625000000e+03,2.087679297127461715e-22
8.042651367187500000e+03,2.070784861296207197e-22
8.053417968750000000e+03,2.054047947862840471e-22
8.064184570312500000e+03,2.037455017096721689e-22
8.074951171875000000e+03,2.021024727705247802e-22
8.085717773437500000e+03,2.004749130911919120e-22
8.096484375000000000e+03,1.988619912401096898e-22
8.107250976562500000e+03,1.972641384688632952e-22
8.118017578125000000e+03,1.956819364051804970e-22
8.128784179687500000e+03,1.941129276584442306e-22
8.139550781250000000e+03,1.925599829708884802e-22
8.150317382812500000e+03,1.910199932648373701e-22
8.161083984375000000e+03,1.894953117207846109e-22
8.171850585937500000e+03,1.879840298993109162e-22
8.182617187500000000e+03,1.864871176736868004e-22
8.193383789062500000e+03,1.850036314327237513e-22
8.204150390625000000e+03,1.835338495704090954e-22
8.214916992187500000e+03,1.820775065744388672e-22
8.225683593750000000e+03,1.806346801884530425e-22
8.236450195312500000e+03,1.792047314208009886e-22
8.247216796875000000e+03,1.777885120679507232e-22
8.257983398437500000e+03,1.763846313947682396e-22
8.268750000000000000e+03,1.749930944158958167e-22
8.279516601562500000e+03,1.736152700775342438e-22
8.290283203125000000e+03,1.722500099412788393e-22
8.301049804687500000e+03,1.708956745983840962e-22
8.311816406250000000e+03,1.695550558294213207e-22
8.322583007812500000e+03,1.682260237207654310e-22
8.333349609375000000e+03,1.669092338684444278e-22
8.344116210937500000e+03,1.656038921326625254e-22
8.354882812500000000e+03,1.643109799182098629e-22
8.365649414062500000e+03,1.630286830474677701e-22
8.376416015625000000e+03,1.617596882547061673e-22
8.387182617187500000e+03,1.604999811792347828e-22
8.397949218750000000e+03,1.592532112120670760e-22
8.408715820312500000e+03,1.580165779179250197e-22
8.419482421875000000e+03,1.567916001664403634e-22
8.430249023437500000e+03,1.555777797865376971e-22
8.441015625000000000e+03,1.543739687858294085e-22
8.451782226562500000e+03,1.531814274874165520e-22
8.462548828125000000e+03,1.519995264768327773e-22
8.473315429687500000e+03,1.508281203868148447e-22
8.484082031250000000e+03,1.496672139891692710e-22
8.494848632812500000e+03,1.485159801380139265e-22
8.505615234375000000e+03,1.473757914207187248e-22
8.516381835937500000e+03,1.462447497255092463e-22
8.527148437500000000e+03,1.451253663780331305e-22
8.537915039062500000e+03,1.440138467363550578e-22
8.548681640625000000e+03,1.429133814027549642e-22
8.559448242187500000e+03,1.418221315583832048e-22
8.570214843750000000e+03,1.407411853613718350e-22
8.580981445312500000e+03,1.396685233986249310e-22
8.591748046875000000e+03,1.386063150956565794e-22
8.602514648437500000e+03,1.375529662787639327e-22
8.613281250000000000e+03,1.365088167965329946e-22
8.624047851562500000e+03,1.354738191946338269e-22
8.634814453125000000e+03,1.344484646901012482e-22
8.645581054687500000e+03,1.334308330884127378e-22
8.656347656250000000e+03,1.324234211802399481e-22
8.667114257812500000e+03,1.314235901422543442e-22
8.677880859375000000e+03,1.304333273698462644e-22
8.688647460937500000e+03,1.294510565960509363e-22
8.699414062500000000e+03,1.284776765747653875e-22
8.710180664062500000e+03,1.275124797925078398e-22
8.720947265625000000e+03,1.265558480639211840e-22
8.731713867187500000e+03,1.256072764342269909e-22
8.742480468750000000e+03,1.246671685224546528e-22
8.753247070312500000e+03,1.237347847146698324e-22
8.764013671875000000e+03,1.228108636528978405e-22
8.774780273437500000e+03,1.218944213206835024e-22
8.785546875000000000e+03,1.209860544291946087e-22
8.796313476562500000e+03,1.200856365425829865e-22
8.807080078125000000e+03,1.191927282913606871e-22
8.817846679687500000e+03,1.183072744634735743e-22
8.828613281250000000e+03,1.174300903856275673e-22
8.839379882812500000e+03,1.165595123978557906e-22
8.850146484375000000e+03,1.156969813037526835e-22
8.860913085937500000e+03,1.148416429176666352e-22
8.871679687500000000e+03,1.139932536418699409e-22
8.882446289062500000e+03,1.131527381958713757e-22
8.893212890625000000e+03,1.123183666810639020e-22
8.903979492187500000e+03,1.114921428654796095e-22
8.914746093750000000e+03,1.106722201728564201e-22
8.925512695312500000e+03,1.098594869290903570e-22
8.936279296875000000e+03,1.090534303668514795e-22
8.947045898437500000e+03,1.082543341926964379e-22
8.957812500000000000e+03,1.074621514948928130e-22
8.968579101562500000e+03,1.066761939849372677e-22
8.979345703125000000e+03,1.058969744705119955e-22
8.990112304687500000e+03,1.051245200523847481e-22
9.000878906250000000e+03,1.043583877164981119e-22
9.011645507812500000e+03,1.035987337481962769e-22
9.022412109375000000e+03,1.028452648906576363e-22
9.033178710937500000e+03,1.020981158210418641e-22
9.043945312500000000e+03,1.013577029613419603e-22
9.054711914062500000e+03,1.006225372969568312e-22
9.065478515625000000e+03,9.989444862240781521e-23
9.076245117187500000e+03,9.917171317554887005e-23
9.087011718750000000e+03,9.845525559528474712e-23
9.097778320312500000e+03,9.774492654656793333e-23
9.108544921875000000e+03,9.704002941116544493e-23
9.119311523437500000e+03,9.634131973084530933e-23
9.130078125000000000e+03,9.564835640462218257e-23
9.140844726562500000e+03,9.496108013162679366e-23
9.151611328125000000e+03,9.427921929422702041e-23
9.162377929687500000e+03,9.360340597034102887e-23
9.173144531250000000e+03,9.293288380659395316e-23
9.183911132812500000e+03,9.226769858292636722e-23
9.194677734375000000e+03,9.160883457270079240e-23
9.205444335937500000e+03,9.095413431928744522e-23
9.216210937500000000e+03,9.030566652972788553e-23
9.226977539062500000e+03,8.966231470493851470e-23
9.237744140625000000e+03,8.902397776266205551e-23
9.248510742187500000e+03,8.839115749705663922e-23
9.259277343750000000e+03,8.776328854535237332e-23
9.270043945312500000e+03,8.714081794848812416e-23
9.280810546875000000e+03,8.652303060053793427e-23
9.291577148437500000e+03,8.591049979359611107e-23
9.302343750000000000e+03,8.530284050317898970e-23
9.313110351562500000e+03,8.470019672302139505e-23
9.323876953125000000e+03,8.410241467492746731e-23
9.334643554687500000e+03,8.350945886803048520e-23
9.345410156250000000e+03,8.292121042744945496e-23
9.356176757812500000e+03,8.233795247093883368e-23
9.366943359375000000e+03,8.175896106731248019e-23
9.377709960937500000e+03,8.118511385781495944e-23
9.388476562500000000e+03,8.061562006395567006e-23
9.399243164062500000e+03,8.005068891897453642e-23
9.410009765625000000e+03,7.949048873175293323e-23
9.420776367187500000e+03,7.893456644482562950e-23
9.431542968750000000e+03,7.838316331550320188e-23
9.442309570312500000e+03,7.783611849934493704e-23
9.453076171875000000e+03,7.729372028039675735e-23
9.463842773437500000e+03,7.675526988624317867e-23
9.474609375000000000e+03,7.622133453498370612e-23
9.485375976562500000e+03,7.569158188469884708e-23
9.496142578125000000e+03,7.516621076731082019e-23
9.506909179687500000e+03,7.464461578447498579e-23
9.517675781250000000e+03,7.412768580663240990e-23
9.528442382812500000e+03,7.361446137265547006e-23
9.539208984375000000e+03,7.310533612801909363e-23
9.549975585937500000e+03,7.260042681628745488e-23
9.560742187500000000e+03,7.209953595359537421e-23
9.571508789062500000e+03,7.160222741464224656e-23
9.582275390625000000e+03,7.110923626269039524e-23
9.593041992187500000e+03,7.061995789434991905e-23
9.603808593750000000e+03,7.013455751545545668e-23
9.614575195312500000e+03,6.965295641781313270e-23
9.625341796875000000e+03,6.917511325166614567e-23
9.636108398437500000e+03,6.870112710825622261e-23
9.646875000000000000e+03,6.823069320426737082e-23
9.657641601562500000e+03,6.776416419326815998e-23
9.668408203125000000e+03,6.730096823037739701e-23
9.679174804687500000e+03,6.684167674940461922e-23
9.689941406250000000e+03,6.638581189986081263e-23
9.700708007812500000e+03,6.593363480443376156e-23
9.711474609375000000e+03,6.548476751288931271e-23
9.722241210937500000e+03,6.503962539325720842e-23
9.733007812500000000e+03,6.459770024603954115e-23
9.743774414062500000e+03,6.415944299853062955e-23
9.754541015625000000e+03,6.372441254414787226e-23
9.765307617187500000e+03,6.329285295414348110e-23
9.776074218750000000e+03,6.286448036332718472e-23
9.786840820312500000e+03,6.243965589207757902e-23
9.797607421875000000e+03,6.201788334146937784e-23
9.808374023437500000e+03,6.159950309680068543e-23
9.819140625000000000e+03,6.118424452793874090e-23
9.829907226562500000e+03,6.077232744018842912e-23
9.840673828125000000e+03,6.036338598512303768e-23
9.851440429687500000e+03,5.995774343690021212e-23
9.862207031250000000e+03,5.955508701933664605e-23
9.872973632812500000e+03,5.915566151329113534e-23
9.883740234375000000e+03,5.875907906872189788e-23
9.894506835937500000e+03,5.836574355212097536e-23
9.905273437500000000e+03,5.797531837378666686e-23
9.916040039062500000e+03,5.758780511384539757e-23
9.926806640625000000e+03,5.720345128906342877e-23
9.937573242187500000e+03,5.682174167414725373e-23
9.948339843750000000e+03,5.644321120762154274e-23
9.959106445312500000e+03,5.606725412410982571e-23
9.969873046875000000e+03,5.569446604502195103e-23
9.980639648437500000e+03,5.532435240282856123e-23
9.991406250000000000e+03,5.495694905034612280e-23
1.000217285156250000e+04,5.459246544574367617e-23
1.001293945312500000e+04,5.423072739966555080e-23
1.002370605468750000e+04,5.387163046605956482e-23
1.003447265625000000e+04,5.351536713320561554e-23
1.004523925781250000e+04,5.316160208750215360e-23
1.005600585937500000e+04,5.281073972218904375e-23
1.006677246093750000e+04,5.246227297579311805e-23
1.007753906250000000e+04,5.211663488261863781e-23
1.008830566406250000e+04,5.177340458807155564e-23
1.009907226562500000e+04,5.143290589415019723e-23
1.010983886718750000e+04,5.109484475299442987e-23
1.012060546875000000e+04,5.075929714215142986e-23
1.013137207031250000e+04,5.042642576144460845e-23
1.014213867187500000e+04,5.009583019959729300e-23
1.015290527343750000e+04,4.976780279193738816e-23
1.016367187500000000e+04,4.944224559288159620e-23
1.017443847656250000e+04,4.911905565402533483e-23
1.018520507812500000e+04,4.879825305540111300e-23
1.019597167968750000e+04,4.847990679227109620e-23
1.020673828125000000e+04,4.816383370719718985e-23
1.021750488281250000e+04,4.785017797808043517e-23
1.022827148437500000e+04,4.753878786671188758e-23
1.023903808593750000e+04,4.722972756860507213e-23
1.024980468750000000e+04,4.692296426988777721e-23
1.026057128906250000e+04,4.661841548330486827e-23
1.027133789062500000e+04,4.631618511081370479e-23
1.028210449218750000e+04,4.601607861344924135e-23
1.029287109375000000e+04,4.571831177798404693e-23
1.030363769531250000e+04,4.542259223607922633e-23
1.031440429687500000e+04,4.512918070991889030e-23
1.032517089843750000e+04,4.483777569779249079e-23
1.033593750000000000e+04,4.454866491185378965e-23
1.034670410156250000e+04,4.426152117839942577e-23
1.035747070312500000e+04,4.397656799927305971e-23
1.036823730468750000e+04,4.369366454381640720e-23
1.037900390625000000e+04,4.341286728219654118e-23
1.038977050781250000e+04,4.313403702783001755e-23
1.040053710937500000e+04,4.285730940668659664e-23
1.041130371093750000e+04,4.258256770662891043e-23
1.042207031250000000e+04,4.230982001904704448e-23
1.043283691406250000e+04,4.203907249049056857e-23
1.044360351562500000e+04,4.177024465386207251e-23
1.045437011718750000e+04,4.150343491965035419e-23
1.046513671875000000e+04,4.123846310937553887e-23
1.047590332031250000e+04,4.097550269373995569e-23
1.048666992187500000e+04,4.071440393661616717e-23
1.049743652343750000e+04,4.045512428885496229e-23
1.050820312500000000e+04,4.019786711808322157e-23
1.051896972656250000e+04,3.994234709277956602e-23
1.052973632812500000e+04,3.968862434818615689e-23
1.054050292968750000e+04,3.943685763132743978e-23
1.055126953125000000e+04,3.918682430776706846e-23
1.056203613281250000e+04,3.893857624458811193e-23
1.057280273437500000e+04,3.869215567350275684e-23
1.058356933593750000e+04,3.844742147101522371e-23
1.059433593750000000e+04,3.820454712802653744e-23
1.060510253906250000e+04,3.796329586486271416e-23
1.061586914062500000e+04,3.772387824575466697e-23
1.062663574218750000e+04,3.748605712906099914e-23
1.063740234375000000e+04,3.724999956773414063e-23
1.064816894531250000e+04,3.701564411382004316e-23
1.065893554687500000e+04,3.678283539338839583e-23
1.066970214843750000e+04,3.655186511030963476e-23
1.068046875000000000e+04,3.632235748357406775e-23
1.069123535156250000e+04,3.609457454477214955e-23
1.070200195312500000e+04,3.586840469566274408e-23
1.071276855468750000e+04,3.564379859860854760e-23
1.072353515625000000e+04,3.542078898616378204e-23
1.073430175781250000e+04,3.519938776170276164e-23
1.074506835937500000e+04,3.497951673164782688e-23
1.075583496093750000e+04,3.476118264932481944e-23
1.076660156250000000e+04,3.454444201420113745e-23
1.077736816406250000e+04,3.432917270985140744e-23
1.078813476562500000e+04,3.411542092447749900e-23
1.079890136718750000e+04,3.390323089247298414e-23
1.080966796875000000e+04,3.369243880342724894e-23
1.082043457031250000e+04,3.348320520276523659e-23
1.083120117187500000e+04,3.327536260713571825e-23
1.084196777343750000e+04,3.306906810861519409e-23
1.085273437500000000e+04,3.286412400969955091e-23
1.086350097656250000e+04,3.266066041712806117e-23
1.087426757812500000e+04,3.245860231910707549e-23
1.088503417968750000e+04,3.225796568207973096e-23
1.089580078125000000e+04,3.205871457246417718e-23
1.090656738281250000e+04,3.186084100984613477e-23
1.091733398437500000e+04,3.166435038339073912e-23
1.092810058593750000e+04,3.146924763748000810e-23
1.093886718750000000e+04,3.127544685887848219e-23
1.094963378906250000e+04,3.108305922176418393e-23
1.096040039062500000e+04,3.089191551877920935e-23
1.097116699218750000e+04,3.070219986515981034e-23
1.098193359375000000e+04,3.051368550442319822e-23
1.099270019531250000e+04,3.032656239822007181e-23
1.100346679687500000e+04,3.014069663317650482e-23
1.101423339843750000e+04,2.995608173883798055e-23
1.102500000000000000e+04,2.977276942206642432e-23
1.103576660156250000e+04,2.959073749877687660e-23
1.104653320312500000e+04,2.940991664029432121e-23
1.105729980468750000e+04,2.923035812771189824e-23
1.106806640625000000e+04,2.905202353270604709e-23
1.107883300781250000e+04,2.887491741670962733e-23
1.108959960937500000e+04,2.869903017950003099e-23
1.110036621093750000e+04,2.852432733126804995e-23
1.111113281250000000e+04,2.835082243478946290e-23
1.112189941406250000e+04,2.817853000408249740e-23
1.113266601562500000e+04,2.800737102365885972e-23
1.114343261718750000e+04,2.783741212872380947e-23
1.115419921875000000e+04,2.766859120725919170e-23
1.116496582031250000e+04,2.750091815293781251e-23
1.117573242187500000e+04,2.733440938426233060e-23
1.118649902343750000e+04,2.716899869411084349e-23
1.119726562500000000e+04,2.700473421106891437e-23
1.120803222656250000e+04,2.684156068334660735e-23
1.121879882812500000e+04,2.667952138635104755e-23
1.122956542968750000e+04,2.651855965335219992e-23
1.124033203125000000e+04,2.635867183519345008e-23
1.125109863281250000e+04,2.619990728981814661e-23
1.126186523437500000e+04,2.604215793859387672e-23
1.127263183593750000e+04,2.588551498693296261e-23
1.128339843750000000e+04,2.572993614847110572e-23
1.129416503906250000e+04,2.557535309975372222e-23
1.130493164062500000e+04,2.542183304665489229e-23
1.131569824218750000e+04,2.526936236764140828e-23
1.132646484375000000e+04,2.511790419007189432e-23
1.133723144531250000e+04,2.496744846201636960e-23
1.134799804687500000e+04,2.481801888038735403e-23
1.135876464843750000e+04,2.466957640523128434e-23
1.136953125000000000e+04,2.452212480415292828e-23
1.138029785156250000e+04,2.437567358398147973e-23
1.139106445312500000e+04,2.423018851654685926e-23
1.140183105468750000e+04,2.408567272952571855e-23
1.141259765625000000e+04,2.394211772589030338e-23
1.142336425781250000e+04,2.379953583389685564e-23
1.143413085937500000e+04,2.365787988871362922e-23
1.144489746093750000e+04,2.351718168794641222e-23
1.145566406250000000e+04,2.337740369149942012e-23
1.146643066406250000e+04,2.323855747191446467e-23
1.147719726562500000e+04,2.310064333298074877e-23
1.148796386718750000e+04,2.296362802858735468e-23
1.149873046875000000e+04,2.282751509048437240e-23
1.150949707031250000e+04,2.269231880535347749e-23
1.152026367187500000e+04,2.255800724099213967e-23
1.153103027343750000e+04,2.242458168266122318e-23
1.154179687500000000e+04,2.229201597482130491e-23
1.155256347656250000e+04,2.216036899255583473e-23
1.156333007812500000e+04,2.202954889355380552e-23
1.157409667968750000e+04,2.189959640913749357e-23
1.158486328125000000e+04,2.177051521042581200e-23
1.159562988281250000e+04,2.164224999660363106e-23
1.160639648437500000e+04,2.151486282045262167e-23
1.161716308593750000e+04,2.138828629495716062e-23
1.162792968750000000e+04,2.126252888695502463e-23
1.163869628906250000e+04,2.113761868230562065e-23
1.164946289062500000e+04,2.101351914913751059e-23
1.166022949218750000e+04,2.089021646566429524e-23
1.167099609375000000e+04,2.076772867015516128e-23
1.168176269531250000e+04,2.064604124126871594e-23
1.169252929687500000e+04,2.052513601494058842e-23
1.170329589843750000e+04,2.040501547027623643e-23
1.171406250000000000e+04,2.028569510504270774e-23
1.172482910156250000e+04,2.016713190561324453e-23
1.173559570312500000e+04,2.004934238929268943e-23
1.174636230468750000e+04,1.993232051041286805e-23
1.175712890625000000e+04,1.981605413524544070e-23
1.176789550781250000e+04,1.970053160254164830e-23
1.177866210937500000e+04,1.958577884150274460e-23
1.178942871093750000e+04,1.947173639174031136e-23
1.180019531250000000e+04,1.935844860922126973e-23
1.181096191406250000e+04,1.924589976250139170e-23
1.182172851562500000e+04,1.913405467407093346e-23
1.183249511718750000e+04,1.902294583286357981e-23
1.184326171875000000e+04,1.891254485514194115e-23
1.185402832031250000e+04,1.880285683855211855e-23
1.186479492187500000e+04,1.869386333213743796e-23
1.187556152343750000e+04,1.858558104839933300e-23
1.188632812500000000e+04,1.847799420153413830e-23
1.189709472656250000e+04,1.837108482303507426e-23
1.190786132812500000e+04,1.826486521490224414e-23
1.191862792968750000e+04,1.815933218190860505e-23
1.192939453125000000e+04,1.805445684840621230e-23
1.194016113281250000e+04,1.795026895013265511e-23
1.195092773437500000e+04,1.784673567875144804e-23
1.196169433593750000e+04,1.774385660115106278e-23
1.197246093750000000e+04,1.764165284438230730e-23
1.198322753906250000e+04,1.754007092250597857e-23
1.199399414062500000e+04,1.743915998910725452e-23
1.200476074218750000e+04,1.733888328048523230e-23
1.201552734375000000e+04,1.723923373760842656e-23
1.202629394531250000e+04,1.714021364173474974e-23
1.203706054687500000e+04,1.704184366212920561e-23
1.204782714843750000e+04,1.694407758768970186e-23
1.205859375000000000e+04,1.684692743263754236e-23
1.206936035156250000e+04,1.675040120809813650e-23
1.208012695312500000e+04,1.665448595246421702e-23
1.209089355468750000e+04,1.655916613059093103e-23
1.210166015625000000e+04,1.646444663712369924e-23
1.211242675781250000e+04,1.637034246772393125e-23
1.212319335937500000e+04,1.627680121792737475e-23
1.213395996093750000e+04,1.618387392078282722e-23
1.214472656250000000e+04,1.609152462787437253e-23
1.215549316406250000e+04,1.599973899570103481e-23
1.216625976562500000e+04,1.590854796068122521e-23
1.217702636718750000e+04,1.581791522911917644e-23
1.218779296875000000e+04,1.572785779777595295e-23
1.219855957031250000e+04,1.563836803464920475e-23
1.220932617187500000e+04,1.554942798869885218e-23
1.222009277343750000e+04,1.546104396363565289e-23
1.223085937500000000e+04,1.537321741040657329e-23
1.224162597656250000e+04,1.528593871460420340e-23
1.225239257812500000e+04,1.519919248049192779e-23
1.226315917968750000e+04,1.511299969795466063e-23
1.227392578125000000e+04,1.502734646876036366e-23
1.228469238281250000e+04,1.494220005065638413e-23
1.229545898437500000e+04,1.485761593764105604e-23
1.230622558593750000e+04,1.477353201198412124e-23
1.231699218750000000e+04,1.468997791194485909e-23
1.232775878906250000e+04,1.460694616171297412e-23
1.233852539062500000e+04,1.452441504153331451e-23
1.234929199218750000e+04,1.444241280130709314e-23
1.236005859375000000e+04,1.436090175698601791e-23
1.237082519531250000e+04,1.427990226388461385e-23
1.238159179687500000e+04,1.419939982787652458e-23
1.239235839843750000e+04,1.411938884977955257e-23
1.240312500000000000e+04,1.403988704735717041e-23
1.241389160156250000e+04,1.396085422418734846e-23
1.242465820312500000e+04,1.388231960913951653e-23
1.243542480468750000e+04,1.380426568047538430e-23
1.244619140625000000e+04,1.372668813338588319e-23
1.245695800781250000e+04,1.364958940458055680e-23
1.246772460937500000e+04,1.357296553544891884e-23
1.247849121093750000e+04,1.349680287743486566e-23
1.248925781250000000e+04,1.342111316583130453e-23
1.250002441406250000e+04,1.334589095730228550e-23
1.251079101562500000e+04,1.327111156236366333e-23
1.252155761718750000e+04,1.319680679045660577e-23
1.253232421875000000e+04,1.312294624359563214e-23
1.254309082031250000e+04,1.304953722097413723e-23
1.255385742187500000e+04,1.297657608411632903e-23
1.256462402343750000e+04,1.290406084250373713e-23
1.257539062500000000e+04,1.283198006561871912e-23
1.258615722656250000e+04,1.276034801183245478e-23
1.259692382812500000e+04,1.268913995615834658e-23
1.260769042968750000e+04,1.261837032424369420e-23
1.261845703125000000e+04,1.254803070879181667e-23
1.262922363281250000e+04,1.247811097786736662e-23
1.263999023437500000e+04,1.240862347583122883e-23
1.265075683593750000e+04,1.233954696460021698e-23
1.266152343750000000e+04,1.227089227988507732e-23
1.267229003906250000e+04,1.220265173799084892e-23
1.268305664062500000e+04,1.213482925097940866e-23
1.269382324218750000e+04,1.206740331020016811e-23
1.270458984375000000e+04,1.200039209305861987e-23
1.271535644531250000e+04,1.193378373875179750e-23
1.272612304687500000e+04,1.186757101417674222e-23
1.273688964843750000e+04,1.180176372720900074e-23
1.274765625000000000e+04,1.173634517176374432e-23
1.275842285156250000e+04,1.167132503882921853e-23
1.276918945312500000e+04,1.160668866282195175e-23
1.277995605468750000e+04,1.154244274709737974e-23
1.279072265625000000e+04,1.147858512362458110e-23
1.280148925781250000e+04,1.141510280810012870e-23
1.281225585937500000e+04,1.135200182655623383e-23
1.282302246093750000e+04,1.128928277931090547e-23
1.283378906250000000e+04,1.122693080730303578e-23
1.284455566406250000e+04,1.116495706739378200e-23
1.285532226562500000e+04,1.110334950440292980e-23
1.286608886718750000e+04,1.104210890275290872e-23
1.287685546875000000e+04,1.098123301128742635e-23
1.288762207031250000e+04,1.092071981041091938e-23
1.289838867187500000e+04,1.086056318106771989e-23
1.290915527343750000e+04,1.080077022427590258e-23
1.291992187500000000e+04,1.074132542475089575e-23
1.293068847656250000e+04,1.068223601143956570e-23
1.294145507812500000e+04,1.062349656656695779e-23
1.295222167968750000e+04,1.056510418729801057e-23
1.296298828125000000e+04,1.050705710083194402e-23
1.297375488281250000e+04,1.044935395756583085e-23
1.298452148437500000e+04,1.039199087436178633e-23
1.299528808593750000e+04,1.033496570043904088e-23
1.300605468750000000e+04,1.027827899208160566e-23
1.301682128906250000e+04,1.022192480895119106e-23
1.302758789062500000e+04,1.016590237814828167e-23
1.303835449218750000e+04,1.011021057156185757e-23
1.304912109375000000e+04,1.005484371016630254e-23
1.305988769531250000e+04,9.999805506936611230e-24
1.307065429687500000e+04,9.945087175128173400e-24
1.308142089843750000e+04,9.890692891127540786e-24
1.309218750000000000e+04,9.836614305350493936e-24
1.310295410156250000e+04,9.782856411884788199e-24
1.311372070312500000e+04,9.729408527870500818e-24
1.312448730468750000e+04,9.676275551439864097e-24
1.313525390625000000e+04,9.623455604952839613e-24
1.314602050781250000e+04,9.570941202183183702e-24
1.315678710937500000e+04,9.518731819865356301e-24
1.316755371093750000e+04,9.466829231511230687e-24
1.317832031250000000e+04,9.415230187603620570e-24
1.318908691406250000e+04,9.363929753551542899e-24
1.319985351562500000e+04,9.312927023051955026e-24
1.321062011718750000e+04,9.262223649185564862e-24
1.322138671875000000e+04,9.211810272501070778e-24
1.323215332031250000e+04,9.161694539534126514e-24
1.324291992187500000e+04,9.111868077626878007e-24
1.325368652343750000e+04,9.062328791941204638e-24
1.326445312500000000e+04,9.013077048100555032e-24
1.327521972656250000e+04,8.964112070712021273e-24
1.328598632812500000e+04,8.915428817130474472e-24
1.329675292968750000e+04,8.867027418914606328e-24
1.330751953125000000e+04,8.818904677273373540e-24
1.331828613281250000e+04,8.771061565661448465e-24
1.332905273437500000e+04,8.723493355704658915e-24
1.333981933593750000e+04,8.676198902073841859e-24
1.335058593750000000e+04,8.629177017060597483e-24
1.336135253906250000e+04,8.582426230745008909e-24
1.337211914062500000e+04,8.535943922144684160e-24
1.338288574218750000e+04,8.489729637238138378e-24
1.339365234375000000e+04,8.443779756144172177e-24
1.340441894531250000e+04,8.398093223285328664e-24
1.341518554687500000e+04,8.352669518299291971e-24
1.342595214843750000e+04,8.307506003181624423e-24
1.343671875000000000e+04,8.262601167760827419e-24
1.344748535156250000e+04,8.217952917367362397e-24
1.345825195312500000e+04,8.173559677294066745e-24
1.346901855468750000e+04,8.129421180026723305e-24
1.347978515625000000e+04,8.085534621528785507e-24
1.349055175781250000e+04,8.041897550052949928e-24
1.350131835937500000e+04,7.998508483484680153e-24
1.351208496093750000e+04,7.955369708575918519e-24
1.352285156250000000e+04,7.912474188155563074e-24
1.353361816406250000e+04,7.869822774320076011e-24
1.354438476562500000e+04,7.827414747548413042e-24
1.355515136718750000e+04,7.785248189928798703e-24
1.356591796875000000e+04,7.743318729092463309e-24
1.357668457031250000e+04,7.701629906679719888e-24
1.358745117187500000e+04,7.660174822552266399e-24
1.359821777343750000e+04,7.618956850863011175e-24
1.360898437500000000e+04,7.577971344517663645e-24
1.361975097656250000e+04,7.537218236597117167e-24
1.363051757812500000e+04,7.496693672552876126e-24
1.364128417968750000e+04,7.456400298676000642e-24
1.365205078125000000e+04,7.416334135861699740e-24
1.366281738281250000e+04,7.376492906514538449e-24
1.367358398437500000e+04,7.336877250533335125e-24
1.368435058593750000e+04,7.297484048229045620e-24
1.369511718750000000e+04,7.258313955220412446e-24
1.370588378906250000e+04,7.219362229238441176e-24
1.371665039062500000e+04,7.180631677268389795e-24
1.372741699218750000e+04,7.142117917283835682e-24
1.373818359375000000e+04,7.103817836124127623e-24
1.374895019531250000e+04,7.065739045660003845e-24
1.375971679687500000e+04,7.027866161032322598e-24
1.377048339843750000e+04,6.990212160613964209e-24
1.378125000000000000e+04,6.952763819901514882e-24
1.379201660156250000e+04,6.915528526093711201e-24
1.380278320312500000e+04,6.878499228763607131e-24
1.381354980468750000e+04,6.841678712402978058e-24
1.382431640625000000e+04,6.805061131170768508e-24
1.383508300781250000e+04,6.768651117316970637e-24
1.384584960937500000e+04,6.732443278988647420e-24
1.385661621093750000e+04,6.696435038951007248e-24
1.386738281250000000e+04,6.660629575685140066e-24
1.387814941406250000e+04,6.625023277307699931e-24
1.388891601562500000e+04,6.589613969782310982e-24
1.389968261718750000e+04,6.554401980996854273e-24
1.391044921875000000e+04,6.519386098009912991e-24
1.392121582031250000e+04,6.484563409697549203e-24
1.393198242187500000e+04,6.449935319865112338e-24
1.394274902343750000e+04,6.415497381292600391e-24
1.395351562500000000e+04,6.381251892690054021e-24
1.396428222656250000e+04,6.347195280629426536e-24
1.397504882812500000e+04,6.313326646540098433e-24
1.398581542968750000e+04,6.279646451308704595e-24
1.399658203125000000e+04,6.246151184189681536e-24
1.400734863281250000e+04,6.212841159490086856e-24
1.401811523437500000e+04,6.179715174811661714e-24
1.402888183593750000e+04,6.146771511719663836e-24
1.403964843750000000e+04,6.114010135403944647e-24
1.405041503906250000e+04,6.081427999193101863e-24
1.406118164062500000e+04,6.049025858446392930e-24
1.407194824218750000e+04,6.016802088692995274e-24
1.408271484375000000e+04,5.984754732549930820e-24
1.409348144531250000e+04,5.952884460711762923e-24
1.410424804687500000e+04,5.921188068124548830e-24
1.411501464843750000e+04,5.889665913038524523e-24
1.412578125000000000e+04,5.858315738531710178e-24
1.413654785156250000e+04,5.827139221678864807e-24
1.414731445312500000e+04,5.796131823502468137e-24
1.415808105468750000e+04,5.765294516872855751e-24
1.416884765625000000e+04,5.734625584134900414e-24
1.417961425781250000e+04,5.704124178759971045e-24
1.419038085937500000e+04,5.673790484871431330e-24
1.420114746093750000e+04,5.643620495727083349e-24
1.421191406250000000e+04,5.613616588521581852e-24
1.422268066406250000e+04,5.583774226504666403e-24
1.423344726562500000e+04,5.554097093873519606e-24
1.424421386718750000e+04,5.524579527831240801e-24
1.425498046875000000e+04,5.495222535833672767e-24
1.426574707031250000e+04,5.466026267403181181e-24
1.427651367187500000e+04,5.436987847762039969e-24
1.428728027343750000e+04,5.408106960065397676e-24
1.429804687500000000e+04,5.379383400011718995e-24
1.430881347656250000e+04,5.350814591041933487e-24
1.431958007812500000e+04,5.322402288452901390e-24
1.433034667968750000e+04,5.294141691217333858e-24
1.434111328125000000e+04,5.266035000466152037e-24
1.435187988281250000e+04,5.238080820126982125e-24
1.436264648437500000e+04,5.210277488942077754e-24
1.437341308593750000e+04,5.182623692005415292e-24
1.438417968750000000e+04,5.155119943185091497e-24
1.439494628906250000e+04,5.127764422866783263e-24
1.440571289062500000e+04,5.100555529100447063e-24
1.441647949218750000e+04,5.073494431238149538e-24
1.442724609375000000e+04,5.046578923214768087e-24
1.443801269531250000e+04,5.019807063498828488e-24
1.444877929687500000e+04,4.993180672937374937e-24
1.445954589843750000e+04,4.966696725563241350e-24
1.447031250000000000e+04,4.940354678268319680e-24
1.448107910156250000e+04,4.914154646081403087e-24
1.449184570312500000e+04,4.888095245127508534e-24
1.450261230468750000e+04,4.862174800394529437e-24
1.451337890625000000e+04,4.836393793292242423e-24
1.452414550781250000e+04,4.810751044277619356e-24
1.453491210937500000e+04,4.785245089595820372e-24
1.454567871093750000e+04,4.759875800510874971e-24
1.455644531250000000e+04,4.734641984840082296e-24
1.456721191406250000e+04,4.709543361769228802e-24
1.457797851562500000e+04,4.684577535071000014e-24
1.458874511718750000e+04,4.659746863243077614e-24
1.459951171875000000e+04,4.635046910139793346e-24
1.461027832031250000e+04,4.610479287144413147e-24
1.462104492187500000e+04,4.586043030902640361e-24
1.463181152343750000e+04,4.561735235630550751e-24
1.464257812500000000e+04,4.537558853320622179e-24
1.465334472656250000e+04,4.513509319858870272e-24
1.466411132812500000e+04,4.489588092286229110e-24
1.467487792968750000e+04,4.465794163428927537e-24
1.468564453125000000e+04,4.442126225772221177e-24
1.469641113281250000e+04,4.418583885930651327e-24
1.470717773437500000e+04,4.395166685365768986e-24
1.471794433593750000e+04,4.371872979278547205e-24
1.472871093750000000e+04,4.348702653055137922e-24
1.473947753906250000e+04,4.325655562089688665e-24
1.475024414062500000e+04,4.302729784453382147e-24
1.476101074218750000e+04,4.279925229696508826e-24
1.477177734375000000e+04,4.257241206038427437e-24
1.478254394531250000e+04,4.234677007165295082e-24
1.479331054687500000e+04,4.212231883860816611e-24
1.480407714843750000e+04,4.189904696069728477e-24
1.481484375000000000e+04,4.167696138330163492e-24
1.482561035156250000e+04,4.145603458979783191e-24
1.483637695312500000e+04,4.123627646342614009e-24
1.484714355468750000e+04,4.101767480910926952e-24
1.485791015625000000e+04,4.080021714597244429e-24
1.486867675781250000e+04,4.058391150090555207e-24
1.487944335937500000e+04,4.036873518574253432e-24
1.489020996093750000e+04,4.015468942206656111e-24
1.490097656250000000e+04,3.994176368834827022e-24
1.491174316406250000e+04,3.972996129095859612e-24
1.492250976562500000e+04,3.951926345491766604e-24
1.493327636718750000e+04,3.930966800605471941e-24
1.494404296875000000e+04,3.910117777139312274e-24
1.495480957031250000e+04,3.889376911614341347e-24
1.496557617187500000e+04,3.868744610116567966e-24
1.497634277343750000e+04,3.848220935741153934e-24
1.498710937500000000e+04,3.827803225407667111e-24
1.499787597656250000e+04,3.807492846375770287e-24
1.500864257812500000e+04,3.787288684139026700e-24
1.501940917968750000e+04,3.767188928474698911e-24
1.503017578125000000e+04,3.747194665344207265e-24
1.504094238281250000e+04,3.727304295851161911e-24
1.505170898437500000e+04,3.707517419696340816e-24
1.506247558593750000e+04,3.687833636041931005e-24
1.507324218750000000e+04,3.668252165551284362e-24
1.508400878906250000e+04,3.648771997942400056e-24
1.509477539062500000e+04,3.629393539455718932e-24
1.510554199218750000e+04,3.610115836358798324e-24
1.511630859375000000e+04,3.590937448409453677e-24
1.512707519531250000e+04,3.571859124259611344e-24
1.513784179687500000e+04,3.552879557289878223e-24
1.514860839843750000e+04,3.533997891194600317e-24
1.515937500000000000e+04,3.515214390999013331e-24
1.517014160156250000e+04,3.496527921284256907e-24
1.518090820312500000e+04,3.477938242114957697e-24
1.519167480468750000e+04,3.459444293030103530e-24
1.520244140625000000e+04,3.441046375604742733e-24
1.521320800781250000e+04,3.422743060252978302e-24
1.522397460937500000e+04,3.404534472737790221e-24
1.523474121093750000e+04,3.386419878732779177e-24
1.524550781250000000e+04,3.368397980525247786e-24
1.525627441406250000e+04,3.350469847405108988e-24
1.526704101562500000e+04,3.332633425131037187e-24
1.527780761718750000e+04,3.314889168855610232e-24
1.528857421875000000e+04,3.297235801898745326e-24
1.529934082031250000e+04,3.279673658073083578e-24
1.531010742187500000e+04,3.262201281262255416e-24
1.532087402343750000e+04,3.244819146495648091e-24
1.533164062500000000e+04,3.227526040007543700e-24
1.534240722656250000e+04,3.210321337153422977e-24
1.535317382812500000e+04,3.193205682925508076e-24
1.536394042968750000e+04,3.176176870351014394e-24
1.537470703125000000e+04,3.159235918546695283e-24
1.538547363281250000e+04,3.142381333950294717e-24
1.539624023437500000e+04,3.125613509898131694e-24
1.540700683593750000e+04,3.108930743460932011e-24
1.541777343750000000e+04,3.092334117756176040e-24
1.542854003906250000e+04,3.075821773083105994e-24
1.543930664062500000e+04,3.059393430479124622e-24
1.545007324218750000e+04,3.043049848456589867e-24
1.546083984375000000e+04,3.026789241261162992e-24
1.547160644531250000e+04,3.010611268143454970e-24
1.548237304687500000e+04,2.994516295028410727e-24
1.549313964843750000e+04,2.978502973813941105e-24
1.550390625000000000e+04,2.962571603552594126e-24
1.551467285156250000e+04,2.946720882114377692e-24
1.552543945312500000e+04,2.930950943440234842e-24
1.553620605468750000e+04,2.915261456130529679e-24
1.554697265625000000e+04,2.899651361403091427e-24
1.555773925781250000e+04,2.884120810766958644e-24
1.556850585937500000e+04,2.868669305823857244e-24
1.557927246093750000e+04,2.853295628708166170e-24
1.559003906250000000e+04,2.838000506985394076e-24
1.560080566406250000e+04,2.822782683763581662e-24
1.561157226562500000e+04,2.807642189641812620e-24
1.562233886718750000e+04,2.792578200766666594e-24
1.563310546875000000e+04,2.777590678891723434e-24
1.564387207031250000e+04,2.762678925373521899e-24
1.565463867187500000e+04,2.747842454476713369e-24
1.566540527343750000e+04,2.733081460333523526e-24
1.567617187500000000e+04,2.718394556090126690e-24
1.568693847656250000e+04,2.703782287198404280e-24
1.569770507812500000e+04,2.689243288527329368e-24
1.570847167968750000e+04,2.674778385622119494e-24
1.571923828125000000e+04,2.660385827592371077e-24
1.573000488281250000e+04,2.646066303032830431e-24
1.574077148437500000e+04,2.631818664468507422e-24
1.575153808593750000e+04,2.617642950998906002e-24
1.576230468750000000e+04,2.603538525758561437e-24
1.577307128906250000e+04,2.589505302582615581e-24
1.578383789062500000e+04,2.575542604214934183e-24
1.579460449218750000e+04,2.561650126747038056e-24
1.580537109375000000e+04,2.547827506455409523e-24
1.581613769531250000e+04,2.534074218779992063e-24
1.582690429687500000e+04,2.520390131094639680e-24
1.583767089843750000e+04,2.506774763045610117e-24
1.584843750000000000e+04,2.493227900447604382e-24
1.585920410156250000e+04,2.479748563918772954e-24
1.586997070312500000e+04,2.466337098226532630e-24
1.588073730468750000e+04,2.452992751812403641e-24
1.589150390625000000e+04,2.439715427751207574e-24
1.590227050781250000e+04,2.426504535164265658e-24
1.591303710937500000e+04,2.413359838338156344e-24
1.592380371093750000e+04,2.400280662690136549e-24
1.593457031250000000e+04,2.387266905047112284e-24
1.594533691406250000e+04,2.374318558008409156e-24
1.595610351562500000e+04,2.361434858874121204e-24
1.596687011718750000e+04,2.348615242183266007e-24
1.597763671875000000e+04,2.335859945865240577e-24
1.598840332031250000e+04,2.323168031193962760e-24
1.599916992187500000e+04,2.310539361071702379e-24
1.600993652343750000e+04,2.297974352858691862e-24
1.602070312500000000e+04,2.285471717656589316e-24
1.603146972656250000e+04,2.273030981941585801e-24
1.604223632812500000e+04,2.260652177723712715e-24
1.605300292968750000e+04,2.248335380047088143e-24
1.606376953125000000e+04,2.236080123622172378e-24
1.607453613281250000e+04,2.223885323383541031e-24
1.608530273437500000e+04,2.211751420075619039e-24
1.609606933593750000e+04,2.199677912348058989e-24
1.610683593750000000e+04,2.187664322244689960e-24
1.611760253906250000e+04,2.175710408546614121e-24
1.612836914062500000e+04,2.163815810244421885e-24
1.613913574218750000e+04,2.151980377774360625e-24
1.614990234375000000e+04,2.140203635858230976e-24
1.616066894531250000e+04,2.128485213636837702e-24
1.617143554687500000e+04,2.116825024271927126e-24
1.618220214843750000e+04,2.105222492663115277e-24
1.619296875000000000e+04,2.093677563009086187e-24
1.620373535156250000e+04,2.082189911473976725e-24
1.621450195312500000e+04,2.070758970176713964e-24
1.622526855468750000e+04,2.059384766265262061e-24
1.623603515625000000e+04,2.048066814811423021e-24
1.624680175781250000e+04,2.036804777957969874e-24
1.625756835937500000e+04,2.025598440102483110e-24
1.626833496093750000e+04,2.014447576111912363e-24
1.627910156250000000e+04,2.003351712385370793e-24
1.628986816406250000e+04,1.992310686150162445e-24
1.630063476562500000e+04,1.981324186131890165e-24
1.631140136718750000e+04,1.970391852193810435e-24
1.632216796875000000e+04,1.959513540723565913e-24
1.633293457031250000e+04,1.948688882212584534e-24
1.634370117187500000e+04,1.937917562668035603e-24
1.635446777343750000e+04,1.927199356111860234e-24
1.636523437500000000e+04,1.916534012122015490e-24
1.637600097656250000e+04,1.905921109362455744e-24
1.638676757812500000e+04,1.895360636265843814e-24
1.639753417968750000e+04,1.884852058530463172e-24
1.640830078125000000e+04,1.874395189462710799e-24
1.641906738281250000e+04,1.863989780166476849e-24
1.642983398437500000e+04,1.853635549221746846e-24
1.644060058593750000e+04,1.843332211985461333e-24
1.645136718750000000e+04,1.833079577888492862e-24
1.646213378906250000e+04,1.822877308566081183e-24
1.647290039062500000e+04,1.812725104335824892e-24
1.648366699218750000e+04,1.802622766639947952e-24
1.649443359375000000e+04,1.792570058799164043e-24
1.650520019531250000e+04,1.782566738993729479e-24
1.651596679687500000e+04,1.772612397064335940e-24
1.652673339843750000e+04,1.762706857715968023e-24
1.653750000000000000e+04,1.752850015500821236e-24
1.654826660156250000e+04,1.743041502354318405e-24
1.655903320312500000e+04,1.733280983342145180e-24
1.656979980468750000e+04,1.723568340368308627e-24
1.658056640625000000e+04,1.713903184155515085e-24
1.659133300781250000e+04,1.704285455440106383e-24
1.660209960937500000e+04,1.694714772771751141e-24
1.661286621093750000e+04,1.685190902705477337e-24
1.662363281250000000e+04,1.675713730486737952e-24
1.663439941406250000e+04,1.666282866399631526e-24
1.664516601562500000e+04,1.656898065834575795e-24
1.665593261718750000e+04,1.647559248198359859e-24
1.666669921875000000e+04,1.638266082971487460e-24
1.667746582031250000e+04,1.629018272065238985e-24
1.668823242187500000e+04,1.619815622102921585e-24
1.669899902343750000e+04,1.610658010727152326e-24
1.670976562500000000e+04,1.601544983089515280e-24
1.672053222656250000e+04,1.592476553563280927e-24
1.673129882812500000e+04,1.583452359602365509e-24
1.674206542968750000e+04,1.574472232623813325e-24
1.675283203125000000e+04,1.565535856587178400e-24
1.676359863281250000e+04,1.556643063636562433e-24
1.677436523437500000e+04,1.547793747036024465e-24
1.678513183593750000e+04,1.538987525471057081e-24
1.679589843750000000e+04,1.530224165355927585e-24
1.680666503906250000e+04,1.521503554431399163e-24
1.681743164062500000e+04,1.512825419028746433e-24
1.682819824218750000e+04,1.504189629485126740e-24
1.683896484375000000e+04,1.495595809402928459e-24
1.684973144531250000e+04,1.487043842372309240e-24
1.686049804687500000e+04,1.478533558932455307e-24
1.687126464843750000e+04,1.470064684947818124e-24
1.688203125000000000e+04,1.461636971642064478e-24
1.689279785156250000e+04,1.453250367898379325e-24
1.690356445312500000e+04,1.444904515605085691e-24
1.691433105468750000e+04,1.436599189370209093e-24
1.692509765625000000e+04,1.428334298453450989e-24
1.693586425781250000e+04,1.420109701857043125e-24
1.694663085937500000e+04,1.411924972695527837e-24
1.695739746093750000e+04,1.403780001641228897e-24
1.696816406250000000e+04,1.395674703595619676e-24
1.697893066406250000e+04,1.387608776318343530e-24
1.698969726562500000e+04,1.379581966156741807e-24
1.700046386718750000e+04,1.371594150943509559e-24
1.701123046875000000e+04,1.363645235188816587e-24
1.702199707031250000e+04,1.355734824567204149e-24
1.703276367187500000e+04,1.347862890837802135e-24
1.704353027343750000e+04,1.340029077826078835e-24
1.705429687500000000e+04,1.332233403663445945e-24
1.706506347656250000e+04,1.324475512232689959e-24
1.707583007812500000e+04,1.316755237673256016e-24
1.708659667968750000e+04,1.309072478062306470e-24
1.709736328125000000e+04,1.301426955132799321e-24
1.710812988281250000e+04,1.293818563095991346e-24
1.711889648437500000e+04,1.286247022432564008e-24
1.712966308593750000e+04,1.278712185475368424e-24
1.714042968750000000e+04,1.271213978223850173e-24
1.715119628906250000e+04,1.263752067590761117e-24
1.716196289062500000e+04,1.256326381318641855e-24
1.717272949218750000e+04,1.248936687571334812e-24
1.718349609375000000e+04,1.241582775083065623e-24
1.719426269531250000e+04,1.234264527897577191e-24
1.720502929687500000e+04,1.226981741484076625e-24
1.721579589843750000e+04,1.219734320244902323e-24
1.722656250000000000e+04,1.212521947343503104e-24
1.723732910156250000e+04,1.205344540160004871e-24
1.724809570312500000e+04,1.198202023277336041e-24
1.725886230468750000e+04,1.191093965387641124e-24
1.726962890625000000e+04,1.184020365391300622e-24
1.728039550781250000e+04,1.176981051752456234e-24
1.729116210937500000e+04,1.169975925386719809e-24
1.730192871093750000e+04,1.163004598406672819e-24
1.731269531250000000e+04,1.156067130721354734e-24
1.732346191406250000e+04,1.149163224865716588e-24
1.733422851562500000e+04,1.142292767153626076e-24
1.734499511718750000e+04,1.135455658116329148e-24
1.735576171875000000e+04,1.128651632897347925e-24
1.736652832031250000e+04,1.121880541682417787e-24
1.737729492187500000e+04,1.115142238669178666e-24
1.738806152343750000e+04,1.108436583720034704e-24
1.739882812500000000e+04,1.101763387470235436e-24
1.740959472656250000e+04,1.095122551534241919e-24
1.742036132812500000e+04,1.088513912996889749e-24
1.743112792968750000e+04,1.081937205463117798e-24
1.744189453125000000e+04,1.075392413529499720e-24
1.745266113281250000e+04,1.068879263921681510e-24
1.746342773437500000e+04,1.062397710218505042e-24
1.747419433593750000e+04,1.055947587638265617e-24
1.748496093750000000e+04,1.049528654799421250e-24
1.749572753906250000e+04,1.043140831036831074e-24
1.750649414062500000e+04,1.036783931666443741e-24
1.751726074218750000e+04,1.030457864356869231e-24
1.752802734375000000e+04,1.024162447299670414e-24
1.753879394531250000e+04,1.017897561696873740e-24
1.754956054687500000e+04,1.011662990317779801e-24
1.756032714843750000e+04,1.005458672227591637e-24
1.757109375000000000e+04,9.992843862792625147e-25
1.758186035156250000e+04,9.931400078668030498e-25
1.759262695312500000e+04,9.870254817235938387e-25
1.760339355468750000e+04,9.809405483564157308e-25
1.761416015625000000e+04,9.748851550929627829e-25
1.762492675781250000e+04,9.688591090499153086e-25
1.763569335937500000e+04,9.628622973292926980e-25
1.764645996093750000e+04,9.568945724655433518e-25
1.765722656250000000e+04,9.509557513162727232e-25
1.766799316406250000e+04,9.450457617105251226e-25
1.767875976562500000e+04,9.391644774045797432e-25
1.768952636718750000e+04,9.333116902459588254e-25
1.770029296875000000e+04,9.274873526792284177e-25
1.771105957031250000e+04,9.216912627282446065e-25
1.772182617187500000e+04,9.159232989937164548e-25
1.773259277343750000e+04,9.101833384696888166e-25
1.774335937500000000e+04,9.044712989659948811e-25
1.775412597656250000e+04,8.987869493184467658e-25
1.776489257812500000e+04,8.931302479940266042e-25
1.777565917968750000e+04,8.875010305756204748e-25
1.778642578125000000e+04,8.818991297701374878e-25
1.779719238281250000e+04,8.763245048074164885e-25
1.780795898437500000e+04,8.707769739746475478e-25
1.781872558593750000e+04,8.652564037926069301e-25
1.782949218750000000e+04,8.597626887496863281e-25
1.784025878906250000e+04,8.542956923126529286e-25
1.785102539062500000e+04,8.488553027197319617e-25
1.786179199218750000e+04,8.434413962853949769e-25
1.787255859375000000e+04,8.380538729441689728e-25
1.788332519531250000e+04,8.326925743843476670e-25
1.789409179687500000e+04,8.273573507891490479e-25
1.790485839843750000e+04,8.220481291996999089e-25
1.791562500000000000e+04,8.167648389559131436e-25
1.792639160156250000e+04,8.115072010686416752e-25
1.793715820312500000e+04,8.062752175758492434e-25
1.794792480468750000e+04,8.010688019935862717e-25
1.795869140625000000e+04,7.958877985404781487e-25
1.796945800781250000e+04,7.907320384808988169e-25
1.798022460937500000e+04,7.856014586577652867e-25
1.799099121093750000e+04,7.804959127848344214e-25
1.800175781250000000e+04,7.754153644206784932e-25
1.801252441406250000e+04,7.703596208914839696e-25
1.802329101562500000e+04,7.653285034763790301e-25
1.803405761718750000e+04,7.603220889937638397e-25
1.804482421875000000e+04,7.553401474703220779e-25
1.805559082031250000e+04,7.503824969724436403e-25
1.806635742187500000e+04,7.454492022919144804e-25
1.807712402343750000e+04,7.405400522942739732e-25
1.808789062500000000e+04,7.356549325851038641e-25
1.809865722656250000e+04,7.307937241470203582e-25
1.810942382812500000e+04,7.259564113075872496e-25
1.812019042968750000e+04,7.211427699826677118e-25
1.813095703125000000e+04,7.163527706094166371e-25
1.814172363281250000e+04,7.115862461848518351e-25
1.815249023437500000e+04,7.068431583420850049e-25
1.816325683593750000e+04,7.021233536824830022e-25
1.817402343750000000e+04,6.974267523528848452e-25
1.818479003906250000e+04,6.927532440349460524e-25
1.819555664062500000e+04,6.881027179094175505e-25
1.820632324218750000e+04,6.834750777145866511e-25
1.821708984375000000e+04,6.788702325303055556e-25
1.822785644531250000e+04,6.742880343275791104e-25
1.823862304687500000e+04,6.697284592749370034e-25
1.824938964843750000e+04,6.651913817854100606e-25
1.826015625000000000e+04,6.606766394380572555e-25
1.827092285156250000e+04,6.561841644054720540e-25
1.828168945312500000e+04,6.517139215570113872e-25
1.829245605468750000e+04,6.472657468224379615e-25
1.830322265625000000e+04,6.428395990302120149e-25
1.831398925781250000e+04,6.384352604787143883e-25
1.832475585937500000e+04,6.340527644606344076e-25
1.833552246093750000e+04,6.296919719175622237e-25
1.834628906250000000e+04,6.253527619501920342e-25
1.835705566406250000e+04,6.210350954641994097e-25
1.836782226562500000e+04,6.167388556118899163e-25
1.837858886718750000e+04,6.124638780323915271e-25
1.838935546875000000e+04,6.082101882826639773e-25
1.840012207031250000e+04,6.039776151621849929e-25
1.841088867187500000e+04,5.997660605245225690e-25
1.842165527343750000e+04,5.955754717148807608e-25
1.843242187500000000e+04,5.914057638224610413e-25
1.844318847656250000e+04,5.872568246279430765e-25
1.845395507812500000e+04,5.831285590245901828e-25
1.846472167968750000e+04,5.790208617127932653e-25
1.847548828125000000e+04,5.749337275920089592e-25
1.848625488281250000e+04,5.708670005923937677e-25
1.849702148437500000e+04,5.668205791984399597e-25
1.850778808593750000e+04,5.627943862258672227e-25
1.851855468750000000e+04,5.587883718449901851e-25
1.852932128906250000e+04,5.548024101328588671e-25
1.854008789062500000e+04,5.508364450262150984e-25
1.855085449218750000e+04,5.468903749626932796e-25
1.856162109375000000e+04,5.429641540790352804e-25
1.857238769531250000e+04,5.390575880129142386e-25
1.858315429687500000e+04,5.351707005294871565e-25
1.859392089843750000e+04,5.313034241587560062e-25
1.860468750000000000e+04,5.274555278724411747e-25
1.861545410156250000e+04,5.236270702690328449e-25
1.862622070312500000e+04,5.198179669678327791e-25
1.863698730468750000e+04,5.160280750480212695e-25
1.864775390625000000e+04,5.122573149492128450e-25
1.865852050781250000e+04,5.085056491716582444e-25
1.866928710937500000e+04,5.047729565341052128e-25
1.868005371093750000e+04,5.010591934577533619e-25
1.869082031250000000e+04,4.973642351889807683e-25
1.870158691406250000e+04,4.936880888270218212e-25
1.871235351562500000e+04,4.900305667315977566e-25
1.872312011718750000e+04,4.863916553523976468e-25
1.873388671875000000e+04,4.827712622105766328e-25
1.874465332031250000e+04,4.791693268359553861e-25
1.875541992187500000e+04,4.755857602328590823e-25
1.876618652343750000e+04,4.720204533113983866e-25
1.877695312500000000e+04,4.684734093379256963e-25
1.878771972656250000e+04,4.649445147327631261e-25
1.879848632812500000e+04,4.614336372207457120e-25
1.880925292968750000e+04,4.579407512495866762e-25
1.882001953125000000e+04,4.544658339140710004e-25
1.883078613281250000e+04,4.510087413081095503e-25
1.884155273437500000e+04,4.475694356610261370e-25
1.885231933593750000e+04,4.441478226592023296e-25
1.886308593750000000e+04,4.407437990995077794e-25
1.887385253906250000e+04,4.373573793887352204e-25
1.888461914062500000e+04,4.339884489011720885e-25
1.889538574218750000e+04,4.306369313617236262e-25
1.890615234375000000e+04,4.273027465920767369e-25
1.891691894531250000e+04,4.239858310675741943e-25
1.892768554687500000e+04,4.206861234665765206e-25
1.893845214843750000e+04,4.174035448072765643e-25
1.894921875000000000e+04,4.141380650002026971e-25
1.895998535156250000e+04,4.108896235785265303e-25
1.897075195312500000e+04,4.076580296758278092e-25
1.898151855468750000e+04,4.044433072807166091e-25
1.899228515625000000e+04,4.012454236704446574e-25
1.900305175781250000e+04,3.980642570822576591e-25
1.901381835937500000e+04,3.948997422123325406e-25
1.902458496093750000e+04,3.917518469722836273e-25
1.903535156250000000e+04,3.886204589216692151e-25
1.904611816406250000e+04,3.855055801727515417e-25
1.905688476562500000e+04,3.824070692811538901e-25
1.906765136718750000e+04,3.793249111099619906e-25
1.907841796875000000e+04,3.762590588451616271e-25
1.908918457031250000e+04,3.732093511743975824e-25
1.909995117187500000e+04,3.701758144226068671e-25
1.911071777343750000e+04,3.671583953742395687e-25
1.912148437500000000e+04,3.641569857006076834e-25
1.913225097656250000e+04,3.611715326205048540e-25
1.914301757812500000e+04,3.582019749226258902e-25
1.915378417968750000e+04,3.552482533645406710e-25
1.916455078125000000e+04,3.523103085974111684e-25
1.917531738281250000e+04,3.493880972179400455e-25
1.918608398437500000e+04,3.464815228374580098e-25
1.919685058593750000e+04,3.435905428732011682e-25
1.920761718750000000e+04,3.407151409510309164e-25
1.921838378906250000e+04,3.378551785956798110e-25
1.922915039062500000e+04,3.350106206868091847e-25
1.923991699218750000e+04,3.321814730797082950e-25
1.925068359375000000e+04,3.293676213272756640e-25
1.926145019531250000e+04,3.265689919417381317e-25
1.927221679687500000e+04,3.237855225743293684e-25
1.928298339843750000e+04,3.210171948456983691e-25
1.929375000000000000e+04,3.182640010476950281e-25
1.930451660156250000e+04,3.155258062874432568e-25
1.931528320312500000e+04,3.128025386744278079e-25
1.932604980468750000e+04,3.100941580873228934e-25
1.933681640625000000e+04,3.074006705337884250e-25
1.934758300781250000e+04,3.047219736778229460e-25
1.935834960937500000e+04,3.020580103423168590e-25
1.936911621093750000e+04,2.994087186916014707e-25
1.937988281250000000e+04,2.967740791097826770e-25
1.939064941406250000e+04,2.941540204363943543e-25
1.940141601562500000e+04,2.915484697418867835e-25
1.941218261718750000e+04,2.889574087288829764e-25
1.942294921875000000e+04,2.863807731507263318e-25
1.943371582031250000e+04,2.838184817217562536e-25
1.944448242187500000e+04,2.812705169761067538e-25
1.945524902343750000e+04,2.787368130905308509e-25
1.946601562500000000e+04,2.762173264188049230e-25
1.947678222656250000e+04,2.737119971391111373e-25
1.948754882812500000e+04,2.712207931946946270e-25
1.949831542968750000e+04,2.687436261156166968e-25
1.950908203125000000e+04,2.662804699618091711e-25
1.951984863281250000e+04,2.638312852518407086e-25
1.953061523437500000e+04,2.613960229575844690e-25
1.954138183593750000e+04,2.589746001383296822e-25
1.955214843750000000e+04,2.565669839345720729e-25
1.956291503906250000e+04,2.541731401538025118e-25
1.957368164062500000e+04,2.517930258386695303e-25
1.958444824218750000e+04,2.494265631112649615e-25
1.959521484375000000e+04,2.470737332237319385e-25
1.960598144531250000e+04,2.447344931525884357e-25
1.961674804687500000e+04,2.424087276559459797e-25
1.962751464843750000e+04,2.400964606406072647e-25
1.963828125000000000e+04,2.377976564228101811e-25
1.964904785156250000e+04,2.355122313062015681e-25
1.965981445312500000e+04,2.332401025724254220e-25
1.967058105468750000e+04,2.309813174643472464e-25
1.968134765625000000e+04,2.287357536909211568e-25
1.969211425781250000e+04,2.265034139907516731e-25
1.970288085937500000e+04,2.242842121709407938e-25
1.971364746093750000e+04,2.220781324621598495e-25
1.972441406250000000e+04,2.198851230173815730e-25
1.973518066406250000e+04,2.177051649102372857e-25
1.974594726562500000e+04,2.155381714260773693e-25
1.975671386718750000e+04,2.133841156925677674e-25
1.976748046875000000e+04,2.112429683620852753e-25
1.977824707031250000e+04,2.091146564373591181e-25
1.978901367187500000e+04,2.069991804876104964e-25
1.979978027343750000e+04,2.048964838311957916e-25
1.981054687500000000e+04,2.028064823903757541e-25
1.982131347656250000e+04,2.007291827937351102e-25
1.983208007812500000e+04,1.986644951977131693e-25
1.984284667968750000e+04,1.966124559112962034e-25
1.985361328125000000e+04,1.945729892917918467e-25
1.986437988281250000e+04,1.925460142841031462e-25
1.987514648437500000e+04,1.905315532173253977e-25
1.988591308593750000e+04,1.885294855822438823e-25
1.989667968750000000e+04,1.865398281718507980e-25
1.990744628906250000e+04,1.845625886593243292e-25
1.991821289062500000e+04,1.825976483043620791e-25
1.992897949218750000e+04,1.806449846287339446e-25
1.993974609375000000e+04,1.787045732906269043e-25
1.995051269531250000e+04,1.767763616264238011e-25
1.996127929687500000e+04,1.748602934844243589e-25
1.997204589843750000e+04,1.729564284303066506e-25
1.998281250000000000e+04,1.710646725433298704e-25
1.999357910156250000e+04,1.691848853628047007e-25
2.000434570312500000e+04,1.673170911038729144e-25
2.001511230468750000e+04,1.654613869441129835e-25
2.002587890625000000e+04,1.636176217839939151e-25
2.003664550781250000e+04,1.617857070186981747e-25
2.004741210937500000e+04,1.599656406703977653e-25
2.005817871093750000e+04,1.581575279717080860e-25
2.006894531250000000e+04,1.563612009938826974e-25
2.007971191406250000e+04,1.545765331591924760e-25
2.009047851562500000e+04,1.528036125014076755e-25
2.010124511718750000e+04,1.510424843761116070e-25
2.011201171875000000e+04,1.492930019674797839e-25
2.012277832031250000e+04,1.475550986918106998e-25
2.013354492187500000e+04,1.458288161116610629e-25
2.014431152343750000e+04,1.441140447027586311e-25
2.015507812500000000e+04,1.424108520454848288e-25
2.016584472656250000e+04,1.407191837528259606e-25
2.017661132812500000e+04,1.390389363471688106e-25
2.018737792968750000e+04,1.373701180654870769e-25
2.019814453125000000e+04,1.357126781800016784e-25
2.020891113281250000e+04,1.340666266829072255e-25
2.021967773437500000e+04,1.324319037487455265e-25
2.023044433593750000e+04,1.308084861517449655e-25
2.024121093750000000e+04,1.291963426021488697e-25
2.025197753906250000e+04,1.275954035248357834e-25
2.026274414062500000e+04,1.260056446770633951e-25
2.027351074218750000e+04,1.244271078878243782e-25
2.028427734375000000e+04,1.228597191320039854e-25
2.029504394531250000e+04,1.213034229264023867e-25
2.030581054687500000e+04,1.197581901217706003e-25
2.031657714843750000e+04,1.182240350777838042e-25
2.032734375000000000e+04,1.167008946308703719e-25
2.033811035156250000e+04,1.151887362033347506e-25
2.034887695312500000e+04,1.136875669534110209e-25
2.035964355468750000e+04,1.121973133976997113e-25
2.037041015625000000e+04,1.107179614238931622e-25
2.038117675781250000e+04,1.092494857342342498e-25
2.039194335937500000e+04,1.077918473516299994e-25
2.040270996093750000e+04,1.063450484900089739e-25
2.041347656250000000e+04,1.049090488596058152e-25
2.042424316406250000e+04,1.034837708150326694e-25
2.043500976562500000e+04,1.020692506000774275e-25
2.044577636718750000e+04,1.006654432370247065e-25
2.045654296875000000e+04,9.927230524310054984e-26
2.046730957031250000e+04,9.788983172718366010e-26
2.047807617187500000e+04,9.651797271184903415e-26
2.048884277343750000e+04,9.515673021243519886e-26
2.049960937500000000e+04,9.380604414842190361e-26
2.051037597656250000e+04,9.246589739845864029e-26
2.052114257812500000e+04,9.113629985624116928e-26
2.053190917968750000e+04,8.981718826248294958e-26
2.054267578125000000e+04,8.850853999802360759e-26
2.055344238281250000e+04,8.721034379497824624e-26
2.056420898437500000e+04,8.592257190572394248e-26
2.057497558593750000e+04,8.464518956496136330e-26
2.058574218750000000e+04,8.337818391658967262e-26
2.059650878906250000e+04,8.212150614397070609e-26
2.060727539062500000e+04,8.087515475911924310e-26
2.061804199218750000e+04,7.963911252837429150e-26
2.062880859375000000e+04,7.841335026999149904e-26
2.063957519531250000e+04,7.719782308210241902e-26
2.065034179687500000e+04,7.599253134007584872e-26
2.066110839843750000e+04,7.479744365144661806e-26
2.067187500000000000e+04,7.361251529626851817e-26
2.068264160156250000e+04,7.243776511171073188e-26
2.069340820312500000e+04,7.127315277593475582e-26
2.070417480468750000e+04,7.011867360048401200e-26
2.071494140625000000e+04,6.897424818347202694e-26
2.072570800781250000e+04,6.783989670444012706e-26
2.073647460937500000e+04,6.671560582644294843e-26
2.074724121093750000e+04,6.560133973944342642e-26
2.075800781250000000e+04,6.449707248111579024e-26
2.076877441406250000e+04,6.340279359308437844e-26
2.077954101562500000e+04,6.231847465004712813e-26
2.079030761718750000e+04,6.124408605534003925e-26
2.080107421875000000e+04,6.017962916103589626e-26
2.081184082031250000e+04,5.912507170377312002e-26
2.082260742187500000e+04,5.808038926336806771e-26
2.083337402343750000e+04,5.704556691084811408e-26
2.084414062500000000e+04,5.602057775961504912e-26
2.085490722656250000e+04,5.500542662257926219e-26
2.086567382812500000e+04,5.400007409232160131e-26
2.087644042968750000e+04,5.300450477523081340e-26
2.088720703125000000e+04,5.201868628557588676e-26
2.089797363281250000e+04,5.104261974375982719e-26
2.090874023437500000e+04,5.007628410811900030e-26
2.091950683593750000e+04,4.911964824918614444e-26
2.093027343750000000e+04,4.817269545466895859e-26
2.094104003906250000e+04,4.723542016020752711e-26
2.095180664062500000e+04,4.630779270349524351e-26
2.096257324218750000e+04,4.538980726801460879e-26
2.097333984375000000e+04,4.448142680770971381e-26
2.098410644531250000e+04,4.358266478994152783e-26
2.099487304687500000e+04,4.269347544190378879e-26
2.100563964843750000e+04,4.181384664437849882e-26
2.101640625000000000e+04,4.094376856260025329e-26
2.102717285156250000e+04,4.008323728221878744e-26
2.103793945312500000e+04,3.923221288917510477e-26
2.104870605468750000e+04,3.839068839804588078e-26
2.105947265625000000e+04,3.755864832137995894e-26
2.107023925781250000e+04,3.673607967766806758e-26
2.108100585937500000e+04,3.592295820230409643e-26
2.109177246093750000e+04,3.511927128140737703e-26
2.110253906250000000e+04,3.432501343379666848e-26
2.111330566406250000e+04,3.354016432590153289e-26
2.112407226562500000e+04,3.276470443075881798e-26
2.113483886718750000e+04,3.199861598727997636e-26
2.114560546875000000e+04,3.124189412797966465e-26
2.115637207031250000e+04,3.049451269333614463e-26
2.116713867187500000e+04,2.975647252743589860e-26
2.117790527343750000e+04,2.902775106726707956e-26
2.118867187500000000e+04,2.830834543540865763e-26
2.119943847656250000e+04,2.759821543613881186e-26
2.121020507812500000e+04,2.689736734974670179e-26
2.122097167968750000e+04,2.620579227623342133e-26
2.123173828125000000e+04,2.552347001612011191e-26
2.124250488281250000e+04,2.485038883979481844e-26
2.125327148437500000e+04,2.418652204072215254e-26
2.126403808593750000e+04,2.353187448190916274e-26
2.127480468750000000e+04,2.288643955633658828e-26
2.128557128906250000e+04,2.225018586990203019e-26
2.129633789062500000e+04,2.162310133567027907e-26
2.130710449218750000e+04,2.100519194914159258e-26
2.131787109375000000e+04,2.039644088840336879e-26
2.132863769531250000e+04,1.979681867479677922e-26
2.133940429687500000e+04,1.920633425928542115e-26
2.135017089843750000e+04,1.862497167483858102e-26
2.136093750000000000e+04,1.805272105070634907e-26
2.137170410156250000e+04,1.748955709444242816e-26
2.138247070312500000e+04,1.693549481736468538e-26
2.139323730468750000e+04,1.639049992109047537e-26
2.140400390625000000e+04,1.585457119572382164e-26
2.141477050781250000e+04,1.532770174250342066e-26
2.142553710937500000e+04,1.480988002242291127e-26
2.143630371093750000e+04,1.430108637341128732e-26
2.144707031250000000e+04,1.380132891799932539e-26
2.145783691406250000e+04,1.331059108450717506e-26
2.146860351562500000e+04,1.282885425581344778e-26
2.147937011718750000e+04,1.235611990817659980e-26
2.149013671875000000e+04,1.189237139207065741e-26
2.150090332031250000e+04,1.143761155885818066e-26
2.151166992187500000e+04,1.099182285762389941e-26
2.152243652343750000e+04,1.055499543532694728e-26
2.153320312500000000e+04,1.012712188040450516e-26
2.154396972656250000e+04,9.708205069734704465e-27
2.155473632812500000e+04,9.298219697745543537e-27
2.156550292968750000e+04,8.897172385826842199e-27
2.157626953125000000e+04,8.505044478603183338e-27
2.158703613281250000e+04,8.121838444292402994e-27
2.159780273437500000e+04,7.747544656709639229e-27
2.160856933593750000e+04,7.382152385763833393e-27
2.161933593750000000e+04,7.025655041955990194e-27
2.163010253906250000e+04,6.678045975189413411e-27
2.164086914062500000e+04,6.339322700715242021e-27
2.165163574218750000e+04,6.009472953493878603e-27
2.166240234375000000e+04,5.688497417740982865e-27
2.167316894531250000e+04,5.376382501729249659e-27
2.168393554687500000e+04,5.073129005959470196e-27
2.169470214843750000e+04,4.778727158469435501e-27
2.170546875000000000e+04,4.493171030745089968e-27
2.171623535156250000e+04,4.216461725299141451e-27
2.172700195312500000e+04,3.948583729058934836e-27
2.173776855468750000e+04,3.689540006631444617e-27
2.174853515625000000e+04,3.439323152104374245e-27
2.175930175781250000e+04,3.197926913240482018e-27
2.177006835937500000e+04,2.965348647958963393e-27
2.178083496093750000e+04,2.741582240305831641e-27
2.179160156250000000e+04,2.526626242038625603e-27
2.180236816406250000e+04,2.320473257032215125e-27
2.181313476562500000e+04,2.123122701221478256e-27
2.182390136718750000e+04,1.934570745068922875e-27
2.183466796875000000e+04,1.754812052609988666e-27
2.184543457031250000e+04,1.583840132664333120e-27
2.185620117187500000e+04,1.421658171059913981e-27
2.186696777343750000e+04,1.268260365560785315e-27
2.187773437500000000e+04,1.123640437921155175e-27
2.188850097656250000e+04,9.878019211781007786e-28
2.189926757812500000e+04,8.607373816666843756e-28
2.191003417968750000e+04,7.424483676047198840e-28
2.192080078125000000e+04,6.329294181705441772e-28
2.193156738281250000e+04,5.321793453961655064e-28
2.194233398437500000e+04,4.401962964271044293e-28
2.195310058593750000e+04,3.569790636371494337e-28
2.196386718750000000e+04,2.825257954159531793e-28
2.197463378906250000e+04,2.168349492303221893e-28
2.198540039062500000e+04,1.599054356148085960e-28
2.199616699218750000e+04,1.117360164888905962e-28
2.200693359375000000e+04,7.232606026568322879e-29
2.201770019531250000e+04,4.167496323372963907e-29
2.202846679687500000e+04,1.978247877041703819e-29
2.203923339843750000e+04,6.645486797483329145e-30
2.205000000000000000e+04,1.133304266222948746e-30
